smiles,DSSTox_CID,Formula,FW,target
C[n+]1c2cc(N)ccc2cc2ccc(N)cc21.Nc1ccc2cc3ccc(N)cc3nc2c1.[Cl-],25848.0,C27H25ClN6,468.9806 (35.4535+224.2805+209.2465),0.0
O=C([O-])c1ccccc1-c1c2cc(Br)c(=O)c(Br)c-2oc2c(Br)c([O-])c(Br)cc12.[Na+].[Na+],5234.0,C20H6Br4Na2O5,691.8542 (645.8757+22.9892+22.9892),0.0
CO[C@@H]1[C@@H](OC)[C@H](C)[C@@](O)(CC(=O)[O-])O[C@H]1[C@H](C)[C@H]1O[C@@]2(CC[C@@](C)([C@H]3CC[C@@](C)([C@@H]4O[C@@H]([C@H]5O[C@](C)(O)[C@H](C)C[C@@H]5C)C[C@@H]4OC4C[C@H](OC)[C@@H](OC)[C@H](C)O4)O3)O2)C[C@H](O)[C@H]1C.[NH4+],28909.0,C47H83NO17,934.1584 (916.1205+18.0379),0.0
CN(C)c1ccc(C(=C2C=CC(=[N+](C)C)C=C2)c2ccccc2)cc1.CN(C)c1ccc(C(=C2C=CC(=[N+](C)C)C=C2)c2ccccc2)cc1.O=C(O)C(=O)O.O=C([O-])C(=O)O.O=C([O-])C(=O)O,5513.0,C52H54N4O12,927.0048 (329.4575+89.0275+89.0275+329.4575+90.0349),1.0
Cc1ccc([N+](=O)[O-])[c]2c1[O][Hg]2,31427.0,C7H5HgNO3,351.7095,1.0
CCN(CC)C(=S)SSC(=S)N(CC)CC,1322.0,C10H20N2S4,296.5392,1.0
Cl.O[C@@H](CNC[C@H](O)[C@H]1CCc2cc(F)ccc2O1)[C@@H]1CCc2cc(F)ccc2O1,28991.0,C22H26ClF2NO4,441.8959 (405.4350+36.4609),0.0
C[C@@H]1O[C@@H](O[C@H]2C[C@@H](O)[C@]3(CO)[C@H]4[C@H](O)C[C@]5(C)[C@@H](C6=CC(=O)OC6)CC[C@]5(O)[C@@H]4CC[C@]3(O)C2)[C@H](O)[C@H](O)[C@H]1O,23765.0,C29H44O12,584.6525,0.0
CN(C)c1ccc(C(=C2C=CC(=[N+](C)C)C=C2)c2ccc(N(C)C)cc2)cc1.[Cl-],653.0,C25H30ClN3,407.9788 (372.5253+35.4535),1.0
Clc1ccc(CO/N=C(\Cn2ccnc2)c2ccc(Cl)cc2Cl)c(Cl)c1.O=[N+]([O-])O,25943.0,C18H14Cl4N4O4,492.1402 (63.0128+429.1273),1.0
C#C[C@]1(O)CC[C@H]2[C@@H]3CCC4=Cc5oncc5C[C@]4(C)[C@H]3CC[C@@]21C,2880.0,C22H27NO2,337.4553,0.0
C[n+]1cc2c3c(ccc2c2ccc4cc5c(cc4c21)OCO5)OCO3,25204.0,C20H14NO4,332.3289,1.0
Cc1cc(C2CCCCC2)n(O)c(=O)c1.NCCO,25583.0,C14H24N2O3,268.3520 (207.2689+61.0831),1.0
COC(=O)C1=C(C)NC(C)=C(C(=O)OCCN(C)Cc2ccccc2)C1c1cccc([N+](=O)[O-])c1,3363.0,C26H29N3O6,479.525,1.0
COC(=O)C1=C(C)NC(C)=C(C(=O)OCCN2CCN(C(c3ccccc3)c3ccccc3)CC2)C1c1cccc([N+](=O)[O-])c1.Cl.Cl,796.0,C35H40Cl2N4O6,683.6213 (610.6994+36.4609+36.4609),0.0
CN1CCCC(CC2c3ccccc3Sc3ccccc32)C1.Cl,25359.0,C20H24ClNS,345.9293 (309.4683+36.4609),0.0
Cl.O[C@@H](c1cc(C(F)(F)F)nc2c(C(F)(F)F)cccc12)[C@H]1CCCCN1,27796.0,C17H17ClF6N2O,414.7731 (378.3122+36.4609),0.0
Cl.O=C(c1ccc(OCCN2CCCCC2)cc1)c1c(-c2ccc(O)cc2)sc2cc(O)ccc12,14181.0,C28H28ClNO4S,510.0442 (473.5833+36.4609),0.0
CN(C)C(=S)SC(=S)N(C)C,1333.0,C6H12N2S3,208.3679,1.0
CN(C)C(=S)SSC(=S)N(C)C,1332.0,C6H12N2S4,240.4329,1.0
CN(C)CCCN1c2ccccc2Sc2ccc(Cl)cc21,2808.0,C17H19ClN2S,318.8642,0.0
CN(C)[C@@H]1C(O)=C(C(N)=O)C(=O)[C@@]2(O)C(O)=C3C(=O)c4c(O)cccc4C[C@H]3C[C@@H]12,31625.0,C21H22N2O7,414.4086,0.0
CC(O)C(=O)O.CCOc1ccc2nc3cc(N)ccc3c(N)c2c1.O,26274.0,C18H23N3O5,361.3923 (253.2991+90.0779+18.0153),1.0
CCCCCCOC(=O)/N=C(/N)c1ccc(NCc2nc3cc(C(=O)N(CCC(=O)OCC)c4ccccn4)ccc3n2C)cc1,31470.0,C34H41N7O5,627.7332,0.0
C[C@H]1O[C@@H](O[C@H]2CC[C@@]3(C)[C@H](CC[C@@H]4[C@@H]3C[C@@H](O)[C@]3(C)[C@@H](C5=CC(=O)OC5)CC[C@]43O)C2)C[C@H](O)[C@@H]1O[C@H]1C[C@H](O)[C@H](O[C@H]2C[C@H](O)[C@H](O[C@@H]3O[C@H](CO)[C@@H](O)[C@H](O)[C@H]3O)[C@@H](C)O2)[C@@H](C)O1,2897.0,C47H74O19,943.0791,0.0
C[C@H]1O[C@@H](O[C@H]2[C@@H](O)C[C@H](O[C@H]3[C@@H](O)C[C@H](O[C@H]4CC[C@@]5(C)[C@H](CC[C@@H]6[C@@H]5CC[C@]5(C)[C@@H](C7=CC(=O)OC7)CC[C@]65O)C4)O[C@@H]3C)O[C@@H]2C)C[C@H](O)[C@@H]1O,2933.0,C41H64O13,764.9391,0.0
C[C@@H]1O[C@@H](O[C@@H]2C=C3CC[C@@H]4[C@H](CC[C@]5(C)[C@@H](c6ccc(=O)oc6)CC[C@]45O)[C@@]3(C)CC2)[C@H](O)[C@H](O)[C@H]1O,3532.0,C30H42O8,530.6497,0.0
O=C(Nc1ccc(Br)cc1)c1cc(Br)cc(Br)c1O,6181.0,C13H8Br3NO2,449.9201,1.0
Cc1cc(O)c2c3c4c(cc(O)c13)C(C)(C)C(=O)c1c(O)cc(O)c(c1-4)C2=O,26101.0,C22H16O6,376.3588,0.0
Clc1ccc(CSC(Cn2ccnc2)c2ccc(Cl)cc2Cl)cc1.O=[N+]([O-])O,25490.0,C18H16Cl3N3O3S,460.7619 (397.7491+63.0128),1.0
CC[C@@]1(O)C(=O)OCc2c1cc1n(c2=O)Cc2c-1nc1ccccc1c2/C=N/OC(C)(C)C,31491.0,C25H25N3O5,447.4831,1.0
COCC(=O)O[C@]1(CCN(C)CCCc2nc3ccccc3[nH]2)CCc2cc(F)ccc2[C@@H]1C(C)C.Cl.Cl,24204.0,C29H40Cl2FN3O3,568.5506 (495.6287+36.4609+36.4609),0.0
CCCCCCCCCCOCC(O)CN.Cl,26529.0,C13H30ClNO2,267.8358 (231.3749+36.4609),0.0
Clc1ccc(C(Cn2ccnc2)OCc2ccsc2Cl)c(Cl)c1,26619.0,C16H13Cl3N2OS,387.7112,1.0
CN1CCC[C@@H]1CCO[C@](C)(c1ccccc1)c1ccc(Cl)cc1.O=C(O)/C=C/C(=O)O,27765.0,C25H30ClNO5,459.9624 (343.8902+116.0722),0.0
CSc1ccc2c(c1)N(CCC1CCCCN1C)c1ccccc1S2,3656.0,C21H26N2S2,370.5745,0.0
COc1ccc2cc1Oc1ccc(cc1)C[C@H]1c3c(cc4c(c3Oc3cc5c(cc3OC)CCN(C)[C@@H]5C2)OCO4)CCN1C,25957.0,C37H38N2O6,606.7074,0.0
OCCN1CCN(CC/C=C2/c3ccccc3Sc3ccc(C(F)(F)F)cc32)CC1,26310.0,C23H25F3N2OS,434.5176,0.0
O=C1NCCN1CCN1CCC(c2cn(-c3ccc(F)cc3)c3ccc(Cl)cc23)CC1,28893.0,C24H26ClFN4O,440.9408,0.0
NC(=O)n1c(O)c(C(=O)c2cccs2)c2cc(Cl)ccc21,26104.0,C14H9ClN2O3S,320.7509,0.0
CCN(CC)CCNC(=O)C1C(C)=NC(/C=C2\C(=O)Nc3ccc(F)cc32)=C1C.O=C(O)CC(O)C(=O)O,26492.0,C26H33FN4O7,532.5612 (398.4738+134.0874),0.0
Nc1ccc2cc3ccc(N)cc3nc2c1.Nc1ccc2cc3ccc(N)cc3nc2c1.O=S(=O)(O)O,23777.0,C26H24N6O4S,516.5716 (209.2465+209.2465+98.0785),0.0
Cc1cc(O)c2ccccc2c1O,3247.0,C11H10O2,174.1959,1.0
Cc1ccc(C(=O)c2cc(O)c(O)c([N+](=O)[O-])c2)cc1,3685.0,C14H11NO5,273.2408,0.0
CCCCCCCCCCCCCCCC[N+](C)(C)C.[Br-],17028.0,C19H42BrN,364.4475 (284.5429+79.9045),0.0
Clc1ccc(CCC(Cn2ccnc2)Sc2c(Cl)cccc2Cl)cc1.O=[N+]([O-])O,25452.0,C19H18Cl3N3O3S,474.7885 (411.7757+63.0128),1.0
C#C[C@]1(O)CC[C@H]2[C@@H]3CCc4cc(OC5CCCC5)ccc4[C@H]3CC[C@@]21C,26553.0,C25H32O2,364.5204,0.0
CC(C)=CCC/C(C)=C/CC/C(C)=C/C(=O)OCC(=O)[C@@]1(O)CC[C@H]2[C@@H]3CCC4=CC(=O)C=C[C@]4(C)[C@H]3[C@@H](O)C[C@@]21C,31414.0,C36H50O6,578.7786,0.0
c1ccc(-c2ccc(C(c3ccccc3)n3ccnc3)cc2)cc1,25631.0,C22H18N2,310.3917,1.0
CCCCN(CCCC)CC(O)c1cc(Cl)cc2c1-c1ccc(Cl)cc1/C2=C/c1ccc(Cl)cc1,26663.0,C30H32Cl3NO,528.9402,0.0
CCN(CC)CCNc1ccc(CO)c2sc3ccccc3c(=O)c12,3128.0,C20H24N2O2S,356.4818,0.0
CCC(=O)c1ccc2c(c1)N(CCCN(C)C)c1ccccc1S2.Cl,25187.0,C20H25ClN2OS,376.9433 (340.4824+36.4609),0.0
C[C@@H]1CN(CCCn2c3ccccc3c3ccccc32)C[C@H](C)N1.Cl.Cl,25681.0,C21H29Cl2N3,394.3811 (321.4592+36.4609+36.4609),0.0
CN1CCN(CCCN2c3ccccc3Sc3ccc(C(F)(F)F)cc32)CC1.Cl.Cl,25085.0,C21H26Cl2F3N3S,480.4174 (407.4956+36.4609+36.4609),0.0
Cl.O=C(c1ccc(F)cc1)C1CCN(CCn2c(=S)[nH]c3ccccc3c2=O)CC1,22592.0,C22H23ClFN3O2S,447.9533 (411.4924+36.4609),1.0
O=c1[nH]sc2cc(Cl)ccc12,31598.0,C7H4ClNOS,185.6308,1.0
Clc1ccc(C(Cn2ccnc2)OCc2c(Cl)cccc2Cl)c(Cl)c1,25447.0,C18H14Cl4N2O,416.1286,1.0
CN(C)CC/C=C1\c2ccccc2Sc2ccc(Cl)cc21,2810.0,C18H18ClNS,315.8602,0.0
CN(C)CCCN1c2ccccc2CCc2ccccc21,23881.0,C19H24N2,280.4073,0.0
CO[C@H]1/C=C/O[C@@]2(C)Oc3c(C)c(O)c4c(O)c(c(/C=N/N5CCN(C)CC5)c(O)c4c3C2=O)NC(=O)/C(C)=C\C=C\[C@H](C)[C@H](O)[C@@H](C)[C@@H](O)[C@@H](C)[C@H](OC(C)=O)[C@@H]1C,1244.0,C43H58N4O12,822.9402,0.0
CN1CCN(CCC(=O)N2c3ccccc3Sc3ccc(C(F)(F)F)cc32)CC1,26180.0,C21H22F3N3OS,421.4791,0.0
COc1ccc(CCN2CCC(Nc3nc4ccccc4n3Cc3ccc(F)cc3)CC2)cc1,110.0,C28H31FN4O,458.5703,0.0
CN1CCN(CCCN2c3ccccc3Sc3ccc(Cl)cc32)CC1.O=C(O)/C=C\C(=O)O.O=C(O)/C=C\C(=O)O,28941.0,C28H32ClN3O8S,606.0870 (373.9427+116.0722+116.0722),0.0
C=C(c1ccc(C(=O)O)cc1)c1cc2c(cc1C)C(C)(C)CCC2(C)C,20619.0,C24H28O2,348.4779,1.0
CC1=NN(c2ccc(C)c(C)c2)C(=O)/C1=N/Nc1cccc(-c2cccc(C(=O)O)c2)c1O,31542.0,C25H22N4O4,442.4666,1.0
CC[C@]1(O)C[C@H]2C[N@](CCc3c([nH]c4ccccc34)[C@@](C(=O)OC)(c3cc4c(cc3OC)N(C=O)[C@H]3[C@@](O)(C(=O)OC)[C@H](OC(C)=O)[C@]5(CC)C=CCN6CC[C@]43[C@@H]65)C2)C1,12278.0,C46H56N4O10,824.9576,0.0
Oc1c(Cl)cc(Cl)c2cccnc12,2801.0,C9H5Cl2NO,214.0481,1.0
COC(=O)[C@H]1[C@H]2C[C@@H]3c4[nH]c5cc(OC)ccc5c4CCN3C[C@H]2C[C@@H](OC(=O)/C=C/c2ccc(O)c(OC)c2)[C@@H]1OC,31604.0,C33H38N2O8,590.6634,0.0
COc1cccc2c1C(=O)c1c(O)c3c(c(O)c1C2=O)C[C@@](O)(C(=O)CO)C[C@@H]3O[C@H]1C[C@H](N)[C@H](O[C@@H]2CCCCO2)[C@H](C)O1,26755.0,C32H37NO12,627.6357,0.0
OCCN1CCN(CCCN2c3ccccc3Sc3ccc(Cl)cc32)CC1,3441.0,C21H26ClN3OS,403.9686,0.0
O=[N+]([O-])c1ccc(O)c2ncccc12,26284.0,C9H6N2O3,190.1555,1.0
Clc1ccc(COC(Cn2ccnc2)c2ccc(Cl)cc2Cl)cc1.O=[N+]([O-])O,5226.0,C18H16Cl3N3O4,444.6963 (63.0128+381.6835),1.0
CCCCCCCCCCCCCCCCOP(=O)([O-])OCC[N+](C)(C)C,25942.0,C21H46NO4P,407.568,0.0
C/C(=C(/OCCOc1ccc(Cl)cc1)c1ccc(Cl)cc1Cl)n1ccnc1,31607.0,C20H17Cl3N2O2,423.7202,1.0
Cc1nc(Nc2ncc(C(=O)Nc3c(C)cccc3Cl)s2)cc(N2CCN(CCO)CC2)n1,20979.0,C22H26ClN7O2S,488.0055,0.0
CCN(CC)CCOc1ccc2c(c1)C(=O)c1cc(OCCN(CC)CC)ccc1-2,25958.0,C25H34N2O3,410.5491,0.0
C[C@H]1c2cccc(O)c2C(=O)C2=C(O)[C@]3(O)C(=O)C(C(N)=O)=C(O)[C@@H](N(C)C)[C@@H]3[C@@H](O)[C@@H]21.Cl,25405.0,C22H25ClN2O8,480.8955 (444.4346+36.4609),0.0
CN(C)[C@@H]1C(O)=C(C(N)=O)C(=O)[C@@]2(O)C(O)=C3C(=O)c4c(O)cccc4[C@@](C)(O)[C@H]3C[C@@H]12.Cl,1321.0,C22H25ClN2O8,480.8955 (36.4609+444.4346),0.0
Cl.O=C(Nc1ccccc1)OCC(CN1CCCCC1)OC(=O)Nc1ccccc1,25324.0,C22H28ClN3O4,433.9284 (397.4675+36.4609),0.0
CCOC(=O)[C@H](CCc1ccccc1)N[C@H]1CCc2ccccc2N(CC(=O)O)C1=O.Cl,25922.0,C24H29ClN2O5,460.9505 (424.4895+36.4609),1.0
Oc1c(Cl)cc(Cl)c(Cl)c1Cc1c(O)c(Cl)cc(Cl)c1Cl,690.0,C13H6Cl6O2,406.9035,1.0
O=C(Nc1ccc(Oc2ccc(Cl)cc2)c(Cl)c1)c1cc(I)cc(I)c1O,26227.0,C19H11Cl2I2NO3,626.0105,1.0
Oc1cc(Cl)ccc1Oc1ccc(Cl)cc1Cl,12498.0,C12H7Cl3O2,289.5418,1.0
O=C(Nc1ccc(Cl)cc1)Nc1ccc(Cl)c(Cl)c1,6214.0,C13H9Cl3N2O,315.5824,0.0
C[C@]12CC[C@@H]3c4ccc(OC(=O)N(CCCl)CCCl)cc4CC[C@H]3[C@@H]1CC[C@@H]2O,26458.0,C23H31Cl2NO3,440.4031,0.0
CN1CCN(C2=Nc3cc(Cl)ccc3Nc3ccccc32)CC1,2855.0,C18H19ClN4,326.8233,0.0
CNCCCCOc1ccccc1Cc1ccccc1,25663.0,C18H23NO,269.3813,0.0
CC[C@H]1CN2CCc3cc(OC)c(OC)cc3[C@@H]2C[C@@H]1C[C@H]1NCCc2cc(OC)c(OC)cc21,2980.0,C29H40N2O4,480.6389,0.0
CO[C@@]12[C@H](COC(N)=O)C3=C(C(=O)C(C)=C(N)C3=O)N1C[C@@H]1N[C@@H]12,898.0,C15H18N4O5,334.3272,0.0
CN(Cc1cnc2nc(N)nc(N)c2n1)c1ccc(C(=O)N[C@@H](CCC(=O)O)C(=O)O)cc1,822.0,C20H22N8O5,454.4393,0.0
CCC1=C[C@@H]2C[N@](C1)Cc1c([nH]c3ccccc13)[C@@](C(=O)OC)(c1cc3c(cc1OC)N(C)[C@H]1[C@@](O)(C(=O)OC)[C@H](OC(C)=O)[C@]4(CC)C=CCN5CC[C@]31[C@@H]54)C2.O=C(O)C(O)C(O)C(=O)O.O=C(O)C(O)C(O)C(=O)O,27802.0,C53H66N4O20,1079.1059 (778.9323+150.0868+150.0868),0.0
COc1c(C)c2c(c(O)c1C/C=C(\C)CCC(=O)O)C(=O)OC2,21070.0,C17H20O6,320.3371,0.0
COC1=CC(=O)C[C@@H](C)[C@]12Oc1c(Cl)c(OC)cc(OC)c1C2=O,674.0,C17H17ClO6,352.7663,0.0
C[C@@H]1C[C@@H]([C@H](O)CC2CC(=O)NC(=O)C2)C(=O)[C@@H](C)C1,4882.0,C15H23NO4,281.3474,0.0
O=c1[nH]c2ccccc2n1CCCN1CCN(C(c2ccccc2)c2ccccc2)CC1,25181.0,C27H30N4O,426.5533,0.0
COc1ccccc1N1CCN(CC(O)COc2cccc3ccccc23)CC1,25176.0,C24H28N2O3,392.4907,0.0
Cc1ccc2c(Br)cc(Br)c(O)c2n1,26235.0,C10H7Br2NO,316.9767,1.0
O=S(c1cc(Cl)cc(Cl)c1O)c1cc(Cl)cc(Cl)c1O,26225.0,C12H6Cl4O3S,372.0512,1.0
CC(C)c1c(C(=O)Nc2ccccc2)c(-c2ccccc2)c(-c2ccc(F)cc2)n1CC[C@@H](O)C[C@@H](O)CC(=O)[O-].CC(C)c1c(C(=O)Nc2ccccc2)c(-c2ccccc2)c(-c2ccc(F)cc2)n1CC[C@@H](O)C[C@@H](O)CC(=O)[O-].[Ca+2],24303.0,C66H68CaF2N4O10,1155.3417 (557.6324+557.6324+40.0769),0.0
O=C1c2ccccc2C(=O)C1c1ccc(Br)cc1,26244.0,C15H9BrO2,301.1348,0.0
CC(=O)O[C@]1(C(C)=O)CC[C@H]2[C@@H]3C[C@H](C)C4=CC(=O)CC[C@]4(C)[C@H]3CC[C@@]21C,5527.0,C24H34O4,386.5244,0.0
CC(=O)[C@H]1CC[C@H]2[C@@H]3CC=C4C[C@@H](O)CC[C@]4(C)[C@H]3CC[C@]12C,16541.0,C21H32O2,316.4776,0.0
CC(C)(C)CC(C)(C)c1ccc(O)c(-n2nc3ccccc3n2)c1,7522.0,C20H25N3O,323.432,0.0
CC(C)c1nc(CN(C)C(=O)N[C@H](C(=O)N[C@@H](Cc2ccccc2)C[C@H](O)[C@H](Cc2ccccc2)NC(=O)OCc2cncs2)C(C)C)cs1,28553.0,C37H48N6O5S2,720.9442,0.0
Cc1nc(-c2ccc(OCC(C)C)c(C#N)c2)sc1C(=O)O,28576.0,C16H16N2O3S,316.3748,0.0
CC(C)COCC(CN(Cc1ccccc1)c1ccccc1)N1CCCC1,2663.0,C24H34N2O,366.5396,0.0
CCCCC(CC)COC(=O)C(C#N)=C(c1ccccc1)c1ccccc1,5299.0,C24H27NO2,361.4767,0.0
CCCN(CCC)C(=O)Cc1c(-c2ccc(Cl)cc2)nc2ccc(Cl)cn12,28972.0,C21H23Cl2N3O,404.3328,0.0
CCC(CN)=C(c1ccccc1)c1ccccc1.Cl,31411.0,C17H20ClN,273.8004 (237.3395+36.4609),0.0
Cl.Clc1ccc(C(OCCN2CCCCC2)c2ccccc2)cc1,25413.0,C20H25Cl2NO,366.3246 (329.8637+36.4609),0.0
CN1CC[C@H](c2c(O)cc(O)c3c(=O)cc(-c4ccccc4Cl)oc23)[C@H](O)C1.Cl,28887.0,C21H21Cl2NO5,438.3011 (401.8402+36.4609),0.0
N=C(NCCCCCCNC(=N)NC(=N)Nc1ccc(Cl)cc1)NC(=N)Nc1ccc(Cl)cc1,13314.0,C22H30Cl2N10,505.4466,0.0
CN(C)[C@@H](CCOc1cccc2ccccc12)c1ccccc1,31416.0,C21H23NO,305.4134,0.0
Cc1c(C)n(CCN(C)C)c2ccc(C(=O)OCCN(C)C)cc12,26385.0,C19H29N3O2,331.4525,0.0
Cc1c(C)n(Cc2ccccc2)c2ccc(C(=O)OCCN(C)C)cc12,26137.0,C22H26N2O2,350.454,0.0
COc1cc([C@@H]2c3cc4c(cc3[C@H](O)[C@H]3COC(=O)[C@H]23)OCO4)cc(OC)c1OC,25645.0,C22H22O8,414.4053,0.0
COC(=O)[C@H]1[C@H]2C[C@@H]3c4[nH]c5cc(OC)ccc5c4CCN3C[C@H]2C[C@@H](OC(=O)c2cc(OC)c(OC)c(OC)c2)[C@@H]1OC,1237.0,C33H40N2O9,608.6787,0.0
COc1cccc2c1C(=O)c1c(O)c3c(c(O)c1C2=O)C[C@@](O)(C(=O)CO)CC3OC1CC(N2CCOC(OC)C2)C(O)C(C)O1,31408.0,C32H37NO13,643.6351,0.0
CS(=O)(=O)O.Cc1ccc(NC(=O)c2ccc(CN3CCN(C)CC3)cc2)cc1Nc1nccc(-c2cccnc2)n1,20502.0,C30H35N7O4S,589.7084 (493.6027+96.1057),0.0
COc1cc2nc(N3CCN(C(=O)C4COc5ccccc5O4)CC3)nc(N)c2cc1OC.CS(=O)(=O)O,25598.0,C24H29N5O8S,547.5808 (451.4751+96.1057),0.0
N#Cc1nn(-c2c(Cl)cc(C(F)(F)F)cc2Cl)c(N)c1S(=O)C(F)(F)F,14609.0,C12H4Cl2F6N4OS,437.1478,0.0
Cc1nc2n(c(=O)c1CCN1CCC(C(=O)c3ccc(F)cc3)CC1)CCS2,31637.0,C21H24FN3O2S,401.4976,0.0
CCc1oc2ccccc2c1C(=O)c1cc(I)c(O)c(I)c1,26134.0,C17H12I2O3,518.0843,1.0
Cc1ccc(-c2cc(C(F)(F)F)nn2-c2ccc(S(N)(=O)=O)cc2)cc1,2777.0,C17H14F3N3O2S,381.3722,0.0
CN1Cc2cc(C(=O)N3CCC(C4CCNCC4)CC3)ccc2N[C@@H](CC(=O)O)C1=O,31391.0,C23H32N4O4,428.5246,0.0
Nc1ccc(C(=O)Nc2ccccc2N)cc1,26114.0,C13H13N3O,227.2618,0.0
C[C@@H](CN(C)C)CN1c2ccccc2Sc2ccccc21.C[C@@H](CN(C)C)CN1c2ccccc2Sc2ccccc21.O=C(O)[C@@H](O)[C@@H](O)C(=O)O,25560.0,C40H50N4O6S2,746.9782 (298.4457+298.4457+150.0868),0.0
O=C(O)c1ccc(-n2nc(-c3ccccc3O)nc2-c2ccccc2O)cc1,28522.0,C21H15N3O4,373.3615,0.0
O=C(O)CN(CCN(CC(=O)O)CC(=O)O)CCN(CC(=O)O)CC(=O)O,3434.0,C14H23N3O10,393.3465,0.0
CCCSc1ccc2[nH]c(NC(=O)OC)nc2c1,2563.0,C12H15N3O2S,265.3314,1.0
CN1C[C@H](CNC(=O)OCc2ccccc2)C[C@@H]2c3cccc4c3c(cn4C)C[C@H]21,22584.0,C25H29N3O2,403.5167,0.0
CC[C@]12CCCN3CCc4c(n(c5ccccc45)C(=O)C1)[C@@H]32,25119.0,C19H22N2O,294.3908,0.0
C[C@]12CCC(=O)C=C1[C@@H]1C[C@@H]1[C@H]1[C@@H]3[C@@H]4C[C@@H]4[C@@]4(CCC(=O)O4)[C@@]3(C)CC[C@@H]12,26465.0,C24H30O3,366.4932,0.0
CC1(CN2CCC(n3c(=O)[nH]c4ccccc43)CC2)OCc2ccccc2-n2cccc21,26091.0,C26H28N4O2,428.5261,0.0
C[C@@]12C(=O)OC(=O)[C@]1(C)C1CCC2O1,21752.0,C10H12O4,196.1999,0.0
C#C[C@]1(O)C=C[C@H]2[C@@H]3CCC4=CC(=O)CC[C@@H]4[C@H]3CC[C@@]21CC,26478.0,C21H26O2,310.4299,0.0
C=CCOC(Cn1ccnc1)c1ccc(Cl)cc1Cl.O=S(=O)(O)O,14662.0,C14H16Cl2N2O5S,395.2582 (297.1798+98.0785),1.0
CC[C@]1(O)C[C@@H]2C[N@@](CCc3c([nH]c4ccccc34)[C@@](C(=O)OC)(c3cc4c(cc3OC)N(C)[C@H]3[C@@](O)(C(=O)OC)[C@H](OC(C)=O)[C@]5(CC)C=CCN6CC[C@]43[C@@H]65)C2)C1.O=S(=O)(O)O,27831.0,C46H60N4O13S,909.0526 (810.9741+98.0785),0.0
O=C(O)c1cc(-c2ccc(F)cc2F)ccc1O,2932.0,C13H8F2O3,250.1976,0.0
CCOC(=O)C(c1c(O)c2ccccc2oc1=O)c1c(O)c2ccccc2oc1=O,31560.0,C22H16O8,408.3576,0.0
CC(C)n1nc(-c2cc3cc(O)ccc3[nH]2)c2c(N)ncnc21,28611.0,C16H16N6O,308.3378,0.0
Oc1ccc(Cl)cc1Cc1ccccc1,154.0,C13H11ClO,218.6788,0.0
COCc1c(C(C)C)nc(C(C)C)c(/C=C/[C@@H](O)C[C@@H](O)CC(=O)[O-])c1-c1ccc(F)cc1.[Na+],26488.0,C26H33FNNaO5,481.5321 (22.9892+458.5429),0.0
CN(C)CCOC(c1ccccc1)c1ccc(Br)cc1,2688.0,C17H20BrNO,334.2508,0.0
CC(C)=CC1C(C(=O)OCc2cccc(Oc3ccccc3)c2)C1(C)C,12688.0,C23H26O3,350.4507,0.0
CC(=O)[C@@]1(O)CC[C@H]2[C@@H]3C[C@H](C)C4=CC(=O)CC[C@]4(C)[C@H]3CC[C@@]21C,16508.0,C22H32O3,344.4877,0.0
COc1cccc2c1C(=O)c1c(O)c3c(c(O)c1C2=O)C[C@@](O)(C(C)=O)C[C@@H]3O[C@H]1C[C@H](N)[C@H](O)[C@H](C)O1,2883.0,C27H29NO10,527.5199,0.0
CC(=O)OCC(=O)[C@@]12N=C(C)O[C@@H]1C[C@H]1[C@@H]3CCC4=CC(=O)C=C[C@]4(C)[C@H]3[C@@H](O)C[C@@]12C,378.0,C25H31NO6,441.5167,0.0
CN(C/C=C/C#CC(C)(C)C)Cc1cccc2ccccc12,3640.0,C21H25N,291.4299,0.0
CC(C)CCCC(C)N,26535.0,C8H19N,129.2432,0.0
CC(C)Oc1ccc2c(=O)c(-c3ccccc3)coc2c1,20679.0,C18H16O3,280.3178,0.0
CC(C)c1c(CN(C)C(C)Cc2ccccc2)n(C)n(-c2ccccc2)c1=O,25435.0,C24H31N3O,377.5224,0.0
COCCOC(=O)C1=C(C)NC(C)=C(C(=O)OC(C)C)C1c1cccc([N+](=O)[O-])c1,3370.0,C21H26N2O7,418.4403,0.0
COC(=O)C1=C(C)NC(C)=C(C(=O)OCC(C)C)C1c1ccccc1[N+](=O)[O-],3371.0,C20H24N2O6,388.4144,0.0
CCC1=C(C)CN(C(=O)NCCc2ccc(S(=O)(=O)NC(=O)N[C@H]3CC[C@H](C)CC3)cc2)C1=O,20675.0,C24H34N4O5S,490.6156,0.0
Cc1cccc(N(C)C(=S)Oc2ccc3ccccc3c2)c1,22477.0,C19H17NOS,307.4094,0.0
Cc1ccc(CCn2c3c(c4cc(Cl)ccc42)CN(C)CC3)cn1,31471.0,C20H22ClN3,339.8618,0.0
Cc1noc(NS(=O)(=O)c2ccc(N)cc2)c1C,1292.0,C11H13N3O3S,267.3042,0.0
Cc1nc(C2CCCCC2)c(-c2ccc(S(N)(=O)=O)c(F)c2)o1,31460.0,C16H19FN2O3S,338.3971,0.0
CCCNCC(O)COc1ccccc1C(=O)CCc1ccccc1,25184.0,C21H27NO3,341.444,0.0
C=CCN1C[C@H](C)N([C@H](c2ccc(C(=O)N(CC)CC)cc2)c2cccc(OC)c2)C[C@H]1C,25662.0,C28H39N3O2,449.6282,0.0
CCc1c2c(nc3ccc(OC(=O)N4CCC(N5CCCCC5)CC4)cc13)-c1cc3c(c(=O)n1C2)COC(=O)[C@]3(O)CC.Cl,25953.0,C33H39ClN4O6,623.1390 (36.4609+586.6780),0.0
Cc1cc(N)c2cc(NC(=O)Nc3ccc4nc(C)cc(N)c4c3)ccc2n1.Cl.Cl,25083.0,C21H22Cl2N6O,445.3450 (372.4231+36.4609+36.4609),0.0
CCc1nn(CCCN2CCN(c3cccc(Cl)c3)CC2)c(=O)n1CCOc1ccccc1.Cl,26088.0,C25H33Cl2N5O2,506.4678 (470.0069+36.4609),0.0
COc1cc2c(cc1OC)C(=O)C(CC1CCN(Cc3ccccc3)CC1)C2.Cl,26698.0,C24H30ClNO3,415.9529 (379.4920+36.4609),0.0
Cc1ncc2n1-c1ccc(Cl)cc1C(c1ccccc1F)=NC2.Cl,27824.0,C18H14Cl2FN3,362.2283 (325.7673+36.4609),0.0
CCCCNc1c(C(=O)OCC)c(C)nc2c1cnn2CC.Cl,25208.0,C16H25ClN4O2,340.8483 (304.3874+36.4609),0.0
Cl.O=S(=O)(c1cccc2cnccc12)N1CCCNCC1,25615.0,C14H18ClN3O2S,327.8296 (291.3687+36.4609),0.0
Clc1ccc2c(c1)Nc1ccccc1S2,31643.0,C12H8ClNS,233.7166,0.0
CCCCCCC[N+](CC)(CC)CCCCc1ccc(Cl)cc1.Cc1ccc(S(=O)(=O)[O-])cc1,25601.0,C28H44ClNO3S,510.1719 (338.9776+171.1942),0.0
CC1COC2(c3ccccc3Cl)c3cc(Cl)ccc3NC(=O)CN12,31504.0,C18H16Cl2N2O2,363.2378,0.0
CC(Oc1c(Cl)cccc1Cl)C1=NCCN1,3221.0,C11H12Cl2N2O,259.1318,0.0
Clc1ccc(C(Cn2ccnc2)OCc2ccc(Sc3ccccc3)cc2)c(Cl)c1,31601.0,C24H20Cl2N2OS,455.3994,1.0
CC#C[C@]1(O)CC[C@H]2[C@@H]3CCC4=CC(=O)CCC4=C3[C@@H](c3ccc(N(C)C)cc3)C[C@@]21C,3322.0,C29H35NO2,429.5937,0.0
CN1C[C@H](C(=O)N[C@]2(C)O[C@@]3(O)[C@@H]4CCCN4C(=O)[C@H](Cc4ccccc4)N3C2=O)C[C@@H]2c3cccc4[nH]cc(c34)C[C@H]21,25614.0,C33H37N5O5,583.6774,0.0
CN1CCC(=C2c3ccccc3CCc3sccc32)CC1,3490.0,C19H21NS,295.4417,0.0
COc1ccc(OC(=O)N(CC(=O)O)Cc2ccc(OCCc3nc(-c4ccccc4)oc3C)cc2)cc1,31508.0,C29H28N2O7,516.5418,0.0
CC1=C(CC(=O)O)c2cc(F)ccc2/C1=C\c1ccc(S(C)(=O)=O)cc1,20246.0,C20H17FO4S,372.41,0.0
CS(=O)(=O)O.N=C(N)Nc1ccc(C(=O)Oc2ccc3cc(C(=N)N)ccc3c2)cc1,26128.0,C20H21N5O5S,443.4762 (347.3706+96.1057),0.0
CSc1ccc(/C=C2/C(C)=C(CC(=O)O)c3cc(F)ccc32)cc1,29004.0,C20H17FO2S,340.4112,0.0
O=C(O)c1ccccc1Nc1cccc(C(F)(F)F)c1,3063.0,C14H10F3NO2,281.2299,0.0
Cc1ccc(Nc2nccc(N(C)c3ccc4c(C)n(C)nc4c3)n2)cc1S(N)(=O)=O,28659.0,C21H23N7O2S,437.518,0.0
O.O.O=c1c(O)c(-c2ccc(O)c(O)c2)oc2cc(O)cc(O)c12,1219.0,C15H14O9,338.2663 (302.2357+18.0153+18.0153),0.0
CCO[C@@H]1O[C@H](C(COCc2ccccc2)OCc2ccccc2)[C@H](OCc2ccccc2)[C@H]1O,3697.0,C29H34O6,478.5767,0.0
Cc1cc2c(cc1CC(=O)c1sccc1S(=O)(=O)Nc1onc(C)c1Cl)OCO2,31462.0,C18H15ClN2O6S2,454.9045,0.0
CCCCC/C=C\C/C=C\CCCCCCCC(=O)OCC,26820.0,C20H36O2,308.4986,1.0
N[C@@H](Cc1cc(I)c(Oc2cc(I)c(O)c(I)c2)c(I)c1)C(=O)O,3214.0,C15H11I4NO4,776.87,0.0
CN(C)CCC[C@@]1(c2ccc(F)cc2)OCc2cc(C#N)ccc21.O=C(O)C(=O)O,26003.0,C22H23FN2O5,414.4268 (324.3919+90.0349),0.0
CC(C(=O)O)c1ccc2c(c1)[nH]c1ccc(Cl)cc12,25871.0,C15H12ClNO2,273.7143,0.0
CCOc1cc(N)c(Cl)cc1C(=O)NCC1CN(Cc2ccc(F)cc2)CCO1.O=C(O)CC(O)(CC(=O)O)C(=O)O,26207.0,C27H33ClFN3O10,614.0164 (421.8929+192.1235),0.0
O=C(O)c1cccc(-c2noc(-c3ccccc3F)n2)c1,26776.0,C15H9FN2O3,284.242,0.0
Cc1cccc(Nc2ccccc2C(=O)O)c1C,3243.0,C15H15NO2,241.2851,0.0
O=C(O)Cc1ccc2c(c1)C(=O)c1ccccc1CO2,31561.0,C16H12O4,268.2641,0.0
CCOC(=O)c1c(N)sc2c1CCN(Cc1ccccc1)C2,3677.0,C17H20N2O2S,316.4179,0.0
CC(C)=C[C@@H]1[C@@H](C(=O)OCc2coc(Cc3ccccc3)c2)C1(C)C,14382.0,C22H26O3,338.44,0.0
CN(c1nccc(=O)[nH]1)C1CCN(c2nc3ccccc3n2Cc2ccc(F)cc2)CC1,26801.0,C24H25FN6O,432.4933,0.0
CCn1ccc(NS(=O)(=O)c2ccc(N)cc2)nc1=O,3606.0,C12H14N4O3S,294.3296,0.0
O=C1c2ccccc2C(=O)C1C(=O)C(c1ccccc1)c1ccccc1,12378.0,C23H16O3,340.3713,0.0
O=C(C1CCCCC1)N1CC(=O)N2CCCc3ccccc3C2C1,31392.0,C20H26N2O2,326.4326,0.0
O=C(C1CCCCC1)N1CC(=O)N2CCc3ccccc3C2C1,1182.0,C19H24N2O2,312.4061,0.0
C[C@@H](O)[C@H]1C(=O)N2C(C(=O)O)=C([C@H]3CCCO3)S[C@H]12,26430.0,C12H15NO5S,285.3162,0.0
C=CC[C@]1(O)CC[C@H]2[C@@H]3CCC4=CC(=O)CCC4=C3C=C[C@@]21C,28789.0,C21H26O2,310.4299,0.0
C[C@]12CCC(=O)C=C1CC[C@@H]1[C@@H]2CC[C@@]2(C)[C@H]1CC[C@]2(C)O,13664.0,C20H30O2,302.451,0.0
C[C@@H]1CC[C@H]2[C@@H](C)C(=O)O[C@@H]3O[C@@]4(C)CC[C@@H]1C32OO4,20652.0,C15H22O5,282.3322,0.0
CCO[C@H](Cc1ccc(OCCc2ccc(OS(C)(=O)=O)cc2)cc1)C(=O)O,28699.0,C20H24O7S,408.4654,0.0
CC1(C)[C@H](C(=O)O)N2C(=O)C[C@H]2S1(=O)=O,3605.0,C8H11NO5S,233.2416,0.0
COP(=O)(OC)C(O)C(Cl)(Cl)Cl,1389.0,C4H8Cl3O4P,257.4367,0.0
COc1ccc(C(CN(C)C)C2(O)CCCCC2)cc1,3737.0,C17H27NO2,277.4018,0.0
O=C(OCc1ccccc1)c1ccc(O)cc1,2526.0,C14H12O3,228.2433,0.0
O=C(c1cc(O)c(O)c(O)c1)c1ccc(O)c(O)c1O,24950.0,C13H10O7,278.2143,0.0
C[C@]12CC[C@H]3[C@@H](CCC4=CC(=O)CC[C@@]43C)[C@@H]1CC[C@@H]2C(=O)CO,25254.0,C21H30O3,330.4611,0.0
O=C(OCC(O)CO)c1ccccc1Nc1ccnc2c(C(F)(F)F)cccc12,31484.0,C20H17F3N2O4,406.3552,0.0
CC(O)C(=O)O.CCCCCCCCCCCCCCNCCO,26400.0,C19H41NO4,347.5331 (257.4552+90.0779),0.0
CCCCCCCCCCCCSCCOCCO,26042.0,C16H34O2S,290.505,0.0
CC(=O)N(O)CCCCCNC(=O)CCC(=O)N(O)CCCCCNC(=O)CCC(=O)N(O)CCCCCN.CS(=O)(=O)O,17649.0,C26H52N6O11S,656.7897 (560.6840+96.1057),0.0
CC(=O)O[C@H]1C[C@@H]2CC[C@@H]3[C@H](CC[C@@]4(C)[C@H]3C[C@H]([N+]3(C)CCCCC3)[C@@H]4OC(C)=O)[C@@]2(C)C[C@@H]1N1CCCCC1.[Br-],3736.0,C34H57BrN2O4,637.7314 (557.8268+79.9045),0.0
CC[N+]1(CCOC(=O)C(O)(c2ccccc2)c2ccccc2)CCCCC1.[Br-],26677.0,C23H30BrNO3,448.3932 (368.4887+79.9045),0.0
CC(=O)CCC(=O)[O-].CC(=O)CCC(=O)[O-].O.O.[Ca+2],26539.0,C10H18CaO8,306.3231 (115.1078+115.1078+40.0769+18.0153+18.0153),0.0
CC(=O)OCC1=C(C(=O)[O-])N2C(=O)[C@@H](NC(=O)CSc3ccncc3)[C@H]2SC1.[Na+],25574.0,C17H16N3NaO6S2,445.4452 (22.9892+422.4560),0.0
O=C([O-])Cc1ccccc1Nc1c(Cl)cccc1Cl.[Na+],17208.0,C14H10Cl2NNaO2,318.1305 (295.1412+22.9892),0.0
CO[C@@]1(NC(=O)CSCC#N)C(=O)N2C(C(=O)[O-])=C(CSc3nnnn3C)CS[C@@H]21.[Na+],25590.0,C15H16N7NaO5S3,493.5162 (22.9892+470.5270),0.0
Cc1onc(-c2c(Cl)cccc2Cl)c1C(=O)N[C@@H]1C(=O)N2[C@@H]1SC(C)(C)[C@@H]2C(=O)[O-].O.[Na+],28928.0,C19H18Cl2N3NaO6S,510.3235 (22.9892+18.0153+469.3190),0.0
C[C@]1(Cn2ccnn2)[C@H](C(=O)[O-])N2C(=O)C[C@H]2S1(=O)=O.[Na+],26030.0,C10H11N4NaO5S,322.2729 (299.2837+22.9892),0.0
Cn1cnc2c(F)c(Nc3ccc(Br)cc3Cl)c(C(=O)NOCCO)cc21,28870.0,C17H15BrClFN4O3,457.6814,0.0
c1ccc(CCNc2nc(-c3ccccc3)cs2)cc1,28621.0,C17H16N2S,280.3873,0.0
CC(C)=CCOc1c2occc2cc2ccc(=O)oc12,28663.0,C16H14O4,270.28,0.0
C[C@@H]1CC2=CC(=O)CC[C@@H]2[C@H]2CC[C@@]3(C)[C@@H](CC[C@]3(C)O)[C@@H]21,16489.0,C20H30O2,302.451,0.0
CCC(C)(C)c1ccc(CC(C)CN2C[C@@H](C)O[C@@H](C)C2)cc1,26690.0,C21H35NO,317.5087,0.0
CC(C)=CC1C(C(=O)OCN2C(=O)C3=C(CCCC3)C2=O)C1(C)C,12649.0,C19H25NO4,331.4061,1.0
c1ccc(-c2nc[nH]c2-c2ccccc2)cc1,25700.0,C15H12N2,220.2692,0.0
CC(=O)[C@@]1(O)CC[C@H]2[C@@H]3CCC4=CC(=O)CC[C@]4(C)[C@H]3CC[C@@]21C,20747.0,C21H30O3,330.4611,0.0
C=C1C[C@H]2[C@@H]3C=C(C)C4=CC(=O)CC[C@]4(C)[C@H]3CC[C@]2(C)[C@@]1(OC(C)=O)C(C)=O,28158.0,C25H32O4,396.5192,0.0
CC(=O)O[C@]1(C(C)=O)CC[C@H]2[C@@H]3C=C(C)C4=CC(=O)CC[C@]4(C)[C@H]3CC[C@@]21C,20683.0,C24H32O4,384.5085,0.0
COc1ccccc1N1CCN(CCCCNC(=O)c2ccc(-c3ccc(C(C)=O)cc3)cc2)CC1,22602.0,C30H35N3O3,485.6172,0.0
CC(=O)N[C@@H](CS)C(=O)O,21.0,C5H9NO3S,163.1949,0.0
COc1ccccc1Oc1c(NS(=O)(=O)c2ccc(C(C)(C)C)cc2)nc(-c2ncccn2)nc1OCCO,26627.0,C27H29N5O6S,551.6141,0.0
CC(C)(C)OC(=O)c1ncn2c1[C@@H]1CCCN1C(=O)c1c(Br)cccc1-2,26266.0,C19H20BrN3O3,418.2844,0.0
Cc1c2oc3c(C)ccc(C(=O)N[C@@H]4C(=O)N[C@H](C(C)C)C(=O)N5CCC[C@H]5C(=O)N(C)CC(=O)N(C)[C@@H](C(C)C)C(=O)O[C@@H]4C)c3nc-2c(C(=O)N[C@@H]2C(=O)N[C@H](C(C)C)C(=O)N3CCC[C@H]3C(=O)N(C)CC(=O)N(C)[C@@H](C(C)C)C(=O)O[C@@H]2C)c(N)c1=O,31.0,C62H86N12O16,1255.417,0.0
Cc1ccc(C(C)C)cc2c(C)ccc1-2,25996.0,C15H18,198.3034,0.0
CC(C)CCCC(C)CCCC(C)CCCCC(C)CCCC(C)CCCC(C)C,26513.0,C30H62,422.8133,0.0
CC(C)Cn1cnc2c(N)nc3ccccc3c21,21047.0,C14H16N4,240.3036,0.0
CC(C)OC(=O)C(C(=O)OC(C)C)=C1SC=CS1,26463.0,C12H16O4S2,288.383,0.0
CC(=O)OC/C=C(C)/C=C/C=C(C)/C=C/C1=C(C)CCCC1(C)C,1240.0,C22H32O2,328.4883,0.0
CC1=C(C(=O)O)N2C(=O)[C@@H](NC(=O)[C@H](N)c3ccccc3)[C@H]2SC1,2780.0,C16H17N3O4S,347.3889,0.0
Cc1nc2n(c(=O)c1CCN1CCC(c3noc4cc(F)ccc34)CC1)CCCC2,25193.0,C23H27FN4O2,410.4845,0.0
CC1(COc2ccc(CC3SC(=O)NC3=O)cc2)CCCCC1,20757.0,C18H23NO3S,333.4451,0.0
Cc1ccc(O)c(-n2nc3ccccc3n2)c1,7479.0,C13H11N3O,225.2459,0.0
Cc1cccc(N(C)C(=S)Oc2ccc3c(c2)C2CCC3C2)c1,31547.0,C20H21NOS,323.4518,0.0
Cc1ccc(N(CC2=NCCN2)c2cccc(O)c2)cc1,3462.0,C17H19N3O,281.3523,0.0
CCOCC(O)COc1ccc(NC(=O)CC[S+](C)C)cc1.Cc1ccc(S(=O)(=O)[O-])cc1,25003.0,C23H33NO7S2,499.6406 (328.4464+171.1942),0.0
Cc1cccc(Nc2cc(Cl)nc(SCC(=O)O)n2)c1C,290.0,C14H14ClN3O2S,323.7979,0.0
Cc1oncc1C(=O)Nc1ccc(C(F)(F)F)cc1,3201.0,C12H9F3N2O2,270.2073,0.0
CCC(=O)O[C@H]1CC[C@H]2[C@@H]3CCC4=CC(=O)CC[C@]4(C)[C@H]3CC[C@]12C,16515.0,C22H32O3,344.4877,0.0
CCc1nc(N)nc(N)c1-c1ccc(Cl)cc1,1217.0,C12H13ClN4,248.7114,0.0
CCN(CC)CCOc1ccc(Cc2ccccc2)cc1,25661.0,C19H25NO,283.4079,0.0
CCOC(=O)CC(SP(=S)(OC)OC)C(=O)OCC,791.0,C10H19O6PS2,330.358,0.0
CCOP(=S)(OCC)Oc1ccc2c(C)c(Cl)c(=O)oc2c1,347.0,C14H16ClO5PS,362.7656,0.0
Cl.O=C1OC(CN2CCOCC2)CN1N=Cc1ccc([N+](=O)[O-])o1,25380.0,C13H17ClN4O6,360.7503 (324.2893+36.4609),0.0
Cc1c(F)c(N2CCNC(C)C2)cc2c1c(=O)c(C(=O)O)cn2C1CC1.Cl,26692.0,C19H23ClFN3O3,395.8556 (359.3947+36.4609),0.0
CNCC[C@@H](Oc1ccccc1C)c1ccccc1.Cl,24266.0,C17H22ClNO,291.8157 (255.3547+36.4609),0.0
CC1(C)OC[C@@H](COC(=O)CCc2ccc(OC[C@@H](O)CNCCNC(=O)N3CCOCC3)cc2)O1.Cl,28531.0,C25H40ClN3O8,546.0534 (509.5925+36.4609),0.0
CCOc1ccc(Cc2nccc3cc(OCC)c(OCC)cc23)cc1OCC.Cl,27759.0,C24H30ClNO4,431.9523 (395.4914+36.4609),0.0
Cl.O=C(COc1ccc(Cl)cc1)N1CCN(Cc2ccc3c(c2)OCO3)CC1,27446.0,C20H22Cl2N2O4,425.3057 (388.8447+36.4609),0.0
Cl.O=c1n(CCCN2CCN(c3cccc(Cl)c3)CC2)nc2ccccn12,24626.0,C19H23Cl2N5O,408.3248 (371.8639+36.4609),0.0
CCc1cccc(N(C)C(=N)Nc2cccc3ccccc23)c1.Cl,25762.0,C20H22ClN3,339.8618 (303.4008+36.4609),0.0
CN(C)CCCOc1nn(Cc2ccccc2)c2ccccc12.Cl,25293.0,C19H24ClN3O,345.8664 (36.4609+309.4054),0.0
CCOC(=O)OC(C)OC(=O)[C@@H]1N2C(=O)[C@@H](NC(=O)[C@H](N)c3ccccc3)[C@H]2SC1(C)C.Cl,25466.0,C21H28ClN3O7S,501.9809 (465.5200+36.4609),0.0
CN(C)CCn1nnnc1SCC1=C(C(=O)O)N2C(=O)[C@@H](NC(=O)Cc3csc(N)n3)[C@H]2SC1.Cl,25538.0,C18H24ClN9O4S3,562.0891 (525.6281+36.4609),0.0
Cl.NCC(=O)CCC(=O)O,25914.0,C5H10ClNO3,167.5908 (36.4609+131.1299),0.0
Cl.NNc1nncc2ccccc12,24645.0,C8H9ClN4,196.6369 (160.1759+36.4609),0.0
CC(C)(C(=O)O)c1ccc(C(O)CCCN2CCC(C(O)(c3ccccc3)c3ccccc3)CC2)cc1.Cl,28642.0,C32H40ClNO4,538.1173 (36.4609+501.6564),0.0
Cl.O=C(O)c1cn(C2CC2)c2cc(N3CCNCC3)c(F)cc2c1=O,27768.0,C17H19ClFN3O3,367.8025 (331.3415+36.4609),0.0
CCN1CC(CCN2CCOCC2)C(c2ccccc2)(c2ccccc2)C1=O.Cl,27815.0,C24H31ClN2O2,414.9681 (36.4609+378.5072),0.0
CCOc1ccccc1OCCN[C@H](C)Cc1ccc(OC)c(S(N)(=O)=O)c1.Cl,26628.0,C20H29ClN2O5S,444.9727 (36.4609+408.5117),0.0
Cl.Oc1cn2c(n1)Nc1ccc(Cl)c(Cl)c1C2,26725.0,C10H8Cl3N3O,292.5490 (256.0881+36.4609),0.0
[NH2][Pt]([NH2])([Cl])[Cl],4983.0,H4Cl2N2Pt,298.0352,0.0
CN(C(=O)C(Cl)Cl)c1ccc(OC(=O)c2ccco2)cc1,28925.0,C14H11Cl2NO4,328.1474,0.0
O=C(CBr)Nc1ccc(Cl)cc1C(=O)c1ccccc1F,31445.0,C15H10BrClFNO2,370.6008,0.0
O=C(CCN1CCN2CCCC2C1)N1c2ccccc2Sc2ccc(Cl)cc21,26423.0,C22H24ClN3OS,413.9635,0.0
O=c1[nH]c2cc(Cl)ccc2n1C1CCNCC1,31553.0,C12H14ClN3O,251.7121,0.0
COc1ccc2c(c1)c(CC(=O)OC/C=C(\C)CC/C=C(\C)CCC=C(C)C)c(C)n2C(=O)c1ccc(Cl)cc1,31633.0,C34H40ClNO4,562.1387,0.0
O=C(NC(Cc1cc(=O)[nH]c2ccccc12)C(=O)O)c1ccc(Cl)cc1,25937.0,C19H15ClN2O4,370.7864,0.0
N=C(N)NC(=O)c1nc(Cl)c(N)nc1N,23853.0,C6H8ClN7O,229.627,0.0
O=C(NC(=O)c1c(F)cccc1F)Nc1cc(Cl)c(OC(F)(F)C(F)C(F)(F)F)cc1Cl,14357.0,C17H8Cl2F8N2O3,511.1502,0.0
Cc1ccc(Nc2c(F)cccc2Cl)c(CC(=O)O)c1,28961.0,C15H13ClFNO2,293.7206,0.0
CCC(=O)O[C@]1(C(=O)CCl)[C@@H](C)C[C@H]2[C@@H]3CCC4=CC(=O)C=C[C@]4(C)[C@@]3(F)[C@@H](O)C[C@@]21C,25907.0,C25H32ClFO5,466.97,0.0
CC1(C)O[C@@H]2C[C@H]3[C@@H]4CCC5=CC(=O)CC[C@]5(C)[C@@]4(F)[C@@H](O)C[C@]3(C)[C@]2(C(=O)CCl)O1,25375.0,C24H32ClFO5,454.9593,0.0
ClCCN1CCCC1,23850.0,C6H12ClN,133.6192,0.0
CC(CC1c2ccccc2CCc2ccccc21)CN(C)C,2715.0,C21H27N,293.4458,0.0
CNC(=O)Oc1cccc2ccccc12,247.0,C12H11NO2,201.2212,0.0
C=C[C@H]1CN2CCC1C[C@H]2[C@H](O)c1ccnc2ccc(OC)cc12,24280.0,C20H24N2O2,324.4168,0.0
COc1ccc(C(=O)c2c(C)n(CCN3CCOCC3)c3ccccc23)cc1,26127.0,C23H26N2O3,378.4641,0.0
COc1ccc(-c2cc(=O)c3c(O)cc(O[C@@H]4O[C@H](CO[C@@H]5O[C@@H](C)[C@H](O)[C@@H](O)[C@H]5O)[C@@H](O)[C@H](O)[C@H]4O)cc3o2)cc1O,25892.0,C28H32O15,608.5447,0.0
COc1ccc2nc(NC(=O)Nc3ccccc3)sc2c1,26279.0,C15H13N3O2S,299.3476,0.0
CNCCc1ccccn1.CS(=O)(=O)O,25588.0,C9H16N2O3S,232.2999 (136.1943+96.1057),0.0
CO/N=C1\CN(c2nc3c(cc2F)c(=O)c(C(=O)O)cn3C2CC2)CC1CN.CS(=O)(=O)O,25948.0,C19H24FN5O7S,485.4866 (389.3809+96.1057),0.0
O=C(O)c1cccnc1Nc1cccc(C(F)(F)F)c1,3368.0,C13H9F3N2O2,282.218,0.0
O=C1OC(OC(=O)c2cccnc2Nc2cccc(C(F)(F)F)c2)c2ccccc21,26740.0,C21H13F3N2O4,414.3341,0.0
C[C@H]1O[C@@H](n2cc(F)c(=O)[nH]c2=O)[C@H](O)[C@@H]1O,2967.0,C9H11FN2O5,246.1924,0.0
O=C1[C@H](CC[C@H](O)c2ccc(F)cc2)[C@@H](c2ccc(O)cc2)N1c1ccc(F)cc1,24223.0,C24H21F2NO3,409.4252,0.0
Cc1nc2ccccn2c(=O)c1CCN1CCC(C(=O)c2ccc(F)cc2)CC1,25182.0,C23H24FN3O2,393.454,0.0
O=C(CCCN1CCC(n2c(=O)[nH]c3ccccc32)CC1)c1ccc(F)cc1,25364.0,C22H24FN3O2,381.4433,0.0
O=C(CCCN1CCC(O)(c2ccc(Cl)cc2)CC1)c1ccc(F)cc1,14150.0,C21H23ClFNO2,375.8642,0.0
O=C(CCCN1CCN(c2ccccn2)CC1)c1ccc(F)cc1,25361.0,C19H22FN3O,327.3959,0.0
O=C(O)CCn1c2c(c3ccccc31)C[C@H](NS(=O)(=O)c1ccc(F)cc1)CC2,26685.0,C21H21FN2O4S,416.4658,0.0
Nc1cc(-c2ccncc2)c[nH]c1=O,2603.0,C10H9N3O,187.198,0.0
Nc1ccc(S(=O)(=O)Nc2cnc3ccccc3n2)cc1,22424.0,C14H12N4O2S,300.3357,0.0
CCCN1CCC[C@@H]2Cc3nc(N)ncc3C[C@H]21,26315.0,C14H22N4,246.3513,0.0
Nc1ncnc(Nc2ccccc2)n1,26190.0,C9H9N5,187.2013,0.0
NCCNCCNCCNCCN,6108.0,C8H23N5,189.3017,0.0
NS(=O)(=O)c1cc(C2(O)NC(=O)c3ccccc32)ccc1Cl,2812.0,C14H11ClN2O4S,338.7661,0.0
NS(=O)(=O)c1cc2c(cc1Cl)N=CNS2(=O)=O,2800.0,C7H6ClN3O4S2,295.7232,0.0
CN1C(CSCC(F)(F)F)Nc2cc(Cl)c(S(N)(=O)=O)cc2S1(=O)=O,5939.0,C11H13ClF3N3O4S3,439.8818,0.0
NS(=O)(=O)c1cc2c(cc1Cl)NC(C(Cl)Cl)NS2(=O)=O,3699.0,C8H8Cl3N3O4S2,380.6558,0.0
OC[C@]1(O)OC[C@@H](O)[C@H](O)[C@@H]1O,27873.0,C6H12O6,180.1559,0.0
Cc1c(C(=O)O)c(O)cc2c1C(=O)c1c(O)c([C@@H]3O[C@H](CO)[C@@H](O)[C@H](O)[C@H]3O)c(O)c(O)c1C2=O,2817.0,C22H20O13,492.3864,0.0
O=C1O[C@H](CO)[C@@H](O)[C@H](O)[C@H]1O,6549.0,C6H10O6,178.14,0.0
O=C(C=Cc1ccc(O)c(O)c1)O[C@@H]1C[C@@](OC(=O)C=Cc2ccc(O)c(O)c2)(C(=O)O)C[C@@H](O)[C@@H]1O,29805.0,C25H24O12,516.4509,0.0
CCCCCCCCC/C=C\C=C/C=C\C=C/C=C\C(=O)OCC,31603.0,C22H34O2,330.5042,0.0
CC(=O)Nc1ccc(OC(=O)c2ccccc2OC(C)=O)cc1,2649.0,C17H15NO5,313.3047,0.0
CC(C)Nc1cccnc1N1CCN(C(=O)c2cc3cc(NS(C)(=O)=O)ccc3[nH]2)CC1,2892.0,C22H28N6O3S,456.5611,0.0
CC(C)OC(=O)C(C)(C)Oc1ccc(C(=O)c2ccc(Cl)cc2)cc1,9874.0,C20H21ClO4,360.8313,0.0
CC(C(=O)O)c1ccc(C(=O)c2ccccc2)s1,3665.0,C14H12O3S,260.3083,0.0
CN1Cc2cc(C(=O)N3CCC(C4CCNCC4)CC3)ccc2N[C@@H](CC(=O)O)C1=O,31391.0,C23H32N4O4,428.5246,0.0
CN1CCC(O)(c2ccc(F)cc2)C(C(=O)c2ccc(F)cc2)C1,26283.0,C19H19F2NO2,331.3565,0.0
O=C(CN1CCN(Cc2ccc3c(c2)OCO3)CC1)N1c2ccccc2Sc2ccccc21,26296.0,C26H25N3O3S,459.56,0.0
O=C(CCCCC(=O)Nc1c(I)cc(I)c(C(=O)O)c1I)Nc1c(I)cc(I)c(C(=O)O)c1I,3153.0,C20H14I6N2O6,1139.7618,0.0
COc1ccc(Cl)cc1C(=O)NCCc1ccc(S(=O)(=O)NC(=O)NC2CCCCC2)cc1,17237.0,C23H28ClN3O5S,494.0035,0.0
CN(C)CCOC(c1ccc(Cl)cc1)c1ccccn1.O=C(O)/C=C\C(=O)O,27805.0,C20H23ClN2O5,406.8600 (290.7879+116.0722),0.0
COC[C@H](c1ccc(C(F)(F)F)cc1)N1CCN(C2(C)CCN(C(=O)c3c(C)ncnc3C)CC2)C[C@H]1C.O=C(O)/C=C\C(=O)O,28582.0,C32H42F3N5O6,649.7010 (533.6288+116.0722),0.0
CC(=O)OCC1=C(C(=O)O)N2C(=O)[C@@H](NC(=O)Cc3cccs3)[C@H]2SC1,2783.0,C16H16N2O6S2,396.438,1.0
CC(C)OC(=O)OCOP(=O)(CO[C@H](C)Cn1cnc2c(N)ncnc21)OCOC(=O)OC(C)C.O=C(O)C=CC(=O)O,29808.0,C23H34N5O14P,635.5149 (519.4428+116.0722),0.0
O=C(O)c1cc(=O)c2ccccc2o1,25878.0,C10H6O4,190.1522,0.0
Cc1cc(CC(=O)O)c(C)n1-c1ccc(Cl)cc1,26158.0,C14H14ClNO2,263.7195,0.0
O=C(O)CCCCC1CCSS1,5508.0,C8H14O2S2,206.3256,0.0
Cc1ccc(C(=O)Oc2ccc(C(O)CNC(C)(C)C)cc2OC(=O)c2ccc(C)cc2)cc1,2683.0,C28H31NO5,461.5494,0.0
CCOC(=O)c1cc(=O)c2c(OCC(COc3cccc4oc(C(=O)OCC)cc(=O)c34)OC(=O)[C@@H](N)CCCCN)cccc2o1,31409.0,C33H36N2O12,652.6451,0.0
O=C1CC[C@@]2(O)[C@H]3Cc4ccc(O)c5c4[C@@]2(CCN3CC2CC2)[C@H]1O5,26313.0,C20H23NO4,341.4009,0.0
C#C[C@]1(O)CC[C@H]2[C@@H]3[C@H](C)CC4=C(CCC(=O)C4)[C@H]3CC[C@@]21C,3667.0,C21H28O2,312.4458,0.0
CCCCCCNC(=O)n1cc(F)c(=O)[nH]c1=O,25941.0,C11H16FN3O3,257.2614,0.0
O=C1NS(=O)(=O)c2ccccc21,1251.0,C7H5NO3S,183.1845,0.0
C[C@]12CC[C@H](O)CC1=CC[C@@H]1[C@@H]2CC[C@]2(C)C(=O)CC[C@@H]12,379.0,C19H28O2,288.4244,0.0
C[C@]12CC[C@H]3[C@@H](CCC4=CC(=O)CC[C@@H]43)[C@@H]1CC[C@@H]2O,3350.0,C18H26O2,274.3978,0.0
C#C[C@]1(O)CC[C@H]2[C@@H]3CCC4=CC(=O)CC[C@@H]4[C@H]3CC[C@@]21C,3380.0,C20H26O2,298.4192,0.0
C#C[C@]1(O)CC[C@H]2[C@@H]3CCC4=CC(=O)CC[C@@H]4[C@H]3CC[C@@]21CC,16496.0,C21H28O2,312.4458,0.0
O=C1CC2(CCCC2)CC(=O)N1CCCCN1CCN(c2ncccn2)CC1,2707.0,C21H31N5O2,385.5031,0.0
C[C@]12CC[C@H]3[C@@H](CCC4=CC(=O)CC[C@@H]43)[C@@H]1CC[C@@H]2OC(=O)CCc1ccccc1,3353.0,C27H34O3,406.5571,0.0
COc1cc(NC(C)CCCN)c2ncccc2c1.O=P(O)(O)O.O=P(O)(O)O,25248.0,C15H27N3O9P2,455.3371 (97.9952+259.3467+97.9952),0.0
CCN(CC)CCCC(C)Nc1ccnc2cc(Cl)ccc12.O=P(O)(O)O.O=P(O)(O)O,24681.0,C18H32ClN3O8P2,515.8625 (319.8721+97.9952+97.9952),0.0
O=S(=O)(O)c1cc(I)c(O)c2ncccc12,26136.0,C9H6INO4S,351.1177,0.0
CC(C)(C)C(=O)OCOC(=O)C1N2C(=O)CC2S(=O)(=O)C1(C)C,28618.0,C14H21NO7S,347.384,0.0
CC(=O)N[C@@H](CO)C(=O)N[C@@H](CC(=O)O)C(=O)N[C@@H](CCCCN)C(=O)N1CCC[C@H]1C(=O)O,31418.0,C20H33N5O9,487.5041,0.0
O=C(O)CCc1nc(-c2ccccc2)c(-c2ccccc2)o1,25118.0,C18H15NO3,293.3166,0.0
CC(C(O)c1ccccc1)N(C)C/C=C/c1ccccc1,31640.0,C19H23NO,281.392,0.0
CC(CCc1ccccc1)NC(C)C(O)c1ccc(O)cc1,3387.0,C19H25NO2,299.4073,0.0
Cc1ncc(CO)c(C=O)c1O,26020.0,C8H9NO3,167.162,0.0
O=c1oc2c(O)c(O)cc3c(=O)oc4c(O)c(O)cc1c4c23,557.0,C14H6O8,302.1926,0.0
Oc1ccc(C2CNCCc3c2cc(O)c(O)c3Cl)cc1,23896.0,C16H16ClNO3,305.7561,0.0
Oc1cc(O)c2c(c1)O[C@H](c1ccc(O)c(O)c1)[C@H](O)C2,25133.0,C15H14O6,290.2681,0.0
O=S(=O)(O)O.Oc1ccc(C(O)CNCCCCCCNCC(O)c2ccc(O)c(O)c2)cc1O,26688.0,C22H34N2O10S,518.5778 (420.4993+98.0785),0.0
Oc1ccc(CCNCCCCCCNCCc2ccccc2)cc1O,28592.0,C22H32N2O2,356.5017,0.0
O=C1CCCc2c(O)cccc21,31489.0,C10H10O2,162.1852,0.0
Oc1cccc2[nH]ccc12,31485.0,C8H7NO,133.1473,0.0
C[C@@H]1C[C@H]2[C@@H]3CCC4=CC(=O)C=C[C@]4(C)[C@@]3(F)[C@@H](O)C[C@]2(C)[C@H]1C(=O)CO,25647.0,C22H29FO4,376.4617,0.0
O=C(CCN1CCN(CCO)CC1)N1c2ccccc2Sc2ccc(C(F)(F)F)cc21,26176.0,C22H24F3N3O2S,451.5051,0.0
N=C(N)c1ccc(OCCCCCOc2ccc(C(=N)N)cc2)cc1.O=S(=O)(O)CCO.O=S(=O)(O)CCO,3796.0,C23H36N4O10S2,592.6827 (340.4195+126.1316+126.1316),0.0
CCCCc1oc2ccc(NS(C)(=O)=O)cc2c1C(=O)c1ccc(OCCCN(CCCC)CCCC)cc1,28579.0,C31H44N2O5S,556.7565,1.0
Oc1c(Br)cc(Br)c2cccnc12,25849.0,C9H5Br2NO,302.9501,1.0
Cc1ccc(O)c2ncccc12,26401.0,C10H9NO,159.1846,1.0
Oc1ccc(Cl)c2cccnc12,25973.0,C9H6ClNO,179.603,1.0
COc1ccc(CN2CCN(C(c3ccc(F)cc3)c3ccc(F)cc3)CC2)c(OC)c1OC.Cl.Cl,26427.0,C27H32Cl2F2N2O3,541.4574 (36.4609+36.4609+468.5355),0.0
CN(C)[C@@H]1C(O)=C(C(N)=O)C(=O)[C@@]2(O)C(O)=C3C(=O)c4c(O)ccc(Cl)c4[C@@H](O)[C@H]3C[C@@H]12.Cl,25252.0,C21H22Cl2N2O8,501.3140 (464.8530+36.4609),0.0
CSc1ccc2c(c1)C(N1CCN(C)CC1)Cc1ccccc1S2,24000.0,C20H24N2S2,356.548,0.0
CNC(=O)c1ccccc1Sc1ccc2c(/C=C/c3ccccn3)n[nH]c2c1,28975.0,C22H18N4OS,386.4695,0.0
CC(C)C[C@H](NC(=O)[C@H](Cc1ccccc1)NC(=O)c1cnccn1)B(O)O,20980.0,C19H25BN4O4,384.2372,1.0
COc1cc(C=C2CCCC(=Cc3ccc(O)c(OC)c3)C2=O)ccc1O,26386.0,C22H22O5,366.4071,1.0
CC(C)C[C@H](NC(=O)[C@H](CCc1ccccc1)NC(=O)CN1CCOCC1)C(=O)N[C@@H](Cc1ccccc1)C(=O)N[C@@H](CC(C)C)C(=O)[C@@]1(C)CO1,28616.0,C40H57N5O7,719.9099,1.0
C/C=C/C[C@@H](C)[C@@H](O)[C@H]1C(=O)N[C@@H](CC)C(=O)N(C)CC(=O)N(C)[C@@H](CC(C)C)C(=O)N[C@@H](C(C)C)C(=O)N(C)[C@@H](CC(C)C)C(=O)N[C@@H](C)C(=O)N[C@H](C)C(=O)N(C)[C@@H](CC(C)C)C(=O)N(C)[C@@H](CC(C)C)C(=O)N(C)[C@@H](C(C)C)C(=O)N1C,365.0,C62H111N11O12,1202.6112,0.0
CC[C@@H]([C@H](C)O)n1ncn(-c2ccc(N3CCN(c4ccc(OCC5CO[C@@](Cn6cncn6)(c6ccc(F)cc6F)C5)cc4)CC3)cc2)c1=O,28992.0,C37H42F2N8O4,700.7774,0.0
C=C1/C(=C\C=C2/CCC[C@]3(C)[C@@H]([C@H](C)/C=C/[C@@H](O)C4CC4)CC[C@@H]23)C[C@@H](O)C[C@@H]1O,26648.0,C27H40O3,412.6047,1.0
CC(=O)c1ccc2c(c1)N(CCCN1CCC(CCO)CC1)c1ccccc1S2,3481.0,C24H30N2O2S,410.5722,0.0
CC(C)(C)C1CCC(CC2=C(O)C(=O)c3ccccc3C2=O)CC1,31638.0,C21H26O3,326.4293,0.0
CCOC(=O)C1=C(C)NC(C)=C(C(=O)OCC)C1c1ccccc1/C=C/C(=O)OC(C)(C)C,26429.0,C26H33NO6,455.5433,1.0
Cc1cc(C)c(C=C2C(=O)Nc3ccccc32)[nH]1,21132.0,C15H14N2O,238.2845,0.0
Cl.Clc1ccc(Cn2c(CN3CCCC3)nc3ccccc32)cc1,25136.0,C19H21Cl2N3,362.2961 (325.8352+36.4609),1.0
CNCCCC1c2ccccc2C=Cc2ccccc21.Cl,26951.0,C19H22ClN,299.8377 (36.4609+263.3767),0.0
CNCCCN1c2ccccc2CCc2ccccc21.Cl,26942.0,C18H23ClN2,302.8416 (266.3807+36.4609),0.0
CN1CCCN(C(c2ccccc2)c2ccc(Cl)cc2)CC1,25635.0,C19H23ClN2,314.8523,0.0
CN1CCN(CCCN2c3ccccc3Sc3ccc(S(=O)(=O)N(C)C)cc32)CC1.CS(=O)(=O)O.CS(=O)(=O)O,25558.0,C24H38N4O8S4,638.8405 (96.1057+96.1057+446.6292),0.0
CCCCCOc1ccccc1/C(=C\SC)n1ccnc1,31422.0,C17H22N2OS,302.4344,1.0
Fc1ccc(C(c2ccc(F)cc2)N2CCN(C/C=C/c3ccccc3)CC2)cc1,25616.0,C26H26F2N2,404.4948,0.0
CS(=O)(=O)CCNCc1ccc(-c2ccc3ncnc(Nc4ccc(OCc5cccc(F)c5)c(Cl)c4)c3c2)o1,26675.0,C29H26ClFN4O4S,581.0575,1.0
N=C(N)NN=C(C=Cc1ccc([N+](=O)[O-])o1)C=Cc1ccc([N+](=O)[O-])o1,26903.0,C14H12N6O6,360.2817,1.0
CCCCCCCCCCCC(=O)[O][Sn]([CH2]CCC)([CH2]CCC)[O]C(=O)CCCCCCCCCCC,4961.0,C32H64O4Sn,631.5582,1.0
COc1ccc2cc3[n+](cc2c1OC)CCc1cc2c(cc1-3)OCO2.[Cl-],4602.0,C20H18ClNO4,371.8142 (336.3607+35.4535),0.0
CCN1C(=CC=Cc2sc3ccccc3[n+]2CC)Sc2ccccc21.[I-],26591.0,C21H21IN2S2,492.4393 (126.9050+365.5343),0.0
O=C1C(I)=CC(=C(c2cc(I)c([O-])c(I)c2)c2ccccc2C(=O)[O-])C=C1I.[Na+].[Na+],26768.0,C20H8I4Na2O4,865.8725 (22.9892+22.9892+819.8941),0.0
CC(C)=CCOc1ccc(/C=C/C(=O)c2ccc(OCC=C(C)C)cc2OCC(=O)O)cc1,3586.0,C27H30O6,450.5235,1.0
COCCOC(=O)C1=C(C)NC(C)=C(C(=O)OC/C=C/c2ccccc2)C1c1cccc([N+](=O)[O-])c1,26309.0,C27H28N2O7,492.5204,0.0
CN1CCC(Nc2ncc3ncnc(Nc4ccc(F)c(Cl)c4)c3n2)CC1.Cl.Cl,26307.0,C18H21Cl3FN7,460.7636 (387.8418+36.4609+36.4609),1.0
Cl.O=C(OCC(O)CO)c1ccccc1Nc1ccnc2cc(Cl)ccc12,25497.0,C19H18Cl2N2O4,409.2632 (372.8023+36.4609),1.0
COC(=O)c1nc(Cl)c(Cl)nc1N,31434.0,C6H5Cl2N3O2,222.0288,1.0
Clc1ccc2c(c1)CCc1cccnc1C2=C1CCNCC1,24196.0,C19H19ClN2,310.8206,0.0
CN(C)CCCN1c2ccccc2CCc2ccc(Cl)cc21,2844.0,C19H23ClN2,314.8523,0.0
COC1=C(OC)C(=O)C(CCCCCCCCCCO)=C(C)C1=O,20678.0,C19H30O5,338.4385,0.0
COc1ccc([C@@H]2Sc3ccccc3NC(=O)[C@@H]2O)cc1,31533.0,C16H15NO3S,301.3602,0.0
CS(=O)(=O)O.N[C@@H]1[C@H]2CN(c3nc4c(cc3F)c(=O)c(C(=O)O)cn4-c3ccc(F)cc3F)C[C@@H]12,25701.0,C21H19F3N4O6S,512.4590 (416.3533+96.1057),0.0
O=C1Nc2ccc(Cl)cc2[C@@](C#CC2CC2)(C(F)(F)F)O1,26029.0,C14H9ClF3NO2,315.675,1.0
COc1cc2ncnc(Nc3ccc(F)c(Cl)c3)c2cc1OCCCN1CCOCC1,21034.0,C22H24ClFN4O3,446.9024,0.0
NC1(c2ccc(-c3nc4ccn5c(=O)[nH]nc5c4cc3-c3ccccc3)cc2)CCC1,28874.0,C25H21N5O,407.4671,0.0
Nc1ccc2c(c1)CN1C(=O)c3ccccc3C1=N2,31591.0,C15H11N3O,249.2673,0.0
CC(=O)Oc1ccccc1C(=O)Nc1ncc([N+](=O)[O-])s1,13757.0,C12H9N3O5S,307.282,0.0
COc1ccccc1OCCNCC(O)COc1cccc2[nH]c3ccccc3c12.O=C(O)C(O)C(O)C(=O)O,25916.0,C28H32N2O10,556.5611 (150.0868+406.4742),0.0
O=C(Oc1cccc2cccnc12)c1ccccc1,26069.0,C16H11NO2,249.264,1.0
CC[C@]1(O)C[C@@H]2C[N@@](CCc3c([nH]c4ccccc34)[C@@](C(=O)OC)(c3cc4c(cc3OC)N(C)[C@H]3[C@@](O)(C(=O)OC)[C@H](OC(C)=O)[C@]5(CC)C=CCN6CC[C@]43[C@@H]65)C2)C1.O=S(=O)(O)O,27831.0,C46H60N4O13S,909.0526 (810.9741+98.0785),1.0
Cc1cc2nc3c(=O)[nH]c(=O)nc-3n(C[C@H](O)[C@H](O)[C@H](O)CO)c2cc1C,1777.0,C17H20N4O6,376.3639,0.0
Oc1ccc(Cl)cc1Sc1cc(Cl)ccc1O,6137.0,C12H8Cl2O2S,287.1617,1.0
CN(C)c1ccc2nc3ccc(N(C)C)cc3[s+]c2c1.[Cl-],3296.0,C16H18ClN3S,319.8522 (284.3987+35.4535),0.0
CC1(C)[C@@H](OC(=O)CCC(=O)[O-])CC[C@]2(C)[C@H]3C(=O)C=C4[C@@H]5C[C@@](C)(C(=O)[O-])CC[C@]5(C)CC[C@@]4(C)[C@]3(C)CC[C@@H]12.[Na+].[Na+],25572.0,C34H48Na2O7,614.7203 (22.9892+22.9892+568.7418),0.0
Br.NC(=O)C(c1ccccc1)(c1ccccc1)[C@@H]1CCN(CCc2ccc3c(c2)CCO3)C1,26780.0,C28H31BrN2O2,507.4619 (426.5500+80.9119),0.0
CC(C)=CCC1C(=O)N(c2ccccc2)N(c2ccccc2)C1=O,3051.0,C20H20N2O2,320.385,1.0
COc1cc2c(c(OC)c1OC)-c1ccc(OC)c(=O)cc1[C@@H](NC(C)=O)CC2,4845.0,C22H25NO6,399.437,0.0
CC(=O)OCC(=O)[C@@]12OC(C)(C)O[C@@H]1C[C@H]1[C@@H]3C[C@H](F)C4=CC(=O)C=C[C@]4(C)[C@@]3(F)[C@@H](O)C[C@@]12C,25307.0,C26H32F2O7,494.5249,0.0
Cc1ccc(-n2nc(C(C)(C)C)cc2NC(=O)Nc2ccc(OCCN3CCOCC3)c3ccccc23)cc1,28883.0,C31H37N5O3,527.6572,0.0
CC(=O)O[C@@]12CO[C@@H]1C[C@H](O)[C@@]1(C)C(=O)[C@H](O)C3=C(C)[C@@H](OC(=O)[C@H](O)[C@@H](NC(=O)OC(C)(C)C)c4ccccc4)C[C@@](O)([C@@H](OC(=O)c4ccccc4)[C@H]21)C3(C)C,20464.0,C43H53NO14,807.8792,0.0
Cc1cccc(C)c1OCC(=O)N[C@@H](Cc1ccccc1)[C@@H](O)C[C@H](Cc1ccccc1)NC(=O)[C@H](C(C)C)N1CCCNC1=O,26456.0,C37H48N4O5,628.8008,0.0
COc1cc(C)nc(-n2nc(C)cc2OC)n1,25422.0,C11H14N4O2,234.2545,1.0
Cc1c(Cl)cccc1Nc1ccccc1C(=O)O,25409.0,C14H12ClNO2,261.7036,0.0
CCCCCCCC/C=C\CCCCCCCCN,6933.0,C18H37N,267.4931,0.0
CN(C)CCCN1c2ccccc2Sc2ccc(C(F)(F)F)cc21.Cl,25804.0,C18H20ClF3N2S,388.8780 (36.4609+352.4171),0.0
Cl.O=C1[C@H]2CCCC[C@H]2C(=O)N1CCCCN1CCN(c2nsc3ccccc23)CC1,26449.0,C23H31ClN4O2S,463.0358 (426.5749+36.4609),0.0
Clc1ccccc1C(c1ccccc1)(c1ccccc1)n1ccnc1,9871.0,C22H17ClN2,344.8368,1.0
ClCCN(CCCl)CCCl,28670.0,C6H12Cl3N,204.5252,0.0
CN(C)C(=O)C(CCN1CCC(O)(c2ccc(Cl)cc2)CC1)(c1ccccc1)c1ccccc1,25165.0,C29H33ClN2O2,477.0375,0.0
CS(=O)(=O)O.C[C@H](N)C(=O)N[C@@H](C)C(=O)N[C@@]1(C)[C@@H]2CN(c3nc4c(cc3F)c(=O)c(C(=O)O)cn4-c3ccc(F)cc3F)C[C@@H]21,31444.0,C28H31F3N6O8S,668.6413 (572.5357+96.1057),0.0
CNCCC(Oc1ccc(C(F)(F)F)cc1)c1ccccc1,3067.0,C17H18F3NO,309.3261,0.0
C[C@@H]1CC(=O)NN=C1c1ccc(NN=C(C#N)C#N)cc1,26445.0,C14H12N6O,280.2847,0.0
Cc1c(Cl)c(=O)oc2cc(OP(=O)(OCCCl)OCCCl)ccc12,26221.0,C14H14Cl3O6P,415.5901,0.0
Cc1ccc(S(=O)(=O)O)cc1.NC1CCN(c2nc3c(cc2F)c(=O)c(C(=O)O)cn3-c2ccc(F)cc2F)C1,27820.0,C26H23F3N4O6S,576.5442 (404.3426+172.2016),0.0
Oc1c(I)cc(I)c2cccnc12,3155.0,C9H5I2NO,396.951,0.0
O=C1OC(c2ccc(O)cc2)(c2ccc(O)cc2)c2ccccc21,1125.0,C20H14O4,318.3228,0.0
CC[n+]1c(-c2ccccc2)c2cc(N)ccc2c2ccc(N)cc21.[Br-],5258.0,C21H20BrN3,394.3076 (314.4031+79.9045),0.0
Cc1ccc(Cl)c(Nc2ccccc2C(=O)[O-])c1Cl.O.[Na+],25567.0,C14H12Cl2NNaO3,336.1457 (18.0153+22.9892+295.1412),0.0
O=C1OCCN1/N=C/c1ccc([N+](=O)[O-])o1,21997.0,C8H7N3O5,225.1583,0.0
CC1(C)OC(=O)Nc2ccc(Br)cc21,31474.0,C10H10BrNO2,256.0959,0.0
CC(C)=CCNc1ncnc2c1ncn2[C@@H]1O[C@H](CO)[C@@H](O)[C@H]1O,31617.0,C15H21N5O4,335.3583,0.0
c1ccc2c(c1)OCC(C1=NCCN1)O2,25161.0,C11H12N2O2,204.2252,1.0
C(=C/c1ccccc1)\CN1CCN(C(c2ccccc2)c2ccccc2)CC1,2821.0,C26H28N2,368.5139,0.0
C=C[C@@]1(C)CC(=O)[C@]2(O)[C@@]3(C)[C@@H](O)CCC(C)(C)[C@@H]3[C@H](O)[C@H](OC(C)=O)[C@@]2(C)O1,20484.0,C22H34O7,410.5012,0.0
CC(C)(C)CC(=O)OCC(=O)[C@@]1(O)CC[C@H]2[C@@H]3CCC4=CC(=O)C=C[C@]4(C)[C@H]3[C@@H](O)C[C@@]21C,3505.0,C27H38O6,458.587,0.0
Cc1c(C)c2c(c(C)c1O)CCC(C)(COc1ccc(CC3SC(=O)NC3=O)cc1)O2,3719.0,C24H27NO5S,441.5399,0.0
Cc1ccccc1C(=O)Nc1ccc(C(=O)N2CCCC(N(C)C)c3ccccc32)cc1,31430.0,C27H29N3O2,427.5381,0.0
COc1cc(C(=O)NS(=O)(=O)c2ccccc2C)ccc1Cc1cn(C)c2ccc(NC(=O)OC3CCCC3)cc12,3746.0,C31H33N3O6S,575.6752,0.0
Cc1nc(N)nc(N)c1-c1ccc(Cl)c(Cl)c1,31620.0,C11H10Cl2N4,269.1299,0.0
CCCCC(CC)CN1CN(CC(CC)CCCC)CC(C)(N)C1,25297.0,C21H45N3,339.6021,0.0
CCCCC1=NC2(CCCC2)C(=O)N1Cc1ccc(-c2ccccc2-c2nnn[nH]2)cc1,3169.0,C25H28N6O,428.5294,0.0
CCCCCCCCCC(=O)O[C@H]1CC[C@H]2[C@@H]3CCC4=CC(=O)CC[C@@H]4[C@H]3CC[C@]12C,3352.0,C28H44O3,428.6472,0.0
CCCCN(CCCC)CCC(O)c1cc2c(Cl)cc(Cl)cc2c2cc(C(F)(F)F)ccc12.Cl,25464.0,C26H31Cl3F3NO,536.8846 (500.4237+36.4609),0.0
CCCC(C(=O)OCCN(CC)CC)(c1ccccc1)c1ccccc1.Cl,25792.0,C23H32ClNO2,389.9587 (36.4609+353.4977),0.0
Cc1cccc(CN2CCN(C(c3ccccc3)c3ccc(Cl)cc3)CC2)c1.Cl.Cl,25348.0,C25H29Cl3N2,463.8702 (390.9483+36.4609+36.4609),0.0
COc1cc(NCc2ccc3nc(N)nc(N)c3c2C)cc(OC)c1OC.Cl.Cl.Cl,27794.0,C19H26Cl3N5O3,478.8004 (369.4176+36.4609+36.4609+36.4609),0.0
CN1CCCC(n2nc(Cc3ccc(Cl)cc3)c3ccccc3c2=O)CC1.Cl,25945.0,C22H25Cl2N3O,418.3594 (36.4609+381.8985),0.0
CN(C)c1ccc(O)c2c1C[C@H]1C[C@H]3[C@H](N(C)C)C(O)=C(C(N)=O)C(=O)[C@@]3(O)C(O)=C1C2=O.Cl,24545.0,C23H28ClN3O7,493.9373 (457.4764+36.4609),0.0
CN(C)CCC=C1c2ccccc2CCc2ccccc21.Cl,13187.0,C20H24ClN,313.8643 (277.4033+36.4609),0.0
CN(C)CCC=C1c2ccccc2C=Cc2ccccc21.Cl,25105.0,C20H22ClN,311.8484 (275.3874+36.4609),0.0
CN(C)CCCN1c2ccccc2Sc2ccccc21.Cl,26949.0,C17H21ClN2S,320.8800 (284.4191+36.4609),0.0
CN(C/C=C/c1ccccc1)Cc1cccc2ccccc12.Cl,25496.0,C21H22ClN,323.8591 (287.3981+36.4609),0.0
C=C1c2cccc(O)c2C(=O)C2=C(O)[C@]3(O)C(=O)C(C(N)=O)=C(O)[C@@H](N(C)C)[C@@H]3[C@@H](O)[C@H]12.Cl,25382.0,C22H23ClN2O8,478.8796 (442.4187+36.4609),0.0
Cl.O=C(O)Cc1ccc(OCCNC[C@H](O)c2ccccc2)cc1,28968.0,C18H22ClNO4,351.8246 (315.3636+36.4609),1.0
COc1cccc(CCc2ccccc2OCC(CN(C)C)OC(=O)CCC(=O)O)c1.Cl,26662.0,C24H32ClNO6,465.9670 (429.5060+36.4609),0.0
CCOC(=O)Nc1ccc2c(c1)N(C(=O)CCN1CCOCC1)c1ccccc1S2.Cl,27766.0,C22H26ClN3O4S,463.9775 (427.5166+36.4609),0.0
CN1C[C@H]2c3ccccc3Oc3ccc(Cl)cc3[C@@H]2C1,28974.0,C17H16ClNO,285.768,0.0
O=C1C(O)=C([C@H]2CC[C@H](c3ccc(Cl)cc3)CC2)C(=O)c2ccccc21,2629.0,C22H19ClO3,366.8375,0.0
COc1ccc2c(c1)c(CC(=O)O)c(C)n2C(=O)c1ccc(Cl)cc1,740.0,C19H16ClNO4,357.7876,0.0
Cc1nc2ccccc2n1Cc1ccc(Cl)cc1,26140.0,C15H13ClN2,256.7301,0.0
O=c1[nH]c2ccccc2n1CCCN1CCC(n2c(=O)[nH]c3cc(Cl)ccc32)CC1,25116.0,C22H24ClN5O2,425.9113,0.0
CC(CN1c2ccccc2Sc2ccccc21)N(C)C,3518.0,C17H20N2S,284.4191,0.0
CN(C(=O)CCCOc1ccc2[nH]c(=O)ccc2c1)C1CCCCC1,25140.0,C20H26N2O3,342.432,0.0
CN(Cc1ccc(C(C)(C)C)cc1)Cc1cccc2ccccc12,20657.0,C23H27N,317.4672,0.0
Cn1cc(C2=C(c3cn(C4CCN(Cc5ccccn5)CC4)c4ccccc34)C(=O)NC2=O)c2ccccc21,24029.0,C32H29N5O2,515.605,0.0
COc1ccc(C=CC(=O)c2ccc(OC)cc2OC)cc1,26152.0,C18H18O4,298.3331,1.0
Cc1nc2sccn2c(=O)c1CCN1CCC(=C(c2ccc(F)cc2)c2ccc(F)cc2)CC1,22594.0,C27H25F2N3OS,477.5687,0.0
O=C(CCCN1CCC(O)(c2ccc(Br)cc2)CC1)c1ccc(F)cc1,2690.0,C21H23BrFNO2,420.3152,0.0
O=C1NCN(c2ccccc2)C12CCN(CCCOc1ccc(F)cc1)CC2,22579.0,C22H26FN3O2,383.4591,0.0
C[C@@H]1CC(=O)NN=C1c1ccc(NN=C(C#N)C#N)cc1,26445.0,C14H12N6O,280.2847,0.0
N#C/C(=C1\SCC(c2ccccc2Cl)S1)n1ccnc1,26428.0,C14H10ClN3S2,319.8323,0.0
C/C1=C2/N=C(/C=C3\N=C(/C(C)=C4/[C@@H](CCC(N)=O)[C@](C)(CC(N)=O)[C@](C)([C@@H]5N=C1[C@](C)(CCC(=O)NC[C@@H](C)OP(=O)([O-])O[C@H]1[C@@H](O)[C@@H](n6cnc7cc(C)c(C)cc76)O[C@@H]1CO)[C@H]5CC(N)=O)[N]4[Co+][C]#N)[C@@](C)(CC(N)=O)[C@@H]3CCC(N)=O)C(C)(C)[C@@H]2CCC(N)=O,24346.0,C63H88CoN14O14P,1355.3652,0.0
Nc1ncn([C@@H]2O[C@H](CO)[C@@H](O)[C@H]2O)c(=O)n1,116.0,C8H12N4O5,244.2047,0.0
Nc1ccncc1N,26715.0,C5H7N3,109.1292,0.0
CCCSSC(CCO)=C(C)N(C=O)Cc1cnc(C)nc1N,26633.0,C15H24N4O2S2,356.5067,0.0
Nc1nc2nc[nH]c2c(=S)[nH]1,3652.0,C5H5N5S,167.1917,0.0
CCOc1ccc2nc(S(N)(=O)=O)sc2c1,3021.0,C9H10N2O3S2,258.3173,0.0
O=C(Nc1ccc([N+](=O)[O-])cc1)Nc1ccc([N+](=O)[O-])cc1,23761.0,C13H10N4O5,302.2423,0.0
O=NN(CCCl)C(=O)NC1CCCCC1,3222.0,C9H16ClN3O2,233.6952,0.0
O=C(O)/C=C/C(=O)O.c1ccc(C(O[C@H]2CCCN(CCc3ccc4c(c3)OCO4)C2)c2ccccc2)cc1,28963.0,C31H33NO7,531.5962 (415.5241+116.0722),0.0
CC(=O)c1ccc2c(c1)N(CCCN(C)C)c1ccccc1S2.O=C(O)/C=C\C(=O)O,27763.0,C23H26N2O5S,442.5279 (326.4558+116.0722),0.0
O=C(O)/C=C\C(=O)O.O=C(O)/C=C\C(=O)O.c1cc(CN2CCCCC2)cc(OCCCNc2nc3ccccc3s2)c1,25811.0,C30H35N3O9S,613.6786 (116.0722+116.0722+381.5343),0.0
Nc1nc(=O)c2nc(CNc3ccc(C(=O)N[C@@H](CCC(=O)O)C(=O)O)cc3)cnc2[nH]1,2519.0,C19H19N7O6,441.3975,0.0
CC(C(=O)O)c1ccc2c(c1)CC(=O)c1ccccc1S2,29002.0,C17H14O3S,298.3563,0.0
COc1ccc(-c2ccc3cc(C(=O)O)ccc3c2)cc1C12CC3CC(CC(C3)C1)C2,26481.0,C28H28O3,412.5201,1.0
CCCc1nc2c(C)cc(-c3nc4ccccc4n3C)cc2n1Cc1ccc(-c2ccccc2C(=O)O)cc1,3636.0,C33H30N4O2,514.6169,0.0
COC(=O)Nc1nc2cc(C(=O)C3CC3)ccc2[nH]1,31502.0,C13H13N3O3,259.2606,0.0
COC(=O)Nc1nc2cc(C(=O)c3ccccc3)ccc2[nH]1,20682.0,C16H13N3O3,295.2927,0.0
CCCOc1ccc2[nH]c(NC(=O)OC)nc2c1,25625.0,C12H15N3O3,249.2658,0.0
CCOC(=O)O[C@]1(C(=O)OCCl)CC[C@H]2[C@@H]3CCC4=CC(=O)C=C[C@]4(C)[C@H]3[C@@H](O)C[C@@]21C,26468.0,C24H31ClO7,466.9517,0.0
C#C[C@]1(O)CC[C@H]2[C@@H]3CCC4=CC(=O)CCC4=C3C=C[C@@]21CC,3094.0,C21H24O2,308.4141,0.0
COc1ccc(NS(=O)(=O)c2ccc(N)cc2)nn1,3611.0,C11H12N4O3S,280.303,0.0
O=C(O)c1ccccc1-c1ccc(C(F)(F)F)cc1,26565.0,C14H9F3O2,266.2153,0.0
OC(CN1CCC(Cc2ccc(F)cc2)CC1)c1ccc(Cl)cc1,25744.0,C20H23ClFNO,347.8541,1.0
C/C=C(C(=C/C)/c1ccc(O)cc1)\c1ccc(O)cc1,2382.0,C18H18O2,266.3343,1.0
O=C1Nc2ccccc2C1(c1ccc(O)cc1)c1ccc(O)cc1,24528.0,C20H15NO3,317.338,0.0
Cc1cc(O)c2c(O)c3c(O)cccc3cc2c1,28597.0,C15H12O3,240.254,0.0
COc1c(C)c2c(c(O)c1C/C=C(\C)CCC(=O)OCCN1CCOCC1)C(=O)OC2,3340.0,C23H31NO7,433.4947,0.0
C#C[C@]1(O)CC[C@H]2[C@@H]3CCc4cc(O)ccc4[C@H]3CC[C@@]21C,576.0,C20H24O2,296.4034,0.0
COc1cc([C@H]2Oc3cc([C@H]4Oc5cc(O)cc(O)c5C(=O)[C@@H]4O)ccc3O[C@@H]2CO)ccc1O,6018.0,C25H22O10,482.4362,1.0
CC1(C)O[C@@H]2C[C@H]3[C@@H]4CCC5=CC(=O)C=C[C@]5(C)[C@H]4[C@@H](O)C[C@]3(C)[C@]2(C(=O)CO)O1,26756.0,C24H32O6,416.5073,0.0
S=c1[nH]cnc2[nH]cnc12,810.0,C5H4N4S,152.1771,0.0
OC[C@H]1O[C@@H](n2cnc3c(S)ncnc32)[C@H](O)[C@@H]1O,26019.0,C10H12N4O4S,284.2917,0.0
C[N+]1(CCF)[C@@H]2CC[C@H]1C[C@@H](OC(=O)C(O)(c1ccccc1)c1ccccc1)C2.[Br-].[Br-],28581.0,C24H29Br2FNO3,558.2989 (398.4898+79.9045+79.9045),0.0
CC[N+](C)(CC)CCOC(=O)C(O)(c1ccccc1)C1CCCCC1.[Br-],25632.0,C21H34BrNO3,428.4036 (348.4990+79.9045),0.0
CC[N+](CC)(CCNC(=O)C(=O)NCC[N+](CC)(CC)Cc1ccccc1Cl)Cc1ccccc1Cl.[Cl-].[Cl-],2582.0,C28H42Cl4N4O2,608.4707 (537.5636+35.4535+35.4535),0.0
CC[N+](CC)(CC)CC.[Cl-],21137.0,C8H20ClN,165.7041 (130.2506+35.4535),0.0
Cc1cc2nc3ccc(N(C)C)cc3[s+]c2cc1N.[Cl-],28654.0,C15H16ClN3S,305.8256 (270.3721+35.4535),0.0
Cc1cccn2c(=O)c(-c3nnn[n-]3)cnc12.[K+],26623.0,C10H7KN6O,266.3005 (227.2027+39.0978),0.0
O=C1OC(c2ccc(O)c(S(=O)(=O)[O-])c2)(c2ccc(O)c(S(=O)(=O)[O-])c2)c2c(Br)c(Br)c(Br)c(Br)c21.[Na+].[Na+],3621.0,C20H8Br4Na2O10S2,837.9971 (22.9892+22.9892+792.0186),0.0
N#[C][Fe-2]([C]#N)([C]#N)([C]#N)([C]#N)[N]=O.O.O.[Na+].[Na+],21126.0,C5H4FeN6Na2O3,297.9482 (215.9392+22.9892+22.9892+18.0153+18.0153),0.0
Nc1c(CC(=O)[O-])cccc1C(=O)c1ccc(Br)cc1.Nc1c(CC(=O)[O-])cccc1C(=O)c1ccc(Br)cc1.O.O.O.[Na+].[Na+],24206.0,C30H28Br2N2Na2O9,766.3389 (333.1573+22.9892+333.1573+22.9892+18.0153+18.0153+18.0153),0.0
CO[C@@]1(NC(=O)C(C(=O)[O-])c2ccc(O)cc2)C(=O)N2C(C(=O)[O-])=C(CSc3nnnn3C)CO[C@@H]21.[Na+].[Na+],25595.0,C20H18N6Na2O9S,564.4363 (22.9892+22.9892+518.4578),0.0
O=C1CN(N=Cc2ccc(-c3ccc([N+](=O)[O-])cc3)o2)C(=O)[N-]1.[Na+],24585.0,C14H9N4NaO5,336.2348 (313.2456+22.9892),0.0
CC1(C)OC[C@@H]2O[C@@]3(C(=O)[O-])OC(C)(C)O[C@H]3[C@@H]2O1.[Na+],14540.0,C12H17NaO7,296.2489 (273.2597+22.9892),0.0
CC(C)n1c(/C=C/[C@@H](O)C[C@@H](O)CC(=O)[O-])c(-c2ccc(F)cc2)c2ccccc21.[Na+],24758.0,C24H25FNNaO4,433.4478 (22.9892+410.4586),0.0
CCOc1ccc2ccccc2c1C(=O)N[C@@H]1C(=O)N2[C@@H]1SC(C)(C)[C@@H]2C(=O)[O-].O.[Na+],25570.0,C21H23N2NaO6S,454.4719 (18.0153+22.9892+413.4674),0.0
COC(=O)C1=C(C)NC(C)=C(C(=O)OCCc2ccc(N3CCN(C(c4ccccc4)c4ccccc4)CC3)cc2)C1c1cccc([N+](=O)[O-])c1,23747.0,C41H42N4O6,686.7954,0.0
CS(=O)(=O)Nc1ccc([N+](=O)[O-])cc1Oc1ccccc1,17250.0,C13H12N2O5S,308.3098,0.0
Br.CC(Cc1ccc(O)cc1)NCC(O)c1cc(O)cc(O)c1,25419.0,C17H22BrNO4,384.2649 (303.3529+80.9119),0.0
O=c1sc2ccccc2c(O)c1C1CC(c2ccc(-c3ccc(Br)cc3)cc2)Cc2ccccc21,12374.0,C31H23BrO2S,539.4821,1.0
C#Cc1cccc(Nc2ncnc3cc(OCCOC)c(OCCOC)cc23)c1,26454.0,C22H23N3O4,393.4357,0.0
C[C@@H]1CN(c2c(F)c(F)c3c(=O)c(C(=O)O)cn(C4CC4)c3c2F)C[C@H](C)N1,26201.0,C19H20F3N3O3,395.3756,0.0
CC[C@]1(O)CC[C@H]2[C@@H]3CCC4=CCCC[C@@H]4[C@H]3CC[C@@]21C,3024.0,C20H32O,288.4675,0.0
CC#C[C@]1(O)CC[C@H]2[C@@H]3C[C@H](C)C4=CC(=O)CC[C@]4(C)[C@H]3CC[C@@]21C,31623.0,C23H32O2,340.499,0.0
C[C@@H]1CCC[C@H](C)N1CCCC(O)(c1ccccc1)c1ccccn1,23839.0,C22H30N2O,338.4864,0.0
C[N+]1(C)[C@@H]2CC[C@H]1C[C@@H](OC(=O)C(CO)c1ccccc1)C2.O=[N+]([O-])[O-],25543.0,C18H26N2O6,366.4088 (304.4034+62.0054),0.0
CC(C)=CCC/C(C)=C/CO,6727.0,C10H18O,154.2493,0.0
C=C(C)[C@H]1Cc2c(ccc3c2O[C@@H]2COc4cc(OC)c(OC)cc4[C@@H]2C3=O)O1,1248.0,C23H22O6,394.4172,0.0
c1cnc(N2CCN(Cc3ccc4c(c3)OCO4)CC2)nc1,25188.0,C16H18N4O2,298.3397,0.0
c1ccc2c(c1)CCc1ccccc1N2,29374.0,C14H13N,195.2597,0.0
c1ccc2c(c1)sc1ccccc12,27725.0,C12H8S,184.2569,0.0
C1N2CN3CN1CN(C2)C3,692.0,C6H12N4,140.1863,0.0
C=C(C)[C@H]1CN[C@H](C(=O)O)[C@H]1CC(=O)O,20526.0,C10H15NO4,213.2304,0.0
CC(=O)[C@H]1CC[C@H]2[C@@H]3C=CC4=CC(=O)CC[C@@]4(C)[C@@H]3CC[C@]12C,2974.0,C21H28O2,312.4458,0.0
CCCc1c(OCCCCc2nnn[nH]2)ccc(C(C)=O)c1O,344.0,C16H22N4O3,318.3709,0.0
C#C[C@]1(OC(C)=O)CC[C@H]2[C@@H]3CCC4=C[C@@H](OC(C)=O)CC[C@@H]4[C@H]3CC[C@@]21C,614.0,C24H32O4,384.5085,0.0
CC(=O)OC[C@H]1O[C@@H](n2ncc(=O)[nH]c2=O)[C@H](OC(C)=O)[C@@H]1OC(C)=O,2635.0,C14H17N3O9,371.2995,0.0
CC(=O)Oc1ccc(C(c2ccc(OC(C)=O)cc2)c2ccccn2)cc1,2681.0,C22H19NO4,361.3906,0.0
CC(=O)Oc1ccc(C2(c3ccc(OC(C)=O)cc3)C(=O)Nc3ccccc32)cc1,3411.0,C24H19NO5,401.4114,0.0
CC(=O)Oc1ccc2c(c1)CC[C@@H]1[C@@H]2CC[C@]2(C)[C@@H](O)CC[C@@H]12,25867.0,C20H26O3,314.4186,0.0
CC(=O)OCC(=O)[C@@]1(O)[C@H](OC(C)=O)C[C@H]2[C@@H]3CCC4=CC(=O)C=C[C@]4(C)[C@@]3(F)[C@@H](O)C[C@@]21C,28639.0,C25H31FO8,478.5072,0.0
CC(C(=O)O)c1cccc(C(=O)c2ccccc2)c1,771.0,C16H14O3,254.2806,0.0
Cc1cc(C(C)(C)C)c(O)c(C)c1CC1=NCCN1,20691.0,C16H24N2O,260.3746,0.0
CC(C)(C)NC(=O)[C@H]1CC[C@H]2[C@@H]3CC[C@H]4NC(=O)C=C[C@]4(C)[C@H]3CC[C@]12C,625.0,C23H36N2O2,372.5441,0.0
CC(C)(C)NCC(O)COc1cccc2c1C[C@H](O)[C@H](O)C2,3342.0,C17H27NO4,309.4006,0.0
CC(C)[C@H]1CC[C@H](C(=O)N[C@H](Cc2ccccc2)C(=O)O)CC1,20687.0,C19H27NO3,317.4226,0.0
CCOC(=O)C1=C(C)NC(C)=C(C(=O)OC)C1c1cccc([N+](=O)[O-])c1,3373.0,C18H20N2O6,360.3612,0.0
CCC1(C)CC(=O)NC1=O,3019.0,C7H11NO2,141.1677,0.0
CCO[C@H]1O[C@@H]2OC3(C)CC[C@H]4[C@H](C)CC[C@@H]([C@H]1C)[C@@]24OO3,31610.0,C17H28O5,312.4012,0.0
Cc1cc(NC(=O)C2=C(O)c3ccccc3S(=O)(=O)N2C)no1,25462.0,C14H13N3O5S,335.3351,0.0
Cc1cc(CCCOc2c(C)cc(-c3noc(C(F)(F)F)n3)cc2C)on1,31438.0,C18H18F3N3O3,381.349,0.0
Cc1ccc(S(=O)(=O)NC(=O)NC2CCCCCCC2)cc1,26394.0,C16H24N2O3S,324.4384,0.0
Cc1ncc([N+](=O)[O-])n1CC(O)CCl,25420.0,C7H10ClN3O3,219.6256,0.0
Cc1nnc(C(=O)NC(C)(C)c2nc(C(=O)NCc3ccc(F)cc3)c(O)c(=O)n2C)o1,28586.0,C20H21FN6O5,444.4163,0.0
Cc1cnc(NC(=O)C2=C(O)c3ccccc3S(=O)(=O)N2C)s1,803.0,C14H13N3O4S2,351.4007,0.0
Cc1oc(-c2ccccc2)nc1CCC(=O)c1ccc(CC2SC(=O)NC2=O)cc1,31433.0,C23H20N2O4S,420.4809,0.0
CCCC(=O)O[C@]1(C(=O)CC)CC[C@H]2[C@@H]3CCC4=CC(=O)CC[C@]4(C)[C@H]3[C@@H](O)C[C@@]21C,31614.0,C26H38O5,430.5769,0.0
CCC(=O)O[C@H]1[C@H](O[C@@H]2[C@@H](C)[C@H](O[C@H]3C[C@@](C)(OC)[C@@H](O)[C@H](C)O3)[C@@H](C)C(=O)O[C@H](CC)[C@@](C)(O)[C@H](O)[C@@H](C)C(=O)[C@H](C)C[C@@]2(C)O)O[C@H](C)C[C@@H]1N(C)C,2994.0,C40H71NO14,789.99,0.0
CCC1(c2ccccc2)C(=O)NCNC1=O,3510.0,C12H14N2O2,218.2518,0.0
CCCC(CCC)(C(=O)OCC)C(=O)OCC,31572.0,C13H24O4,244.3273,0.0
CCCCCCCCCCC(CO)CCCCCCCC,16288.0,C20H42O,298.5469,0.0
CCCCCCCCCCCCCCCCN,5390.0,C16H35N,241.4558,0.0
CCCOc1ccc2c(c1)CC[C@@H]1[C@@H]2CC[C@]2(C)C(OC)CC[C@@H]12,31519.0,C22H32O2,328.4883,0.0
CCCS(=O)c1ccc2[nH]c(NC(=O)OC)nc2c1,31557.0,C12H15N3O3S,281.3308,0.0
CCN(CC)CC(=O)OCC(=O)[C@@]1(O)CC[C@H]2[C@@H]3CCC4=CC(=O)CC[C@]4(C)[C@H]3[C@@H](O)C[C@@]21C,31613.0,C27H41NO6,475.6175,0.0
CCCCOc1cc(C(=O)NCCN(CC)CC)c2ccccc2n1,25271.0,C20H29N3O2,343.4632,0.0
CCOC(=O)c1cnc2c(cnn2CC)c1NN=C(C)C.Cl,25767.0,C14H20ClN5O2,325.7939 (36.4609+289.3330),0.0
CC(=O)[C@]1(O)Cc2c(O)c3c(c(O)c2[C@@H](O[C@H]2C[C@H](N)[C@H](O)[C@H](C)O2)C1)C(=O)c1ccccc1C3=O.Cl,27775.0,C26H28ClNO9,533.9548 (497.4939+36.4609),0.0
Cc1cc(C(C)(C)C)cc(C)c1CC1=NCCN1.Cl,25223.0,C16H25ClN2,280.8361 (244.3752+36.4609),0.0
CC1CC(OC(=O)C(O)c2ccccc2)CC(C)(C)N1C.Cl,25828.0,C17H26ClNO3,327.8462 (291.3853+36.4609),0.0
CCN1CCCC(OC(=O)C(c2ccccc2)c2ccccc2)C1.Cl,25292.0,C21H26ClNO2,359.8896 (36.4609+323.4287),0.0
CN[C@@H]1[C@H](O)[C@H](NC)[C@H]2O[C@@]3(O)C(=O)C[C@@H](C)O[C@H]3O[C@@H]2[C@H]1O.Cl.Cl,25429.0,C14H26Cl2N2O7,405.2714 (332.3496+36.4609+36.4609),0.0
Cc1ncc(CSSCc2cnc(C)c(O)c2CO)c(CO)c1O.Cl.Cl,26550.0,C16H22Cl2N2O4S2,441.3929 (368.4710+36.4609+36.4609),0.0
CN(C)CCN(Cc1ccc(Cl)cc1)c1ccccn1.Cl,28785.0,C16H21Cl2N3,326.2640 (289.8031+36.4609),0.0
CC(Cc1ccccc1)NCc1ccccc1Cl.Cl,26145.0,C16H19Cl2N,296.2348 (259.7738+36.4609),0.0
CN(CCCl)CCCl.Cl,5757.0,C5H12Cl3N,192.5145 (156.0535+36.4609),0.0
CN(Cc1cc(Br)cc(Br)c1N)C1CCCCC1.Cl,25886.0,C14H21Br2ClN2,412.5909 (376.1300+36.4609),0.0
CN1CCN(c2cc3c(cc2F)c(=O)c(C(=O)O)cn3-c2ccc(F)cc2)CC1.Cl,26599.0,C21H20ClF2N3O3,435.8516 (399.3907+36.4609),0.0
CN1CCC(OC(c2ccccc2)c2ccccc2)CC1.Cl,27752.0,C19H24ClNO,317.8530 (281.3920+36.4609),0.0
COc1ccc(-c2nc3cc(C4=NNC(=O)CC4C)ccc3[nH]2)cc1.Cl,26804.0,C19H19ClN4O2,370.8328 (334.3718+36.4609),0.0
COc1ccc(Cc2nccc3cc(OC)c(OC)cc23)cc1OC.Cl,5825.0,C20H22ClNO4,375.8460 (339.3850+36.4609),0.0
COc1cc2c(cc1OC)C(C(C(=O)N(CCc1ccc(OC)c(OC)c1OC)CCc1ccc(OC)c(OC)c1OC)c1ccccc1)=NCC2.Cl,26305.0,C41H49ClN2O9,749.2888 (712.8278+36.4609),0.0
Cl.FC(F)(F)c1cccc(C2=CCN(CCc3ccc4ccccc4c3)CC2)c1,26724.0,C24H23ClF3N,417.8943 (381.4334+36.4609),0.0
Cl.O=C(O)c1cn(-c2ccc(F)cc2)c2cc(N3CCNCC3)c(F)cc2c1=O,25939.0,C20H18ClF2N3O3,421.8250 (36.4609+385.3641),0.0
Cl.Nc1ccn([C@@H]2O[C@H](CO)[C@@H](O)C2(F)F)c(=O)n1,27827.0,C9H12ClF2N3O4,299.6591 (263.1981+36.4609),0.0
COc1cc2nc(N3CCN(C(=O)C4CCCO4)CC3)nc(N)c2cc1OC.Cl,25493.0,C19H26ClN5O4,423.8938 (387.4329+36.4609),0.0
CC(C)CC(NC(=O)CNC(=O)[C@H](Cc1ccc(O)cc1)NC(=O)[C@@H](CO)NC(=O)[C@@H](Cc1c[nH]c2ccccc12)NC(=O)[C@H](Cc1c[nH]cn1)NC(=O)[C@H]1CCC(=O)N1)C(=O)N[C@H](CCCNC(=N)N)C(=O)N1CCC[C@@H]1C(=O)NCC(N)=O.Cl,28880.0,C55H76ClN17O13,1218.7510 (1182.2901+36.4609),0.0
COc1cc2nc(N(C)CCCNC(=O)C3CCCO3)nc(N)c2cc1OC.Cl,25514.0,C19H28ClN5O4,425.9097 (389.4488+36.4609),0.0
Cl.OC(CCN1CCCCC1)(c1ccccc1)C1CC2C=CC1C2,27832.0,C21H30ClNO,347.9220 (311.4611+36.4609),0.0
COc1cccc2c1C(=O)c1c(O)c3c(c(O)c1C2=O)C[C@@](O)(C(=O)CO)C[C@@H]3O[C@H]1C[C@H](N)[C@H](O)[C@H](C)O1.Cl,10636.0,C27H30ClNO11,579.9802 (543.5193+36.4609),0.0
COc1ccc2c(c1)c(CC(=O)OCC(=O)O)c(C)n2C(=O)c1ccc(Cl)cc1,2540.0,C21H18ClNO6,415.8237,0.0
O=C(NCCN1CCOCC1)c1ccc(Cl)cc1,20554.0,C13H17ClN2O2,268.7393,0.0
Clc1ccc(C(c2ccc(Cl)cc2)C(Cl)(Cl)Cl)cc1,375.0,C14H9Cl5,354.4863,0.0
OCCOCCN1CCN(C(c2ccccc2)c2ccc(Cl)cc2)CC1,3137.0,C21H27ClN2O2,374.9043,0.0
Clc1ccc(Nc2nnc(Cc3ccncc3)c3ccccc23)cc1,26919.0,C20H15ClN4,346.8129,0.0
CN1C(=O)CN=C(c2ccccc2)c2cc(Cl)ccc21,406.0,C16H13ClN2O,284.7402,0.0
Cc1nnc2n1-c1sc(CCC(=O)N3CCOCC3)cc1C(c1ccccc1Cl)=NC2,28900.0,C22H22ClN5O2S,455.9604,0.0
ClC1=C(Cl)C2(Cl)C(CBr)CC1(Cl)C2(Cl)Cl,21680.0,C8H5BrCl6,393.7473,0.0
O=C(O)COC(=O)Cc1ccccc1Nc1c(Cl)cccc1Cl,25522.0,C16H13Cl2NO4,354.1847,0.0
Clc1ccc(C(c2ccccc2Cl)C(Cl)Cl)cc1,372.0,C14H10Cl4,320.0412,0.0
Clc1ccccc1-c1nc(-c2ccncc2)no1,25117.0,C13H8ClN3O,257.6751,0.0
CCCC(=O)O[C@]1(C(=O)CCl)[C@@H](C)C[C@H]2[C@@H]3CCC4=CC(=O)C=C[C@]4(C)[C@@]3(F)C(=O)C[C@@]21C,26823.0,C26H32ClFO5,478.9807,0.0
CN(C)CCCOC1(Cc2ccccc2)CCCCCC1,2646.0,C19H31NO,289.4555,0.0
CCOC(C(=O)OCCN(C)C)(c1ccccc1)c1ccccc1,31548.0,C20H25NO3,327.4174,0.0
CN(C)CCOC1=Cc2ccccc2Sc2ccc(Cl)cc21,3756.0,C18H18ClNOS,331.8596,0.0
CN(CCOc1ccc(CC2SC(=O)NC2=O)cc1)c1ccccn1,17131.0,C18H19N3O3S,357.4268,0.0
CN1CCC(=C2c3ccccc3C=Cc3ccccc32)CC1,2872.0,C21H21N,287.3981,0.0
CCOCCn1c(N2CCCN(C)CC2)nc2ccccc21.O=C(O)/C=C/C(=O)O.O=C(O)/C=C/C(=O)O,26911.0,C25H34N4O9,534.5589 (302.4145+116.0722+116.0722),0.0
CN1CCN(C2=Nc3cc(F)ccc3Cc3ccccc32)CC1,26123.0,C19H20FN3,309.3806,0.0
Cc1cc2c(s1)Nc1ccccc1N=C2N1CCN(C)CC1,3388.0,C17H20N4S,312.4325,0.0
COc1ccc2c(c1OC)C(=O)O[C@H]2[C@@H]1c2cc3c(cc2CCN1C)OCO3,25611.0,C21H21NO6,383.3945,0.0
CN1[C@@H]2CC[C@H]1C[C@@H](OC(=O)c1cc(Cl)cc(Cl)c1)C2,22632.0,C15H17Cl2NO2,314.207,0.0
COc1cc2c(Nc3ccc(Br)cc3F)ncnc2cc1OCC1CCN(C)CC1,26681.0,C22H24BrFN4O2,475.354,0.0
CNc1c2c(nn1C)CCCC2,26130.0,C9H15N3,165.2355,0.0
CNCCCC12CCC(c3ccccc31)c1ccccc12,25029.0,C20H23N,277.4033,0.0
COC(=O)C(Cl)C(=O)OC,28944.0,C5H7ClO4,166.5597,0.0
COc1c2occc2cc2ccc(=O)oc12,830.0,C12H8O4,216.1895,0.0
COc1cc(C(=O)OCCCN2CCCN(CCCOC(=O)c3cc(OC)c(OC)c(OC)c3)CC2)cc(OC)c1OC,25425.0,C31H44N2O10,604.6885,0.0
COc1ccc(CCN(C)CCCC(C#N)(c2ccc(OC)c(OC)c2)C(C)C)cc1OC,21152.0,C27H38N2O4,454.6016,0.0
CCc1cc2cc(OC)c(OC)cc2c(Cc2ccccc2)n1,31402.0,C20H21NO2,307.3862,0.0
COc1ccc(C(Cl)=C(c2ccc(OC)cc2)c2ccc(OC)cc2)cc1,1299.0,C23H21ClO3,380.864,0.0
COc1c2occc2c(OC)c2c(=O)cc(C)oc12,25267.0,C14H12O5,260.2421,0.0
COc1ccnc2c1CCCCC2S(=O)c1nc2ccccc2[nH]1,31442.0,C18H19N3O2S,341.4274,0.0
CC1=C(CC(=O)O)c2cc(F)ccc2/C1=C\c1ccc(S(C)=O)cc1,3624.0,C20H17FO3S,356.4106,0.0
C[C@]12CC[C@@H]3c4ccc(O)cc4C[C@@H](CCCCCCCCCS(=O)CCCC(F)(F)C(F)(F)F)[C@H]3[C@@H]1CC[C@@H]2O,2369.0,C32H47F5O3S,606.7708,0.0
NS(=O)(=O)c1cc2c(cc1C(F)(F)F)NCNS2(=O)=O,3132.0,C8H8F3N3O4S2,331.292,0.0
FC(F)(F)c1ccccc1-n1ccnc1,25217.0,C10H7F3N2,212.1712,0.0
O=c1[nH]c(=O)n([C@H]2C[C@H](O)[C@@H](CO)O2)cc1F,3057.0,C9H11FN2O5,246.1924,0.0
CC1CCN(CCCC(=O)c2ccc(F)cc2)CC1,3298.0,C16H22FNO,263.3504,0.0
O=C(CCCN1CCC2(CC1)C(=O)NCN2c1ccccc1)c1ccc(F)cc1,25205.0,C23H26FN3O2,395.4698,0.0
O=S1(=O)c2cccc3cccc(c23)N1CCCN1CCN(c2ccc(F)cc2)CC1,26743.0,C23H24FN3O2S,425.519,0.0
FC1(F)C(F)(F)C(F)(F)C2(F)C(F)(F)C(F)(F)C(F)(F)C(F)(F)C2(F)C1(F)F,26511.0,C10F18,462.0783,0.0
O=C(O)C(Cc1cc(I)c(O)c(I)c1)c1ccccc1,26131.0,C15H12I2O3,494.0629,0.0
O=C1OC2(c3ccccc31)c1cc(I)c(O)c(I)c1Oc1c2cc(I)c(O)c1I,24207.0,C20H8I4O5,835.8924,0.0
CC(C)(C#N)c1cc(Cn2cncn2)cc(C(C)(C)C#N)c1,2607.0,C17H19N5,293.3663,0.0
Cc1[nH]c(=O)c(C#N)cc1-c1ccncc1,3324.0,C12H9N3O,211.2194,0.0
CC(C)(Cc1c[nH]c2ccccc12)NCC(O)COc1ccccc1C#N,26744.0,C22H25N3O2,363.4528,0.0
N#CCC(=O)NN,26572.0,C3H5N3O,99.0913,0.0
N=C(Nc1ccccc1)Nc1ccccc1,5178.0,C13H13N3,211.2624,0.0
Nc1ccc(S(=O)(=O)c2ccc(N)cc2)cc1,371.0,C12H12N2O2S,248.3009,0.0
CCOC(=O)Nc1ccc(NCc2ccc(F)cc2)nc1N.O=C(O)/C=C\C(=O)O,25771.0,C19H21FN4O6,420.3916 (304.3195+116.0722),0.0
C[C@H]1[C@H](NC(=O)C(=NOC(C)(C)C(=O)O)c2csc(N)n2)C(=O)N1S(=O)(=O)O,2640.0,C13H17N5O8S2,435.4328,0.0
Nc1ccc(Cl)cc1C(=O)c1ccccc1F,31621.0,C13H9ClFNO,249.6681,0.0
Nc1nc(N)nc(NC2CC2)n1,3999.0,C6H10N6,166.1838,0.0
Nc1nc(N)c(-c2ccccc2)s1,26388.0,C9H9N3S,191.2529,0.0
Nc1nc(Cl)nc2c1ncn2[C@@H]1O[C@H](CO)[C@@H](O)[C@@H]1F,26437.0,C10H11ClFN5O3,303.6774,0.0
Cc1onc(-c2ccccc2)c1-c1ccc(S(N)(=O)=O)cc1,24226.0,C16H14N2O3S,314.359,0.0
NCCCC[C@H](N[C@@H](CCc1ccccc1)C(=O)O)C(=O)N1CCC[C@H]1C(=O)O.O.O,25600.0,C21H35N3O7,441.5185 (18.0153+18.0153+405.4879),0.0
OC[C@H]1O[C@@H]2O[C@H]3[C@H](O)[C@@H](O)[C@@H](O[C@H]4[C@H](O)[C@@H](O)[C@@H](O[C@H]5[C@H](O)[C@@H](O)[C@@H](O[C@H]6[C@H](O)[C@@H](O)[C@@H](O[C@H]7[C@H](O)[C@@H](O)[C@@H](O[C@H]8[C@H](O)[C@@H](O)[C@@H](O[C@H]1[C@H](O)[C@H]2O)O[C@@H]8CO)O[C@@H]7CO)O[C@@H]6CO)O[C@@H]5CO)O[C@@H]4CO)O[C@@H]3CO,358.0,C42H70O35,1134.9842,0.0
CNC[C@H](O)[C@@H](O)[C@H](O)[C@H](O)CO,3244.0,C7H17NO5,195.2136,0.0
O=[N+]([O-])c1ccc(C=NO)o1,26402.0,C5H4N2O4,156.0963,0.0
Cc1ncc([N+](=O)[O-])n1C,497.0,C5H7N3O2,141.128,0.0
O=C(NN=Cc1ccc([N+](=O)[O-])o1)c1ccc(O)cc1,25343.0,C12H9N3O5,275.217,0.0
COc1cc(C(=O)N2CCOCC2)cc(OC)c1OC,3713.0,C14H19NO5,281.3044,0.0
CC(C(=O)O)c1ccc(C(=O)c2cccs2)cc1,25469.0,C14H12O3S,260.3083,0.0
COc1ccc(C(=O)c2ccccc2O)c(O)c1,2403.0,C14H12O4,244.2427,0.0
CCCc1ccc(OCC(=O)N2CCN(C(=O)COc3ccc(CCC)cc3OC)CC2)c(OC)c1,31440.0,C28H38N2O6,498.6111,0.0
CN1N=C(C(N)=O)CCC1=O,31494.0,C6H9N3O2,155.1546,0.0
COc1cc2nc(N3CCN(C(=O)c4ccco4)CC3)nc(N)c2cc1OC,29008.0,C19H21N5O4,383.4011,0.0
O=C(Nc1ncc([N+](=O)[O-])s1)c1cccs1,26277.0,C8H5N3O3S2,255.2736,0.0
O=C(NCCO[N+](=O)[O-])c1cccnc1,25692.0,C8H9N3O4,211.1748,0.0
CN(C)[C@@H]1C(O)=C(C(=O)NCN2CCCC2)C(=O)[C@@]2(O)C(O)=C3C(=O)c4c(O)cccc4[C@@](C)(O)C3C[C@@H]12,3568.0,C27H33N3O8,527.5662,0.0
NNC(=O)c1ccncc1,755.0,C6H7N3O,137.1393,0.0
CN1CCC(=C2c3ccccc3Sc3ccccc32)CC1.O=C(O)/C=C\C(=O)O,25863.0,C23H23NO4S,409.4980 (293.4259+116.0722),0.0
CN1Cc2c(N)cccc2C(c2ccccc2)C1.O=C(O)/C=C\C(=O)O,25790.0,C20H22N2O4,354.3997 (238.3275+116.0722),0.0
CN1CCCN=C1/C=C/c1cccs1.O=C(O)[C@H](O)[C@@H](O)C(=O)O,28784.0,C15H20N2O6S,356.3941 (206.3073+150.0868),0.0
CCOCCn1c(C2CCN(CCc3ccc(C(C)(C)C(=O)O)cc3)CC2)nc2ccccc21,31467.0,C28H37N3O3,463.6117,0.0
CC(C(=O)O)c1ccc2c(c1)Cc1cccnc1O2,3497.0,C15H13NO3,255.2686,0.0
CCC(CC)(CC(=O)Nc1cccc(/C=C/c2nc(C3CCC3)cs2)c1)C(=O)O,25742.0,C23H28N2O3S,412.545,0.0
Cn1c(=O)c2c(ncn2C)n(C)c1=O.O=C(O)CC(O)(CC(=O)O)C(=O)O,26938.0,C14H18N4O9,386.3141 (192.1235+194.1906),0.0
CC1(C)CCC(C)(C)c2cc(NC(=O)c3ccc(C(=O)O)cc3)ccc21,26853.0,C22H25NO3,351.4388,0.0
O=C(O)c1ccccc1NCCc1ccccc1,31482.0,C15H15NO2,241.2851,0.0
CC1CCc2cc(F)cc3c(=O)c(C(=O)O)cn1c23,25623.0,C14H12FNO3,261.2484,0.0
O=C(O)c1ccc2[nH]cc(CCCCN3CC=C(c4ccccc4)CC3)c2c1,23892.0,C24H26N2O2,374.4754,0.0
O=C(O)c1nn(Cc2ccc(Cl)cc2Cl)c2ccccc12,782.0,C15H10Cl2N2O2,321.1581,0.0
CCOc1nc2cccc(C(=O)O)c2n1Cc1ccc(-c2ccccc2-c2nnn[nH]2)cc1,2725.0,C24H20N6O3,440.454,0.0
O=C(O)Cc1cccc2ccccc12,915.0,C12H10O2,186.2066,0.0
CCCCCCCCCCC[C@@H](C[C@@H]1OC(=O)[C@H]1CCCCCC)OC(=O)C(CC(C)C)NC=O,3395.0,C29H53NO5,495.7348,0.0
COC(=O)[C@@]1(C)[C@H](C)C[C@H]2[C@@H]3CCC4=CC(=O)C=C[C@]4(C)[C@H]3[C@@H](O)C[C@@]21C,25474.0,C23H32O4,372.4978,0.0
COC(=O)C1=C(C)NC(C)=C(C(=O)OC(C)C)C1c1cccc2nonc12,3179.0,C19H21N3O5,371.3871,0.0
COC(=O)Nc1nc2cc(S(=O)c3ccccc3)ccc2[nH]1,24112.0,C15H13N3O3S,315.347,0.0
CC1CC(OC(=O)c2ccccc2O)CC(C)(C)C1,6241.0,C16H22O3,262.3441,0.0
CCOC(=O)C(C#N)=C(c1ccccc1)c1ccccc1,24821.0,C18H15NO2,277.3172,0.0
CCOC(=O)c1cccnc1,26526.0,C8H9NO2,151.1626,0.0
CCOC(=O)c1c(C)n(C)c2ccc(O)cc12,26289.0,C13H15NO3,233.2631,0.0
CCOC(=O)CN1CCCC1=O,31574.0,C8H13NO3,171.1937,0.0
O=C(OOC(=O)c1ccccc1)c1ccccc1,1072.0,C14H10O4,242.2268,0.0
CC1=C(C)C(=O)C(CCCCC#CCCCC#CCO)=C(C)C1=O,25125.0,C21H26O3,326.4293,0.0
C=CCN1CC[C@]23c4c5ccc(O)c4O[C@H]2C(=O)CC[C@@]3(O)[C@H]1C5,3349.0,C19H21NO4,327.3743,0.0
O=C(O)CCCC[C@@H]1SC[C@@H]2NC(=O)N[C@@H]21,2679.0,C10H16N2O3S,244.3106,0.0
O=C1CCC(N2C(=O)c3ccccc3C2=O)C(=O)N1,2524.0,C13H10N2O4,258.2295,0.0
CCC1(CC)C(=O)NC(=O)NC1=O,2643.0,C8H12N2O3,184.1925,0.0
CC1=C(C)C(=O)C(C(CCCCCC(=O)O)c2ccccc2)=C(C)C1=O,1397.0,C22H26O4,354.4394,0.0
Cn1c(=O)c2c(ncn2CC2OCCO2)n(C)c1=O,2968.0,C11H14N4O4,266.2533,0.0
Cn1c(=O)c2c(ncn2CCO)n(C)c1=O,3031.0,C9H12N4O3,224.2166,0.0
CC1=NN(c2ccccc2)C(=O)C1,1130.0,C10H10N2O,174.1992,0.0
Cc1c(NC(=O)c2cccnc2)c(=O)n(-c2ccccc2)n1C,25366.0,C17H16N4O2,308.3345,0.0
C=C1C[C@@H]2[C@H](CC[C@]3(C)C(=O)CC[C@@H]23)[C@@]2(C)C=CC(=O)C=C12,3037.0,C20H24O2,296.4034,0.0
O=C1c2ccccc2C(=O)c2c1ccc(O)c2O,25960.0,C14H8O4,240.2109,0.0
O=C1C(CCS(=O)c2ccccc2)C(=O)N(c2ccccc2)N1c1ccccc1,3618.0,C23H20N2O3S,404.4815,0.0
C[C@]12CCC(=O)C=C1C=C[C@@H]1[C@@H]2CC[C@@]2(C)[C@H]1CC[C@@]21CCC(=O)O1,25930.0,C22H28O3,340.4559,0.0
C[C@]12CC[C@H]3[C@@H](CCC4=CC(=O)CC[C@@H]43)[C@@H]1CC[C@@H]2OC(=O)CCC1CCCCC1,31641.0,C27H40O3,412.6047,0.0
CN(C)CCc1c[nH]c2ccc(CS(=O)(=O)N3CCCC3)cc12,24289.0,C17H25N3O2S,335.4643,0.0
Nc1ccc(S(=O)(=O)Nc2ccccn2)cc1,6067.0,C11H11N3O2S,249.2889,0.0
COc1ccc(S(=O)(=O)Nc2nnc(CC(C)C)s2)cc1,26276.0,C13H17N3O3S2,327.4224,0.0
CC(C)(C)c1nnc(NS(=O)(=O)c2ccc(N)cc2)s1,31551.0,C12H16N4O2S2,312.411,0.0
CNC(C)(C)Cc1ccccc1.CNC(C)(C)Cc1ccccc1.O=S(=O)(O)O,27760.0,C22H36N2O4S,424.5972 (163.2594+98.0785+163.2594),0.0
COC(=O)[C@H](c1ccccc1Cl)N1CCc2sccc2C1.O=S(=O)(O)O,26024.0,C16H18ClNO6S2,419.9002 (321.8217+98.0785),0.0
N=C(N)N1CCc2ccccc2C1.N=C(N)N1CCc2ccccc2C1.O=S(=O)(O)O,27755.0,C20H28N6O4S,448.5391 (175.2303+98.0785+175.2303),0.0
Cc1cccc(C)c1NC(=O)c1cc(S(N)(=O)=O)c(Cl)cc1O,3744.0,C15H15ClN2O4S,354.8086,0.0
C[C@H](CS)C(=O)N1CCC[C@H]1C(=O)O,17197.0,C9H15NO3S,217.2853,0.0
O=C(O)CCNC(=O)c1ccc(/N=N/c2ccc(O)c(C(=O)O)c2)cc1,20653.0,C17H15N3O6,357.3175,0.0
OC(C#CCN1CCCC1)(c1ccccc1)c1ccccc1,26295.0,C20H21NO,291.3868,0.0
COc1ccccc1OCC(O)CN1CCN(CC(=O)Nc2c(C)cccc2C)CC1,25196.0,C24H33N3O4,427.5365,0.0
O=C1O[C@H]([C@@H](O)CO)C(O)=C1O,106.0,C6H8O6,176.1241,0.0
O=S1(=O)OC(c2ccc(O)cc2)(c2ccc(O)cc2)c2ccccc21,2408.0,C19H14O5S,354.3765,0.0
O=c1c(-c2ccc(O)cc2)coc2cc(O)cc(O)c12,2308.0,C15H10O5,270.2369,0.0
OC[C@H]1O[C@@H](OCCc2ccc(O)cc2)[C@H](O)[C@@H](O)[C@@H]1O,28960.0,C14H20O7,300.3044,0.0
Oc1ccc(OCc2ccccc2)cc1,717.0,C13H12O2,200.2332,0.0
CN1CCc2cc(Cl)c(O)cc2[C@H]2c3ccccc3CC[C@@H]21,23814.0,C19H20ClNO,313.8212,0.0
C=CCN1CC[C@]23CCCC[C@H]2[C@H]1Cc1ccc(O)cc13,3205.0,C19H25NO,283.4079,0.0
C[C@]12CCC(=O)C=C1CC[C@@H]1[C@@H]2CC[C@@]2(C)[C@H]1CC[C@]2(O)C(=O)CO,25642.0,C21H30O4,346.4605,0.0
CCCCC(=O)O[C@]1(C(=O)CO)[C@H](C)C[C@H]2[C@@H]3CCC4=CC(=O)C=C[C@]4(C)[C@@]3(F)[C@@H](O)C[C@@]21C,2904.0,C27H37FO6,476.5775,0.0
CC1(C)O[C@@H]2C[C@H]3[C@@H]4C[C@H](F)C5=CC(=O)C=C[C@]5(C)[C@H]4[C@@H](O)C[C@]3(C)[C@]2(C(=O)CO)O1,25534.0,C24H31FO6,434.4977,0.0
CCCCCCCCCCCCCCCCCC(=O)OCC(O)CO,9160.0,C21H42O4,358.5558,0.0
O=C(O)c1ccc2ccccc2c1O.OCc1cc(C(O)CNCCCCCCOCCCCc2ccccc2)ccc1O,25798.0,C36H45NO7,603.7450 (188.1794+415.5656),0.0
C[N+](C)(C)CCCCCCCCCC[N+](C)(C)C.[Br-].[Br-],2886.0,C16H38Br2N2,418.2943 (258.4852+79.9045+79.9045),0.0
C[N+]1(C)CCC(OC(=O)C(O)(c2ccccc2)C2CCCC2)C1.[Br-],3109.0,C19H28BrNO3,398.3345 (318.4300+79.9045),0.0
CC(C)[N+](C)(CCOC(=O)C1c2ccccc2Oc2ccccc21)C(C)C.[Br-],3519.0,C23H30BrNO3,448.3932 (368.4887+79.9045),0.0
CC[N+](C)(CC)CCOC(=O)C1c2ccccc2Oc2ccccc21.[Br-],3277.0,C21H26BrNO3,420.3400 (340.4355+79.9045),0.0
COC1CC(=C(c2cccs2)c2cccs2)C[N+](C)(C)C1.[Br-],3672.0,C17H22BrNOS2,400.3967 (79.9045+320.4921),0.0
C[N+]1(CCC(C(N)=O)(c2ccccc2)c2ccccc2)CCCCC1.[Br-],26484.0,C22H29BrN2O,417.3825 (337.4779+79.9045),0.0
O=C(O)CCCC[P+](c1ccccc1)(c1ccccc1)c1ccccc1.[Br-],31458.0,C23H24BrO2P,443.3132 (363.4087+79.9045),0.0
CC[N+]1(CC)CCC(OC(=O)C(O)(c2ccccc2)c2ccccc2)C1.[Br-],31401.0,C22H28BrNO3,434.3666 (354.4621+79.9045),0.0
C[N+]1(C)CCCC(OC(=O)C(O)(c2ccccc2)c2ccccc2)C1.[Br-],3252.0,C21H26BrNO3,420.3400 (340.4355+79.9045),0.0
CC[N+]1(C)CCCC(OC(=O)C(O)(c2ccccc2)c2ccccc2)C1.[Br-],3480.0,C22H28BrNO3,434.3666 (354.4621+79.9045),0.0
CN(C)C(=O)Oc1ccc[n+](C)c1.[Br-],3540.0,C9H13BrN2O2,261.1157 (181.2112+79.9045),0.0
C[N+]12CCC(CC1)C(OC(=O)C(O)(c1ccccc1)c1ccccc1)C2.[Br-],2835.0,C22H26BrNO3,432.3507 (79.9045+352.4462),0.0
C[N+]1(C)[C@@H]2C[C@@H](OC(=O)[C@H](CO)c3ccccc3)C[C@H]1[C@@H]1O[C@@H]12.[Br-],20608.0,C18H24BrNO4,398.2915 (318.3869+79.9045),0.0
CCCC[N+]1(C)[C@@H]2C[C@@H](OC(=O)[C@H](CO)c3ccccc3)C[C@H]1[C@@H]1O[C@@H]12.[Br-],2718.0,C21H30BrNO4,440.3712 (360.4667+79.9045),0.0
CCCCCCCC/C=C/C(=O)[O-].CCCCCCCC/C=C/C(=O)[O-].[Ca+2],31685.0,C22H38CaO4,406.6127 (183.2679+40.0769+183.2679),0.0
C[C@H](C(=O)[O-])c1cccc(Oc2ccccc2)c1.C[C@H](C(=O)[O-])c1cccc(Oc2ccccc2)c1.O.O.[Ca+2],25587.0,C30H30CaO8,558.6324 (18.0153+18.0153+40.0769+241.2625+241.2625),0.0
C[N+](C)(C)CC[N+]1(C)Cc2c(Cl)c(Cl)c(Cl)c(Cl)c2C1.[Cl-].[Cl-],26332.0,C14H20Cl6N2,429.0400 (35.4535+358.1329+35.4535),0.0
C[N+](C)(C)CCOC(=O)CCC(=O)OCC[N+](C)(C)C.[Cl-].[Cl-],3603.0,C14H30Cl2N2O4,361.3050 (290.3979+35.4535+35.4535),0.0
C[N+](C)(C)CC(=O)O.[Cl-],24446.0,C5H12ClNO2,153.6073 (118.1537+35.4535),0.0
CC(=O)OC(C)C[N+](C)(C)C.[Cl-],3271.0,C8H18ClNO2,195.6870 (160.2335+35.4535),0.0
CC(C[N+](C)(C)C)OC(N)=O.[Cl-],2676.0,C7H17ClN2O2,196.6751 (161.2215+35.4535),0.0
CC(=O)OCC[N+](C)(C)C.[Cl-],28904.0,C7H16ClNO2,181.6604 (146.2069+35.4535),0.0
C[N+](C)(C)CCOC(N)=O.[Cl-],2730.0,C6H15ClN2O2,182.6485 (147.1950+35.4535),0.0
CC(C)[N+](C)(C)CC(O)COc1cccc2ccccc12.[Cl-],26119.0,C18H26ClNO2,323.8575 (288.4040+35.4535),0.0
CCCc1ncc(C[n+]2ccccc2C)c(N)n1.Cl.[Cl-],25547.0,C14H20Cl2N4,315.2414 (243.3269+35.4535+36.4609),0.0
COc1cc2c3cc1Oc1cc(ccc1O)C[C@@H]1c4c(cc(OC)c(O)c4Oc4ccc(cc4)C[C@@H]3N(C)CC2)CC[N+]1(C)C.Cl.[Cl-],3727.0,C37H42Cl2N2O6,681.6452 (609.7307+35.4535+36.4609),0.0
Nc1c[n+](N2CCOCC2)no1.[Cl-],28965.0,C6H11ClN4O2,206.6301 (171.1766+35.4535),0.0
C[n+]1ccccc1/C=N/O.[Cl-],3495.0,C7H9ClN2O,172.6122 (137.1586+35.4535),0.0
O=C(O[C@H]1C[C@H]2CC[C@@H](C1)[N+]21CCCC1)C(O)(c1ccccc1)c1ccccc1.[Cl-],3724.0,C25H30ClNO3,427.9636 (392.5101+35.4535),0.0
O=C([O-])CN(CCN(CC(=O)[O-])CC(=O)[O-])CC(=O)[O-].[Fe+3].[Na+],7774.0,C10H12FeN2NaO8,367.0456 (288.2131+55.8434+22.9892),0.0
CC(O)CN1CCN(CC(=O)[O-])CCN(CC(=O)[O-])CCN(CC(=O)[O-])CC1.[Gd+3],28588.0,C17H29GdN4O7,558.6848 (401.4364+157.2484),0.0
CNC(=O)CN(CCN(CCN(CC(=O)[O-])CC(=O)NC)CC(=O)[O-])CC(=O)[O-].O.[Gd+3],28573.0,C16H28GdN5O9,591.6716 (416.4080+157.2484+18.0153),0.0
COc1ccc2cc1Oc1cc3c(cc1OC)CC[N+](C)(C)[C@H]3Cc1ccc(cc1)Oc1c(OC)c(OC)cc3c1[C@@H](C2)[N+](C)(C)CC3.[I-].[I-],2944.0,C40H48I2N2O6,906.6279 (652.8178+126.9050+126.9050),0.0
C[N+]1(CC2COC(c3ccccc3)(C3CCCCC3)O2)CCCCC1.[I-],26925.0,C22H34INO2,471.4153 (344.5103+126.9050),0.0
CC[N+](CC)(CC)CCOc1ccc(/C=C/c2ccccc2)cc1.[I-],25781.0,C22H30INO,451.3842 (126.9050+324.4792),0.0
C[N+](C)(C)CCOC(=O)C(O)(c1ccccc1)c1ccccc1.[I-],26117.0,C19H24INO3,441.3032 (314.3982+126.9050),0.0
CC(=O)CC(c1ccccc1)c1c([O-])c2ccccc2oc1=O.[K+],22324.0,C19H15KO4,346.4183 (307.3205+39.0978),0.0
O=C([O-])P(=O)([O-])[O-].[Na+].[Na+].[Na+],3078.0,CNa3O5P,191.9508 (22.9892+22.9892+22.9892+122.9831),0.0
O=C([O-])CC(O)C(=O)[O-].[Na+].[Na+],26831.0,C4H4Na2O5,178.0511 (132.0727+22.9892+22.9892),0.0
O=C([O-])c1cc(=O)c2c(OCC(O)COc3cccc4oc(C(=O)[O-])cc(=O)c34)cccc2o1.[Na+].[Na+],24554.0,C23H14Na2O11,512.3302 (22.9892+22.9892+466.3518),0.0
C=CC1=C(C)c2cc3[nH]c(cc4nc(cc5[nH]c(cc1n2)c(C)c5CCC(=O)[O-])C(CCC(=O)[O-])=C4C)c(C)c3C=C.[Na+].[Na+],26589.0,C34H32N4Na2O4,606.6218 (560.6434+22.9892+22.9892),0.0
O=P([O-])(O)C(O)(Cc1cccnc1)P(=O)([O-])O.[Na+].[Na+],26132.0,C7H9NNa2O7P2,327.0759 (281.0975+22.9892+22.9892),0.0
CC(O)(P(=O)([O-])O)P(=O)([O-])O.[Na+].[Na+],9671.0,C2H6Na2O7P2,249.9919 (204.0135+22.9892+22.9892),0.0
CO/N=C(\C(=O)N[C@@H]1C(=O)N2C(C(=O)[O-])=C(CSc3nc(=O)c([O-])nn3C)CS[C@H]12)c1csc(N)n1.O.O.O.[Na+].[Na+],25887.0,C18H22N8Na2O10S3,652.5894 (22.9892+552.5651+22.9892+18.0153+18.0153+18.0153),0.0
CC1(C)S[C@@H]2[C@H](NC(=O)C(C(=O)[O-])c3ccccc3)C(=O)N2[C@H]1C(=O)[O-].[Na+].[Na+],25820.0,C17H16N2Na2O6S,422.3633 (376.3848+22.9892+22.9892),0.0
COc1ccc2cc([C@H](C)C(=O)[O-])ccc2c1.[Na+],25576.0,C14H13NaO3,252.2410 (22.9892+229.2518),0.0
C[C@]12CCC(=O)C=C1CC[C@@H]1[C@@H]2[C@@H](O)C[C@@]2(C)[C@H]1CC[C@]2(O)C(=O)COC(=O)CCC(=O)[O-].[Na+],28932.0,C25H33NaO8,484.5145 (461.5253+22.9892),0.0
O=C([O-])COc1nn(Cc2ccccc2)c2ccccc12.[Na+],26644.0,C16H13N2NaO3,304.2758 (281.2866+22.9892),0.0
N#CSCC(=O)[O-].[Na+],31579.0,C3H2NNaO2S,139.1082 (116.1190+22.9892),0.0
O=S(=O)([O-])CCS.[Na+],809.0,C2H5NaO3S2,164.1791 (141.1898+22.9892),0.0
Cc1c(N(C)CS(=O)(=O)[O-])c(=O)n(-c2ccccc2)n1C.[Na+],543.0,C13H16N3NaO4S,333.3386 (310.3494+22.9892),0.0
CCCCCCCCCCCCOS(=O)(=O)[O-].[Na+],6031.0,C12H25NaO4S,288.3793 (265.3900+22.9892),0.0
CO[C@@H]1[C@@H](OC(N)=O)[C@@H](O)[C@H](Oc2ccc3c([O-])c(NC(=O)c4ccc(O)c(CC=C(C)C)c4)c(=O)oc3c2C)OC1(C)C.[Na+],3386.0,C31H35N2NaO11,634.6062 (611.6169+22.9892),0.0
CC(C)(O)c1ccccc1CC[C@@H](SCC1(CC(=O)[O-])CC1)c1cccc(/C=C/c2ccc3ccc(Cl)cc3n2)c1.[Na+],26450.0,C35H35ClNNaO3S,608.1651 (585.1758+22.9892),0.0
CC(C)c1cc2c(cc1S(=O)(=O)O)[C@@]1(C)CCC[C@@](C)(C(=O)[O-])[C@@H]1CC2.[Na+],31636.0,C20H27NaO5S,402.4801 (22.9892+379.4909),0.0
CCN(CC)c1ccc(C(=C2C=CC(=[N+](CC)CC)C=C2)c2cc(S(=O)(=O)[O-])ccc2S(=O)(=O)[O-])cc1.[Na+],31594.0,C27H31N2NaO6S2,566.6646 (543.6754+22.9892),0.0
Cc1cc(CC(=O)[O-])n(C)c1C(=O)c1ccc(Cl)cc1.[Na+],13989.0,C15H13ClNNaO3,313.7114 (290.7222+22.9892),0.0
COCCCOc1ccnc(CS(=O)c2nc3ccccc3[n-]2)c1C.[Na+],24205.0,C18H20N3NaO3S,381.4245 (358.4352+22.9892),0.0
O.O.O.O.[Na+].[O-]c1ccccc1-c1ccccc1,20794.0,C12H17NaO5,264.2501 (22.9892+169.1998+18.0153+18.0153+18.0153+18.0153),0.0
CC(C)(C)C(=O)Oc1ccc(S(=O)(=O)Nc2ccccc2C(=O)NCC(=O)[O-])cc1.O.O.O.O.[Na+],26727.0,C20H29N2NaO11S,528.5058 (18.0153+18.0153+18.0153+18.0153+22.9892+433.4555),0.0
NCCCC(O)(P(=O)([O-])O)P(=O)(O)O.O.O.O.[Na+],27778.0,C4H18NNaO10P2,325.1237 (248.0887+22.9892+18.0153+18.0153+18.0153),0.0
Cc1ccc(C(=O)c2ccc(CC(=O)[O-])n2C)cc1.O.O.[Na+],25594.0,C15H18NNaO5,315.2969 (18.0153+18.0153+22.9892+256.2771),0.0
COc1cccc(OC)c1C(=O)N[C@@H]1C(=O)N2[C@@H]1SC(C)(C)[C@@H]2C(=O)[O-].O.[Na+],25835.0,C17H21N2NaO7S,420.4126 (22.9892+18.0153+379.4081),0.0
Cc1onc(-c2ccccc2Cl)c1C(=O)N[C@@H]1C(=O)N2[C@@H]1SC(C)(C)[C@@H]2C(=O)[O-].[Na+],25551.0,C19H17ClN3NaO5S,457.8631 (22.9892+434.8739),0.0
CCN1CCN(C(=O)N[C@@H](C(=O)N[C@@H]2C(=O)N3[C@@H]2SC(C)(C)[C@H]3C(=O)[O-])c2ccccc2)C(=O)C1=O.[Na+],28891.0,C23H26N5NaO7S,539.5366 (516.5474+22.9892),0.0
CCN1CCN(C(=O)N[C@@H](C(=O)N[C@@H]2C(=O)N3C(C(=O)[O-])=C(CSc4nnnn4C)CS[C@H]23)c2ccc(O)cc2)C(=O)C1=O.[Na+],25874.0,C25H26N9NaO8S2,667.6492 (644.6600+22.9892),0.0
CCCC(C)C1(CC)C(=O)N=C([S-])NC1=O.[Na+],1744.0,C11H17N2NaO2S,264.3196 (241.3304+22.9892),0.0
O=c1[n-]c2[nH]c(=O)[nH]c(=O)c2[nH]1.[Na+],26828.0,C5H3N4NaO3,190.0921 (167.1029+22.9892),0.0
COCCOc1cccc(S(=O)(=O)[N-]c2ncccn2)c1.[Na+],31390.0,C13H14N3NaO4S,331.3227 (308.3335+22.9892),0.0
O=[N+]([O-])/N=C1\NCCN1Cc1ccc(Cl)nc1,12442.0,C9H10ClN5O2,255.661,0.0
CN/C(=C\[N+](=O)[O-])NCCSCc1ccc(CN(C)C)o1,25191.0,C13H22N4O3S,314.4038,0.0
CC(=O)CC(c1ccc([N+](=O)[O-])cc1)c1c(O)c2ccccc2oc1=O,2541.0,C19H15NO6,353.3255,0.0
CN1C(=O)CN=C(c2ccccc2)c2cc([N+](=O)[O-])ccc21,3369.0,C16H13N3O3,295.2927,0.0
O=C1CN=C(c2ccccc2)c2cc([N+](=O)[O-])ccc2N1,3372.0,C15H11N3O3,281.2661,0.0
O=[N+]([O-])c1cncn1CCN1CCOCC1,31584.0,C9H14N4O3,226.2325,0.0
O=[N+]([O-])O[C@H]1CO[C@H]2[C@@H]1OC[C@H]2O[N+](=O)[O-],25832.0,C6H8N2O8,236.1363,0.0
C[N+]([O-])(CCCl)CCCl,976.0,C5H11Cl2NO,172.0529,0.0
O=C(O)c1ccc[n+]([O-])c1,26543.0,C6H5NO3,139.1088,0.0
[O-][n+]1cccc(CO)c1,26569.0,C6H7NO2,125.1253,0.0
C[NH+](C)CCC(c1ccccc1)c1cccc[nH+]1.O=C([O-])/C=C\C(=O)[O-],5866.0,C20H24N2O4,356.4156 (242.3582+114.0574),0.0
COS(=O)(=O)[O-].C[N+]1(C)CCC(=C(c2ccccc2)c2ccccc2)CC1,2948.0,C21H27NO4S,389.5084 (111.0977+278.4107),0.0
CCCCCCCC(=O)[O-].CCCCCCCC(=O)[O-].[Zn+2],22517.0,C16H30O4Zn,351.8160 (143.2040+143.2040+65.4079),0.0
Br.COc1c2c(cc3c1OCO3)CCN(C)C2,25392.0,C12H16BrNO3,302.1643 (221.2524+80.9119),0.0
Br.CN1[C@@H]2CC[C@H]1C[C@@H](OC(=O)C(O)c1ccccc1)C2,25099.0,C16H22BrNO3,356.2548 (275.3428+80.9119),0.0
Br.CN1[C@@H]2C[C@@H](OC(=O)[C@H](CO)c3ccccc3)C[C@H]1[C@@H]1O[C@@H]12,12029.0,C17H22BrNO4,384.2649 (303.3529+80.9119),0.0
O=c1[nH]c(=O)n([C@H]2O[C@H](CO)[C@@H](O)[C@@H]2O)cc1/C=C\Br,31616.0,C11H13BrN2O6,349.1347,0.0
FC(F)(F)C(Cl)Br,5371.0,C2HBrClF3,197.3815,0.0
Nc1nc(=O)c(Br)c(-c2ccccc2)[nH]1,26803.0,C10H8BrN3O,266.094,0.0
O=c1[nH]c(=O)n([C@H]2C[C@H](O)[C@@H](CO)O2)cc1Br,13105.0,C9H11BrN2O5,307.098,0.0
CO[C@]12C[C@@H](COC(=O)c3cncc(Br)c3)CN(C)[C@@H]1Cc1cn(C)c3cccc2c13,25607.0,C24H26BrN3O3,484.3855,0.0
Brc1c(NC2=NCCN2)ccc2nccnc12,25221.0,C11H10BrN5,292.1346,0.0
O=C(O)Cn1c(=O)n(Cc2ccc(Br)cc2F)c(=O)c2ccc(Cl)cc21,27296.0,C17H11BrClFN2O4,441.6356,0.0
C#CC(O)(/C=C\Cl)CC,3010.0,C7H9ClO,144.5988,0.0
c1ccc(OCc2ccc(CCCN3CCOCC3)cc2)cc1,26222.0,C20H25NO2,311.418,0.0
C/C(=N\O)[C@@H](C)NCC(C)(C)CN[C@H](C)/C(C)=N/O,31403.0,C13H28N4O2,272.387,0.0
C[C@@H](C1=C(CCN(C)C)Cc2ccccc21)c1ccccn1.O=C(O)/C=C\C(=O)O,28966.0,C24H28N2O4,408.4901 (292.4180+116.0722),0.0
C[C@@H]1CN(c2c(F)c(N)c3c(=O)c(C(=O)O)cn(C4CC4)c3c2F)C[C@H](C)N1,3590.0,C19H22F2N4O3,392.3998,0.0
CC1(C)O[C@H]2CC(=O)OC[C@]23[C@H]2CC[C@@]4(C)[C@H](c5ccoc5)OC(=O)[C@H]5O[C@]54[C@]2(C)C(=O)C[C@@H]13,25985.0,C26H30O8,470.5116,0.0
C[C@@H]1CCN(C(=O)[C@H](CCCNC(=N)N)NS(=O)(=O)c2cccc3c2NC[C@H](C)C3)[C@@H](C(=O)O)C1,26467.0,C23H36N6O5S,508.6341,0.0
C[N+](C)(C)CCCCCC[N+](C)(C)C,25053.0,C12H30N2,202.3789,0.0
CC(C)=CCC/C(C)=C/CC/C(C)=C/CCC(=O)OC/C=C(\C)CCC=C(C)C,28562.0,C27H44O2,400.6371,0.0
C=C1CC[C@@]2(O)[C@H]3Cc4ccc(O)c5c4[C@@]2(CCN3CC2CC2)[C@H]1O5,3347.0,C21H25NO3,339.4281,0.0
C=CCN1CCc2nc(N)sc2CC1,26321.0,C10H15N3S,209.3112,0.0
c1ccc(N2CCNCC2)cc1,31644.0,C10H14N2,162.2316,0.0
C1COC(NC(C2CC2)C2CC2)=N1,25194.0,C10H16N2O,180.2468,0.0
c1ccc2c(c1)Nc1ccccc1S2,1126.0,C12H9NS,199.2716,0.0
c1ccc2[nH]ccc2c1,737.0,C8H7N,117.1479,0.0
c1ccc2sc(SN3CCOCC3)nc2c1,1096.0,C11H12N2OS2,252.3558,0.0
c1ccc2sc(SSc3nc4ccccc4s3)nc2c1,146.0,C14H8N2S4,332.4867,1.0
C1CCC(NC2CCCCC2)CC1,5018.0,C12H23N,181.3177,0.0
C1CN2CCC1CC2,31396.0,C7H13N,111.1848,0.0
C1CCN2C[C@@H]3C[C@@H](CN4CCCC[C@@H]34)[C@H]2C1,3591.0,C15H26N2,234.3803,0.0
CC(=O)O[C@]1(C(C)=O)CC[C@H]2[C@@H]3C=C(Cl)C4=CC(=O)CC[C@]4(C)[C@H]3CC[C@@]21C,274.0,C23H29ClO4,404.927,0.0
CC(=O)[C@@]1(O)CC[C@H]2[C@@H]3C[C@H](C)C4=CC(=O)C=C[C@]4(C)[C@@]3(F)[C@@H](O)C[C@@]21C,27435.0,C22H29FO4,376.4617,0.0
CC(=O)[C@H]1CC[C@H]2[C@@H]3CC[C@H]4C[C@H](O)CC[C@]4(C)[C@H]3C(=O)C[C@]12C,2576.0,C21H32O3,332.477,0.0
CC(=O)[C@H]1CC[C@H]2[C@@H]3C[C@H](C)C4=CC(=O)CC[C@]4(C)[C@H]3[C@@H](O)C[C@]12C,25371.0,C22H32O3,344.4877,0.0
CC(=O)[C@H]1CC[C@H]2[C@@H]3CC[C@H]4C[C@](C)(O)CC[C@]4(C)[C@H]3CC[C@]12C,26503.0,C22H36O2,332.52,0.0
CC(=O)c1cc2ccccc2s1,31481.0,C10H8OS,176.2349,0.0
CC(=O)C1CCOC1=O,24436.0,C6H8O3,128.1259,0.0
CC(=O)O[C@H]1CC[C@@]2(C)C(=CC[C@@H]3[C@@H]2CC[C@]2(C)C(C(C)=O)=CC[C@@H]32)C1,31646.0,C23H32O3,356.4984,0.0
COc1cc(C(C)=O)ccc1OCCCN1CCC(c2noc3cc(F)ccc23)CC1,28986.0,C24H27FN2O4,426.4806,0.0
COc1ccc2cc(CCC(C)=O)ccc2c1,25472.0,C15H16O2,228.2863,0.0
CC(=O)CCCCn1c(=O)c2c(ncn2C)n(C)c1=O,3437.0,C13H18N4O3,278.307,0.0
CCCn1cnc2c1c(=O)n(CCCCC(C)=O)c(=O)n2C,25189.0,C15H22N4O3,306.3602,0.0
CCN(C(C)=O)c1cccc(-c2ccnc3c(C#N)cnn23)c1,3748.0,C17H15N5O,305.3339,0.0
CC(=O)Nc1ccc(OCCOCCOc2ccc(NC(C)=O)cc2)cc1,26229.0,C20H24N2O5,372.415,0.0
COc1ccc2cccc(CCNC(C)=O)c2c1,31431.0,C15H17NO2,243.301,0.0
COc1ccc2[nH]cc(CCNC(C)=O)c2c1,2421.0,C13H16N2O2,232.2783,0.0
CC(=O)NO,2546.0,C2H5NO2,75.0666,0.0
CC(=O)O.N=C(N)NCCC[C@H](NC(=O)[C@@H]1CCCN1C(=O)[C@@H]1CSSCCC(=O)N[C@@H](Cc2ccc(O)cc2)C(=O)N[C@@H](Cc2ccccc2)C(=O)N[C@@H](CCC(N)=O)C(=O)N[C@@H](CC(N)=O)C(=O)N1)C(=O)NCC(N)=O,26864.0,C48H68N14O14S2,1129.2689 (60.0520+1069.2170),0.0
CC(=O)O[C@@H]1CC2C3CCc4cc(OC(=O)c5ccccc5)ccc4C3CCC2(C)[C@H]1OC(C)=O,31486.0,C29H32O6,476.5608,0.0
CC(=O)OC[C@H]1O[C@@](COC(C)=O)(O[C@H]2O[C@H](COC(C)=O)[C@@H](OC(C)=O)[C@H](OC(C)=O)[C@H]2OC(C)=O)[C@@H](OC(C)=O)[C@@H]1OC(C)=O,22423.0,C28H38O19,678.5899,0.0
CC(=O)Oc1c(C)c(C)c2c(c1C)CC[C@@](C)(CCC[C@H](C)CCC[C@H](C)CCCC(C)C)O2,1356.0,C31H52O3,472.7428,0.0
CC(=O)Oc1cccc2c1C(=O)c1c(OC(C)=O)cc(C(=O)O)cc1C2=O,25636.0,C19H12O8,368.2938,0.0
CC(=O)OCC(=O)[C@@]1(O)CC[C@H]2[C@@H]3CCC4=CC(=O)CC[C@]4(C)[C@H]3C(=O)C[C@@]21C,2858.0,C23H30O6,402.4807,0.0
CC(=O)OCC(=O)[C@@]1(O)[C@H](C)C[C@H]2[C@@H]3CCC4=CC(=O)C=C[C@]4(C)[C@@]3(F)[C@@H](O)C[C@@]21C,2901.0,C24H31FO6,434.4977,0.0
CC(=O)OCC(=O)[C@@]1(O)CC[C@H]2[C@@H]3CCC4=CC(=O)C=C[C@]4(C)[C@@]3(F)[C@@H](O)C[C@@]21C,25306.0,C23H29FO6,420.4712,0.0
CC(=O)OCC(=O)[C@@]1(O)CC[C@H]2[C@@H]3CCC4=CC(=O)C=C[C@]4(C)[C@H]3[C@@H](O)C[C@@]21C,3502.0,C23H30O6,402.4807,0.0
CC(=O)OCC(=O)[C@@]1(O)CCC2C3CCC4=CC(=O)CC[C@]4(C)C3[C@@H](O)C[C@@]21C,28612.0,C23H32O6,404.4966,0.0
CC(=O)OCC(=O)[C@@]1(OC(C)=O)[C@@H](C)C[C@H]2[C@@H]3C[C@H](F)C4=CC(=O)C=C[C@]4(C)[C@@]3(F)[C@@H](O)C[C@@]21C,25646.0,C26H32F2O7,494.5249,0.0
CC(=O)OCC(=O)[C@H]1CC[C@H]2[C@@H]3CCC4=CC(=O)CC[C@]4(C)[C@H]3CC[C@]12C,2894.0,C23H32O4,372.4978,0.0
CC(=O)OCC(CCn1cnc2cnc(N)nc21)COC(C)=O,3038.0,C14H19N5O4,321.3318,0.0
CC(=O)SC[C@@H](Cc1ccccc1)C(=O)NCC(=O)OCc1ccccc1,25513.0,C21H23NO4S,385.4766,0.0
CCN(CC)CCOC(=O)C(C)(c1ccccc1)c1ccccc1,26294.0,C21H27NO2,325.4446,0.0
COC(=O)N[C@H](C(=O)N[C@@H](Cc1ccccc1)[C@@H](O)CN(Cc1ccc(-c2ccccn2)cc1)NC(=O)[C@@H](NC(=O)OC)C(C)(C)C)C(C)(C)C,28617.0,C38H52N6O7,704.8555,0.0
CC(C)(C)C(=O)C(Oc1ccc(Cl)cc1)n1ccnc1,26555.0,C15H17ClN2O2,292.7607,1.0
CC(C)(C)C(=O)OCOC(=O)[C@@H]1N2C(=O)[C@@H](NC(=O)[C@H](N)c3ccccc3)[C@H]2SC1(C)C,25459.0,C22H29N3O6S,463.5472,0.0
CC(C)(C)C(=O)OCOP(=O)(COCCn1cnc2c(N)ncnc21)OCOC(=O)C(C)(C)C,26487.0,C20H32N5O8P,501.4705,0.0
Cc1cc(-n2nc3ccc(Cl)cc3n2)c(O)c(C(C)(C)C)c1,16438.0,C17H18ClN3O,315.7973,0.0
CC(C)(Sc1cc(C(C)(C)C)c(O)c(C(C)(C)C)c1)Sc1cc(C(C)(C)C)c(O)c(C(C)(C)C)c1,25440.0,C31H48O2S2,516.8416,0.0
CC(C)OC(=O)c1cc2c(OCC(O)CNC(C)(C)C)cccc2[nH]1,28967.0,C19H28N2O4,348.4366,0.0
CC(C)(C)NCC(O)COc1ccccc1OCC1CCCO1,31552.0,C18H29NO4,323.4272,0.0
Cc1cc2c(OCC(CNC(C)(C)C)OC(=O)c3ccccc3)cccc2[nH]1,2684.0,C23H28N2O3,380.48,0.0
CC(C)(C(=O)c1cccnc1)c1cccnc1,3314.0,C14H14N2O,226.2738,0.0
CN(C(=O)CN(CCO)CC(=O)N(C)C(C)(C)Cc1ccccc1)C(C)(C)Cc1ccccc1,5818.0,C28H41N3O3,467.6434,0.0
CC(C)(CO)[C@@H](O)C(=O)NCCCO,2906.0,C9H19NO4,205.2515,0.0
CCS(=O)(=O)C(C)(C)S(=O)(=O)CC,28500.0,C7H16O4S2,228.3295,0.0
CC(C)[C@@H]1CC[C@@H](C)CC1=O,24384.0,C10H18O,154.2493,0.0
CC(C)[N+](C)(CCC(C(N)=O)(c1ccccc1)c1ccccc1)C(C)C,3174.0,C23H33N2O,353.5204,0.0
CC(C)C(=O)c1c(C(C)C)nn2ccccc12,28933.0,C14H18N2O,230.3055,0.0
CC(C)C(=O)Nc1cccc(C2CN3CCSC3=N2)c1,31559.0,C15H19N3OS,289.3959,0.0
CC(C)C(=O)OCc1cccc(OC(=O)[C@@H]2N3C(=O)[C@@H](NC(=O)Cc4ccccc4)[C@H]3SC2(C)C)c1,31437.0,C27H30N2O6S,510.6019,0.0
CC(C)C(Br)C(=O)NC(N)=O,20656.0,C6H11BrN2O2,223.0677,0.0
CC(C)C[C@@H](N)C(=O)O,26347.0,C6H13NO2,131.1729,0.0
Cc1c(C(C)C)c(=O)n(-c2ccccc2)n1C,3529.0,C14H18N2O,230.3055,0.0
CC(C)c1ccc2oc3nc(N)c(C(=O)O)cc3c(=O)c2c1,2595.0,C16H14N2O4,298.2934,0.0
CC(C)Cc1ccc(C(C)C(=O)OCc2ccccn2)cc1,3140.0,C19H23NO2,297.3914,0.0
COc1cc2c(cc1OC)C1CC(=O)C(CC(C)C)CN1CC2,22614.0,C19H27NO3,317.4226,0.0
Cc1c(C)c2c(c(C)c1OC(=O)c1cccnc1)CC[C@@](C)(CCC[C@H](C)CCC[C@H](C)CCCC(C)C)O2,26396.0,C35H53NO3,535.8002,0.0
CC1=C(C/C=C(\C)CCC[C@H](C)CCC[C@H](C)CCCC(C)C)C(=O)c2ccccc2C1=O,3472.0,C31H46O2,450.6957,0.0
CC(C)CCCC(C)NCCC(C)C,31545.0,C13H29N,199.3761,0.0
CC(C)Cn1cnc2c1c(=O)n(C)c(=O)n2C,26767.0,C11H16N4O2,236.2703,0.0
CC(C)N(CCC(C(N)=O)(c1ccccc1)c1ccccn1)C(C)C,25536.0,C21H29N3O,339.4745,0.0
CC[C@H](NC(C)C)[C@H](O)c1ccc(O)c2[nH]c(=O)ccc12,25673.0,C16H22N2O3,290.3575,0.0
CC(C)NC(C)C,5085.0,C6H15N,101.19,0.0
CC(C)NC[C@@H](O)COc1cccc2ccccc12,25304.0,C16H21NO2,259.3434,0.0
Cc1c(NC(C)C)c(=O)n(-c2ccccc2)n1C,25906.0,C14H19N3O,245.3202,0.0
CC(C)NCC(O)c1ccc2ccccc2c1,1193.0,C15H19NO,229.3175,0.0
CC(C)NCC(O)COc1ccc(CCOCC2CC2)cc1,2674.0,C18H29NO3,307.4278,0.0
CC(C)NCC(O)COc1cccc2[nH]ccc12,3476.0,C14H20N2O2,248.3208,0.0
COC(C)(C)CCCC(C)C/C=C/C(C)=C/C(=O)OC(C)C,12627.0,C19H34O3,310.4715,0.0
CCCCCCCCCCCCCC(=O)OC(C)C,6838.0,C17H34O2,270.4507,0.0
CCCCCCCCCCCCCCCC(=O)OC(C)C,7104.0,C19H38O2,298.5038,0.0
COc1cc2c(N3CCN(C(=O)Nc4ccc(OC(C)C)cc4)CC3)ncnc2cc1OCCCN1CCCCC1,28873.0,C31H42N6O4,562.703,0.0
CC(C)Oc1ccc2c(=O)c(-c3ccccc3)coc2c1,20679.0,C18H16O3,280.3178,0.0
CCOC(=O)c1cncn1C(C)c1ccccc1,3033.0,C14H16N2O2,244.289,0.0
CCCOC(=O)c1cncn1C(C)c1ccccc1,31599.0,C15H18N2O2,258.3156,0.0
CCCCC(CC)CNC(=O)CC(C)OC(=O)CCC(=O)O,31505.0,C16H29NO5,315.4052,0.0
CCC(C)C(N)C(=O)O,26882.0,C6H13NO2,131.1729,0.0
CCC(C)n1ncn(-c2ccc(N3CCN(c4ccc(OC[C@H]5CO[C@](Cn6cncn6)(c6ccc(Cl)cc6Cl)O5)cc4)CC3)cc2)c1=O,3180.0,C35H38Cl2N8O4,705.6334,0.0
COC(=O)C=C(C)N,30270.0,C5H9NO2,115.1305,0.0
CC(O)CCCCn1c(=O)c2c(ncn2C)n(C)c1=O,26343.0,C13H20N4O3,280.3229,0.0
CC(O)CN(CCN(CC(C)O)CC(C)O)CC(C)O,6689.0,C14H32N2O4,292.4149,0.0
CC(O)Cn1cnc2c1c(=O)n(C)c(=O)n2C,3536.0,C10H14N4O3,238.2432,0.0
CC[C@@H](CO)NC(=O)[C@@H]1C=C2c3cccc4[nH]cc(c34)C[C@H]2N(C)C1,3283.0,C20H25N3O2,339.4314,0.0
CC[C@@H](CO)NC(=O)[C@@H]1C=C2c3cccc4c3c(cn4C)C[C@H]2N(C)C1,3307.0,C21H27N3O2,353.458,0.0
CC[C@@]1(c2ccccc2)NC(=O)N(C)C1=O,26126.0,C12H14N2O2,218.2518,0.0
CC1=C(C(=O)O)N2C(=O)[C@@H](N)[C@H]2SC1,31476.0,C8H10N2O3S,214.2416,0.0
COC(=O)C1=C(C)NC(C)=C(C(=O)OC)C1c1ccccc1[N+](=O)[O-],5715.0,C17H18N2O6,346.3346,0.0
COC(=O)C1=C(C)NC(C)=C(C(=O)OC)C1c1ccccc1OC(F)F,26148.0,C18H19F2NO5,367.344,0.0
COC(=O)C1=C(C)NC(C)=C(C(=O)OCC(C)=O)C1c1ccccc1[N+](=O)[O-],28575.0,C19H20N2O7,388.3713,0.0
CCCC(=O)OCOC(=O)C1=C(C)NC(C)=C(C(=O)OC)C1c1cccc(Cl)c1Cl,31450.0,C21H23Cl2NO6,456.3164,0.0
CC1=C(C(=O)O)N2C(=O)[C@@H](NC(=O)[C@H](N)C3=CCC=CC3)[C@H]2SC1,2785.0,C16H19N3O4S,349.4048,0.0
CC1=C(C(=O)O)N2C(=O)[C@@H](NC(=O)[C@H](N)c3ccc(O)cc3)[C@H]2SC1,2749.0,C16H17N3O5S,363.3883,0.0
Cc1nc2n(c(=O)c1CCN1CCC(c3noc4cc(F)ccc34)CC1)CCC[C@H]2O,28985.0,C23H27FN4O3,426.4839,0.0
Cc1oc(=O)oc1CN1CCN(c2cc3c(cc2F)c(=O)c(C(=O)O)c2n3C(C)S2)CC1,26480.0,C21H20FN3O6S,461.4634,0.0
CN1C(=O)C(C)(C2=CCCCC2)C(=O)N=C1O,3122.0,C12H16N2O3,236.267,0.0
CN1C(C)(C)CCCC1(C)C.O=C(O)[C@@H](O)[C@H](O)C(=O)O,25229.0,C14H27NO6,305.3673 (155.2804+150.0868),0.0
CC1(C)CO[C@@H](CC(=O)O)CN1,25670.0,C8H15NO3,173.2096,0.0
Cc1ccc(C(C)OC(=O)C2(C)CCC(C(=O)O)C2(C)C)cc1.OCCNCCO,31567.0,C23H37NO6,423.5430 (318.4073+105.1356),0.0
CC1(c2ccccc2)OC(C(=O)O)=CC1=O,25685.0,C12H10O4,218.2054,0.0
CC(C)=CCC[C@@](C)(O)[C@H]1CC=C(C)CC1,25964.0,C15H26O,222.3663,0.0
Cc1cn([C@@H]2O[C@H](CO)[C@@H](O)[C@@H]2F)c(=O)[nH]c1=O,31448.0,C10H13FN2O5,260.219,0.0
Cc1cn([C@H]2C[C@H](N=[N+]=[N-])[C@@H](CO)O2)c(=O)[nH]c1=O,127.0,C10H13N5O4,267.2413,0.0
Cc1cn([C@H]2C[C@H](F)[C@@H](CO)O2)c(=O)[nH]c1=O,26579.0,C10H13FN2O4,244.2196,0.0
Cc1cn([C@H]2C=C[C@@H](CO)O2)c(=O)[nH]c1=O,3819.0,C10H12N2O4,224.2133,0.0
CC12CC3CC(C)(C1)CC(N)(C3)C2,25174.0,C12H21N,179.3018,0.0
CC(=O)N(c1onc(C)c1C)S(=O)(=O)c1ccc(N)cc1,3620.0,C13H15N3O4S,309.3409,0.0
Cc1cc(C)cc(OCC2CNC(=O)O2)c1,3269.0,C12H15NO3,221.2524,0.0
CCOP(=S)(OCC)Oc1cc(C)nc(C(C)C)n1,407.0,C12H21N2O3PS,304.3455,0.0
Cc1ccc(/C(=C\CN2CCCC2)c2ccccn2)cc1,3718.0,C19H22N2,278.3914,0.0
Cc1ccc(-c2ccccc2C#N)cc1,31412.0,C14H11N,193.2438,0.0
Cc1ccc(S(=O)(=O)NC(=O)NN2CC3CCCC3C2)cc1,3095.0,C15H21N3O3S,323.4105,0.0
Cc1ccc(S(=O)(=O)NC(=O)NN2CCCCCC2)cc1,1358.0,C14H21N3O3S,311.3998,0.0
COc1c(N2CCNC(C)C2)c(F)cc2c(=O)c(C(=O)O)cn(C3CC3)c12,25704.0,C19H22FN3O4,375.3941,0.0
Cc1cnc(C(=O)NCCc2ccc(S(=O)(=O)NC(=O)NC3CCCCC3)cc2)cn1,20676.0,C21H27N5O4S,445.5352,0.0
Cc1ncc([N+](=O)[O-])n1CC(C)O,25934.0,C7H11N3O3,185.1805,0.0
Cc1ncc([N+](=O)[O-])n1CCO,892.0,C6H9N3O3,171.154,0.0
CC1OC(C)OC(C)O1,3419.0,C6H12O3,132.1577,0.0
Cc1cc2cc3c(C)cc(=O)oc3c(C)c2o1,3716.0,C14H12O3,228.2433,0.0
Cc1sccc1Br,31496.0,C5H5BrS,177.0622,0.0
CC1(C)[C@@H]2CC[C@@]1(C)C(=O)C2,4721.0,C10H16O,152.2334,0.0
CC(=O)/C=C/C=C1/C2CCC(C2)C1(C)C,31477.0,C14H20O,204.308,0.0
CC12CCC(CC1)C(C)(C)O2,616.0,C10H18O,154.2493,0.0
C/C=C1\[C@H]2C=C(C)C[C@]1(N)c1ccc(=O)[nH]c1C2,26038.0,C15H18N2O,242.3162,0.0
Cc1ccc(=O)n(-c2ccccc2)c1,25183.0,C12H11NO,185.2218,0.0
Cc1cc(NS(=O)(=O)c2ccc(N)cc2)nc(C)n1,26390.0,C12H14N4O2S,278.3302,0.0
Cc1cc(NS(=O)(=O)c2ccc(N)cc2)no1,6064.0,C10H11N3O3S,253.2776,0.0
CC(=O)Nc1ccc(S(=O)(=O)Nc2cc(C)on2)cc1,28970.0,C12H13N3O4S,295.3143,0.0
Cc1ccc(/N=C/N(C)/C=N/c2ccc(C)cc2C)c(C)c1,3871.0,C19H23N3,293.406,0.0
Cc1cccc(C)c1NC(=O)CN1CCCCCC1,26142.0,C16H24N2O,260.3746,0.0
Cc1cccc(C)c1NC1=NCCCS1,20643.0,C12H16N2S,220.3338,0.0
Cc1ccsc1/C=C/C1=NCCCN1C.O=C(O)[C@@H](O)[C@@H](O)C(=O)O,25575.0,C16H22N2O6S,370.4207 (150.0868+220.3338),0.0
Cc1c[nH]c2ccccc12,1775.0,C9H9N,131.1745,0.0
Cc1nc2c([nH]1)c(=O)n(C)c(=O)n2Cc1ccco1,25153.0,C12H12N4O3,260.2487,0.0
Cc1nnc(NS(=O)(=O)c2ccc(N)cc2)s1,3615.0,C9H10N4O2S2,270.3313,0.0
COc1ccc2[nH]c(S(=O)Cc3ncc(C)c(OC)c3C)nc2c1,1080.0,C17H19N3O3S,345.4161,0.0
COc1ccc2[nH]c(S(=O)Cc3ncc(C)c(OC)c3C)nc2n1,26687.0,C16H18N4O3S,346.4041,0.0
COc1ccc2[nH]c(SCc3ncc(C)c(OC)c3C)nc2c1,31605.0,C17H19N3O2S,329.4167,0.0
Cc1ccc2c(c1)C1CN(C)CCC1N2,26193.0,C13H18N2,202.2954,0.0
Cc1cccc(C)c1NC(=O)CC12CCCN1CCC2,26639.0,C17H24N2O,272.3853,0.0
CC1CCCCN1CCCOC(=O)c1ccc(OC2CCCCC2)cc1,31432.0,C22H33NO3,359.5023,0.0
Cc1ccccc1/N=N/c1ccc(/N=N/c2c(O)ccc3ccccc23)c(C)c1,21743.0,C24H20N4O,380.4418,0.0
CCC(=O)C(CCN(C)C)(c1ccccc1)c1ccccc1,31537.0,C20H25NO,295.4186,0.0
CCC(=O)O.CCC(=O)O.O=C(Nc1cccc(C2=NCCN2)c1)Nc1cccc(C2=NCCN2)c1,26604.0,C25H32N6O5,496.5588 (74.0785+348.4017+74.0785),0.0
CCC(=O)O[C@@H]1C=C2CCC3C(CCC4(C)C3CC[C@@H]4OC(=O)CC)C2CC1,31466.0,C24H36O4,388.5402,0.0
CCC(=O)Oc1ccc2c(c1)CC[C@@H]1[C@@H]2CC[C@@]2(C)[C@H]1C[C@@H](OC(=O)CC)[C@@H]2OC(=O)CC,31478.0,C27H36O6,456.5711,0.0
CCC(C(=O)OCCN1CCOC(c2ccccc2)C1C)c1ccccc1,31535.0,C23H29NO3,367.4813,0.0
CCC1(CC)C(=O)C=CNC1=O,25262.0,C9H13NO2,167.205,0.0
CCC1(C2=NCCN2)Cc2ccccc2O1,25149.0,C13H16N2O,216.2789,0.0
CCC1(c2ccc(N)cc2)CCC(=O)NC1=O,2589.0,C13H16N2O2,232.2783,0.0
CCC1(c2ccccc2)CCC(=O)NC1=O,3102.0,C13H15NO2,217.2637,0.0
CCc1cc(C(N)=S)ccn1,577.0,C8H10N2S,166.2434,0.0
CCc1ccc(C2CCNCC2)cc1,31592.0,C13H19N,189.2967,0.0
CCc1cccc2c(CCO)c[nH]c12,31530.0,C12H15NO,189.2536,0.0
CCCC(CCC)C(=O)O,3733.0,C8H16O2,144.2114,0.0
CCCC(O)C(CC)CO,5292.0,C8H18O2,146.2273,0.0
CCCc1cc(C(N)=S)ccn1,25940.0,C9H12N2S,180.27,0.0
CCCCOCCOCCOCc1cc2c(cc1CCC)OCO2,1166.0,C19H30O5,338.4385,0.0
CCCC1CCCCN1,26821.0,C8H17N,127.2273,0.0
CCCc1ncc(C(=O)O)s1,31498.0,C7H9NO2S,171.2169,0.0
CCCCC(=O)OCC(=O)[C@H]1[C@H](C)C[C@H]2[C@@H]3C[C@H](F)C4=CC(=O)C=C[C@]4(C)[C@@]3(F)[C@@H](O)C[C@@]21C,28524.0,C27H36F2O5,478.5685,0.0
CCCCCC(N)=O,696.0,C6H13NO,115.1735,0.0
CCCCCCCCCCCCCCCCCCO,6935.0,C18H38O,270.4937,0.0
CCCCCCCCCCCCCCCCO,7991.0,C16H34O,242.4406,0.0
CCCCN1CCCC1C(=O)Nc1c(C)cc(C)cc1C,26109.0,C18H28N2O,288.4277,0.0
CCCN(CCC)CCc1cccc2c1CC(=O)N2,25195.0,C16H24N2O,260.3746,0.0
CCCN[C@H]1CCc2nc(N)sc2C1,3496.0,C10H17N3S,211.3271,0.0
CCCOc1ccccc1-c1nc2[nH]nnc2c(=O)[nH]1,25224.0,C13H13N5O2,271.2746,0.0
CCN(CC)C(=O)C1CN2CCc3cc(OC)c(OC)cc3C2CC1OC(C)=O,2657.0,C22H32N2O5,404.4999,0.0
CCN(CC)C(=O)N[C@@H]1C=C2c3cccc4[nH]cc(c34)C[C@@H]2N(C)C1,26320.0,C20H26N4O,338.4466,0.0
CCN(CC)c1cc(C)nc2ncnn12,25416.0,C10H15N5,205.2596,0.0
CCN(CC)CCN,31395.0,C6H16N2,116.2046,0.0
CCN(CC)CCOC(=O)C1(C2CCCCC2)CCCCC1,2926.0,C19H35NO2,309.4867,0.0
CCN(CC)CCOCCOC(=O)C1(c2ccccc2)CCCC1,2734.0,C20H31NO3,333.465,0.0
CCN(CC)CCOc1ccccc1C(=O)CCc1ccccc1,26181.0,C21H27NO2,325.4446,0.0
CCN1CCN(c2cc3c(cc2F)c(=O)c(C(=O)O)cn3C2CC2)CC1,25619.0,C19H22FN3O3,359.3947,0.0
CCN1CCC[C@H]1CNC(=O)c1c(O)c(Cl)cc(Cl)c1OC,25687.0,C15H20Cl2N2O3,347.2369,0.0
CCN1CCC[C@H]1CNC(=O)c1c(OC)ccc(Br)c1OC,25668.0,C16H23BrN2O3,371.2694,0.0
CCN1CCC[C@H]1CNC(=O)c1cc(S(N)(=O)=O)ccc1OC,22583.0,C15H23N3O4S,341.4258,0.0
CCN1CCCC1CNC(=O)c1cc(S(=O)(=O)CC)c(N)cc1OC,22613.0,C17H27N3O4S,369.479,0.0
CCN1CCCC1CNC(=O)C(O)(c1ccccc1)c1ccccc1,31588.0,C21H26N2O2,338.4433,0.0
CCn1ccnc1CC1COc2ccccc2O1,25162.0,C14H16N2O2,244.289,0.0
C=CCN1C[C@H](C(=O)N(CCCN(C)C)C(=O)NCC)C[C@@H]2c3cccc4[nH]cc(c34)C[C@H]21,2719.0,C26H37N5O2,451.6043,0.0
CCOc1c(N2CCOCC2)cnn(C)c1=O,2981.0,C11H17N3O3,239.271,0.0
CCOc1nc(=O)c(F)c[nH]1,31565.0,C6H7FN2O2,158.1304,0.0
Cl.c1ccc(CN(CC2=NCCN2)c2ccccc2)cc1,27762.0,C17H20ClN3,301.8138 (265.3529+36.4609),0.0
C[C@@H]1CCC[C@H](C)N1.Cl,25386.0,C7H16ClN,149.6616 (113.2007+36.4609),0.0
C[N+](C)(C)CC(O)CC(=O)[O-].Cl,25850.0,C7H16ClNO3,197.6598 (36.4609+161.1989),0.0
Cl.c1cnc2cc3c(cc2n1)C1CNCC3C1,28867.0,C13H14ClN3,247.7234 (211.2624+36.4609),0.0
Cl.c1cc2c(c(N3CCNCC3)c1)OCCO2,26090.0,C12H17ClN2O2,256.7286 (220.2676+36.4609),0.0
Cl.c1ccc2cc(CC3=NCCN3)ccc2c1,25788.0,C14H15ClN2,246.7353 (36.4609+210.2744),0.0
Cl.c1ccc(CC2=NCCN2)cc1,1718.0,C10H13ClN2,196.6766 (160.2157+36.4609),0.0
Cl.c1ccc2c(c1)CCCC2C1=NCCN1,25316.0,C13H17ClN2,236.7405 (200.2795+36.4609),0.0
CC(=O)OCC(=O)NCCCOc1cccc(CN2CCCCC2)c1.Cl,26670.0,C19H29ClN2O4,384.8976 (348.4366+36.4609),0.0
CC(C)(C)NC[C@H](O)COc1cccc2c1CCCC2=O.Cl,777.0,C17H26ClNO3,327.8462 (291.3853+36.4609),0.0
CC(C)(C)NCC(O)COc1cccc2c1CCC(=O)N2.Cl,25478.0,C16H25ClN2O3,328.8343 (292.3734+36.4609),0.0
CC(N)CCCC(C)(C)O.Cl,25891.0,C8H20ClNO,181.7035 (36.4609+145.2426),0.0
CC(C)[C@H](N)C(=O)OCCOCn1cnc2c(=O)[nH]c(N)nc21.Cl,24210.0,C13H21ClN6O4,360.7966 (324.3357+36.4609),0.0
CC(C)C[C@@H]1[C@H](c2ccccc2)OC(=O)N1CCCN1CCCCCC1.Cl,31415.0,C22H35ClN2O2,394.9785 (358.5176+36.4609),0.0
COC(=O)c1cncn1C(C)c1ccccc1.Cl,25707.0,C13H15ClN2O2,266.7234 (230.2625+36.4609),0.0
Cc1ccc(C(=O)C(C)CN2CCCCC2)cc1.Cl,25868.0,C16H24ClNO,281.8209 (36.4609+245.3599),0.0
CCc1ccc(C(=O)C(C)CN2CCCCC2)cc1.Cl,27822.0,C17H26ClNO,295.8474 (36.4609+259.3865),0.0
CC(CNC1CCCCC1)OC(=O)c1ccccc1.Cl,25321.0,C16H24ClNO2,297.8203 (36.4609+261.3593),0.0
CC(N)C12CC3CC(CC(C3)C1)C2.Cl,27790.0,C12H22ClN,215.7628 (179.3018+36.4609),0.0
COC(=O)C1=C(C)NC(C)=C(C(=O)OC(C)(C)CN(C)CCC(c2ccccc2)c2ccccc2)C1c1cccc([N+](=O)[O-])c1.Cl,26665.0,C36H42ClN3O6,648.1882 (611.7272+36.4609),0.0
Cc1cn[nH]c1.Cl,25776.0,C4H7ClN2,118.5648 (36.4609+82.1038),0.0
CCCCN1CCCC[C@H]1C(=O)Nc1c(C)cccc1C.Cl,26071.0,C18H29ClN2O,324.8887 (288.4277+36.4609),0.0
CC1NCCOC1c1ccccc1.Cl,27799.0,C11H16ClNO,213.7038 (36.4609+177.2429),0.0
Cc1ccsc1C(=CCCN1CCC[C@@H](C(=O)O)C1)c1sccc1C.Cl,24218.0,C20H26ClNO2S2,412.0089 (375.5480+36.4609),0.0
Cc1ccccc1N1CCN(CCc2nnc3n2CCCC3)CC1.Cl,28595.0,C19H28ClN5,361.9121 (325.4512+36.4609),0.0
Cc1nc[nH]c1CN1CCc2c(c3ccccc3n2C)C1=O.Cl,24208.0,C17H19ClN4O,330.8120 (36.4609+294.3510),0.0
CCc1ccc(CCOc2ccc(CC3SC(=O)NC3=O)cc2)nc1.Cl,24203.0,C19H21ClN2O3S,392.8996 (356.4387+36.4609),0.0
CCCCOc1ccc(OCCCN2CCOCC2)cc1.Cl,27757.0,C17H28ClNO3,329.8621 (293.4012+36.4609),0.0
CCCN1CCC[C@@H]2Cc3n[nH]cc3C[C@H]21.Cl,25519.0,C13H22ClN3,255.7869 (219.3259+36.4609),0.0
CCCN1CCCC[C@H]1C(=O)Nc1c(C)cccc1C.Cl,28353.0,C17H27ClN2O,310.8621 (36.4609+274.4011),0.0
CCN(CC)C(C)CN1c2ccccc2Sc2ccccc21.Cl,25347.0,C19H25ClN2S,348.9332 (312.4723+36.4609),0.0
CCN(CC)CCCN(c1ccccc1)C1Cc2ccccc2C1.Cl,26726.0,C22H31ClN2,358.9479 (322.4870+36.4609),0.0
CCN(CC)CCOC(=O)C(c1ccccc1)c1ccccc1.Cl,25880.0,C20H26ClNO2,347.8789 (36.4609+311.4180),0.0
CCN(CC)CCOC(=O)C(c1ccccc1)C1CCCCC1.Cl,25859.0,C20H32ClNO2,353.9266 (36.4609+317.4656),1.0
CCN(CCO)CCn1c(Cc2ccccc2)nc2c1c(=O)n(C)c(=O)n2C.Cl,28647.0,C20H28ClN5O3,421.9210 (385.4601+36.4609),0.0
CCc1cc(Cl)c(OC)c(C(=O)NC[C@@H]2CCCN2CC)c1O.Cl,25769.0,C17H26Cl2N2O3,377.3059 (36.4609+340.8450),0.0
CCOc1ccccc1OCC1CNCCO1.Cl,31511.0,C13H20ClNO3,273.7558 (237.2949+36.4609),0.0
Cl.Cl.c1ccc(CNCCNCc2ccccc2)cc1,26563.0,C16H22Cl2N2,313.2653 (240.3434+36.4609+36.4609),0.0
CC[C@@H](CO)NCCN[C@@H](CC)CO.Cl.Cl,25345.0,C10H26Cl2N2O2,277.2316 (204.3098+36.4609+36.4609),0.0
Cc1cc(-c2ccccc2)nnc1NCCN1CCOCC1.Cl.Cl,25864.0,C17H24Cl2N4O,371.3047 (36.4609+36.4609+298.3828),0.0
CCN1CCc2nc(N)oc2CC1.Cl.Cl,25756.0,C9H17Cl2N3O,254.1568 (181.2349+36.4609+36.4609),0.0
CN1CCN(C(c2ccccc2)c2ccccc2)CC1.Cl.Cl,27753.0,C18H24Cl2N2,339.3026 (266.3807+36.4609+36.4609),0.0
COc1ccc(CN2CCNCC2)c(OC)c1OC.Cl.Cl,25407.0,C14H24Cl2N2O3,339.2580 (266.3361+36.4609+36.4609),0.0
Cl.Cl.NC(=O)C1(N2CCCCC2)CCN(CCCC(=O)c2ccc(F)cc2)CC1,26505.0,C21H32Cl2FN3O2,448.4021 (36.4609+36.4609+375.4802),0.0
Cl.Cl.NC(=O)COCCN1CCN(C(c2ccccc2)c2ccc(Cl)cc2)CC1,28978.0,C21H28Cl3N3O2,460.8249 (36.4609+36.4609+387.9030),0.0
Cc1ccc2nc(N)[nH]c(=O)c2c1Sc1ccncc1.Cl.Cl,26810.0,C14H14Cl2N4OS,357.2582 (284.3363+36.4609+36.4609),0.0
Cl.Cl.NCCNc1cccc2ccccc12,917.0,C12H16Cl2N2,259.1748 (186.2530+36.4609+36.4609),0.0
CN(C)C/C=C(/c1ccc(Br)cc1)c1cccnc1.Cl.Cl.O,25815.0,C16H21BrCl2N2O,408.1607 (36.4609+36.4609+317.2236+18.0153),0.0
CCOC(CN1CCN(CC(C)C(=O)c2ccccc2)CC1)c1ccccc1.Cl.Cl,26631.0,C24H34Cl2N2O2,453.4450 (380.5231+36.4609+36.4609),0.0
Cl.Cl.O=C(O)COCCN1CCN(C(c2ccccc2)c2ccc(Cl)cc2)CC1,24268.0,C21H27Cl3N2O3,461.8097 (388.8878+36.4609+36.4609),0.0
Cc1ncc(CO)c(CN)c1O.Cl.Cl,25088.0,C8H14Cl2N2O2,241.1150 (168.1931+36.4609+36.4609),0.0
Cl.Cl.OCCN1CCN(CCCN2c3ccccc3C=Cc3ccccc32)CC1,25752.0,C23H31Cl2N3O,436.4177 (36.4609+36.4609+363.4959),0.0
Cl.Cl/C(=C\n1cncn1)c1ccc(Cl)cc1Cl,25676.0,C10H7Cl4N3,310.9947 (274.5337+36.4609),0.0
COc1cc(N)c(Cl)cc1C(=O)NC1CN2CCC1CC2.Cl,25686.0,C15H21Cl2N3O2,346.2521 (309.7912+36.4609),0.0
Cl.Clc1cccc(C(c2ccc3nc[nH]c3c2)n2ccnc2)c1,26817.0,C17H14Cl2N4,345.2259 (308.7649+36.4609),0.0
CN(C)CC[C@@H](c1ccc(Cl)cc1)c1ccccn1.Cl,28962.0,C16H20Cl2N2,311.2494 (274.7885+36.4609),0.0
CN(CCCN1c2ccccc2CCc2ccccc21)CC(=O)c1ccc(Cl)cc1.Cl,27809.0,C26H28Cl2N2O,455.4193 (36.4609+418.9584),0.0
Cl.ClCCCN1CCN(c2cccc(Cl)c2)CC1,31550.0,C13H19Cl3N2,309.6624 (273.2014+36.4609),0.0
Cl.NCCNC(=O)c1ccc(Cl)cn1,26739.0,C8H11Cl2N3O,236.0984 (199.6375+36.4609),0.0
Cl.NC1CCN(c2cccc(Cl)n2)CC1,25201.0,C10H15Cl2N3,248.1522 (211.6913+36.4609),0.0
CC(C)CC(N(C)C)C1(c2ccc(Cl)cc2)CCC1.Cl,25927.0,C17H27Cl2N,316.3090 (36.4609+279.8480),0.0
CN(C)CC/C=C1\c2ccccc2COc2ccccc21.Cl,25145.0,C19H22ClNO,315.8371 (279.3761+36.4609),0.0
CN(C)CCCO[C@@H]1[C@H]2OC(C)(C)O[C@H]2O[C@@H]1C(O)CO.Cl,25883.0,C14H28ClNO6,341.8282 (36.4609+305.3673),0.0
CN(C)CCN(Cc1cccs1)c1ccccn1.Cl,818.0,C14H20ClN3S,297.8467 (261.3858+36.4609),0.0
CN(C)CCN1C(=O)c2ccccc2N(C)c2ccccc21.Cl,28394.0,C18H22ClN3O,331.8398 (295.3788+36.4609),0.0
C#CCOC(C(=O)OCCN(C)C)(c1ccccc1)c1ccccc1.Cl,26442.0,C21H24ClNO3,373.8732 (337.4122+36.4609),0.0
CCCCc1cc2ccccc2c(OCCN(C)C)n1.Cl,25373.0,C17H25ClN2O,308.8462 (272.3853+36.4609),0.0
Cl.Cn1c(NCCN(CCO)CCCc2ccc([N+](=O)[O-])cc2)cc(=O)n(C)c1=O,26495.0,C19H28ClN5O5,441.9091 (405.4482+36.4609),0.0
CN1CCOC(c2ccccc2)c2ccccc2C1.Cl,25441.0,C17H20ClNO,289.7998 (253.3389+36.4609),0.0
CNS(=O)(=O)CCc1ccc2[nH]cc(C3CCN(C)CC3)c2c1.Cl,28990.0,C17H26ClN3O2S,371.9252 (335.4643+36.4609),0.0
CCC1(c2cccc(O)c2)CCCCN(C)C1.Cl,25485.0,C15H24ClNO,269.8102 (233.3492+36.4609),0.0
CN1CCN(c2c(F)cc3c(=O)c(C(=O)O)cn4c3c2SCC4)CC1.Cl,25709.0,C17H19ClFN3O3S,399.8675 (363.4065+36.4609),0.0
CCCOC(C(=O)OC1CCN(C)CC1)(c1ccccc1)c1ccccc1.Cl,26847.0,C23H30ClNO3,403.9422 (367.4813+36.4609),0.0
CN1CCCN=C1COC(=O)C(O)(c1ccccc1)C1CCCCC1.Cl,25909.0,C20H29ClN2O3,380.9089 (36.4609+344.4479),0.0
Cl.Cn1ccc2cc3c(cc21)CCN3C(=O)Nc1cccnc1,22622.0,C17H17ClN4O,328.7961 (292.3351+36.4609),0.0
COc1cc(C(=O)NCc2ccc(OCCN(C)C)cc2)cc(OC)c1OC.Cl,27754.0,C21H29ClN2O5,424.9184 (388.4574+36.4609),0.0
COc1ccc(CCN(C)CCCC(C#N)(c2cc(OC)c(OC)c(OC)c2)C(C)C)cc1OC.Cl,27844.0,C28H41ClN2O5,521.0885 (484.6276+36.4609),0.0
COc1ccc(C(=O)NCc2ccc(OCCN(C)C)cc2)cc1OC.Cl,26693.0,C20H27ClN2O4,394.8924 (358.4314+36.4609),0.0
CCN(CCCCOC(=O)c1ccc(OC)c(OC)c1)C(C)Cc1ccc(OC)cc1.Cl,25372.0,C25H36ClNO5,466.0100 (429.5491+36.4609),0.0
COc1ccc(CN(CCN(C)C)c2ncccn2)cc1.Cl,6147.0,C16H23ClN4O,322.8330 (286.3721+36.4609),0.0
COc1ccc(CCN(C)CCCN2CCc3cc(OC)c(OC)cc3CC2=O)cc1OC.Cl,25745.0,C26H37ClN2O5,493.0354 (36.4609+456.5744),0.0
COc1ccccc1N1CCNCC1.Cl,30037.0,C11H17ClN2O,228.7185 (192.2575+36.4609),0.0
COc1cc(OC)c(C(=O)CCCN2CCCC2)c(OC)c1.Cl,26977.0,C17H26ClNO4,343.8456 (307.3847+36.4609),0.0
COc1ccccc1N1CCN(CCCNc2cc(=O)n(C)c(=O)n2C)CC1.Cl,25812.0,C20H30ClN5O3,423.9369 (36.4609+387.4760),0.0
Cl.O=C(CCCN1CCC(O)(c2cccc(C(F)(F)F)c2)CC1)c1ccc(F)cc1,25810.0,C22H24ClF4NO2,445.8781 (36.4609+409.4171),0.0
Cl.NCCCC(N)(C(=O)O)C(F)F,25765.0,C6H13ClF2N2O2,218.6294 (182.1685+36.4609),0.0
C[C@@H]1CN([C@H]2CC[C@](C#N)(c3ccc(F)cc3)CC2)CC[C@]1(C(=O)O)c1ccccc1.Cl,25508.0,C26H30ClFN2O2,456.9800 (420.5191+36.4609),0.0
CCNC(=O)N1CCN(CCCC(c2ccc(F)cc2)c2ccc(F)cc2)CC1.Cl,25750.0,C23H30ClF2N3O,437.9536 (401.4927+36.4609),0.0
CC(=O)Oc1cc2c(s1)CCN(C(C(=O)C1CC1)c1ccccc1F)C2.Cl,28993.0,C20H21ClFNO3S,409.9020 (373.4411+36.4609),0.0
Cc1[nH]c(=O)c(C#N)cc1-c1ccc2nccn2c1.Cl,25813.0,C14H11ClN4O,286.7163 (36.4609+250.2554),0.0
Cl.N[C@@H]1C[C@H]1c1ccccc1,27761.0,C9H12ClN,169.6513 (133.1903+36.4609),0.0
Cc1oc(=O)oc1COC(=O)[C@@H]1N2C(=O)[C@@H](NC(=O)[C@H](N)c3ccccc3)[C@H]2SC1(C)C.Cl,31624.0,C21H24ClN3O7S,497.9492 (461.4882+36.4609),0.0
CN(C)C(=N)NC(=N)N.Cl,17246.0,C4H12ClN5,165.6246 (129.1636+36.4609),0.0
Cl.N=C(N)NC(=N)N1CCOCC1,25376.0,C6H14ClN5O,207.6613 (171.2003+36.4609),0.0
Cl.c1ccc([C@H]2CN3CCSC3=N2)cc1,27518.0,C11H13ClN2S,240.7523 (204.2914+36.4609),0.0
Cl.NC[C@H]1CC[C@H](C(=O)Oc2ccc(CCC(=O)O)cc2)CC1,26459.0,C17H24ClNO4,341.8298 (305.3688+36.4609),0.0
Cl.NC1=NCC2c3ccccc3Cc3ccccc3N12,26502.0,C16H16ClN3,285.7713 (249.3104+36.4609),0.0
Cl.Nc1ccc(N=Nc2ccccc2)c(N)n1,1118.0,C11H12ClN5,249.6995 (213.2385+36.4609),0.0
CC(Cc1ccccc1)(NC(=O)CN)c1ccccc1.Cl,25683.0,C17H21ClN2O,304.8144 (268.3535+36.4609),0.0
Cl.NCCc1cc[nH]n1,27769.0,C5H10ClN3,147.6060 (111.1451+36.4609),0.0
Cl.NCCS,25779.0,C2H8ClNS,113.6096 (36.4609+77.1487),0.0
CCN[C@H]1C[C@H](C)S(=O)(=O)c2sc(S(N)(=O)=O)cc21.Cl,25530.0,C10H17ClN2O4S3,360.9010 (324.4400+36.4609),0.0
Cl.Nc1c2c(nc3c1CCC3)CCCC2.O,26734.0,C12H19ClN2O,242.7451 (18.0153+36.4609+188.2688),0.0
CCCCS(=O)(=O)N[C@@H](Cc1ccc(OCCCCC2CCNCC2)cc1)C(=O)O.Cl.O,28561.0,C22H39ClN2O6S,495.0729 (440.5966+36.4609+18.0153),0.0
CCC[C@@H]1C[C@@H](C(=O)N[C@@H]([C@H]2O[C@H](SC)[C@H](O)[C@@H](O)[C@H]2O)[C@@H](C)O)N(C)C1.Cl,27780.0,C18H35ClN2O6S,442.9983 (406.5374+36.4609),0.0
Cl.N[C@H]1C(O)O[C@H](CO)[C@@H](O)[C@@H]1O,17236.0,C6H14ClNO5,215.6321 (179.1711+36.4609),0.0
CCCNC(C)C(=O)Nc1c(C)csc1C(=O)OC.Cl,25444.0,C13H21ClN2O3S,320.8354 (284.3745+36.4609),0.0
Cl.O=C(NC1CCN(CCc2c[nH]c3ccccc23)CC1)c1ccccc1,26504.0,C22H26ClN3O,383.9143 (347.4534+36.4609),0.0
Cl.O=C(O)/C=C/c1ccc(Cn2ccnc2)cc1,25506.0,C13H13ClN2O2,264.7075 (228.2466+36.4609),0.0
COc1c(N2C[C@@H]3CCCN[C@@H]3C2)c(F)cc2c(=O)c(C(=O)O)cn(C3CC3)c12.Cl,25921.0,C21H25ClFN3O4,437.8923 (36.4609+401.4314),0.0
CCn1cc(C(=O)O)c(=O)c2cc(F)c(N3CCNC(C)C3)c(F)c21.Cl,25527.0,C17H20ClF2N3O3,387.8088 (351.3479+36.4609),0.0
Cl.O=C(O)c1ccc(OCCN2CCCCC2)cc1,31630.0,C14H20ClNO3,285.7665 (36.4609+249.3056),0.0
CN(C)CC/C=C1/c2ccccc2COc2ccc(CC(=O)O)cc21.Cl,26486.0,C21H24ClNO3,373.8732 (337.4122+36.4609),0.0
COC(=O)c1ccccc1C(=O)c1ccc(OCCN2CCCCC2)cc1.Cl,26461.0,C22H26ClNO4,403.8991 (367.4382+36.4609),0.0
CCOC(=O)[C@H](CCc1ccccc1)N[C@H]1CS[C@H](c2cccs2)CN(CC(=O)O)C1=O.Cl,26914.0,C23H29ClN2O5S2,513.0698 (476.6088+36.4609),0.0
CCOC(=O)[C@H](CCc1ccccc1)N[C@@H](C)C(=O)N1Cc2cc(OC)c(OC)cc2C[C@H]1C(=O)O.Cl,24267.0,C27H35ClN2O7,535.0290 (498.5681+36.4609),0.0
CCOC(=O)C1(c2ccccc2)CCN(CCC(C#N)(c2ccccc2)c2ccccc2)CC1.Cl,27821.0,C30H33ClN2O2,489.0482 (36.4609+452.5873),0.0
CCOC(=O)COc1ccc2c(C)c(CCN(CC)CC)c(=O)oc2c1Cl.Cl,26499.0,C20H27Cl2NO5,432.3381 (395.8771+36.4609),0.0
CCOC(=O)NNc1nncc2ccccc12.Cl,24664.0,C11H13ClN4O2,268.6995 (232.2386+36.4609),0.0
Cc1c(-c2ccccc2)oc2c(C(=O)OCCN3CCCCC3)cccc2c1=O.Cl,27764.0,C24H26ClNO4,427.9205 (391.4596+36.4609),0.0
CCc1c(C)[nH]c2c1C(=O)C(CN1CCOCC1)CC2.Cl,25417.0,C16H25ClN2O2,312.8349 (276.3740+36.4609),0.0
Cl.O=C1c2cccc3c2[C@H](CCC3)CN1[C@@H]1CN2CCC1CC2,26610.0,C19H25ClN2O,332.8676 (36.4609+296.4067),0.0
Cl.O=C1NCC2(CCN(CCc3ccccc3)CC2)O1,25770.0,C15H21ClN2O2,296.7924 (36.4609+260.3315),0.0
CCOC(=O)[C@H](CCc1ccccc1)N[C@@H](C)C(=O)N1C(=O)N(C)C[C@H]1C(=O)O.Cl,26912.0,C20H28ClN3O6,441.9058 (405.4449+36.4609),0.0
Cl.OC(CCN1CCCC1)(c1ccccc1)C1CCCCC1,25357.0,C19H30ClNO,323.9006 (287.4397+36.4609),0.0
Cl.OC(CCN1CCCCC1)(c1ccccc1)C1CCCCC1,25802.0,C20H32ClNO,337.9272 (36.4609+301.4662),0.0
CN(C)CCOC(=O)C(c1ccccc1)C1(O)CCCC1.Cl,25390.0,C17H26ClNO3,327.8462 (291.3853+36.4609),0.0
CC(COc1ccccc1)NC(C)C(O)c1ccc(O)cc1.Cl,25328.0,C18H24ClNO3,337.8411 (301.3801+36.4609),0.0
CC1(C)C(C=C(Cl)Cl)C1C(=O)OC(C#N)c1cccc(Oc2ccccc2)c1,3998.0,C22H19Cl2NO3,416.2972,0.0
Cc1onc(-c2c(Cl)cccc2Cl)c1C(=O)Cl,31536.0,C11H6Cl3NO2,290.5298,0.0
Cc1onc(-c2ccccc2)c1C(=O)Cl,31452.0,C11H8ClNO2,221.6397,0.0
CC(C)(O)C(Cl)(Cl)Cl,21217.0,C4H7Cl3O,177.4568,0.0
O=C(NC(O)C(Cl)(Cl)Cl)NC(O)C(Cl)(Cl)Cl,21852.0,C5H6Cl6N2O3,354.8307,0.0
OC(O)C(Cl)(Cl)Cl,261.0,C2H3Cl3O2,165.403,0.0
O=C(O)C(Cl)Cl,428.0,C2H2Cl2O2,128.9421,0.0
N[C@@H](C(=O)N[C@@H]1C(=O)N2C(C(=O)O)=C(Cl)CS[C@H]12)c1ccccc1,2748.0,C15H14ClN3O4S,367.8074,0.0
O=c1cc(O)c(Cl)c[nH]1,26799.0,C5H4ClNO2,145.5438,0.0
COc1cc(N)c(Cl)cc1C(=O)NC1CCN(CCCOc2ccc(F)cc2)CC1OC,2825.0,C23H29ClFN3O4,465.9455,0.0
CN1C(=O)COc2c(C(=O)NC3CN4CCC3CC4)cc(Cl)cc21,25651.0,C17H20ClN3O3,349.812,0.0
Clc1cccc(N2CCNCC2)c1,25138.0,C10H13ClN2,196.6766,0.0
O=C1Cc2cc(Cl)ccc2N1,31456.0,C8H6ClNO,167.5923,0.0
O=C1Nc2cc(Cl)ccc2Oc2ccccc21,31503.0,C13H8ClNO2,245.6611,0.0
O=c1[nH]c2cc(Cl)ccc2o1,2813.0,C7H4ClNO2,169.5652,0.0
Cc1ccc2ccc(Cl)cc2n1,31541.0,C10H8ClN,177.6302,0.0
Nc1nc2cc(Cl)ccc2o1,25245.0,C7H5ClN2O,168.5804,0.0
O=C(NCCCN1CCOCC1)c1ccc(Cl)cc1,26409.0,C14H19ClN2O2,282.7659,0.0
Cc1[nH]cnc1-c1ccc(Cl)cc1,31586.0,C10H9ClN2,192.6449,0.0
CN(C(=O)Cc1ccc(Cl)c(Cl)c1)[C@H]1CC[C@@]2(CCCO2)C[C@@H]1N1CCCC1,28605.0,C22H30Cl2N2O2,425.3918,0.0
CCN(Cc1ccc(Cl)nc1)/C(=C/[N+](=O)[O-])NC,21080.0,C11H15ClN4O2,270.7154,0.0
CC1=Nc2ccc(Cl)cc2S(=O)(=O)N1,2914.0,C8H7ClN2O2S,230.6714,0.0
Nc1nnc(-c2cccc(Cl)c2Cl)c(N)n1,3195.0,C9H7Cl2N5,256.0914,0.0
CCN(CC)Cc1nccn1-c1ccc([N+](=O)[O-])cc1C(=O)c1ccccc1Cl,28563.0,C21H21ClN4O3,412.8694,0.0
O=C1CN2CCOC2(c2ccccc2Cl)c2cc(Cl)ccc2N1,2854.0,C17H14Cl2N2O2,349.2113,0.0
Clc1ccccc1N1CCNCC1,31523.0,C10H13ClN2,196.6766,0.0
CCNc1nc(Cl)nc(NCC)n1,1268.0,C7H12ClN5,201.6567,0.0
CC(C)(Oc1ccc(C2CC2(Cl)Cl)cc1)C(=O)O,331.0,C13H14Cl2O3,289.1545,0.0
C[C@H]1CNCCc2ccc(Cl)cc21,28585.0,C11H14ClN,195.6886,0.0
CCOC(=O)N1CCC(n2c(=O)[nH]c3cc(Cl)ccc32)CC1,31555.0,C15H18ClN3O3,323.7747,0.0
CC(C)(Oc1ccc(Cl)cc1)C(=O)OCCCOC(=O)C(C)(C)Oc1ccc(Cl)cc1,31436.0,C23H26Cl2O6,469.3549,0.0
Clc1ccc2nsnc2c1NC1=NCCN1,3679.0,C9H8ClN5S,253.7113,0.0
Clc1cccc(Cl)c1N=C1NCCN1,2846.0,C9H9Cl2N3,230.0939,0.0
Clc1cccc(SC2CCNCC2)n1,25659.0,C10H13ClN2S,228.7416,0.0
Clc1ccccc1CN1CCc2sccc2C1,3669.0,C14H14ClNS,263.7857,0.0
Cc1ncsc1CCCl,2842.0,C6H8ClNS,161.6524,0.0
Cn1c(CCCC(=O)O)nc2cc(N(CCCl)CCCl)ccc21,26888.0,C16H21Cl2N3O2,358.2628,0.0
O=c1n(Cl)c(=O)n(Cl)c(=O)n1Cl,6523.0,C3Cl3N3O3,232.4094,0.0
CN(C)N=Nc1nc[nH]c1C(N)=O,369.0,C6H10N6O,182.1832,0.0
C[C@H]1[C@H]2CC[C@H]3[C@@H]4CC=C5C[C@@H](N(C)C)CC[C@]5(C)[C@H]4CC[C@]23CN1C,26000.0,C24H40N2,356.5878,0.0
Cc1ccc(-c2nc3ccc(C)cn3c2CC(=O)N(C)C)cc1,25946.0,C19H21N3O,307.3895,0.0
Cc1c(N(C)C)c(=O)n(-c2ccccc2)n1C,504.0,C13H17N3O,231.2936,0.0
CN(C)c1nc(N(C)C)nc(N(C)C)n1,2579.0,C9H18N6,210.2794,0.0
CNC(=C[N+](=O)[O-])NCCSCc1csc(CN(C)C)n1,3376.0,C12H21N5O2S2,331.4574,0.0
CN(C)CCc1c[nH]c2ccc(C[C@H]3COC(=O)N3)cc12,25933.0,C16H21N3O2,287.3568,0.0
CCCCCCCCCCCCCCCCCCN(C)C,7026.0,C20H43N,297.5621,0.0
CN(C)CCCSc1ccccc1NC(=O)/C=C/c1ccccc1,25653.0,C20H24N2OS,340.4824,0.0
CN(C)CCN(Cc1ccsc1)c1ccccn1,1335.0,C14H19N3S,261.3858,0.0
COc1ccc([C@@H]2Sc3ccccc3N(CCN(C)C)C(=O)[C@@H]2OC(C)=O)cc1,2940.0,C22H26N2O4S,414.5178,0.0
CN(C)CCN1CCN(c2cccc(Cl)c2)C1=O,31602.0,C13H18ClN3O,267.7545,0.0
CN(C)CCOC(c1ccccc1)c1ccccc1,2949.0,C17H21NO,255.3547,0.0
CN1C[C@@H](NS(=O)(=O)N(C)C)C[C@@H]2c3cccc4c3c(cn4C)C[C@H]21,26324.0,C18H26N4O2S,362.4896,0.0
CN(C(=O)c1c(O)c2ccccc2n(C)c1=O)c1ccccc1,25680.0,C18H16N2O3,308.3312,0.0
CC(Cc1ccccc1)N(C)Cc1ccco1,31516.0,C15H19NO,229.3175,0.0
Cn1c([N+](=O)[O-])cnc1COC(N)=O,25400.0,C6H8N4O4,200.1521,0.0
COC(=O)C1=CCCN(C)C1,2617.0,C8H13NO2,155.1943,0.0
CN1CCC(=C2c3ccccc3CC(=O)c3sccc32)CC1,3190.0,C19H19NOS,309.4253,0.0
CN1CCC(=C2c3ccccc3CCc3cccnc32)CC1,2636.0,C20H22N2,290.4021,0.0
CN1CCN2c3ccccc3Cc3ccccc3C2C1,3317.0,C18H20N2,264.3648,0.0
CN1CCC(N(Cc2ccccc2)c2ccccc2)CC1,31540.0,C19H24N2,280.4073,0.0
CN1CCN(C(=O)O[C@H]2c3nccnc3C(=O)N2c2ccc(Cl)cn2)CC1,26086.0,C17H17ClN6O3,388.8083,0.0
CN1CCN(c2c(F)cc3c(=O)c(C(=O)O)cn(CCF)c3c2F)CC1,26714.0,C17H18F3N3O3,369.3383,0.0
CN1CCN(c2cc3c(nn2)Oc2ccccc2N3C)CC1,26271.0,C16H19N5O,297.355,0.0
CCn1cc(C(=O)O)c(=O)c2cc(F)c(N3CCN(C)CC3)cc21.CS(=O)(=O)O,25935.0,C18H24FN3O6S,429.4631 (333.3574+96.1057),0.0
CN1CCN(C2=Nc3ccccc3Sc3ccc(Cl)cc32)CC1,2851.0,C18H18ClN3S,343.8736,0.0
CC1COc2c(N3CCN(C)CC3)c(F)cc3c(=O)c(C(=O)O)cn1c23,21085.0,C18H20FN3O4,361.3675,0.0
CN1CCN(c2c(F)cc3c(=O)c(C(=O)O)cn4c3c2OCN4C)CC1,26600.0,C17H19FN4O4,362.3556,0.0
Cc1scc2c1N(C(=O)CN1CCN(C)CC1)c1ccccc1NC2=O,25209.0,C19H22N4O2S,370.4686,0.0
CCCc1nn(C)c2c(=O)[nH]c(-c3cc(S(=O)(=O)N4CCN(C)CC4)ccc3OCC)nc12.O=C(O)CC(O)(CC(=O)O)C(=O)O,26076.0,C28H38N6O11S,666.6999 (474.5764+192.1235),0.0
CN1CCN(N)CC1,31597.0,C5H13N3,115.1768,0.0
Cn1cnc2c1c(=O)[nH]c(=O)n2C,6132.0,C7H8N4O2,180.164,0.0
CN1C(=O)CC[C@H]1c1cccnc1,27576.0,C10H12N2O,176.2151,0.0
CN1CCC[C@@H]1c1cccnc1,26351.0,C10H14N2,162.2316,0.0
CC[C@@H]1C(=O)OC[C@@H]1Cc1cncn1C,1162.0,C11H16N2O2,208.2569,0.0
CN1[C@@H]2CC[C@H]1CC(OC(=O)c1c[nH]c3ccccc13)C2,24137.0,C17H20N2O2,284.3529,0.0
CN1CCC[C@@H]1Cc1c[nH]c2ccc(CCS(=O)(=O)c3ccccc3)cc12,26861.0,C22H26N2O2S,382.519,0.0
CN1N=C(N)c2cn([C@@H]3O[C@H](CO)[C@@H](O)[C@H]3O)c3ncnc1c23,25743.0,C13H16N6O4,320.3039,0.0
CN1C[C@@H]2C[C@H]1CN2c1cc2c(cc1F)c(=O)c(C(=O)O)cn2C1CC1,26432.0,C19H20FN3O3,357.3788,0.0
CNC(=O)c1cnn(-c2nc(N)c3ncn([C@@H]4O[C@H](CO)[C@@H](O)[C@H]4O)c3n2)c1,31501.0,C15H18N8O5,390.354,0.0
CNC(=O)NC(O)C(Cl)(Cl)Cl,26383.0,C4H7Cl3N2O2,221.4696,0.0
CNC(=O)Oc1ccc2c(c1)[C@]1(C)CCN(C)[C@@H]1N2C,3471.0,C15H21N3O2,275.3461,0.0
CNC[C@H](O)[C@@H](O)[C@@H](O)[C@H](O)CO.Cc1c(Nc2ncccc2C(=O)O)cccc1C(F)(F)F,25584.0,C21H28F3N3O7,491.4581 (296.2445+195.2136),0.0
CNC1CCCN(c2c(F)cc3c(=O)c(C(=O)O)cn(C4CC4)c3c2OC)C1,26695.0,C20H24FN3O4,389.4207,0.0
CNC1(C)C2CCC(C2)C1(C)C,3240.0,C11H21N,167.2911,0.0
CNS(=O)(=O)Cc1ccc2[nH]cc(CCN(C)C)c2c1,3628.0,C14H21N3O2S,295.4004,0.0
COC(=O)/C=C\C(=O)OC,20765.0,C6H8O4,144.1253,0.0
COC(=O)c1cccnc1,24471.0,C7H7NO2,137.136,0.0
COCCOCC(OC)OC,31645.0,C7H16O4,164.1995,0.0
CCC(COC(=O)c1cc(OC)c(OC)c(OC)c1)(c1ccccc1)N(C)C.O=C(O)/C=C\C(=O)O,26017.0,C26H33NO9,503.5415 (387.4694+116.0722),0.0
COc1ccc2c(c1OC)CN1CCc3cc4c(cc3C1C2)OCO4,2724.0,C20H21NO4,339.385,0.0
COc1cc(C(=O)N2CCCCCCC2)cc(OC)c1OC,26475.0,C17H25NO4,307.3847,0.0
COc1cc2c(cc1OC)C(=O)CC2,31469.0,C11H12O3,192.2112,0.0
C=C[C@H]1CN2CCC1C[C@@H]2[C@@H](O)c1ccnc2ccc(OC)cc12,3549.0,C20H24N2O2,324.4168,0.0
COc1cc2[nH]c(=O)[nH]c(=O)c2cc1OC,26100.0,C10H10N2O4,222.1974,0.0
COc1ccc2c(c1)c1c3n2CCN(C)C3=NCC1,25705.0,C15H17N3O,255.315,0.0
COc1ccc(C(=O)CC(=O)c2ccc(C(C)(C)C)cc2)cc1,24829.0,C20H22O3,310.3869,0.0
COc1ccc(-c2cc(=S)ss2)cc1,26651.0,C10H8OS3,240.3649,1.0
COc1ccc(C2C(=O)c3ccccc3C2=O)cc1,2611.0,C16H12O3,252.2647,0.0
COc1ccc(CN(CCN(C)C)c2ccccn2)cc1,3542.0,C17H23N3O,285.384,0.0
CCn1c(=O)c2c(nc(/C=C/c3ccc(OC)c(OC)c3)n2C)n(CC)c1=O,31441.0,C20H24N4O4,384.429,0.0
COc1ccc(Cl)cc1C(=O)NCCc1ccc(S(N)(=O)=O)cc1,31449.0,C16H17ClN2O4S,368.8352,0.0
COc1cccc(N(C)C(=S)Oc2ccc3c(c2)CCCC3)n1,26470.0,C18H20N2O2S,328.4286,0.0
COc1ccc(C2CNC(=O)C2)cc1OC1CCCC1,24124.0,C16H21NO3,275.3428,0.0
COc1ccc2c(c1)CCCC2=O,31406.0,C11H12O2,176.2118,0.0
COc1ccccc1OC(=O)Oc1ccccc1OC,26405.0,C15H14O5,274.2687,0.0
CNCCC(Oc1ccccc1OC)c1ccccc1,25175.0,C17H21NO2,271.3541,0.0
COc1ccccc1OCC1CNC(=O)O1,3255.0,C11H13NO4,223.2252,0.0
COc1nc(C)nc(Cl)c1NC1=NCCN1,25170.0,C9H12ClN5O,241.6775,0.0
COc1cc(NS(=O)(=O)c2ccc(N)cc2)nc(OC)n1,3607.0,C12H14N4O4S,310.329,0.0
COc1nccnc1NS(=O)(=O)c1ccc(N)cc1,26179.0,C11H12N4O3S,280.303,0.0
COc1ccnc(CS(=O)c2nc3cc(OC(F)F)ccc3[nH]2)c1OC,3416.0,C16H15F2N3O4S,383.3698,0.0
COc1ccc2c(c1OC)C(=O)O[C@@H]2[C@H]1c2c(cc3c(c2OC)OCO3)CCN1C,3385.0,C22H23NO7,413.4205,0.0
C#C[C@]1(O)CC[C@H]2[C@@H]3CCc4cc(OC)ccc4[C@H]3CC[C@@]21C,814.0,C21H26O2,310.4299,0.0
CCC(=O)O[C@]1(C(=O)COC)[C@@H](C)C[C@H]2[C@@H]3CCC4=CC(=O)C=C[C@]4(C)C3(F)[C@@H](O)C[C@@]21C,31420.0,C26H35FO6,462.5509,0.0
COCCc1ccccn1,31413.0,C8H11NO,137.179,0.0
COCCc1ccc(OCC2CO2)cc1,31568.0,C12H16O3,208.2536,0.0
COCCCN1CCC(NC(=O)c2cc(Cl)c(N)c3c2OCC3)CC1,31459.0,C18H26ClN3O3,367.8703,0.0
CCC1(c2ccccc2)C(=O)N(COC)C(=O)N(COC)C1=O,25710.0,C16H20N2O5,320.3404,0.0
COP(=S)(OC)Oc1ccc(Sc2ccc(OP(=S)(OC)OC)cc2)cc1,12484.0,C16H20O6P2S3,466.4689,0.0
COP(=S)(OC)SCN1C(=O)c2ccccc2C1=O,4261.0,C11H12NO4PS2,317.321,0.0
Cc1ccc(-c2ncc(Cl)cc2-c2ccc(S(C)(=O)=O)cc2)cn1,26457.0,C18H15ClN2O2S,358.8419,0.0
CN(CCOc1ccc(NS(C)(=O)=O)cc1)CCc1ccc(NS(C)(=O)=O)cc1,26433.0,C19H27N3O5S2,441.5648,0.0
C#CCN[C@@H]1CCc2ccccc21.CS(=O)(=O)O,27826.0,C13H17NO3S,267.3440 (171.2383+96.1057),0.0
CS(=O)(=O)O.Cc1ccc2c(c1)c1c3n2CCNC3CCC1,25660.0,C16H22N2O3S,322.4225 (226.3168+96.1057),0.0
CCOc1ccccc1O[C@H](c1ccccc1)[C@H]1CNCCO1.CS(=O)(=O)O,25690.0,C20H27NO6S,409.4965 (313.3908+96.1057),0.0
C=CCNc1nc(NCC=C)nc(N2CCN(C(c3ccc(F)cc3)c3ccc(F)cc3)CC2)n1.CS(=O)(=O)O.CS(=O)(=O)O,31492.0,C28H37F2N7O6S2,669.7635 (477.5522+96.1057+96.1057),0.0
CCCN1C[C@H](CSC)C[C@@H]2c3cccc4[nH]cc(c34)C[C@H]21.CS(=O)(=O)O,20583.0,C20H30N2O3S2,410.5938 (314.4881+96.1057),0.0
CS(=O)(=O)O.O=C1CC2(CCCC2)CC(=O)N1CCNCC1COc2ccccc2O1,28602.0,C21H30N2O7S,454.5371 (358.4314+96.1057),0.0
CN1CCCCC1CCN1c2ccccc2Sc2ccc(S(C)=O)cc21,3265.0,C21H26N2OS2,386.5739,0.0
FC(F)(F)C(F)(F)C(F)(F)C(F)(F)C(F)(F)C(F)(F)C(F)(F)C(F)(F)Br,26560.0,C8BrF17,498.9625,0.0
O=C(OCCOCCO)c1ccccc1Nc1cccc(C(F)(F)F)c1,25448.0,C18H18F3NO4,369.335,0.0
O=C(OCCN1CCOCC1)c1cccnc1Nc1cccc(C(F)(F)F)c1,31587.0,C19H20F3N3O3,395.3756,0.0
CC1(C)NC(=O)N(c2ccc([N+](=O)[O-])c(C(F)(F)F)c2)C1=O,14165.0,C12H10F3N3O4,317.2207,0.0
NS(=O)(=O)c1cc2c(cc1C(F)(F)F)NC(Cc1ccccc1)NS2(=O)=O,2647.0,C15H14F3N3O4S2,421.4146,0.0
O=C(NCC1CCCCN1)c1cc(OCC(F)(F)F)ccc1OCC(F)(F)F,3054.0,C17H20F6N2O3,414.3427,0.0
Cc1c(OCC(F)(F)F)ccnc1CS(=O)c1nc2ccccc2[nH]1,3200.0,C16H14F3N3O2S,369.3615,0.0
Nc1nc2ccc(OC(F)(F)F)cc2s1,25192.0,C8H5F3N2OS,234.1983,0.0
COc1cc(-c2ccc(=O)[nH]n2)ccc1OC(F)F,22559.0,C12H10F2N2O3,268.2162,0.0
O=c1[nH]c(=O)n(C2CCCO2)cc1F,1305.0,C8H9FN2O3,200.1671,0.0
Nc1nc(=O)[nH]cc1F,3059.0,C4H4FN3O,129.0925,0.0
O=c1[nH]cc(F)c(=O)[nH]1,634.0,C4H3FN2O2,130.0772,0.0
O=C(c1ccc(F)cc1)C1CCN(CCn2c(=O)[nH]c3ccccc3c2=O)CC1,3188.0,C22H22FN3O3,395.4268,0.0
O=C(CCCN1CC=C(n2c(=O)[nH]c3ccccc32)CC1)c1ccc(F)cc1,2973.0,C22H22FN3O2,379.4274,0.0
N#CC1(c2ccc(F)cc2)CCC(=O)CC1,31566.0,C13H12FNO,217.2389,0.0
O=C1NC(=O)[C@@]2(CCOc3ccc(F)cc32)N1,3587.0,C11H9FN2O3,236.1992,0.0
C#Cc1ccc(-c2ccccc2F)cc1,31569.0,C14H9F,196.2197,0.0
Nc1ncnc2c1ncn2Cc1c(F)cccc1Cl,31562.0,C12H9ClFN5,277.6848,0.0
CCN(CC)CCN1C(=O)CN=C(c2ccccc2F)c2cc(Cl)ccc21,3071.0,C21H23ClFN3O,387.8782,0.0
Nc1nc(=O)n([C@@H]2O[C@H](CO)[C@@H](O)[C@@H]2F)cc1I,31596.0,C9H11FIN3O4,371.1042,0.0
O=c1[nH]c(=O)n([C@H]2C[C@H](O)[C@@H](CO)O2)cc1I,25238.0,C9H11IN2O5,354.0985,0.0
Nc1c(I)cc(I)c(C(=O)N(CCC(=O)O)c2ccccc2)c1I,31500.0,C16H13I3N2O3,661.9994,0.0
N[C@@H](Cc1ccc(Oc2cc(I)c(O)c(I)c2)c(I)c1)C(=O)O,26908.0,C15H12I3NO4,650.9735,0.0
Cc1cc(OI)c(C(C)C)cc1-c1cc(C(C)C)c(OI)cc1C,26081.0,C20H24I2O2,550.2123,0.0
CN/C(=N\C#N)NCCSCc1nc[nH]c1C,329.0,C10H16N6S,252.3392,0.0
CN/C(=N\c1ccc(C2=NNC(=O)CC2C)cc1)NC#N,25202.0,C14H16N6O,284.3164,0.0
NC(N)=Nc1nc(CSCC/C(N)=N\S(N)(=O)=O)cs1,3039.0,C8H15N7O2S3,337.4454,0.0
CN/C(=N\C#N)NCCSCc1csc(N=C(N)N)n1,26341.0,C10H16N8S2,312.4176,0.0
COC(=O)[C@@H](N)CCCN/C(N)=N/[N+](=O)[O-],20540.0,C7H15N5O4,233.2251,0.0
N=C(N)NCCC[C@H](N)C(=O)O,21056.0,C6H14N4O2,174.201,0.0
CCCCCCCCCCCCCCC[C@H](O)[C@@H](N)CO,25768.0,C18H39NO2,301.5078,0.0
N[C@@H]1CONC1=O,2870.0,C3H6N2O2,102.0919,0.0
CN[C@@H]1[C@@H](O)[C@@H](O[C@@H]2[C@H](O)[C@H](O[C@H]3OC(CN)=CC[C@H]3N)[C@@H](N)C[C@H]2N)OC[C@]1(C)O,26887.0,C19H37N5O7,447.5264,0.0
CN1CC(=O)NC1=N,25987.0,C4H7N3O,113.1179,0.0
c1ccc2[nH]c(-c3cscn3)nc2c1,1337.0,C10H7N3S,201.2477,0.0
N=C(N)N.N=C(N)N.O=C(O)O,9189.0,C3H12N6O3,180.1658 (59.0705+62.0248+59.0705),0.0
CCCCNC(=N)NC(=N)N,26420.0,C6H15N5,157.2168,0.0
N=C(N)NN.N=C(N)NN.O=S(=O)(O)O,26016.0,C2H14N8O4S,246.2488 (74.0851+98.0785+74.0851),0.0
N=C(N)NCCCC[C@@H]1NC(=O)CCSSC[C@@H](C(N)=O)NC(=O)[C@@H]2CCCN2C(=O)[C@H](Cc2c[nH]c3ccccc23)NC(=O)[C@H](CC(=O)O)NC(=O)CNC1=O,26673.0,C35H49N11O9S2,831.9619,0.0
CSCC[C@H](NC(=O)[C@H](Cc1c[nH]c2ccccc12)NC(=O)CCNC(=O)OC(C)(C)C)C(=O)N[C@@H](CC(=O)O)C(=O)N[C@@H](Cc1ccccc1)C(N)=O,28918.0,C37H49N7O9S,767.8915,0.0
COc1ccc(S(=O)(=O)N2c3ccc(Cl)cc3[C@@](O)(c3ccccc3Cl)[C@H]2C(=O)N2CCC[C@@H]2C(N)=O)cc1OC,25746.0,C28H27Cl2N3O7S,620.5009,0.0
NC(=O)c1cccnc1,929.0,C6H6N2O,122.1246,0.0
NC(=O)c1cnccn1,1215.0,C5H5N3O,123.1127,0.0
NC(=O)c1ncn([C@@H]2O[C@H](CO)[C@@H](O)[C@H]2O)n1,3557.0,C8H12N4O5,244.2047,0.0
Cn1nnc2c(C(N)=O)ncn2c1=O,23714.0,C6H6N6O2,194.1508,0.0
NC(=O)c1cn(Cc2c(F)cccc2F)nn1,26506.0,C10H8F2N4O,238.1935,0.0
NC(=O)c1ncn([C@@H]2O[C@H](CO)[C@@H](O)[C@H]2O)c1N,26015.0,C9H14N4O5,258.2313,0.0
NC(=O)c1ncn([C@@H]2O[C@H](CO)[C@@H](O)[C@H]2O)c1O,25777.0,C9H13N3O6,259.216,0.0
CC(C)NCCCC1(C(N)=O)c2ccccc2-c2ccccc21,31608.0,C20H24N2O,308.4174,0.0
NC(=O)c1cc[n+](CC2=C(C(=O)[O-])N3C(=O)[C@@H](NC(=O)Cc4cccs4)[C@H]3SC2)cc1,25388.0,C20H18N4O5S2,458.5107,0.0
NC(=O)CCCCC1CCSS1,26541.0,C8H15NOS2,205.3408,0.0
CC(c1cc2ccccc2s1)N(O)C(N)=O,3752.0,C11H12N2O2S,236.2902,0.0
NC(=O)N1c2ccccc2C=Cc2ccccc21,2731.0,C15H12N2O,236.2686,0.0
NC(=O)N1c2ccccc2CC(=O)c2ccccc21,25703.0,C15H12N2O2,252.268,0.0
NC(=O)NO,5438.0,CH4N2O2,76.0547,0.0
CCOC(N)=O,1427.0,C3H7NO2,89.0932,0.0
NC(=S)N/N=C/c1cccnc1,26392.0,C7H8N4S,180.2302,0.0
C=CCNC(N)=S,4449.0,C4H8N2S,116.1847,0.0
CCCCCC(C)N.CCCCCC(C)N.O=S(=O)(O)O,25845.0,C14H36N2O4S,328.5116 (115.2166+98.0785+115.2166),0.0
NC/C=C/C(=O)O,25648.0,C4H7NO2,101.1039,0.0
C[C@H]1COc2c(C3(N)CC3)c(F)cc3c(=O)c(C(=O)O)cn1c23,26697.0,C16H15FN2O4,318.2997,0.0
Nc1cc(=O)nc(N)[nH]1,28964.0,C4H6N4O,126.1166,0.0
NC1=NC(=O)C(c2ccccc2)O1,3427.0,C9H8N2O2,176.172,0.0
Nc1ccn([C@H]2CC[C@@H](CO)O2)c(=O)n1,3747.0,C9H13N3O3,211.2178,0.0
Nc1ncn([C@H]2C[C@H](O)[C@@H](CO)O2)c(=O)n1,10432.0,C8H12N4O4,228.2053,0.0
NC12CC3CC(CC(C3)C1)C2,2117.0,C10H17N,151.2487,0.0
NC(=O)Cc1cccc(C(=O)c2ccccc2)c1N,28564.0,C15H14N2O2,254.2839,0.0
Nc1c2c(nc3ccccc13)CCCC2,17272.0,C13H14N2,198.2637,0.0
Nc1cc(N2CCCCC2)nc(N)[n+]1[O-],20685.0,C9H15N5O,209.2483,0.0
Nc1ccc(C(=O)N2CC3CC(CN(Cc4ccccc4)C3)C2)cc1,31628.0,C21H25N3O,335.4427,0.0
Nc1ccc(S(=O)(=O)NC(=O)c2ccccc2)cc1,25287.0,C13H12N2O3S,276.311,0.0
Nc1ccc(S(=O)(=O)Nc2ccccc2)cc1,26287.0,C12H12N2O2S,248.3009,0.0
Nc1ccc(S(=O)(=O)Nc2ccnn2-c2ccccc2)cc1,24131.0,C15H14N4O2S,314.3623,0.0
Nc1ccc(S(=O)(=O)NCc2ccccc2)cc1,26110.0,C13H14N2O2S,262.3275,0.0
Nc1ccncc1,3870.0,C5H6N2,94.1145,0.0
COC(=O)CCCCC(CCSS/C(CCO)=C(\C)N(C=O)Cc1cnc(C)nc1N)SC(C)=O,31429.0,C23H36N4O5S3,544.7507,0.0
Cc1ncc(CNC(=O)N(CCCl)N=O)c(N)n1,25179.0,C9H13ClN6O2,272.6915,0.0
Nc1nc(N)nc(-c2cc(Cl)ccc2Cl)n1.O=C(O)/C=C\C(=O)O,20234.0,C13H11Cl2N5O4,372.1635 (256.0914+116.0722),0.0
Nc1ncnc2[nH]cnc12,2557.0,C5H5N5,135.1267,1.0
Nc1nc2c(ncn2COCCO)c(=O)[nH]1,2556.0,C8H11N5O3,225.2046,0.0
C/C(=C(\CCOC(=O)C(C)C)SS/C(CCOC(=O)C(C)C)=C(/C)N(C=O)Cc1cnc(C)nc1N)N(C=O)Cc1cnc(C)nc1N,26641.0,C32H46N8O6S2,702.8876,0.0
CC(=C(CCOP(=O)(O)O)SC(=O)c1ccccc1)N(C=O)Cc1cnc(C)nc1N,25433.0,C19H23N4O6PS,466.4479,0.0
COc1cc2nc(Cl)nc(N)c2cc1OC,31483.0,C10H10ClN3O2,239.6583,0.0
COc1cc(Cc2cnc(N)nc2N)cc(OC)c1OC,3712.0,C14H18N4O3,290.3177,0.0
COc1cc(C)c(Cc2cnc(N)nc2N)cc1OC,26689.0,C14H18N4O2,274.3183,0.0
COc1ccc(Cc2cnc(N)nc2N)cc1OC,26200.0,C13H16N4O2,260.2917,0.0
Nc1nnnn1-c1ccccc1,28620.0,C7H7N5,161.164,0.0
C=CCn1c(=O)n([C@@H]2O[C@H](CO)[C@@H](O)[C@H]2O)c2nc(N)[nH]c(=O)c21,26748.0,C13H17N5O6,339.304,0.0
Nc1nc(F)nc2c1ncn2[C@@H]1O[C@H](CO)[C@@H](O)[C@@H]1O,19657.0,C10H12FN5O4,285.2318,0.0
COc1nc(N)nc2c1ncn2[C@@H]1O[C@H](CO)[C@@H](O)[C@@H]1O,26842.0,C11H15N5O5,297.2673,0.0
Nc1ncnc2c1ncn2[C@@H]1O[C@H](CO)[C@@H](O)[C@H]1O,2558.0,C10H13N5O4,267.2413,0.0
Nc1ncnc2c1ncn2[C@@H]1O[C@@H]2COP(=O)(O)O[C@H]2[C@H]1O,20436.0,C10H12N5O6P,329.2059,0.0
NCC(=O)O,667.0,C2H5NO2,75.0666,0.0
NCC[C@H](O)C(=O)N[C@@H]1C[C@H](N)[C@@H](O[C@H]2O[C@H](CN)[C@@H](O)[C@H](O)[C@H]2O)[C@H](O)[C@H]1O[C@H]1O[C@H](CO)[C@@H](O)[C@H](N)[C@H]1O,2586.0,C22H43N5O13,585.6025,0.0
NCC1(CC(=O)O)CCCCC1,74.0,C9H17NO2,171.2368,0.0
CCN1CCCC1CN,31487.0,C7H16N2,128.2153,0.0
NCc1cccnc1,24424.0,C6H8N2,108.1411,0.0
NCc1ccccc1Sc1ccccc1CO,26561.0,C14H15NOS,245.34,0.0
C[C@@H]1NC(=O)[C@@H](N)CNC(=O)[C@H]([C@@H]2CCNC(N)=N2)NC(=O)/C(=C/NC(N)=O)NC(=O)[C@H](CNC(=O)C[C@@H](N)CCCN)NC1=O,26652.0,C25H44N14O7,652.7065,0.0
NCCc1cnc[nH]1,3125.0,C5H9N3,111.1451,0.0
NCCCCCC(=O)O,70.0,C6H13NO2,131.1729,0.0
NCCNCCNCCN,3702.0,C6H18N4,146.2339,0.0
NCCS(=O)(=O)O,1304.0,C2H7NO3S,125.1469,0.0
NNc1nnc(NN)c2ccccc12,2935.0,C8H10N6,190.2052,0.0
CC1Cc2ccccc2N1NC(=O)c1ccc(Cl)c(S(N)(=O)=O)c1,24633.0,C16H16ClN3O3S,365.8345,0.0
NS(=O)(=O)c1cc(C(=O)NN2C[C@H]3[C@H]4CCC(C4)[C@H]3C2)ccc1Cl,31606.0,C16H20ClN3O3S,369.8663,0.0
CCN[C@H]1CN(CCCOC)S(=O)(=O)c2sc(S(N)(=O)=O)cc21,25531.0,C12H21N3O5S3,383.5072,0.0
Cc1ccccc1N1C(=O)c2cc(S(N)(=O)=O)c(Cl)cc2NC1C,25167.0,C16H16ClN3O3S,365.8345,0.0
NS(=O)(=O)c1cc2c(cc1Cl)CN(C1CCCCC1)C2=O,31472.0,C14H17ClN2O3S,328.8144,0.0
CCC1NC(=O)c2cc(S(N)(=O)=O)c(Cl)cc2N1,3548.0,C10H12ClN3O3S,289.7386,0.0
COc1ccc(-c2cc(C(F)F)nn2-c2ccc(S(N)(=O)=O)cc2)cc1F,25975.0,C17H14F3N3O3S,397.3716,0.0
NS(=O)(=O)c1cc(C(=O)O)c(NCc2ccco2)cc1Cl,648.0,C12H11ClN2O5S,330.7441,0.0
NS(=O)(=O)c1cc(-c2nnn[nH]2)c(NCc2cccs2)cc1Cl,26910.0,C12H11ClN6O2S2,370.8377,0.0
Cc1cc2c(cc1S(N)(=O)=O)S(=O)(=O)CCC2,25346.0,C10H13NO4S2,275.3445,0.0
CN1C(CCl)Nc2cc(Cl)c(S(N)(=O)=O)cc2S1(=O)=O,3313.0,C9H11Cl2N3O4S2,360.2373,0.0
CCC1Nc2cc(Cl)c(S(N)(=O)=O)cc2S(=O)(=O)N1,26215.0,C9H12ClN3O4S2,325.7923,0.0
C=CCSCC1Nc2cc(Cl)c(S(N)(=O)=O)cc2S(=O)(=O)N1,25857.0,C11H14ClN3O4S3,383.8946,0.0
NS(=O)(=O)c1cc2c(cc1Cl)NCNS2(=O)=O,713.0,C7H8ClN3O4S2,297.7391,0.0
NS(=O)(=O)c1cc2c(cc1Cl)N=C(CSCc1ccccc1)NS2(=O)=O,2658.0,C15H14ClN3O4S3,431.9374,0.0
NS(=O)(=O)c1cc2c(cc1Cl)NC(CC1CCCC1)NS2(=O)=O,2868.0,C13H18ClN3O4S2,379.8827,0.0
NS(=O)(=O)c1cc2c(cc1Cl)NC(C1CC3C=CC1C3)NS2(=O)=O,2871.0,C14H16ClN3O4S2,389.8775,0.0
NS(=O)(=O)Cc1noc2ccccc12,26023.0,C8H8N2O3S,212.2257,0.0
CC1(C)O[C@@H]2[C@@H](CO[C@@]3(COS(N)(=O)=O)OC(C)(C)O[C@@H]23)O1,3688.0,C12H21NO8S,339.362,0.0
c1ccc(C2CC2)c(OCC2=NCCN2)c1,25131.0,C13H16N2O,216.2789,0.0
CC(N/C(=N\C#N)Nc1ccncc1)C(C)(C)C.O,25682.0,C13H21N5O,263.3387 (245.3235+18.0153),0.0
CS(=O)(=O)O.C[C@H]1NCc2cc(-c3ccc4c(=O)c(C(=O)O)cn(C5CC5)c4c3OC(F)F)ccc21.O,28570.0,C24H26F2N2O8S,540.5336 (426.4127+96.1057+18.0153),0.0
C[C@](N)(Cc1ccc(O)c(O)c1)C(=O)O.C[C@](N)(Cc1ccc(O)c(O)c1)C(=O)O.O.O.O,863.0,C20H32N2O11,476.4749 (211.2145+211.2145+18.0153+18.0153+18.0153),0.0
O.O=C(O)[C@@H]1[C@H]2C[C@H]3c4[nH]c5ccccc5c4CCN3C[C@@H]2CC[C@@H]1O,25578.0,C20H26N2O4,358.4314 (18.0153+340.4162),0.0
O.O=P1(N(CCCl)CCCl)NCCCO1,4888.0,C7H17Cl2N2O3P,279.1012 (261.0860+18.0153),0.0
Cc1ncc(COP(=O)(O)O)c(C=O)c1O.O,26594.0,C8H12NO7P,265.1571 (247.1419+18.0153),0.0
C[C@@H]1C[C@H]2[C@@H]3C[C@H](F)C4=CC(=O)C(Cl)=C[C@]4(C)[C@@]3(F)[C@@H](O)C[C@]2(C)[C@@]1(O)C(=O)CO.O,26460.0,C22H29ClF2O6,462.9119 (444.8966+18.0153),0.0
COc1cccc([C@@]2(O)CCCC[C@@H]2CN(C)C)c1,3691.0,C16H25NO2,263.3752,0.0
CC(=O)N[C@H]1[C@H]([C@H](O)[C@H](O)CO)OC(C(=O)O)=C[C@@H]1NC(=N)N,3749.0,C12H20N4O7,332.3098,0.0
O=C(O)[C@@H](O)[C@H](O)[C@H](O)[C@@H](O)C(=O)O,28666.0,C6H10O8,210.1388,0.0
CCCCCCC(=O)CCCCCC/C=C/C[C@@H](O)[C@H](O)[C@@](N)(CO)C(=O)O,26360.0,C21H39NO6,401.5375,0.0
O[C@H]1[C@H](O)[C@@H](O)[C@H](O)[C@@H](O)[C@H]1O,3146.0,C6H12O6,180.1559,0.0
CC(=O)N1C[C@H](O)C[C@H]1C(=O)O,26410.0,C7H11NO4,173.1665,0.0
CCCCC[C@H](O)/C=C/[C@H]1[C@H](O)CC(=O)[C@@H]1C/C=C\CCCC(=O)O,2947.0,C20H32O5,352.4651,0.0
C[C@@H](c1ncncc1F)[C@](O)(Cn1cncn1)c1ccc(F)cc1F,26485.0,C16H14F3N5O,349.3105,0.0
OC[C@@H](O)[C@H](O)[C@H](O)[C@@H](O)CO,26051.0,C6H14O6,182.1718,0.0
OC[C@@H](O)[C@H](O)[C@H](O)[C@@H](O)CO,26051.0,C6H14O6,182.1718,0.0
OC[C@@H](O)[C@@H](O)[C@H](O)[C@H](O)CO,3235.0,C6H14O6,182.1718,0.0
O=C(CO)[C@@H](O)[C@H](O)[C@@H](O)CO,28630.0,C6H12O6,180.1559,0.0
C[C@@H](O)[C@H]1C(=O)N2C(C(=O)O)=C(SCCNC=N)C[C@H]12,3143.0,C12H17N3O4S,299.3461,0.0
C[C@@H](O)[C@H]1C(=O)N2C(C(=O)O)=C(S[C@@H]3CN[C@H](CNS(N)(=O)=O)C3)[C@H](C)[C@H]12,26678.0,C15H24N4O6S2,420.5043,0.0
C[C@@H](O)[C@H]1C(=O)N2C(C(=O)O)=C(S[C@@H]3CN[C@H](C(=O)N(C)C)C3)[C@H](C)[C@H]12,25526.0,C17H25N3O5S,383.4625,0.0
C[C@@H](O)[C@H]1C(=O)N2C(C(=O)O)=C(S[C@@H]3CN[C@H](C(=O)N(C)C)C3)[C@H](C)[C@H]12,25526.0,C17H25N3O5S,383.4625,0.0
[O-][n+]1cccc(/C(Cl)=N/OC[C@H](O)CN2CCCCC2)c1,31490.0,C14H20ClN3O3,313.7799,0.0
CC(C)(C)NC(=O)[C@@H]1CN(Cc2cccnc2)CCN1C[C@@H](O)C[C@@H](Cc1ccccc1)C(=O)N[C@H]1c2ccccc2C[C@H]1O.O=S(=O)(O)O,24221.0,C36H49N5O8S,711.8680 (613.7895+98.0785),0.0
CC(C)(C)NC[C@H](O)COc1nsnc1N1CCOCC1,3674.0,C13H24N4O3S,316.4197,0.0
OCC(CO)N[C@H]1C[C@](O)(CO)[C@@H](O)[C@H](O)[C@H]1O,1442.0,C10H21NO7,267.2762,0.0
OC[C@H]1O[C@H](O[C@]2(CCl)O[C@H](CCl)[C@@H](O)[C@@H]2O)[C@H](O)[C@@H](O)[C@H]1Cl,20245.0,C12H19Cl3O8,397.6335,0.0
O[C@@H]1CO[C@H]2[C@@H]1OC[C@@H]2O,26196.0,C6H10O4,146.1412,0.0
CN(N=O)C(=O)N[C@@H]1[C@@H](O)[C@H](O)[C@@H](CO)O[C@@H]1O,1282.0,C8H15N3O7,265.2206,0.0
OC[C@H]1O[C@@H](O[C@@H]2[C@@H](CO)O[C@](O)(CO)[C@H]2O)[C@H](O)[C@@H](O)[C@H]1O,25833.0,C12H22O11,342.2965,0.0
C[C@H]1C[C@H](O)c2ccsc2S1(=O)=O,31435.0,C8H10O3S2,218.2932,0.0
Cc1cc(=O)oc2cc(O[C@@H]3SC[C@@H](O)[C@H](O)[C@H]3O)ccc12,31428.0,C15H16O6S,324.3489,0.0
NC(=O)N/N=C/c1ccc([N+](=O)[O-])o1,944.0,C6H6N4O4,198.1362,0.0
O=C1CN(N=Cc2ccc([N+](=O)[O-])o2)C(=O)N1,972.0,C8H6N4O5,238.157,0.0
O=C(N/N=C/c1ccc([N+](=O)[O-])o1)c1cc([N+](=O)[O-])cc([N+](=O)[O-])c1O,26226.0,C12H7N5O9,365.2121,0.0
Cn1cnc([N+](=O)[O-])c1Sc1ncnc2nc[nH]c12,119.0,C9H7N7O2S,277.2626,0.0
C[C@@H](CSC(=O)c1ccccc1)C(=O)N1C[C@@H](Sc2ccccc2)C[C@H]1C(=O)O,26640.0,C22H23NO4S2,429.5523,0.0
CC(=O)N[C@@H](CC(C)C)C(=O)O,25870.0,C8H15NO3,173.2096,0.0
CC(=O)N[C@@H](CCC(=O)O)C(=O)O,26534.0,C7H11NO5,189.1659,0.0
CC(=O)N1CCN(c2ccc(O)cc2)CC1,31593.0,C12H16N2O2,220.2676,0.0
CC(=O)NC(CCC(N)=O)C(=O)O,28885.0,C7H12N2O4,188.1812,0.0
CC(=O)Nc1ncc([N+](=O)[O-])s1,26391.0,C5H5N3O3S,187.1765,0.0
CC(=O)OC[C@H]1O[C@@H](OC(C)=O)[C@H](OC(C)=O)[C@@H]1OC(C)=O,31421.0,C13H18O9,318.2766,0.0
CC(=O)OCC(COC(C)=O)OC(C)=O,6691.0,C9H14O6,218.2039,0.0
C/C=C(C(=C/C)/c1ccc(OC(C)=O)cc1)\c1ccc(OC(C)=O)cc1,31629.0,C22H22O4,350.4077,1.0
CSc1ccc(C(=O)c2[nH]c(=O)[nH]c2C)cc1,25147.0,C12H12N2O2S,248.3009,0.0
COC(=O)Nc1nc2cc(C(=O)c3cccs3)ccc2[nH]1,11800.0,C14H11N3O3S,301.3204,0.0
COc1ccc(C(=O)c2ccccc2)c(O)c1,2405.0,C14H12O3,228.2433,0.0
CCCCCCCCOc1ccc(C(=O)c2ccccc2)c(O)c1,7441.0,C21H26O3,326.4293,0.0
O=C(c1ccccc1)c1ccccc1,1961.0,C13H10O,182.2179,0.0
CCC(=O)N(c1ccccc1)C1CCNCC1,31446.0,C14H20N2O,232.3214,0.0
CN(C(=O)Cc1ccccc1)[C@H]1CC[C@@]2(CCCO2)C[C@@H]1N1CCCC1,26326.0,C22H32N2O2,356.5017,0.0
O=C(CCBr)N1CCN(C(=O)CCBr)CC1,3485.0,C10H16Br2N2O2,356.0542,0.0
O=C(O)CCC(=O)c1ccc(-c2ccccc2)cc1,3043.0,C16H14O3,254.2806,0.0
CCCCCCCC(=O)OCC(COC(=O)CCCCCCC)OC(=O)CCCCCCC,1375.0,C27H50O6,470.6823,0.0
CCCCOC(=O)CCCCCCCCC(=O)OCCCC,21847.0,C18H34O4,314.4602,0.0
CCCCCCCCCCCCCCCC(=O)NCCO,22254.0,C18H37NO2,299.4919,0.0
CCOC(=O)C(=O)CCCCCCl,31622.0,C9H15ClO3,206.6666,0.0
CCN(CC)CC1CCCCN1CC(=O)N1c2ccccc2C(=O)Nc2cccnc21,25674.0,C24H31N5O2,421.5352,0.0
CN1CCN(CC(=O)N2c3ccccc3C(=O)Nc3cccnc32)CC1,3487.0,C19H21N5O2,351.4023,0.0
COc1ccc(C(=O)N2CCN(CC(=O)N3CCOCC3)CC2)cc1,26384.0,C18H25N3O4,347.4088,0.0
O=C(Cn1ccnc1[N+](=O)[O-])NCc1ccccc1,26570.0,C12H12N4O3,260.2487,0.0
O=C(Cn1ccnc1[N+](=O)[O-])NCCO,25434.0,C7H10N4O4,214.1787,0.0
O=C(CN1CCNCC1)NC1CCCCC1,26147.0,C12H23N3O,225.3305,0.0
NC(=O)CC[C@@H](N)C(=O)O,26345.0,C5H10N2O3,146.1445,0.0
NC(=O)N[C@@H](CCC(=O)O)C(=O)O,26706.0,C6H10N2O5,190.154,0.0
NC(=O)NC1N=C([O][Al]([OH])[OH])NC1=O,31563.0,C4H7AlN4O5,218.1037,0.0
CCC(C)C(C)(COC(N)=O)COC(N)=O,3239.0,C10H20N2O4,232.2768,0.0
COc1ccc(/C=N/NC(=O)c2ccncc2)cc1OC,25002.0,C15H15N3O3,285.2979,0.0
C/C(=N/NC(=O)c1ccncc1)C(=O)O,31407.0,C9H9N3O3,207.1861,0.0
CN1CCN(C(=O)C2CCCCC2)CC1,26288.0,C12H22N2O,210.3159,0.0
CCN(CC)C(=O)N1CCN(C)CC1.O=C(O)CC(O)(CC(=O)O)C(=O)O,25555.0,C16H29N3O8,391.4168 (199.2932+192.1235),0.0
O=C(c1ccco1)N1CCNCC1,31524.0,C9H12N2O2,180.2038,0.0
CCCC(C)(COC(N)=O)COC(=O)NC(C)C,4733.0,C12H24N2O4,260.33,0.0
CC[N+](CC)(CC(=O)Nc1c(C)cccc1C)Cc1ccccc1.O=C([O-])c1ccccc1,14376.0,C28H34N2O3,446.5812 (121.1139+325.4672),0.0
Cc1cccc(C)c1NC(=O)c1ccc(N)cc1,31271.0,C15H16N2O,240.3003,0.0
Cc1cccc(C)c1NC(=O)c1ccccc1C(=O)O,26300.0,C16H15NO3,269.2952,0.0
Cc1cccc(C)c1NC(=O)CN1CCCC1,26150.0,C14H20N2O,232.3214,0.0
CNC(=O)c1c(I)c(NC(=O)CCCCC(=O)Nc2c(I)c(C(=O)O)c(I)c(C(=O)NC)c2I)c(I)c(C(=O)O)c1I,3148.0,C24H20I6N4O8,1253.8644,0.0
O=C(CCOCCOCCOCCOCCC(=O)Nc1c(I)cc(I)c(C(=O)O)c1I)Nc1c(I)cc(I)c(C(=O)O)c1I,31499.0,C26H26I6N2O10,1287.9189,0.0
O=C(Nc1ccc(Cl)c(Cl)c1)C1CC1,21827.0,C10H9Cl2NO,230.0906,0.0
CC(C)(C)NCC(O)COc1ccc(NC(=O)NC2CCCCC2)cc1,26426.0,C20H33N3O3,363.4943,0.0
Cc1ccc(S(=O)(=O)NC(=O)NC2CCCCC2)cc1,26273.0,C14H20N2O3S,296.3852,0.0
CC(=O)c1ccc(S(=O)(=O)NC(=O)NC2CCCCC2)cc1,7.0,C15H20N2O4S,324.3953,0.0
COc1ccc2c(c1)C(=O)N(CCc1ccc(S(=O)(=O)NC(=O)NC3CCCCC3)cc1)C(=O)C2(C)C,3096.0,C27H33N3O6S,527.6324,0.0
COc1cc(C(=O)NC2CCCNC2)cc(OC)c1OC,3725.0,C15H22N2O4,294.3462,0.0
CO/N=C(\C(=O)O)c1csc(NC(=O)CCl)n1,31580.0,C8H8ClN3O4S,277.6848,0.0
N[C@@H](CCC(=O)N[C@@H](CS)C(=O)NCC(=O)O)C(=O)O,3101.0,C10H17N3O6S,307.3235,0.0
CCNC(=O)[C@@H]1CCCN1C(=O)[C@H](CCCNC(=N)N)NC(=O)[C@H](CC(C)C)NC(=O)CNC(=O)[C@H](Cc1ccc(O)cc1)NC(=O)[C@H](CO)NC(=O)[C@H](Cc1c[nH]c2ccccc12)NC(=O)[C@H](Cc1cnc[nH]1)NC(=O)[C@@H]1CCC(=O)N1,31517.0,C55H76N16O12,1153.2919,0.0
O=C(NCC1CN(c2ccc(N3CCOCC3=O)cc2)C(=O)O1)c1ccc(Cl)s1,31512.0,C19H18ClN3O5S,435.8813,0.0
CC(C)(Oc1ccc(CCNC(=O)c2ccc(Cl)cc2)cc1)C(=O)O,9869.0,C19H20ClNO4,361.8194,0.0
O=C(NCCc1c[nH]c2ccccc12)c1cccnc1,25698.0,C16H15N3O,265.3098,0.0
CC(C)(C)C(=O)NCCCC(=O)O,26162.0,C9H17NO3,187.2362,0.0
O=NN(CCCl)C(=O)NCCCl,2743.0,C5H9Cl2N3O2,214.0499,0.0
O=C(NCN1CCOCC1)c1cnccn1,26159.0,C10H14N4O2,222.2438,0.0
CC(C)NNC(=O)c1ccncc1.O=S(=O)(O)O,25852.0,C9H15N3O5S,277.2975 (179.2190+98.0785),0.0
O=C(CCNNC(=O)c1ccncc1)NCc1ccccc1,3362.0,C16H18N4O2,298.3397,0.0
Cc1ccc(S(=O)(=O)NC(=O)NC2CCCC2)cc1,26395.0,C13H18N2O3S,282.3586,0.0
CC(C)NCC(O)COc1ccc(COCCOC(C)C)cc1.CC(C)NCC(O)COc1ccc(COCCOC(C)C)cc1.O=C(O)/C=C/C(=O)O,25794.0,C40H66N2O12,766.9582 (116.0722+325.4430+325.4430),0.0
O=C(O)/C=C\C(=O)O,1517.0,C4H4O4,116.0722,0.0
CN(C)CC[C@@H](c1ccc(Br)cc1)c1ccccn1.O=C(O)/C=C\C(=O)O,27795.0,C20H23BrN2O4,435.3116 (319.2395+116.0722),0.0
COc1cc(N)c(Cl)cc1C(=O)NC1CCN(Cc2ccccc2)CC1.O=C(O)/C=C\C(=O)O,27767.0,C24H28ClN3O6,489.9486 (373.8765+116.0722),0.0
CC(CN(C)C)CN1c2ccccc2CCc2ccccc21.O=C(O)/C=C\C(=O)O,25315.0,C24H30N2O4,410.5060 (116.0722+294.4338),0.0
O=C(O)/C=C\C(=O)O.c1ccc2nc(N3CCNCC3)ccc2c1,25190.0,C17H19N3O4,329.3505 (213.2783+116.0722),0.0
Nc1c2c(nc3ccccc13)CCCC2O.O=C(O)/C=C\C(=O)O,25158.0,C17H18N2O5,330.3352 (214.2631+116.0722),0.0
C[C@@H](O)[C@H](N)C(=O)O,26412.0,C4H9NO3,119.1192,0.0
N[C@@H](Cc1c[nH]c2ccc(O)cc12)C(=O)O,5437.0,C11H12N2O3,220.2246,0.0
COC(c1ccccc1)(c1ccccc1)[C@H](Oc1nc(C)cc(C)n1)C(=O)O,26282.0,C22H22N2O4,378.4211,0.0
O=C(O)[C@@H](S)[C@H](S)C(=O)O,25084.0,C4H6O4S2,182.218,0.0
O=C1CC[C@@H](C(=O)O)N1,26260.0,C5H7NO3,129.114,0.0
O=C(O)[C@@H]1CSCN1,26536.0,C4H7NO2S,133.1689,0.0
COc1cc2c(cc1OC)CN(C(=O)[C@H](C)N[C@@H](CCc1ccccc1)C(=O)O)[C@H](C(=O)O)C2,31400.0,C25H30N2O7,470.5149,0.0
N[C@H](Cc1c[nH]c2ccccc12)C(=O)O,26989.0,C11H12N2O2,204.2252,0.0
O=C(O)[C@H](O)[C@@H](O)[C@H](O[C@@H]1O[C@H](CO)[C@H](O)[C@H](O)[C@H]1O)[C@H](O)CO,28787.0,C12H22O12,358.2959,0.0
COCCc1ccc(OCC(O)CNC(C)C)cc1.COCCc1ccc(OCC(O)CNC(C)C)cc1.O=C(O)[C@H](O)[C@@H](O)C(=O)O,17248.0,C34H56N2O12,684.8146 (267.3639+150.0868+267.3639),0.0
C[C@]12CC[C@H]3[C@@H](CCC4=CC(=O)CC[C@@]43C)[C@@H]1CC[C@@H]2C(=O)O,31495.0,C20H28O3,316.4345,0.0
O=C(O)C(=O)Nc1cccc(-c2nnn[nH]2)c1,28658.0,C9H7N5O3,233.1836,0.0
CCN(CC)CCOC(=O)C(Cc1cccc2ccccc12)CC1CCCO1.O=C(O)C(=O)O,25533.0,C26H35NO7,473.5586 (383.5237+90.0349),0.0
Cc1nc(-c2ccc(Cl)cc2)oc1COC(C)(C)C(=O)O,26216.0,C15H16ClNO4,309.7448,0.0
CCC(C)(Oc1ccc(C2(c3ccc(OC(C)(CC)C(=O)O)cc3)CCCCC2)cc1)C(=O)O,26638.0,C28H36O6,468.5818,0.0
CC(C(=O)O)c1ccc(CC2CCCC2=O)cc1,25164.0,C15H18O3,246.3016,0.0
CC(O)C(=O)O,3192.0,C3H6O3,90.0779,0.0
CCC(C(=O)O)c1ccc(N2Cc3ccccc3C2=O)cc1,31578.0,C18H17NO3,295.3325,0.0
NC(CS)C(=O)O,26988.0,C3H7NO2S,121.1582,0.0
CCN(CC)CCc1nc(-c2ccccc2)no1.O=C(O)CC(O)(CC(=O)O)C(=O)O,25556.0,C20H27N3O8,437.4437 (245.3202+192.1235),0.0
CCN(CCCc1ccccc1)CCCc1ccccc1.O=C(O)CC(O)(CC(=O)O)C(=O)O,25562.0,C26H35NO7,473.5586 (281.4351+192.1235),0.0
CCCc1nc(C)c2c(=O)nc(-c3cc(S(=O)(=O)N4CCN(CC)CC4)ccc3OCC)[nH]n12.O=C(O)CC(O)(CC(=O)O)C(=O)O,26696.0,C29H40N6O11S,680.7265 (488.6030+192.1235),0.0
CN(C)CCN(Cc1ccccc1)c1ccccn1.O=C(O)CC(O)(CC(=O)O)C(=O)O,25989.0,C22H29N3O7,447.4816 (192.1235+255.3580),0.0
Cc1ccccc1C(OCCN(C)C)c1ccccc1.O=C(O)CC(O)(CC(=O)O)C(=O)O,24678.0,C24H31NO8,461.5048 (269.3813+192.1235),0.0
CN(C)CCOc1ccccc1Cc1ccccc1.O=C(O)CC(O)(CC(=O)O)C(=O)O,27770.0,C23H29NO8,447.4783 (255.3547+192.1235),0.0
CC(=O)OCC1=C(C(=O)O)N2C(=O)[C@@H](N)[C@H]2SC1,25342.0,C10H12N2O5S,272.2777,0.0
CO[C@@]1(NC(=O)Cc2cccs2)C(=O)N2C(C(=O)O)=C(COC(N)=O)CS[C@@H]21,2764.0,C16H17N3O7S2,427.4521,0.0
CC1Sc2c(C(=O)O)c(=O)c3cc(F)c(N4CCNCC4)cc3n21,31410.0,C16H16FN3O3S,349.3799,0.0
Cc1nnc(SCC2=C(C(=O)O)N3C(=O)[C@@H](NC(=O)Cn4cnnn4)[C@H]3SC2)s1,2753.0,C14H14N8O4S3,454.5072,0.0
O=C(O)c1c(O)c(-c2ccccc2)nc2ccccc12,31539.0,C16H11NO3,265.2634,0.0
O=C(O)c1cc(-c2ccccc2)nc2ccccc12,20705.0,C16H11NO2,249.264,0.0
O=C(O)c1ccc(OCCCOc2ccc(C(=O)O)cc2)cc1,26585.0,C17H16O6,316.3053,0.0
O=C(O)C1CCC1,31514.0,C5H8O2,100.1158,0.0
O=C(O)c1ccccc1O.Oc1cccc2cccnc12,25081.0,C16H13NO4,283.2787 (138.1207+145.1580),0.0
O=C(O)c1ccccn1,11903.0,C6H5NO2,123.1094,0.0
O=C(O)c1cccnc1,932.0,C6H5NO2,123.1094,0.0
CCCc1c2oc(C(=O)O)cc(=O)c2cc2c(=O)cc(C(=O)O)n(CC)c12,3356.0,C19H17NO7,371.3408,0.0
O=C(O)c1cn(C2CC2)c2cc(Cl)c(F)cc2c1=O,31635.0,C13H9ClFNO3,281.6669,0.0
CCn1cc(C(=O)O)c(=O)c2cc(F)c(N3CCNCC3)cc21,17680.0,C16H18FN3O3,319.3308,0.0
CCn1cc(C(=O)O)c(=O)c2cc3c(cc21)OCO3,1089.0,C13H11NO5,261.2301,0.0
CCn1cc(C(=O)O)c(=O)c2cc(F)c(N3CCNCC3)nc21,2984.0,C15H17FN4O3,320.3189,0.0
CCn1cc(C(=O)O)c(=O)c2ccc(C)nc21,912.0,C12H12N2O3,232.2353,0.0
CCn1cc(C(=O)O)c(=O)c2cnc(N3CCCC3)nc21,25424.0,C14H16N4O3,288.3018,0.0
CCn1cc(C(=O)O)c(=O)c2cnc(N3CCNCC3)nc21,3479.0,C14H17N5O3,303.3165,0.0
CCn1nc(C(=O)O)c(=O)c2cc3c(cc21)OCO3,2822.0,C12H10N2O5,262.2182,0.0
NS(=O)(=O)c1cc(C(=O)O)cc(N2CCCC2)c1Oc1ccccc1,3488.0,C17H18N2O5S,362.4002,0.0
Cc1c(F)cc2c(=O)c(C(=O)O)cn3c2c1CCC3C,31642.0,C15H14FNO3,275.275,0.0
CC1CCc2c(N3CCC(O)CC3)c(F)cc3c(=O)c(C(=O)O)cn1c23,26483.0,C19H21FN2O4,360.3794,0.0
C[C@H](CCC(=O)O)[C@H]1CC[C@H]2[C@@H]3C(=O)C[C@@H]4CC(=O)CC[C@]4(C)[C@H]3CC(=O)[C@]12C,2888.0,C24H34O5,402.5238,0.0
O=C(O)Cc1cn(-c2ccccc2)nc1-c1ccc(Cl)cc1,26151.0,C17H13ClN2O2,312.7503,0.0
O=C(O)Cc1csc(-c2ccc(Cl)cc2)n1,26157.0,C11H8ClNO2S,253.7047,0.0
O=C(O)Cc1sc(-c2ccccc2)nc1-c1ccc(Cl)cc1,3050.0,C17H12ClNO2S,329.8007,0.0
CCc1cccc2c3c([nH]c12)C(CC)(CC(=O)O)OCC3,615.0,C17H21NO3,287.3535,0.0
O=C(O)CCC(=O)O,3602.0,C4H6O4,118.088,0.0
CN(C)CCOC(C)(c1ccccc1)c1ccccn1.O=C(O)CCC(=O)O,552.0,C21H28N2O5,388.4574 (118.0880+270.3694),0.0
CN1CCN(C2=Nc3ccccc3Oc3ccc(Cl)cc32)CC1.O=C(O)CCC(=O)O,25227.0,C22H24ClN3O5,445.8961 (327.8080+118.0880),0.0
CCCCC1(COC(=O)CCC(=O)O)C(=O)N(c2ccccc2)N(c2ccccc2)C1=O,1296.0,C24H26N2O6,438.473,0.0
O=C(O)CCc1nc2ccccc2[nH]1,25093.0,C10H10N2O2,190.1986,0.0
O=C(O)CCCCCCCC(=O)O,1640.0,C9H16O4,188.2209,0.0
C=CCCCCCCCCC(=O)O,15001.0,C11H20O2,184.2753,0.0
CCCCCCCCCCCCCCCC(=O)O,1602.0,C16H32O2,256.4241,0.0
CCCCCCCCCCCCCCCCCC(=O)O,1642.0,C18H36O2,284.4772,0.0
CC(=O)NCCCCCC(=O)O,25879.0,C8H15NO3,173.2096,0.0
Cc1c(Cn2ccnc2)c2ccccc2n1CCC(=O)O,26281.0,C16H17N3O2,283.3251,0.0
O=C(O)CN(CCOCCOCCN(CC(=O)O)CC(=O)O)CC(=O)O,25151.0,C14H24N2O10,380.3478,0.0
O=C(O)Cn1cnnn1,31475.0,C3H4N4O2,128.0895,0.0
Cn1c(=O)c2c(ncn2CC(=O)O)n(C)c1=O,31585.0,C9H10N4O4,238.2001,0.0
O=C(O)CN1C(=O)c2cccc3cccc(c23)C1=O,25655.0,C14H9NO4,255.2256,0.0
O=C(O)CP(=O)(O)O,25107.0,C2H5O5P,140.0319,0.0
CC[C@]12CCCN3CCc4c(n(c5ccccc45)[C@@](O)(C(=O)OC)C1)[C@@H]32,20134.0,C21H26N2O3,354.4427,0.0
COC(=O)[C@@H]1CC2=CC(=O)CC[C@]2(C)[C@@]23O[C@@H]2C[C@@]2(C)[C@@H](CC[C@@]24CCC(=O)O4)[C@H]13,26094.0,C24H30O6,414.4914,0.0
COC(=O)[C@@H]1[C@H]2C[C@H]3c4[nH]c5ccccc5c4CCN3C[C@@H]2CC[C@@H]1O,20130.0,C21H26N2O3,354.4427,0.0
COC(=O)N/N=C/c1c[n+]([O-])c2ccccc2[n+]1[O-],23913.0,C11H10N4O4,262.2215,0.0
CN(C)C(=O)COC(=O)Cc1ccc(OC(=O)c2ccc(NC(=N)N)cc2)cc1.CS(=O)(=O)O,238.0,C21H26N4O8S,494.5181 (398.4125+96.1057),0.0
O=C(Oc1ccccc1C(=O)O)c1ccccc1O,3572.0,C14H10O5,258.2262,0.0
O=C(OCC(COC(=O)c1cccnc1)(COC(=O)c1cccnc1)COC(=O)c1cccnc1)c1cccnc1,3364.0,C29H24N4O8,556.5229,0.0
CCC[C@H](N[C@@H](C)C(=O)N1[C@H](C(=O)O)C[C@@H]2CCCC[C@@H]21)C(=O)OCC,3440.0,C19H32N2O5,368.4678,0.0
CCOC(=O)[C@H](CCc1ccccc1)N[C@@H](C)C(=O)N1[C@H](C(=O)O)C[C@@H]2CCC[C@@H]21,3551.0,C23H32N2O5,416.5106,0.0
CCOC(=O)[N-]c1c[n+](N2CCOCC2)no1,25171.0,C9H14N4O4,242.2319,0.0
CCOC(=O)C1=C[C@]2(CC)CCCN3CCc4c(n1c1ccccc41)[C@@H]32,3740.0,C22H26N2O2,350.454,0.0
CCCCCCCCCCOc1cc2c(O)c(C(=O)OCC)cnc2cc1OCC,26851.0,C24H35NO5,417.5384,0.0
CCOC(=O)C1(c2ccccc2)CCN(CCc2ccc(N)cc2)CC1,2610.0,C22H28N2O2,352.4699,0.0
CCOC(=O)c1ncn2c1CN(C)C(=O)c1cc(F)ccc1-2,3064.0,C15H14FN3O3,303.2884,0.0
CCOC(=O)N1CCC(=O)CC1,31493.0,C8H13NO3,171.1937,0.0
CCOC(=O)NNc1ccc(N(CC)CC(C)O)nn1,28651.0,C12H21N5O3,283.3268,0.0
CCOC(=O)OC(C)OC1=C(C(=O)Nc2ccccn2)N(C)S(=O)(=O)c2ccccc21,26474.0,C20H21N3O7S,447.4616,0.0
O=C(C=Cc1ccccc1)OCc1ccccc1,21663.0,C16H14O2,238.2812,0.0
O=C(OCc1ccccc1)c1ccccc1,9153.0,C14H12O2,212.2439,0.0
O=C(OCC1(COC(=O)c2cccnc2)CCCC(COC(=O)c2cccnc2)(COC(=O)c2cccnc2)C1O)c1cccnc1,28648.0,C34H32N4O9,640.6393,0.0
CCCCCOC(=O)Nc1nc(=O)n([C@@H]2O[C@H](C)[C@@H](O)[C@H]2O)cc1F,26451.0,C15H22FN3O6,359.3501,0.0
CCCCOCCOC(=O)c1cccnc1,31424.0,C12H17NO3,223.2683,0.0
CCC(=O)O[C@]1(C(=O)SCF)[C@H](C)C[C@H]2C3C[C@H](F)C4=CC(=O)C=C[C@]4(C)[C@@]3(F)[C@@H](O)C[C@@]21C,25511.0,C25H31F3O5S,500.5708,0.0
CN1C(=O)CC(c2ccccc2)C1=O,3460.0,C11H11NO2,189.2105,0.0
Cc1nccn1CC1CCc2c(c3ccccc3n2C)C1=O,3393.0,C18H19N3O,293.363,0.0
Cc1cc(=O)[nH]c(=S)[nH]1,890.0,C5H6N2OS,142.1789,0.0
O=c1cc(CO)occ1O,20236.0,C6H6O4,142.1094,0.0
CC1=C2[C@H]3OC(=O)[C@@H](C)[C@@H]3CC[C@@]2(C)C=CC1=O,25312.0,C15H18O3,246.3016,0.0
C[C@@H]1C[C@H]2[C@@H]3CCC4=CC(=O)C=C[C@]4(C)[C@@]3(F)[C@@H](O)C[C@]2(C)[C@@]1(O)C(=O)COC(=O)c1ccncc1,31479.0,C28H32FNO6,497.5552,0.0
O=c1ccc2ccccc2o1,348.0,C9H6O2,146.1427,0.0
O=c1cc[nH]c(=O)[nH]1,1424.0,C4H4N2O2,112.0868,0.0
O=c1cc[nH]c(=S)[nH]1,1347.0,C4H4N2OS,128.1524,0.0
O=c1[nH]c2ccccc2c(=O)n1CCCl,31546.0,C10H9ClN2O2,224.6437,0.0
Cc1coc2ccccc2c1=O,31634.0,C10H8O2,160.1693,0.0
O=C1c2ccccc2CCc2ccccc21,29359.0,C15H12O,208.2552,0.0
O=C1CC(c2ccc(Cl)cc2)CC(=O)N1,31632.0,C11H10ClNO2,223.6556,0.0
O=C1CCc2cc(OCCCCc3nnnn3C3CCCCC3)ccc2N1,25132.0,C20H27N5O2,369.4607,0.0
CCCCC(O)/C=C(C)/C=C/C=C/C(=O)N1CCCC1=O,31465.0,C17H25NO3,291.3853,0.0
CCC(C(N)=O)N1CCCC1=O,26510.0,C8H14N2O2,170.209,0.0
CCN1CCCC1=O,24413.0,C6H11NO,113.1576,0.0
NC(=O)CN1CCCC1=O,24491.0,C6H10N2O2,142.1558,0.0
CN1C(=O)CCS(=O)(=O)C1c1ccc(Cl)cc1,2798.0,C11H12ClNO3S,273.7359,0.0
CC1(C)OC(=O)NC1=O,478.0,C5H7NO3,129.114,0.0
O=C1NC(=O)C(c2ccccc2)(c2ccccc2)N1,541.0,C15H12N2O2,252.268,0.0
Nc1cccc2c1CN(C1CCC(=O)NC1=O)C2=O,26664.0,C13H13N3O3,259.2606,0.0
C=CCC1(C(C)CC)C(=O)NC(=O)NC1=O,3630.0,C11H16N2O3,224.2563,0.0
NC(=O)NC1NC(=O)NC1=O,43.0,C4H6N4O3,158.1154,0.0
C/C(=C1\CCOC(=O)S1)N(C=O)Cc1cnc(C)nc1N,31573.0,C13H16N4O3S,308.3561,0.0
C[C@H]1C(=O)O[C@@H]2CCN3CC=C(COC(=O)[C@](C)(O)[C@]1(C)O)[C@H]23,902.0,C16H23NO6,325.3569,0.0
CC(=O)NC1CCSC1=O,25888.0,C6H9NO2S,159.2062,0.0
O=C(O)CSCC(=O)NC1CCSC1=O,28661.0,C8H11NO4S2,249.3072,0.0
Cc1c(I)c(=O)n(-c2ccccc2)n1C,26047.0,C11H11IN2O,314.1223,0.0
Cc1c(N)c(=O)n(-c2ccccc2)n1C,28786.0,C11H13N3O,203.2404,0.0
Cc1cc(=O)n(-c2ccccc2)n1C,1117.0,C11H12N2O,188.2258,0.0
O=C1c2ccccc2C(=O)C1c1ccccc1,3453.0,C15H10O2,222.2387,0.0
O=C1c2ccccc2C(=O)c2ccccc21,95.0,C14H8O2,208.2121,0.0
CCCCCCn1c(=O)c2c(ncn2C)n(C)c1=O,31398.0,C13H20N4O2,264.3235,0.0
Cn1c(=O)c2[nH]c(Br)nc2n(C)c1=O,24768.0,C7H7BrN4O2,259.0601,0.0
Cn1c(=O)c2[nH]cnc2n(C)c1=O,1336.0,C7H8N4O2,180.164,0.0
C[C@]12CCC(=O)C(O)=C1CC[C@@H]1[C@@H]2CC[C@]2(C)C(=O)CC[C@@H]12,14113.0,C19H26O3,302.4079,0.0
C[C@]12CCC(=O)C=C1CC[C@@H]1[C@@H]2CC[C@]2(C)C(=O)CC[C@@H]12,4523.0,C19H26O2,286.4085,0.0
O=C1CC2(CCCC2)CC(=O)N1,31405.0,C9H13NO2,167.205,0.0
COc1ccc(C(=O)N2CCCC2=O)cc1,25128.0,C12H13NO3,219.2365,0.0
Cc1cccc(C)c1NC(=O)CN1CCCC1=O,923.0,C14H18N2O2,246.3049,0.0
C[C@@H](CN1CC(=O)NC(=O)C1)N1CC(=O)NC(=O)C1,20647.0,C11H16N4O4,268.2691,0.0
CN1CC(=O)N=C1NC(=O)Nc1cccc(Cl)c1,26770.0,C11H11ClN4O2,266.6836,0.0
O=c1[nH]c(=O)c2ccccc2o1,26584.0,C8H5NO3,163.1302,0.0
O=c1[nH]cnc2nc[nH]c12,25983.0,C5H4N4O,136.1115,0.0
O=c1[nH]c2ccccc2n1C1CCNCC1,31468.0,C12H15N3O,217.267,0.0
O=c1[nH]oc2c1CCNC2,25206.0,C6H8N2O2,140.1399,0.0
[NH2][Pt]1([NH2])[O]C(=O)C2(CCC2)C(=O)[O]1,26742.0,C6H10N2O4Pt,369.2386,0.0
CCCCC1C(=O)N(c2ccccc2)N(c2ccccc2)C1=O,1136.0,C19H20N2O2,308.3743,0.0
C[C@]12C=CC(=O)C=C1CC[C@@H]1[C@@H]2CC[C@@]2(C)[C@H]1CC[C@]2(C)O,3276.0,C20H28O2,300.4351,0.0
O=C1/C(=C2\Nc3ccccc3C2=O)Nc2ccccc21,6279.0,C16H10N2O2,262.2628,0.0
CC1(C)Oc2ccc(C#N)cc2[C@@H](N2CCCC2=O)[C@@H]1O,25677.0,C16H18N2O3,286.3257,0.0
O=c1[nH]cnc2c1ncn2[C@H]1CC[C@@H](CO)O1,2927.0,C10H12N4O3,236.2273,0.0
Cc1ccnc2c1NC(=O)c1cccnc1N2C1CC1,10787.0,C15H14N4O,266.2979,0.0
C[C@@H]1CC[C@@]2(OC1)O[C@H]1C[C@H]3[C@@H]4CC[C@H]5C[C@@H](O)CC[C@]5(C)[C@H]4CC(=O)[C@]3(C)[C@H]1[C@@H]2C,25310.0,C27H42O4,430.62,0.0
O=C1c2ccccc2S(=O)(=O)N1CCCCN1CCN(c2ncccn2)CC1,25688.0,C19H23N5O3S,401.4826,0.0
C#C[C@]1(O)CC[C@H]2[C@@H]3CCC4=CC(=O)CC[C@]4(C)[C@H]3CC[C@@]21C,3016.0,C21H28O2,312.4458,0.0
O=C1N(c2ccccc2)c2ccccc2C1(Cc1ccncc1)Cc1ccncc1,25163.0,C26H21N3O,391.4644,0.0
O=C1NCN(c2ccccc2)C12CCN(CC1COc3ccccc3O1)CC2,25198.0,C22H25N3O3,379.4522,0.0
CN1CC(=O)N2[C@H](c3ccc4c(c3)OCO4)c3[nH]c4ccccc4c3C[C@@H]2C1=O,26786.0,C22H19N3O4,389.404,0.0
COc1ccc2cc(C=O)ccc2c1,31510.0,C12H10O2,186.2066,0.0
CCOC(=O)C(=O)c1csc(NC=O)n1,31583.0,C8H8N2O4S,228.2251,0.0
NNC(=O)CP(=O)(c1ccccc1)c1ccccc1,26188.0,C14H15N2O2P,274.2549,0.0
CC(C)OP(=O)(CP(=O)(OC(C)C)OC(C)C)OC(C)C,24847.0,C13H30O6P2,344.3212,0.0
O=c1[nH]c2cc(C(F)(F)F)c(N3CCOCC3)cc2n(CP(=O)(O)O)c1=O,26093.0,C14H15F3N3O6P,409.2544,0.0
N[C@@H](COP(=O)(O)O)C(=O)O,26348.0,C3H8NO6P,185.0725,0.0
Nc1ncnc2c1ncn2[C@@H]1O[C@H](COP(=O)(O)O)[C@@H](O)[C@H]1O,2560.0,C10H14N5O7P,347.2212,0.0
O=P1(NCCCl)OCCCN1CCCl,760.0,C7H15Cl2N2O2P,261.086,0.0
CCS(=O)(=O)CCn1c([N+](=O)[O-])cnc1C,3676.0,C8H13N3O4S,247.2715,0.0
Cc1cccc(Nc2ccncc2S(=O)(=O)NC(=O)NC(C)C)c1,3690.0,C16H20N4O3S,348.42,0.0
COc1cc(NS(=O)(=O)c2ccc(N)cc2)ncn1,25351.0,C11H12N4O3S,280.303,0.0
Nc1ccc(S(=O)(=O)Nc2ccc(Cl)nn2)cc1,25265.0,C10H9ClN4O2S,284.7221,0.0
O=C(O)c1cc(/N=N/c2ccc(S(=O)(=O)Nc3ccccn3)cc2)ccc1O,1256.0,C18H14N4O5S,398.3926,0.0
Cc1cc(C)nc(NS(=O)(=O)c2ccc(N)cc2)n1,1290.0,C12H14N4O2S,278.3302,0.0
Cc1ccnc(NS(=O)(=O)c2ccc(N)cc2)n1,3612.0,C11H12N4O2S,264.3036,0.0
Cc1cnc(NS(=O)(=O)c2ccc(N)cc2)nc1,31571.0,C11H12N4O2S,264.3036,0.0
COc1cnc(NS(=O)(=O)c2ccc(N)cc2)nc1,3613.0,C11H12N4O3S,280.303,0.0
Nc1ccc(S(=O)(=O)Nc2nccs2)cc1,6068.0,C9H9N3O2S2,255.3167,0.0
O=C(O)CCC(=O)Nc1ccc(S(=O)(=O)Nc2nccs2)cc1,25281.0,C13H13N3O5S2,355.3894,0.0
O=C(O)c1ccccc1C(=O)Nc1ccc(S(=O)(=O)Nc2nccs2)cc1,3470.0,C17H13N3O5S2,403.4322,0.0
COc1ncnc(NS(=O)(=O)c2ccc(N)cc2)c1OC,3608.0,C12H14N4O4S,310.329,0.0
CCc1nnc(NS(=O)(=O)c2ccc(N)cc2)s1,26286.0,C10H12N4O2S2,284.3579,0.0
O=C(O)Cc1ccc(CCNS(=O)(=O)c2ccc(Cl)cc2)cc1,26501.0,C16H16ClNO4S,353.8205,0.0
O=[N+]([O-])c1cccc(S(=O)(=O)NCCNS(=O)(=O)c2cccc([N+](=O)[O-])c2)c1,26297.0,C14H14N4O8S2,430.413,0.0
Cc1ccc(C(=O)Nc2ccc(S(=O)(=O)O)c3cc(S(=O)(=O)O)cc(S(=O)(=O)O)c23)cc1NC(=O)c1cccc(NC(=O)Nc2cccc(C(=O)Nc3cc(C(=O)Nc4ccc(S(=O)(=O)O)c5cc(S(=O)(=O)O)cc(S(=O)(=O)O)c45)ccc3C)c2)c1,26344.0,C51H40N6O23S6,1297.2797,0.0
O=S(=O)(O)c1ccc2[nH]c(-c3ccccc3)nc2c1,18852.0,C13H10N2O3S,274.2951,0.0
CCN(CC)CCOC(=O)C1(c2ccccc2)CCCC1.CCN(CC)CCOC(=O)C1(c2ccccc2)CCCC1.O=S(=O)(O)CCS(=O)(=O)O,27811.0,C38H60N2O10S2,769.0204 (190.1954+289.4125+289.4125),0.0
CCN(CCO)CCCC(C)Nc1ccnc2cc(Cl)ccc12.O=S(=O)(O)O,27788.0,C18H28ClN3O5S,433.9500 (335.8715+98.0785),0.0
NC[C@H]1O[C@H](O[C@H]2[C@H](O[C@@H]3O[C@H](CO)[C@@H](O)[C@H]3O)C(O)[C@H](N)C[C@@H]2N)[C@H](N)[C@@H](O)[C@@H]1O.O=S(=O)(O)O,25480.0,C17H36N4O14S,552.5511 (454.4727+98.0785),0.0
NC[C@H]1O[C@H](O[C@H]2[C@H](O)[C@@H](O[C@H]3O[C@H](CO)[C@@H](O)[C@H](N)[C@H]3O)[C@H](N)C[C@@H]2N)[C@H](N)[C@@H](O)[C@@H]1O.O=S(=O)(O)O,28665.0,C18H39N5O14S,581.5924 (483.5139+98.0785),0.0
CC(CC(C(N)=O)(c1ccccc1)c1ccccc1)N(C)C.O=S(=O)(O)O,31393.0,C19H26N2O5S,394.4851 (296.4067+98.0785),0.0
N=C(N)NCCN1CCCCCCC1.O=S(=O)(O)O.O=S(=O)(O)O,26966.0,C10H26N4O8S2,394.4654 (98.0785+198.3085+98.0785),0.0
CCN[C@@H]1C[C@H](N)[C@@H](OC2OC(CN)=CCC2N)[C@H](O)[C@H]1O[C@H]1OC[C@](C)(O)[C@H](NC)[C@H]1O.CCN[C@@H]1C[C@H](N)[C@@H](OC2OC(CN)=CCC2N)[C@H](O)[C@H]1O[C@H]1OC[C@](C)(O)[C@H](NC)[C@H]1O.O=S(=O)(O)O.O=S(=O)(O)O.O=S(=O)(O)O.O=S(=O)(O)O.O=S(=O)(O)O,25484.0,C42H92N10O34S5,1441.5515 (475.5795+475.5795+98.0785+98.0785+98.0785+98.0785+98.0785),0.0
CS(=O)(=O)OCCCCOS(C)(=O)=O,910.0,C6H14O6S2,246.3018,0.0
O=C(CS(=O)Cc1ccco1)NC/C=C\COc1cc(CN2CCCCC2)ccn1,26434.0,C22H29N3O4S,431.5484,0.0
NC(=O)CS(=O)C(c1ccccc1)c1ccccc1,3329.0,C15H15NO2S,273.3501,0.0
CC(=O)Nc1nnc(S(N)(=O)=O)s1,2544.0,C4H6N4O3S2,222.2454,0.0
CCCCNc1cc(C(=O)O)cc(S(N)(=O)=O)c1Oc1ccccc1,2699.0,C17H20N2O5S,364.4161,0.0
NS(=O)(=O)c1ccc(N2CCCCS2(=O)=O)cc1,3626.0,C10H14N2O4S2,290.3592,0.0
[N-]=[N+]=CC(=O)OC[C@H](N)C(=O)O,118.0,C5H7N3O4,173.1268,0.0
CCOC(=O)[C@H](CCc1ccccc1)N[C@@H](C)C(=O)N1CCC[C@H]1C(=O)O,2982.0,C20H28N2O5,376.4467,0.0
C[C@H](N[C@H](CCc1ccccc1)C(=O)O)C(=O)N1CCC[C@H]1C(=O)O,28901.0,C18H24N2O5,348.3936,0.0
CC1(C)S[C@@H]2[C@H](/N=C/N3CCCCCC3)C(=O)N2[C@H]1C(=O)O,2584.0,C15H23N3O3S,325.4264,0.0
CC1(C)S[C@@H]2[C@H](NC(=O)[C@H](N)c3ccccc3)C(=O)N2[C@H]1C(=O)O,2602.0,C16H19N3O4S,349.4048,0.0
CC1(C)S[C@@H]2[C@H](NC(=O)Cc3ccccc3)C(=O)N2[C@H]1C(=O)O.CC1(C)S[C@@H]2[C@H](NC(=O)Cc3ccccc3)C(=O)N2[C@H]1C(=O)O.c1ccc(CNCCNCc2ccccc2)cc1,27781.0,C48H56N6O8S2,909.1236 (334.3901+240.3434+334.3901),0.0
CCCCc1ncc(/C=C(\Cc2cccs2)C(=O)O)n1Cc1ccc(C(=O)O)cc1.CS(=O)(=O)O,24217.0,C24H28N2O7S2,520.6183 (424.5127+96.1057),0.0
O=C(O)/C=C(\CC(=O)O)C(=O)O,28632.0,C6H6O6,174.1082,0.0
NC(CSCC(=O)O)C(=O)O,2738.0,C5H9NO4S,179.1943,0.0
CC(C)CC(=O)N[C@H](C(=O)N[C@H](C(=O)N[C@@H](CC(C)C)[C@@H](O)CC(=O)N[C@@H](C)C(=O)N[C@@H](CC(C)C)[C@@H](O)CC(=O)O)C(C)C)C(C)C,26095.0,C34H63N5O9,685.8921,0.0
O=C(Nc1ccc(C(=O)O)c(O)c1)c1ccccc1,26406.0,C14H11NO4,257.2414,0.0
O=C(O)c1ccc(O)nc1,31543.0,C6H5NO3,139.1088,0.0
CC(NC(CCc1ccccc1)C(=O)O)C(=O)N1C(=O)N(C)CC1C(=O)O,31639.0,C18H23N3O6,377.3917,0.0
O=C(O)Cc1ccc(-c2ccccc2)cc1,25389.0,C14H12O2,212.2439,0.0
O=C(O)CCCCC(=O)O,1605.0,C6H10O4,146.1412,0.0
CC(S)C(=O)NCC(=O)O,3678.0,C5H9NO3S,163.1949,0.0
O=C(c1ccccc1)C(O)c1ccccc1,144.0,C14H12O2,212.2439,0.0
CN1C2CCC(C)(C)C1CC(OC(=O)C(O)(c1cccs1)c1cccs1)C2,31532.0,C21H27NO3S2,405.574,0.0
CCN(CC)CCOC(=O)C(O)(c1ccccc1)c1ccccc1,2644.0,C20H25NO3,327.4174,0.0
CC(C(O)c1ccc(O)cc1)N1CCC(Cc2ccccc2)CC1,25656.0,C21H27NO2,325.4446,0.0
OC(c1ccccc1)(c1ccccc1)C1CCNCC1,25280.0,C18H21NO,267.3654,0.0
OC(CCCN1CCCCC1)(c1ccccc1)c1ccccc1,2950.0,C21H27NO,309.4452,0.0
NCCC(O)(P(=O)(O)O)P(=O)(O)O,3414.0,C3H11NO7P2,235.0695,0.0
OC(CCN1CCCCC1)(c1ccccc1)c1ccccc1,25090.0,C20H25NO,295.4186,0.0
OCC(O)CN1CCN(c2ccccc2)CC1,25624.0,C13H20N2O2,236.3101,0.0
COc1ccccc1N1CCN(CC(O)COc2cc(OC)c(OC)c(OC)c2)CC1,31595.0,C23H32N2O6,432.51,0.0
OC(Cn1cncn1)(Cn1cncn1)c1ccc(F)cc1F,627.0,C13H12F2N6O,306.2708,0.0
CCCCCCCCCCCCCCCCCCOCC(O)CO,8956.0,C21H44O3,344.5723,0.0
CCOC(=O)NC(O)C(Cl)(Cl)Cl,26233.0,C5H8Cl3NO3,236.4809,0.0
CCCCN1C[C@H](O)[C@@H](O)[C@H](O)[C@H]1CO,25618.0,C10H21NO4,219.278,0.0
OC[C@@H](O)[C@@H](O[C@@H]1O[C@H](CO)[C@H](O)[C@H](O)[C@H]1O)[C@H](O)[C@@H](O)CO,24247.0,C12H24O11,344.3124,0.0
O=C1C(O)=C(O)C(=O)C(O)=C1O,25897.0,C6H4O6,172.0924,0.0
CN1C(C(=O)Nc2ccccn2)=C(O)c2ccccc2S1(=O)=O,1170.0,C15H13N3O4S,331.3464,0.0
CN1C(C(=O)Nc2ccccn2)=C(O)c2sccc2S1(=O)=O,25486.0,C13H11N3O4S2,337.3741,0.0
OC1(c2ccc(Cl)cc2)CCNCC1,31522.0,C11H14ClNO,211.688,0.0
OC1(c2ccccc2)CCNCC1,31527.0,C11H15NO,177.2429,0.0
Cc1nc(C)c(Cl)c(O)c1Cl,21793.0,C7H7Cl2NO,192.0426,0.0
Cc1ccc2c(Cl)cc(Cl)c(O)c2n1,28924.0,C10H7Cl2NO,228.0747,0.0
Cc1ncc(CO)c(CO)c1O,3541.0,C8H11NO3,169.1778,0.0
CC(C)(C)NCC(O)c1cc(O)cc(O)c1.CC(C)(C)NCC(O)c1cc(O)cc(O)c1.O=S(=O)(O)O,25437.0,C24H40N2O10S,548.6468 (225.2842+98.0785+225.2842),0.0
CC(C)NCC(O)c1cc(O)cc(O)c1.CC(C)NCC(O)c1cc(O)cc(O)c1.O=S(=O)(O)O,25391.0,C22H36N2O10S,520.5936 (211.2576+98.0785+211.2576),0.0
Cc1ccc(O)c([C@H](CCN(C(C)C)C(C)C)c2ccccc2)c1,3687.0,C22H31NO,325.4876,0.0
OC[C@H]1O[C@@H](Oc2ccc(O)cc2)[C@H](O)[C@@H](O)[C@@H]1O,20152.0,C12H16O7,272.2512,0.0
C[C@@H]1O[C@@H](OC[C@H]2O[C@@H](Oc3c(-c4ccc(O)c(O)c4)oc4cc(O)cc(O)c4c3=O)[C@H](O)[C@@H](O)[C@@H]2O)[C@H](O)[C@H](O)[C@H]1O,2326.0,C27H30O16,610.5175,0.0
Oc1ccccc1-c1nnco1,31397.0,C8H6N2O2,162.1454,0.0
Oc1ccc(/C=C/c2cc(O)cc(O)c2)cc1,11980.0,C14H12O3,228.2433,0.0
Nc1ccc(C(=O)Oc2ccccc2)c(O)c1,1994.0,C13H11NO3,229.2313,0.0
CC(CCc1ccc(O)cc1)NCCc1ccc(O)c(O)c1,2958.0,C18H23NO3,301.3801,0.0
CCCN(CCc1cccs1)[C@H]1CCc2c(O)cccc2C1,26772.0,C19H25NOS,315.4729,0.0
O=C1c2c(O)cccc2Cc2cccc(O)c21,4538.0,C14H10O3,226.2274,0.0
Oc1ccccc1C=NCc1ccccc1,26174.0,C14H13NO,211.2591,0.0
O=C(Oc1ccccc1)c1ccccc1O,1957.0,C13H10O3,214.2167,0.0
Oc1ncnc2[nH]ncc12,2573.0,C5H4N4O,136.1115,0.0
C[C@]12CC[C@@H]3c4ccc(O)cc4CC[C@H]3[C@@H]1C[C@@H](O)[C@@H]2O,2366.0,C18H24O3,288.3814,0.0
C[C@]12CC[C@@H]3c4ccc(O)cc4CC[C@H]3[C@@H]1CCC2=O,2367.0,C18H22O2,270.3661,0.0
O=C1c2cccc(O)c2C(=O)c2c(O)cccc21,328.0,C14H8O4,240.2109,0.0
OC[C@H]1O[C@@H](n2cnc3c(O)ncnc32)[C@H](O)[C@@H]1O,25993.0,C10H12N4O5,268.2261,0.0
C[C@H]1C[C@H]2[C@@H]3CCC4=CC(=O)C=C[C@]4(C)[C@H]3C(=O)C[C@]2(C)[C@@]1(O)C(=O)CO,3260.0,C22H28O5,372.4547,0.0
C[C@]12C=CC(=O)C=C1CC[C@H]1[C@@H]3C[C@@H](O)[C@](O)(C(=O)CO)[C@@]3(C)C[C@H](O)[C@@]12F,20742.0,C21H27FO6,394.4339,0.0
C[C@]12C=CC(=O)C=C1CC[C@@H]1[C@@H]2C(=O)C[C@@]2(C)[C@H]1CC[C@]2(O)C(=O)CO,1185.0,C21H26O5,358.4281,0.0
C[C@]12CCC(=O)C=C1CC[C@@H]1[C@@H]2C(=O)C[C@@]2(C)[C@H]1CC[C@]2(O)C(=O)CO,2857.0,C21H28O5,360.444,0.0
C[C@H]1C[C@H]2[C@@H]3CCC4=CC(=O)C=C[C@]4(C)[C@@]3(Cl)[C@@H](O)C[C@]2(C)[C@@]1(O)C(=O)CO,20750.0,C22H29ClO5,408.9157,0.0
C[C@@H]1C[C@H]2[C@@H]3C[C@H](F)C4=CC(=O)C=C[C@]4(C)[C@@]3(F)[C@@H](O)C[C@]2(C)[C@@]1(O)C(=O)CO,25365.0,C22H28F2O5,410.4515,0.0
C[C@]12CCC(=O)C=C1CC[C@@H]1[C@@H]2[C@@H](O)C[C@@]2(C)[C@H]1CC[C@]2(O)C(=O)CO,714.0,C21H30O5,362.4599,0.0
C[C@]12CCC(=O)C=C1CC[C@H]1[C@@H]3CC[C@](O)(C(=O)CO)[C@@]3(C)C[C@H](O)[C@@]12F,3061.0,C21H29FO5,380.4504,0.0
C[C@H]1C[C@@H]2[C@H]([C@@H](O)C[C@@]3(C)[C@H]2CC[C@]3(O)C(=O)CO)[C@@]2(C)C=CC(=O)C=C12,3300.0,C22H30O5,374.4706,0.0
C[C@]12C=CC(=O)C=C1[C@@H](F)C[C@@H]1[C@@H]2[C@@H](O)C[C@@]2(C)[C@H]1CC[C@]2(O)C(=O)CO,26067.0,C21H27FO5,378.4345,0.0
C[C@]12C=CC(=O)C=C1CC[C@@H]1[C@@H]2[C@@H](O)C[C@@]2(C)[C@H]1CC[C@]2(O)C(=O)CO,1184.0,C21H28O5,360.444,0.0
CCCC(=O)O[C@]1(C(=O)CO)CC[C@H]2[C@@H]3CCC4=CC(=O)CC[C@]4(C)[C@H]3[C@@H](O)C[C@@]21C,25896.0,C25H36O6,432.5497,0.0
CCCCC(=O)O[C@]1(C(=O)CO)CC[C@H]2[C@@H]3CCC4=CC(=O)CC[C@]4(C)[C@H]3[C@@H](O)C[C@@]21C,25633.0,C26H38O6,446.5763,0.0
CC1(C)O[C@@H]2C[C@H]3[C@@H]4C[C@H](F)C5=CC(=O)CC[C@]5(C)[C@H]4[C@@H](O)C[C@]3(C)[C@]2(C(=O)CO)O1,27434.0,C24H33FO6,436.5136,0.0
CC1(C)O[C@@H]2C[C@H]3[C@@H]4C[C@H](F)C5=CC(=O)C=C[C@]5(C)[C@@]4(F)[C@@H](O)C[C@]3(C)[C@]2(C(=O)CO)O1,20674.0,C24H30F2O6,452.4882,0.0
C[C@]12C[C@H](O)[C@H]3[C@@H](CCC4=CC(=O)CC[C@@]43C)[C@@H]1CC[C@@H]2C(=O)CO,2474.0,C21H30O4,346.4605,0.0
CCN(Cc1ccncc1)C(=O)C(CO)c1ccccc1,25220.0,C17H20N2O2,284.3529,0.0
Nc1nc(=O)c2ncn(CCC(CO)CO)c2[nH]1,26491.0,C10H15N5O3,253.2578,0.0
Nc1nc2c(ncn2COC(CO)CO)c(=O)[nH]1,21032.0,C9H13N5O4,255.2306,0.0
NC(CO)(CO)CO,3723.0,C4H11NO3,121.135,0.0
NC(CO)(CO)CO.O=C(c1ccccc1)c1ccc2n1CC[C@H]2C(=O)O,25597.0,C19H24N2O6,376.4037 (121.1350+255.2686),0.0
Cn1c(=O)c2c(ncn2CC(O)CO)n(C)c1=O,2975.0,C10H14N4O4,254.2426,0.0
CC(=O)N(CC(O)CN(C(C)=O)c1c(I)c(C(=O)NCC(O)CO)c(I)c(C(=O)NCC(O)CO)c1I)c1c(I)c(C(=O)NCC(O)CO)c(I)c(C(=O)NCC(O)CO)c1I,25523.0,C35H44I6N6O15,1550.1819,0.0
C=C(C)C(=O)OCC(O)CO,31570.0,C7H12O4,160.1678,0.0
CCCCCCCC(=O)OCC(O)CO,22006.0,C11H22O4,218.29,0.0
OCC(O)CS,26512.0,C3H8O2S,108.1594,0.0
OCc1ccccn1,26531.0,C6H7NO,109.1259,0.0
OCc1cccnc1,3367.0,C6H7NO,109.1259,0.0
C[C@H]1O[C@H](O[C@H]2[C@H](O)[C@@H](O)[C@@H](O[C@H]3[C@H](O)[C@@H](O)[C@H](O)O[C@@H]3CO)O[C@@H]2CO)[C@H](O)[C@@H](O)[C@@H]1N[C@H]1C=C(CO)[C@@H](O)[C@H](O)[C@H]1O,26034.0,C25H43NO18,645.6048,0.0
CCCCc1nc(Cl)c(CO)n1Cc1ccc(-c2ccccc2-c2nnn[nH]2)cc1,3227.0,C22H23ClN6O,422.9106,0.0
N[C@@H](CSCCCO)C(=O)O,26440.0,C6H13NO3S,179.2373,0.0
OCCN1C[C@H](O)[C@@H](O)[C@H](O)[C@H]1CO,3323.0,C8H17NO5,207.2243,0.0
Cc1c(C(=O)NCCO)[n+]([O-])c2ccccc2[n+]1[O-],20726.0,C12H13N3O4,263.2493,0.0
CCCCCCCCCCCCOCCO,5218.0,C14H30O2,230.3868,0.0
OCCOCCN1CCN(C2=Nc3ccccc3Sc3ccccc32)CC1,3546.0,C21H25N3O2S,383.5071,0.0
OCCSCCO,6878.0,C4H10O2S,122.186,0.0
O=C1NC(c2ccccc2)(c2ccccc2)C(=O)N1COP(=O)(O)O,24299.0,C16H15N2O6P,362.2739,0.0
NCCCNCCSP(=O)(O)O,2585.0,C5H15N2O3PS,214.223,0.0
COc1cc(O)c(C(=O)c2ccccc2)cc1S(=O)(=O)O,22436.0,C14H12O6S,308.3065,0.0
Nc1ccc(C=Cc2ccc(N)cc2S(=O)(=O)O)c(S(=O)(=O)O)c1,4926.0,C14H14N2O6S2,370.4008,0.0
O=S(=O)(O)NC1CCCCC1,21809.0,C6H13NO3S,179.2373,0.0
COc1cc(C(=S)N2CCOCC2)cc(OC)c1OC,26195.0,C14H19NO4S,297.37,0.0
COc1cc(C(=S)N2CCOCC2)ccc1O,26107.0,C12H15NO3S,253.3174,0.0
CCOC(=O)n1ccn(C)c1=S,2736.0,C7H10N2O2S,186.2315,0.0
CCCc1cc(=O)[nH]c(=S)[nH]1,1209.0,C7H10N2OS,170.2321,0.0
Cn1cc[nH]c1=S,820.0,C4H6N2S,114.1688,0.0
CC(=O)[O-].CC(=O)[O-].[Hg+2],22123.0,C4H6HgO4,318.6780 (200.5889+59.0446+59.0446),1.0
O=C1C2CC=CCC2C(=O)N1SC(Cl)(Cl)Cl,243.0,C9H8Cl3NO2S,300.5893,1.0
O=C1C=CC(=O)N1c1ccccc1,21274.0,C10H7NO2,173.1681,1.0
CCCC(c1cc(C(C)(C)C)c(O)cc1C)c1cc(C(C)(C)C)c(O)cc1C,9602.0,C26H38O2,382.5787,1.0
Cc1cc(O)c(C(C)(C)C)cc1Sc1cc(C(C)(C)C)c(O)cc1C,1341.0,C22H30O2S,358.5374,1.0
Clc1ccc(COC(Cn2ccnc2)c2ccc(Cl)cc2Cl)cc1.O=[N+]([O-])O,5226.0,C18H16Cl3N3O4,444.6963 (63.0128+381.6835),1.0
CC[C@H]1O[C@]2(CC[C@@H]1C)C[C@@H]1C[C@@H](C/C=C(\C)C[C@@H](C)/C=C/C=C3\CO[C@@H]4[C@H](O)C(C)=C[C@@H](C(=O)O1)[C@]34O)O2,14742.0,C32H46O7,542.7034,1.0
Cc1ccc(C(=O)c2cc(O)c(O)c([N+](=O)[O-])c2)cc1,3685.0,C14H11NO5,273.2408,0.0
CC(=O)Oc1ccccc1C(=O)Nc1ncc([N+](=O)[O-])s1,13757.0,C12H9N3O5S,307.282,1.0
COc1cc(-c2nc(NC(=O)c3cc4cc(C)cc(C)c4n3CC(=O)O)sc2CCC2CCCCC2)c(OC)cc1Cl.O=C(O)C(F)(F)F,27369.0,C34H37ClF3N3O7S,724.1867 (610.1633+114.0233),1.0
c1cnc2c(c1)ccc1cccnc12,5857.0,C12H8N2,180.2053,1.0
CC(=O)N1CCN(c2ccc(OC[C@H]3CO[C@](Cn4ccnc4)(c4ccc(Cl)cc4Cl)O3)cc2)CC1,9879.0,C26H28Cl2N4O4,531.4309,1.0
CNCCC(Oc1ccc(C(F)(F)F)cc1)c1ccccc1.Cl,635.0,C17H19ClF3NO,345.7871 (36.4609+309.3261),0.0
C#CCOS(=O)OC1CCCCC1Oc1ccc(C(C)(C)C)cc1,4276.0,C19H26O4S,350.4723,0.0
Cc1cc(Cc2cc(C)cc(C(C)(C)C)c2O)c(O)c(C(C)(C)C)c1,870.0,C23H32O2,340.499,1.0
CCN(Cc1cccnc1)C(=O)c1cccc(Cl)c1[C@]1(C)C(=O)N(Cc2ccc(OC)cc2OC)c2ccc(Cl)cc21.Cl,27379.0,C33H32Cl3N3O4,640.9839 (36.4609+604.5229),1.0
O=C1C=CC(=O)N1c1ccc(Cc2ccc(N3C(=O)C=CC3=O)cc2)cc1,24381.0,C21H14N2O4,358.3469,1.0
Cc1cc(Cc2cc(C)cc(C(C)(C)C)c2O)c(O)c(C(C)(C)C)c1,870.0,C23H32O2,340.499,1.0
COC(=O)C1=C(C)NC(C)=C(C(=O)OCC(C)C)C1c1ccccc1[N+](=O)[O-],3371.0,C20H24N2O6,388.4144,1.0
CCNc1ccc(C(=C2C=CC(=[N+](CC)CC)C=C2)c2ccc(N(CC)CC)cc2)c2ccccc12.[Cl-],18888.0,C33H40ClN3,514.1438 (478.6903+35.4535),1.0
O=C1C2CC=CCC2C(=O)N1SC(Cl)(Cl)C(Cl)Cl,242.0,C10H9Cl4NO2S,349.061,1.0
N#CC(CCc1ccc(Cl)cc1)(Cn1cncn1)c1ccccc1,12548.0,C19H17ClN4,336.8181,0.0
CCCCCCCCCCn1cc[n+](CCCCCCCCCC)c1C.[Cl-],29311.0,C24H47ClN2,399.0964 (363.6428+35.4535),1.0
[Hg+2].[I-].[I-],22124.0,HgI2,454.3989 (200.5889+126.9050+126.9050),1.0
C[C@H]1O[C@@H](O[C@H]2[C@@H](O)C[C@H](O[C@H]3[C@@H](O)C[C@H](O[C@H]4CC[C@@]5(C)[C@H](CC[C@@H]6[C@@H]5C[C@@H](O)[C@]5(C)[C@@H](C7=CC(=O)OC7)CC[C@]65O)C4)O[C@@H]3C)O[C@@H]2C)C[C@H](O)[C@@H]1O,2934.0,C41H64O14,780.9385,0.0
CC/N=c1/cc2oc3cc(NCC)c(C)cc3c(-c3ccccc3C(=O)OCC)c-2cc1C.Cl,1243.0,C28H31ClN2O3,479.0103 (442.5494+36.4609),1.0
CCCCCCC[CH2][Sn]([Cl])([Cl])[CH2]CCCCCCC,9662.0,C16H34Cl2Sn,416.0572,1.0
[Cl-].[Cl-].[Hg+2],811.0,Cl2Hg,271.4960 (200.5889+35.4535+35.4535),1.0
CCCCCCCCn1sccc1=O,5805.0,C11H19NOS,213.3397,1.0
CCCCCCCCCCCC[N+](C)(C)C.[Cl-],6900.0,C15H34ClN,263.8902 (228.4366+35.4535),0.0
CCc1nn(C)c(C(=O)NCc2ccc(C(C)(C)C)cc2)c1Cl,14223.0,C18H24ClN3O,333.8557,1.0
CC(=O)OC(OC(C)=O)c1ccc([N+](=O)[O-])o1,946.0,C9H9NO7,243.1703,1.0
CC(=O)NC1(c2cccc(F)c2)CCN(CC[C@@]2(c3ccc(Cl)c(Cl)c3)CN(c3ccccc3)C(=O)CO2)CC1.O=C(O)CCC(=O)O,27387.0,C35H38Cl2FN3O7,702.5965 (584.5085+118.0880),0.0
CN(C)C(=S)[S-].CN(C)C(=S)[S-].[Cu+2],345.0,C6H12CuN2S4,303.9789 (120.2170+120.2170+63.5449),1.0
CN(C)C(=S)[S-].CN(C)C(=S)[S-].CN(C)C(=S)[S-].[Fe+3],624.0,C9H18FeN3S6,416.4943 (120.2170+55.8434+120.2170+120.2170),1.0
Clc1ccc(COC(Cn2ccnc2)c2ccc(Cl)cc2Cl)cc1.O=[N+]([O-])O,5226.0,C18H16Cl3N3O4,444.6963 (63.0128+381.6835),1.0
[O-][n+]1ccccc1[S][Zn][S]c1cccc[n+]1[O-],6314.0,C10H8N2O2S2Zn,317.7217,1.0
C=C(C)C(=O)[O][Sn]([CH2]CCC)([CH2]CCC)[CH2]CCC,15204.0,C16H32O2Sn,375.1341,1.0
COc1ccc2cc(S(=O)(=O)N[C@H](CC(=O)N[C@H](Cc3ccc(CN4[C@H](C)CCC[C@@H]4C)cc3)C(=O)N(C)C(C)C)c3ccc4c(c3)OCO4)ccc2c1.Cl,27351.0,C42H53ClN4O7S,793.4108 (756.9499+36.4609),0.0
O=S1(=O)CC(Cl)(Cl)C(Cl)(Cl)C1,21461.0,C4H4Cl4O2S,257.9504,1.0
Clc1ccccc1C(c1ccccc1)(c1ccccc1)n1ccnc1,9871.0,C22H17ClN2,344.8368,1.0
CN(C)C(=S)SC(=S)N(C)C,1333.0,C6H12N2S3,208.3679,1.0
Oc1c(Cl)cc(Cl)cc1Sc1cc(Cl)cc(Cl)c1O,1342.0,C12H6Cl4O2S,356.0518,1.0
Oc1ccc(Cl)cc1Sc1cc(Cl)ccc1O,6137.0,C12H8Cl2O2S,287.1617,1.0
C=CC(=O)[O][Sn]([CH2]CCC)([CH2]CCC)[CH2]CCC,24796.0,C15H30O2Sn,361.1075,1.0
CC1COC(Cn2cncn2)(c2ccc(Oc3ccc(Cl)cc3)cc2Cl)O1,12372.0,C19H17Cl2N3O3,406.2626,0.0
Oc1c(Cl)cc(Cl)c(Cl)c1Cc1c(O)c(Cl)cc(Cl)c1Cl,690.0,C13H6Cl6O2,406.9035,1.0
Oc1ccc(C2(c3ccc(O)cc3)CC3CC2C2CCCC32)cc1,27869.0,C22H24O2,320.4248,1.0
N#[C][Au-][C]#N.[K+],24549.0,C2AuKN2,288.0997 (39.0978+249.0019),1.0
FC(F)C(F)(F)OCC(Cn1cncn1)c1ccc(Cl)cc1Cl,14956.0,C13H11Cl2F4N3O,372.1456,0.0
O=C(CCCCCCCCc1cccnc1)N1CCC(C=C(c2ccccc2)c2ccccc2)CC1,28486.0,C33H40N2O,480.6835,1.0
[Cl][Au]([Cl])[Cl],24379.0,AuCl3,303.3256,1.0
O=[N+]([O-])c1ccc(O/N=C/c2cc(Br)c(O)c(Br)c2)c([N+](=O)[O-])c1,21681.0,C13H7Br2N3O6,461.0192,1.0
C[C@]12Cc3nonc3C[C@@H]1CC[C@@H]1[C@@H]2CC[C@@]2(C)[C@H]1CC[C@]2(C)O,26889.0,C20H30N2O2,330.4644,0.0
CCCCCCCCCCn1cc[n+](C)c1.F[P-](F)(F)(F)(F)F,29139.0,C14H27F6N2P,368.3418 (223.3770+144.9647),0.0
Oc1ccc(C(c2ccc(O)cc2)C(Cl)(Cl)Cl)cc1,2325.0,C14H11Cl3O2,317.5949,0.0
CCC[CH2][Sn]([Cl])([Cl])[CH2]CCC,7292.0,C8H18Cl2Sn,303.8445,1.0
C=CCOC(Cn1ccnc1)c1ccc(Cl)cc1Cl,4151.0,C14H14Cl2N2O,297.1798,1.0
Cc1c2oc3c(C)ccc(C(=O)N[C@@H]4C(=O)N[C@H](C(C)C)C(=O)N5CCC[C@H]5C(=O)N(C)CC(=O)N(C)[C@@H](C(C)C)C(=O)O[C@@H]4C)c3nc-2c(C(=O)N[C@@H]2C(=O)N[C@H](C(C)C)C(=O)N3CCC[C@H]3C(=O)N(C)CC(=O)N(C)[C@@H](C(C)C)C(=O)O[C@@H]2C)c(N)c1=O,31.0,C62H86N12O16,1255.417,0.0
CCCC(Cn1cncn1)c1ccc(Cl)cc1Cl,22260.0,C13H15Cl2N3,284.1843,0.0
CC[C@H]1CN2CCc3cc(OC)c(OC)cc3[C@@H]2C[C@@H]1C[C@H]1NCCc2cc(OC)c(OC)cc21.Cl.Cl,558.0,C29H42Cl2N2O4,553.5608 (36.4609+36.4609+480.6389),0.0
CCC[CH2][Sn]([CH2]CCC)([CH2]CCC)[O][Sn]([CH2]CCC)([CH2]CCC)[CH2]CCC,166.0,C24H54OSn2,596.105,1.0
CS(=O)(=O)O.Cc1cc(CCN2CCN(c3nsc4ccccc34)CC2)cc2c1NC(=O)CC2(C)C,27271.0,C26H34N4O4S2,530.7026 (434.5969+96.1057),1.0
O=Nc1ccc(Nc2ccccc2)cc1,1031.0,C12H10N2O,198.2206,1.0
CN(C)C(=S)[S-].CN(C)C(=S)[S-].[Zn+2],1464.0,C6H12N2S4Zn,305.8419 (120.2170+120.2170+65.4079),1.0
N#CSCSC#N,5599.0,C3H2N2S2,130.1914,1.0
COc1cc(/C=C/C(=O)CC(=O)/C=C/c2ccc(O)c(OC)c2)ccc1O,1421.0,C21H20O6,368.3799,1.0
[K+].[K+].[O]=[Cr](=[O])([O-])[O][Cr](=[O])(=[O])[O-],5948.0,Cr2K2O7,294.1846 (215.9891+39.0978+39.0978),0.0
CO[C@]12CC[C@@]3(C[C@@H]1[C@](C)(O)C(C)(C)C)[C@H]1Cc4ccc(O)c5c4[C@@]3(CCN1CC1CC1)[C@H]2O5.Cl,28831.0,C29H42ClNO4,504.1011 (467.6401+36.4609),1.0
CCOC(=O)c1ccc([C@H]2CC[C@H](NC[C@H](O)COc3ccc(O)c(NS(C)(=O)=O)c3)CC2)cc1.Cl,27389.0,C25H35ClN2O7S,543.0726 (506.6117+36.4609),0.0
ClC1=C(Cl)[C@@]2(Cl)[C@@H]3[C@@H](Cl)C(Cl)C[C@@H]3C1(Cl)C2(Cl)Cl,267.0,C10H6Cl8,409.7786,1.0
CS(=O)(=O)O.Cc1c(O)cccc1C(=O)N[C@@H](CSc1ccccc1)[C@H](O)CN1C[C@H]2CCCC[C@H]2C[C@H]1C(=O)NC(C)(C)C,10777.0,C33H49N3O7S2,663.8881 (567.7824+96.1057),1.0
[OH][Sn]([c]1ccccc1)([c]1ccccc1)[c]1ccccc1,1409.0,C18H16OSn,367.029,1.0
CCCCNC(=O)OCC#CI,8038.0,C8H12INO2,281.0909,0.0
O=c1[nH]sc2ccccc12,12523.0,C7H5NOS,151.1857,1.0
O=C(c1ccc(OCCN2CCCCC2)cc1)c1c(-c2ccc(O)cc2)sc2cc(O)ccc12,3550.0,C28H27NO4S,473.5833,1.0
[O-][n+]1ccccc1[S][Zn][S]c1cccc[n+]1[O-],6314.0,C10H8N2O2S2Zn,317.7217,1.0
CC(CN1c2ccccc2Sc2ccccc21)N(C)C.Cl,1192.0,C17H21ClN2S,320.8800 (284.4191+36.4609),0.0
Cl.O=C(c1ccc(OCCN2CCCCC2)cc1)c1c(-c2ccc(O)cc2)sc2cc(O)ccc12,14181.0,C28H28ClNO4S,510.0442 (473.5833+36.4609),1.0
OCC(c1ccc(Cl)cc1)c1ccc(Cl)cc1,21308.0,C14H12Cl2O,267.1505,0.0
[F][Sn]([c]1ccccc1)([c]1ccccc1)[c]1ccccc1,22500.0,C18H15FSn,369.0201,1.0
COC(=O)N(OC)c1ccccc1COc1ccn(-c2ccc(Cl)cc2)n1,12638.0,C19H18ClN3O4,387.8169,0.0
C[C@H]1O[C@@H](O[C@H]2[C@@H](O)C[C@H](O[C@H]3[C@@H](O)C[C@H](O[C@H]4CC[C@@]5(C)[C@H](CC[C@@H]6[C@@H]5C[C@@H](O)[C@]5(C)[C@@H](C7=CC(=O)OC7)CC[C@]65O)C4)O[C@@H]3C)O[C@@H]2C)C[C@H](O)[C@@H]1O,2934.0,C41H64O14,780.9385,0.0
CCCCCCCCCCn1cc[n+](C)c1.[Br-],29093.0,C14H27BrN2,303.2816 (223.3770+79.9045),0.0
C[C@H](CCC(=O)[O-])[C@H]1CC[C@H]2[C@@H]3CC[C@@H]4C[C@H](O)CC[C@]4(C)[C@H]3C[C@H](O)[C@]12C.[Na+],13389.0,C24H39NaO4,414.5538 (391.5646+22.9892),0.0
c1cc(N(CC2CO2)CC2CO2)ccc1Cc1ccc(N(CC2CO2)CC2CO2)cc1,22248.0,C25H30N2O4,422.5167,1.0
CO[C@H]1/C=C/O[C@@]2(C)Oc3c(C)c(O)c4c(c3C2=O)C2=NC3(CCN(CC(C)C)CC3)NC2=C(NC(=O)/C(C)=C\C=C\[C@H](C)[C@H](O)[C@@H](C)[C@@H](O)[C@@H](C)[C@H](OC(C)=O)[C@@H]1C)C4=O,10773.0,C46H62N4O11,847.0047,0.0
Cl.N=C1C=CC(=C(c2ccc(N)cc2)c2ccc(N)cc2)C=C1,1247.0,C19H18ClN3,323.8193 (287.3584+36.4609),1.0
O=C1C(Cl)=C(Cl)C(=O)C(Cl)=C1Cl,266.0,C6Cl4O2,245.875,1.0
Nc1cc(Cl)c(-c2cc(Cl)c(N)cc2Cl)cc1Cl,1314.0,C12H8Cl4N2,322.0173,1.0
C=CCOC(Cn1ccnc1)c1ccc(Cl)cc1Cl,4151.0,C14H14Cl2N2O,297.1798,1.0
Fc1ccccc1[C@@H](F)CO[C@H]1CC[C@H](Nc2[nH]cnc3nncc2-3)CC1,27334.0,C19H21F2N5O,373.3997,0.0
O=C1C(Cl)=C(Cl)C(=O)c2ccccc21,425.0,C10H4Cl2O2,227.0436,1.0
O=C1c2ccccc2C(=O)N1SC1CCCCC1,7793.0,C14H15NO2S,261.3394,1.0
CC1=C(/C=C/C(C)=C/C=C/C(C)=C/C(=O)O)C(C)(C)CCC1,1239.0,C20H28O2,300.4351,1.0
CCCCCCCCn1cc[n+](C)c1.O=S(=O)([N-]S(=O)(=O)C(F)(F)F)C(F)(F)F,27931.0,C14H23F6N3O4S2,475.4705 (195.3239+280.1467),0.0
COc1cc(C(=O)NC2CCN(C)CC2)ccc1Nc1ncc2c(n1)N(C1CCCC1)CC(F)(F)C(=O)N2C,28485.0,C27H35F2N7O3,543.6087,0.0
O=C(CCc1ccc(O)cc1)c1c(O)cc(O)cc1O,2393.0,C15H14O5,274.2687,0.0
CC1(C)[C@@H](O)CC[C@]2(C)[C@H]3C(=O)C=C4[C@@H]5C[C@@](C)(C(=O)O)CC[C@]5(C)CC[C@@]4(C)[C@]3(C)CC[C@@H]12,669.0,C30H46O4,470.6838,1.0
O=C(O)c1cc(/N=N/c2ccc([N+](=O)[O-])cc2)ccc1O,13163.0,C13H9N3O5,287.2277,0.0
Oc1ccc(C(c2ccc(O)cc2)C(Cl)(Cl)Cl)cc1,2325.0,C14H11Cl3O2,317.5949,1.0
CCCCCCCCCCn1cc[n+](C)c1.[Cl-],29084.0,C14H27ClN2,258.8306 (35.4535+223.3770),0.0
CCCC(=O)OC[C@@H](OC(=O)CCC)[C@@H](OC(=O)CCC)[C@H](Cn1c2nc(=O)[nH]c(=O)c-2nc2cc(C)c(C)cc21)OC(=O)CCC,26892.0,C33H44N4O10,656.7233,0.0
CO/N=C(/C(=O)OC)c1ccccc1CON=C(C)c1cccc(C(F)(F)F)c1,12580.0,C20H19F3N2O4,408.3711,0.0
Nc1ccc(Nc2ccccc2)cc1,5895.0,C12H12N2,184.2371,0.0
CCCCCCCCn1cc[n+](C)c1.O=S(=O)([O-])C(F)(F)F,27922.0,C13H23F3N2O3S,344.3935 (195.3239+149.0697),0.0
C=CC(OCC)OCC,24.0,C7H14O2,130.1849,0.0
Cc1cccc(Nc2ccccc2C(=O)O)c1C,3243.0,C15H15NO2,241.2851,0.0
O=[N+]([O-])c1cccc2ccccc12,978.0,C10H7NO2,173.1681,0.0
CCOCn1c(-c2ccc(Cl)cc2)c(C#N)c(Br)c1C(F)(F)F,12533.0,C15H11BrClF3N2O,407.6128,1.0
O=[N+]([O-])c1cc(C(F)(F)F)c(Cl)c([N+](=O)[O-])c1Nc1ncc(C(F)(F)F)cc1Cl,12551.0,C13H4Cl2F6N4O4,465.0917,1.0
c1cc(C(c2ccc(OCC3CO3)cc2)c2ccc(OCC3CO3)cc2)ccc1OCC1CO1,24971.0,C28H28O6,460.5183,1.0
CCN(CC)C(=S)SSC(=S)N(CC)CC,1322.0,C10H20N2S4,296.5392,1.0
O=C(Nc1cccc(C(F)(F)F)c1)c1cc(Br)cc(Br)c1O,21985.0,C14H8Br2F3NO2,439.022,1.0
[Cl-].[Cl-].[Hg+2],811.0,Cl2Hg,271.4960 (200.5889+35.4535+35.4535),1.0
CCN(CC)C(=S)SSC(=S)N(CC)CC,1322.0,C10H20N2S4,296.5392,1.0
CC[C@H](OC(C)=O)C(C[C@H](C)NC)(c1ccccc1)c1ccccc1.Cl,28846.0,C22H30ClNO2,375.9321 (36.4609+339.4712),0.0
CN(C)C(=S)SSC(=S)N(C)C,1332.0,C6H12N2S4,240.4329,1.0
N#CSCSC#N,5599.0,C3H2N2S2,130.1914,1.0
C[C@H]1O[C@@H](O[C@H]2[C@@H](O)C[C@H](O[C@H]3[C@@H](O)C[C@H](O[C@H]4CC[C@@]5(C)[C@H](CC[C@@H]6[C@@H]5CC[C@]5(C)[C@@H](C7=CC(=O)OC7)CC[C@]65O)C4)O[C@@H]3C)O[C@@H]2C)C[C@H](O)[C@@H]1O,2933.0,C41H64O13,764.9391,0.0
O=C1C=CC(=O)N1,29377.0,C4H3NO2,97.0721,1.0
[Cd+2].[Cl-].[Cl-],226.0,CdCl2,183.3170 (35.4535+112.4099+35.4535),1.0
CCCCN(CCCC)C(=S)[S-].CCCCN(CCCC)C(=S)[S-].[Zn+2],1462.0,C18H36N2S4Zn,474.1608 (204.3765+204.3765+65.4079),1.0
O=CC(Br)(Br)Br,1667.0,C2HBr3O,280.7407,1.0
CCCCCC(=O)O[C@]1(C(C)=O)CC[C@H]2[C@@H]3CCC4=CC(=O)CC[C@]4(C)[C@H]3CC[C@@]21C,23915.0,C27H40O4,428.6041,1.0
CCCCCCCCn1sc(Cl)c(Cl)c1=O,12315.0,C11H17Cl2NOS,282.2298,1.0
CN[C@H]1CC[C@@H](c2ccc(Cl)c(Cl)c2)c2ccc(S(N)(=O)=O)cc21,27295.0,C17H18Cl2N2O2S,385.308,0.0
COc1cccc2c1cc([N+](=O)[O-])c1c(C(=O)[O-])cc3c(c12)OCO3.[Na+],99.0,C17H10NNaO7,363.2536 (340.2643+22.9892),0.0
CC(=O)[C@H]1CC[C@H]2[C@@H]3CCC4=CC(=O)CC[C@]4(C)[C@H]3CC[C@]12C,2370.0,C21H30O2,314.4617,0.0
CCC[CH2][Sn]([CH2]CCC)([CH2]CCC)[CH2]CCC,2153.0,C16H36Sn,347.167,1.0
Cl.OCCOCCN1CCN(C(c2ccccc2)c2ccc(Cl)cc2)CC1,27530.0,C21H28Cl2N2O2,411.3652 (36.4609+374.9043),0.0
CN(C)CCC=C1c2ccccc2CCc2ccccc21.Cl,13187.0,C20H24ClN,313.8643 (277.4033+36.4609),0.0
COc1cccc(-c2ccc(/C=C\CN3CCCCCC3)cc2Cl)c1.Cl,27342.0,C22H27Cl2NO,392.3619 (355.9009+36.4609),0.0
Cl.O.c1cnc2c(c1)ccc1cccnc12,24309.0,C12H11ClN2O,234.6815 (180.2053+36.4609+18.0153),1.0
C=C1C(C)(C)[C@@]2(Cl)C(Cl)[C@]1(Cl)C(Cl)(Cl)C2(Cl)Cl,1283.0,C10H9Cl7,377.3495,1.0
O=C(Nc1ccc(Cl)c(Cl)c1)c1cc(Cl)cc(Cl)c1O,20767.0,C13H7Cl4NO2,351.0122,1.0
CC[C@H](C)[C@H]1O[C@]2(C=C[C@@H]1C)C[C@@H]1C[C@@H](C/C=C(\C)[C@@H](O[C@H]3C[C@H](OC)[C@@H](O[C@H]4C[C@H](OC)[C@@H](O)[C@H](C)O4)[C@H](C)O3)[C@@H](C)/C=C/C=C3\CO[C@@H]4[C@H](O)C(C)=C[C@@H](C(=O)O1)[C@]34O)O2,3892.0,C48H72O14,873.0769,0.0
CC(C)(O)c1cnn2c(-c3ccc(F)c(-c4c(F)cccc4C#N)c3)cnc2n1,27330.0,C21H15F2N5O,391.3735,0.0
O=C(O)CC(O)(CC(=O)O)C(=O)O.Oc1cccc2cccnc12,20326.0,C15H15NO8,337.2815 (145.1580+192.1235),1.0
O=C1c2ccccc2C(=O)N1SC1CCCCC1,7793.0,C14H15NO2S,261.3394,1.0
CN(C)c1ccc(C(=C2C=CC(=[N+](C)C)C=C2)c2ccc(N(C)C)cc2)cc1.[Cl-],653.0,C25H30ClN3,407.9788 (372.5253+35.4535),1.0
O=[N+]([O-])[O][Cd][O][N+](=O)[O-],24504.0,CdN2O6,236.4208,1.0
C#C[C@]1(O)CC[C@H]2[C@@H]3CCC4=Cc5oncc5C[C@]4(C)[C@H]3CC[C@@]21C,2880.0,C22H27NO2,337.4553,1.0
Cc1cc(C(C)(C)c2cc(C)c(O)c(C)c2)cc(C)c1O,27949.0,C19H24O2,284.3927,0.0
CN(C)CCCN1c2ccccc2CCc2ccc(Cl)cc21.Cl,22633.0,C19H24Cl2N2,351.3133 (314.8523+36.4609),0.0
CCCCCCCCCCn1cc[n+](C)c1.O=S(=O)([N-]S(=O)(=O)C(F)(F)F)C(F)(F)F,27889.0,C16H27F6N3O4S2,503.5237 (223.3770+280.1467),1.0
O=C(Nc1ccccc1SSc1ccccc1NC(=O)c1ccccc1)c1ccccc1,21629.0,C26H20N2O2S2,456.5792,1.0
C[C@@H]1O[C@@H](O[C@H]2C[C@@H](O)[C@]3(CO)[C@H]4[C@H](O)C[C@]5(C)[C@@H](C6=CC(=O)OC6)CC[C@]5(O)[C@@H]4CC[C@]3(O)C2)[C@H](O)[C@H](O)[C@H]1O,23765.0,C29H44O12,584.6525,0.0
C[C@H]1CCCC(=O)CCC/C=C/c2cc(O)cc(O)c2C(=O)O1,1460.0,C18H22O5,318.3643,1.0
CC(C)CC(C)(c1ccc(O)cc1)c1ccc(O)cc1,9282.0,C18H22O2,270.3661,1.0
CN(C)c1ccc(C(=C2C=CC(=[N+](C)C)C=C2)c2ccc(N(C)C)cc2)cc1.[Cl-],653.0,C25H30ClN3,407.9788 (372.5253+35.4535),1.0
COc1ccc2sc(C(=O)Nc3nnn[n-]3)c(OC(C)C)c2c1.[Na+],27268.0,C14H14N5NaO3S,355.3474 (332.3582+22.9892),0.0
C/C=C/C[C@@H](C)[C@@H](O)[C@H]1C(=O)N[C@@H](CC)C(=O)N(C)CC(=O)N(C)[C@@H](CC(C)C)C(=O)N[C@@H](C(C)C)C(=O)N(C)[C@@H](CC(C)C)C(=O)N[C@@H](C)C(=O)N[C@H](C)C(=O)N(C)[C@@H](CC(C)C)C(=O)N(C)[C@@H](CC(C)C)C(=O)N(C)[C@@H](C(C)C)C(=O)N1C,365.0,C62H111N11O12,1202.6112,0.0
O=C(Nc1ccccc1)Nc1ccnc(Cl)c1,14634.0,C12H10ClN3O,247.6803,0.0
CN(C)C(=S)SC(=S)N(C)C,1333.0,C6H12N2S3,208.3679,1.0
O=C(Nc1ccccc1SSc1ccccc1NC(=O)c1ccccc1)c1ccccc1,21629.0,C26H20N2O2S2,456.5792,1.0
Oc1c(I)cc(Cl)c2cccnc12,2837.0,C9H5ClINO,305.4996,1.0
C[C@]12CC[C@H]3C(=CCc4cc(O)ccc43)[C@@H]1CCC2=O,27433.0,C18H20O2,268.3502,0.0
CCCCCCCCCCCC[N+](C)(C)C.[Cl-],6900.0,C15H34ClN,263.8902 (228.4366+35.4535),0.0
CC(C)(c1cc(Br)c(O)c(Br)c1)c1cc(Br)c(O)c(Br)c1,6081.0,C15H12Br4O2,543.8706,1.0
C=C(C)[C@H]1Cc2c(ccc3c2O[C@@H]2COc4cc(OC)c(OC)cc4[C@@H]2C3=O)O1,1248.0,C23H22O6,394.4172,0.0
Cc1cc(N=Nc2ccccc2C)ccc1N,69.0,C14H15N3,225.289,0.0
COc1ccc(-c2coc3cc(O)cc(O)c3c2=O)cc1,2394.0,C16H12O5,284.2635,0.0
CO/C=C(/C(=O)OC)c1ccccc1COc1cccc(C(F)(F)F)n1,27542.0,C18H16F3NO4,367.3191,0.0
CO/N=C(/C(=O)OC)c1ccccc1COc1ccccc1C,12558.0,C18H19NO4,313.3478,0.0
CC[n+]1ccccc1.[Br-],29094.0,C7H10BrN,188.0650 (108.1605+79.9045),0.0
O=C([N-]S(=O)(=O)/C=C/c1ccccc1)c1ccc(F)cc1Cl.[Na+],28490.0,C15H10ClFNNaO3S,361.7510 (22.9892+338.7618),0.0
c1cc[c]([Hg][c]2ccccc2)cc1,22130.0,C12H10Hg,354.7978,0.0
COc1cc([C@@H]2c3cc4c(cc3[C@H](O)[C@H]3COC(=O)[C@H]23)OCO4)cc(OC)c1OC,25645.0,C22H22O8,414.4053,0.0
COc1ccc(C(=O)Nc2nc3ccccc3c(NCc3ccccc3)c2C#N)cc1,27374.0,C25H20N4O2,408.4519,0.0
N#Cc1nn(-c2c(Cl)cc(C(F)(F)F)cc2Cl)c(N)c1S(=O)C(F)(F)F,14609.0,C12H4Cl2F6N4OS,437.1478,0.0
CC(C)c1c(C(=O)Nc2ccccc2)c(-c2ccccc2)c(-c2ccc(F)cc2)n1CC[C@@H](O)C[C@@H](O)CC(=O)O,9868.0,C33H35FN2O5,558.6398,0.0
C=CCC1=C(C)C(OC(=O)C2C(C=C(C)C)C2(C)C)CC1=O,15180.0,C19H26O3,302.4079,1.0
CC(C)c1c(C(=O)Nc2ccccc2)c(-c2ccccc2)c(-c2ccc(F)cc2)n1CC[C@@H](O)C[C@@H](O)CC(=O)[O-].CC(C)c1c(C(=O)Nc2ccccc2)c(-c2ccccc2)c(-c2ccc(F)cc2)n1CC[C@@H](O)C[C@@H](O)CC(=O)[O-].[Ca+2],24303.0,C66H68CaF2N4O10,1155.3417 (557.6324+557.6324+40.0769),0.0
O=C1OC2(c3cc(Br)c(O)c(Br)c3Oc3c2cc(Br)c(O)c3Br)c2c(Cl)c(Cl)c(Cl)c(Cl)c21,11089.0,C20H4Br4Cl4O5,785.6708,1.0
CC#C[C@]1(O)CC[C@H]2[C@@H]3CCC4=CC(=O)CCC4=C3[C@@H](c3ccc(N(C)C)cc3)C[C@@]21C,3322.0,C29H35NO2,429.5937,0.0
O=C(O)Cc1cc(I)c(Oc2ccc(O)c(I)c2)c(I)c1,25232.0,C14H9I3O4,621.9323,1.0
O=c1cc(-c2ccccc2)oc2ccccc12,2048.0,C15H10O2,222.2387,0.0
CCC[C@@H]1O[C@@H]2C[C@H]3[C@@H]4CCC5=CC(=O)C=C[C@]5(C)[C@H]4[C@@H](O)C[C@]3(C)[C@]2(C(=O)CO)O1,202.0,C25H34O6,430.5339,0.0
CC(C)(C)c1ccc(CSc2cnn(C(C)(C)C)c(=O)c2Cl)cc1,12573.0,C19H25ClN2OS,364.9326,0.0
ClC1=C(Cl)[C@]2(Cl)[C@@H]3[C@H]4C=CC(C4)[C@@H]3C1(Cl)C2(Cl)Cl,40.0,C12H8Cl6,364.9099,0.0
CC(Oc1ccc(Oc2ncc(C(F)(F)F)cc2Cl)cc1)C(=O)O,22019.0,C15H11ClF3NO4,361.7003,0.0
C[C@@H]1C[C@@H]([C@H](O)CC2CC(=O)NC(=O)C2)C(=O)[C@@H](C)C1,4882.0,C15H23NO4,281.3474,0.0
O=C(O)C1C2CCC(O2)C1C(=O)O,4081.0,C8H10O5,186.162,0.0
CC(Cc1ccc(O)c(O)c1)C(C)Cc1ccc(O)c(O)c1,2437.0,C18H22O4,302.3649,1.0
N=C(N)c1ccc(OCCCCCOc2ccc(C(=N)N)cc2)cc1.O=S(=O)(O)CCO.O=S(=O)(O)CCO,3796.0,C23H36N4O10S2,592.6827 (340.4195+126.1316+126.1316),0.0
N[C@@H](Cc1cc(I)c(Oc2ccc(O)c(I)c2)c(I)c1)C(=O)[O-].[Na+],27505.0,C15H11I3NNaO4,672.9553 (649.9661+22.9892),0.0
Cc1c([N+](=O)[O-])cc2c(c1[N+](=O)[O-])C(C)(C)CC2(C)C,24519.0,C14H18N2O4,278.3037,0.0
C=CC(=C)C,761.0,C5H8,68.117,0.0
CC(=O)S[C@@H]1CC2=CC(=O)CC[C@]2(C)[C@H]2CC[C@@]3(C)[C@@H](CC[C@@]34CCC(=O)O4)[C@H]12,14186.0,C24H32O4S,416.5735,0.0
ClC1=C(Cl)C(Cl)(Cl)C(Cl)=C1Cl,688.0,C5Cl6,272.7715,1.0
CO/N=C(/C1=NOCCO1)c1ccccc1Oc1ncnc(Oc2ccccc2Cl)c1F,14625.0,C21H16ClFN4O5,458.8269,0.0
N#CCC#N,1907.0,C3H2N2,66.0614,1.0
CCCCC(CC)COC(=O)/C=C\C(=O)OCC(CC)CCCC,7094.0,C20H36O4,340.4974,0.0
Oc1ccc(C(=C(Cl)Cl)c2ccc(O)cc2)cc1,2485.0,C14H10Cl2O2,281.134,1.0
[Cl-].[Cl-].[Cu+2],20449.0,Cl2Cu,134.4520 (63.5449+35.4535+35.4535),1.0
CC(C)(C)C(=O)C1C(=O)c2ccccc2C1=O,5930.0,C14H14O3,230.2592,0.0
COP(=S)(OC)SCN1C(=O)c2ccccc2C1=O,4261.0,C11H12NO4PS2,317.321,0.0
COc1cc(C=O)cc2c1[C@H](COC(N)=O)[C@]1(OC(C)=O)ON2C[C@H]2[C@@H]1N2C(C)=O,28140.0,C19H21N3O8,419.3853,0.0
O=C(c1cc(O)c(O)c(O)c1)c1ccc(O)c(O)c1O,24950.0,C13H10O7,278.2143,0.0
O=C(c1ccccc1)c1ccc(O)c(O)c1O,17728.0,C13H10O4,230.2161,0.0
CCCC[P+](C)(CCCC)CCCC.COS(=O)(=O)[O-],27846.0,C14H33O4PS,328.4482 (217.3505+111.0977),0.0
Cc1coc2c1CCC(C)C2,5534.0,C10H14O,150.2176,0.0
CCCCC(=O)Cl,14091.0,C5H9ClO,120.5774,0.0
CN(C)C(=S)[S-].[Na+],7050.0,C3H6NNaS2,143.2062 (120.2170+22.9892),1.0
CN1CSC(=S)N(C)C1,4902.0,C5H10N2S2,162.2763,1.0
[CH3][Hg][Cl],813.0,CH3ClHg,251.0775,1.0
O=C1C(Cl)=C(Cl)C(=O)C(Cl)=C1Cl,266.0,C6Cl4O2,245.875,1.0
C=C1C(CCl)(CCl)C2(Cl)C(Cl)C(Cl)C1(Cl)C2(Cl)Cl,1368.0,C10H8Cl8,411.7945,1.0
Oc1c(Cl)cc(Cl)c(Cl)c1Cc1c(O)c(Cl)cc(Cl)c1Cl,690.0,C13H6Cl6O2,406.9035,1.0
O=C(N[C@@H](c1ccccc1)[C@@H]1CCCCN1)c1cccc(C(F)(F)F)c1Cl,27348.0,C20H20ClF3N2O,396.8338,0.0
N=C1NC(=N)c2cc3ccccc3cc21,12751.0,C12H9N3,195.22,1.0
O=[N+]([O-])c1ccc(Nc2ccccc2)cc1,7323.0,C12H10N2O2,214.22,0.0
C=C1CC[C@H](O)C/C1=C/C=C1\CCC[C@]2(C)[C@@H]([C@H](C)CCCC(C)C)CC[C@@H]12,6294.0,C27H44O,384.6377,1.0
Cc1c2ccccc2c(C)c2c1ccc1ccccc12,510.0,C20H16,256.341,1.0
Cc1cc(N=Nc2ccccc2C)ccc1N,69.0,C14H15N3,225.289,0.0
CN(C)CCC=C1c2ccccc2CCc2ccccc21.Cl,13187.0,C20H24ClN,313.8643 (277.4033+36.4609),0.0
Oc1cccc2cccnc12,730.0,C9H7NO,145.158,1.0
Oc1cccc2cccnc12,730.0,C9H7NO,145.158,1.0
C#CCOS(=O)OC1CCCCC1Oc1ccc(C(C)(C)C)cc1,4276.0,C19H26O4S,350.4723,0.0
CCOP(=S)(OCC)SCn1nnc2ccccc2c1=O,17498.0,C12H16N3O3PS2,345.3775,0.0
CCCCN1C(=O)[C@@H]([C@H](O)C2CCCCC2)NC(=O)C12CCN(Cc1ccc(Oc3ccc(C(=O)O)cc3)cc1)CC2.Cl,27316.0,C33H44ClN3O6,614.1720 (577.7110+36.4609),0.0
CC(=O)C(Cl)(Cl)Cl,1679.0,C3H3Cl3O,161.4143,0.0
COC(=O)[C@H]1[C@H]2C[C@@H]3c4[nH]c5cc(OC)ccc5c4CCN3C[C@H]2C[C@@H](OC(=O)c2cc(OC)c(OC)c(OC)c2)[C@@H]1OC,1237.0,C33H40N2O9,608.6787,0.0
N#CCCC(Br)(C#N)CBr,4944.0,C6H6Br2N2,265.9332,1.0
CCN(CC)C(=S)[S-].O.O.O.[Na+],1275.0,C5H16NNaO3S2,225.3052 (148.2701+18.0153+18.0153+18.0153+22.9892),1.0
Cc1cc2nc3c(=O)[nH]c(=O)nc-3n(C[C@H](O)[C@H](O)[C@H](O)CO)c2cc1C,1777.0,C17H20N4O6,376.3639,0.0
O=C(Nc1ccc(Br)cc1)c1cc(Br)cc(Br)c1O,6181.0,C13H8Br3NO2,449.9201,1.0
Oc1ccc(Cl)cc1Cc1cc(Cl)ccc1O,1824.0,C13H10Cl2O2,269.1233,1.0
S=C(SSSSSSC(=S)N1CCCCC1)N1CCCCC1,535.0,C12H20N2S8,448.8206,1.0
CN(C)c1ccc2nc3ccc(N(C)C)cc3[s+]c2c1.O.O.O.[Cl-],5600.0,C16H24ClN3O3S,373.8981 (284.3987+35.4535+18.0153+18.0153+18.0153),0.0
CC(C)(c1cc(Br)c(OCCO)c(Br)c1)c1cc(Br)c(OCCO)c(Br)c1,18922.0,C19H20Br4O4,631.9757,1.0
CC(C)(c1ccc(OCC2CO2)cc1)c1ccc(OCC2CO2)cc1,4624.0,C21H24O4,340.4129,1.0
Cc1ccc(/N=C/N(C)/C=N/c2ccc(C)cc2C)c(C)c1,3871.0,C19H23N3,293.406,0.0
CC(CN1c2ccccc2Sc2ccccc21)N(C)C.Cl,1192.0,C17H21ClN2S,320.8800 (284.4191+36.4609),0.0
Cl.O=C(N[C@H](c1ccccc1)[C@@H]1CN2CCC1CC2)c1c(Cl)ccc(C(F)(F)F)c1Cl,27364.0,C22H22Cl3F3N2O,493.7771 (36.4609+457.3161),0.0
Clc1nc(C(Cl)(Cl)Cl)c(Cl)c(Cl)c1Cl,24781.0,C6Cl7N,334.2419,1.0
O=C(CCl)CCl,1577.0,C3H4Cl2O,126.9693,0.0
COc1ccc(S(=O)(=O)N2C(=O)[C@@](c3ccccc3OC)(N3C[C@H](O)C[C@H]3C(=O)N(C)C)c3cc(Cl)ccc32)c(OC)c1,27358.0,C30H32ClN3O8S,630.1084,0.0
COc1ccc(-c2coc3cc(O)cc(O)c3c2=O)cc1,2394.0,C16H12O5,284.2635,0.0
COc1ccc(-c2ccccc2)cc1NNC(=O)OC(C)C,12525.0,C17H20N2O3,300.3523,0.0
N=C1NC(=N)c2ccccc21,24658.0,C8H7N3,145.1613,0.0
Cc1ccc(-c2cc(C(F)(F)F)nn2-c2ccc(S(N)(=O)=O)cc2)cc1,2777.0,C17H14F3N3O2S,381.3722,0.0
CCN(CC)C(=S)[S-].O.O.O.[Na+],1275.0,C5H16NNaO3S2,225.3052 (148.2701+18.0153+18.0153+18.0153+22.9892),1.0
CC1=C2[C@H](/C=C(\C)C(=O)O)CC[C@@H](C)[C@H]2CC1,14089.0,C15H22O2,234.334,1.0
O=c1ssc(Cl)c1Cl,12518.0,C3Cl2OS2,187.0675,1.0
O=C1OC(c2ccc(O)cc2)(c2ccc(O)cc2)c2ccccc21,1125.0,C20H14O4,318.3228,0.0
C=CCc1cc(S(=O)(=O)c2ccc(O)c(CC=C)c2)ccc1O,27598.0,C18H18O4S,330.3981,0.0
CCOc1cccc(-n2cc(C(=O)N3CCN(c4cc(C(=O)[O-])c5ccccc5c4)CC3)nc2-c2ccc(C)cc2)c1.[Na+],27337.0,C34H31N4NaO4,582.6241 (559.6349+22.9892),0.0
Br.CCCCCCCCN1C=CN(C)C1,29288.0,C12H25BrN2,277.2443 (196.3324+80.9119),0.0
C[Si](Cn1cncn1)(c1ccc(F)cc1)c1ccc(F)cc1,4235.0,C16H15F2N3Si,315.3927,0.0
C=CC(=O)OCC1CC2CC1C1CCC(COC(=O)C=C)C21,24940.0,C18H24O4,304.3808,1.0
c1ccc(C(O[C@@H]2CCCN(CCc3ccc4c(c3)OCO4)C2)c2ccccc2)cc1,27257.0,C27H29NO3,415.5241,0.0
CC(=O)[C@H]1CC[C@H]2[C@@H]3CCC4=CC(=O)CC[C@]4(C)[C@H]3CC[C@]12C,2370.0,C21H30O2,314.4617,0.0
CC[C@H]1CC[C@H](NCc2cc3c(cc2OC)[C@H]2C[C@H]2C(=O)N3C)[C@H](c2ccccc2)N1,27283.0,C26H33N3O2,419.5591,0.0
CC1=C(/C=C/C(C)=C\C=C\C(C)=C\C(=O)O)C(C)(C)CCC1,20404.0,C20H28O2,300.4351,0.0
CCCCC/C=C/C=C/C=O,4911.0,C10H16O,152.2334,1.0
CNCc1cc(F)ccc1Oc1ccc(Cl)c(Cl)c1,27280.0,C14H12Cl2FNO,300.1556,0.0
COC(=O)[C@H]1[C@H]2C[C@@H]3c4[nH]c5cc(OC)ccc5c4CCN3C[C@H]2C[C@@H](OC(=O)c2cc(OC)c(OC)c(OC)c2)[C@@H]1OC,1237.0,C33H40N2O9,608.6787,0.0
O=C(CCCN1CCC(O)(c2ccc(Cl)cc2)CC1)c1ccc(F)cc1,14150.0,C21H23ClFNO2,375.8642,0.0
O=C(c1ccc(O)cc1)c1ccc(O)cc1O,24836.0,C13H10O4,230.2161,0.0
CCCCC/C=C\C/C=C\CCCCCCCC(=O)OC,843.0,C19H34O2,294.4721,1.0
C[C@H](CCC(=O)O)[C@H]1CC[C@H]2[C@@H]3[C@H](O)C[C@@H]4C[C@H](O)CC[C@]4(C)[C@H]3CC[C@]12C,260.0,C24H40O4,392.572,0.0
CO/C=C(/C(=O)OC)c1ccccc1Oc1cc(Oc2ccccc2C#N)ncn1,12520.0,C22H17N3O5,403.3875,0.0
CCOC(=O)[C@]1(c2ccccc2)Oc2ccccc2[C@@H]1N,27362.0,C17H17NO3,283.3218,0.0
Nc1ccc2c(O)cc(S(=O)(=O)O)cc2c1,6520.0,C10H9NO4S,239.2478,0.0
OC(c1ccc(Cl)cc1)(c1ccc(Cl)cc1)c1cccnc1,22256.0,C18H13Cl2NO,330.2079,0.0
CCC(C)(c1ccc(O)cc1)c1ccc(O)cc1,2442.0,C16H18O2,242.3129,0.0
Cc1ccc(S(=O)(=O)Oc2ccc(N=Nc3ccc(-c4ccc(N=Nc5c(O)ccc6cc(S(=O)(=O)[O-])cc(S(=O)(=O)[O-])c56)c(C)c4)cc3C)cc2)cc1.[Na+].[Na+],1224.0,C37H28N4Na2O10S3,830.8136 (784.8351+22.9892+22.9892),0.0
C[Si](Cn1cncn1)(c1ccc(F)cc1)c1ccc(F)cc1,4235.0,C16H15F2N3Si,315.3927,0.0
CC(=O)O[C@]1(C(C)=O)CC[C@H]2[C@@H]3C=C(C)C4=CC(=O)CC[C@]4(C)[C@H]3CC[C@@]21C,20683.0,C24H32O4,384.5085,0.0
CC(=O)O[C@]1(C(C)=O)CC[C@H]2[C@@H]3C=C(Cl)C4=CC(=O)CC[C@]4(C)[C@H]3CC[C@@]21C,274.0,C23H29ClO4,404.927,0.0
COc1ccc2c(c1)c(CC(=O)O)c(C)n2C(=O)c1ccc(Cl)cc1,740.0,C19H16ClNO4,357.7876,0.0
CC1(C)CCC(Cc2ccc(Cl)cc2)C1(O)Cn1cncn1,14497.0,C17H22ClN3O,319.8291,0.0
COP(=S)(Oc1cc(Cl)c(Br)cc1Cl)c1ccccc1,20279.0,C13H10BrCl2O2PS,412.0661,0.0
Clc1ccc(C(c2ccccc2Cl)C(Cl)Cl)cc1,372.0,C14H10Cl4,320.0412,0.0
CSC1=N[C@@](C)(c2ccccc2)C(=O)N1Nc1ccccc1,14590.0,C17H17N3OS,311.4014,0.0
CCN(CC)C(=O)c1cc(S(=O)(=O)Cc2ccccc2)c(N2CCC(c3ccccc3)CC2)cc1N(CC)CCN(C)C.O=C(O)C(F)(F)F,28496.0,C37H49F3N4O5S,718.8690 (604.8456+114.0233),0.0
NC(=O)N(O)[C@@H]1COc2cc(OCc3ccccc3)ccc21,27318.0,C16H16N2O4,300.3092,0.0
Nc1nc2nc[nH]c2c(=S)[nH]1,3652.0,C5H5N5S,167.1917,0.0
Oc1ccc(C2(c3ccc(O)cc3)CCCCC2)cc1,27939.0,C18H20O2,268.3502,1.0
CCCCC(=O)O[C@]1(C(=O)CO)[C@@H](C)C[C@H]2[C@@H]3CCC4=CC(=O)C=C[C@]4(C)[C@@]3(F)[C@@H](O)C[C@@]21C,2673.0,C27H37FO6,476.5775,0.0
O.O.O.O=C([O-])C1[O][Sb]2[O]C(=O)C([O]2)C(C(=O)[O-])[O][Sb]2[O]C(=O)C1[O]2.[K+].[K+],96.0,C8H10K2O15Sb2,667.8726 (39.0978+39.0978+535.6313+18.0153+18.0153+18.0153),1.0
CCCCc1nc2cccnc2n1Cc1ccc(-c2ccccc2-c2nnn[n-]2)cc1.[Na+],28152.0,C24H22N7Na,431.4681 (22.9892+408.4789),0.0
Cc1c(C2(c3cc(Br)c(O)c(Br)c3C)OS(=O)(=O)c3ccccc32)cc(Br)c(O)c1Br,24459.0,C21H14Br4O5S,698.0139,0.0
O=S1(=O)OC(c2cc(Br)c(O)c(Br)c2)(c2cc(Br)c(O)c(Br)c2)c2ccccc21,21682.0,C19H10Br4O5S,669.9607,0.0
O=P(OCC(Br)CBr)(OCC(Br)CBr)OCC(Br)CBr,1413.0,C9H15Br6O4P,697.6108,0.0
CC(C)=CCC1=C(O)C(=O)c2ccccc2C1=O,29390.0,C15H14O3,242.2699,0.0
CCc1nc(N)nc(N)c1-c1ccc(Cl)cc1,1217.0,C12H13ClN4,248.7114,0.0
COC(=O)C1=C(C)NC(C)=C(C(=O)O[C@@H]2CCCN(Cc3ccccc3)C2)[C@@H]1c1cccc([N+](=O)[O-])c1.Cl,28976.0,C28H32ClN3O6,542.0232 (505.5622+36.4609),0.0
N#CC(Cl)Cl,1562.0,C2HCl2N,109.942,0.0
ClC1=C(Cl)[C@]2(Cl)[C@@H]3[C@@H]4C[C@@H]([C@H]5O[C@@H]45)[C@@H]3[C@@]1(Cl)C2(Cl)Cl,453.0,C12H8Cl6O,380.9093,0.0
O=S(=O)(c1ccc(Cl)cc1)c1cc(Cl)c(Cl)cc1Cl,1316.0,C12H6Cl4O2S,356.0518,0.0
O=C(Nc1ccccc1)N(Cc1ccc(Cl)cc1)C1CCCC1,22261.0,C19H21ClN2O,328.8358,0.0
Cc1oc2c(NC(=O)c3c(Cl)cccc3Cl)cccc2c1C(C)(C)O,28148.0,C19H17Cl2NO3,378.2492,0.0
CCCCCCCCCCn1cc[n+](C)c1.O=S(=O)([O-])C(F)(F)F,27892.0,C15H27F3N2O3S,372.4467 (149.0697+223.3770),0.0
O=C(N[C@@H]1N=C(c2ccccc2F)c2cccc3c2N(CC3)C1=O)c1cc2ccccc2[nH]1,28712.0,C26H19FN4O2,438.4531,0.0
Nc1ccc2c(c1)Cc1ccccc1-2,29079.0,C13H11N,181.2331,0.0
Nc1ccccc1Nc1ccccc1,29271.0,C12H12N2,184.2371,1.0
NNC(=S)NN,7461.0,CH6N4S,106.1501,1.0
O=[Se](O)O,4300.0,H2O3Se,128.9741,0.0
O=C(O)c1cccc(N(Cc2cccnc2)c2ccc(OC(F)F)c(OC(F)F)c2)c1,28484.0,C21H16F4N2O4,436.3564,0.0
O=C(C=Cc1ccccc1)OCc1ccccc1,21663.0,C16H14O2,238.2812,0.0
OC(c1ccc(Cl)cc1)(c1cncnc1)c1ccccc1Cl,12390.0,C17H12Cl2N2O,331.196,0.0
Cc1cc2nc3c(=O)[nH]c(=O)nc-3n(C[C@H](O)[C@H](O)[C@H](O)CO)c2cc1C,1777.0,C17H20N4O6,376.3639,0.0
O=C1Nc2ccccc2C1(c1ccc(O)cc1)c1ccc(O)cc1,24528.0,C20H15NO3,317.338,0.0
Oc1ccc(/C=C/c2cc(O)cc(O)c2)cc1,11980.0,C14H12O3,228.2433,0.0
CCCCCCCCn1cc[n+](C)c1.[Cl-],27849.0,C12H23ClN2,230.7774 (195.3239+35.4535),0.0
C/C=C1\C(=O)C[C@H]2[C@@H]3CCC4=CC(=O)CC[C@]4(C)[C@H]3CC[C@]12C,13539.0,C21H28O2,312.4458,0.0
CC(=O)Oc1ccc(C(c2ccc(OC(C)=O)cc2)c2ccccn2)cc1,2681.0,C22H19NO4,361.3906,0.0
CC(=O)Oc1ccc(C2(c3ccc(OC(C)=O)cc3)Oc3ccccc3NC2=O)cc1,28765.0,C24H19NO6,417.4108,0.0
CC(=O)OCC(=O)[C@@]12N=C(C)O[C@@H]1C[C@H]1[C@@H]3CCC4=CC(=O)C=C[C@]4(C)[C@H]3[C@@H](O)C[C@@]12C,378.0,C25H31NO6,441.5167,0.0
CC(C)(C)C(=O)C1C(=O)c2ccccc2C1=O,5930.0,C14H14O3,230.2592,0.0
CC(C)(C)CC(C)(C)c1ccc(O)c(-n2nc3ccccc3n2)c1,7522.0,C20H25N3O,323.432,0.0
CN(C)CCCN1c2ccccc2CCc2ccccc21.Cl,20738.0,C19H25ClN2,316.8682 (280.4073+36.4609),0.0
CCOP(=S)(OCC)Oc1nc(Cl)c(Cl)cc1Cl,458.0,C9H11Cl3NO3PS,350.5863,0.0
CCCCCCCCn1cc[n+](C)c1.F[P-](F)(F)(F)(F)F,27928.0,C12H23F6N2P,340.2886 (195.3239+144.9647),0.0
CCCCCCn1cc[n+](C)c1.O=S(=O)([N-]S(=O)(=O)C(F)(F)F)C(F)(F)F,29146.0,C12H19F6N3O4S2,447.4174 (167.2707+280.1467),0.0
C(=NC1CCCCC1)=NC1CCCCC1,3817.0,C13H22N2,206.3272,0.0
NC(=O)Cn1c(=O)cc(CCN2CCN(c3nccc4sccc34)CC2)c2ccc(F)cc21,27355.0,C24H24FN5O2S,465.5431,0.0
O=C1CN(N=Cc2ccc([N+](=O)[O-])o2)C(=O)N1,972.0,C8H6N4O5,238.157,0.0
O=[Se]=O,1264.0,O2Se,110.9588,0.0
O=C(Nc1ccccc1)Nc1cnns1,12651.0,C9H8N4OS,220.251,0.0
CCC(=O)N(c1ccccc1)C1(COC)CCN(CCc2cccs2)CC1.O=C(O)CC(O)(CC(=O)O)C(=O)O,28854.0,C28H38N2O9S,578.6743 (386.5508+192.1235),0.0
CC(C)n1c(/C=C/[C@@H](O)C[C@@H](O)CC(=O)O)c(-c2ccc(F)cc2)c2ccccc21,636.0,C24H26FNO4,411.4659,0.0
O=C(O)C1(C(=O)Nc2ccc(Cl)cc2Cl)CC1,12600.0,C11H9Cl2NO3,274.1001,0.0
CCCCC/C=C\C/C=C\CCCCCCCC(=O)O,5505.0,C18H32O2,280.4455,1.0
Cc1ccc2c(c1N)C(=O)c1ccccc1C2=O,57.0,C15H11NO2,237.2533,0.0
CCOP(=O)(Sc1ccccc1)Sc1ccccc1,21910.0,C14H15O2PS2,310.3715,0.0
O=C(NS(=O)(=O)/C=C/c1cccs1)c1ccc(F)cc1Br,28492.0,C13H9BrFNO3S2,390.2479,0.0
Oc1ccc2c(c1)Cc1ccccc1-2,27569.0,C13H10O,182.2179,0.0
Oc1ccc(Nc2ccccc2)cc1,17739.0,C12H11NO,185.2218,0.0
CCCCCCn1cc[n+](C)c1.[Br-],27901.0,C10H19BrN2,247.1753 (167.2707+79.9045),0.0
CCCCCCCCCCCCOCCOS(=O)(=O)[O-].[Na+],9298.0,C14H29NaO5S,332.4318 (309.4426+22.9892),0.0
c1ccsc1,6145.0,C4H4S,84.1396,0.0
c1ccc2c(c1)ccc1ncccc12,4585.0,C13H9N,179.2173,0.0
CCCOCC(C)O,9217.0,C6H14O2,118.1742,0.0
CC1(O)CSC(C)(O)CS1,27683.0,C6H12O2S2,180.2883,0.0
CC1(C)C(C(=O)OC(C#N)c2cccc(Oc3ccccc3)c2)C1(C)C,4002.0,C22H23NO3,349.4229,0.0
CCCCOC(=O)CC(CC(=O)OCCCC)(OC(C)=O)C(=O)OCCCC,6446.0,C20H34O8,402.4792,0.0
C=C[C@H]1CN2CCC1C[C@H]2[C@H](O)c1ccnc2ccc(OC)cc12.Cl.O.O,27694.0,C20H29ClN2O4,396.9083 (324.4168+36.4609+18.0153+18.0153),0.0
CC1COc2ccccc2N1C(=O)C(Cl)Cl,9572.0,C11H11Cl2NO2,260.1165,0.0
COc1ccc(C(Cl)=C(c2ccc(OC)cc2)c2ccc(OC)cc2)cc1,1299.0,C23H21ClO3,380.864,0.0
CCCCCCCCn1cc[n+](C)c1.F[B-](F)(F)F,27919.0,C12H23BF4N2,282.1290 (86.8052+195.3239),0.0
Nc1c(Cl)c(Cl)nc(C(=O)O)c1Cl,1160.0,C6H3Cl3N2O2,241.4592,0.0
COc1cc(-c2ccc(N)c(OC)c2)ccc1N,5091.0,C14H16N2O2,244.289,0.0
Nc1nc2nc[nH]c2c(=S)[nH]1,3652.0,C5H5N5S,167.1917,0.0
Cc1cc(C)nc(NS(=O)(=O)c2ccc(N)cc2)n1,1290.0,C12H14N4O2S,278.3302,0.0
Nc1ccc2c(O)cc(S(=O)(=O)O)cc2c1,6520.0,C10H9NO4S,239.2478,0.0
CCC1CCC(CCC(=O)O)C1,7394.0,C10H18O2,170.2487,0.0
O=C(c1ccccc1)c1cc(Cl)ccc1O,27870.0,C13H9ClO2,232.6624,0.0
Oc1ccccc1-c1ccccc1,1151.0,C12H10O,170.2072,0.0
C#C[C@]1(O)CC[C@H]2[C@@H]3CCc4cc(O)ccc4[C@H]3CC[C@@]21C,576.0,C20H24O2,296.4034,1.0
CCCCC(CC)COP(=O)(O)O,7740.0,C8H19O4P,210.2078,0.0
CC(C)C1=CC2=CC[C@@H]3[C@](C)(CCC[C@@]3(C)C(=O)[O-])[C@H]2CC1.[Na+],22399.0,C20H29NaO2,324.4328 (301.4436+22.9892),0.0
O=C([O-])c1ccc2c(c1)nc(C(=O)NC1CCN(C3CC3)CC1)n2Cc1cc(-c2ccc(Cl)s2)on1.[Na+],27383.0,C25H23ClN5NaO4S,547.9890 (524.9998+22.9892),0.0
Brc1cccc(-c2ccccc2)c1,4639.0,C12H9Br,233.1039,0.0
CC(C)=C1CC[C@@H](C)CC1=O,5975.0,C10H16O,152.2334,0.0
CC(C)OC(=O)CCCCC(=O)OC(C)C,7641.0,C12H22O4,230.3007,0.0
CC12CC1(C)C(=O)N(c1cc(Cl)cc(Cl)c1)C2=O,13923.0,C13H11Cl2NO2,284.1379,0.0
COc1cc(/C=C/c2ccccc2)oc(=O)c1,13390.0,C14H12O3,228.2433,0.0
CCCCCCn1cc[n+](C)c1.F[P-](F)(F)(F)(F)F,27925.0,C10H19F6N2P,312.2354 (167.2707+144.9647),0.0
NC(=O)c1cccnc1,929.0,C6H6N2O,122.1246,0.0
Nc1ccc(C(=O)OCCCOC(=O)c2ccc(N)cc2)cc1,24960.0,C17H18N2O4,314.3358,0.0
COc1ccc(Cl)cc1C(=O)NCCc1ccc(S(=O)(=O)NC(=O)NC2CCCCC2)cc1,17237.0,C23H28ClN3O5S,494.0035,0.0
O=C(O)CCCCCCCCCCCBr,29313.0,C12H23BrO2,279.2138,0.0
COC1=CC(=O)O[C@@H](/C=C/c2ccc3c(c2)OCO3)C1,13674.0,C15H14O5,274.2687,0.0
O=Cc1cccc(Oc2ccccc2)c1,8005.0,C13H10O2,198.2173,0.0
O=C(c1ccccc1)c1ccc(O)c(O)c1O,17728.0,C13H10O4,230.2161,0.0
CCCCCC[n+]1ccccc1.[I-],29312.0,C11H18IN,291.1718 (164.2668+126.9050),0.0
CCCCCCCCCCCCCOS(=O)(=O)[O-].[Na+],9776.0,C13H27NaO4S,302.4058 (279.4166+22.9892),0.0
CCN(CC)c1ccc(C(=C2C=CC(=[N+](CC)CC)C=C2)c2ccc(S(=O)(=O)[O-])cc2S(=O)(=O)[O-])cc1.[Na+],6065.0,C27H31N2NaO6S2,566.6646 (543.6754+22.9892),0.0
CCCCCCCCCCCCOS(=O)(=O)[O-].[NH4+],7462.0,C12H29NO4S,283.4280 (265.3900+18.0379),0.0
Brc1c2ccccc2c(Br)c2ccccc12,29268.0,C14H8Br2,336.0213,1.0
c1ccc2cc(Nc3ccc(Nc4ccc5ccccc5c4)cc3)ccc2c1,918.0,C26H20N2,360.4504,0.0
C1CCCNCC1,6879.0,C6H13N,99.1741,0.0
C1COC1,5969.0,C3H6O,58.0791,0.0
CC(=O)O[C@]1(C(C)=O)CC[C@H]2[C@@H]3C=C(Cl)C4=CC(=O)[C@@H]5C[C@@H]5[C@]4(C)[C@H]3CC[C@@]21C,366.0,C24H29ClO4,416.9377,0.0
Cc1cc(C)c(C2=C(OC(=O)CC(C)(C)C)C3(CCCC3)OC2=O)c(C)c1,14929.0,C23H30O4,370.4819,0.0
CC(C)(c1ccc(O)cc1)c1ccc(O)cc1,182.0,C15H16O2,228.2863,0.0
CCCCC/C=C/C=C/C=O,4911.0,C10H16O,152.2334,0.0
CCCC1COC(Cn2cncn2)(c2ccc(Cl)cc2Cl)O1,4280.0,C15H17Cl2N3O2,342.2204,0.0
CCOc1cc(Oc2ccc(C(F)(F)F)cc2Cl)ccc1[N+](=O)[O-],4241.0,C15H11ClF3NO4,361.7003,0.0
CN(C)c1ccc(Cc2ccc(N(C)C)cc2)cc1,869.0,C17H22N2,254.37,0.0
IC(I)I,743.0,CHI3,393.7321,0.0
Nc1nc(N)c(N)c(N)n1.O=S(=O)(O)O,17023.0,C4H10N6O4S,238.2250 (140.1465+98.0785),0.0
NCCNCCN,5050.0,C4H13N3,103.1661,0.0
CCn1c2ccccc2c2cc([N+](=O)[O-])ccc21,24995.0,C14H12N2O2,240.2573,1.0
CC(=O)CCC(=O)O,1648.0,C5H8O3,116.1152,0.0
CC(C)C(C)C,5112.0,C6H14,86.1754,0.0
C=CCCCC,5402.0,C6H12,84.1595,0.0
COCC(C)OC(C)=O,6796.0,C6H12O3,132.1577,0.0
CCC12COCN1COC2,9289.0,C7H13NO2,143.1836,0.0
N#CSCSc1nc2ccccc2s1,12647.0,C9H6N2S3,238.3523,1.0
O=S(=O)(O)O.Oc1cccc2cccnc12.Oc1cccc2cccnc12,5436.0,C18H16N2O6S,388.3944 (98.0785+145.1580+145.1580),1.0
[Na+].[O-][n+]1ccccc1[S-],22390.0,C5H4NNaOS,149.1461 (126.1569+22.9892),1.0
C=CC(=O)OCCCCCCOC(=O)C=C,5401.0,C12H18O4,226.2689,1.0
COc1ccc(OC(F)(F)F)cc1CN[C@H]1CCCN[C@H]1c1ccccc1,27251.0,C20H23F3N2O2,380.404,0.0
O=C(Nc1ccc(Br)cc1)c1cc(Br)cc(Br)c1O,6181.0,C13H8Br3NO2,449.9201,1.0
CN1CSC(=S)N(C)C1,4902.0,C5H10N2S2,162.2763,1.0
C[CH2][Sn]([Br])([CH2]C)[CH2]C,20712.0,C6H15BrSn,285.7973,1.0
CSc1ccc(Oc2ccc(S(N)(=O)=O)cc2CN(C)C)cc1C,27290.0,C17H22N2O3S2,366.4982,0.0
Cc1nn(C)c(Oc2ccccc2)c1/C=N/OCc1ccc(C(=O)OC(C)(C)C)cc1,12550.0,C24H27N3O4,421.4889,0.0
CCN(CC)CCNc1ccc(CNC=O)c2sc3ccc(OC)cc3c(=O)c12,27347.0,C22H27N3O3S,413.5331,0.0
O=C1NC2CCCCN2C12CCN(CCCN1c3ccccc3CCc3ccc(Cl)cc31)CC2,28772.0,C28H35ClN4O,479.0567,0.0
CNS(=O)(=O)c1cc(C(=O)N2CCC(CCN3C4CCC3CC(n3c(C)nc5ccccc53)C4)(c3cccc(F)c3)CC2)c(Cl)cc1F,27311.0,C36H40ClF2N5O3S,696.2493,0.0
c1cc(N(CC2CO2)CC2CO2)ccc1OCC1CO1,7585.0,C15H19NO4,277.3157,1.0
C=C[C@@]1(C)CC(=O)[C@]2(O)[C@@]3(C)[C@@H](O)CCC(C)(C)[C@@H]3[C@H](O)[C@H](OC(C)=O)[C@@]2(C)O1,20484.0,C22H34O7,410.5012,0.0
Cc1c2ccccc2c(C)c2c1ccc1ccccc12,510.0,C20H16,256.341,1.0
CC(C(O)c1ccccc1)N(C)CCOC(c1ccccc1)c1ccccc1,28775.0,C25H29NO2,375.5033,0.0
Oc1ccc2cc(SSc3ccc4cc(O)ccc4c3)ccc2c1,5429.0,C20H14O2S2,350.454,1.0
Cc1oncc1C(=O)Nc1ccc(C(F)(F)F)cc1,3201.0,C12H9F3N2O2,270.2073,1.0
Cc1cc2c(cc1C(F)(F)F)N(C(=O)Nc1ccc(Oc3cccnc3C)nc1)CC2.Cl,27322.0,C22H20ClF3N4O2,464.8680 (428.4071+36.4609),0.0
NS(=O)(=O)C(F)(F)C(F)(F)C(F)(F)C(F)(F)C(F)(F)C(F)(F)C(F)(F)C(F)(F)F,18939.0,C8H2F17NO2S,499.1448,1.0
C=CC(=O)Nc1cc2c(Nc3ccc(F)c(Cl)c3)ncnc2cc1OCCCN1CCOCC1,28869.0,C24H25ClFN5O3,485.9384,1.0
NCCCNCCCN,5440.0,C6H17N3,131.2193,0.0
C[C@]12C/C(=C/O)C(=O)C[C@@H]1CC[C@@H]1[C@@H]2CC[C@@]2(C)[C@H]1CC[C@]2(C)O,3794.0,C21H32O3,332.477,1.0
O=c1n(CC2CO2)c(=O)n(CC2CO2)c(=O)n1CC1CO1,6262.0,C12H15N3O6,297.264,1.0
CC(C)(C)C(O)/C(=C\c1ccc(Cl)cc1Cl)n1cncn1,20363.0,C15H17Cl2N3O,326.221,0.0
c1ccc2c(c1)cc1ccc3cccc4ccc2c1c34,139.0,C20H12,252.3093,1.0
CC(C)(c1ccccc1)c1ccc(O)cc1,2536.0,C15H16O,212.2869,0.0
COc1ccc(CCN(C)CCCC(C#N)(c2ccc(OC)c(OC)c2)C(C)C)cc1OC.Cl,14095.0,C27H39ClN2O4,491.0626 (454.6016+36.4609),0.0
Cl.Nc1c2c(nc3ccccc13)CCCC2,6112.0,C13H15ClN2,234.7246 (198.2637+36.4609),0.0
O=C(Nc1ccc(Cl)cc1)Nc1ccc(Cl)c(Cl)c1,6214.0,C13H9Cl3N2O,315.5824,0.0
CCc1c(C(=O)NN2CCCCC2)nn(-c2ccc(Cl)cc2Cl)c1-c1ccc(Br)cc1,27357.0,C23H23BrCl2N4O,522.2649,0.0
COC(=O)C1=C(C)NC(COC(N)=O)=C(C(=O)OC(C)C)C1c1cccc(Cl)c1Cl,28738.0,C20H22Cl2N2O6,457.3045,1.0
Cc1c(C)c2c(c(C)c1OC(=O)CCC(=O)OCCO)CC[C@@](C)(CCC[C@H](C)CCC[C@H](C)CCCC(C)C)O2,28549.0,C35H58O6,574.8314,0.0
O=C1CCCc2c1cc1ccc3cccc4ccc2c1c34,29127.0,C20H14O,270.3246,1.0
CCOC(=O)C(O)(c1ccc(Cl)cc1)c1ccc(Cl)cc1,299.0,C16H14Cl2O3,325.1866,0.0
C[C@H]1CCC[C@H](O)CCCCCc2cc(O)cc(O)c2C(=O)O1,2315.0,C18H26O5,322.396,1.0
CCOC(=O)/C=C(C)/C=C/C[C@@H](C)CCCC(C)C,15784.0,C17H30O2,266.4189,1.0
C=C1CC[C@H](O)C/C1=C/C=C1\CCC[C@]2(C)[C@@H]([C@H](C)/C=C/[C@H](C)C(C)C)CC[C@@H]12,233.0,C28H44O,396.6484,1.0
c1ccc(Nc2ccc3ccccc3c2)cc1,1131.0,C16H13N,219.2811,0.0
c1ccc(Nc2cccc3ccccc23)cc1,5892.0,C16H13N,219.2811,0.0
COC(C)(C)CCC[C@H](C)C/C=C/C(C)=C/C(=O)OC(C)C,15783.0,C19H34O3,310.4715,1.0
CC(C)CC(C)(O)C#CC(C)(O)CC(C)C,7041.0,C14H26O2,226.355,0.0
Cc1cc(C(C)(C)c2ccc(O)c(C)c2)ccc1O,27866.0,C17H20O2,256.3395,0.0
CCC(=O)N(c1ccccc1)[C@@H]1CCN(CCc2ccccc2)C[C@@H]1C.Cl,28856.0,C23H31ClN2O,386.9580 (36.4609+350.4971),0.0
Cc1nc(-c2ccc3c(c2)CCN(CCC2CCC(NC(=O)/C=C/c4ccc(F)cc4)CC2)CC3)no1.Cl,27325.0,C30H36ClFN4O2,539.0838 (502.6229+36.4609),1.0
O=C(c1ccc(O)cc1)c1ccc(Cl)cc1,27937.0,C13H9ClO2,232.6624,0.0
C[C@]12CCC(=O)C=C1CC[C@@H]1[C@@H]2CC[C@]2(C)C(=O)CC[C@@H]12,4523.0,C19H26O2,286.4085,0.0
C#CC1(O)CC[C@H]2[C@@H]3CCC4=CC(=O)CC[C@@H]4[C@H]3CC[C@@]21CC,27477.0,C21H28O2,312.4458,0.0
COc1cc([C@H]2Oc3cc([C@H]4Oc5cc(O)cc(O)c5C(=O)[C@@H]4O)ccc3O[C@@H]2CO)ccc1O,6018.0,C25H22O10,482.4362,0.0
N=C(N)c1ccc(OCCCCCOc2ccc(C(=N)N)cc2)cc1.O=S(=O)(O)CCO.O=S(=O)(O)CCO,3796.0,C23H36N4O10S2,592.6827 (340.4195+126.1316+126.1316),0.0
S=c1[nH]cnc2[nH]cnc12,810.0,C5H4N4S,152.1771,0.0
CC(C)OC(=S)[S-].[Na+],7084.0,C4H7NaOS2,158.2175 (135.2283+22.9892),1.0
Cc1ccc2c(c1[N+](=O)[O-])C(=O)c1ccccc1C2=O,847.0,C15H9NO4,267.2363,0.0
[CH3][Sn]([CH3])([Cl])[Cl],7304.0,C2H6Cl2Sn,219.685,1.0
c1ccc2c(c1)-c1cccc3c1c-2cc1ccccc13,3907.0,C20H12,252.3093,1.0
c1cnc2c(c1)ccc1cccnc12,5857.0,C12H8N2,180.2053,1.0
CC(C)CCCCCCCOP(=O)(Oc1ccccc1)Oc1ccccc1,5465.0,C22H31O4P,390.4529,0.0
Cc1ccc2c(ccc3ccccc32)c1,5649.0,C15H12,192.2558,0.0
CC1(C)C(C(=O)OC(C#N)c2cccc(Oc3ccccc3)c2)C1(C)C,4002.0,C22H23NO3,349.4229,0.0
C[C@H]1[C@H](c2ccc(Cl)cc2)SC(=O)N1C(=O)NC1CCCCC1,4299.0,C17H21ClN2O2S,352.8788,0.0
Oc1ccc(-c2ccccc2)c(Cl)c1,2353.0,C12H9ClO,204.6523,0.0
COc1cc([C@@H]2c3cc4c(cc3C(O[C@@H]3O[C@@H]5CO[C@@H](C)O[C@H]5[C@H](O)[C@H]3O)C3COC(=O)[C@@H]32)OCO4)cc(OC)c1O,3035.0,C29H32O13,588.5566,1.0
CC[C@H](C)COC(=O)/C=C/c1ccc(/N=C/c2ccc(OC)cc2)cc1,5581.0,C22H25NO3,351.4388,0.0
O=C(CCCN1CCN(c2ccc(F)cc2)CC1)NC1c2ccccc2CSc2ccccc21,28737.0,C28H30FN3OS,475.6207,0.0
O=C(N[C@@H](Cc1ccccc1)[C@@H](O)C(=O)N1C[C@@H](O)[C@@H](O)C1)c1cc2cc(Cl)ccc2[nH]1,27252.0,C23H24ClN3O5,457.9068,0.0
CCc1nn(C2CCCCC2)c2cc([C@]3(C#N)CC[C@@H](C(=O)O)CC3)ccc12,27253.0,C23H29N3O2,379.4953,0.0
C[C@]12CC[C@H](O)CC1=CC[C@@H]1[C@@H]2CC[C@]2(C)C(=O)CC[C@@H]12,379.0,C19H28O2,288.4244,0.0
CC(C)OC(=O)C(O)(c1ccc(Cl)cc1)c1ccc(Cl)cc1,21778.0,C17H16Cl2O3,339.2131,0.0
O=c1c(-c2ccc(O)cc2)coc2cc(O)cc(O)c12,2308.0,C15H10O5,270.2369,0.0
O=c1c(-c2ccc(O)cc2)coc2cc(O)ccc12,2310.0,C15H10O4,254.2375,0.0
CCCc1c(OCCCOc2ccc(OCC(=O)O)cc2)ccc(C(C)=O)c1O,20745.0,C22H26O7,402.4376,0.0
OCCNCCO,1932.0,C4H11NO2,105.1356,0.0
CCCCN(CCCC)C(=S)SSC(=S)N(CCCC)CCCC,29082.0,C18H36N2S4,408.7518,1.0
CCCC[N+]1(C)CCCC1.[Cl-],11460.0,C9H20ClN,177.7148 (142.2613+35.4535),0.0
CC1=C(Br)C(=O)C(Br)=C/C1=C(\c1ccccc1S(=O)(=O)[O-])c1cc(Br)c(O)c(Br)c1C.[Na+],24704.0,C21H13Br4NaO5S,719.9957 (22.9892+697.0065),0.0
O=[N+]([O-])c1cccc2cccc([N+](=O)[O-])c12,5166.0,C10H6N2O4,218.1656,0.0
O=[N+]([O-])c1cc[n+]([O-])cc1,21524.0,C5H4N2O3,140.0969,0.0
CC[C@H](C)C(=O)O[C@H]1C[C@@H](C)C=C2C=C[C@H](C)[C@H](CC[C@@H]3C[C@@H](O)CC(=O)O3)[C@H]21,784.0,C24H36O5,404.5396,0.0
CC(=O)OCC(C)C,6837.0,C6H12O2,116.1583,0.0
CC(C)(N)CO,7032.0,C4H11NO,89.1362,0.0
CCc1nc(N)nc(N)c1-c1ccc(Cl)cc1,1217.0,C12H13ClN4,248.7114,0.0
CCCCCOc1ccc(C2SC(=O)NC2=O)cc1OCC,28722.0,C16H21NO4S,323.4072,0.0
Cl.Cl.NCCNc1cccc2ccccc12,917.0,C12H16Cl2N2,259.1748 (186.2530+36.4609+36.4609),0.0
ClC1C(Cl)C(Cl)C(Cl)C(Cl)C1Cl,687.0,C6H6Cl6,290.8298,0.0
COS(=O)(=O)[O-].Cn1c(-c2ccccc2)cc(-c2ccccc2)[n+]1C,4048.0,C18H20N2O4S,360.4274 (249.3297+111.0977),0.0
COc1ccc(Nc2ccc(OC)cc2)cc1,5093.0,C14H15NO2,229.2744,0.0
N#Cc1c[nH]cc1-c1cccc2c1OC(F)(F)O2,12398.0,C12H6F2N2O2,248.185,0.0
C(=NC1CCCCC1)=NC1CCCCC1,3817.0,C13H22N2,206.3272,0.0
NC(=O)c1ncn([C@@H]2O[C@H](CO)[C@@H](O)[C@H]2O)n1,3557.0,C8H12N4O5,244.2047,0.0
O=C(c1ccccc1)c1ccc(O)cc1O,2406.0,C13H10O3,214.2167,0.0
CS(=O)(=O)c1ccc([C@@H](CC2CCCC2)C(=O)Nc2cnccn2)cc1Cl,28480.0,C19H22ClN3O3S,407.9143,0.0
CC/C=C\C/C=C\C/C=C\CCCCCCCC(=O)O,5506.0,C18H30O2,278.4296,1.0
C[C@]12CC[C@H](O)CC1=CC[C@@H]1[C@@H]2CC[C@]2(C)C(=O)CC[C@@H]12,379.0,C19H28O2,288.4244,0.0
O=C1CC2(CCCC2)CC(=O)N1CCCCN1CCN(c2ncccn2)CC1,2707.0,C21H31N5O2,385.5031,0.0
CCC(C)(c1ccc(O)cc1)c1ccc(O)cc1,2442.0,C16H18O2,242.3129,0.0
Oc1ccc(-c2ccccc2)cc1,1152.0,C12H10O,170.2072,0.0
O=c1cc(-c2ccc(O)cc2)oc2cc(O)cc(O)c12,2391.0,C15H10O5,270.2369,0.0
O=c1c(-c2ccc(O)cc2)coc2cc(O)cc(O)c12,2308.0,C15H10O5,270.2369,0.0
Oc1ccc(/C=C/c2cc(O)cc(O)c2)cc1,11980.0,C14H12O3,228.2433,0.0
O=C1c2cccc(O)c2C(=O)c2c(O)cc(CO)cc21,10695.0,C15H10O5,270.2369,0.0
[Cu][I],21803.0,CuI,190.4505,1.0
Nc1cc(S(=O)(=O)[O-])cc2cc(S(=O)(=O)O)cc(O)c12.O.[Na+],26980.0,C10H10NNaO8S2,359.3081 (318.3036+22.9892+18.0153),0.0
BrCC(Br)(Br)Br,6082.0,C2H2Br4,345.6533,1.0
CO[C@@H]1[C@H](OC(=O)NC(=O)CCl)CC[C@]2(CO2)[C@H]1[C@@]1(C)O[C@@H]1CC=C(C)C,21141.0,C19H28ClNO6,401.8817,1.0
C[Si](C)(C)O[Si](C)(C)C,6769.0,C6H18OSi2,162.3775,0.0
C/C(Cl)=C/CCl,7338.0,C4H6Cl2,124.9964,0.0
C=C1C[C@H]2[C@@H]3C=C(C)C4=CC(=O)CC[C@]4(C)[C@H]3CC[C@]2(C)[C@@]1(OC(C)=O)C(C)=O,28158.0,C25H32O4,396.5192,0.0
CC(C)(C)c1ccc(OP(=O)(Oc2ccccc2)Oc2ccccc2)cc1,4701.0,C22H23O4P,382.3894,0.0
C=C(C)C1CC=C(C)CC1,9612.0,C10H16,136.234,0.0
Cc1cccc(Nc2cc(Cl)nc(SCC(=O)O)n2)c1C,290.0,C14H14ClN3O2S,323.7979,0.0
COc1cc(-c2ccc(N)c(OC)c2)ccc1N.Cl.Cl,485.0,C14H18Cl2N2O2,317.2109 (244.2890+36.4609+36.4609),0.0
O=S(=O)(c1ccc(Cl)cc1)c1cc(Cl)c(Cl)cc1Cl,1316.0,C12H6Cl4O2S,356.0518,0.0
CN(C)c1ccc(C(=O)c2ccc(N(C)C)cc2)cc1,894.0,C17H20N2O,268.3535,0.0
C[C@](O)(CS(=O)(=O)c1ccc(F)cc1)C(=O)Nc1ccc(C#N)c(C(F)(F)F)c1,2678.0,C18H14F4N2O4S,430.3734,0.0
Nc1ccc(-c2ccc(F)cc2)cc1,631.0,C12H10FN,187.2129,0.0
O.O.O=c1c(O)c(-c2ccc(O)cc2O)oc2cc(O)cc(O)c12,20776.0,C15H14O9,338.2663 (302.2357+18.0153+18.0153),0.0
O=C(/C=C/C=C/c1ccc2c(c1)OCO2)N1CCCCC1,1805.0,C17H19NO3,285.3377,0.0
O=C(c1ccccc1)c1cccc(O)c1,27856.0,C13H10O2,198.2173,0.0
O=C(c1ccc(O)cc1O)c1ccc(O)cc1O,21306.0,C13H10O5,246.2155,1.0
C=CC(=O)OCCC(=O)O,7834.0,C6H8O4,144.1253,0.0
COC(=O)C(C)Oc1ccc(Oc2ncc(C(F)(F)F)cc2Cl)cc1,4123.0,C16H13ClF3NO4,375.7269,0.0
CCOC(=O)C(C#N)=C(c1ccccc1)c1ccccc1,24821.0,C18H15NO2,277.3172,0.0
O=C1c2ccccc2Cc2ccccc21,29391.0,C14H10O,194.2286,0.0
O=P(Oc1ccccc1)(Oc1ccccc1)Oc1ccccc1,1952.0,C18H15O4P,326.2831,0.0
CC(C)(C)C(O)(CCc1ccc(Cl)cc1)Cn1cncn1,12113.0,C16H22ClN3O,307.8184,0.0
O=C1c2cccc(O)c2C(=O)c2c(O)cccc21,328.0,C14H8O4,240.2109,0.0
CCC[C@@H]1O[C@@H]2C[C@H]3[C@@H]4CCC5=CC(=O)C=C[C@]5(C)[C@H]4[C@@H](O)C[C@]3(C)[C@]2(C(=O)CO)O1,202.0,C25H34O6,430.5339,0.0
OCc1c2ccccc2cc2ccccc12,29077.0,C15H12O,208.2552,0.0
CCCCCCCCCCCCOS(=O)(=O)[O-].[Na+],6031.0,C12H25NaO4S,288.3793 (265.3900+22.9892),0.0
O=C([O-])Cc1ccccc1Nc1c(Cl)cccc1Cl.[Na+],17208.0,C14H10Cl2NNaO2,318.1305 (295.1412+22.9892),0.0
c1ccc2sc(SNC3CCCCC3)nc2c1,360.0,C13H16N2S2,264.4095,1.0
c1ccc2c(c1)ccc1ncccc12,4585.0,C13H9N,179.2173,0.0
CC(=O)c1ccc2c(c1)Cc1ccccc1-2,29316.0,C15H12O,208.2552,0.0
CC(C)(C)CC(C)(C)c1ccc(O)c(-n2nc3ccccc3n2)c1,7522.0,C20H25N3O,323.432,0.0
CC(COc1ccc(Oc2ccccc2)cc1)Oc1ccccn1,12640.0,C20H19NO3,321.3698,0.0
Cc1ccc(O)c(-n2nc3ccccc3n2)c1,7479.0,C13H11N3O,225.2459,0.0
Cc1cc(Cc2ccc(N)c(C)c2)ccc1N,867.0,C15H18N2,226.3168,0.0
CCCCCCCCCCCCS,5220.0,C12H26S,202.3998,0.0
CCCCN(CCCC)SN(C)C(=O)Oc1cccc2c1OC(C)(C)C2,3950.0,C20H32N2O3S,380.5447,0.0
CCN(CC)C(=O)C(C)Oc1cccc2ccccc12,4211.0,C17H21NO2,271.3541,0.0
CCCCc1c(C)nc(NCC)nc1OS(=O)(=O)N(C)C,21688.0,C13H24N4O3S,316.4197,0.0
COc1cccc2c1C(=O)c1c(O)c3c(c(O)c1C2=O)C[C@@](O)(C(=O)CO)C[C@@H]3O[C@H]1C[C@H](N)[C@H](O)[C@H](C)O1.Cl,10636.0,C27H30ClNO11,579.9802 (543.5193+36.4609),0.0
[Cl][Sb]([Cl])[Cl],24161.0,Cl3Sb,228.119,1.0
ClC/C=C/CCl,434.0,C4H6Cl2,124.9964,0.0
ClC(Cl)=C(c1ccc(Cl)cc1)c1ccc(Cl)cc1,374.0,C14H8Cl4,318.0253,0.0
CN1C(=S)CN=C(c2ccccc2)c2cc(Cl)ccc21,26267.0,C16H13ClN2S,300.8058,0.0
CCc1cc2c(s1)-n1c(C)nnc1CN=C2c1ccccc1Cl,3030.0,C17H15ClN4S,342.8458,0.0
CCN(CCC#N)c1ccc(N=Nc2c(Cl)cc([N+](=O)[O-])cc2Cl)cc1,24538.0,C17H15Cl2N5O2,392.2393,0.0
CCOC1Oc2ccc(OS(C)(=O)=O)cc2C1(C)C,14580.0,C13H18O5S,286.344,0.0
O=C(O)C(F)(F)C(F)(F)C(F)(F)C(F)(F)C(F)(F)C(F)(F)C(F)(F)C(F)(F)C(F)(F)C(F)(F)F,27553.0,C11HF21O2,564.0909,0.0
O=S(=O)(O)C(F)(F)C(F)(F)C(F)(F)C(F)(F)C(F)(F)C(F)(F)C(F)(F)C(F)(F)F,11864.0,C8HF17O3S,500.1296,0.0
Fc1ccc(C2(Cn3cncn3)OC2c2ccccc2Cl)cc1,20372.0,C17H13ClFN3O,329.756,0.0
Nc1ccc(/N=N/c2ccc(N)cc2)cc1,399.0,C12H12N4,212.2505,0.0
Cc1cc(C(F)(C(F)(F)F)C(F)(F)F)ccc1NC(=O)c1cccc(I)c1C(=O)NC(C)(C)CS(C)(=O)=O,27672.0,C23H22F7IN2O4S,682.3901,1.0
O=C(O)c1nn(Cc2ccc(Cl)cc2Cl)c2ccccc12,782.0,C15H10Cl2N2O2,321.1581,0.0
CCOC(=O)NCCOc1ccc(Oc2ccccc2)cc1,12393.0,C17H19NO4,301.3371,0.0
CN1CCCC1=O,856.0,C5H9NO,99.1311,0.0
O=c1cc(-c2ccccc2)oc2ccccc12,2048.0,C15H10O2,222.2387,0.0
Nc1cnn([C@@H]2O[C@H](CO)[C@@H](O)[C@H]2O)c(=O)n1,117.0,C8H12N4O5,244.2047,0.0
C[C@]12CCC(=O)C=C1CC[C@@H]1[C@@H]2CC[C@@]2(C)[C@H]1CC[C@]2(C)O,13664.0,C20H30O2,302.451,0.0
O=C(O)C1C2CCC(O2)C1C(=O)O,4081.0,C8H10O5,186.162,0.0
O=C1OC(c2ccc(O)cc2)(c2ccc(O)cc2)c2ccccc21,1125.0,C20H14O4,318.3228,0.0
Oc1ccc2c(c1)OCO2,1267.0,C7H6O3,138.1207,0.0
O=[N+]([O-])C(Br)Br,1637.0,CHBr2NO2,218.8321,0.0
COC(=O)C(Br)CBr,22145.0,C4H6Br2O2,245.8972,0.0
c1ccc2cc3ccccc3cc2c1,3878.0,C14H10,178.2292,0.0
Cc1cnc(NC(=O)C2=C(O)c3ccccc3S(=O)(=O)N2C)s1,803.0,C14H13N3O4S2,351.4007,0.0
CCCC[N+]1(C)CCCC1.N#CN=C=[N-],27915.0,C11H20N4,208.3033 (142.2613+66.0420),0.0
CCCCCCC/C=C/C=O,27035.0,C10H18O,154.2493,0.0
CCO[Si](CCCSSSSCCC[Si](OCC)(OCC)OCC)(OCC)OCC,9362.0,C18H42O6S4Si2,538.9535,0.0
Cl.Cn1c(=O)cc(Oc2ccc(F)cc2F)c2cnc(NCC(C)(C)O)nc21,28481.0,C18H19ClF2N4O3,412.8183 (36.4609+376.3573),0.0
CC(C)NCC(O)COc1cccc2ccccc12.Cl,1198.0,C16H22ClNO2,295.8044 (259.3434+36.4609),0.0
ClC1C(Cl)C(Cl)C(Cl)C(Cl)C1Cl,687.0,C6H6Cl6,290.8298,0.0
COP(=S)(OC)Oc1nc(Cl)c(Cl)cc1Cl,12352.0,C7H7Cl3NO3PS,322.5331,0.0
CO[C@H]1/C=C/O[C@@]2(C)Oc3c(C)c(O)c4c(O)c(c(/C=N/N5CCN(C)CC5)c(O)c4c3C2=O)NC(=O)/C(C)=C\C=C\[C@H](C)[C@H](O)[C@@H](C)[C@@H](O)[C@@H](C)[C@H](OC(C)=O)[C@@H]1C,1244.0,C43H58N4O12,822.9402,0.0
CNC(=O)Oc1cccc2ccccc12,247.0,C12H11NO2,201.2212,0.0
COc1c2ccoc2cc2oc(=O)ccc12,5560.0,C12H8O4,216.1895,0.0
COc1ccc(C(Cl)=C(c2ccc(OC)cc2)c2ccc(OC)cc2)cc1,1299.0,C23H21ClO3,380.864,0.0
O=C(Nc1ccc2c(c1)Cc1ccccc1-2)C(F)(F)F,629.0,C15H10F3NO,277.2412,0.0
CCCCCCCCOCCCN,24844.0,C11H25NO,187.3223,0.0
CS(=O)(=O)O.Cc1nccn1-c1ccc(Sc2cccc(C3(C(N)=O)CCOCC3)c2)cc1,27272.0,C23H27N3O5S2,489.6076 (393.5019+96.1057),0.0
O=C(Nc1cccc2c(=O)cc(-c3nnn[nH]3)oc12)c1ccc(OCCCCc2ccccc2)cc1,23782.0,C27H23N5O4,481.5026,0.0
O=C(O)/C=C/C(=O)O.OCCOCCN1CCN(C2=Nc3ccccc3Sc3ccccc32)CC1.OCCOCCN1CCN(C2=Nc3ccccc3Sc3ccccc32)CC1,24201.0,C46H54N6O8S2,883.0864 (383.5071+116.0722+383.5071),0.0
O=C(Oc1ccccc1)c1ccc2ccccc2c1O,18876.0,C17H12O3,264.2754,0.0
OC(c1ccc(Cl)cc1)(c1cncnc1)c1ccccc1Cl,12390.0,C17H12Cl2N2O,331.196,0.0
CCCCCCn1cc[n+](C)c1.[Cl-],27924.0,C10H19ClN2,202.7243 (167.2707+35.4535),0.0
[Cl-].c1ccc(C[n+]2cccc3ccccc32)cc1,24593.0,C16H14ClN,255.7421 (220.2885+35.4535),0.0
O=S(=O)([O-])C(F)(F)C(F)(F)C(F)(F)C(F)(F)C(F)(F)C(F)(F)C(F)(F)C(F)(F)F.[Li+],12421.0,C8F17LiO3S,506.0627 (499.1222+6.9405),0.0
CCCCCC[N+](=O)[O-],5758.0,C6H13NO2,131.1729,0.0
OCC(Br)=C(Br)CO,4942.0,C4H6Br2O2,245.8972,0.0
BrCc1cccc(Oc2ccccc2)c1,8022.0,C13H11BrO,263.1298,0.0
C1CCCC1,4886.0,C5H10,70.1329,0.0
CC(C)[C@@H]1CC[C@@H](C)C[C@H]1O,2180.0,C10H20O,156.2652,0.0
Cc1cc(SC2=C(O)C[C@@](CCc3ccc(N)cc3)(C(C)C)OC2=O)c(C(C)(C)C)cc1CO,27262.0,C28H37NO4S,483.6627,0.0
CC(C)CCCCCCCOC(=O)CCCCC(=O)OCCCCCCCC(C)C,7924.0,C26H50O4,426.6728,0.0
Cc1cn([C@H]2C=C[C@@H](CO)O2)c(=O)[nH]c1=O,3819.0,C10H12N2O4,224.2133,0.0
CCCCCCCCO,1940.0,C8H18O,130.2279,0.0
CCN(CC)C(=O)C(C)Oc1cccc2ccccc12,4211.0,C17H21NO2,271.3541,0.0
CCOP(=S)(OCC)Oc1cc(C)nc(N(CC)CC)n1,22297.0,C13H24N3O3PS,333.3867,0.0
CCCCCCCC[Si](OCC)(OCC)OCC,9246.0,C14H32O3Si,276.4876,0.0
CCOP(=S)(OCC)OC(Cl)C(Cl)(Cl)Cl,12344.0,C6H11Cl4O3PS,336.0005,0.0
Cl.NC1CCCCC1,361.0,C6H14ClN,135.6351 (36.4609+99.1741),0.0
CCOC(=O)COC(=O)c1cc(Oc2ccc(C(F)(F)F)cc2Cl)ccc1[N+](=O)[O-],21983.0,C18H13ClF3NO7,447.7465,0.0
O=C(N[C@H]1N=C(c2ccccc2F)c2cccc3c2N(CC3)C1=O)c1cc2ccccc2[nH]1,28711.0,C26H19FN4O2,438.4531,0.0
c1ccc(NNc2ccccc2)cc1,710.0,C12H12N2,184.2371,0.0
Nc1cc(-c2ccncc2)c[nH]c1=O,2603.0,C10H9N3O,187.198,0.0
CCn1c2ccccc2c2cc(N)ccc21,55.0,C14H14N2,210.2744,1.0
Nc1nc(N)nc(NC2CC2)n1,3999.0,C6H10N6,166.1838,0.0
CN(C1CCCCC1)S(=O)(=O)c1ccccc1N,24982.0,C13H20N2O2S,268.3751,0.0
CS(=O)(=O)OCCCCOS(C)(=O)=O,910.0,C6H14O6S2,246.3018,0.0
CC(C)(C)C(O)(CCc1ccc(Cl)cc1)Cn1cncn1,12113.0,C16H22ClN3O,307.8184,0.0
O=C(O[C@@H]1Cc2c(O)cc(O)cc2O[C@@H]1c1cc(O)c(O)c(O)c1)c1cc(O)c(O)c(O)c1,567.0,C22H18O11,458.3717,0.0
CC(O)C(=O)[O-].CC(O)C(=O)[O-].[Ca+2],236.0,C6H10CaO6,218.2180 (89.0705+40.0769+89.0705),0.0
CCCC[P+](CCCC)(CCCC)CCCC.[Cl-],24616.0,C16H36ClP,294.8838 (259.4303+35.4535),0.0
CCCCCCn1cc[n+](C)c1.[I-],27927.0,C10H19IN2,294.1757 (167.2707+126.9050),0.0
O=S(=O)([O-])c1cc(S(=O)(=O)[O-])c2c(/N=N/c3ccccc3)c(O)ccc2c1.[Na+].[Na+],1082.0,C16H10N2Na2O7S2,452.3693 (406.3909+22.9892+22.9892),0.0
[N-]=[N+]=C1C=Cc2c(cccc2S(=O)(=O)[O-])C1=O.[Na+],21178.0,C10H5N2NaO4S,272.2125 (249.2232+22.9892),0.0
ClC(Cl)Br,198.0,CHBrCl2,163.8286,0.0
c1ccc2c(c1)CCCC2,6118.0,C10H12,132.2023,0.0
CNC(=O)N(C)c1nnc(C(C)(C)C)s1,4316.0,C9H16N4OS,228.3145,0.0
CC(O)COCC(C)O,6863.0,C6H14O3,134.1736,0.0
CCCCC(CC)C(=O)O,5293.0,C8H16O2,144.2114,0.0
CC(C)N(C(=O)SCC(Cl)=C(Cl)Cl)C(C)C,4344.0,C10H16Cl3NOS,304.6641,0.0
O=C(O)c1cc(Oc2ccc(C(F)(F)F)cc2Cl)ccc1[N+](=O)[O-],22.0,C14H7ClF3NO5,361.6573,0.0
CN1CCC[C@H]1c1cccnc1,930.0,C10H14N2,162.2316,0.0
CCNc1nc(NC(C)(C)C)nc(SC)n1,4318.0,C10H19N5S,241.3564,0.0
CC(c1cc2ccccc2s1)N(O)C(N)=O,3752.0,C11H12N2O2S,236.2902,0.0
NC(=O)Nc1nc2ccccc2[nH]1,4574.0,C8H8N4O,176.1753,0.0
O=C(O)c1cccc(C[C@@H]2COc3ccc(OCc4nc5cc(F)ccc5s4)cc3[C@@H]2O)c1,27297.0,C25H20FNO5S,465.4934,0.0
O=C(O)c1cc(O)c2c(c1)C(=O)c1cccc(O)c1C2=O,6000.0,C15H8O6,284.2204,0.0
CCCCCCC(O)CCCCCCCCCCC(=O)O,6725.0,C18H36O3,300.4766,0.0
CCCCCCC1CCCC(=O)O1,27099.0,C11H20O2,184.2753,0.0
CCCCCCCCCCC=CC1CC(=O)OC1=O,7870.0,C16H26O3,266.3758,0.0
O=NN1CCCCCCC1,1039.0,C7H14N2O,142.1989,0.0
O=P1(NCCCl)OCCCN1CCCl,760.0,C7H15Cl2N2O2P,261.086,0.0
O=S(=O)(O)c1cc(O)c2ccc(Nc3ccccc3)cc2c1,24787.0,C16H13NO4S,315.3437,0.0
CCc1occc(=O)c1O,21516.0,C7H8O3,140.1366,0.0
Oc1nc(O)nc(O)n1,4873.0,C3H3N3O3,129.0742,0.0
OCC1CO1,666.0,C3H6O2,74.0785,0.0
O=S(=O)([O-])c1ccc(/N=N/c2c(O)ccc3cc(S(=O)(=O)[O-])ccc23)cc1.[Na+].[Na+],1456.0,C16H10N2Na2O7S2,452.3693 (406.3909+22.9892+22.9892),0.0
Cc1cc(CC(=O)[O-])n(C)c1C(=O)c1ccc(Cl)cc1.[Na+],13989.0,C15H13ClNNaO3,313.7114 (290.7222+22.9892),0.0
CC(C)c1cccc(C(C)C)c1NC(=O)[N-]S(=O)(=O)c1cc(C(C)(C)O)co1.[Na+],27255.0,C20H27N2NaO5S,430.4935 (407.5043+22.9892),0.0
C1CCC(NC2CCCCC2)CC1,5018.0,C12H23N,181.3177,0.0
CC(=O)C(=O)O,1650.0,C3H4O3,88.0621,0.0
CC(O)COC(C)(C)C,5967.0,C7H16O2,132.2007,0.0
CCC(C)(C)C(=O)O,12811.0,C6H12O2,116.1583,0.0
CC(=O)/C=C/C1=C(C)CCCC1(C)C,1769.0,C13H20O,192.2973,0.0
Cc1occc(=O)c1O,5523.0,C6H6O3,126.11,0.0
CCCCC(CC)CO,605.0,C8H18O,130.2279,0.0
CCCC(=O)O,1515.0,C4H8O2,88.1051,0.0
CCCCC(CC)CNCC(CC)CCCC,5053.0,C16H35N,241.4558,0.0
CCCCO,1740.0,C4H10O,74.1216,0.0
CCCCOCCOCCO,1519.0,C8H18O3,162.2267,0.0
CCSC(=O)Cl,5278.0,C3H5ClOS,124.5892,0.0
ClC(Cl)(Cl)C(Cl)(Cl)Cl,689.0,C2Cl6,236.7394,0.0
O=S(=O)(Oc1ccc(Cl)cc1)c1ccc(Cl)cc1,310.0,C12H8Cl2O3S,303.1611,0.0
Cc1nc2ccccc2c(=O)n1-c1ccccc1Cl,28801.0,C15H11ClN2O,270.7136,0.0
CS(=O)(=O)NC(=O)c1cc(Oc2ccc(C(F)(F)F)cc2Cl)ccc1[N+](=O)[O-],4112.0,C15H10ClF3N2O6S,438.7629,0.0
CCOP(=O)(Cl)Cl,7407.0,C2H5Cl2O2P,162.9397,0.0
CCOC(=O)CC(=O)OCC,1863.0,C7H12O4,160.1678,0.0
O=S(=O)(c1ccccc1)c1ccc(Cl)cc1,22259.0,C12H9ClO2S,252.7167,0.0
O=C(O)CC(O)(CC(=O)O)C(=O)O,332.0,C6H8O7,192.1235,0.0
OCCO,597.0,C2H6O2,62.0678,0.0
Cc1c(C)c2c(c(C)c1O)CCC(C)(COc1ccc(CC3SC(=O)NC3=O)cc1)O2,3719.0,C24H27NO5S,441.5399,1.0
COc1ccc2cc3[n+](cc2c1OC)CCc1cc2c(cc1-3)OCO2.[Cl-],4602.0,C20H18ClNO4,371.8142 (336.3607+35.4535),0.0
CO[C@H]1/C=C/O[C@@]2(C)Oc3c(C)c(O)c4c(O)c(cc([O-])c4c3C2=O)NC(=O)/C(C)=C\C=C\[C@H](C)[C@H](O)[C@@H](C)[C@@H](O)[C@@H](C)[C@H](OC(C)=O)[C@@H]1C.[Na+],20208.0,C37H46NNaO12,719.7504 (696.7612+22.9892),0.0
CN(C)c1ccc(/C=C/c2ccc([N+](=O)[O-])cc2)cc1,29159.0,C16H16N2O2,268.3104,0.0
CCN(CC)C(=S)[S-].[Na+],2956.0,C5H10NNaS2,171.2594 (22.9892+148.2701),1.0
CC1=C(/C=C/C(C)=C/C=C/C(C)=C/CO)C(C)(C)CCC1,3556.0,C20H30O,286.4516,1.0
CN(C)c1ccc(C(=N)c2ccc(N(C)C)cc2)cc1.Cl,114.0,C17H22ClN3,303.8297 (267.3687+36.4609),0.0
Cl.Nc1ccc2cc3ccc(N)cc3nc2c1,1191.0,C13H12ClN3,245.7075 (209.2465+36.4609),0.0
CNC(=S)NN,24390.0,C2H7N3S,105.1621,1.0
Nc1ccc(Cc2ccc(N)c(Cl)c2)cc1Cl,865.0,C13H12Cl2N2,267.1538,0.0
CC(=O)O[C@H]1CC[C@@]2(C)C(=CC[C@@H]3[C@@H]2CC[C@]2(C)C(=O)CC[C@@H]32)C1,380.0,C21H30O3,330.4611,0.0
CC(C)(c1ccccc1)c1ccc(O)cc1,2536.0,C15H16O,212.2869,0.0
CCC(C)(C)C(=O)OC1=C(c2cc(Cl)cc(Cl)c2)C(=O)OC12CCCCC2,14928.0,C21H24Cl2O4,411.3189,0.0
CC1=Nc2ccc3ccccc3c2C1(C)C,24668.0,C15H15N,209.2863,1.0
Cc1cccc2c1cc1ccc3cccc4ccc2c1c34,29297.0,C21H14,266.3359,1.0
COP(=O)(OC)OC(Br)C(Cl)(Cl)Br,4209.0,C4H7Br2Cl2O4P,380.7837,0.0
CCCSc1ccc2[nH]c(NC(=O)OC)nc2c1,2563.0,C12H15N3O2S,265.3314,1.0
CC[C@H](c1ccc(O)cc1)[C@@H](CC)c1ccc(O)cc1,2381.0,C18H22O2,270.3661,1.0
Oc1ccc2cc(SSc3ccc4cc(O)ccc4c3)ccc2c1,5429.0,C20H14O2S2,350.454,1.0
CCN(CC)c1ccc2c(-c3ccccc3C(=O)O)c3ccc(N(CC)CC)cc3[o+]c2c1.[Cl-],22369.0,C28H31ClN2O3,479.0103 (35.4535+443.5568),0.0
Nc1c(/N=N/c2ccc(-c3ccc(/N=N/c4cc(S(=O)(=O)[O-])c5ccccc5c4N)cc3)cc2)cc(S(=O)(=O)[O-])c2ccccc12.[Na+].[Na+],2816.0,C32H22N6Na2O6S2,696.6632 (22.9892+22.9892+650.6848),0.0
O=C1c2c(O)ccc(Nc3ccc(CCO)cc3)c2C(=O)c2c([N+](=O)[O-])ccc(O)c21,5209.0,C22H16N2O7,420.3716,0.0
c1csc(-c2ccc(-c3cccs3)s2)c1,21206.0,C12H8S3,248.3869,1.0
COc1cc2c(c(OC)c1OC)-c1ccc(OC)c(=O)cc1[C@@H](NC(C)=O)CC2,4845.0,C22H25NO6,399.437,0.0
CN(C)c1ccc(/N=N/c2ccccc2C(=O)O)cc1,22154.0,C15H15N3O2,269.2985,1.0
Nc1ccc(/N=N/c2ccccc2)cc1,4460.0,C12H11N3,197.2358,0.0
O.S=C1NC=NC2N=CNC12,5538.0,C5H8N4OS,172.2082 (154.1929+18.0153),0.0
O=C(OC1CCCCC1)c1ccccc1C(=O)OC1CCCCC1,5021.0,C20H26O4,330.418,0.0
O=c1n(CC2CO2)c(=O)n(CC2CO2)c(=O)n1CC1CO1,6262.0,C12H15N3O6,297.264,1.0
CC(O)(c1ccc(Cl)cc1)c1ccc(Cl)cc1,20283.0,C14H12Cl2O,267.1505,0.0
CC/C(=C(/CC)c1ccc(O)cc1)c1ccc(O)cc1,465.0,C18H20O2,268.3502,1.0
Oc1ccc(C(c2ccc(O)cc2)(C(F)(F)F)C(F)(F)F)cc1,17717.0,C15H10F6O2,336.2291,0.0
Oc1ccc(-c2ccccc2)cc1,1152.0,C12H10O,170.2072,0.0
O=c1cc(-c2ccc(O)cc2)oc2cc(O)cc(O)c12,2391.0,C15H10O5,270.2369,0.0
Oc1ccc(/N=N/c2ccccc2)cc1,2160.0,C12H10N2O,198.2206,0.0
CCC(C)(CCC(C)C)C(=O)[O][Sn]([CH3])([CH3])[O]C(=O)C(C)(CC)CCC(C)C,24978.0,C22H44O4Sn,491.2924,1.0
C/C=C/C/C=C\CCCCCCCCOC(C)=O,15285.0,C16H28O2,252.3923,1.0
CC(C)c1nnc2ccc(-c3ocnc3-c3cc(F)ccc3F)cn12,27294.0,C18H14F2N4O,340.3268,0.0
CC(=O)OC/C=C(C)/C=C/C=C(C)/C=C/C1=C(C)CCCC1(C)C,1240.0,C22H32O2,328.4883,1.0
CC1=NC(C)OC1C,27133.0,C6H11NO,113.1576,0.0
CCC(C)(CC)c1cc(NC(=O)c2c(OC)cccc2OC)on1,4159.0,C18H24N2O4,332.3942,0.0
CCCCN(CCCC)SN(C)C(=O)Oc1cccc2c1OC(C)(C)C2,3950.0,C20H32N2O3S,380.5447,1.0
Cl.Clc1cc(Cl)c2c(c1)N=C1CCCCCN1C2,27259.0,C13H15Cl3N2,305.6306 (269.1697+36.4609),0.0
O=C1Cc2ccccc2N1c1c(Cl)cccc1Cl,26979.0,C14H9Cl2NO,278.1334,0.0
CC(C)OC(=O)C(C)N(C(=O)c1ccccc1)c1ccc(F)c(Cl)c1,21977.0,C19H19ClFNO3,363.8105,0.0
Nc1ncn([C@@H]2O[C@H](CO)[C@@H](O)[C@H]2O)c(=O)n1,116.0,C8H12N4O5,244.2047,0.0
Nc1ccc2c(c1)C(=O)c1ccccc1C2=O,68.0,C14H9NO2,223.2268,0.0
CCN(CC)c1ccc(C(=O)c2ccccc2C(=O)O)c(O)c1,7604.0,C18H19NO4,313.3478,0.0
COc1ccc(C(=O)c2ccccc2O)c(O)c1,2403.0,C14H12O4,244.2427,0.0
CN(Cc1cnc2nc(N)nc(N)c2n1)c1ccc(C(=O)N[C@@H](CCC(=O)O)C(=O)O)cc1,822.0,C20H22N8O5,454.4393,0.0
CC1CN(c2ccccc2)NC1=O,24412.0,C10H12N2O,176.2151,0.0
O=c1c(O)c(-c2ccc(O)cc2)oc2cc(O)cc(O)c12,768.0,C15H10O6,286.2363,0.0
C[C@]12CC[C@@H]3c4ccc(O)cc4CC[C@H]3[C@@H]1CC[C@@H]2O,573.0,C18H24O2,272.382,0.0
S=C(NC1CCCCC1)NC1CCCCC1,451.0,C13H24N2S,240.4081,1.0
Cc1ccc(/N=N/c2c(O)c(C(=O)[O-])cc3ccccc23)c(S(=O)(=O)[O-])c1.[Ca+2],7594.0,C18H12CaN2O6S,424.4407 (384.3638+40.0769),0.0
COc1ccc(/N=N/c2cc(C)c(/N=N/c3ccc(S(=O)(=O)[O-])cc3)cc2OC)cc1.[Na+],24718.0,C21H19N4NaO5S,462.4541 (439.4649+22.9892),0.0
O=c1[nH]c(=O)n([C@H]2C[C@H](O)[C@@H](CO)O2)cc1Br,13105.0,C9H11BrN2O5,307.098,0.0
C=CC(=O)OCCO,2123.0,C5H8O3,116.1152,0.0
c1ccc2c(c1)CCc1ccccc1N2,29374.0,C14H13N,195.2597,0.0
c1ccc(Nc2cccc3ccccc23)cc1,5892.0,C16H13N,219.2811,0.0
CC(C)CC(=O)C1C(=O)c2ccccc2C1=O,22509.0,C14H14O3,230.2592,0.0
CCCC[n+]1ccc(C)cc1.F[P-](F)(F)(F)(F)F,29152.0,C10H16F6NP,295.2049 (150.2402+144.9647),0.0
COCC(C)N(C(=O)CCl)c1c(C)csc1C,12376.0,C12H18ClNO2S,275.7948,0.0
Cc1oc(C)c(C(=O)Nc2ccccc2)c1C,22137.0,C14H15NO2,229.2744,0.0
Cc1cc(O)c2c(c1)C(=O)c1cc(O)cc(O)c1C2=O,5231.0,C15H10O5,270.2369,0.0
CCn1nc(Cc2ccccc2)cc1C1CCN(C[C@H]2C[C@H](N(C)[C@@H](C(=O)O)C(C)C)C[C@@H]2c2cccc(F)c2)CC1,27327.0,C35H47FN4O2,574.7717,0.0
CCOP(=S)(OCC)SCn1c(=O)oc2cc(Cl)ccc21,4259.0,C12H15ClNO4PS2,367.8086,1.0
CCc1ccc(CCOc2ccc(CC3SC(=O)NC3=O)cc2)nc1.Cl,24203.0,C19H21ClN2O3S,392.8996 (356.4387+36.4609),0.0
Cl.Nc1ccc(/N=N\c2ccccc2)c(N)c1,4559.0,C12H13ClN4,248.7114 (212.2505+36.4609),0.0
Cl.Nc1ccc(N=Nc2ccccc2)c(N)n1,1118.0,C11H12ClN5,249.6995 (213.2385+36.4609),0.0
Cl.Nc1ccc(N=Nc2ccccc2)c(N)n1,1118.0,C11H12ClN5,249.6995 (213.2385+36.4609),0.0
CC1COc2ccccc2N1C(=O)C(Cl)Cl,9572.0,C11H11Cl2NO2,260.1165,0.0
CCCC1COC(Cn2cncn2)(c2ccc(Cl)cc2Cl)O1,4280.0,C15H17Cl2N3O2,342.2204,0.0
Clc1nc2ccccc2nc1Cl,5013.0,C8H4Cl2N2,199.0368,0.0
O=C(O)c1cc(Oc2ccc(C(F)(F)F)cc2Cl)ccc1[N+](=O)[O-],22.0,C14H7ClF3NO5,361.6573,0.0
CN(C)C(=O)NC1(c2ccccc2)CCN(CCC[C@@]2(c3ccc(Cl)c(Cl)c3)CCCN(C(=O)c3ccccc3)C2)CC1,27341.0,C35H42Cl2N4O2,621.6396,0.0
Cc1cccc(/N=N/c2ccc(N(C)C)cc2)c1,838.0,C15H17N3,239.3156,0.0
C[C@]12CC[C@H]3[C@@H](CC[C@@]45O[C@@H]4C(O)=C(C#N)C[C@]35C)[C@@H]1CC[C@@H]2O,3706.0,C20H27NO3,329.4333,0.0
c1ccc(N=NNc2ccccc2)cc1,4934.0,C12H11N3,197.2358,0.0
Nc1c2c(nc3ccccc13)CCCC2,17272.0,C13H14N2,198.2637,0.0
NC(=O)N/N=C/c1ccc([N+](=O)[O-])o1,944.0,C6H6N4O4,198.1362,0.0
Cn1cnc([N+](=O)[O-])c1Sc1ncnc2nc[nH]c12,119.0,C9H7N7O2S,277.2626,0.0
O=C(/C=C/C=C/c1ccc2c(c1)OCO2)N1CCCCC1,1805.0,C17H19NO3,285.3377,0.0
CCCCOCCOC(C)=O,6904.0,C8H16O3,160.2108,0.0
CC(C)C[C@H](NC(=O)OCC1c2ccccc2-c2ccccc21)C(=O)O,20751.0,C21H23NO4,353.4116,0.0
O=C(Oc1ccccc1)c1ccccc1C(=O)Oc1ccccc1,1778.0,C20H14O4,318.3228,0.0
O=C1c2ccccc2C(=O)c2c(O)c(O)cc(O)c21,1214.0,C14H8O5,256.2103,0.0
COC1=CC(=O)C[C@@H](C)[C@]12Oc1c(Cl)c(OC)cc(OC)c1C2=O,674.0,C17H17ClO6,352.7663,0.0
O=c1cc(-c2ccccc2)oc2ccc3ccccc3c12,10423.0,C19H12O2,272.2974,0.0
COP(=O)(OC)SCn1c(=O)oc2cc(Cl)cnc21,14818.0,C9H10ClN2O5PS,324.6779,0.0
Oc1ccc(OCc2ccccc2)cc1,717.0,C13H12O2,200.2332,0.0
C[C@]12CC[C@@H]3c4ccc(O)cc4CC[C@H]3[C@@H]1CC[C@H]2O,2377.0,C18H24O2,272.382,0.0
C[C@H]1C[C@@H]2[C@H]([C@@H](O)C[C@@]3(C)[C@H]2CC[C@]3(O)C(=O)CO)[C@@]2(C)C=CC(=O)C=C12,3300.0,C22H30O5,374.4706,0.0
CC(=O)Nc1cc(S(=O)(=O)[O-])cc2cc(S(=O)(=O)[O-])c(N=Nc3ccccc3)c(O)c12.[Na+].[Na+],24663.0,C18H13N3Na2O8S2,509.4207 (463.4422+22.9892+22.9892),0.0
CCN(CC)c1cc2[o+]c3cc(N(CC)CC)c(C)cc3c(-c3ccc(S(=O)(=O)[O-])cc3S(=O)(=O)[O-])c2cc1C.[Na+],1235.0,C29H33N2NaO7S2,608.7013 (585.7121+22.9892),0.0
C=CCOC(=O)C(=C)C,1816.0,C7H10O2,126.1531,0.0
C=CC(=O)NCNC(=O)C=C,5595.0,C7H10N2O2,154.1665,0.0
c1ccc2cc3c(ccc4ccccc43)cc2c1,3902.0,C18H12,228.2879,0.0
c1ccc(B(c2ccccc2)c2ccccc2)cc1,7345.0,C18H15B,242.1227,0.0
CC(=O)OC/C=C(C)/C=C/C=C(C)/C=C/C1=C(C)CCCC1(C)C,1240.0,C22H32O2,328.4883,1.0
Cc1ccc(C=C2C(=O)C3CCC2C3(C)C)cc1,27872.0,C17H20O,240.3401,0.0
CCOP(=S)(OCC)SC(CCl)N1C(=O)c2ccccc2C1=O,17522.0,C14H17ClNO4PS2,393.8458,0.0
CCC(=O)C(CC(C)N(C)C)(c1ccccc1)c1ccccc1.Cl,501.0,C21H28ClNO,345.9061 (309.4452+36.4609),0.0
CCOC(=O)COc1ccc2c(c1)CC(NCC(O)c1cccc(Cl)c1)CC2.Cl,27360.0,C22H27Cl2NO4,440.3601 (403.8991+36.4609),0.0
Cl.N=C(N)NC(=O)c1nc(Cl)c(N)nc1N,4452.0,C6H9Cl2N7O,266.0880 (229.6270+36.4609),0.0
CN(C)C(=O)NC1(c2ccccc2)CCN(CC[C@@]2(c3ccc(F)c(F)c3)CN(C(=O)c3ccccc3)CCO2)CC1.Cl,27339.0,C33H39ClF2N4O3,613.1376 (576.6766+36.4609),0.0
Cl[C@H]1[C@H](Cl)[C@@H](Cl)[C@H](Cl)[C@H](Cl)[C@H]1Cl,684.0,C6H6Cl6,290.8298,0.0
O=S(=O)(Oc1ccc(Cl)cc1Cl)c1ccccc1,447.0,C12H8Cl2O3S,303.1611,0.0
NC(=O)N(O)[C@@H]1C=C[C@H](Oc2cccc(Oc3ccc(F)cc3)c2)C1,27303.0,C18H17FN2O4,344.337,0.0
Nc1ccccc1C(=O)OCCc1ccccc1,5861.0,C15H15NO2,241.2851,0.0
NNC(=S)NN,7461.0,CH6N4S,106.1501,1.0
O=C(c1ccc(O)cc1O)c1ccc(O)cc1O,21306.0,C13H10O5,246.2155,1.0
CCCN(C1CCN(C(=O)C2CCNCC2)CC1)[C@@H]1CCc2ccc(OC)cc2C1,28483.0,C25H39N3O2,413.5961,0.0
CCCCCCCCCCCC(=O)N(C)CC(=O)O,22011.0,C15H29NO3,271.3957,0.0
O=C(O)/C=C/C(=O)O.O=C1c2ccccc2C(=O)N1CCc1noc(-c2ccc(CN3CCCCCC3)s2)n1,28146.0,C27H28N4O7S,552.5988 (436.5267+116.0722),0.0
Cc1oc(-c2ccccc2)nc1CCOc1cccc2c1ccn2CCC(=O)O,27307.0,C23H22N2O4,390.4318,0.0
COC(=O)Nc1nc2ccccc2[nH]1,4729.0,C9H9N3O2,191.1867,0.0
CC1CC(OC(=O)c2ccccc2O)CC(C)(C)C1,6241.0,C16H22O3,262.3441,1.0
O=C(N=NC(=O)OCc1ccccc1)OCc1ccccc1,24887.0,C16H14N2O4,298.2934,0.0
CC(C)=CC1C(C(=O)OCc2coc(Cc3ccccc3)c2)C1(C)C,2253.0,C22H26O3,338.44,1.0
CC1(C)CCC[C@]2(C)[C@H]3CC(=O)O[C@]3(C)CC[C@@H]12,27686.0,C16H26O2,250.3764,0.0
O=C1c2ccccc2C(=O)C1(O)O,5716.0,C9H6O4,178.1415,0.0
Cn1c(=O)c2c(ncn2C)n(C)c1=O,232.0,C8H10N4O2,194.1906,0.0
O=C1c2ccccc2C(=O)C1c1ccc2ccccc2n1,4906.0,C18H11NO2,273.2854,0.0
O=C(NO)C1(NS(=O)(=O)c2ccc(Oc3ccc(F)cc3)cc2)CCOCC1,27266.0,C18H19FN2O6S,410.4167,0.0
C[C@H]1CCCC(=O)CCC/C=C/c2cc(O)cc(O)c2C(=O)O1,1460.0,C18H22O5,318.3643,1.0
Oc1ccc2c(c1)-c1ccccc1C2,27540.0,C13H10O,182.2179,0.0
O=c1c(O)c(-c2ccc(O)c(O)c2)oc2cc(O)cc(O)c12,1218.0,C15H10O7,302.2357,0.0
Oc1ccc(Oc2ccccc2)cc1,2127.0,C12H10O2,186.2066,0.0
Oc1cccc(Nc2ccccc2)c1,5431.0,C12H11NO,185.2218,0.0
CC1(C)O[C@@H]2C[C@H]3[C@@H]4C[C@H](F)C5=CC(=O)C=C[C@]5(C)[C@@]4(F)[C@@H](O)C[C@]3(C)[C@]2(C(=O)CO)O1,20674.0,C24H30F2O6,452.4882,0.0
S=C(Nc1ccccc1)Nc1ccccc1,6139.0,C13H12N2S,228.3128,1.0
S=C(NC1CCCCC1)NC1CCCCC1,451.0,C13H24N2S,240.4081,1.0
S=c1[nH]c2ccccc2[nH]1,5536.0,C7H6N2S,150.2009,0.0
CCC(=O)[O-].CCC(=O)[O-].[Ca+2],7556.0,C6H10CaO4,186.2192 (73.0711+40.0769+73.0711),0.0
O=C(Nc1ccc2c(O)c(N=Nc3ccc(N=Nc4ccc(S(=O)(=O)[O-])cc4)cc3)c(S(=O)(=O)[O-])cc2c1)c1ccccc1.[Na+].[Na+],21726.0,C29H19N5Na2O8S2,675.5994 (629.6210+22.9892+22.9892),0.0
COc1ccccc1/N=N/c1c(S(=O)(=O)[O-])cc2cc(S(=O)(=O)[O-])cc(NC(C)=O)c2c1O.[Na+].[Na+],21715.0,C19H15N3Na2O9S2,539.4466 (493.4682+22.9892+22.9892),0.0
CCN(Cc1cccc(S(=O)(=O)[O-])c1)c1ccc(C(=C2C=CC(=[N+](CC)Cc3cccc(S(=O)(=O)[O-])c3)C=C2)c2ccc(O)cc2S(=O)(=O)[O-])cc1.[Na+].[Na+],673.0,C37H34N2Na2O10S3,808.8478 (762.8694+22.9892+22.9892),0.0
COc1cc(S(=O)(=O)[O-])c(C)cc1/N=N/c1c(O)ccc2cc(S(=O)(=O)[O-])ccc12.[Na+].[Na+],4436.0,C18H14N2Na2O8S2,496.4219 (450.4435+22.9892+22.9892),0.0
Cc1cc(S(=O)(=O)[O-])ccc1/N=N/c1c(O)ccc2ccccc12.[Na+],21709.0,C17H13N2NaO4S,364.3509 (341.3617+22.9892),0.0
O=S(=O)([O-])c1ccc(N=Nc2c(O)ccc3ccccc23)cc1.[Na+],18881.0,C16H11N2NaO4S,350.3243 (327.3351+22.9892),0.0
N#CC(Br)(Br)C(N)=O,12361.0,C3H2Br2N2O,241.8688,0.0
Brc1ccc(Oc2cc(Br)c(Br)cc2Br)c(Br)c1,4246.0,C12H5Br5O,564.6875,0.0
CC(C)=CC1C(C(=O)OC(C#N)c2cccc(Oc3ccccc3)c2)C1(C)C,12536.0,C24H25NO3,375.4602,0.0
C1CC(COCC2CO2)CCC1COCC1CO1,24805.0,C14H24O4,256.338,0.0
CC(=O)[C@@]1(O)CC[C@H]2[C@@H]3C[C@H](C)C4=CC(=O)C=C[C@]4(C)[C@@]3(F)[C@@H](O)C[C@@]21C,27435.0,C22H29FO4,376.4617,0.0
CC(=O)OCCN(CCOC(C)=O)c1ccc(/N=N/c2ccc([N+](=O)[O-])cc2C#N)cc1,24642.0,C21H21N5O6,439.4213,0.0
CCC(C)N(C)C(=O)c1cc2ccccc2c(-c2ccccc2Cl)n1,21097.0,C21H21ClN2O,352.8572,0.0
CCCCCCC(C)O,7014.0,C8H18O,130.2279,0.0
COc1cccc(C(=O)NN(C(=O)c2cc(C)cc(C)c2)C(C)(C)C)c1C,12628.0,C22H28N2O3,368.4693,0.0
Cc1cc(C)cc(OP(=O)(Oc2cc(C)cc(C)c2)Oc2cc(C)cc(C)c2)c1,6267.0,C24H27O4P,410.4425,0.0
Cc1ccccc1C(=O)Nc1ccc(C(=O)N2CCCC(O)c3cc(Cl)ccc32)c(C)c1,28706.0,C26H25ClN2O3,448.9413,0.0
Cc1ncc([C@@H](CCCCCCc2ccc3c(n2)NCCC3)CC(=O)O)cn1,27333.0,C22H30N4O2,382.4992,0.0
CC#Cc1cc(C)nc(Nc2ccccc2)n1,22121.0,C14H13N3,223.2731,0.0
CCCCC(CC)COC(=O)C(C#N)=C(c1ccccc1)c1ccccc1,5299.0,C24H27NO2,361.4767,0.0
CCCCCCCCS,6894.0,C8H18S,146.2935,0.0
CCCCN(N=O)C(=N)N[N+](=O)[O-],213.0,C5H11N5O3,189.1725,1.0
CCOc1ccc2nc(N)sc2c1,4481.0,C9H10N2OS,194.2535,0.0
CCOP(=S)(OCC)Oc1ccc2c(C)c(Cl)c(=O)oc2c1,347.0,C14H16ClO5PS,362.7656,0.0
CCOP(=S)(OCC)Oc1ccc2c(C)c(Cl)c(=O)oc2c1,347.0,C14H16ClO5PS,362.7656,0.0
CC(C)NCC(O)COc1cccc2ccccc12.Cl,1198.0,C16H22ClNO2,295.8044 (259.3434+36.4609),0.0
CC(COc1ccccc1)N(CCCl)Cc1ccccc1.Cl,1127.0,C18H23Cl2NO,340.2873 (303.8264+36.4609),1.0
CCN(CC)CCCl.Cl,9203.0,C6H15Cl2N,172.0960 (36.4609+135.6351),0.0
CN(C)CCOC(c1ccccc1)c1ccccc1.Cl,537.0,C17H22ClNO,291.8157 (36.4609+255.3547),0.0
CC(C)(c1cc(Cl)c(O)c(Cl)c1)c1cc(Cl)c(O)c(Cl)c1,1770.0,C15H12Cl4O2,366.0666,1.0
CN1C(=O)CN=C(c2ccccc2)c2cc(Cl)ccc21,406.0,C16H13ClN2O,284.7402,0.0
CCOc1cc(Oc2ccc(C(F)(F)F)cc2Cl)ccc1[N+](=O)[O-],4241.0,C15H11ClF3NO4,361.7003,0.0
Nc1ccc(Oc2ccc(Cl)cc2)cc1,275.0,C12H10ClNO,219.6669,0.0
O=P(OC(CCl)CCl)(OC(CCl)CCl)OC(CCl)CCl,6261.0,C9H15Cl6O4P,430.9048,0.0
Cc1ccc2c(n1)Oc1ccc(C(C)C(=O)OCC(=O)N(C)C)cc1C2,28778.0,C20H22N2O4,354.3997,0.0
COc1cc(OC)c2ccc(=O)oc2c1,21421.0,C11H10O4,206.1947,0.0
C#C[C@]1(O)CC[C@H]2[C@@H]3CCc4cc(OC)ccc4[C@H]3CC[C@@]21C,814.0,C21H26O2,310.4299,0.0
COP(=S)(OC)SCN1C(=O)c2ccccc2C1=O,4261.0,C11H12NO4PS2,317.321,0.0
N#Cc1cc2ccccc2c2ccccc12,29112.0,C15H9N,203.2387,0.0
Nc1nc(-c2ccc([N+](=O)[O-])cc2)cs1,65.0,C9H7N3O2S,221.2358,0.0
Nc1nnc(-c2ccc([N+](=O)[O-])o2)o1,58.0,C6H4N4O4,196.1204,0.0
Nc1ccc(Nc2ccccc2)cc1,5895.0,C12H12N2,184.2371,0.0
Cc1c(C(=O)O)c(O)cc2c1C(=O)c1c(O)c([C@@H]3O[C@H](CO)[C@@H](O)[C@H](O)[C@H]3O)c(O)c(O)c1C2=O,2817.0,C22H20O13,492.3864,0.0
O=C1CN(N=Cc2ccc([N+](=O)[O-])o2)C(=O)N1,972.0,C8H6N4O5,238.157,0.0
COc1ccc(C(=O)c2ccc(OC)cc2O)c(O)c1,18875.0,C15H14O5,274.2687,0.0
CC1=C(C(=O)Nc2ccccc2)SCCO1,3951.0,C12H13NO2S,235.3021,0.0
Cc1occc1C(=O)Nc1ccc(C(=O)N2CCC(F)(F)/C(=C\C(=O)N3CCC(N4CCCCC4)CC3)c3ccccc32)cc1.Cc1occc1C(=O)Nc1ccc(C(=O)N2CCC(F)(F)/C(=C\C(=O)N3CCC(N4CCCCC4)CC3)c3ccccc32)cc1.O=C(O)/C=C/C(=O)O,28150.0,C74H80F4N8O12,1349.4670 (616.6974+116.0722+616.6974),0.0
CN(CCOc1ccc(CC2SC(=O)NC2=O)cc1)c1ccccn1.O=C(O)/C=C\C(=O)O,3569.0,C22H23N3O7S,473.4989 (357.4268+116.0722),0.0
O=C(O)c1ccc2cc(O)ccc2c1,9312.0,C11H8O3,188.1794,0.0
CCCCCCC(O)CCCCCCCCCCC(=O)O,6725.0,C18H36O3,300.4766,0.0
C=CC(=O)OCCC(=O)O,7834.0,C6H8O4,144.1253,0.0
O=C(Oc1ccccc1)c1cccc(C(=O)Oc2ccccc2)c1,17752.0,C20H14O4,318.3228,0.0
CCOC(=O)[C@@H](C)Oc1ccc(Oc2nc3ccc(Cl)cc3o2)cc1,14598.0,C18H16ClNO5,361.7763,0.0
O=C1c2ccccc2CCc2ccccc21,29359.0,C15H12O,208.2552,0.0
O=C1CCCCCCCCCCC(=O)OCCO1,24568.0,C14H24O4,256.338,0.0
O=C1CCN(c2ccccc2)N1,29393.0,C9H10N2O,162.1885,0.0
COC1=CC(=O)C[C@@H](C)[C@]12Oc1c(Cl)c(OC)cc(OC)c1C2=O,674.0,C17H17ClO6,352.7663,0.0
C#C[C@]1(O)CC[C@H]2[C@@H]3CCC4=CC(=O)CC[C@@H]4[C@H]3CC[C@@]21CC,16496.0,C21H28O2,312.4458,0.0
CCCOc1ccc(S(=O)(=O)N2CCN(CC)CC2)cc1-c1nc2c(CC)n(Cc3ccccn3)nc2c(=O)[nH]1,27289.0,C28H35N7O4S,565.687,0.0
O=C(O)CCN(C1(C(=O)NO)CCCC1)S(=O)(=O)c1ccc(Oc2ccc(F)cc2)cc1,27265.0,C21H23FN2O7S,466.4799,0.0
O=C(c1ccc(O)c(O)c1)c1ccc(O)cc1O,27950.0,C13H10O5,246.2155,1.0
Oc1ccc(Cc2ccccc2O)cc1,24890.0,C13H12O2,200.2332,0.0
Cl/C=C\C[N+]12CN3CN(CN(C3)C1)C2.[Cl-],15748.0,C9H16Cl2N4,251.1561 (215.7026+35.4535),0.0
CCc1cc(C2=C(C(=O)[O-])N(c3ccccc3C(F)(F)F)S(=O)(=O)c3ccccc32)cc2c1OCO2.[K+],27249.0,C25H17F3KNO6S,555.5641 (516.4663+39.0978),0.0
CCOc1cc([N+](=O)[O-])c(OCC)cc1N1CCOCC1,24737.0,C14H20N2O5,296.319,0.0
O=[N+]([O-])c1ccc2c3c(cccc13)CC2,960.0,C12H9NO2,199.2054,0.0
CC(=O)[O-].[Tl+],4331.0,C2H3O2Tl,263.4273 (59.0446+204.3828),0.0
CC(Br)C(=O)O,7233.0,C3H5BrO2,152.9746,0.0
c1ccc(CCCc2ccccn2)cc1,22356.0,C14H15N,197.2756,0.0
c1ccc(SCCSc2ccccc2)cc1,4625.0,C14H14S2,246.391,0.0
c1ccc2cc3ccccc3cc2c1,3878.0,C14H10,178.2292,0.0
CCCc1c(OCCCCc2nnn[nH]2)ccc(C(C)=O)c1O,344.0,C16H22N4O3,318.3709,0.0
CC(=O)c1ccc2ccc3ccccc3c2c1,29099.0,C16H12O,220.2659,0.0
CC(=O)O.CCCCCCCCCCCCNC(=N)N,548.0,C15H33N3O2,287.4414 (227.3895+60.0520),0.0
CC(C)(O)c1ccc(CNC(=O)c2cccnc2Oc2ccc3nonc3c2)cc1,27281.0,C22H20N4O4,404.4186,0.0
CC(C)Nc1ccc(NC(C)C)c2c1C(=O)c1ccccc1C2=O,21250.0,C20H22N2O2,322.4009,0.0
CC(C)Oc1cccc(NC(=O)c2ccccc2C(F)(F)F)c1,4109.0,C17H16F3NO2,323.3096,0.0
CCCCCCC(C)OC(=O)COc1nc(F)c(Cl)c(N)c1Cl,14303.0,C15H21Cl2FN2O3,367.2432,0.0
Cc1cc(C2(c3cc(C)c(O)cc3C)OS(=O)(=O)c3ccccc32)c(C)cc1O,6303.0,C23H22O5S,410.4828,0.0
Cc1ccc2oc(=O)ccc2c1,5588.0,C10H8O2,160.1693,0.0
Cc1noc(NS(=O)(=O)c2ccc(N)cc2)c1C,1292.0,C11H13N3O3S,267.3042,0.0
Cc1occc1SSc1ccoc1C,27673.0,C10H10O2S2,226.3152,1.0
CCCCOC(=O)CCS,24845.0,C7H14O2S,162.2499,0.0
CCN(CC)C(=O)[C@@H]1C=C2c3cccc4[nH]cc(c34)C[C@H]2N(C)C1,3231.0,C20H25N3O,323.432,0.0
CCC(=O)N(c1ccccc1)C1CCN(CCc2cccs2)CC1.Cl,28864.0,C20H27ClN2OS,378.9592 (342.4982+36.4609),0.0
Cl.Cl.O=C(O)COCCN1CCN(C(c2ccccc2)c2ccc(Cl)cc2)CC1,24268.0,C21H27Cl3N2O3,461.8097 (388.8878+36.4609+36.4609),0.0
Cl.NC1(c2ccccc2)CCCCC1,28827.0,C12H18ClN,211.7310 (36.4609+175.2701),0.0
Cl[C@H]1[C@H](Cl)[C@@H](Cl)[C@H](Cl)[C@@H](Cl)[C@@H]1Cl,685.0,C6H6Cl6,290.8298,0.0
CCC(Cl)C(Cl)C(Cl)CC(Cl)C(Cl)C(C)Cl,4824.0,C10H16Cl6,348.952,0.0
Oc1nc(Cl)c(Cl)cc1Cl,18317.0,C5H2Cl3NO,198.4345,0.0
O=C(O)C1C(C(=O)O)C2(Cl)C(Cl)=C(Cl)C1(Cl)C2(Cl)Cl,268.0,C9H4Cl6O4,388.8437,0.0
O=S(=O)(Oc1ccc(Cl)cc1Cl)c1ccccc1,447.0,C12H8Cl2O3S,303.1611,0.0
O=P(OC(CCl)CCl)(OC(CCl)CCl)OC(CCl)CCl,6261.0,C9H15Cl6O4P,430.9048,0.0
Cn1cc(-c2ccccc2)c(=O)c(-c2cccc(C(F)(F)F)c2)c1,4107.0,C19H14F3NO,329.3158,0.0
COS(=O)(=O)[O-].Cn1c(-c2ccccc2)cc(-c2ccccc2)[n+]1C,4048.0,C18H20N2O4S,360.4274 (249.3297+111.0977),0.0
COc1ccc2nc(N)sc2c1,4485.0,C8H8N2OS,180.2269,0.0
CC1=C(CC(=O)O)c2cc(F)ccc2/C1=C\c1ccc(S(C)=O)cc1,3624.0,C20H17FO3S,356.4106,0.0
O=C(O)C(F)(F)C(F)(F)C(F)(F)C(F)(F)C(F)(F)C(F)(F)C(F)(F)C(F)(F)F,11863.0,C9HF17O2,464.0759,0.0
CC1(C)NC(=O)N(c2ccc([N+](=O)[O-])c(C(F)(F)F)c2)C1=O,14165.0,C12H10F3N3O4,317.2207,0.0
c1coc(-c2nc3ccccc3[nH]2)c1,21995.0,C11H8N2O,184.194,0.0
Nc1ccc(-c2ccc(N)cc2)cc1,137.0,C12H12N2,184.2371,0.0
Cc1cc(N)n(-c2ccccc2)n1,24517.0,C10H11N3,173.2144,0.0
CC(C)(C)NC(=O)[C@@H]1CN(Cc2cccnc2)CCN1C[C@@H](O)C[C@@H](Cc1ccccc1)C(=O)N[C@H]1c2ccccc2C[C@H]1O.O=S(=O)(O)O,24221.0,C36H49N5O8S,711.8680 (613.7895+98.0785),0.0
CNC(=O)ON=C(SC)C(=O)N(C)C,1086.0,C7H13N3O3S,219.2614,0.0
CNC(=O)ON=C(SC)C(=O)N(C)C,1086.0,C7H13N3O3S,219.2614,0.0
CC(=O)C(Cl)C(=O)N(C)C,24489.0,C6H10ClNO2,163.6021,0.0
Cc1ccc(O)c(C(=O)c2ccccc2)c1,27857.0,C14H12O2,212.2439,0.0
CCCCCCCCOc1ccc(C(=O)c2ccccc2)c(O)c1,7441.0,C21H26O3,326.4293,0.0
CCCCCCCC/C=C\CCCCCCCC(=O)OCCOC(=O)CCCCCCC/C=C\CCCCCCCC,7716.0,C38H70O4,590.96,0.0
CCCCCCCCCC(=O)OC,6842.0,C11H22O2,186.2912,0.0
CC(=O)c1ccc(OCC(=O)N2CCCCC2)cc1,28755.0,C15H19NO3,261.3163,0.0
CC1CCCCC1NC(=O)Nc1ccccc1,12474.0,C14H20N2O,232.3214,0.0
CC(C(=O)O)c1ccc(/C=C2\CCCCC2=O)cc1,28721.0,C16H18O3,258.3123,0.0
O=C(O)c1ccccc1C(=O)OCc1ccccc1,23938.0,C15H12O4,256.2534,0.0
CCCCCCCCC(=O)O,1641.0,C9H18O2,158.238,0.0
CCCCCCCCCCCCC(=O)O,1684.0,C13H26O2,214.3443,0.0
C=C(C)C(=O)OCC(CC)CCCC,7293.0,C12H22O2,198.3019,0.0
CCOC(=O)C1=NN(c2ccccc2)C(=O)C1,24738.0,C12H12N2O3,232.2353,0.0
CCOC(=O)OC1=C(c2cc(C)ccc2C)C(=O)N[C@]12CC[C@@H](OC)CC2,24342.0,C21H27NO5,373.4428,0.0
O=C=NC1CCCCC1,5464.0,C7H11NO,125.1683,0.0
CC1(CO)CN(c2ccccc2)NC1=O,24794.0,C11H14N2O2,206.2411,0.0
CCCCCCCCCCCCCCCC/C=C/C1CC(=O)OC1=O,7948.0,C22H38O3,350.5353,0.0
C#C[C@]1(O)CC[C@H]2[C@@H]3CCC4=CC(=O)CC[C@]4(C)[C@H]3CC[C@@]21C,3016.0,C21H28O2,312.4458,0.0
O=C1O[C@H]([C@@H](O)CO)C(O)=C1O,106.0,C6H8O6,176.1241,0.0
CCn1nc(C)c2c1C(=O)NCC(c1ccc(O)cc1)=N2,27263.0,C15H16N4O2,284.3131,0.0
Oc1ccc(Sc2ccc(O)cc2)cc1,27936.0,C12H10O2S,218.2716,0.0
O=C(c1cc(O)c(O)c(O)c1)c1ccc(O)c(O)c1O,24950.0,C13H10O7,278.2143,0.0
C[C@]12CC[C@@H]3c4ccc(O)cc4CC[C@H]3[C@@H]1CC[C@@H]2O,573.0,C18H24O2,272.382,0.0
OCC(CO)n1cnc(-c2ccc(F)cc2)c1-c1ccnc(Oc2ccccc2)n1,27324.0,C22H19FN4O3,406.4097,0.0
Cc1ccc(/C=N/n2c(-c3ccccc3)csc2=S)cc1,28727.0,C17H14N2S2,310.4365,0.0
O.[Br-].[Br-].c1cc[n+]2c(c1)-c1cccc[n+]1CC2,11248.0,C12H14Br2N2O,362.0604 (184.2360+79.9045+79.9045+18.0153),0.0
C[n+]1ccn(Cc2ccccc2)c1.[Cl-],27905.0,C11H13ClN2,208.6873 (173.2338+35.4535),0.0
CS(=O)(=O)Nc1ccc([N+](=O)[O-])cc1Oc1ccccc1,17250.0,C13H12N2O5S,308.3098,0.0
O=C(O)C(Br)CBr,12832.0,C3H4Br2O2,231.8707,0.0
CCCCCCCCCCCCBr,24395.0,C12H25Br,249.2309,0.0
c1ccc(CN(Cc2ccccc2)Cc2ccccc2)cc1,27031.0,C21H21N,287.3981,0.0
C[C@]1(O)CC[C@H]2[C@@H]3CCC4=CC(=O)CC[C@]4(C)[C@@]3(F)[C@@H](O)C[C@@]21C,13512.0,C20H29FO3,336.4409,0.0
C1=CCC2CC=CC2C1,7515.0,C9H12,120.1916,0.0
C1=Cc2cccc3cccc1c23,3845.0,C12H8,152.1919,0.0
c1ccc2nccnc2c1,29392.0,C8H6N2,130.1466,0.0
c1ccc2c(c1)sc1ccccc12,27725.0,C12H8S,184.2569,0.0
c1ccc(Nc2ccccc2)cc1,1975.0,C12H11N,169.2224,0.0
c1ccc(P(c2ccccc2)c2ccccc2)cc1,6251.0,C18H15P,262.2855,1.0
C=C(C)C(=O)OCCCC,4696.0,C8H14O2,142.1956,0.0
CC(=O)[C@@]1(O)CC[C@H]2[C@@H]3CCC4=CC(=O)CC[C@]4(C)[C@H]3CC[C@@]21C,20747.0,C21H30O3,330.4611,0.0
CC(C)(C)C(=O)C(Oc1ccc(Cl)cc1)n1cncn1,3897.0,C14H16ClN3O2,293.7487,0.0
CC(C)(C)NC(=O)[C@H]1CC[C@H]2[C@@H]3CC[C@H]4NC(=O)C=C[C@]4(C)[C@H]3CC[C@]12C,625.0,C23H36N2O2,372.5441,0.0
CC(C)(c1ccc(O)cc1)c1ccc(O)cc1,182.0,C15H16O2,228.2863,0.0
CC(C)(c1ccccc1)c1ccccc1,27868.0,C15H16,196.2875,0.0
C#CC(C)(O)CC(C)C,21472.0,C8H14O,126.1962,0.0
CC(C)CCCCCOC(=O)CS,7841.0,C10H20O2S,204.3296,0.0
CC(=O)O.COCCOc1cc2cc(C(=O)NC3CCN(C(C)C)CC3)n(CC(=O)Nc3ccc(Cl)cn3)c2cn1,27385.0,C28H37ClN6O6,589.0830 (529.0310+60.0520),0.0
Cc1cccc(OCCOc2cccc(C)c2)c1,24690.0,C16H18O2,242.3129,0.0
Cc1cc(-c2ccc(N)c(C)c2)ccc1N,4059.0,C14H16N2,212.2902,0.0
Cc1cc(-c2ccc(N)c(C)c2)ccc1N,4059.0,C14H16N2,212.2902,0.0
CC1=CC[C@H]2C[C@@H]1C2(C)C,9290.0,C10H16,136.234,0.0
Cc1cccc(Nc2cc(Cl)nc(SCC(=O)O)n2)c1C,290.0,C14H14ClN3O2S,323.7979,0.0
CCC[CH2][Sn]([Cl])([Cl])[Cl],9210.0,C4H9Cl3Sn,282.1833,0.0
CCCCCCCC,6882.0,C8H18,114.2285,0.0
CCCCCCCCCC=O,1553.0,C10H20O,156.2652,0.0
CCCCCCCCCCCCN,1984.0,C12H27N,185.3495,0.0
CCN(CC)c1nc(C)cc(OP(=S)(OC)OC)n1,4266.0,C11H20N3O3PS,305.3336,0.0
CCN(O)CC,7543.0,C4H11NO,89.1362,0.0
CCC(=O)N(c1ccccc1)C1CCN(Cc2cccs2)CC1.Cl,28863.0,C19H25ClN2OS,364.9326 (328.4717+36.4609),0.0
Cl.ClCc1cccnc1,309.0,C6H7Cl2N,164.0325 (36.4609+127.5715),0.0
CN(C)CCOC(c1ccccc1)c1ccccc1.Cl,537.0,C17H22ClNO,291.8157 (36.4609+255.3547),0.0
Cc1ccccc1C(OCCN(C)C)c1ccccc1.Cl,5815.0,C18H24ClNO,305.8423 (269.3813+36.4609),0.0
Cc1ccc(/C(=C\CN2CCCC2)c2ccccn2)cc1.Cl.O,1410.0,C19H25ClN2O,332.8676 (18.0153+36.4609+278.3914),0.0
CC1(C)C(C=C(Cl)Cl)C1C(=O)OCc1cccc(Oc2ccccc2)c1,2292.0,C21H20Cl2O3,391.2877,0.0
[O]=[Bi][Cl],181.0,BiClO,260.4328,0.0
Cl[C@H]1[C@H](Cl)[C@@H](Cl)[C@@H](Cl)[C@H](Cl)[C@H]1Cl,686.0,C6H6Cl6,290.8298,0.0
CCc1ccc(C(c2ccc(CC)cc2)C(Cl)Cl)cc1,589.0,C18H20Cl2,307.2574,0.0
CCc1ccc(C(c2ccc(CC)cc2)C(Cl)Cl)cc1,589.0,C18H20Cl2,307.2574,0.0
Clc1cc(Cl)nc(Cl)n1,29143.0,C4HCl3N2,183.4231,0.0
CCNc1nc(Cl)nc(NC(C)(C)C)n1,7608.0,C9H16ClN5,229.7098,0.0
CCOC(=O)C(C)OC(=O)c1cc(Oc2ccc(C(F)(F)F)cc2Cl)ccc1[N+](=O)[O-],4160.0,C19H15ClF3NO7,461.7731,0.0
Clc1ccc(Sc2cc(Cl)c(Cl)cc2Cl)cc1,314.0,C12H6Cl4S,324.053,0.0
CN(C)C(=O)Nc1ccc(Oc2ccc(Cl)cc2)cc1,20287.0,C15H15ClN2O2,290.7448,0.0
O=S(=O)(Oc1ccc(Cl)cc1)c1ccccc1,21973.0,C12H9ClO3S,268.7161,0.0
Nc1nc2c(Cl)cccc2s1,4470.0,C7H5ClN2S,184.646,0.0
CC(CC(C#N)(c1ccccc1)c1ccccc1)N(C)C,28838.0,C19H22N2,278.3914,0.0
CN(C)CCO,505.0,C4H11NO,89.1362,0.0
CCOC(=O)COc1cc(-c2nn(C)c(OC(F)F)c2Cl)c(F)cc1Cl,14871.0,C15H13Cl2F3N2O4,413.1759,0.0
CO[Si](CCCOCC1CO1)(OC)OC,7489.0,C9H20O5Si,236.3376,0.0
COc1c2occc2cc2ccc(=O)oc12,830.0,C12H8O4,216.1895,0.0
COP(=O)(OC)OC=C(Cl)Cl,449.0,C4H7Cl2O4P,220.9757,0.0
CC(C)C[C@H]1C(=O)N2CCC[C@H]2[C@]2(O)O[C@](NC(=O)[C@@H]3C=C4c5cccc6[nH]c(Br)c(c56)C[C@H]4N(C)C3)(C(C)C)C(=O)N12.CS(=O)(=O)O,197.0,C33H44BrN5O8S,750.7002 (654.5945+96.1057),0.0
O=C(O)C(F)(F)C(F)(F)C(F)(F)C(F)(F)C(F)(F)F,11862.0,C6HF11O2,314.0534,0.0
CCCCCCn1cc[n+](C)c1.O=S(=O)([O-])C(F)(F)F,27847.0,C11H19F3N2O3S,316.3404 (167.2707+149.0697),0.0
NC(=O)CI,742.0,C2H4INO,184.9637,0.0
CN(N=O)C(=N)N[N+](=O)[O-],846.0,C2H5N5O3,147.0928,0.0
N=C(Nc1ccccc1)Nc1ccccc1,5178.0,C13H13N3,211.2624,0.0
c1ccc(CNc2[nH]cnc3ncnc2-3)cc1,12630.0,C12H11N5,225.2492,0.0
NC(=O)NNC(N)=O,4628.0,C2H6N4O2,118.0946,0.0
Nc1ccc(Sc2ccc(N)cc2)cc1,1344.0,C12H12N2S,216.3021,0.0
Nc1cccc2ccccc12,920.0,C10H9N,143.1852,0.0
Nc1ccccc1-c1ccccc1,10189.0,C12H11N,169.2224,0.0
O.O.[Cl][In]([Cl])[Cl],27512.0,H4Cl3InO2,257.2076 (18.0153+221.1770+18.0153),0.0
O=C(Cc1ccccc1)c1ccccc1,24430.0,C14H12O,196.2445,0.0
CCCCCCCC/C=C\CCCCCCCC(=O)OCCCC,7099.0,C22H42O2,338.5677,0.0
O=C(O)CCCCCCCCC(=O)O,6867.0,C10H18O4,202.2475,0.0
O=c1[nH]cnc2c1ncn2[C@H]1CC[C@@H](CO)O1,2927.0,C10H12N4O3,236.2273,0.0
O=P(Oc1ccccc1)(Oc1ccccc1)Oc1ccccc1,1952.0,C18H15O4P,326.2831,0.0
O=S(=O)(c1ccc(Cl)cc1)c1ccc(Cl)cc1,4986.0,C12H8Cl2O2S,287.1617,0.0
O=C(c1ccc(O)cc1)c1ccc(O)c(O)c1O,27932.0,C13H10O5,246.2155,0.0
O=C(OCc1ccccc1)c1ccccc1O,4598.0,C14H12O3,228.2433,0.0
OCC(O)CS,26512.0,C3H8O2S,108.1594,0.0
OCc1ccco1,5347.0,C5H6O2,98.0999,0.0
CC(CCO)CCCC(C)(C)O,24513.0,C10H22O2,174.2805,0.0
COc1cc(O)c(C(=O)c2ccccc2)cc1S(=O)(=O)O,22436.0,C14H12O6S,308.3065,0.0
O=C(CCS)OCC(COC(=O)CCS)(COC(=O)CCS)COC(=O)CCS,24728.0,C17H28O8S4,488.6594,0.0
CCCC[P+](CCCC)(CCCC)CCCC.[Br-],27921.0,C16H36BrP,339.3348 (259.4303+79.9045),0.0
CCCC[P+](CCCC)(CCCC)CCCC.[Cl-],24616.0,C16H36ClP,294.8838 (259.4303+35.4535),0.0
CCOc1ccc(N=Nc2ccc(C=Cc3ccc(N=Nc4ccc(OCC)cc4)cc3S(=O)(=O)[O-])c(S(=O)(=O)[O-])c2)cc1.[Na+].[Na+],21728.0,C30H26N4Na2O8S2,680.6590 (634.6805+22.9892+22.9892),0.0
C[NH+](C)CCC(c1ccc(Cl)cc1)c1ccccn1.O=C([O-])/C=C\C(=O)O,321.0,C20H23ClN2O4,390.8606 (275.7959+115.0648),0.0
C=CC(=O)[O-].C=CC(=O)[O-].[Zn+2],7768.0,C6H6O4Zn,207.5184 (71.0553+65.4079+71.0553),0.0
CCOC(=O)CBr,587.0,C4H7BrO2,167.0012,0.0
CC(Cc1ccc(C(C)(C)C)cc1)CN1C[C@@H](C)O[C@@H](C)C1,14601.0,C20H33NO,303.4821,0.0
CC(C)=CCCC(C)=CC=O,4836.0,C10H16O,152.2334,0.0
C/C=C/C=C/C(=O)O,1277.0,C6H8O2,112.1265,0.0
C=C(C)C#N,4176.0,C4H5N,67.0892,0.0
C1=Cc2ccccc2C1,22052.0,C9H8,116.1598,0.0
c1ccc2c(c1)[nH]c1ccccc12,248.0,C12H9N,167.2066,0.0
c1ccc2c(c1)-c1cccc3cccc-2c13,4104.0,C16H10,202.2506,0.0
CC(=O)c1ccc2c(c1)CCCC2,27163.0,C12H14O,174.239,0.0
CNC(=O)ON=CC(C)(C)SC,39.0,C7H14N2O2S,190.2633,0.0
CC(C)(C)c1cc(CCC(=O)OCC(COC(=O)CCc2cc(C(C)(C)C)c(O)c(C(C)(C)C)c2)(COC(=O)CCc2cc(C(C)(C)C)c(O)c(C(C)(C)C)c2)COC(=O)CCc2cc(C(C)(C)C)c(O)c(C(C)(C)C)c2)cc(C(C)(C)C)c1O,7633.0,C73H108O12,1177.6314,0.0
CCOP(=S)(OCC)SCSC(C)(C)C,2254.0,C9H21O2PS3,288.4306,0.0
CC(C)c1ccc2ncccc2c1,27465.0,C12H13N,171.2383,0.0
CC/C=C\CC1=C(C)CCC1=O,27092.0,C11H16O,164.2441,0.0
CC1=CC2C3CC(C=C3C)C2C1,7902.0,C12H16,160.2554,0.0
CC=CCC#N,5851.0,C5H7N,81.1158,0.0
Cc1cn([C@H]2C[C@H](N=[N+]=[N-])[C@@H](CO)O2)c(=O)[nH]c1=O,127.0,C10H13N5O4,267.2413,0.0
COc1nc(C)nc(N)n1,21230.0,C5H8N4O,140.1432,0.0
Cc1ccccc1NC(=N)Nc1ccccc1C,6606.0,C15H17N3,239.3156,0.0
CCC(C)(O)CCCC(C)C,9110.0,C10H22O,158.2811,0.0
CCCC/C=C/CCCCO,15305.0,C10H20O,156.2652,0.0
CCCCC(CC)C(=O)Cl,7308.0,C8H15ClO,162.6571,0.0
CCCCC(CC)COP(=O)(OCC(CC)CCCC)OCC(CC)CCCC,1414.0,C24H51O4P,434.6331,0.0
CCCCCCCCCCCCCCCC,7195.0,C16H34,226.4412,0.0
CCCCCCCCCCCCN,1984.0,C12H27N,185.3495,0.0
CCCCNCCCC,4952.0,C8H19N,129.2432,0.0
CCCCOP(=O)(OCCCC)OCCCC,1986.0,C12H27O4P,266.3141,0.0
CCCN(CCC)C(=O)SCC,4091.0,C9H19NOS,189.3183,0.0
CCCNCCC,5185.0,C6H15N,101.19,0.0
CCOC(=O)C1OC1c1ccccc1,5886.0,C11H12O3,192.2112,0.0
CCOP(=O)(OCC)OP(=O)(OCC)OCC,14957.0,C8H20O7P2,290.1877,0.0
CCOP(=S)(OCC)Oc1cnc2ccccc2n1,4291.0,C12H15N2O3PS,298.2979,0.0
CCOP(=S)(OCC)OP(=S)(OCC)OCC,4328.0,C8H20O5P2S2,322.3189,0.0
CC[C@H](O)C(C[C@H](C)N(C)C)(c1ccccc1)c1ccccc1.Cl,28842.0,C21H30ClNO,347.9220 (311.4611+36.4609),0.0
O=C(O)c1nc(Cl)ccc1Cl,9221.0,C6H3Cl2NO2,191.9995,0.0
Clc1cnc(Oc2ccc(Oc3ncc(Cl)cc3Cl)cc2)c(Cl)c1,175.0,C16H8Cl4N2O2,402.0589,0.0
ClC1(Cl)C2(Cl)C3(Cl)C4(Cl)C(Cl)(Cl)C5(Cl)C3(Cl)C1(Cl)C5(Cl)C24Cl,895.0,C10Cl12,545.543,0.0
O=S(=O)(Cl)Cl,9707.0,Cl2O2S,134.9698,0.0
CN(C)C1CCCCC1,6633.0,C8H17N,127.2273,0.0
CN(C)CCN(C)CCN(C)C,9249.0,C9H23N3,173.299,0.0
CNCc1ccc(NC(=O)c2c[nH]c3c2C(=O)CCC3)cc1,27276.0,C17H19N3O2,297.3517,0.0
CNC(=O)CSP(=S)(OC)OC,479.0,C5H12NO3PS2,229.2574,0.0
CCNc1nc(NC(C)C)nc(SC)n1,3869.0,C9H17N5S,227.3298,0.0
CC[S+](C)CC.O=S(=O)([N-]S(=O)(=O)C(F)(F)F)C(F)(F)F,27930.0,C7H13F6NO4S3,385.3678 (280.1467+105.2212),0.0
CC(C(=O)O)c1ccc(-c2ccccc2)c(F)c1,17231.0,C15H13FO2,244.2609,0.0
CCNC(=O)NC(=O)/C(C#N)=N/OC,12358.0,C7H10N4O3,198.1793,0.0
C=C(C#N)C(=O)OCC,5279.0,C6H7NO2,125.1253,0.0
CCCCOCCOCCSC#N,4674.0,C9H17NO2S,203.3018,0.0
c1coc(CNc2[nH]cnc3ncnc2-3)c1,15175.0,C10H9N5O,215.2114,0.0
Nc1cc2c3c(c1)C(c1ccccc1)=N[C@@H](NC(=O)c1cccnc1)C(=O)N3CC2,27291.0,C23H19N5O2,397.4293,0.0
NCCOCCOCCN,24742.0,C6H16N2O2,148.2034,0.0
COC(=O)NN,835.0,C2H6N2O2,90.0812,0.0
OC[C@H]1O[C@@](CO)(O[C@H]2O[C@H](CO)[C@@H](O)[C@H](O)[C@H]2O)[C@@H](O)[C@@H]1O,1288.0,C12H22O11,342.2965,0.0
OC[C@H]1O[C@H](O[C@]2(CCl)O[C@H](CCl)[C@@H](O)[C@@H]2O)[C@H](O)[C@@H](O)[C@H]1Cl,20245.0,C12H19Cl3O8,397.6335,0.0
CCOC(=O)CC(=O)OCC,1863.0,C7H12O4,160.1678,0.0
CCCCCCC(=O)OCC,20112.0,C9H18O2,158.238,0.0
CS(=O)(=O)c1ccc([C@@H](C[C@H]2CCC(=O)C2)C(=O)Nc2cnccn2)cc1Cl,28494.0,C19H20ClN3O4S,421.8978,0.0
O=C(O)C(=O)O,5816.0,C2H2O4,90.0349,0.0
CC(O)C(=O)O,3192.0,C3H6O3,90.0779,0.0
O=C(O)c1cc(-c2ccccc2)nc2ccccc12,20705.0,C16H11NO2,249.264,0.0
O=C(O)c1cccnc1,932.0,C6H5NO2,123.1094,0.0
O=C(O)CCC(=O)O,3602.0,C4H6O4,118.088,0.0
CCCCCCCCCCCCCCC(=O)O,1652.0,C15H30O2,242.3975,0.0
CCOC(=O)C(Cl)Cc1cc(-n2nc(C)n(C(F)F)c2=O)c(F)cc1Cl,12532.0,C15H14Cl2F3N3O3,412.1912,0.0
C=CCOC(=O)C(C)(C)OC(=O)c1cc(-n2c(=O)cc(C(F)(F)F)n(C)c2=O)ccc1Cl,14365.0,C20H18ClF3N2O6,474.8149,0.0
O=C1C=CC(=O)C=C1,145.0,C6H4O2,108.0948,0.0
O=C1CCC(C2CCCCC2)CC1,20721.0,C12H20O,180.2866,0.0
CC1(C)C(=O)N(Br)C(=O)N1Br,15341.0,C5H6Br2N2O2,285.9213,0.0
CCCCCCCCC/C=C/CC1CC(=O)OC1=O,5217.0,C16H26O3,266.3758,0.0
O=c1oc(=O)c2cc3c(=O)oc(=O)c3cc12,6536.0,C10H2O6,218.1193,0.0
CCCCC1C(=O)N(c2ccccc2)N(c2ccccc2)C1=O,1136.0,C19H20N2O2,308.3743,0.0
CC(C)(O)CCCC1=CCC(C=O)CC1,7970.0,C13H22O2,210.3126,0.0
O=Cc1ccc2c(c1)OCO2,5924.0,C8H6O3,150.1314,0.0
O=S(=O)(O)O,9683.0,H2O4S,98.0785,0.0
CC1=C(C)S(=O)(=O)CCS1(=O)=O,4052.0,C6H10O4S2,210.2712,0.0
COC(=O)CCCC(=O)O,24589.0,C6H10O4,146.1412,0.0
CC(C)(C)C(O)C(Cc1ccc(Cl)cc1)n1cncn1,4242.0,C15H20ClN3O,293.7918,0.0
OC(c1ccc(F)cc1)(c1cncnc1)c1ccccc1Cl,22220.0,C17H12ClFN2O,314.7414,0.0
CCOC(=O)CC(O)(CC(=O)OCC)C(=O)OCC,20701.0,C12H20O7,276.283,0.0
OC/C=C/CO,6849.0,C4H8O2,88.1051,0.0
O=S(=O)(c1ccc(O)cc1)c1ccc(O)cc1,2409.0,C12H10O4S,250.2704,0.0
C[C@@H]1O[C@@H](O[C@@H]2[C@@H](O)[C@H](OCCc3ccc(O)c(O)c3)O[C@H](CO[C@@H]3O[C@H](CO)[C@@H](O)[C@H](O)[C@H]3O)[C@H]2OC(=O)/C=C/c2ccc(O)c(O)c2)[C@H](O)[C@H](O)[C@H]1O,13469.0,C35H46O20,786.7277,0.0
O=C(OCc1ccccc1)c1ccccc1O,4598.0,C14H12O3,228.2433,0.0
CCCCCCCCCCCCCCCCCC(=O)[O-].OCC[NH+](CCO)CCO,6219.0,C24H51NO5,433.6654 (283.4698+150.1956),0.0
OCc1cccc(Oc2ccccc2)c1,7756.0,C13H12O2,200.2332,0.0
OCCOCC#CCOCCO,21918.0,C8H14O4,174.1944,0.0
S=c1[nH]c2ccccc2[nH]1,5536.0,C7H6N2S,150.2009,0.0
C[N+](C)(C)CCCl.[Cl-],303.0,C5H13Cl2N,158.0694 (122.6159+35.4535),0.0
C[n+]1ccn(CCO)c1.[Cl-],27848.0,C6H11ClN2O,162.6173 (127.1638+35.4535),0.0
CCCC[N+]1(C)CCCC1.[I-],27914.0,C9H20IN,269.1663 (142.2613+126.9050),0.0
F[B-](F)(F)F.[K+],17015.0,BF4K,125.9029 (86.8052+39.0978),0.0
O=C1c2ccccc2C(=O)C1c1ccc2cc(S(=O)(=O)[O-])cc(S(=O)(=O)[O-])c2n1.[Na+].[Na+],21721.0,C18H9NNa2O8S2,477.3755 (431.3971+22.9892+22.9892),0.0
O=S(=O)([O-])OOS(=O)(=O)[O-].[Na+].[Na+],9698.0,Na2O8S2,238.1047 (192.1263+22.9892+22.9892),0.0
C=CC(=O)[O-].[Na+],7652.0,C3H3NaO2,94.0445 (71.0553+22.9892),0.0
C=CC(=O)NC(C)(C)CS(=O)(=O)[O-].[Na+],7591.0,C7H12NNaO4S,229.2292 (206.2400+22.9892),0.0
COc1cc(OC)nc(NC(=O)[N-]S(=O)(=O)c2ncccc2OCC(F)(F)F)n1.[Na+],20222.0,C14H13F3N5NaO6S,459.3329 (436.3437+22.9892),0.0
CCOP(=O)([O-])C(N)=O.[NH4+],12406.0,C3H11N2O4P,170.1042 (152.0663+18.0379),0.0
O=C1Nc2ccc([N+](=O)[O-])cc2C1=O,29287.0,C8H4N2O4,192.1284,0.0
CN1C(=O)c2ccc([N+](=O)[O-])cc2C1=O,8013.0,C9H6N2O4,206.1549,0.0
Nc1ncc([N+](=O)[O-])s1,66.0,C3H3N3O2S,145.1398,0.0
[Br][Ca][Br],24577.0,Br2Ca,199.886,0.0
N#CC(Br)Br,4940.0,C2HBr2N,198.844,0.0
OCC(Br)CBr,1817.0,C3H6Br2O,217.8871,0.0
Brc1cc2ccccc2c2ccccc12,29277.0,C14H9Br,257.1253,0.0
CCCCCCCCCCCBr,29308.0,C11H23Br,235.2043,0.0
c1ccc(CSCc2ccccc2)cc1,4599.0,C14H14S,214.326,0.0
C=CC(Cl)CCl,2113.0,C4H6Cl2,124.9964,0.0
C=CC/C=C/C,7227.0,C6H10,82.1436,0.0
c1ccc2c(c1)Cc1ccccc1-2,4105.0,C13H10,166.2185,0.0
c1ccc2c(c1)[nH]c1ccccc12,248.0,C12H9N,167.2066,0.0
C1CCC2OC2C1,4880.0,C6H10O,98.143,0.0
c1ccc2c(c1)oc1ccccc12,1993.0,C12H8O,168.1913,0.0
C1CCNCC1,1165.0,C5H11N,85.1475,0.0
C1COCCN1,5688.0,C4H9NO,87.1204,0.0
COC(C)=O,1767.0,C3H6O2,74.0785,0.0
CC(=O)OCCC(C)C,5453.0,C7H14O2,130.1849,0.0
CNC(=O)O/N=C/C(C)(C)S(C)(=O)=O,3862.0,C7H14N2O4S,222.2621,0.0
CCOC(C)(C)C,5604.0,C6H14O,102.1748,0.0
CC(C)N=C=NC(C)C,5086.0,C7H14N2,126.1995,0.0
CC(C)CC(C)CC(O)CC(C)C,9159.0,C12H26O,186.3342,0.0
CC(C)CON=O,750.0,C4H9NO2,103.1198,0.0
CC(C)OS(C)(=O)=O,11497.0,C4H10O3S,138.1854,0.0
CCCC(C)CO,6714.0,C6H14O,102.1748,0.0
CC(Cl)Cl,437.0,C2H4Cl2,98.9592,0.0
CC(C)CC(C)(O)C#CC(C)(O)CC(C)C,7041.0,C14H26O2,226.355,0.0
CC(O)(P(=O)(O)O)P(=O)(O)O,3028.0,C2H8O7P2,206.0282,0.0
CC(O)CC(C)(C)O,1885.0,C6H14O2,118.1742,0.0
CC(O)CNCC(C)O,179.0,C6H15NO2,133.1888,0.0
CC(O)CO,1206.0,C3H8O2,76.0944,0.0
CCCCOCC(C)O,7589.0,C7H16O2,132.2007,0.0
CC1=C(O)C(=O)CO1,27417.0,C5H6O3,114.0993,0.0
CC1=NNC(=O)N(/N=C/c2cccnc2)C1,12637.0,C10H11N5O,217.2272,0.0
CC=CC(=O)O,7544.0,C4H6O2,86.0892,0.0
CCC(=O)/C=C/C1C(C)=CCCC1(C)C,6240.0,C14H22O,206.3239,0.0
CC(C)C1(C)N=C(c2nc3ccccc3cc2C(=O)O)NC1=O,4152.0,C17H17N3O3,311.3352,0.0
Cc1cn([C@H]2C=C[C@@H](CO)O2)c(=O)[nH]c1=O,3819.0,C10H12N2O4,224.2133,0.0
Cc1ccnc2ccccc12,27067.0,C10H9N,143.1852,0.0
Cc1ncc([N+](=O)[O-])n1CCO,892.0,C6H9N3O3,171.154,0.0
Cc1cccc2ccccc12,877.0,C11H10,142.1971,0.0
Cc1ccccc1OCC1CO1,4862.0,C10H12O2,164.2011,0.0
COc1nc(C)nc(NC(=O)NS(=O)(=O)c2ccccc2Cl)n1,3980.0,C12H12ClN5O4S,357.7728,0.0
CCC=CC#N,5850.0,C5H7N,81.1158,0.0
CCc1cc(C(N)=S)ccn1,577.0,C8H10N2S,166.2434,0.0
CCCC[N+]1(C)CCCC1.F[P-](F)(F)(F)(F)F,27913.0,C9H20F6NP,287.2260 (142.2613+144.9647),0.0
CCCCCCCCCCCCCl,5492.0,C12H25Cl,204.7799,0.0
CCCCCCCCCCCCCl,5492.0,C12H25Cl,204.7799,1.0
CCCCCCCCCCCCN1CCOCC1,22171.0,C16H33NO,255.4393,0.0
CCCCCCCCCI,29157.0,C9H19I,254.1516,0.0
CCCCCCCCCOCC1CO1,9474.0,C12H24O2,200.3178,0.0
C=CC(=O)NCOCCCC,7443.0,C8H15NO2,157.2102,0.0
CCN1CCCC1CNC(=O)c1cc(S(N)(=O)=O)ccc1OC,22574.0,C15H23N3O4S,341.4258,0.0
CCOCCOCCOCC,5047.0,C8H18O3,162.2267,0.0
CCOP(=S)(OCC)SCCSCC,2018.0,C8H19O2PS3,274.404,0.0
C(=C/C=N/c1ccccc1)\C=C\Nc1ccccc1.Cl,24398.0,C17H17ClN2,284.7833 (248.3223+36.4609),0.0
CCNC(C)Cc1ccc2c(c1)OCO2.Cl,28818.0,C12H18ClNO2,243.7298 (207.2689+36.4609),0.0
Cl.NCC1(Cc2noc(=O)[nH]2)CCCCC1,27292.0,C10H18ClN3O2,247.7218 (211.2609+36.4609),0.0
Cl.N[C@@H](CS)C(=O)O,367.0,C3H8ClNO2S,157.6191 (121.1582+36.4609),0.0
ClC(Cl)=C(Cl)Cl,1319.0,C2Cl4,165.8334,0.0
[Cl][Dy]([Cl])[Cl],21909.0,Cl3Dy,268.859,0.0
O=C(O)C(Cl)Cl,428.0,C2H2Cl2O2,128.9421,0.0
Clc1cccc(-c2cc(Cl)cc(Cl)c2)c1,3883.0,C12H7Cl3,257.543,0.0
Clc1nc(Cl)nc(Cl)n1,6799.0,C3Cl3N3,184.4112,0.0
CC(C)Nc1nc(Cl)nc(NC(C)C)n1,1196.0,C9H16ClN5,229.7098,0.0
O=C(O)CCl,901.0,C2H3ClO2,94.497,0.0
ClCC(Cl)Cl,1380.0,C2H3Cl3,133.4042,0.0
C=CCOCC(O)CCl,21261.0,C6H11ClO2,150.6033,0.0
N#CCCCl,10336.0,C3H4ClN,89.5236,0.0
ClCCOP(OCCCl)OCCCl,6258.0,C6H12Cl3O3P,269.4904,0.0
CN(C)CCCNCCCN,13445.0,C8H21N3,159.2724,0.0
CN1CCOCC1,9146.0,C5H11NO,101.1469,0.0
Cn1cnc2c1c(=O)[nH]c(=O)n2C,6132.0,C7H8N4O2,180.164,0.0
COc1ccc2c(c1OC)C(=O)O[C@@H]2[C@H]1c2cc3c(cc2CCN1C)OCO3,5409.0,C21H21NO6,383.3945,0.0
CNC(=O)Oc1ccccc1C1OCCO1,21886.0,C11H13NO4,223.2252,0.0
COC(=O)C1CCC(C(=O)OC)CC1,6566.0,C10H16O4,200.2316,0.0
COC1CCC=CO1,7570.0,C6H10O2,114.1424,0.0
CCNc1nc(NC(C)C)nc(OC)n1,17493.0,C9H17N5O,211.2642,0.0
CCNc1nc(NC(C)C)nc(SC)n1,3869.0,C9H17N5S,227.3298,0.0
N#CC(c1ccccc1)c1ccccc1,539.0,C14H11N,193.2438,0.0
N#Cc1ccccn1,1843.0,C6H4N2,104.1094,0.0
N#CCCCC(C#N)CCC#N,21234.0,C9H11N3,161.2037,0.0
N#CNC(=N)N,354.0,C2H4N4,84.08,0.0
NC(=O)c1cnccn1,1215.0,C5H5N3O,123.1127,0.0
Nc1c(Cl)c(Cl)nc(C(=O)O)c1Cl,1160.0,C6H3Cl3N2O2,241.4592,0.0
Cc1nc(N)nc(N)n1,9186.0,C4H7N5,125.1319,0.0
Nc1ccc(Cc2ccc(N)cc2)cc1,2422.0,C13H14N2,198.2637,0.0
NCCNCCNCCNCCN,6108.0,C8H23N5,189.3017,0.0
O.O=P1(N(CCCl)CCCl)NCCCO1,4888.0,C7H17Cl2N2O3P,279.1012 (261.0860+18.0153),0.0
OC[C@@H](O)[C@@H](O)[C@H](O)[C@H](O)CO,3235.0,C6H14O6,182.1718,0.0
NC(=O)N/N=C/c1ccc([N+](=O)[O-])o1,944.0,C6H6N4O4,198.1362,0.0
O=C(c1ccccc1)c1ccccc1,1961.0,C13H10O,182.2179,0.0
CCCCC(CC)COC(=O)CCCCC(=O)OCC(CC)CCCC,606.0,C22H42O4,370.5665,0.0
CCCCC/C=C\C/C=C\CCCCCCCC(=O)OC,843.0,C19H34O2,294.4721,0.0
CCCCCCCC/C=C\CCCCCCCC(=O)OC,5811.0,C19H36O2,296.4879,0.0
CCCCC(CC)COC(=O)CCCCCCCC(=O)OCC(CC)CCCC,6697.0,C25H48O4,412.6462,0.0
NNC(=O)c1ccncc1,755.0,C6H7N3O,137.1393,0.0
O=C(O)c1cc2ccccc2nc1C(=O)O,7281.0,C11H7NO4,217.1776,0.0
O=C(O)Cc1c[nH]c2ccccc12,738.0,C10H9NO2,175.184,0.0
O=C(O)CCCC(=O)O,1654.0,C5H8O4,132.1146,0.0
O=C(O)CCCCCCCCCC(=O)O,24862.0,C11H20O4,216.2741,0.0
O=C(O)CCCCCCCCCCCC(=O)O,1683.0,C13H24O4,244.3273,0.0
O=C(O)COc1ccc2ccccc2c1,22195.0,C12H10O3,202.206,0.0
CCOCC(=O)O,11294.0,C4H8O3,104.1045,0.0
C=C(C)C(=O)OCC(CC)CCCC,7293.0,C12H22O2,198.3019,0.0
O=C(OCCOCCOC(=O)c1ccccc1)c1ccccc1,6967.0,C18H18O5,314.3325,0.0
C=C(C)C(=O)OCCOCCOCCOC(=O)C(=C)C,9607.0,C14H22O6,286.3209,0.0
Cc1nnc(-c2ccccc2)c(=O)n1N,27568.0,C10H10N4O,202.2126,0.0
O=c1ccc2ccccc2o1,348.0,C9H6O2,146.1427,0.0
CC1(C)C(=O)N(Cl)C(=O)N1Cl,4985.0,C5H6Cl2N2O2,197.0193,0.0
Cc1cnc(C2=NC(=O)C(C)(C(C)C)N2)c(C(=O)O)c1,14270.0,C14H17N3O3,275.3031,0.0
CCCCCC=CCC1CC(=O)OC1=O,21373.0,C12H18O3,210.2695,0.0
O=Cc1cccc(Oc2ccccc2)c1,8005.0,C13H10O2,198.2173,0.0
O=NN1CCCCCCC1,1039.0,C7H14N2O,142.1989,0.0
CCOS(=O)(=O)OCC,4045.0,C4H10O4S,154.1848,0.0
CC(C)(C1CCC(O)CC1)C1CCC(O)CC1,24993.0,C15H28O2,240.3816,0.0
CC(CCC(=O)O)(c1ccc(O)cc1)c1ccc(O)cc1,2436.0,C17H18O4,286.3224,0.0
S=c1nccc[nH]1,29076.0,C4H4N2S,112.153,0.0
O=Nc1ccc(Nc2ccccc2)cc1,1031.0,C12H10N2O,198.2206,1.0
COP(=O)(OC)OC(Br)C(Cl)(Cl)Br,4209.0,C4H7Br2Cl2O4P,380.7837,0.0
c1ccc2sc(SSN3CCOCC3)nc2c1,6573.0,C11H12N2OS3,284.4208,1.0
C1CN(SSN2CCOCC2)CCO1,6698.0,C8H16N2O2S2,236.3548,1.0
CCOC(=S)[S-].[Na+],24801.0,C3H5NaOS2,144.1910 (121.2017+22.9892),1.0
C/C=C1/C(=O)C[C@H]2[C@@H]3CCC4=CC(=O)CC[C@]4(C)[C@H]3CC[C@]12C,13538.0,C21H28O2,312.4458,1.0
CN(C)c1ccc(C(=N)c2ccc(N(C)C)cc2)cc1.Cl,114.0,C17H22ClN3,303.8297 (267.3687+36.4609),0.0
Cl.NNc1nncc2ccccc12,24645.0,C8H9ClN4,196.6369 (160.1759+36.4609),1.0
COP(=S)(OC)SCn1nnc2ccccc2c1=O,122.0,C10H12N3O3PS2,317.3243,0.0
CSC(=O)c1c(C(F)F)nc(C(F)(F)F)c(C(=O)SC)c1CC(C)C,12379.0,C15H16F5NO2S2,401.4151,0.0
O=C(c1ccc(O)cc1)c1ccc(O)cc1O,24836.0,C13H10O4,230.2161,0.0
O=C(OCc1ccccc1)c1ccc(O)cc1,2526.0,C14H12O3,228.2433,1.0
[CH3][Sn]([CH3])([Cl])[Cl],7304.0,C2H6Cl2Sn,219.685,1.0
c1ccc(-c2cccc(-c3ccccc3)c2)cc1,9117.0,C18H14,230.3038,0.0
COc1cc(C(C)C)c2c(c1)S(=O)(=O)N(COc1cc(=O)n3cccc(OCCN4CCCCC4)c3n1)C2=O,27368.0,C27H32N4O7S,556.6306,0.0
CCC(=O)N(c1ccccc1)C1CCN(C(C)Cc2cccs2)CC1.Cl,28861.0,C21H29ClN2OS,392.9858 (356.5248+36.4609),0.0
OC12N=C(c3ccccc3)SC1Cc1cc(Cl)ccc12,27338.0,C16H12ClNOS,301.7906,0.0
Nc1ccccc1C(=O)Oc1ccc2ccccc2c1,27695.0,C17H13NO2,263.2906,0.0
O=C(c1ccc(O)cc1)c1ccc(O)cc1,2425.0,C13H10O3,214.2167,0.0
Nc1ccc(N)c2c1C(=O)c1ccccc1C2=O,21252.0,C14H10N2O2,238.2414,0.0
C[C@]12C=CC3=C4CCC(=O)C=C4CC[C@H]3[C@@H]1CC[C@@H]2O,14192.0,C18H22O2,270.3661,0.0
Cc1ccc(S(=O)(=O)NC2CCCCC2)cc1,4885.0,C13H19NO2S,253.3605,0.0
Oc1ccc(-c2ccc(O)cc2)cc1,9120.0,C12H10O2,186.2066,0.0
C#C[C@]1(O)CC[C@H]2[C@@H]3CCc4cc(O)ccc4[C@H]3CC[C@@]21C,576.0,C20H24O2,296.4034,0.0
C[C@]12CC[C@H]3[C@@H](CCC4=CC(=O)CC[C@@]43C)[C@@H]1CC[C@@H]2C(=O)CO,25254.0,C21H30O3,330.4611,0.0
c1csc(SSc2cccs2)c1,27476.0,C8H6S4,230.3932,1.0
C[C@H]1C[C@H]2[C@@H]3CCC4=CC(=O)C=C[C@]4(C)[C@@]3(F)[C@@H](O)C[C@]2(C)[C@@]1(O)C(=O)COP(=O)([O-])[O-].[Na+].[Na+],27137.0,C22H28FNa2O8P,516.4046 (22.9892+22.9892+470.4262),0.0
COCCCOc1ccnc(CS(=O)c2nc3ccccc3[n-]2)c1C.[Na+],24205.0,C18H20N3NaO3S,381.4245 (358.4352+22.9892),0.0
Brc1ccc(Oc2ccc(Br)cc2Br)c(Br)c1,10056.0,C12H6Br4O,485.7914,0.0
c1ccc(CCCc2ccncc2)cc1,24869.0,C14H15N,197.2756,1.0
C/C=C/C=C/CCCCCCCO,15288.0,C12H22O,182.3025,1.0
CC(C)c1ccc2sc3ccccc3c(=O)c2c1,24691.0,C16H14OS,254.3468,1.0
Cc1cc2nc(N)sc2cc1C,4478.0,C9H10N2S,178.2541,0.0
CCCC(=O)O[C@]1(C(=O)COC(=O)CC)CC[C@H]2[C@@H]3CCC4=CC(=O)CC[C@]4(C)[C@H]3[C@@H](O)C[C@@]21C,28529.0,C28H40O7,488.613,0.0
CCc1ccc2c(c1)C(=O)c1ccccc1C2=O,24994.0,C16H12O2,236.2653,0.0
CC[C@H]1C[C@@H]2C[C@H]3c4[nH]c5ccc(OC)cc5c4CC[N@@](C2)[C@@H]13.Cl,28803.0,C20H27ClN2O,346.8942 (310.4332+36.4609),1.0
Cc1c(COC(=O)C2C(/C=C(\Cl)C(F)(F)F)C2(C)C)cccc1-c1ccccc1,160.0,C23H22ClF3O2,422.8678,0.0
CCC(Cl)CC(Cl)C(Cl)C(Cl)C(Cl)C(C)Cl,13326.0,C10H16Cl6,348.952,0.0
O=S1OC[C@@H]2[C@H](CO1)[C@]1(Cl)C(Cl)=C(Cl)[C@@]2(Cl)C1(Cl)Cl,17539.0,C9H6Cl6O3S,406.9251,0.0
COc1ccc(-c2coc3cc(O)ccc3c2=O)cc1,2311.0,C16H12O4,268.2641,0.0
COc1ccc(C(=O)Nc2ccccc2)cc1[N+](=O)[O-],5558.0,C14H12N2O4,272.2561,0.0
COc1ccc(N=[N+]([O-])c2ccc(OC)cc2)cc1,4554.0,C14H14N2O3,258.2726,0.0
Nc1ccn([C@@H]2O[C@H](CO)[C@@H](O)[C@@H]2O)c(=O)n1,2877.0,C9H13N3O5,243.2166,0.0
CCn1c2ccccc2c2cc(N)ccc21,55.0,C14H14N2,210.2744,1.0
Nc1ccccc1C(=O)OCCc1ccccc1,5861.0,C15H15NO2,241.2851,0.0
NNc1nc(-c2ccccc2)cs1,707.0,C9H9N3S,191.2529,1.0
CCN(CC)c1ccc(C(=O)c2ccccc2C(=O)O)c(O)c1,7604.0,C18H19NO4,313.3478,0.0
CCOC(=O)CS,29294.0,C4H8O2S,120.1701,0.0
O=C1CCCCCN1SSN1CCCCCC1=O,24481.0,C12H20N2O2S2,288.4294,1.0
Oc1ccc(Cc2ccccc2O)cc1,24890.0,C13H12O2,200.2332,0.0
C[C@]12C=CC(=O)C=C1CC[C@H]1[C@@H]3C[C@@H](O)[C@](O)(C(=O)CO)[C@@]3(C)C[C@H](O)[C@@]12F,20742.0,C21H27FO6,394.4339,0.0
C[C@H]1C[C@H]2[C@@H]3CCC4=CC(=O)C=C[C@]4(C)[C@@]3(F)[C@@H](O)C[C@]2(C)[C@@]1(O)C(=O)CO,2667.0,C22H29FO5,392.4611,0.0
C[C@]12C=CC(=O)C=C1CC[C@@H]1[C@@H]2[C@@H](O)C[C@@]2(C)[C@H]1CC[C@]2(O)C(=O)CO,1184.0,C21H28O5,360.444,0.0
CCOP(=S)(OCC)Oc1cc(-c2ccccc2)on1,22080.0,C13H16NO4PS,313.3092,0.0
C[C@@H]1C[C@H]2[C@@H]3CCC4=CC(=O)C=C[C@]4(C)[C@@]3(F)[C@@H](O)C[C@]2(C)[C@@]1(O)C(=O)COP(=O)([O-])[O-].[Na+].[Na+],27429.0,C22H28FNa2O8P,516.4046 (22.9892+22.9892+470.4262),0.0
Nc1ccc(/N=N/c2ccc(-c3ccc(/N=N/c4c(S(=O)(=O)[O-])cc5cc(S(=O)(=O)[O-])c(/N=N/c6ccccc6)c(O)c5c4N)cc3)cc2)c(N)c1.[Na+].[Na+],184.0,C34H25N9Na2O7S2,781.7279 (22.9892+22.9892+735.7495),0.0
O=C1CN(N=Cc2ccc(-c3ccc([N+](=O)[O-])cc3)o2)C(=O)[N-]1.[Na+],24585.0,C14H9N4NaO5,336.2348 (313.2456+22.9892),0.0
CCCCCCCCCCCC[N+](C)(C)CC(=O)[O-],21266.0,C16H33NO2,271.4387,0.0
C=CC(=O)OCCO,2123.0,C5H8O3,116.1152,0.0
c1ccc2c(c1)-c1cccc3cccc-2c13,4104.0,C16H10,202.2506,0.0
CC(=O)O[C@]1(C(C)=O)CC[C@H]2[C@@H]3C[C@H](C)C4=CC(=O)CC[C@]4(C)[C@H]3CC[C@@]21C,5527.0,C24H34O4,386.5244,0.0
Cc1cc(C2(c3cc(C)c(O)cc3C)OS(=O)(=O)c3ccccc32)c(C)cc1O,6303.0,C23H22O5S,410.4828,0.0
CCC(C)(CC)c1cc(NC(=O)c2c(OC)cccc2OC)on1,4159.0,C18H24N2O4,332.3942,0.0
CCc1ccc(C(=O)NN(C(=O)c2cc(C)cc(C)c2)C(C)(C)C)cc1,14948.0,C22H28N2O2,352.4699,0.0
Cl.Nc1ccc(-c2ccccc2)cc1,72.0,C12H12ClN,205.6834 (169.2224+36.4609),0.0
CN1C(=O)C(O)N=C(c2ccccc2)c2cc(Cl)ccc21,1309.0,C16H13ClN2O2,300.7396,0.0
COc1cc(Cl)ccc1Oc1ccc(Cl)cc1Cl,27850.0,C13H9Cl3O2,303.5684,0.0
CC[C@H]1OC(=O)[C@H](C)[C@@H](O[C@H]2C[C@@](C)(OC)[C@@H](O)[C@H](C)O2)[C@H](C)[C@@H](O[C@@H]2O[C@H](C)C[C@H](N(C)C)[C@H]2O)[C@](C)(O)C[C@@H](C)CN(C)[C@H](C)[C@@H](O)[C@]1(C)O,10760.0,C38H72N2O12,748.9845,0.0
Cc1cccc(/N=N/c2ccc(N(C)C)cc2)c1,838.0,C15H17N3,239.3156,0.0
CN(C)c1ccc(N=Nc2ccccc2)cc1,491.0,C14H15N3,225.289,0.0
CNC(=O)N(C)c1nc2ccccc2s1,17570.0,C10H11N3OS,221.2788,0.0
COP(=S)(OC)SCn1nnc2ccccc2c1=O,122.0,C10H12N3O3PS2,317.3243,0.0
COS(=O)(=O)C(F)(F)F,29128.0,C2H3F3O3S,164.1036,1.0
Oc1ccc2c(c1)OC[C@@H](N1CCC(O)(c3ccc(F)cc3)CC1)[C@H]2O,27264.0,C20H22FNO4,359.3914,0.0
NNC(N)=S,1346.0,CH5N3S,91.1355,1.0
O.O.O=c1c(O)c(-c2ccc(O)c(O)c2)oc2cc(O)cc(O)c12,1219.0,C15H14O9,338.2663 (302.2357+18.0153+18.0153),0.0
Cc1c(C(=O)O)c(O)cc2c1C(=O)c1c(O)c([C@@H]3O[C@H](CO)[C@@H](O)[C@H](O)[C@H]3O)c(O)c(O)c1C2=O,2817.0,C22H20O13,492.3864,0.0
CCCN(CCOc1c(Cl)cc(Cl)cc1Cl)C(=O)n1ccnc1,4270.0,C15H16Cl3N3O2,376.6654,0.0
CCCCC1(COC(=O)CCC(=O)O)C(=O)N(c2ccccc2)N(c2ccccc2)C1=O,1296.0,C24H26N2O6,438.473,0.0
CCCCCCCCCC(=O)O,1554.0,C10H20O2,172.2646,0.0
O=C(Oc1ccccc1)c1ccc(O)cc1,27858.0,C13H10O3,214.2167,0.0
O=C(C=Cc1ccccc1)OCCc1ccccc1,27605.0,C17H16O2,252.3077,0.0
CCCCC(CC)C(=O)OCCOCCOCCOC(=O)C(CC)CCCC,6564.0,C22H42O6,402.5653,0.0
C/C(=C\C(C)CC(C)CC(C)C)C1CC(=O)OC1=O,7905.0,C16H26O3,266.3758,0.0
CCCCCCCCC1CCC(=O)O1,27190.0,C12H22O2,198.3019,0.0
O=CCCCC=O,5355.0,C5H8O2,100.1158,0.0
O=c1c(O)c(-c2ccc(O)cc2)oc2cc(O)cc(O)c12,768.0,C15H10O6,286.2363,0.0
OC1CCCC1,13371.0,C5H10O,86.1323,0.0
O=C(Oc1ccccc1)c1ccccc1O,1957.0,C13H10O3,214.2167,1.0
C[C@]12CCC(=O)C=C1CC[C@@H]1[C@@H]2[C@@H](O)C[C@@]2(C)[C@H]1CC[C@]2(O)C(=O)CO,714.0,C21H30O5,362.4599,0.0
CC1(C)O[C@@H]2C[C@H]3[C@@H]4CCC5=CC(=O)C=C[C@]5(C)[C@@]4(F)[C@@H](O)C[C@]3(C)[C@]2(C(=O)CO)O1,1371.0,C24H31FO6,434.4977,0.0
CC1(C)O[C@@H]2C[C@H]3[C@@H]4C[C@H](F)C5=CC(=O)CC[C@]5(C)[C@H]4[C@@H](O)C[C@]3(C)[C@]2(C(=O)CO)O1,27434.0,C24H33FO6,436.5136,0.0
C[C@]12C[C@H](O)[C@H]3[C@@H](CCC4=CC(=O)CC[C@@]43C)[C@@H]1CC[C@@H]2C(=O)CO,2474.0,C21H30O4,346.4605,0.0
CCCCCCCC/C=C/CCCCCCCC(=O)OCCOCC(OCCO)C1OC(OCCO)CC1OCCO,1175.0,C32H60O10,604.8128,0.0
[Co+2].c1cc[cH-]c1.c1cc[cH-]c1,4840.0,C10H10Co,189.1196 (65.0937+65.0937+58.9321),0.0
CCN(Cc1cccc(S(=O)(=O)[O-])c1)c1ccc(C(=C2C=CC(=[N+](CC)Cc3cccc(S(=O)(=O)[O-])c3)C=C2)c2ccccc2)cc1.[Na+],671.0,C37H35N2NaO6S2,690.8034 (667.8141+22.9892),0.0
O=C([O-])CS.[NH4+],7599.0,C2H7NO2S,109.1475 (91.1096+18.0379),0.0
O=[N+]([O-])c1ccc2c(c1)Cc1ccccc1-2,971.0,C13H9NO2,211.2161,0.0
O=[N+]([O-])c1cc([N+](=O)[O-])c2ccccc2c1,5164.0,C10H6N2O4,218.1656,0.0
Br.Nc1nc(-c2ccccc2)cs1.O,4503.0,C9H11BrN2OS,275.1654 (176.2382+80.9119+18.0153),0.0
O=C(Oc1ccc(Br)cc1)N1CCN2CCC1CC2,27359.0,C14H17BrN2O2,325.201,0.0
C=CC(=O)OCC(C)O,2143.0,C6H10O3,130.1418,0.0
CC(=O)N[C@@H](CS)C(=O)O,21.0,C5H9NO3S,163.1949,0.0
CC(=O)Nc1ccc2c(c1)Cc1ccccc1-2,18.0,C15H13NO,223.2698,0.0
CCCCCOC(C)=O,7263.0,C7H14O2,130.1849,1.0
CC(C)(C)C1=CC(=O)C=C(C(C)(C)C)C1=O,1493.0,C14H20O2,220.3074,0.0
CNC(=O)N(C)c1nnc(C(C)(C)C)s1,4316.0,C9H16N4OS,228.3145,0.0
CC(C)C(OC(=O)c1ccccc1)C(C)(C)COC(=O)c1ccccc1,21242.0,C22H26O4,354.4394,0.0
COC(=O)[C@]1(C)CCC[C@@]2(C)[C@H]1CC=C1C=C(C(C)C)CC[C@@H]12,28165.0,C21H32O2,316.4776,0.0
CC1=CC[C@H](C(C)C)C=C1,27053.0,C10H16,136.234,0.0
CC1CC(CC2CCC(N)C(C)C2)CCC1N,9670.0,C15H30N2,238.4121,0.0
Cc1cc2c3c(c1)C(c1ccccc1)=N[C@@H](NC(=O)c1ccncc1)C(=O)N3CC2,27248.0,C24H20N4O2,396.4412,0.0
CCCCC(CC)COC(=O)CS,7656.0,C10H20O2S,204.3296,0.0
CCCCCCCCCCCCCCO,6926.0,C14H30O,214.3874,0.0
CCOP(=S)(OCC)SCn1c(=O)oc2cc(Cl)ccc21,4259.0,C12H15ClNO4PS2,367.8086,0.0
Cc1cc(C(=C2C=CC(=N)C=C2)c2ccc(N)cc2)ccc1N.Cl,1246.0,C20H20ClN3,337.8459 (301.3850+36.4609),0.0
CN(C)[C@@H]1C(O)=C(C(N)=O)C(=O)[C@@]2(O)C(O)=C3C(=O)c4c(O)cccc4[C@@](C)(O)[C@H]3[C@H](O)[C@@H]12.Cl,1097.0,C22H25ClN2O9,496.8949 (460.4340+36.4609),0.0
Cl.Nc1ccn([C@@H]2O[C@H](CO)[C@@H](O)[C@@H]2O)c(=O)n1,4891.0,C9H14ClN3O5,279.6776 (243.2166+36.4609),0.0
CC(C)N(C(=O)SCC(Cl)=C(Cl)Cl)C(C)C,4344.0,C10H16Cl3NOS,304.6641,0.0
O=C(O)c1nc(Cl)c(Cl)c(Cl)c1Cl,24509.0,C6HCl4NO2,260.8896,0.0
COc1ccc2c(c1)c(CC(=O)O)c(C)n2C(=O)c1ccc(Cl)cc1,740.0,C19H16ClNO4,357.7876,0.0
Oc1ccc(Cl)cc1C1CCCC1,21506.0,C11H13ClO,196.6733,0.0
O=C1CN=C(c2ccccc2)c2cc(Cl)ccc2N1CC1CC1,1181.0,C19H17ClN2O,324.8041,0.0
O=C(NC(=O)c1c(F)cccc1F)Nc1ccc(Cl)cc1,4049.0,C14H9ClF2N2O2,310.6833,0.0
Clc1ccccc1-c1ccccc1Cl,24533.0,C12H8Cl2,223.0979,0.0
ClC1=C(Cl)[C@]2(Cl)[C@H]3[C@H]([C@H]4C=C[C@H]3C4)[C@@]1(Cl)C2(Cl)Cl,22065.0,C12H8Cl6,364.9099,0.0
COC(=O)[C@H]1[C@H]2C[C@@H]3c4[nH]c5cc(OC)ccc5c4CCN3C[C@H]2C[C@@H](OC(=O)COc2ccc(OC)cc2)[C@@H]1OC,26721.0,C32H38N2O8,578.6527,0.0
COc1ccc2nc(N)sc2c1,4485.0,C8H8N2OS,180.2269,0.0
CCNS(=O)(=O)C(F)(F)C(F)(F)C(F)(F)C(F)(F)C(F)(F)C(F)(F)C(F)(F)C(F)(F)F,12646.0,C10H6F17NO2S,527.198,0.0
CNc1cnn(-c2cccc(C(F)(F)F)c2)c(=O)c1Cl,4234.0,C12H9ClF3N3O,303.6676,0.0
CCCC[N+]1(C)CCCCC1.O=S(=O)([N-]S(=O)(=O)C(F)(F)F)C(F)(F)F,29295.0,C12H22F6N2O4S2,436.4345 (156.2878+280.1467),0.0
O=c1[nH]c2ccc(S(=O)CCN3CCC(Cc4ccc(F)cc4)CC3)cc2o1,27270.0,C21H23FN2O3S,402.4823,0.0
c1ccc(NNc2ccccc2)cc1,710.0,C12H12N2,184.2371,0.0
c1ccc2[nH]c(-c3cscn3)nc2c1,1337.0,C10H7N3S,201.2477,0.0
Nc1ccc2ccccc2c1,921.0,C10H9N,143.1852,0.0
COc1ccc(C(=O)c2ccc(C)cc2)c(O)c1,26242.0,C15H14O3,242.2699,0.0
O=C(c1ccccc1O)c1ccccc1O,2404.0,C13H10O3,214.2167,0.0
CCCCCCCC(=O)OCC(COC(=O)CCCCCCC)OC(=O)CCCCCCC,1375.0,C27H50O6,470.6823,0.0
CCCCCCCC/C=C\CCCCCCCC(=O)OCCO,7713.0,C20H38O3,326.5139,1.0
CCCCC(CC)COC(=O)CCCCCCCC(=O)OCC(CC)CCCC,6697.0,C25H48O4,412.6462,0.0
CC1=C(C(=O)Nc2ccccc2)SCCO1,3951.0,C12H13NO2S,235.3021,0.0
O=C(Nc1ccccc1)c1ccccc1I,21623.0,C13H10INO,323.1291,0.0
O=C(Nc1ccccc1)Nc1ccccc1,5183.0,C13H12N2O,212.2472,0.0
O=C(CCC1CCN(Cc2ccccc2)CC1)c1ccc2c(c1)NCCCC2.O=C(O)/C=C/C(=O)O,28702.0,C29H36N2O5,492.6065 (376.5344+116.0722),0.0
O=C(O)c1cc2ccccc2cc1O,6560.0,C11H8O3,188.1794,0.0
COC(=O)Nc1nc2cc(S(=O)c3ccccc3)ccc2[nH]1,24112.0,C15H13N3O3S,315.347,0.0
O=C(OCCCCCOC(=O)c1ccccc1)c1ccccc1,27538.0,C19H20O4,312.3597,0.0
O=c1c2ccccc2oc2ccccc12,1795.0,C13H8O2,196.2014,0.0
CCCCCCCCC/C=C/CC1CC(=O)OC1=O,5217.0,C16H26O3,266.3758,0.0
C[C@]12CC[C@H]3[C@@H](CCC4=CC(=O)CC[C@@H]43)[C@@H]1CC[C@@H]2O,3350.0,C18H26O2,274.3978,0.0
O=CCCCC=O,5355.0,C5H8O2,100.1158,0.0
O=c1c(O)c(-c2ccc(O)c(O)c2)oc2cc(O)cc(O)c12,1218.0,C15H10O7,302.2357,0.0
Oc1ccc(Cc2ccc(O)cc2)cc1,2445.0,C13H12O2,200.2332,0.0
Oc1ccc(Cc2ccccc2)cc1,27938.0,C13H12O,184.2338,0.0
O=C1c2ccccc2C(=O)c2cc(O)ccc21,29283.0,C14H8O3,224.2115,0.0
CC(C)(C)c1ccc(OC(=O)c2ccccc2O)cc1,17745.0,C17H18O3,270.323,0.0
C[C@]12CC[C@@H]3c4ccc(O)cc4CC[C@H]3[C@@H]1CC[C@H]2O,2377.0,C18H24O2,272.382,0.0
C[C@]12C=CC(=O)C=C1CC[C@@H]1[C@@H]2C(=O)C[C@@]2(C)[C@H]1CC[C@]2(O)C(=O)CO,1185.0,C21H26O5,358.4281,0.0
C[C@@H]1C[C@H]2[C@@H]3CCC4=CC(=O)C=C[C@]4(C)[C@@]3(F)[C@@H](O)C[C@]2(C)[C@@]1(O)C(=O)CO,384.0,C22H29FO5,392.4611,0.0
CC1(C)O[C@@H]2C[C@H]3[C@@H]4CCC5=CC(=O)C=C[C@]5(C)[C@@]4(F)[C@@H](O)C[C@]3(C)[C@]2(C(=O)CO)O1,1371.0,C24H31FO6,434.4977,0.0
CCCCCC[C@@H](O)C/C=C\CCCCCCCC(=O)OCC(O)CO,22007.0,C21H40O5,372.5393,0.0
O=c1n(CCO)c(=O)n(CCO)c(=O)n1CCO,6266.0,C9H15N3O6,261.2319,1.0
COc1cc2c(cc1OC)-c1cc3ccc(OC)c(OC)c3c[n+]1CC2.O.[Cl-],27845.0,C21H24ClNO5,405.8720 (352.4031+35.4535+18.0153),0.0
CC(=O)[O-].CC(=O)[O-].CC(=O)[O-].[Cr+3],327.0,C6H9CrO6,229.1282 (59.0446+59.0446+59.0446+51.9945),0.0
[Cl-].[Cl-].[Fe+2],9695.0,Cl2Fe,126.7510 (55.8439+35.4535+35.4535),0.0
CCCCCCCCCCCCOS(=O)(=O)[O-].[Na+],6031.0,C12H25NaO4S,288.3793 (265.3900+22.9892),0.0
[Na+].[S-]c1nc2ccccc2s1,6035.0,C7H4NNaS2,189.2331 (166.2439+22.9892),1.0
O=[N+]([O-])c1ccc(Nc2ccc(Nc3ccccc3)c(S(=O)(=O)[O-])c2)c([N+](=O)[O-])c1.[Na+],1081.0,C18H13N4NaO7S,452.3732 (22.9892+429.3840),0.0
O=S1(=O)OC(c2ccc([O-])cc2)(c2ccc(O)cc2)c2ccccc21.[Na+],24420.0,C19H13NaO5S,376.3583 (22.9892+353.3691),0.0
O=[N+]([O-])c1ccc2c(c1)Cc1ccccc1-2,971.0,C13H9NO2,211.2161,0.0
O=[N+]([O-])c1ccccc1Nc1ccccc1,5749.0,C12H10N2O2,214.22,0.0
Brc1cc(-c2ccc(Br)c(Br)c2Br)cc(Br)c1Br,1174.0,C12H4Br6,627.5842,0.0
C(=C(c1ccccc1)c1ccccc1)c1ccccc1,2320.0,C20H16,256.341,0.0
C(=C/c1ccccc1)\c1ccccc1,6050.0,C14H12,180.2451,0.0
C(CCOCC1CO1)COCC1CO1,4667.0,C10H18O4,202.2475,0.0
COC(=O)/C=C/C=C(C)/C=C/C=C(C)/C=C\C=C(C)\C=C/C=C(C)\C=C/C(=O)O,4629.0,C25H30O4,394.5033,0.0
C=CC(=C)CCC=C(C)C,5692.0,C10H16,136.234,1.0
Cc1nc(C)nc(N2C[C@@H](C)N(c3ccnc([C@@H](C)O)n3)[C@@H](C)C2)n1,27267.0,C17H25N7O,343.4267,0.0
C[Si](Cl)(c1ccccc1)c1ccccc1,7116.0,C13H13ClSi,232.7808,0.0
C=CC(Cl)CCl,2113.0,C4H6Cl2,124.9964,0.0
C=CCN=C=S,47.0,C4H5NS,99.1542,0.0
c1ccc(-c2ccc(-c3ccccc3)cc2)cc1,7888.0,C18H14,230.3038,0.0
c1cc2c3c(c1)ccc1cccc(c13)C2,4887.0,C15H10,190.2399,0.0
C1CNCCN1,1164.0,C4H10N2,86.1356,0.0
C1OCOCO1,1925.0,C3H6O3,90.0779,0.0
CC(=O)[C@H]1[C@H](C#N)C[C@H]2[C@@H]3CC=C4C[C@@H](O)CC[C@]4(C)[C@H]3CC[C@@]21C,17262.0,C22H31NO2,341.487,0.0
CC(=O)CC(C)(C)O,4917.0,C6H12O2,116.1583,0.0
CC(C)(C)NC(=O)[C@H]1CC[C@H]2[C@@H]3CC[C@H]4NC(=O)C=C[C@]4(C)[C@H]3CC[C@]12C,625.0,C23H36N2O2,372.5441,0.0
CC(C)(O)c1ccc(CNC(=O)c2cccnc2Oc2ccc(F)cc2)cc1,27278.0,C22H21FN2O3,380.4121,0.0
CC(C)(OOC(C)(C)c1ccccc1)c1ccccc1,5017.0,C18H22O2,270.3661,0.0
CC(C)CC(=O)O,9182.0,C5H10O2,102.1317,0.0
CC(C)CCCCCCCOC(=O)CCCCC(=O)OCCCCCCCC(C)C,7924.0,C26H50O4,426.6728,0.0
CC(c1ccc(O)cc1)c1ccc(O)cc1,27867.0,C14H14O2,214.2598,0.0
COC(=O)C(C)N(C(=O)Cc1ccccc1)c1c(C)cccc1C,21619.0,C20H23NO3,325.4015,0.0
CC(C)=CCC[C@](C)(O)[C@@H]1CC=C(C)CC1,22094.0,C15H26O,222.3663,0.0
Cc1cnc(C(=O)NCCc2ccc(S(=O)(=O)NC(=O)NC3CCCCC3)cc2)cn1,20676.0,C21H27N5O4S,445.5352,0.0
CCc1nccnc1C,27464.0,C7H10N2,122.1677,0.0
CC1CCC2CC1C2(C)C,5922.0,C10H18,138.2499,0.0
Cc1cc(C)nc(Nc2ccccc2)n1,14877.0,C12H13N3,199.2517,0.0
Cc1cccc(Nc2ccccc2)c1,24790.0,C13H13N,183.249,0.0
Cc1cnc(NC(=O)C2=C(O)c3ccccc3S(=O)(=O)N2C)s1,803.0,C14H13N3O4S2,351.4007,0.0
CC1=C2C[C@H]3[C@@H](CC=C4C[C@@H](O)CC[C@@]43C)[C@@H]2CC[C@]12O[C@@H]1C[C@H](C)CN[C@H]1[C@H]2C,23709.0,C27H41NO2,411.6199,0.0
CCCCn1cc[n+](C)c1.O=S(=O)([N-]S(=O)(=O)C(F)(F)F)C(F)(F)F,29090.0,C10H15F6N3O4S2,419.3642 (139.2176+280.1467),0.0
CCCCOCCOP(=O)(OCCOCCCC)OCCOCCCC,1758.0,C18H39O7P,398.4718,0.0
CCO[Si](CC(C)C)(OCC)OCC,24857.0,C10H24O3Si,220.3813,0.0
CCOC(=O)C1OC1(C)c1ccccc1,591.0,C12H14O3,206.2378,0.0
CCOc1ccc2[nH]cc(C(=O)NCc3ccccc3)c(=O)c2n1,27254.0,C18H17N3O3,323.3459,0.0
CCOP(=S)(OCC)Oc1ncn(-c2ccccc2)n1,17612.0,C12H16N3O3PS,313.3125,0.0
CCC(=O)C(CC(C)N(C)C)(c1ccccc1)c1ccccc1.Cl,501.0,C21H28ClNO,345.9061 (309.4452+36.4609),0.0
Cc1cc(-c2ccc(N)c(C)c2)ccc1N.Cl.Cl,511.0,C14H18Cl2N2,285.2121 (212.2902+36.4609+36.4609),0.0
CN(C)c1ccc(O)c2c1C[C@H]1C[C@H]3[C@H](N(C)C)C(O)=C(C(N)=O)C(=O)[C@@]3(O)C(O)=C1C2=O.Cl,24545.0,C23H28ClN3O7,493.9373 (457.4764+36.4609),0.0
Cl[C@H]1[C@H](Cl)[C@@H](Cl)[C@@H](Cl)[C@H](Cl)[C@H]1Cl,686.0,C6H6Cl6,290.8298,0.0
Cc1c(F)c(F)c(COC(=O)C2C(/C=C(\Cl)C(F)(F)F)C2(C)C)c(F)c1F,12577.0,C17H14ClF7O2,418.7337,0.0
CCC1COC(Cn2cncn2)(c2ccc(Cl)cc2Cl)O1,21913.0,C14H15Cl2N3O2,328.1938,0.0
COC(=O)C(C)Oc1ccc(Oc2ccc(Cl)cc2Cl)cc1,12605.0,C16H14Cl2O4,341.186,0.0
Clc1nnc(Cl)c2ccccc12,29162.0,C8H4Cl2N2,199.0368,0.0
O=P(Cl)(Oc1ccccc1)Oc1ccccc1,24892.0,C12H10ClO3P,268.6328,0.0
Cc1ccc2c(n1)Oc1ccc(C(C)C(=O)OCC(=O)N(C)C)cc1C2,28778.0,C20H22N2O4,354.3997,0.0
CNc1ncnc2[nH]cnc12,857.0,C6H7N5,149.1533,0.0
COc1c2ccoc2cc2oc(=O)ccc12,5560.0,C12H8O4,216.1895,0.0
C=C[C@H]1CN2CCC1C[C@@H]2[C@@H](O)c1ccnc2ccc(OC)cc12,3549.0,C20H24N2O2,324.4168,0.0
COc1ccc(Nc2ccccc2)c(C)c1,9364.0,C14H15NO,213.275,0.0
COc1ccc(C(=O)c2cccc(O)c2)c(OC)c1,27862.0,C15H14O4,258.2693,0.0
Cc1nn(-c2cc(NS(C)(=O)=O)c(Cl)cc2Cl)c(=O)n1C(F)F,12645.0,C11H10Cl2F2N4O3S,387.1899,0.0
CCCCCCn1cc[n+](C)c1.F[B-](F)(F)F,29108.0,C10H19BF4N2,254.0759 (86.8052+167.2707),0.0
CNc1cnn(-c2cccc(C(F)(F)F)c2)c(=O)c1Cl,4234.0,C12H9ClF3N3O,303.6676,0.0
CCCCCC[n+]1ccccc1.O=S(=O)([O-])C(F)(F)F,29292.0,C12H18F3NO3S,313.3364 (164.2668+149.0697),0.0
c1ccc(N=Nc2ccccc2)cc1,123.0,C12H10N2,182.2212,0.0
Nc1ccc(-c2ccc(N)cc2)cc1,137.0,C12H12N2,184.2371,0.0
Nc1ccc2ccccc2c1,921.0,C10H9N,143.1852,0.0
Nc1ncnc2[nH]cnc12,2557.0,C5H5N5,135.1267,0.0
Nc1cccc2ccccc12,920.0,C10H9N,143.1852,0.0
Cn1c(N)nc2c3cccnc3ccc21,745.0,C11H10N4,198.2239,0.0
COc1ccc(C(=O)c2ccccc2)c(O)c1,2405.0,C14H12O3,228.2433,0.0
CCOC(=O)c1ccc(NC(=O)CN2CCCCC2)cc1,28776.0,C16H22N2O3,290.3575,0.0
N[C@@H](Cc1cc(I)c(Oc2ccc(O)c(I)c2)c(I)c1)C(=O)O,3216.0,C15H12I3NO4,650.9735,0.0
CCCCCCCCCC(=O)O,1554.0,C10H20O2,172.2646,0.0
CCCCCCCCCCCCCC(=O)O,1666.0,C14H28O2,228.3709,0.0
O=C(Oc1ccccc1)c1ccc(O)cc1,27858.0,C13H10O3,214.2167,0.0
CCOC(=O)c1cn2nc(OP(=S)(OCC)OCC)cc2nc1C,22352.0,C14H20N3O5PS,373.3645,0.0
O=C1CCCCCCCCCCCC(=O)OCCO1,24774.0,C15H26O4,270.3645,0.0
NC(=O)CN1CCCC1=O,24491.0,C6H10N2O2,142.1558,0.0
CCO/C=C1\N=C(c2ccccc2)OC1=O,29081.0,C12H11NO3,217.2206,0.0
COC1=CC(=O)O[C@@H](/C=C/c2ccccc2)C1,13595.0,C14H14O3,230.2592,0.0
C[C@]12CCC(=O)C[C@@H]1CC[C@@H]1[C@@H]2CC[C@]2(C)[C@@H](O)CC[C@@H]12,2364.0,C19H30O2,290.4403,0.0
O=C1OC(=O)c2cccc3cccc1c23,6505.0,C12H6O3,198.1742,0.0
C#C[C@]1(O)CC[C@H]2[C@@H]3CCC4=CC(=O)CC[C@@H]4[C@H]3CC[C@@]21C,3380.0,C20H26O2,298.4192,0.0
C#C[C@]1(O)CC[C@H]2[C@@H]3CCC4=CC(=O)CC[C@@H]4[C@H]3CC[C@@]21CC,16496.0,C21H28O2,312.4458,0.0
O=Cc1c2ccccc2c(Cl)c2ccccc12,28473.0,C15H9ClO,240.6844,1.0
Nc1c(S(=O)(=O)O)cc(Br)c2c1C(=O)c1ccccc1C2=O,24782.0,C14H8BrNO5S,382.186,0.0
NC[C@H]1O[C@H](O[C@H]2[C@H](O)[C@@H](O[C@H]3O[C@H](CO)[C@@H](O)[C@H](N)[C@H]3O)[C@H](N)C[C@@H]2N)[C@H](O)[C@@H](O)[C@@H]1O.O=S(=O)(O)O,27524.0,C18H38N4O15S,582.5771 (484.4986+98.0785),0.0
CC(C)(C)C(O)C(Cc1ccc(Cl)cc1)n1cncn1,4242.0,C15H20ClN3O,293.7918,0.0
O=c1oc2ccccc2c(O)c1C1CCCc2ccccc21,21799.0,C19H16O3,292.3285,0.0
O=S(=O)(c1ccc(O)cc1)c1ccc(O)cc1,2409.0,C12H10O4S,250.2704,0.0
OC1CCCCCCCCCCC1,7429.0,C12H24O,184.3184,0.0
Oc1ccccc1Cc1ccccc1O,2446.0,C13H12O2,200.2332,0.0
Oc1ccc2ccccc2c1/N=N/c1ccccc1,1135.0,C16H12N2O,248.2793,0.0
CCOP(=S)(OCC)SCSP(=S)(OCC)OCC,4086.0,C9H22O4P2S4,384.4761,0.0
C[N+](C)(C)CC(O)CCl.[Cl-],7534.0,C6H15Cl2NO,188.0954 (152.6419+35.4535),0.0
OC[P+](CO)(CO)CO.[Cl-],1330.0,C4H12ClO4P,190.5624 (155.1089+35.4535),0.0
O=S(=O)([O-])[O-].[Fe+2],9688.0,FeO4S,151.9076 (96.0637+55.8439),0.0
Cc1cc(C)c(S(=O)(=O)[O-])cc1N=Nc1cc(S(=O)(=O)[O-])c2ccccc2c1O.[Na+].[Na+],1234.0,C18H14N2Na2O7S2,480.4225 (434.4441+22.9892+22.9892),0.0
O=N[O-].[Na+],941.0,NNaO2,68.9953 (46.0060+22.9892),0.0
O=S(=O)([O-])CCS.[Na+],809.0,C2H5NaO3S2,164.1791 (141.1898+22.9892),0.0
Cc1ncc(C[n+]2csc(CCO)c2C)c(N)n1.O=[N+]([O-])[O-],18762.0,C12H17N5O4S,327.3595 (265.3540+62.0054),0.0
Nc1nc2ccc([N+](=O)[O-])cc2s1,4491.0,C7H5N3O2S,195.1985,0.0
Nc1ncc([N+](=O)[O-])s1,66.0,C3H3N3O2S,145.1398,0.0
CC(=O)[O-].CC(=O)[O-].CC(=O)[O-].[Sb+3],9283.0,C6H9O6Sb,298.8921 (59.0446+59.0446+59.0446+121.7584),0.0
BrC(Br)C(Br)Br,6083.0,C2H2Br4,345.6533,0.0
BrCCCCCCBr,24452.0,C6H12Br2,243.9675,0.0
c1ccc(OCCOc2ccccc2)cc1,6706.0,C14H14O2,214.2598,0.0
C=CC(C)(O)CC/C=C(/C)CCC=C(C)C,27239.0,C15H26O,222.3663,0.0
C=C/C(C)=C/C/C=C(\C)CCC=C(C)C,27202.0,C15H24,204.3511,1.0
Cc1ccccc1CO[C@H]1C[C@]2(C(C)C)CC[C@@]1(C)O2,14456.0,C18H26O2,274.3978,0.0
CCn1cc[n+](C)c1C.O=S(=O)([N-]S(=O)(=O)C(F)(F)F)C(F)(F)F,29091.0,C9H13F6N3O4S2,405.3376 (125.1910+280.1467),0.0
C#CCOC(=O)/C=C(C)/C=C/CC(C)CCCC(C)C,12624.0,C18H28O2,276.4137,0.0
C/C=C/C=C/CO,27631.0,C6H10O,98.143,0.0
c1cc(-c2ccncc2)ccn1,7200.0,C10H8N2,156.1839,0.0
c1cc(-c2ccncc2)ccn1,7200.0,C10H8N2,156.1839,0.0
C1=Cc2cccc3cccc1c23,3845.0,C12H8,152.1919,0.0
c1ccc2c(c1)ccc1c3ccccc3ccc21,2432.0,C18H12,228.2879,0.0
c1ccc2c(c1)Oc1ccccc1S2,4937.0,C12H8OS,200.2563,0.0
c1ccc(C2CO2)cc1,1286.0,C8H8O,120.1485,0.0
c1ccc(Nc2ccccc2)cc1,1975.0,C12H11N,169.2224,0.0
c1ccoc1,646.0,C4H4O,68.074,0.0
C=C(C)C(=O)OCC(C)O,5934.0,C7H12O3,144.1684,0.0
CC(=O)C1=C(C)[C@@H]2C[C@@]3(C1)[C@H](C)CC[C@H]3C2(C)C,9353.0,C17H26O,246.3877,0.0
CC(=O)C1(C)CC2=C(CCCC2(C)C)CC1C,11290.0,C16H26O,234.377,0.0
CC(=O)OC(C)C,5478.0,C5H10O2,102.1317,0.0
CC(=O)OC(C)C,5478.0,C5H10O2,102.1317,0.0
CCCCCOC(C)=O,7263.0,C7H14O2,130.1849,0.0
CC(C)(C)c1ccc(-c2ccc(C(C)(C)C)cc2)cc1,28168.0,C20H26,266.4204,0.0
CCCN(CC)CC1COC2(CCC(C(C)(C)C)CC2)O1,14212.0,C18H35NO2,297.476,0.0
CC(C)C(C)(N)C#N,7759.0,C6H12N2,112.1729,0.0
CC(C)COP(=O)(OCC(C)C)OCC(C)C,20698.0,C12H27O4P,266.3141,0.0
COC(C)(C)CCCC(C)C/C=C/C(C)=C/C(=O)OC(C)C,12627.0,C19H34O3,310.4715,0.0
CC(C)OC=O,7258.0,C4H8O2,88.1051,1.0
Cc1ccccc1C(=O)Nc1cccc(OC(C)C)c1,17565.0,C17H19NO2,269.3383,0.0
CCC(C)SSC(C)CC,24698.0,C8H18S2,178.3585,0.0
CC[C@H]1C[C@H]2[C@@H]3CCC4=CC(=O)CC[C@@H]4[C@H]3CC[C@]2(C)[C@H]1O,28740.0,C20H30O2,302.451,0.0
CC(=O)CCC1=C(C)CCCC1(C)C,27200.0,C13H22O,194.3132,0.0
CC=C1CC2C=CC1C2,5306.0,C9H12,120.1916,0.0
C=CCCC(=O)/C=C/C1C(C)=CCCC1(C)C,27591.0,C16H24O,232.3612,0.0
CC(=O)c1cc(C)oc1C,10317.0,C8H10O2,138.1638,0.0
Cc1cc(-c2cc(C)c(N)c(C)c2)cc(C)c1N,6120.0,C16H20N2,240.3434,0.0
Cc1cc(-c2cc(C)c(N)c(C)c2)cc(C)c1N,6120.0,C16H20N2,240.3434,0.0
Cc1ccc(OP(=O)(Oc2ccc(C)cc2)Oc2ccc(C)cc2)cc1,1391.0,C21H21O4P,368.3628,0.0
CC1=CC(C)(C)Nc2ccccc21,5070.0,C12H15N,173.2542,0.0
Cc1nc2ccccc2c(=O)o1,29269.0,C9H7NO2,161.1574,0.0
CCCCC(CC)COC(=O)CS,7656.0,C10H20O2S,204.3296,0.0
CCCCCCCC=O,1643.0,C8H16O,128.212,0.0
CCCCCCCCCCC,1689.0,C11H24,156.3083,0.0
CCCCCCCCCCCCCCCO,7270.0,C15H32O,228.414,0.0
CCCCCCCCCCCCCO,1947.0,C13H28O,200.3608,0.0
C=CCSSCCC,4448.0,C6H12S2,148.2895,0.0
CCN(C(=O)N(CC)c1ccccc1)c1ccccc1,5040.0,C17H20N2O,268.3535,0.0
CCSC(=O)N(CC)C1CCCCC1,12356.0,C11H21NOS,215.3555,0.0
CCN(Cc1ccccc1)c1ccccc1,5315.0,C15H17N,211.3022,0.0
CCCCC[Si](OCC)(OCC)OCC,22491.0,C11H26O3Si,234.4078,0.0
CCO[Si](CCCN)(OCC)OCC,7333.0,C9H23NO3Si,221.3693,0.0
CCO[Si](OCC)(OCC)OCC,6450.0,C8H20O4Si,208.3275,0.0
CCC(=O)N(c1ccccc1)C1CCN(Cc2ccccc2)CC1.Cl,28859.0,C21H27ClN2O,358.9049 (322.4439+36.4609),0.0
Cl.N=C(N)NC(=O)c1nc(Cl)c(N)nc1N,4452.0,C6H9Cl2N7O,266.0880 (229.6270+36.4609),0.0
Cl.NO,5425.0,H4ClNO,69.4909 (33.0299+36.4609),0.0
CCOC(=O)[C@H](CCc1ccccc1)N[C@@H](C)C(=O)N1Cc2ccccc2C[C@H]1C(=O)O.Cl,1221.0,C25H31ClN2O5,474.9770 (438.5161+36.4609),0.0
Cl[C@H]1[C@H](Cl)[C@@H](Cl)[C@H](Cl)[C@@H](Cl)[C@@H]1Cl,685.0,C6H6Cl6,290.8298,0.0
[NH2][Pt]([NH2])([Cl])[Cl],4983.0,H4Cl2N2Pt,298.0352,0.0
O=C(Cl)C(Cl)Cl,4965.0,C2HCl3O,147.3877,0.0
CCCCC(C#N)(Cn1cncn1)c1ccc(Cl)cc1,4315.0,C15H17ClN4,288.7753,0.0
O=C1Nc2ccc(Cl)cc2C(c2ccccc2)=NC1O,1087.0,C15H11ClN2O2,286.713,0.0
O=[N+]([O-])c1ccc(Oc2ccc(Cl)cc2Cl)cc1,970.0,C12H7Cl2NO3,284.0949,0.0
CCOc1nc(F)cc2nc(S(=O)(=O)Nc3c(Cl)cccc3Cl)nn12,14528.0,C13H10Cl2FN5O3S,406.2196,0.0
CO[C@H]1/C=C/O[C@@]2(C)Oc3c(C)c(O)c4c(O)c(c(/C=N/N5CCN(C)CC5)c(O)c4c3C2=O)NC(=O)/C(C)=C\C=C\[C@H](C)[C@H](O)[C@@H](C)[C@@H](O)[C@@H](C)[C@H](OC(C)=O)[C@@H]1C,1244.0,C43H58N4O12,822.9402,0.0
CNC(=O)Oc1ccc2c(c1)[C@]1(C)CCN(C)[C@@H]1N2C,3471.0,C15H21N3O2,275.3461,0.0
CNC(=O)Oc1cccc2ccccc12,247.0,C12H11NO2,201.2212,0.0
CO[Si](CCCNCCN)(OC)OC,7433.0,C8H22N2O3Si,222.3574,0.0
C=C(C)C(=O)OCCC[Si](OC)(OC)OC,9237.0,C10H20O5Si,248.3483,0.0
COc1ccc(CN(CCN(C)C)c2ccccn2)cc1,3542.0,C17H23N3O,285.384,0.0
COP(=O)(OC)OC=C(Cl)Cl,449.0,C4H7Cl2O4P,220.9757,0.0
CCNP(=S)(OC)O/C(C)=C/C(=O)OC(C)C,12470.0,C10H20NO4PS,281.3089,0.0
CSc1nc(NC(C)C)nc(NC(C)C)n1,4272.0,C10H19N5S,241.3564,0.0
CSc1nc(NC(C)C)nc(NC(C)C)n1,4272.0,C10H19N5S,241.3564,0.0
CCCCCC[n+]1ccccc1.F[P-](F)(F)(F)(F)F,27912.0,C11H18F6NP,309.2315 (164.2668+144.9647),0.0
O=C(O)C(F)(F)C(F)(F)C(F)(F)C(F)(F)C(F)(F)C(F)(F)F,17303.0,C7HF13O2,364.0609,0.0
O=c1[nH]cc(F)c(=O)[nH]1,634.0,C4H3FN2O2,130.0772,0.0
O=c1[nH]cc(F)c(=O)[nH]1,634.0,C4H3FN2O2,130.0772,0.0
CCC(=O)N(c1ccc(F)cc1)C1CCN(CCc2ccccc2)CC1,28855.0,C22H27FN2O,354.461,0.0
c1ccc(N=Nc2ccccc2)cc1,123.0,C12H10N2,182.2212,0.0
COc1cc(-c2ccc(N)c(OC)c2)ccc1N,5091.0,C14H16N2O2,244.289,0.0
Nc1cccc(N)n1,20127.0,C5H7N3,109.1292,0.0
Nc1nc(N)nc(-c2ccccc2)n1,142.0,C9H9N5,187.2013,0.0
O.O.O.O.O=S(=O)([O-])[O-].[Be+2],4603.0,H8BeO8S,177.1359 (96.0637+9.0111+18.0153+18.0153+18.0153+18.0153),0.0
C[C@](N)(Cc1ccc(O)c(O)c1)C(=O)O.C[C@](N)(Cc1ccc(O)c(O)c1)C(=O)O.O.O.O,863.0,C20H32N2O11,476.4749 (211.2145+211.2145+18.0153+18.0153+18.0153),0.0
O=[N+]([O-])C(CO)(CO)CO,7034.0,C4H9NO5,151.118,0.0
CCOC(=O)/C=C\C(=O)OCC,464.0,C8H12O4,172.1785,0.0
O=C(C=Cc1ccccc1)OCC=Cc1ccccc1,27647.0,C18H16O2,264.3184,0.0
CCCCCCC(O)CCCCCCCCCCC(=O)OC,7086.0,C19H38O3,314.5032,0.0
O=C(Nc1ccccc1-c1ccc(Cl)cc1)c1cccnc1Cl,14392.0,C18H12Cl2N2O,343.2067,0.0
O=C(O)CNC(=O)c1ccc(CO)o1,13096.0,C8H9NO5,199.1608,0.0
N[C@@H](Cc1c[nH]c2ccc(O)cc12)C(=O)O,5437.0,C11H12N2O3,220.2246,0.0
CC[C@H](C)[C@@H](C(=O)O)n1sc2ccccc2c1=O,27261.0,C13H15NO3S,265.3281,0.0
Nc1nc(=O)c2nc(CNc3ccc(C(=O)N[C@@H](CCC(=O)O)C(=O)O)cc3)cnc2[nH]1,2519.0,C19H19N7O6,441.3975,0.0
Cc1cc(NC(=O)C(=O)O)cc(C)c1Oc1ccc(O)c2c1CCC2,27306.0,C19H19NO5,341.3579,0.0
O=C(O)c1cc2ccccc2cc1O,6560.0,C11H8O3,188.1794,0.0
CC1=NN(c2ccc(C(=O)O)cc2)C(=O)C1,24963.0,C11H10N2O3,218.2087,0.0
CCn1cc(C(=O)O)c(=O)c2ccc(C)nc21,912.0,C12H12N2O3,232.2353,0.0
O=C(O)CCCCCCCCCCCC(=O)O,1683.0,C13H24O4,244.3273,0.0
CCCCCCCCCCCCCCCC(=O)O,1602.0,C16H32O2,256.4241,0.0
Cc1c(-c2cccnc2)c2ccccc2n1CCCCC(=O)O,27309.0,C19H20N2O2,308.3743,0.0
COC(=O)C(C)Oc1ccc(Oc2ncc(C(F)(F)F)cc2Cl)cc1,4123.0,C16H13ClF3NO4,375.7269,0.0
COC(=O)CS,13673.0,C3H6O2S,106.1435,0.0
CCOC(=O)C(C)Oc1ccc(Oc2cnc3cc(Cl)ccc3n2)cc1,3889.0,C19H17ClN2O4,372.8023,0.0
CCOC(=O)C(C)Oc1ccc(Oc2cnc3cc(Cl)ccc3n2)cc1,3889.0,C19H17ClN2O4,372.8023,0.0
O=C(Cc1ccccc1)OCc1ccccc1,4597.0,C15H14O2,226.2705,0.0
CCCCOC(=O)[C@@H](C)Oc1ccc(Oc2ccc(C(F)(F)F)cn2)cc1,14855.0,C19H20F3NO4,383.3616,0.0
CCCCCOC(=O)COc1cc(N2C(=O)C3=C(CCCC3)C2=O)c(F)cc1Cl,12554.0,C21H23ClFNO5,423.8624,0.0
O=C(CS)OCCOC(=O)CS,24527.0,C6H10O4S2,210.2712,0.0
CSC(=O)c1cccc2nnsc12,12519.0,C8H6N2OS2,210.276,0.0
O=C1CC2CC1C1CCCC21,27463.0,C10H14O,150.2176,0.0
O=C1NC(=O)C(c2ccccc2)(c2ccccc2)N1,541.0,C15H12N2O2,252.268,0.0
O=C1OC(=O)c2c(Cl)c(Cl)c(Cl)c(Cl)c21,6102.0,C8Cl4O3,285.8958,0.0
O=C1NS(=O)(=O)c2ccccc21,1251.0,C7H5NO3S,183.1845,0.0
CCCCC1C(=O)N(c2ccccc2)N(c2ccccc2)C1=O,1136.0,C19H20N2O2,308.3743,0.0
Cc1ccc(OP(=O)(Oc2ccccc2)Oc2ccccc2)cc1,4861.0,C19H17O4P,340.3096,0.0
O=C(O)c1snc(Cl)c1Cl,21467.0,C4HCl2NO2S,198.0272,0.0
CCCCCCCCCCO[C@@H]1O[C@H](CO)[C@@H](O)[C@H](O)[C@H]1O,21208.0,C16H32O6,320.4217,0.0
CN1C(C(=O)Nc2ccccn2)=C(O)c2ccccc2S1(=O)=O,1170.0,C15H13N3O4S,331.3464,0.0
Oc1ccc2ccccc2c1,7061.0,C10H8O,144.1699,0.0
Cc1c(C(=O)c2cnn(C)c2O)ccc(S(C)(=O)=O)c1C1=NOCC1,14722.0,C16H17N3O5S,363.3883,0.0
O=[N+]([O-])c1ccc(-c2nnc(O)o2)o1,948.0,C6H3N3O5,197.1051,0.0
O=C(Oc1ccccc1)c1ccccc1O,1957.0,C13H10O3,214.2167,0.0
Oc1ccccc1-c1ccccc1,1151.0,C12H10O,170.2072,0.0
Oc1ncnc2[nH]ncc12,2573.0,C5H4N4O,136.1115,0.0
C[C@]12C=CC(=O)C=C1CC[C@@H]1[C@@H]2C(=O)C[C@@]2(C)[C@H]1CC[C@]2(O)C(=O)CO,1185.0,C21H26O5,358.4281,0.0
CCCCCCCCCCCC(=O)OCC(O)CO,21275.0,C15H30O4,274.3963,0.0
CCCCCCCCCCCCCC(=O)OCC(O)CO,22005.0,C17H34O4,302.4495,0.0
OCC1CC=CCC1,24600.0,C7H12O,112.1696,0.0
OCCC1CCCCN1,24837.0,C7H15NO,129.2001,0.0
OCCN1CCOCC1,2090.0,C6H13NO2,131.1729,0.0
COCCOCCOCCO,6912.0,C7H16O4,164.1995,0.0
Cn1cc[nH]c1=S,820.0,C4H6N2S,114.1688,1.0
SCCCCCCCCS,27474.0,C8H18S2,178.3585,0.0
CC(C)[N+](C)(CCOC(=O)C1c2ccccc2Oc2ccccc21)C(C)C.[Br-],3519.0,C23H30BrNO3,448.3932 (368.4887+79.9045),0.0
CC[N+](CC)(CC)CC.[Br-],24457.0,C8H20BrN,210.1551 (130.2506+79.9045),0.0
CCCCn1cc[n+](C)c1C.[Br-],27907.0,C9H17BrN2,233.1487 (153.2441+79.9045),0.0
C=C(C)C(=O)OCC[N+](C)(C)C.[Cl-],7586.0,C9H18ClNO2,207.6977 (172.2442+35.4535),0.0
CC[N+](C)(CC)CC.[Cl-],24498.0,C7H18ClN,151.6775 (116.2240+35.4535),0.0
CC[N+](CC)(CC)CC.[Cl-],21137.0,C8H20ClN,165.7041 (130.2506+35.4535),0.0
CCCCn1cc[n+](C)c1.[Cl-],11461.0,C8H15ClN2,174.6711 (139.2176+35.4535),0.0
CC[n+]1ccccc1.[I-],29323.0,C7H10IN,235.0655 (108.1605+126.9050),0.0
CCCC[n+]1ccc(C)cc1.[I-],29123.0,C10H16IN,277.1452 (150.2402+126.9050),0.0
CC1(C)S[C@@H]2[C@H](NC(=O)COc3ccccc3)C(=O)N2[C@H]1C(=O)[O-].[K+],1102.0,C16H17KN2O5S,388.4799 (349.3821+39.0978),0.0
CC(=O)[O-].CC(=O)[O-].[Mg+2],7097.0,C4H6MgO4,142.3930 (59.0446+24.3039+59.0446),0.0
[N-]=[N+]=[N-].[Na+],121.0,N3Na,65.0099 (22.9892+42.0206),0.0
O=C([O-])c1[nH]n(-c2ccc(S(=O)(=O)[O-])cc2)c(=O)c1/N=N/c1ccc(S(=O)(=O)[O-])cc1.[Na+].[Na+].[Na+],1455.0,C16H9N4Na3O9S2,534.3634 (22.9892+22.9892+22.9892+465.3957),0.0
O=C([O-])c1[nH]n(-c2ccc(S(=O)(=O)[O-])cc2)c(=O)c1/N=N/c1ccc(S(=O)(=O)[O-])cc1.[Na+].[Na+].[Na+],1455.0,C16H9N4Na3O9S2,534.3634 (22.9892+22.9892+22.9892+465.3957),0.0
O=S(=O)([O-])c1ccc2c(/N=N\c3ccc(S(=O)(=O)[O-])c4ccccc34)c(O)c(S(=O)(=O)[O-])cc2c1.[Na+].[Na+].[Na+],1232.0,C20H11N2Na3O10S3,604.4730 (535.5054+22.9892+22.9892+22.9892),0.0
O=[Se]([O-])[O-].[Na+].[Na+],12077.0,Na2O3Se,172.9377 (22.9892+22.9892+126.9593),0.0
S=C([S-])NCCNC(=S)[S-].[Na+].[Na+],603.0,C4H6N2Na2S4,256.3434 (22.9892+22.9892+210.3649),0.0
O=S(=O)([O-])c1ccc(/N=N/c2c(O)ccc3cc(S(=O)(=O)[O-])ccc23)cc1.[Na+].[Na+],1456.0,C16H10N2Na2O7S2,452.3693 (406.3909+22.9892+22.9892),0.0
CCC(=O)[O-].[Na+],1996.0,C3H5NaO2,96.0604 (73.0711+22.9892),0.0
CCCCCCCCCCOS(=O)(=O)[O-].[Na+],16229.0,C10H21NaO4S,260.3261 (237.3369+22.9892),0.0
CCCCCCCCCCCCCCCCOS(=O)(=O)[O-].[Na+],22400.0,C16H33NaO4S,344.4856 (321.4964+22.9892),0.0
CC1=CC(=O)/C(=C(/C)[O-])C(=O)O1.[Na+],6029.0,C8H7NaO4,190.1285 (22.9892+167.1393),0.0
COC(=O)c1ccc(I)cc1S(=O)(=O)[N-]C(=O)Nc1nc(C)nc(OC)n1.[Na+],14673.0,C14H13IN5NaO6S,529.2422 (506.2529+22.9892),0.0
Nc1ccc2cc(S(=O)(=O)[O-])cc(O)c2c1/N=N/c1ccccc1C(F)(F)F.[Na+],24713.0,C17H11F3N3NaO4S,433.3369 (410.3477+22.9892),0.0
Cc1ccc(N=Nc2c(O)ccc(N=Nc3ccc(S(=O)(=O)[O-])cc3)c2O)c(C)c1.[Na+],21708.0,C20H17N4NaO5S,448.4275 (425.4383+22.9892),0.0
CC(C)COC(=O)CC(C(=O)OCC(C)C)S(=O)(=O)[O-].[Na+],9164.0,C12H21NaO7S,332.3457 (309.3565+22.9892),0.0
O=S(=O)([O-])[O-].[NH3+]O.[NH3+]O,5424.0,H8N2O6S,164.1383 (34.0373+34.0373+96.0637),0.0
NS(=O)(=O)[O-].[NH4+],3875.0,H6N2O3S,114.1242 (96.0863+18.0379),0.0
O=[N+]([O-])c1ccc2[nH]ncc2c1,29272.0,C7H5N3O2,163.1335,0.0
CC[N+](=O)[O-],969.0,C2H5NO2,75.0666,0.0
O=C(O)CC[N+](=O)[O-],982.0,C3H5NO4,119.0761,0.0
CC(=O)[O-].CC(=O)[O-].[Zn+2],18770.0,C4H6O4Zn,183.4970 (59.0446+65.4079+59.0446),0.0
C=CCOc1c(Br)cc(C(C)(C)c2cc(Br)c(OCC=C)c(Br)c2)cc1Br,9327.0,C21H20Br4O2,623.9983,0.0
BrCC(Br)C1CCC(Br)C(Br)C1,4947.0,C8H12Br4,427.7969,0.0
Brc1nc2ccccc2s1,1498.0,C7H4BrNS,214.0824,0.0
Brc1cc(Br)c(Oc2cc(Br)c(Br)cc2Br)cc1Br,10047.0,C12H4Br6O,643.5836,0.0
CCCCCCCCCCCCCCCCCBr,29136.0,C17H35Br,319.3638,0.0
ClCBr,1503.0,CH2BrCl,129.3836,0.0
C#CC(C)(C)O,1949.0,C5H8O,84.1164,0.0
C(=C\c1ccccc1)\c1ccccc1,6049.0,C14H12,180.2451,0.0
c1ccc(CNCc2ccccc2)cc1,24355.0,C14H15N,197.2756,0.0
CC(=O)CCC=C(C)CC/C=C(\C)CC/C=C(\C)CCC=C(C)C,28546.0,C23H38O,330.5472,0.0
CC(=O)CCC=C(C)CCC=C(C)C,1586.0,C13H22O,194.3132,0.0
CO[C@@H]1[C@H](OC(=O)/C=C/C=C/C=C/C=C/C(=O)O)CC[C@]2(CO2)[C@H]1[C@@]1(C)O[C@@H]1CC=C(C)C,20736.0,C26H34O7,458.544,0.0
CCCCCCCCCC[N+](C)(C)[O-],22190.0,C12H27NO,201.3489,0.0
CCn1cc[n+](C)c1.O=S(=O)([N-]S(=O)(=O)C(F)(F)F)C(F)(F)F,27943.0,C8H11F6N3O4S2,391.3111 (111.1644+280.1467),0.0
C[Si](C)(C)O[Si](O)(O)O,24958.0,C3H12O4Si2,168.296,0.0
C[Si](C)(CCCN)O[Si](C)(C)CCCN,24621.0,C10H28N2OSi2,248.5131,0.0
CC(C)=CCCC(C)=CC=O,4836.0,C10H16O,152.2334,0.0
CCC(=O)OCCC(C)CCC=C(C)C,27187.0,C13H24O2,212.3285,0.0
C=C(C)C(=O)OC(C)C,2218.0,C7H12O2,128.169,0.0
C=C(C)OC(C)=O,11492.0,C5H8O2,100.1158,0.0
C=CC1CC=CCC1,1437.0,C8H12,108.1809,0.0
C=CCO,44.0,C3H6O,58.0791,0.0
C1CCC(C2CCCCC2)CC1,1802.0,C12H22,166.3031,0.0
c1ccc2c(c1)Oc1ccccc1O2,410.0,C12H8O2,184.1907,0.0
c1ccc2cnccc2c1,27644.0,C9H7N,129.1586,0.0
c1ccc2[nH]nnc2c1,147.0,C6H5N3,119.124,1.0
c1ccc2sc(SNC3CCCCC3)nc2c1,360.0,C13H16N2S2,264.4095,1.0
C1CCCCCCCCCCC1,1552.0,C12H24,168.319,0.0
C1CCCNCC1,6879.0,C6H13N,99.1741,0.0
c1ccc2c(c1)ccc1ccccc12,4254.0,C14H10,178.2292,0.0
c1ccc2c(c1)ccc1ccccc12,4254.0,C14H10,178.2292,0.0
c1cc2ccc3ccc4ccc5cccc6c(c1)c2c3c4c56,3908.0,C22H12,276.3307,0.0
C=C[Si](OC(=C)C)(OC(=C)C)OC(=C)C,24839.0,C11H18O3Si,226.3443,0.0
CC(=O)C1=C(C)[C@@H]2C[C@@]3(C1)[C@H](C)CC[C@H]3C2(C)C,9353.0,C17H26O,246.3877,0.0
CCCCCCCCCCCC(C)=O,2070.0,C13H26O,198.3449,0.0
CC(=O)OC(C)(C)C1CC=C(C)CC1,6496.0,C12H20O2,196.286,0.0
C=COC(C)=O,1431.0,C4H6O2,86.0892,0.0
CC(=O)OC1(c2ccccc2)CCN(CCc2ccccc2)CC1,28848.0,C21H25NO2,323.4287,0.0
CNC(=O)O/N=C(\C)C(C)S(C)(=O)=O,21698.0,C7H14N2O4S,222.2621,0.0
CNC(=O)O/N=C/C(C)(C)S(C)=O,13161.0,C7H14N2O3S,206.2627,0.0
CC(C)(C)C1CCC(O)CC1,6623.0,C10H20O,156.2652,0.0
CC(C)(C)NSc1nc2ccccc2s1,6572.0,C11H14N2S2,238.3723,1.0
CC(C)(C)OOC(C)(C)C,4955.0,C8H18O2,146.2273,0.0
CC(C)(C)OOC(C)(C)CCC(C)(C)OOC(C)(C)C,5110.0,C16H34O4,290.4388,0.0
CCOP(=S)(OCC)SCSC(C)(C)C,2254.0,C9H21O2PS3,288.4306,0.0
CCC(C)(C)O,21436.0,C5H12O,88.1482,0.0
CCC(C)CCCC(C)(C)O,24810.0,C10H22O,158.2811,0.0
CC(C)C(=O)O,1636.0,C4H8O2,88.1051,0.0
CC1=CCC(O)(C(C)C)CC1,24824.0,C10H18O,154.2493,0.0
CC1=CC=C(C(C)C)CC1,21237.0,C10H16,136.234,0.0
CC(C)CC(C)O,6781.0,C6H14O,102.1748,0.0
CC(=O)CCC(C)C,1914.0,C7H14O,114.1855,0.0
CC(C)CCCCCCOC(=O)C1CCCCC1C(=O)OCCCCCCC(C)C,27395.0,C26H48O4,424.6569,0.0
C=CCOC(=O)COCCC(C)C,5580.0,C10H18O3,186.2481,0.0
CC(C)[O][Ti]([O]CCN(CCO)CCO)([O]CCN(CCO)CCO)[O]C(C)C,24928.0,C18H42N2O8Ti,462.4017,0.0
CCCCC(CC)C(=O)OC(C)C,24973.0,C11H22O2,186.2912,0.0
CCCCCCCCCCCCCC(=O)OC(C)C,6838.0,C17H34O2,270.4507,0.0
CC(C)S,5481.0,C3H8S,76.1606,0.0
CCC(C)C=O,1818.0,C5H10O,86.1323,0.0
CC(C#N)CCC#N,5612.0,C6H8N2,108.1411,0.0
COC(C)CCO,24812.0,C5H12O2,104.1476,0.0
CC(Cl)C(=O)O,1545.0,C3H5ClO2,108.5236,0.0
CCC(C)O,1762.0,C4H10O,74.1216,0.0
CC(O)CN(CCN(CC(C)O)CC(C)O)CC(C)O,6689.0,C14H32N2O4,292.4149,0.0
CC(O)CN(CCN(CC(C)O)CC(C)O)CC(C)O,6689.0,C14H32N2O4,292.4149,0.0
CC(COC(=O)c1ccccc1)OC(=O)c1ccccc1,7802.0,C17H16O4,284.3065,0.0
CC1=CCC(C(C)C)C=C1,27593.0,C10H16,136.234,0.0
CC=C1CC2C=CC1C2,5306.0,C9H12,120.1916,0.0
CC=CC=O,4864.0,C4H6O,70.0898,0.0
CC=Cc1ccc2c(c1)OCO2,767.0,C10H10O2,162.1852,0.0
CC(C)C1(C)N=C(c2nc3ccccc3cc2C(=O)O)NC1=O,4152.0,C17H17N3O3,311.3352,0.0
CC1=CC(C)C(C=O)CC1,24574.0,C9H14O,138.2069,0.0
CCOP(=S)(OCC)Oc1cc(C)nc(C(C)C)n1,407.0,C12H21N2O3PS,304.3455,0.0
Cc1ccc2c(c1)OCC(=O)CO2,27165.0,C10H10O3,178.1846,0.0
Cc1ccc(C)o1,2093.0,C6H8O,96.1271,0.0
Cc1ccc(C(=O)c2ccccc2)cc1,17741.0,C14H12O,196.2445,0.0
Cc1ccc(S(=O)(=O)NC(=O)NN2CCCCCC2)cc1,1358.0,C14H21N3O3S,311.3998,0.0
Cc1ccc2oc(=O)ccc2c1,5588.0,C10H8O2,160.1693,0.0
Cc1cccc2nccnc12,27090.0,C9H8N2,144.1732,0.0
Cc1cccc2sc(N)nc12,4487.0,C8H8N2S,164.2275,0.0
Cc1ccccn1,1899.0,C6H7N,93.1265,0.0
Cc1cccnc1,1897.0,C6H7N,93.1265,0.0
Cc1ccncc1,1892.0,C6H7N,93.1265,0.0
CC1COc2ccccc2N1,24915.0,C9H11NO,149.1897,0.0
Cc1ncc([N+](=O)[O-])n1CCO,892.0,C6H9N3O3,171.154,0.0
CC1OC(=O)C(C)OC1=O,21253.0,C6H8O4,144.1253,0.0
CC1(C)CC(OC(=O)CCCCCCCCC(=O)OC2CC(C)(C)NC(C)(C)C2)CC(C)(C)N1,8030.0,C28H52N2O4,480.7235,0.0
CC1=CCCC(C)(C)C12CCC(C)O2,27055.0,C13H22O,194.3132,0.0
Cc1cc(Cc2ccc(N)c(C)c2)ccc1N,867.0,C15H18N2,226.3168,0.0
Cc1cc(NS(=O)(=O)c2ccc(N)cc2)no1,6064.0,C10H11N3O3S,253.2776,0.0
CC/C(C)=N/O[Si](C)(O/N=C(\C)CC)O/N=C(\C)CC,7823.0,C13H27N3O3Si,301.4573,0.0
CCC(=O)OC(C)(C)C1CC=C(C)CC1,24833.0,C13H22O2,210.3126,0.0
CCCCC(C=O)CC,5291.0,C8H16O,128.212,0.0
CCc1cc(C(N)=S)ccn1,577.0,C8H10N2S,166.2434,0.0
CCCC(=O)O,1515.0,C4H8O2,88.1051,0.0
CCCCOCCOCCOCc1cc2c(cc1CCC)OCO2,1166.0,C19H30O5,338.4385,0.0
CCCCC(CC)C(=O)Cl,7308.0,C8H15ClO,162.6571,0.0
CCCCC(CC)COP(=O)(OCC(CC)CCCC)OCC(CC)CCCC,1414.0,C24H51O4P,434.6331,0.0
CCCCCCCC=O,1643.0,C8H16O,128.212,0.0
CCCCCCCCCCC(CO)CCCCCCCC,16288.0,C20H42O,298.5469,0.0
C=CCCCCCCCC,7329.0,C10H20,140.2658,0.0
C=CCCCCCCCCCC,6914.0,C12H24,168.319,0.0
CCCCCCCCCCCCCCO,6926.0,C14H30O,214.3874,0.0
CCCCCCCCCCCCOCC1CO1,5494.0,C15H30O2,242.3975,0.0
CCCCCCO,1931.0,C6H14O,102.1748,0.0
CCCCN,1904.0,C4H11N,73.1368,0.0
CCCCN(CCCC)C(=O)N(CCCC)CCCC,23902.0,C17H36N2O,284.4805,0.0
CCCCn1cc[n+](C)c1.[Cl][Fe-]([Cl])([Cl])[Cl],29138.0,C8H15Cl4FeN2,336.8751 (197.6575+139.2176),0.0
CCCCNP(N)(N)=S,24747.0,C4H14N3PS,167.2128,0.0
CCCCOC(=O)CC(CC(=O)OCCCC)(OC(C)=O)C(=O)OCCCC,6446.0,C20H34O8,402.4792,0.0
CCCCOCCOCCO,1519.0,C8H18O3,162.2267,0.0
CCCCOCCOCCOC(=O)CCCCC(=O)OCCOCCOCCCC,7085.0,C22H42O8,434.5641,0.0
CCCCOCCOCCOCCCC,5046.0,C12H26O3,218.333,0.0
CCCCOP(=O)(OCCCC)OCCCC,1986.0,C12H27O4P,266.3141,0.0
CCCCSP(=O)(SCCCC)SCCCC,4174.0,C12H27OPS3,314.5109,0.0
CCN(CC)CCO,1837.0,C6H15NO,117.1894,0.0
CCNC(=S)NCC,466.0,C5H12N2S,132.2272,0.0
CCOC(=O)C1=NOC(c2ccccc2)(c2ccccc2)C1,20360.0,C18H17NO3,295.3325,0.0
CCOc1ccc(C(C)(C)COCc2cccc(Oc3ccccc3)c2)cc1,12610.0,C25H28O3,376.488,0.0
CCOP(=O)(OCC)OCC,6228.0,C6H15O4P,182.1547,0.0
CCSCCCl,7295.0,C4H9ClS,124.6323,0.0
CCCN(CCC)CCc1c[nH]c2ccccc12.Cl,28823.0,C16H25ClN2,280.8361 (244.3752+36.4609),0.0
CN(C)CCCCl.Cl,2227.0,C5H13Cl2N,158.0694 (121.6085+36.4609),0.0
CN(C)CCN(Cc1cccs1)c1ccccn1.Cl,818.0,C14H20ClN3S,297.8467 (261.3858+36.4609),0.0
CCC(=O)OC1(c2ccccc2)CCN(C)CC1.Cl,28847.0,C15H22ClNO2,283.7937 (247.3327+36.4609),0.0
COc1cc(OC)c(C(=O)CCCN2CCCC2)c(OC)c1.Cl,26977.0,C17H26ClNO4,343.8456 (307.3847+36.4609),0.0
Cl.N#Cc1ccc(C2CCCc3cncn32)cc1,618.0,C14H14ClN3,259.7341 (223.2731+36.4609),0.0
CCC(=O)N(c1ccccc1)C1CCN(CC(O)c2ccccc2)CC1.Cl,28860.0,C22H29ClN2O2,388.9309 (36.4609+352.4699),0.0
[Cl][Nd]([Cl])[Cl],24760.0,Cl3Nd,250.601,0.0
[Cl][Pd][Cl],5824.0,Cl2Pd,177.326,0.0
C=C(C)C(=O)OCCC[Si](Cl)(Cl)Cl,7647.0,C7H11Cl3O2Si,261.6055,0.0
CCCCCCCCC(=O)Cl,22215.0,C9H17ClO,176.6837,0.0
N#CC(Cl)(Cl)Cl,1672.0,C2Cl3N,144.3871,0.0
Clc1nc(Cl)c(Cl)c(Cl)c1Cl,2179.0,C5Cl5N,251.3252,0.0
Clc1cc2c(cc1Cl)Oc1cc(Cl)c(Cl)cc1O2,1315.0,C12H4Cl4O2,321.971,0.0
O=C(O)C(c1ccc(Cl)cc1)c1ccc(Cl)cc1,20699.0,C14H10Cl2O2,281.134,0.0
O=S(=O)(Oc1ccc(Cl)cc1)c1ccc(Cl)cc1,310.0,C12H8Cl2O3S,303.1611,0.0
Clc1ccnc(Cl)n1,29149.0,C4H2Cl2N2,148.9781,0.0
CCNc1nc(Cl)nc(NC(C)(C)C#N)n1,3990.0,C9H13ClN6,240.6927,0.0
Clc1cc(Cl)c(-c2cc(Cl)c(Cl)cc2Cl)cc1Cl,12180.0,C12H4Cl6,360.8782,0.0
O=C(O)Cc1ccccc1Oc1ccc(Cl)cc1Cl,28756.0,C14H10Cl2O3,297.1334,0.0
O=C(NC(=O)c1c(F)cccc1F)Nc1cc(Cl)c(OC(F)(F)C(F)C(F)(F)F)cc1Cl,14357.0,C17H8Cl2F8N2O3,511.1502,0.0
Clc1ccc(Sc2cc(Cl)c(Cl)cc2Cl)cc1,314.0,C12H6Cl4S,324.053,0.0
CC(C)(C#N)Nc1nc(Cl)nc(NC2CC2)n1,14844.0,C10H13ClN6,252.7034,0.0
Clc1cnc(Oc2ccc(Oc3ncc(Cl)cc3Cl)cc2)c(Cl)c1,175.0,C16H8Cl4N2O2,402.0589,0.0
CC1CC(=O)NN=C1c1ccc(NCC(C)(C)NCC(O)COc2cc(Cl)ccc2C#N)cc1,28671.0,C25H30ClN5O3,483.9904,0.0
N#CCCl,1524.0,C2H2ClN,75.497,0.0
ClCC=CCCl,28123.0,C4H6Cl2,124.9964,0.0
ClP(Cl)(Cl)(Cl)Cl,13896.0,Cl5P,208.2388,0.0
CC[C@H]1OC(=O)[C@H](C)[C@@H](O[C@H]2C[C@@](C)(OC)[C@@H](O)[C@H](C)O2)C(C)[C@@H](O[C@@H]2O[C@H](C)C[C@H](N(C)C)[C@H]2O)[C@](C)(OC)C[C@@H](C)C(=O)[C@H](C)[C@@H](O)[C@]1(C)O,2829.0,C38H69NO13,747.9534,0.0
CC(=O)N(C)C,499.0,C4H9NO,87.1204,0.0
CN(C)CCCN(C)CCCN(C)C,24564.0,C11H27N3,201.3522,0.0
CN(C)CCN(C)C,6122.0,C6H16N2,116.2046,0.0
CN(C)CCO,505.0,C4H11NO,89.1362,0.0
CN(C)CCOCCN(C)C,7512.0,C8H20N2O,160.2572,0.0
CN(C)N=O,1029.0,C2H6N2O,74.0818,0.0
Cn1c(N)c(N=O)c(=O)n(C)c1=O,9280.0,C6H8N4O3,184.1527,0.0
CO[C@@H]1COCC[C@@H]1[NH2+][C@@H]1CC[C@@](C(=O)N2CCc3ncc(C(F)(F)F)cc3C2)(C(C)C)C1.O=C([O-])CCC(=O)O,27335.0,C28H40F3N3O7,587.6283 (470.5477+117.0806),0.0
CO[Si](OC)(OC)OC,7291.0,C4H12O4Si,152.2212,0.0
COC(=O)/C=C\C(=O)OC,20765.0,C6H8O4,144.1253,0.0
COC(=O)CC(C(C)=O)C(=O)OC,21692.0,C8H12O5,188.1779,0.0
CCC(C)(C)C1CCC(OC)CC1,28162.0,C12H24O,184.3184,0.0
COc1cccc([C@H](O)C2CCN(CCc3ccc(F)cc3)CC2)c1OC,27363.0,C22H28FNO3,373.461,0.0
C=CCc1ccc(OC(=O)Cc2ccccc2)c(OC)c1,27406.0,C18H18O3,282.3337,0.0
CCC(O)OCCCOC,7983.0,C7H16O3,148.2001,0.0
COCCl,307.0,C2H5ClO,80.5135,0.0
COCCOCCOCCOCCO,7829.0,C9H20O5,208.2521,0.0
CCOc1cccc([C@]2(N3CCN(c4ccccc4)CC3)CC[C@@H](C)CC2)c1.CS(=O)(=O)O,27299.0,C26H38N2O4S,474.6559 (378.5503+96.1057),0.0
O=C(O)C(F)(F)C(F)(F)C(F)(F)C(F)(F)C(F)(F)C(F)(F)C(F)(F)C(F)(F)C(F)(F)F,11860.0,C10HF19O2,514.0834,0.0
FC1(F)C(F)(F)C(F)(F)C2(F)C(F)(C1(F)F)C(F)(F)C(F)(F)C1(F)C(F)(F)C(F)(F)C(F)(F)C(F)(F)C12F,27029.0,C14F24,624.1115,0.0
IC(I)I,743.0,CHI3,393.7321,0.0
CC(C)(C#N)c1cc(Cn2cncn2)cc(C(C)(C)C#N)c1,2607.0,C17H19N5,293.3663,0.0
CC(C)(N)C#N,7804.0,C4H8N2,84.1197,0.0
N#CC(c1ccccc1)c1ccccc1,539.0,C14H11N,193.2438,0.0
Cn1c(=N)[nH]c2[nH]cnc2c1=O,29336.0,C6H7N5O,165.1527,0.0
NC(=O)N=NC(N)=O,4553.0,C2H4N4O2,116.0788,0.0
NC(=O)c1cnccn1,1215.0,C5H5N3O,123.1127,0.0
CCN(N=O)C(N)=O,593.0,C3H7N3O2,117.1066,0.0
CCOC(N)=O,1427.0,C3H7NO2,89.0932,0.0
NC(=S)C(N)=S,546.0,C2H4N2S2,120.1966,0.0
NC(N)=O,1426.0,CH4N2O,60.0553,0.0
Nc1ccc(Oc2ccc(N)cc2)cc1,1094.0,C12H12N2O,200.2365,0.0
Nc1ccccc1S(=O)(=O)c1ccccc1,24941.0,C12H11NO2S,233.2862,0.0
Nc1ccccn1,4505.0,C5H6N2,94.1145,0.0
Nc1nnc(N)[nH]1,5367.0,C2H5N5,99.0946,0.0
Nc1cccc2c(N)cccc12,916.0,C10H10N2,158.1998,0.0
CN1Cc2c(N)cccc2C(c2ccccc2)C1,3377.0,C16H18N2,238.3275,0.0
COCCCN,7596.0,C4H11NO,89.1362,0.0
CCCCCCCC/C=C\CCCCCCCC(=O)OC[C@@H](O)[C@H]1OC[C@H](O)[C@H]1O,7397.0,C24H44O6,428.6026,0.0
CCCCC(CC)COC(=O)/C=C\C(=O)OCC(CC)CCCC,7094.0,C20H36O4,340.4974,0.0
O=C(C(=O)c1ccccc1)c1ccccc1,24380.0,C14H10O2,210.228,0.0
CN(C)C(=O)C(c1ccccc1)c1ccccc1,4072.0,C16H17NO,239.3123,0.0
CCOC(=O)CCC(C)=O,27058.0,C7H12O3,144.1684,0.0
CC(=O)[O][Cr]([OH])[O]C(C)=O.CC(=O)[O][Cr]([OH])[O]C(C)=O.CC(=O)[O][Cr]([O]C(C)=O)[O]C(C)=O,24935.0,C14H23Cr3O16,603.3111 (229.1282+187.0915+187.0915),0.0
CC(=O)O[Si](C)(OC(C)=O)OC(C)=O,7565.0,C7H12O6Si,220.2521,0.0
C=C[Si](OC(C)=O)(OC(C)=O)OC(C)=O,24938.0,C8H12O6Si,232.2628,1.0
CC[Si](OC(C)=O)(OC(C)=O)OC(C)=O,7792.0,C8H14O6Si,234.2787,0.0
CCCCC(CC)COC(C)=O,6694.0,C10H20O2,172.2646,0.0
CC(=O)OCc1ccco1,5346.0,C7H8O3,140.1366,0.0
CCCCCC[C@@H](O)C/C=C\CCCCCCCC(=O)OC,9169.0,C19H36O3,312.4873,0.0
Cc1nc2ccc(CN(C)c3ccc(C(=O)N[C@@H](CCC(=O)O)C(=O)O)s3)cc2c(=O)[nH]1,26482.0,C21H22N4O6S,458.4876,0.0
O=C(N[C@H]1CN2CCC1CC2)c1cc2ccoc2cn1,27284.0,C15H17N3O2,271.3144,0.0
CNC(=O)C(c1ccccc1)c1ccccc1,22208.0,C15H15NO,225.2857,0.0
CC(C)(C)N(NC(=O)c1ccc(Cl)cc1)C(=O)c1ccccc1,12619.0,C18H19ClN2O2,330.8087,0.0
NNC(=O)c1ccncc1,755.0,C6H7N3O,137.1393,0.0
C=C(CC(=O)O)C(=O)O,6608.0,C5H6O4,130.0987,0.0
Cc1ccccc1C(OCCN(C)C)c1ccccc1.O=C(O)CC(O)(CC(=O)O)C(=O)O,24678.0,C24H31NO8,461.5048 (269.3813+192.1235),0.0
O=C(O)c1ccc2c(c1)C(=O)OC2=O,6235.0,C9H4O5,192.1251,0.0
O=C(O)c1ccccc1C(=O)Nc1cccc2ccccc12,12437.0,C18H13NO3,291.3007,0.0
CCCCCCCC(=O)O,1645.0,C8H16O2,144.2114,0.0
CCOCC(=O)O,11294.0,C4H8O3,104.1045,0.0
CC[C@]12CCCN3CCc4c(n(c5ccccc45)[C@@](O)(C(=O)OC)C1)[C@@H]32,20134.0,C21H26N2O3,354.4427,0.0
COC(=O)OC,9192.0,C3H6O3,90.0779,0.0
CCOC(=O)C(C)Oc1ccc(Oc2nc3ccc(Cl)cc3o2)cc1,12392.0,C18H16ClNO5,361.7763,0.0
CCOC(=O)c1ncn2c1CN(C)C(=O)c1c(I)cccc1-2,28700.0,C15H14IN3O3,411.1944,0.0
CCOC(=O)Cc1cccc2ccccc12,14583.0,C14H14O2,214.2598,0.0
C=CC(=O)OCC1CCCO1,24884.0,C8H12O3,156.1791,0.0
C=C(C)C(=O)OCCOCCOCCOCCOC(=O)C(=C)C,24515.0,C16H26O7,330.3734,0.0
C=C(C)C(=O)OCCOP(=O)(O)O,24951.0,C6H11O6P,210.1217,0.0
O=C=Nc1ccc(Cc2ccc(N=C=O)cc2)cc1,4196.0,C15H10N2O2,250.2521,0.0
CCCCCCC1(C)CCC(=O)O1,21299.0,C11H20O2,184.2753,0.0
O=C1CCCC1,9154.0,C5H8O,84.1164,0.0
CCCCC1CCCCC(=O)O1,27551.0,C10H18O2,170.2487,0.0
O=C1CCCN1,7246.0,C4H7NO,85.1045,0.0
CCCCCCCCN1CCCC1=O,16435.0,C12H23NO,197.3171,0.0
C=CC1(C)OC(=O)N(c2cc(Cl)cc(Cl)c2)C1=O,2361.0,C12H9Cl2NO3,286.1108,0.0
CC(C)(C)c1n[nH]c(=S)n(N)c1=O,7981.0,C7H12N4OS,200.2614,0.0
O=C(O)CCCC[C@@H]1SC[C@@H]2NC(=O)N[C@@H]21,2679.0,C10H16N2O3S,244.3106,0.0
Cc1[nH]c(=O)n(C(C)(C)C)c(=O)c1Cl,4317.0,C9H13ClN2O2,216.6647,0.0
O=c1[nH][nH]c2ccccc12,29388.0,C7H6N2O,134.1353,0.0
CC(=O)O[C@@H]1C(=O)O[C@@H]2[C@H]1OC(=O)[C@@H]2OC(C)=O,28774.0,C10H10O8,258.1816,0.0
O=C1OC(=O)c2c(Br)c(Br)c(Br)c(Br)c21,6084.0,C8Br4O3,463.6998,0.0
O=C1OC(=O)c2ccccc21,1159.0,C8H4O3,148.1156,0.0
O=c1[nH]c2ccccc2c(=O)o1,6955.0,C8H5NO3,163.1302,0.0
CC1=NN(c2ccccc2)C(=O)C1,1130.0,C10H10N2O,174.1992,0.0
O=C1CCCN1C1CCCCC1,24716.0,C10H17NO,167.2481,0.0
CC(C)NC(=O)N1CC(=O)N(c2cc(Cl)cc(Cl)c2)C1=O,4154.0,C13H13Cl2N3O3,330.1666,0.0
CC(CN1CC(=O)NC(=O)C1)N1CC(=O)NC(=O)C1,733.0,C11H16N4O4,268.2691,0.0
O=C1NC(=O)c2cccc3cccc1c23,24731.0,C12H7NO2,197.1895,0.0
C#CCN1C(=O)COc2cc(F)c(N3C(=O)C4=C(CCCC4)C3=O)cc21,12555.0,C19H15FN2O4,354.3318,0.0
CC(C=O)Cc1ccc2c(c1)OCO2,23908.0,C11H12O3,192.2112,0.0
O=Cc1ccco1,647.0,C5H4O2,96.0841,0.0
CSCCC=O,7528.0,C4H8OS,104.1707,0.0
O=C[O][Al]([O]C=O)[O]C=O,24724.0,C3H3AlO6,162.0339,0.0
O=NN1CCOCC1,1056.0,C4H8N2O2,116.1185,0.0
Cc1cc(C)c(C(=O)P(=O)(C(=O)c2c(C)cc(C)cc2C)c2ccccc2)c(C)c1,24597.0,C26H27O3P,418.4645,0.0
CCOP(=O)(CC)OCC,5051.0,C6H15O3P,166.1553,0.0
CC(C)OP(=O)(CP(=O)(OC(C)C)OC(C)C)OC(C)C,24847.0,C13H30O6P2,344.3212,0.0
COP(=O)(O)OP(=O)(O)OC,24632.0,C2H8O7P2,206.0282,0.0
O=S(=O)(c1ccccc1)c1ccccc1,21892.0,C12H10O2S,218.2716,0.0
COc1cc(S(=O)(=O)Nc2ccccc2)c(OC)cc1N,24686.0,C14H16N2O4S,308.3528,0.0
[N-]=[N+]=CC(=O)OC[C@H](N)C(=O)O,118.0,C5H7N3O4,173.1268,0.0
Nc1nc(CC(=O)O)cs1,4509.0,C5H6N2O2S,158.1783,0.0
Nc1ccn(C2CO[C@H](CO)O2)c(=O)n1,28717.0,C8H11N3O4,213.1906,0.0
O=C1O[C@H]([C@H](O)CO)C(O)=C1O,6537.0,C6H8O6,176.1241,0.0
CCC(C)(C)C1CCC(O)CC1,20716.0,C11H22O,170.2918,0.0
OC[C@H]1O[C@@H](Oc2ccc(O)cc2)[C@H](O)[C@@H](O)[C@@H]1O,20152.0,C12H16O7,272.2512,0.0
C[C@]12CC[C@@H]3c4ccc(O)cc4CC[C@H]3[C@@H]1CCC2=O,2367.0,C18H22O2,270.3661,0.0
COCC(O)CO,29293.0,C4H10O3,106.1204,0.0
CCC1(CO)COCOC1,24949.0,C7H14O3,146.1843,0.0
CN(CCO)CCO,5591.0,C5H13NO2,119.1622,0.0
OCCN(CCO)CCN(CCO)CCO,21917.0,C10H24N2O4,236.3086,0.0
OCCOCCOCCOCCO,6922.0,C8H18O5,194.2255,0.0
CCCCCCCCSCCO,12516.0,C10H22OS,190.3461,0.0
OCCSSCCO,24404.0,C4H10O2S2,154.251,0.0
O=C1C(N(CO)C(=O)NCO)N(CO)C(=O)N1CO,9559.0,C8H14N4O7,278.2194,0.0
O=C(NCNC(=O)NC1C(=O)NC(=O)N1CO)NC1C(=O)NC(=O)N1CO,20151.0,C11H16N8O8,388.2935,0.0
O=P(O)(O)CN(CP(=O)(O)O)CP(=O)(O)O,7624.0,C3H12NO9P3,299.05,0.0
CCOP(=S)(Oc1ccc([N+](=O)[O-])cc1)c1ccccc1,2174.0,C14H14NO4PS,323.304,0.0
SC1CCCCC1,7416.0,C6H12S,116.2245,0.0
[As]#[In],3825.0,AsIn,189.7396,0.0
O=[N+]([O-])[O-].O=[N+]([O-])[O-].[Ba+2],28471.0,BaN2O6,261.3368 (137.3259+62.0054+62.0054),0.0
CC[N+]1(C)CCCC1.[Br-],29306.0,C7H16BrN,194.1126 (114.2081+79.9045),0.0
CCC[N+]1(C)CCCC1.[Br-],29284.0,C8H18BrN,208.1392 (128.2347+79.9045),0.0
CCCC[N+]1(C)CCCCC1.[Br-],29337.0,C10H22BrN,236.1924 (156.2878+79.9045),0.0
C=CC[N+]1([C@H]2C[C@H]3[C@@H]4CC[C@H]5C[C@H](OC(C)=O)[C@@H](N6CCCCC6)C[C@]5(C)[C@H]4CC[C@]3(C)[C@H]2OC(=O)CC)CCCCC1.[Br-],28749.0,C37H61BrN2O4,677.7952 (597.8907+79.9045),0.0
CCCC[n+]1cccc(C)c1.[Br-],29115.0,C10H16BrN,230.1447 (150.2402+79.9045),0.0
CCCC[n+]1ccccc1C.[Br-],29114.0,C10H16BrN,230.1447 (150.2402+79.9045),0.0
CCn1cc[n+](C)c1.[Cl-],21180.0,C6H11ClN2,146.6179 (111.1644+35.4535),0.0
CCCCn1cc[n+](C)c1C.[Cl-],27882.0,C9H17ClN2,188.6977 (153.2441+35.4535),0.0
[Cl-].[Cl-].[Cl-].[Fe+3],622.0,Cl3Fe,162.2040 (35.4535+55.8434+35.4535+35.4535),0.0
[Cl-].[Cl-].[Cl-].[Fe+3],622.0,Cl3Fe,162.2040 (35.4535+55.8434+35.4535+35.4535),0.0
F[B-](F)(F)F.[H+],9739.0,HBF4,87.8126 (1.0074+86.8052),0.0
CCCC[N+]1(C)CCCCC1.[I-],29145.0,C10H22IN,283.1929 (156.2878+126.9050),0.0
C[N+]1(CC2COC(c3ccccc3)(c3ccccc3)O2)CCCCC1.[I-],28707.0,C22H28INO2,465.3677 (338.4627+126.9050),0.0
CCCn1cc[n+](C)c1C.[I-],29103.0,C8H15IN2,266.1226 (126.9050+139.2176),0.0
CCCCn1cc[n+](C)c1.[I-],29299.0,C8H15IN2,266.1226 (139.2176+126.9050),0.0
CCCCn1cc[n+](C)c1C.[I-],27884.0,C9H17IN2,280.1492 (153.2441+126.9050),0.0
[P]#[In],11444.0,InP,145.7918,0.0
O=S(=O)([O-])SSS(=O)(=O)[O-].[K+].[K+],27043.0,K2O6S4,302.4530 (224.2575+39.0978+39.0978),0.0
O=[N+]([O-])[O-].[K+],9692.0,KNO3,101.1032 (62.0054+39.0978),0.0
[K+].[O-][Cl+3]([O-])([O-])[O-],27003.0,ClKO4,138.5489 (99.4511+39.0978),0.0
CC1=CC(=O)[N-]S(=O)(=O)O1.[K+],10606.0,C4H4KNO4S,201.2422 (162.1444+39.0978),0.0
CC1=CC(=O)[N-]S(=O)(=O)O1.[K+],10606.0,C4H4KNO4S,201.2422 (162.1444+39.0978),0.0
O=S(=O)([O-])C(F)(F)C(F)(F)C(F)(F)C(F)(F)C(F)(F)C(F)(F)F.[K+],17709.0,C6F13KO3S,438.2049 (399.1072+39.0978),0.0
CC1C=[C-]C=C1.[C-]#[O+].[C-]#[O+].[C-]#[O+].[Mn+],7738.0,C9H7MnO3,218.0881 (54.9375+28.0101+28.0101+28.0101+79.1203),0.0
CC(=O)[O-].CC(=O)[O-].[Mn+2],7279.0,C4H6MnO4,173.0261 (59.0446+54.9369+59.0446),0.0
[Na+].c1nc[n-]n1,12722.0,C2H2N3Na,91.0471 (68.0579+22.9892),0.0
O=C([O-])c1cc(=O)c2c(OCC(O)COc3cccc4oc(C(=O)[O-])cc(=O)c34)cccc2o1.[Na+].[Na+],24554.0,C23H14Na2O11,512.3302 (22.9892+22.9892+466.3518),0.0
O=S(=O)([O-])[O-].[Na+].[Na+],1291.0,Na2O4S,142.0421 (96.0637+22.9892+22.9892),0.0
O=S(=O)([O-])c1cc(S(=O)(=O)[O-])c2c(/N=N/c3ccccc3)c(O)ccc2c1.[Na+].[Na+],1082.0,C16H10N2Na2O7S2,452.3693 (406.3909+22.9892+22.9892),0.0
[Na+].[O-][Br+2]([O-])[O-],3837.0,BrNaO3,150.8920 (22.9892+127.9027),0.0
C[C@H](CCC(=O)[O-])[C@H]1CC[C@H]2[C@@H]3[C@H](O)C[C@@H]4C[C@H](O)CC[C@]4(C)[C@H]3C[C@H](O)[C@]12C.[Na+],13979.0,C24H39NaO5,430.5532 (407.5640+22.9892),0.0
O=C([O-])CCl.[Na+],7550.0,C2H2ClNaO2,116.4788 (93.4896+22.9892),0.0
CC1=NN(c2cc(S(=O)(=O)[O-])ccc2Cl)C(=O)C1/N=N/c1ccccc1.[Na+],21646.0,C16H12ClN4NaO4S,414.7986 (391.8094+22.9892),0.0
O=C1c2ccccc2C(=O)c2cc(S(=O)(=O)[O-])ccc21.[Na+],24535.0,C14H7NaO5S,310.2571 (287.2679+22.9892),0.0
Nc1c(S(=O)(=O)[O-])cc(Br)c2c1C(=O)c1ccccc1C2=O.[Na+],9277.0,C14H7BrNNaO5S,404.1678 (381.1786+22.9892),0.0
C=CCOCC(O)CS(=O)(=O)[O-].[Na+],8028.0,C6H11NaO5S,218.2033 (195.2141+22.9892),0.0
O=S(=O)([O-])O.[Na+],13983.0,HNaO4S,120.0603 (22.9892+97.0711),0.0
O=S([O-])CO.[Na+],7120.0,CH3NaO3S,118.0875 (95.0983+22.9892),0.0
N#C[S-].[Na+],1343.0,CNNaS,81.0722 (58.0829+22.9892),0.0
CCc1cc(S(=O)(=O)[O-])c2cc(C(C)C)cccc1-2.[Na+],28713.0,C15H17NaO3S,300.3484 (277.3592+22.9892),0.0
CCCCC(CC)CCC(CC(C)C)OS(=O)(=O)[O-].[Na+],21530.0,C14H29NaO4S,316.4324 (293.4432+22.9892),0.0
O=S(=O)([O-])CC(O)CCl.[Na+],24793.0,C3H6ClNaO4S,196.5851 (173.5959+22.9892),0.0
O=c1[n-]c(=O)n(Cl)c(=O)n1Cl.[Na+],4994.0,C3Cl2N3NaO3,219.9462 (196.9569+22.9892),0.0
C/C(=N\NC(=O)Nc1cc(F)cc(F)c1)c1ncccc1C(=O)[O-].[Na+],12375.0,C15H11F2N4NaO3,356.2594 (333.2702+22.9892),0.0
CP(=O)([O-])OCCC[Si](O)(O)O.[Na+],24834.0,C4H12NaO6PSi,238.1835 (215.1943+22.9892),0.0
CCCOc1nn(C(=O)[N-]S(=O)(=O)c2ccccc2C(=O)OC)c(=O)n1C.[Na+],14864.0,C15H17N4NaO7S,420.3728 (397.3836+22.9892),0.0
C=CCON/C(CCC)=C1\C(=O)CC(C)(C)C(C(=O)OC)=C1[O-].[Na+],27041.0,C17H24NNaO5,345.3659 (322.3767+22.9892),0.0
O=S(=O)([O-])NC1CCCCC1.[Na+],355.0,C6H12NNaO3S,201.2191 (178.2299+22.9892),0.0
O=C1O[C@H]([C@H](O)CO)C([O-])=C1O.[Na+],570.0,C6H7NaO6,198.1059 (175.1167+22.9892),0.0
O=[N+]([O-])[O-].[NH4+],9668.0,H4N2O3,80.0434 (62.0054+18.0379),0.0
O=[N+]([O-])/N=C1\NCCN1Cc1ccc(Cl)nc1,12442.0,C9H10ClN5O2,255.661,0.0
CN/C(=C\[N+](=O)[O-])NCCSCc1ccc(CN(C)C)o1,25191.0,C13H22N4O3S,314.4038,0.0
CC(CO)(CO)[N+](=O)[O-],21437.0,C4H9NO4,135.1186,0.0
O=[N+]([O-])c1ccc(Oc2ccc([N+](=O)[O-])cc2)cc1,6676.0,C12H8N2O5,260.2023,0.0
O=c1[nH][nH]c(=O)c2cc([N+](=O)[O-])ccc12,5774.0,C8H5N3O4,207.143,0.0
O=[N+]([O-])c1cccc2c([N+](=O)[O-])cccc12,5165.0,C10H6N2O4,218.1656,0.0
O=[N+]([O-])c1cccc2ccccc12,978.0,C10H7NO2,173.1681,0.0
CC[N+](=O)[O-],969.0,C2H5NO2,75.0666,0.0
O=[N+]([O-])CCO,5751.0,C2H5NO3,91.066,0.0
[O-][n+]1ccc(Cl)cc1,21513.0,C5H4ClNO,129.5444,0.0
COCc1nnc(-c2ccc[n+]([O-])c2)n1-c1c(Cl)c(Cl)cc2[nH]c(=O)c(=O)[nH]c12,27287.0,C17H12Cl2N6O4,435.221,0.0
Cc1cccc[n+]1[O-],9207.0,C6H7NO,109.1259,0.0
N#CC(Br)Br,4940.0,C2HBr2N,198.844,0.0
ClCC(Br)CBr,413.0,C3H5Br2Cl,236.3328,0.0
O=C(O)C(Cl)(Cl)Br,4644.0,C2HBrCl2O2,207.8381,0.0
ClC(Cl)(Cl)Br,3930.0,CBrCl3,198.2737,0.0
O=C(O)C(Cl)Br,4642.0,C2H2BrClO2,173.3931,0.0
BrC/C=C/CBr,4941.0,C4H6Br2,213.8984,0.0
O=C(O)Cn1c(=O)n(Cc2ccc(Br)cc2F)c(=O)c2ccc(Cl)cc21,27296.0,C17H11BrClFN2O4,441.6356,0.0
O=C(O)CBr,1495.0,C2H3BrO2,138.948,0.0
BrCC1CO1,5237.0,C3H5BrO,136.9752,0.0
BrCCBr,415.0,C2H4Br2,187.8612,0.0
CCCCCCCCCCCCCBr,29314.0,C13H27Br,263.2575,0.0
CCCCCCCCCCCCCCBr,18725.0,C14H29Br,277.2841,0.0
ClCCCCBr,29309.0,C4H8BrCl,171.4633,0.0
C#CC(O)CCCCC,2124.0,C8H14O,126.1962,0.0
c1cc(CCCc2ccncc2)ccn1,24852.0,C13H14N2,198.2637,0.0
CC(C)=CCl,520.0,C4H7Cl,90.5514,0.0
CC(C)=CCl,520.0,C4H7Cl,90.5514,0.0
CC(C)=CCO,7206.0,C5H10O,86.1323,0.0
C[C@H]1[C@@H](c2ccccc2)N=C(O)N1C,29333.0,C11H14N2O,190.2417,0.0
C[N+](C)(C)CC(=O)[O-],2666.0,C5H11NO2,117.1463,0.0
CC[N+]1(C)CCCC1.O=S(=O)([N-]S(=O)(=O)C(F)(F)F)C(F)(F)F,27916.0,C9H16F6N2O4S2,394.3548 (114.2081+280.1467),0.0
CCC[N+]1(C)CCCC1.F[P-](F)(F)(F)(F)F,29125.0,C8H18F6NP,273.1994 (128.2347+144.9647),0.0
CCC[N+]1(C)CCCC1.O=S(=O)([N-]S(=O)(=O)C(F)(F)F)C(F)(F)F,27918.0,C10H18F6N2O4S2,408.3813 (128.2347+280.1467),0.0
CCn1cc[n+](C)c1.COS(=O)(=O)[O-],29266.0,C7H14N2O4S,222.2621 (111.1644+111.0977),0.0
CCn1cc[n+](C)c1C.F[B-](F)(F)F,29122.0,C7H13BF4N2,211.9961 (125.1910+86.8052),0.0
CCCn1cc[n+](C)c1.F[B-](F)(F)F,29107.0,C7H13BF4N2,211.9961 (125.1910+86.8052),0.0
CCCn1cc[n+](C)c1.O=S(=O)([N-]S(=O)(=O)C(F)(F)F)C(F)(F)F,27923.0,C9H13F6N3O4S2,405.3376 (125.1910+280.1467),0.0
C[Si](C)(C)N[Si](C)(C)C,5395.0,C6H19NSi2,161.3928,0.0
C[SiH](O[Si](C)(C)C)O[Si](C)(C)C,18795.0,C7H22O2Si3,222.5049,0.0
C[Si](C)(C)O[Si](C)(C)O[Si](C)(C)C,20710.0,C8H24O2Si3,236.5315,0.0
C[Si](C)=O,3833.0,C2H6OSi,74.1539,0.0
CO[Si](C)(OC)OC,7370.0,C4H12O3Si,136.2218,0.0
CC(C)=CCC/C(C)=C\CO,6728.0,C10H18O,154.2493,0.0
CC(=O)OC/C=C(\C)CCC=C(C)C,654.0,C12H20O2,196.286,0.0
CC(C)=CCCC(C)CC=O,21790.0,C10H18O,154.2493,0.0
CC=C(Cl)Cl,9910.0,C3H4Cl2,110.9699,0.0
CN=C=O,3786.0,C2H3NO,57.0513,0.0
CN=C=S,7204.0,C2H3NS,73.1169,0.0
C=CCOC(=O)C(=C)C,1816.0,C7H10O2,126.1531,0.0
C=C(C)C(=O)OCCCCCCCC(C)C,5466.0,C14H26O2,226.355,0.0
C=C(C)C(=O)OCCCCCCCCCCCCC,9236.0,C17H32O2,268.4348,0.0
C=C(C)C(=O)OCCCCCCCCCCCCCCCCCC,7975.0,C22H42O2,338.5677,0.0
C=C(C)CNCC,7798.0,C6H13N,99.1741,0.0
C=CC(=O)CC,5318.0,C5H8O,84.1164,0.0
C=CC(=O)OC,4183.0,C4H6O2,86.0892,0.0
C=CC(=O)OCCCC,4676.0,C7H12O2,128.169,0.0
C=CC(=O)OCCCCCCCC(C)C,7386.0,C13H24O2,212.3285,0.0
C=CC(=O)OCCCl,4783.0,C5H7ClO2,134.5609,0.0
C=CC(C)(C)C,7211.0,C6H12,84.1595,0.0
C=CC(C)(C)C,7211.0,C6H12,84.1595,0.0
C=CC(O)CCCCC,15214.0,C8H16O,128.212,0.0
C=CCN=C=S,47.0,C4H5NS,99.1542,0.0
C=CC1CC2C=CC1C2,9250.0,C9H12,120.1916,0.0
C=CCCC(=O)O,24448.0,C5H8O2,100.1158,0.0
C=CCCC=C,29279.0,C6H10,82.1436,0.0
C=CCCl,45.0,C3H5Cl,76.5248,0.0
C=CCN(CC=C)CC=C,6174.0,C9H15N,137.2221,0.0
C=CCO,44.0,C3H6O,58.0791,0.0
C=O,637.0,CH2O,30.026,0.0
C1=COCCC1,21426.0,C5H8O,84.1164,0.0
c1ccc(-c2ccccc2)cc1,161.0,C12H10,154.2078,0.0
C1CCC2=NCCCN2CC1,29384.0,C9H16N2,152.2367,0.0
C1CCC2CCCCC2C1,4912.0,C10H18,138.2499,0.0
c1ccc2c(c1)CCCC2,6118.0,C10H12,132.2023,0.0
c1ccc2c(c1)CCNC2,6115.0,C9H11N,133.1903,0.0
c1ccc2occc2c1,141.0,C8H6O,118.1326,0.0
C1CN2CCN1CC2,2016.0,C6H12N2,112.1729,0.0
c1cnccn1,29370.0,C4H4N2,80.088,0.0
C1CNCCN1,1164.0,C4H10N2,86.1356,0.0
c1c[nH]cn1,9616.0,C3H4N2,68.0773,0.0
C1COCO1,7284.0,C3H6O2,74.0785,0.0
C1N2CN3CN1CN(C2)C3,692.0,C6H12N4,140.1863,0.0
c1nc[nH]n1,7131.0,C2H3N3,69.0653,0.0
c1ccc(OCC2CO2)cc1,1145.0,C9H10O2,150.1745,0.0
C=C(C)[C@@H]1CC=C(C=O)CC1,21190.0,C10H14O,150.2176,0.0
C=C(C)C(=O)OCC(C)C,5461.0,C8H14O2,142.1956,0.0
COC(=O)C(C)=O,29282.0,C4H6O3,102.0886,0.0
COc1ccc2[nH]cc(CCNC(C)=O)c2c1,2421.0,C13H16N2O2,232.2783,0.0
CC(=O)NNC(C)=O,390.0,C4H8N2O2,116.1185,0.0
CC(=O)OC(C(=O)c1ccccc1)c1ccccc1,4580.0,C16H14O3,254.2806,0.0
CCOC(C)=O,2001.0,C4H8O2,88.1051,0.0
CCC(C)COC(C)=O,7254.0,C7H14O2,130.1849,0.0
C=CCOC(C)=O,4437.0,C5H8O2,100.1158,0.0
CC(=O)OCc1ccc2c(c1)OCO2,5925.0,C10H10O4,194.184,0.0
CCCCCCCCCCCCOC(C)=O,27641.0,C14H28O2,228.3709,0.0
CC(=O)OCCOC(C)=O,6880.0,C6H10O4,146.1412,0.0
CC(C)(C)C(=O)CC(=O)C(C)(C)C,29355.0,C11H20O2,184.2753,0.0
CC(C)(C)C(=O)O,6432.0,C5H10O2,102.1317,0.0
CCC(O)C(C)(C)C,12813.0,C7H16O,116.2013,0.0
CC(C)(C)C1(CCc2ccc(Cl)cc2)CO1,22247.0,C14H19ClO,238.7531,0.0
CCC(C)(C)C,5111.0,C6H14,86.1754,0.0
CC(C)(C)NCCNC(C)(C)C,24667.0,C10H24N2,172.311,0.0
CC(=O)CC(=O)OC(C)(C)C,24402.0,C8H14O3,158.195,0.0
CC(C)(C)OC=O,4690.0,C5H10O2,102.1317,0.0
CC(C)(C)OCC1CO1,4692.0,C7H14O2,130.1849,0.0
CCC(C)(C)OC,4521.0,C6H14O,102.1748,0.0
CC(C)(Cl)[N+](=O)[O-],4798.0,C3H6ClNO2,123.5382,0.0
CC(C)(CO)C(O)C(=O)NCCCO,24598.0,C9H19NO4,205.2515,0.0
CC(C)(CO)CO,7036.0,C5H12O2,104.1476,0.0
CC(C)(N)CO,7032.0,C4H11NO,89.1362,0.0
CCCCCCC(C)(C)S,7868.0,C9H20S,160.3201,0.0
CC(C)=O,1482.0,C3H6O,58.0791,0.0
CC(=O)C(C)C,2062.0,C5H10O,86.1323,0.0
CC(=O)C(C)C,2062.0,C5H10O,86.1323,0.0
CC(C)C1CCC(O)CC1,27149.0,C9H18O,142.2386,0.0
CC(C)CC(=O)CC(C)C,5080.0,C9H18O,142.2386,0.0
CC(C)CC(=O)CC(C)C,5080.0,C9H18O,142.2386,0.0
CC(C)CC(=O)CC(C)CC(C)C,6998.0,C12H24O,184.3184,0.0
CC(C)CC(C)O,6781.0,C6H14O,102.1748,0.0
CC(C)CCC(=O)CCC(C)C,21541.0,C11H22O,170.2918,0.0
Cc1cc(O)cc2c1O[C@](C)(CCC[C@H](C)CCC[C@H](C)CCCC(C)C)CC2,26263.0,C27H46O2,402.6529,0.0
CC(C)CCCC(C)CCO,24360.0,C10H22O,158.2811,0.0
C=CC(=O)OCCCCCC(C)C,7955.0,C11H20O2,184.2753,0.0
CC(C)CCCCCOC(=O)CCCCC(=O)OCCCCCC(C)C,7388.0,C22H42O4,370.5665,0.0
C=COCC(C)C,9608.0,C6H12O,100.1589,0.0
C=CC(=O)NCOCC(C)C,24848.0,C8H15NO2,157.2102,0.0
CC(C)N(C)C,13447.0,C5H13N,87.1634,0.0
CC(C)N(CCO)C(C)C,1822.0,C8H19NO,145.2426,0.0
CC(C)OB(OC(C)C)OC(C)C,7598.0,C9H21BO3,188.0722,0.0
CC(CC(=O)O)CC(C)(C)C,9254.0,C9H18O2,158.238,0.0
CCC(C)C(=O)O,1621.0,C5H10O2,102.1317,0.0
CC(C)=CCCC(C)C=O,24753.0,C9H16O,140.2227,0.0
CC(CN)CCCN,7772.0,C6H16N2,116.2046,0.0
CC(Cl)C(C)Cl,1565.0,C4H8Cl2,127.0123,0.0
CC(CO)(CO)CO,6444.0,C5H12O3,120.147,0.0
CC(N)=S,1340.0,C2H5NS,75.1328,0.0
COCC(C)N,9359.0,C4H11NO,89.1362,0.0
CC(O)CCO,6773.0,C4H10O2,90.121,0.0
CC(O)CN(CC(C)O)CC(C)O,1415.0,C9H21NO3,191.2679,0.0
CC(O)CN(CC(C)O)CC(C)O,1415.0,C9H21NO3,191.2679,0.0
COCC(C)O,4284.0,C4H10O2,90.121,0.0
CCOCC(C)O,4283.0,C5H12O2,104.1476,0.0
CCC(C)OC(=O)N1CCCCC1CCO,14227.0,C12H23NO3,229.3159,0.0
COC(C)(OC)OC,7400.0,C5H12O3,120.147,0.0
COC(C)OC,7178.0,C4H10O2,90.121,0.0
CC[C@@H](N)CO,9275.0,C4H11NO,89.1362,0.0
CC[n+]1ccccc1.O=S(=O)([O-])C(F)(F)F,29147.0,C8H10F3NO3S,257.2301 (108.1605+149.0697),0.0
CC/C=C\C#N,7884.0,C5H7N,81.1158,0.0
CC/C=C\CCCCCO,27587.0,C9H18O,142.2386,0.0
CC=Cc1ccc2c(c1)OCO2,767.0,C10H10O2,162.1852,0.0
CC1(C)C(=O)N(Br)C(=O)N1Cl,9162.0,C5H6BrClN2O2,241.4703,0.0
CC1(C)C(=O)NC(=O)N1CO,15152.0,C6H10N2O3,158.1552,0.0
CC1CC(O)CC(C)(C)C1,21815.0,C9H18O,142.2386,0.0
CN1C(C)(C)CC(O)CC1(C)C,24411.0,C10H21NO,171.2798,0.0
CC(=O)/C=C/C1C(C)=CCCC1(C)C,15160.0,C13H20O,192.2973,0.0
CC(=O)/C(C)=C/C1C(C)=CCCC1(C)C,7047.0,C14H22O,206.3239,0.0
CCC[n+]1ccn(C)c1C.O=S(=O)([N-]S(=O)(=O)C(F)(F)F)C(F)(F)F,29083.0,C10H15F6N3O4S2,419.3642 (280.1467+139.2176),0.0
C=C(C)[C@H]1CC=C(C)C(=O)C1,256.0,C10H14O,150.2176,0.0
C=C(C)[C@@H]1CC=C(C)CC1,27078.0,C10H16,136.234,0.0
C=C(C)C1CC=C(C)CC1,9612.0,C10H16,136.234,0.0
Cc1ccc2ccccc2c1C,5130.0,C12H12,156.2237,0.0
CC1CC(=O)CC(C)(C)C1,24996.0,C9H16O,140.2227,0.0
Cc1cc(N)no1,1631.0,C4H6N2O,98.1032,0.0
CCOP(=O)(OCC)Oc1cc(C)nc(C(C)C)n1,17523.0,C12H21N2O4P,288.2799,0.0
CCCC[n+]1ccc(C)cc1.F[B-](F)(F)F,29131.0,C10H16BF4N,237.0454 (150.2402+86.8052),0.0
Cc1ccc(C)c2ccccc12,15423.0,C12H12,156.2237,0.0
Cc1ccc2cc(C)ccc2c1,9187.0,C12H12,156.2237,0.0
Cc1ccc2ccccc2c1,878.0,C11H10,142.1971,0.0
Cc1ccc2ccccc2n1,20271.0,C10H9N,143.1852,0.0
Cc1ccc2ncccc2c1,887.0,C10H9N,143.1852,0.0
Cc1cccc2sc3nncn3c12,17478.0,C9H7N3S,189.237,0.0
CC1CCCO1,10258.0,C5H10O,86.1323,0.0
CC1CN1P(=O)(N1CC1C)N1CC1C,815.0,C9H18N3OP,215.2325,0.0
Cc1cscn1,7300.0,C4H5NS,99.1542,0.0
COC(=O)c1ccccc1S(=O)(=O)NC(=O)N(C)c1nc(C)nc(OC)n1,4101.0,C15H17N5O6S,395.3904,0.0
CC1=CC(=O)[C@H]2C[C@@H]1C2(C)C,15620.0,C10H14O,150.2176,0.0
CC1(C)[C@@H]2CC[C@@]1(C)C(=O)C2,4721.0,C10H16O,152.2334,0.0
C=C1CC[C@H]2C[C@@H]1C2(C)C,21184.0,C10H16,136.234,0.0
C=C1C2CCC(C2)C1(C)C,6488.0,C10H16,136.234,0.0
CC1=CCC2CC1C2(C)C,6501.0,C10H16,136.234,0.0
CC1CCc2nccnc21,27196.0,C8H10N2,134.1784,0.0
Cc1ccc2c(C)cccc2c1,2415.0,C12H12,156.2237,0.0
Cc1cccc2ccccc12,877.0,C11H10,142.1971,0.0
COC(=O)c1ccccc1S(=O)(=O)NC(=O)Nc1nc(C)nc(OC)n1,3864.0,C14H15N5O6S,381.3638,0.0
COc1nc(C)nc(NC(=O)NS(=O)(=O)c2ccccc2OCCCl)n1,4345.0,C14H16ClN5O5S,401.8253,0.0
Cc1nnc(NS(=O)(=O)c2ccc(N)cc2)s1,3615.0,C9H10N4O2S2,270.3313,0.0
CCC(=O)OC(=O)CC,7007.0,C6H10O3,130.1418,0.0
CCCOC(=O)CC,22337.0,C6H12O2,116.1583,0.0
CCC(C)(C)C1CCC(=O)CC1,27127.0,C11H20O,168.2759,0.0
CCC(C)(O)CCC=C(C)C,24809.0,C10H20O,156.2652,0.0
CCC(CC)CO,21416.0,C6H14O,102.1748,0.0
CCCC(CC)CCCCCCCN,9815.0,C13H29N,199.3761,0.0
CCC(Cl)[N+](=O)[O-],4797.0,C3H6ClNO2,123.5382,0.0
CCCC(=O)C(CC)Sc1ccoc1C,27157.0,C12H18O2S,226.3351,0.0
CCC[N+]1(C)CCCCC1.O=S(=O)([N-]S(=O)(=O)C(F)(F)F)C(F)(F)F,29285.0,C11H20F6N2O4S2,422.4079 (142.2613+280.1467),0.0
CCC1(c2ccccc2)C(=O)NCNC1=O,3510.0,C12H14N2O2,218.2518,0.0
CCc1nccnc1CC,27101.0,C8H12N2,136.1943,0.0
CCCC(=O)C(=O)O,1647.0,C5H8O3,116.1152,0.0
CCCC(=O)OC,27083.0,C5H10O2,102.1317,0.0
CCCC(=O)OCC,20111.0,C6H12O2,116.1583,0.0
CCCC[N+]1(C)CCCC1.O=S(=O)([N-]S(=O)(=O)C(F)(F)F)C(F)(F)F,27944.0,C11H20F6N2O4S2,422.4079 (142.2613+280.1467),0.0
CCCCC(=O)O,1655.0,C5H10O2,102.1317,0.0
CCCCCC=O,1604.0,C6H12O,100.1589,0.0
CCCCCC=O,1604.0,C6H12O,100.1589,0.0
CCCCCCC,4127.0,C7H16,100.2019,0.0
CCCCCCC=O,1597.0,C7H14O,114.1855,0.0
CCCCCCCCC,5796.0,C9H20,128.2551,0.0
CCCCCCCCCC,4913.0,C10H22,142.2817,0.0
C=CCCCCCCCCCCCCCC,7269.0,C16H32,224.4253,0.0
CCCCCCCCCCCCCCC1CO1,5245.0,C16H32O,240.4247,0.0
C=CCCCCCCCCCCCCCCCC,6932.0,C18H36,252.4784,0.0
CCCCCCCCCCCCO,6918.0,C12H26O,186.3342,0.0
CCCCCCCCCCCCS,5220.0,C12H26S,202.3998,0.0
CCCCCCCCCl,1543.0,C8H17Cl,148.6736,0.0
CCCCCCCN,681.0,C7H17N,115.2166,0.0
CCCCCCI,29298.0,C6H13I,212.0719,0.0
CCCCCCN,1930.0,C6H15N,101.19,1.0
CCCCCCO,1931.0,C6H14O,102.1748,0.0
CCCCCl,206.0,C4H9Cl,92.5673,0.0
CCCCCO,1741.0,C5H12O,88.1482,0.0
CCCCN(CCO)CCCC,4953.0,C10H23NO,173.2957,0.0
CCCCn1cc[n+](C)c1.O=S(=O)([O-])O,27947.0,C8H16N2O4S,236.2886 (139.2176+97.0711),0.0
CCCCn1cc[n+](C)c1.O=S(=O)([O-])C(F)(F)F,29088.0,C9H15F3N2O3S,288.2872 (139.2176+149.0697),0.0
CCCCn1cc[n+](C)c1C.O=S(=O)([O-])C(F)(F)F,29315.0,C10H17F3N2O3S,302.3138 (153.2441+149.0697),0.0
CCCCOCC1CO1,4691.0,C7H14O2,130.1849,0.0
CCCCOCC1CO1,4691.0,C7H14O2,130.1849,0.0
CCCCOCCO,4097.0,C6H14O2,118.1742,0.0
CCCCOCCOCCOC(=O)CCCCC(=O)OCCOCCOCCCC,7085.0,C22H42O8,434.5641,0.0
CCCCOCCOCCOC(C)=O,7021.0,C10H20O4,204.2634,0.0
CCCCOP(=O)(O)OCCCC,20728.0,C8H19O4P,210.2078,0.0
CCCCP(CCCC)CCCC,26998.0,C12H27P,202.3165,0.0
CCCCS,6824.0,C4H10S,90.1872,0.0
CCCN(CCC)N=O,1032.0,C6H14N2O,130.1882,0.0
CCCOCCO,7500.0,C5H12O2,104.1476,0.0
CCN(C)N=O,1036.0,C3H8N2O,88.1084,0.0
CCN(CC)N=O,1028.0,C4H10N2O,102.135,0.0
CCN(CCO)CCO,21955.0,C6H15NO2,133.1888,0.0
CCNC(=S)NCC,466.0,C5H12N2S,132.2272,0.0
CCNCC,1909.0,C4H11N,73.1368,0.0
C=C[Si](OCC)(OCC)OCC,24463.0,C8H18O3Si,190.3122,0.0
CCO[Si](CC)(OCC)OCC,21962.0,C8H20O3Si,192.3281,0.0
CCOC(=O)C1OC1c1ccccc1,5886.0,C11H12O3,192.2112,0.0
CC/C=C\CCOC(C)OCC,27418.0,C10H20O2,172.2646,0.0
C=C(C)C(=O)OCCOCC,2186.0,C8H14O3,158.195,0.0
CCOP(=O)(OCC)SCCSCC,2306.0,C8H19O3PS2,258.3384,0.0
CCOP(=S)(OCC)OP(=S)(OCC)OCC,4328.0,C8H20O5P2S2,322.3189,0.0
CCOP(OCC)OCC,6991.0,C6H15O3P,166.1553,0.0
CCC(=O)N(c1ccccc1)C1CCN(C(C)Cc2ccccc2)CC1.Cl,28858.0,C23H31ClN2O,386.9580 (36.4609+350.4971),0.0
C1CNCCN1.Cl.Cl,27096.0,C4H12Cl2N2,159.0575 (86.1356+36.4609+36.4609),0.0
Cc1cc(-c2ccc(N)c(C)c2)ccc1N.Cl.Cl,511.0,C14H18Cl2N2,285.2121 (212.2902+36.4609+36.4609),0.0
Cl.ClCc1ccccn1,308.0,C6H7Cl2N,164.0325 (127.5715+36.4609),0.0
Cl.ClCc1cccnc1,309.0,C6H7Cl2N,164.0325 (36.4609+127.5715),0.0
Cl.NC1CCCCC1,361.0,C6H14ClN,135.6351 (36.4609+99.1741),0.0
CCOC(=O)NNc1nncc2ccccc12.Cl,24664.0,C11H13ClN4O2,268.6995 (232.2386+36.4609),0.0
CN1[C@@H]2C[C@@H](OC(=O)[C@H](CO)c3ccccc3)C[C@H]1[C@@H]1O[C@@H]12.Cl,24692.0,C17H22ClNO4,339.8139 (303.3529+36.4609),0.0
Cl[C@H]1OCCO[C@@H]1Cl,421.0,C4H6Cl2O2,156.9952,0.0
ClC=C(Cl)Cl,1382.0,C2HCl3,131.3883,0.0
Cl/C=C/Cl,4031.0,C2H2Cl2,96.9433,0.0
Clc1cccc(C(Cl)(Cl)Cl)n1,4216.0,C6H3Cl4N,230.9067,0.0
FC(Cl)(Cl)Cl,1384.0,CCl3F,137.3681,0.0
ClSC(Cl)(Cl)Cl,5854.0,CCl4S,185.8877,0.0
ClC(Cl)Cl,306.0,CHCl3,119.3776,0.0
ClC/C=C\CCl,7310.0,C4H6Cl2,124.9964,0.0
Clc1cc(Cl)c(Cl)nc1Cl,7467.0,C5HCl4N,216.8801,0.0
O=C(O)COc1nc(Cl)c(Cl)cc1Cl,12497.0,C7H4Cl3NO3,256.4706,0.0
CCCCOCCOC(=O)COc1nc(Cl)c(Cl)cc1Cl,12579.0,C13H16Cl3NO4,356.6294,0.0
Nc1nc(Cl)cc(Cl)n1,29380.0,C4H3Cl2N3,163.9927,0.0
COc1ccc2c(C(=O)c3ccc(Cl)cc3)c(C)n(CC(=O)O)c2c1,28753.0,C19H16ClNO4,357.7876,0.0
CC(=NC#N)N(C)Cc1ccc(Cl)nc1,14300.0,C10H11ClN4,222.6741,0.0
Clc1ccc2ccccc2c1,3971.0,C10H7Cl,162.6156,0.0
O=c1[nH]c2ccc(Cl)cc2o1,21545.0,C7H4ClNO2,169.5652,0.0
CC(C)Nc1nc(Cl)nc(NC(C)C)n1,1196.0,C9H16ClN5,229.7098,0.0
CCNc1nc(Cl)nc(NC(C)(C)C#N)n1,3990.0,C9H13ClN6,240.6927,0.0
CCNc1nc(Cl)nc(NC(C)C)n1,112.0,C8H14ClN5,215.6833,0.0
CCNc1nc(Cl)nc(NCC)n1,1268.0,C7H12ClN5,201.6567,0.0
O=C(O)C1C(C(=O)O)C2(Cl)C(Cl)=C(Cl)C1(Cl)C2(Cl)Cl,268.0,C9H4Cl6O4,388.8437,0.0
CC(C)(Oc1ccc(C2CC2(Cl)Cl)cc1)C(=O)O,331.0,C13H14Cl2O3,289.1545,0.0
CC(C)(Oc1ccc(C2CC2(Cl)Cl)cc1)C(=O)O,331.0,C13H14Cl2O3,289.1545,0.0
CS(=O)(=O)NC(=O)c1cc(Oc2ccc(C(F)(F)F)cc2Cl)ccc1[N+](=O)[O-],4112.0,C15H10ClF3N2O6S,438.7629,0.0
O=C(NC(=O)c1c(F)cccc1F)Nc1cc(Cl)c(F)c(Cl)c1F,22440.0,C14H6Cl2F4N2O2,381.1093,0.0
O=C1c2ccccc2C(=O)c2cc(Cl)ccc21,29069.0,C14H7ClO2,242.6572,0.0
CC1(C)CON(Cc2ccccc2Cl)C1=O,12355.0,C12H14ClNO2,239.6981,0.0
CN1COCN(Cc2cnc(Cl)s2)C1=N[N+](=O)[O-],14962.0,C8H10ClN5O3S,291.7147,0.0
CCOC(=O)CCl,6715.0,C4H7ClO2,122.5502,0.0
O=C(Cl)CCl,6472.0,C2H2Cl2O,112.9427,0.0
OC(CCl)CCl,5010.0,C3H6Cl2O,128.9851,0.0
OCCCCCCCl,29096.0,C6H13ClO,136.6198,0.0
CNC(=S)N(C)C,1404.0,C4H10N2S,118.2006,0.0
CC(=O)N(C)C,499.0,C4H9NO,87.1204,0.0
Cc1c(N(C)C)c(=O)n(-c2ccccc2)n1C,504.0,C13H17N3O,231.2936,0.0
CN(C)CCCN(C)C,27469.0,C7H18N2,130.2312,0.0
C=CC(=O)OCCN(C)C,5100.0,C7H13NO2,143.1836,0.0
CN(C)N=O,1029.0,C2H6N2O,74.0818,0.0
CN(C)P(=O)(N(C)C)N(C)C,694.0,C6H18N3OP,179.2004,0.0
Cn1c([N+](=O)[O-])cnc1COC(N)=O,25400.0,C6H8N4O4,200.1521,0.0
CN1[C@@H]2CC[C@H]1C[C@@H](O)C2,29358.0,C8H15NO,141.2108,0.0
CN1[C@@H]2CC[C@H]1C[C@@H](OC(=O)C(CO)c1ccccc1)C2.CN1[C@@H]2CC[C@H]1C[C@@H](OC(=O)C(CO)c1ccccc1)C2.O=S(=O)(O)O,29379.0,C34H48N2O10S,676.8173 (289.3694+98.0785+289.3694),0.0
CN1[C@@H]2CC[C@H]1C[C@@H](OC(=O)C(CO)c1ccccc1)C2,113.0,C17H23NO3,289.3694,0.0
CN1[C@@H]2CC[C@H]1C[C@@H](NC(=O)n1c(=O)[nH]c3ccccc31)C2,28729.0,C16H20N4O2,300.3556,0.0
CO[Si](CCCS)(OC)OC,24428.0,C6H16O3SSi,196.3399,0.0
COC(=O)C1CCC(C(=O)OC)CC1,6566.0,C10H16O4,200.2316,0.0
CCCCCC1C(=O)CCC1CC(=O)OC,9325.0,C13H22O3,226.312,0.0
COC(C)(C)CCCC(C)CC=O,18818.0,C11H22O2,186.2912,0.0
COC(C)COC(C)COC(C)CO,9329.0,C10H22O4,206.2793,0.0
COC(C)COC(C)COC(C)CO,9329.0,C10H22O4,206.2793,0.0
COc1cccc2sc(N)nc12,4484.0,C8H8N2OS,180.2269,0.0
COc1nc(NC(C)C)nc(NC(C)C)n1,2341.0,C10H19N5O,225.2908,0.0
COc1nc(NC(C)C)nc(NC(C)C)n1,2341.0,C10H19N5O,225.2908,0.0
C=C[Si](OCCOC)(OCCOC)OCCOC,7356.0,C11H24O6Si,280.3902,0.0
COCCOCCOC,4621.0,C6H14O3,134.1736,0.0
COCCOCCOCCOCCOC,24396.0,C10H22O5,222.2787,0.0
CCOC(=O)CC(SP(=O)(OC)OC)C(=O)OCC,790.0,C10H19O7PS,314.2924,0.0
COP(OC)OC,6979.0,C3H9O3P,124.0755,0.0
Cn1cc(S(C)=O)c(=O)c2ccc(F)cc21,28759.0,C11H10FNO2S,239.266,0.0
CCNc1nc(NC(C)C(C)C)nc(SC)n1,21873.0,C11H21N5S,255.3829,0.0
CC[N+]1(C)CCCC1.F[B-](F)(F)F,28477.0,C7H16BF4N,201.0133 (114.2081+86.8052),0.0
CCn1cc[n+](C)c1.F[B-](F)(F)F,29074.0,C6H11BF4N2,197.9696 (111.1644+86.8052),0.0
N#Cc1ccc(CC(=O)c2cccc(C(F)(F)F)c2)cc1,24835.0,C16H10F3NO,289.2519,0.0
OCC(F)(F)F,1751.0,C2H3F3O,100.0398,0.0
O=S(=O)(O)C(F)(F)F,24397.0,CHF3O3S,150.077,0.0
O=C(O)CF,21981.0,C2H3FO2,78.0424,0.0
N#CC(C#N)=C(C#N)C#N,29385.0,C6N4,128.091,0.0
CC(C)(C#N)/N=N/C(C)(C)C#N,6457.0,C8H12N4,164.2077,0.0
CC(C)(O)C#N,5427.0,C4H7NO,85.1045,0.0
N#CCC(=O)O,7149.0,C3H3NO2,85.0614,0.0
N#CCCOCCOCCC#N,24656.0,C8H12N2O2,168.1931,0.0
N#CCCSCCC#N,6899.0,C6H8N2S,140.2061,0.0
N#CCN(CC#N)CCN(CC#N)CC#N,7603.0,C10H12N6,216.2425,0.0
NC(=O)N=NC(N)=O,4553.0,C2H4N4O2,116.0788,0.0
CN(C)[C@@H]1C(O)=C(C(N)=O)C(=O)[C@@]2(O)C(O)=C3C(=O)c4c(O)cccc4[C@@](C)(O)[C@H]3C[C@@H]12,3645.0,C22H24N2O8,444.4346,0.0
NC(=O)c1cccnc1,929.0,C6H6N2O,122.1246,0.0
NC(=O)Cc1cccc2ccccc12,914.0,C12H11NO,185.2218,0.0
NC(N)=O,1426.0,CH4N2O,60.0553,0.0
NC(N)=S,1348.0,CH4N2S,76.1209,0.0
Cn1cnc2c(=O)nc(N)[nH]c21,29274.0,C6H7N5O,165.1527,0.0
Nc1c(NC/C=C\COc2cc(CN3CCCCC3)ccn2)c(=O)c1=O,28728.0,C19H24N4O3,356.4189,0.0
Nc1ccn([C@H]2CC[C@@H](CO)O2)c(=O)n1,3747.0,C9H13N3O3,211.2178,0.0
Nc1ccn([C@H]2CC[C@@H](CO)O2)c(=O)n1,3747.0,C9H13N3O3,211.2178,0.0
Nc1c(Cl)c(Cl)nc(C(=O)O)c1Cl,1160.0,C6H3Cl3N2O2,241.4592,0.0
CC1(C)CC(N)CC(C)(C)N1,24388.0,C9H20N2,156.2685,0.0
Nc1cccc(S(=O)(=O)c2cccc(N)c2)c1,24962.0,C12H12N2O2S,248.3009,0.0
Nc1ccc(S(=O)(=O)c2ccc(N)cc2)cc1,371.0,C12H12N2O2S,248.3009,0.0
NC1CCCCC1,3996.0,C6H13N,99.1741,0.0
Nc1nccs1,4508.0,C3H4N2S,100.1423,0.0
Nc1nc[nH]n1,76.0,C2H4N4,84.08,0.0
CC(=C(CCO)SSC(CCO)=C(C)N(C=O)Cc1cnc(C)nc1N)N(C=O)Cc1cnc(C)nc1N,26890.0,C24H34N8O4S2,562.708,0.0
NCCCCCCN,4922.0,C6H16N2,116.2046,0.0
NCCCOCCOCCOCCCN,24565.0,C10H24N2O3,220.3092,0.0
NCCNCCNCCN,3702.0,C6H18N4,146.2339,0.0
NCCOCCN,21914.0,C4H12N2O,104.1509,0.0
NNC(=O)CCCCC(=O)NN,24361.0,C6H14N4O2,174.201,0.0
NNCCO,728.0,C2H8N2O,76.0977,0.0
O.O.O.O.O.O.O=S(=O)([O-])[O-].[Ni+2],928.0,H12NiO10S,262.8477 (96.0637+18.0153+18.0153+18.0153+18.0153+18.0153+18.0153+58.6923),0.0
O.O.O.O.O.O.O.O.[O]=[Zr]([Cl])[Cl],29361.0,H16Cl2O9Zr,322.2516 (18.0153+18.0153+18.0153+18.0153+18.0153+18.0153+18.0153+18.0153+178.1294),0.0
OC[C@@H](O)[C@H](O)[C@@H](O)[C@@H](O)CO,22096.0,C6H14O6,182.1718,0.0
O[C@H]1[C@H](O)[C@@H](O)[C@H](O)[C@@H](O)[C@H]1O,3146.0,C6H12O6,180.1559,0.0
O=C1O[C@@H]2[C@@H](O)[C@H](O)O[C@@H]2[C@H]1O,21844.0,C6H8O6,176.1241,0.0
CNC[C@H](O)[C@@H](O)[C@H](O)[C@H](O)CO,3244.0,C7H17NO5,195.2136,0.0
OC[C@@H](O)[C@@H](O)[C@H](O)[C@@H](O)CO,3588.0,C6H14O6,182.1718,0.0
OC[C@@H](O)[C@H](O)[C@@H](O)CO,22514.0,C5H12O5,152.1458,0.0
CC(C)(C)NC[C@H](O)COc1nsnc1N1CCOCC1.O=C(O)/C=C\C(=O)O,27504.0,C17H28N4O7S,432.4918 (316.4197+116.0722),0.0
OC[C@H]1O[C@@H](O[C@H]2[C@H](O)[C@@H](O)[C@H](O)O[C@@H]2CO)[C@H](O)[C@@H](O)[C@H]1O,3193.0,C12H22O11,342.2965,0.0
CSC(C)(C)/C=N\O,4431.0,C5H11NOS,133.2119,0.0
ON=C1CCCCC1,1842.0,C6H11NO,113.1576,0.0
O=[N+]([O-])C([N+](=O)[O-])([N+](=O)[O-])[N+](=O)[O-],1334.0,CN4O8,196.0327,0.0
Cc1ncc([N+](=O)[O-])n1C,497.0,C5H7N3O2,141.128,0.0
O=[N+]([O-])c1ccccc1-c1ccccc1,5746.0,C12H9NO2,199.2054,0.0
CCCCC(CC)CO[N+](=O)[O-],7928.0,C8H17NO3,175.2255,0.0
CCCCCCC#CC(=O)OC,27639.0,C10H16O2,168.2328,0.0
O=C(C(=O)c1ccco1)c1ccco1,29373.0,C10H6O4,190.1522,0.0
CCOC(=O)C(Cl)C(C)=O,29286.0,C6H9ClO3,164.5869,0.0
CCOC(=O)CC(CC(=O)OCC)(OC(C)=O)C(=O)OCC,24576.0,C14H22O8,318.3197,0.0
CC(=O)OC1CC(C)OC(C)O1,480.0,C8H14O4,174.1944,0.0
CC(=O)OC1CCC(C(C)(C)C)CC1,7974.0,C12H22O2,198.3019,0.0
CCCCC(CC)COC(C)=O,6694.0,C10H20O2,172.2646,0.0
CC(=O)OCc1ccco1,5346.0,C7H8O3,140.1366,0.0
CCC(CC)C(C)CCOC(C)=O,9848.0,C11H22O2,186.2912,0.0
O=C(C(=O)c1ccc(Br)cc1)c1ccc(Br)cc1,24925.0,C14H8Br2O2,368.0201,0.0
O=C(c1ccccc1)C1(O)CCCCC1,24748.0,C13H16O2,204.2649,0.0
O=C(c1ccccc1)c1ccccc1,1961.0,C13H10O,182.2179,0.0
O=C(c1ccccc1)c1ccccc1O,27855.0,C13H10O2,198.2173,0.0
CS(=O)(=O)c1cc(C(F)(F)F)ccc1C(=O)c1cnoc1C1CC1,14723.0,C15H12F3NO4S,359.3203,0.0
CCCCCOC(=O)CCC,21604.0,C9H18O2,158.238,0.0
COC(=O)CCCCC(=O)O,24451.0,C7H12O4,160.1678,0.0
COC(=O)CCCCC(=O)OC,5096.0,C8H14O4,174.1944,0.0
CCCCC(CC)COC(=O)CCCCC(=O)OCC(CC)CCCC,606.0,C22H42O4,370.5665,0.0
CCCCCCOC(=O)CCCCC(=O)OCCCCCC,6841.0,C18H34O4,314.4602,0.0
CCCCCOC(=O)CCCCC,27581.0,C11H22O2,186.2912,0.0
C=CCOC(=O)CCCCCC,24754.0,C10H18O2,170.2487,0.0
CCCCCCCC(=O)OCC(COC(=O)CCCCCCC)OC(=O)CCCCCCC,1375.0,C27H50O6,470.6823,0.0
COC(=O)CCCCCCCC(=O)OC,24807.0,C11H20O4,216.2741,0.0
CCCCCCOC(=O)CCCCCCCC(=O)OCCCCCC,27623.0,C21H40O4,356.5399,0.0
COC(=O)CCCCCCCCC(=O)OC,6740.0,C12H22O4,230.3007,0.0
CCCCC(CC)COC(=O)CCCCCCCCC(=O)OCC(CC)CCCC,5055.0,C26H50O4,426.6728,0.0
CCOC(=O)CCCCCCCCC(=O)OCC,1915.0,C14H26O4,258.3538,0.0
CCCCCCCCCC(=O)OCC,24363.0,C12H24O2,200.3178,0.0
COCCOC[C@H](CC1(C(=O)N[C@H]2CC[C@@H](C(=O)O)CC2)CCCC1)C(=O)Oc1ccc2c(c1)CCC2,27286.0,C29H41NO7,515.6383,0.0
C=CC(=O)NC(C)(C)CS(=O)(=O)O,7770.0,C7H13NO4S,207.2474,1.0
CC[N+](CC)(CC(=O)Nc1c(C)cccc1C)Cc1ccccc1.O=C([O-])c1ccccc1,14376.0,C28H34N2O3,446.5812 (121.1139+325.4672),0.0
CN(C)NC(=O)CCC(=O)O,370.0,C6H12N2O3,160.1711,0.0
NNC(=O)c1cccnc1,933.0,C6H7N3O,137.1393,0.0
O=C(O)/C=C/C(=O)O,1518.0,C4H4O4,116.0722,0.0
O=C(O)/C=C/C(=O)O,1518.0,C4H4O4,116.0722,0.0
C[C@H]1[C@@H]2Cc3ccc(O)cc3[C@@]1(C)CCN2C.C[C@H]1[C@@H]2Cc3ccc(O)cc3[C@@]1(C)CCN2C.O=C(O)/C=C/C(=O)O,28836.0,C34H46N2O6,578.7388 (231.3333+116.0722+231.3333),0.0
O=C(O)/C=C\C(=O)O,1517.0,C4H4O4,116.0722,0.0
N[C@@H](Cc1c[nH]c2ccccc12)C(=O)O,1419.0,C11H12N2O2,204.2252,0.0
C=C1C[C@]23C[C@@]1(O)CC[C@H]2[C@@]12C=C[C@H](O)[C@@](C)(C(=O)O1)[C@H]2[C@@H]3C(=O)O,656.0,C19H22O6,346.3744,0.0
C=C(CC(=O)O)C(=O)O,6608.0,C5H6O4,130.0987,0.0
O=C(O)CC(=O)C(=O)O,1646.0,C4H4O5,132.0716,0.0
O=C(O)C(=O)O,5816.0,C2H2O4,90.0349,0.0
NC(Cc1c[nH]c2ccccc12)C(=O)O,1418.0,C11H12N2O2,204.2252,0.0
O=C(O)CC(O)C(=O)O,7640.0,C4H6O5,134.0874,0.0
Cc1cnc2c(C(=O)O)c(Cl)ccc2c1,22364.0,C11H8ClNO2,221.6397,0.0
O=C(O)c1c(Cl)ccc2cc(Cl)cnc12,12641.0,C10H5Cl2NO2,242.0582,0.0
CCn1cc(C(=O)O)c(=O)c2cc3c(cc21)OCO3,1089.0,C13H11NO5,261.2301,0.0
CCCCC1(COC(=O)CCC(=O)O)C(=O)N(c2ccccc2)N(c2ccccc2)C1=O,1296.0,C24H26N2O6,438.473,0.0
O=C(O)CCCc1c[nH]c2ccccc12,12623.0,C12H13NO2,203.2371,0.0
O=C(O)CCCCCC(=O)O,1598.0,C7H12O4,160.1678,0.0
O=C(O)CCCCCCC(=O)O,1644.0,C8H14O4,174.1944,0.0
COc1ccc2c(C(=S)N(C)CC(=O)O)cccc2c1C(F)(F)F,28760.0,C16H14F3NO3S,357.3475,0.0
O=C(O)CO,5363.0,C2H4O3,76.0514,0.0
O=C(O)CS,6141.0,C2H4O2S,92.117,0.0
CNC(=O)ON=C(CSC)C(C)(C)C,22468.0,C9H18N2O2S,218.3164,0.0
C=C(C)C(=O)OCCC(C)OC(=O)C(=C)C,24784.0,C12H18O4,226.2689,0.0
C=C(C)C(=O)OC1CC(C)CC(C)(C)C1,24990.0,C13H22O2,210.3126,0.0
CCOC(=O)C1CC(=O)C(=C(O)C2CC2)C(=O)C1,12535.0,C13H16O5,252.2631,0.0
CCCCOC(=O)c1ccccc1C(=O)OCc1ccccc1,205.0,C19H20O4,312.3597,0.0
CCCCCCCCCOC(=O)CCCCC(=O)OCCCCCCC,27517.0,C22H42O4,370.5665,0.0
CCCCCCCCCCCCCOC(=O)CCSCCC(=O)OCCCCCCCCCCCCC,7728.0,C32H62O4S,542.8973,0.0
O=C=NCCCCCCN=C=O,4143.0,C8H12N2O2,168.1931,0.0
CC1(C)CC(N=C=O)CC(C)(CN=C=O)C1,3826.0,C12H18N2O2,222.2835,0.0
CC1=CC(=O)CC(C)(C)C1,759.0,C9H14O,138.2069,0.0
Cc1cc(=O)nc(C(C)C)[nH]1,7502.0,C8H12N2O,152.1937,0.0
O=C1C=CC(=O)C=C1,145.0,C6H4O2,108.0948,0.0
O=c1ccc(=O)[nH][nH]1,792.0,C4H4N2O2,112.0868,0.0
O=c1cc[nH]c(=S)[nH]1,1347.0,C4H4N2OS,128.1524,0.0
O=C1Nc2ccccc2C1=O,18694.0,C8H5NO2,147.1308,0.0
O=C1CC(=O)NC(=O)N1,129.0,C4H4N2O3,128.0862,0.0
CC1CC(=O)O1,223.0,C4H6O2,86.0892,0.0
O=C1CCCC(=O)C1,24433.0,C6H8O2,112.1265,0.0
O=C1CCCC(=O)O1,24362.0,C5H6O3,114.0993,0.0
CCCCCCCC1CCCC1=O,24547.0,C12H22O,182.3025,0.0
O=C1CCCCC1,359.0,C6H10O,98.143,0.0
CCN1CCCC1=O,24413.0,C6H11NO,113.1576,0.0
CN1C(=O)CCS(=O)(=O)C1c1ccc(Cl)cc1,2798.0,C11H12ClNO3S,273.7359,0.0
CC1(C)C(=O)N(Cl)C(=O)N1Br,12591.0,C5H6BrClN2O2,241.4703,0.0
CC1(C)NC(=O)NC1=O,1754.0,C5H8N2O2,128.1292,0.0
O=C1NC(=O)c2ccccc21,6514.0,C8H5NO2,147.1308,0.0
NC(=O)NC1NC(=O)NC1=O,43.0,C4H6N4O3,158.1154,0.0
O=c1[nH]c(=O)c2c[nH]nc2[nH]1,15209.0,C5H4N4O2,152.1109,0.0
Cc1[nH]c(=O)n(C(C)(C)C)c(=O)c1Cl,4317.0,C9H13ClN2O2,216.6647,0.0
O=C1NC2NC(=O)NC2N1,11380.0,C4H6N4O2,142.116,0.0
O=C1NCCN1,602.0,C3H6N2O,86.0925,0.0
NCCN1CCNC1=O,24706.0,C5H11N3O,129.1603,0.0
O=c1[nH]c2ccccc2c(=O)o1,6955.0,C8H5NO3,163.1302,0.0
CC1=C(O)C(=O)OC1C,27674.0,C6H8O3,128.1259,0.0
C[C@H]1C(=O)O[C@@H]2CCN3CC=C(COC(=O)[C@](C)(O)[C@]1(C)O)[C@H]23,902.0,C16H23NO6,325.3569,0.0
Nc1cnn(-c2ccccc2)c(=O)c1Cl,14872.0,C10H8ClN3O,221.643,0.0
Cc1cc(=O)n(-c2ccccc2)n1C,1117.0,C11H12N2O,188.2258,0.0
Nc1c(Br)cc(Br)c2c1C(=O)c1ccccc1C2=O,52.0,C14H7Br2NO2,381.0189,0.0
CN1C(=O)c2ccccc2C1=O,7198.0,C9H7NO2,161.1574,0.0
CC1=NN(c2ccccc2)C(=O)C1,1130.0,C10H10N2O,174.1992,0.0
O=C(C1CCCCC1)N1CC(=O)N2CCc3ccccc3C2C1,1182.0,C19H24N2O2,312.4061,0.0
O=C(C1CCCCC1)N1CC(=O)N2CCc3ccccc3C2C1,1182.0,C19H24N2O2,312.4061,0.0
CO[C@]1(NC(=O)CSC(F)F)C(=O)N2C(C(=O)O)=C(CSc3nnnn3CCO)CO[C@H]21,28771.0,C15H18F2N6O7S2,496.4662,0.0
O=c1[nH]cnc2ccccc12,29372.0,C8H6N2O,146.146,0.0
C[C@]12C(=O)OC(=O)[C@H]1[C@H]1C=C[C@@H]2C1,7844.0,C10H10O3,178.1846,0.0
O=c1oc(=O)c2cc3c(=O)oc(=O)c3cc12,6536.0,C10H2O6,218.1193,0.0
O=C1c2ccccc2-c2ccccc21,29263.0,C13H8O,180.202,0.0
O=C1/C(=C2\Nc3ccccc3C2=O)Nc2ccccc21,6279.0,C16H10N2O2,262.2628,0.0
O=c1[nH]cnc2c1ncn2[C@H]1CC[C@@H](CO)O1,2927.0,C10H12N4O3,236.2273,0.0
O=NN(c1ccccc1)c1ccccc1,1030.0,C12H10N2O,198.2206,0.0
O=NN(c1ccccc1)c1ccccc1,1030.0,C12H10N2O,198.2206,0.0
O=NN1CCN(N=O)CC1,527.0,C4H8N4O2,144.1319,0.0
CCOC(=O)CP(=O)(OCC)OCC,21573.0,C8H17O5P,224.1913,0.0
CCCCCCCCP(=O)(O)O,24679.0,C8H19O3P,194.2084,0.0
O=P(O)(O)O,4263.0,H3O4P,97.9952,0.0
O=P(O)(O)O,4263.0,H3O4P,97.9952,0.0
COP(=O)(OC)OC,1403.0,C3H9O4P,140.0749,0.0
COP(=O)(OC)O/C(C)=C/C(=O)N(C)C,3914.0,C8H16NO5P,237.1901,0.0
O=P1(NCCCl)OCCCN1CCCl,760.0,C7H15Cl2N2O2P,261.086,0.0
O=[PH]1Oc2ccccc2-c2ccccc21,24563.0,C12H9O2P,216.1724,0.0
O=C(O)c1cc(/N=N/c2ccc(S(=O)(=O)Nc3ccccn3)cc2)ccc1O,1256.0,C18H14N4O5S,398.3926,0.0
Cc1cc(C)nc(NS(=O)(=O)c2ccc(N)cc2)n1,1290.0,C12H14N4O2S,278.3302,0.0
NNS(=O)(=O)c1ccc(Oc2ccc(S(=O)(=O)NN)cc2)cc1,6499.0,C12H14N4O5S2,358.3934,0.0
O=S(=O)(O)c1ccc2[nH]c(-c3ccccc3)nc2c1,18852.0,C13H10N2O3S,274.2951,0.0
O=S(=O)(O)c1ccc2ccccc2c1,24788.0,C10H8O3S,208.2337,0.0
CC1=NN(c2cccc(S(=O)(=O)O)c2)C(=O)C1,24785.0,C10H10N2O4S,254.2624,0.0
O=C1C[C@@H]2OCC=C3CN4CC[C@]56c7ccccc7N1[C@H]5[C@H]2[C@H]3C[C@H]46.O=C1C[C@@H]2OCC=C3CN4CC[C@]56c7ccccc7N1[C@H]5[C@H]2[C@H]3C[C@H]46.O=S(=O)(O)O,1721.0,C42H46N4O8S,766.9016 (334.4116+334.4116+98.0785),0.0
CCOS(=O)(=O)OCC,4045.0,C4H10O4S,154.1848,0.0
CC(=O)Nc1nnc(S(N)(=O)=O)s1,2544.0,C4H6N4O3S2,222.2454,0.0
O=S1(=O)OCCO1,598.0,C2H4O4S,124.1158,0.0
O=C(O)c1cccc(C(=O)O)n1,2043.0,C7H5NO4,167.1189,0.0
O=C(O)CN(CC(=O)O)CC(=O)O,939.0,C6H9NO6,191.1388,0.0
O=C(c1ccccc1)C(O)c1ccccc1,144.0,C14H12O2,212.2439,0.0
CCCOCC(C)OCC(C)O,13276.0,C9H20O3,176.2533,0.0
COc1ccc(C(O)(c2cncnc2)C2CC2)cc1,14338.0,C15H16N2O2,256.2997,0.0
OC(Cn1cncn1)(Cn1cncn1)c1ccc(F)cc1F,627.0,C13H12F2N6O,306.2708,0.0
CCCCCCCCO[C@@H]1O[C@H](CO)[C@@H](O)[C@H](O)[C@H]1O,22234.0,C14H28O6,292.3685,0.0
O=C(O)c1ccccc1C(c1ccc(O)cc1)c1ccc(O)cc1,2439.0,C20H16O4,320.3386,0.0
OC1CCC(C2CCCCC2)CC1,20722.0,C12H22O,182.3025,0.0
O=S1(=O)OC(c2ccc(O)cc2)(c2ccc(O)cc2)c2ccccc21,2408.0,C19H14O5S,354.3765,0.0
COc1cc(/C=C/C(=O)O[C@H]2CC[C@]34C[C@]35CC[C@]3(C)[C@@H]([C@H](C)CCC=C(C)C)CC[C@@]3(C)[C@@H]5CC[C@H]4C2(C)C)ccc1O,1084.0,C40H58O4,602.8861,0.0
Oc1ccc(O)c2c(O)cccc12,12759.0,C10H8O3,176.1687,0.0
OC1CCCC1,13371.0,C5H10O,86.1323,0.0
OC1CCCCC1,1894.0,C6H12O,100.1589,0.0
O=C(/C=C/c1ccc(O)c(O)c1)O[C@@H](C(=O)O)[C@@H](OC(=O)/C=C/c1ccc(O)c(O)c1)C(=O)O,13332.0,C22H18O12,474.3711,0.0
CC(C/N=C/c1ccccc1O)/N=C/c1ccccc1O,21200.0,C17H18N2O2,282.337,0.0
OCC(CO)(CO)COCC(CO)(CO)CO,7039.0,C10H22O7,254.2775,0.0
OCC1(CO)COCOC1,24967.0,C6H12O4,148.1571,0.0
OCc1ccco1,5347.0,C5H6O2,98.0999,0.0
OCCc1ccccn1,24767.0,C7H9NO,123.1525,0.0
N#CCCN(CCO)CCO,24603.0,C7H14N2O2,158.1983,0.0
CCCCN(CCO)CCO,24354.0,C8H19NO2,161.242,0.0
COCCO,4182.0,C3H8O2,76.0944,0.0
CCOCCOCCO,1941.0,C6H14O3,134.1736,0.0
CCOCCOCCOCCO,4368.0,C8H18O4,178.2261,0.0
CCCCOCCOCCOCCOCCO,7412.0,C12H26O5,250.3318,0.0
O=C1C(N(CO)C(=O)NCO)N(CO)C(=O)N1CO,9559.0,C8H14N4O7,278.2194,0.0
O=P(O)(Oc1ccccc1)Oc1ccccc1,28182.0,C12H11O4P,250.1871,0.0
O=S(=O)(O)NC1CCCCC1,21809.0,C6H13NO3S,179.2373,0.0
CCCCN(CCCC)C(=S)[S][Ni][S]C(=S)N(CCCC)CCCC,927.0,C18H36N2NiS4,467.4452,0.0
CCCc1cc(=O)[nH]c(=S)[nH]1,1209.0,C7H10N2OS,170.2321,0.0
Cn1cc[nH]c1=S,820.0,C4H6N2S,114.1688,0.0
S=P(N1CC1)(N1CC1)N1CC1,1339.0,C6H12N3PS,189.2183,0.0
SC1CCCC1,27108.0,C5H10S,102.1979,0.0
Sc1nnc(S)s1,20115.0,C2H2N2S3,150.2457,0.0
CCOC(=S)[S-].[K+],22315.0,C3H5KOS2,160.2995 (121.2017+39.0978),1.0
Cc1ccc2c(c1)C(=O)c1ccccc1C2=O,21439.0,C15H10O2,222.2387,0.0
COc1cc2c(cc1N)oc1ccccc12,825.0,C13H11NO2,213.2319,1.0
CCCCCCCCCCCC(=O)O,1590.0,C12H24O2,200.3178,0.0
Cc1ccc2c(c1N)C(=O)c1ccccc1C2=O,57.0,C15H11NO2,237.2533,0.0
c1ccc2cc3c(ccc4ccccc43)cc2c1,3902.0,C18H12,228.2879,0.0
CC(=O)Nc1ccc2c(c1)Cc1cc(NC(C)=O)ccc1-2,1479.0,C17H16N2O2,280.3211,0.0
CCN(Cc1c(F)cccc1Cl)c1c([N+](=O)[O-])cc(C(F)(F)F)cc1[N+](=O)[O-],12553.0,C16H12ClF4N3O4,421.7308,0.0
ON=C1C=CC(=NO)C=C1,1222.0,C6H6N2O2,138.124,0.0
C[C@]12CCC(=O)C=C1CC[C@@H]1[C@@H]2CC[C@]2(C)C(=O)CC[C@@H]12,4523.0,C19H26O2,286.4085,0.0
CC1=C(C)S(=O)(=O)CCS1(=O)=O,4052.0,C6H10O4S2,210.2712,0.0
C[C@]12C[C@H](O)[C@H]3[C@@H](CCC4=CC(=O)CC[C@@]43C)[C@@H]1CC[C@@H]2C(=O)CO,2474.0,C21H30O4,346.4605,0.0
CCCCCCCCCCCCOCCO,5218.0,C14H30O2,230.3868,1.0
Brc1ccc(Oc2cc(Br)c(Br)cc2Br)c(Br)c1,4246.0,C12H5Br5O,564.6875,0.0
C[As](C)(=O)O,508.0,C2H7AsO2,137.9974,1.0
C=CCCCCCCC=C,2159.0,C10H18,138.2499,1.0
CC1=C(/C=C/C(C)=C/C=C/C(C)=C/CO)C(C)(C)CCC1,3556.0,C20H30O,286.4516,1.0
Cc1cccc(N(C)C(=S)Oc2ccc3c(c2)CCC3)c1,28744.0,C18H19NOS,297.4146,0.0
CN(C)[C@@H]1C(O)=C(C(N)=O)C(=O)[C@@]2(O)C(O)=C3C(=O)c4c(O)cccc4[C@@](C)(O)[C@H]3[C@H](O)[C@@H]12.Cl,1097.0,C22H25ClN2O9,496.8949 (460.4340+36.4609),0.0
Cc1c(N(C)C)c(=O)n(-c2ccccc2)n1C,504.0,C13H17N3O,231.2936,0.0
O=C(O)C(F)(F)C(F)(F)C(F)(F)C(F)(F)C(F)(F)C(F)(F)C(F)(F)F,11865.0,C8HF15O2,414.0684,0.0
Nc1ccc2c(c1)C(=O)c1ccccc1C2=O,68.0,C14H9NO2,223.2268,0.0
NCCN1CCNCC1,1997.0,C6H15N3,129.2034,0.0
CC/C=C\C/C=C\C/C=C\CCCCCCCC(=O)O,5506.0,C18H30O2,278.4296,0.0
CCOC(=O)Cn1c(=O)sc2cccc(Cl)c21,21621.0,C11H10ClNO3S,271.72,0.0
O=C(OCC1CO1)C1CCCCC1C(=O)OCC1CO1,4875.0,C14H20O6,284.305,0.0
O=C1O[C@H]([C@@H](O)CO)C(O)=C1O,106.0,C6H8O6,176.1241,0.0
C[C@]12C=CC(=O)C=C1CC[C@@H]1[C@@H]2[C@@H](O)C[C@@]2(C)[C@H]1CC[C@]2(O)C(=O)CO,1184.0,C21H28O5,360.444,0.0
CC(C)CP(=S)([S-])CC(C)C.[Na+],24798.0,C8H18NaPS2,232.3221 (209.3328+22.9892),1.0
[O-][N+](=Nc1ccccc1)c1ccccc1,4555.0,C12H10N2O,198.2206,0.0
CC(C)=CC1C(C(=O)OCc2cccc(Oc3ccccc3)c2)C1(C)C,12688.0,C23H26O3,350.4507,0.0
c1ccc(-c2cccc(-c3ccccc3)c2)cc1,9117.0,C18H14,230.3038,0.0
c1ccc2sc(SN(C3CCCCC3)C3CCCCC3)nc2c1,7584.0,C19H26N2S2,346.5531,0.0
CC(C(=O)O)c1cccc(C(=O)c2ccccc2)c1,771.0,C16H14O3,254.2806,0.0
CC1=C(CC=O)C(C)(C)CCC1,27088.0,C11H18O,166.26,0.0
CC=CC(=O)CC,27670.0,C6H10O,98.143,0.0
CCCCNC(=S)NCCCC,22187.0,C9H20N2S,188.3335,1.0
CCOP(=S)(OCC)SCCl,17511.0,C5H12ClO2PS2,234.7043,0.0
O=C(Cl)/C=C/C(=O)Cl,13519.0,C4H2Cl2O2,152.9635,0.0
Clc1ccccc1-c1nnc(-c2ccccc2Cl)nn1,3881.0,C14H8Cl2N4,303.1461,0.0
Clc1ccccc1-c1nnc(-c2ccccc2Cl)nn1,3881.0,C14H8Cl2N4,303.1461,0.0
CN(C)c1ccc(C(c2ccccc2)c2ccc(N(C)C)cc2)cc1,11531.0,C23H26N2,330.4659,0.0
c1ccc2[nH]c(-c3cscn3)nc2c1,1337.0,C10H7N3S,201.2477,0.0
c1ccc(CNc2ncnc3c2ncn3C2CCCCO2)cc1,18801.0,C17H19N5O,309.3657,0.0
Nc1ccc(-c2ccccc2)cc1,71.0,C12H11N,169.2224,0.0
C=CC(=O)OCC(CC)CCCC,5297.0,C11H20O2,184.2753,0.0
C/C(=N\O)c1ccc(OCC(=O)N2CCCCC2)cc1,28754.0,C15H20N2O3,276.3309,0.0
CCCCCC/C=C/CCCCCCCC(=O)O,1603.0,C16H30O2,254.4082,0.0
CCCCCCCCCCC(=O)O,1690.0,C11H22O2,186.2912,0.0
COC(=O)Nc1nc2ccccc2[nH]1,4729.0,C9H9N3O2,191.1867,0.0
CCOC(=O)Nc1cccc(OC(=O)Nc2ccccc2)c1,14518.0,C16H16N2O4,300.3092,0.0
C=C(C)C(=O)OCCCCCC,5406.0,C10H18O2,170.2487,0.0
CCCCCCOC(=O)C(C)C,27519.0,C10H20O2,172.2646,0.0
O=C1OC(=O)c2cc(-c3ccc4c(c3)C(=O)OC4=O)ccc21,24886.0,C16H6O6,294.2152,1.0
O=C1c2ccccc2C(=O)c2c(O)ccc(O)c21,24464.0,C14H8O4,240.2109,0.0
CCCCCCCC/C=C\CCCCCCCC(=O)OC(CO)CO,7875.0,C21H40O4,356.5399,1.0
O=C([O-])c1ccccc1Nc1cc(Cl)ccc1C(=O)[O-].[Na+].[Na+],28532.0,C14H8ClNNa2O4,335.6502 (289.6717+22.9892+22.9892),1.0
CC(C)c1ccc2c(C(C)C)cc(C(C)C)c(S(=O)(=O)[O-])c2c1.[Na+],24537.0,C19H25NaO3S,356.4548 (22.9892+333.4655),0.0
O=C([O-])c1cc(Oc2ccc(C(F)(F)F)cc2Cl)ccc1[N+](=O)[O-].[Na+],3853.0,C14H6ClF3NNaO5,383.6391 (360.6499+22.9892),0.0
O=C([O-])C(F)(F)C(F)(F)C(F)(F)C(F)(F)C(F)(F)C(F)(F)C(F)(F)F.[NH4+],17708.0,C8H4F15NO2,431.0989 (18.0379+413.0610),0.0
CC(=O)[O-].CC(=O)[O-].O.O.O.[PbH2+2],11521.0,C4H12O7Pb,379.3339 (59.0446+207.1989+59.0446+18.0153+18.0153+18.0153),0.0
CCC(C)(CCC(C)C)C(=O)[O-].CCC(C)(CCC(C)C)C(=O)[O-].[Zn+2],27040.0,C20H38O4Zn,407.9223 (171.2572+65.4079+171.2572),0.0
ClC(Br)Br,300.0,CHBr2Cl,208.2796,0.0
CC(=O)CCC=C(C)CCC=C(C)C,1586.0,C13H22O,194.3132,0.0
C[C@@]12CCC[C@H]1[C@@H]1CC[C@H]3C[C@@H](O)CC[C@]3(C)[C@H]1CC2,16514.0,C19H32O,276.4568,0.0
C[C@H](CN1CCCC1)C(=O)c1ccc(C(F)(F)F)cc1,28782.0,C15H18F3NO,285.3047,0.0
C/C=C(C)/C=C/C=C(C)C,7288.0,C10H16,136.234,0.0
C=CC(C)=CCC=C(C)C,27051.0,C10H16,136.234,0.0
C=CCCCCCCCCC=O,17757.0,C11H20O,168.2759,0.0
c1ccc2cnncc2c1,29367.0,C8H6N2,130.1466,0.0
C1CCOC1,1328.0,C4H8O,72.1057,0.0
CC(=O)[C@H]1CC[C@H]2[C@@H]3CC=C4C[C@@H](O)CC[C@]4(C)[C@H]3CC[C@]12C,16541.0,C21H32O2,316.4776,0.0
CCCCCC(C)=O,1916.0,C7H14O,114.1855,1.0
CC(=O)OC/C=C(\C)CC/C=C(\C)CCC=C(C)C,27110.0,C17H28O2,264.403,0.0
CCCCCCCC/C=C/CCCOC(C)=O,15592.0,C15H28O2,240.3816,1.0
CC(C)(C)C(O)C(Oc1ccc(Cl)cc1)n1cncn1,12493.0,C14H18ClN3O2,295.7646,0.0
CCOP(=S)(Oc1cnc(C(C)(C)C)nc1)OC(C)C,12482.0,C13H23N2O3PS,318.3721,0.0
CC(C)(C)c1ccc(OCC2CO2)cc1,4702.0,C13H18O2,206.2808,0.0
C=CC(C)(O)CCCC(C)CCCC(C)CCCC(C)C,5474.0,C20H40O,296.531,0.0
CCC(=O)C(=O)CC,27681.0,C6H10O2,114.1424,0.0
CCCCCC/C=C/C=O,27086.0,C9H16O,140.2227,0.0
CCCCCCCCCCCCCCCCO,7991.0,C16H34O,242.4406,0.0
CCCN(CCC)C(=O)SCC,4091.0,C9H19NOS,189.3183,0.0
[Cl][In]([Cl])[Cl],13566.0,Cl3In,221.177,0.0
[Cl][Sn]([Cl])([Cl])[Cl],9679.0,Cl4Sn,260.522,0.0
CCOP(=S)(OCC)Oc1nc(Cl)c(Cl)cc1Cl,458.0,C9H11Cl3NO3PS,350.5863,0.0
O=C(NC(=O)c1c(F)cccc1F)Nc1ccc(Cl)cc1,4049.0,C14H9ClF2N2O2,310.6833,0.0
CC[C@H]1OC(=O)[C@H](C)[C@@H](O[C@H]2C[C@@](C)(OC)[C@@H](O)[C@H](C)O2)[C@H](C)[C@@H](O[C@@H]2O[C@H](C)C[C@H](N(C)C)[C@H]2O)[C@](C)(O)C[C@@H](C)C(=NOCOCCOC)[C@H](C)[C@@H](O)[C@]1(C)O,21117.0,C41H76N2O15,837.0465,0.0
CNC(=O)Oc1cccc2c1OC(C)(C)O2,12327.0,C11H13NO4,223.2252,0.0
CNC(=O)Oc1cccc2c1OC(C)(C)O2,12327.0,C11H13NO4,223.2252,0.0
COC(C=C(C)CCC=C(C)C)OC,24832.0,C12H22O2,198.3019,0.0
COC(OC)(C(=O)c1ccccc1)c1ccccc1,17715.0,C16H16O3,256.2964,0.0
COc1c2occc2cc2ccc(=O)oc12,830.0,C12H8O4,216.1895,0.0
CCNc1nc(NC(C)CC)nc(OC)n1,17594.0,C10H19N5O,225.2908,1.0
COc1ccc(-n2nc(C(F)F)cc2-c2ccc(S(C)=O)cc2)cc1,28149.0,C18H16F2N2O2S,362.3936,0.0
O=C(NC(=O)c1cc(F)c(F)cc1Cl)Nc1cc(F)ccc1N1CCC(C(=O)O)CC1,27376.0,C20H17ClF3N3O4,455.8149,0.0
N=C(N)c1ccc(OCCCOc2ccc(C(=N)N)cc2)cc1,28600.0,C17H20N4O2,312.3663,0.0
CCCCCCCC/C=C\CCCCCCCC(N)=O,7137.0,C18H35NO,281.4766,0.0
CCCCNC(N)=O,222.0,C5H12N2O,116.1616,1.0
Nc1nc(N)nc(-c2ccccc2)n1,142.0,C9H9N5,187.2013,0.0
Nc1ccc(Cc2ccc(N)cc2)cc1,2422.0,C13H14N2,198.2637,0.0
Nc1nc(Cl)nc2c1ncn2[C@H]1C[C@H](O)[C@@H](CO)O1,2828.0,C10H12ClN5O3,285.687,0.0
CCOC(=O)/C=C(/C)[O][Al]([O]C(C)CC)[O]C(C)CC,24622.0,C14H27AlO5,302.3427,0.0
CCCCCCC(CCCCCCCCCCC(=O)OCC(COC(C)=O)OC(C)=O)OC(C)=O,27394.0,C27H48O8,500.6652,0.0
COc1ccc(C(=O)c2ccccc2)c(O)c1,2405.0,C14H12O3,228.2433,0.0
O=C(CC(=O)c1ccccc1)c1ccccc1,21247.0,C15H12O2,224.2546,0.0
CC1(C(=O)Nc2ccc(O)c(Cl)c2Cl)CCCCC1,12549.0,C14H17Cl2NO2,302.1963,0.0
C[C@H](CN1CCOCC1)C(C(=O)N1CCCC1)(c1ccccc1)c1ccccc1.O=C(O)[C@H](O)[C@@H](O)C(=O)O,28844.0,C29H38N2O8,542.6206 (392.5338+150.0868),0.0
O=C(O)C(=O)Cc1c[nH]c2ccccc12,22053.0,C11H9NO3,203.1941,0.0
CC(C)=CCN1CC[C@@]2(C)c3cc(O)ccc3C[C@@H]1[C@@H]2C.O=C(O)CCC(=O)O,28850.0,C23H33NO5,403.5118 (285.4238+118.0880),0.0
CCCCCCCC/C=C\CCCCCCCC(=O)O,5809.0,C18H34O2,282.4614,0.0
C=CCCCCCCCCC(=O)O,15001.0,C11H20O2,184.2753,0.0
CCCCCCCCCCCCCCCC(=O)O,1602.0,C16H32O2,256.4241,0.0
O=C(OCCc1ccccc1)c1ccccc1,27590.0,C15H14O2,226.2705,0.0
CCCCOC(=O)[C@@H](C)Oc1ccc(Oc2ccc(C#N)cc2F)cc1,14503.0,C20H20FNO4,357.3755,0.0
CCCCCCOC(=O)CC(CC(=O)OCCCCCC)(OC(=O)CCC)C(=O)OCCCCCC,27535.0,C28H50O8,514.6918,0.0
O=C(OCCCCCCOC(=O)c1ccccc1)c1ccccc1,27539.0,C20H22O4,326.3863,1.0
CCCCC(CC)C(=O)OCCOCCOCCOCCOC(=O)C(CC)CCCC,7797.0,C24H46O7,446.6178,0.0
CC(C)(C)C1CCC(=O)CC1,24394.0,C10H18O,154.2493,1.0
CCCCCCCCCCC=CC1CC(=O)OC1=O,7870.0,C16H26O3,266.3758,0.0
Cn1c(=O)c2[nH]cnc2n(C)c1=O,1336.0,C7H8N4O2,180.164,0.0
C[C@]12CC[C@H]3[C@@H](CCC4=CC(=O)CC[C@@]43C)[C@@H]1CC[C@@H]2O,2371.0,C19H28O2,288.4244,0.0
Nc1ccc2ccccc2c1S(=O)(=O)O,922.0,C10H9NO3S,223.2484,0.0
CC(C)C(O)(c1ccc(OC(F)(F)F)cc1)c1cncnc1,4108.0,C15H15F3N2O2,312.287,0.0
Oc1ccc2ccccc2c1,7061.0,C10H8O,144.1699,0.0
CC1(C)Cc2cccc(O)c2O1,7414.0,C10H12O2,164.2011,0.0
Oc1ccc2ccccc2c1/N=N/c1ccccc1,1135.0,C16H12N2O,248.2793,0.0
OCC1CO1,666.0,C3H6O2,74.0785,0.0
CCCCCCCCCCCC(=O)OC[C@@H](O)[C@H]1OC[C@H](OCCO)[C@H]1OCCO,9300.0,C22H42O8,434.5641,0.0
CCCC[n+]1ccc(C)cc1.[Br-],29302.0,C10H16BrN,230.1447 (150.2402+79.9045),0.0
CCC(C)(CCC(C)C)C(=O)[O-].CCC(C)(CCC(C)C)C(=O)[O-].[Ca+2],24902.0,C20H38CaO4,382.5913 (171.2572+40.0769+171.2572),0.0
CC(=O)[O-].CC(=O)[O-].[Co+2],6373.0,C4H6CoO4,177.0212 (59.0446+58.9321+59.0446),0.0
CC1(C)S[C@@H]2[C@H](NC(=O)COc3ccccc3)C(=O)N2[C@H]1C(=O)[O-].[K+],1102.0,C16H17KN2O5S,388.4799 (349.3821+39.0978),0.0
S=C([S-])NCCNC(=S)[S-].[Mn+2],794.0,C4H6MnN2S4,265.3019 (210.3649+54.9369),0.0
O=C([O-])c1[nH]n(-c2ccc(S(=O)(=O)[O-])cc2)c(=O)c1/N=N/c1ccc(S(=O)(=O)[O-])cc1.[Na+].[Na+].[Na+],1455.0,C16H9N4Na3O9S2,534.3634 (22.9892+22.9892+22.9892+465.3957),0.0
C=C(C)C(=O)[O-].[Na+],24823.0,C4H5NaO2,108.0711 (22.9892+85.0818),0.0
O.O.O.O.[Na+].[O-]c1ccccc1-c1ccccc1,20794.0,C12H17NaO5,264.2501 (22.9892+169.1998+18.0153+18.0153+18.0153+18.0153),0.0
O=C1[N-]C(=O)C(c2ccccc2)(c2ccccc2)N1.[Na+],3775.0,C15H11N2NaO2,274.2498 (251.2606+22.9892),0.0
[Ni+2].c1cc[cH-]c1.c1cc[cH-]c1,5709.0,C10H10Ni,188.8798 (58.6923+65.0937+65.0937),0.0
O=[N+]([O-])c1cc([N+](=O)[O-])c2ccc(S(=O)(=O)O)cc2c1O,5167.0,C10H6N2O8S,314.2282,0.0
O=C(NCc1cccnc1)Nc1ccc([N+](=O)[O-])cc1,22360.0,C13H12N4O3,272.2594,0.0
Cc1ccc2ccccc2c1[N+](=O)[O-],5761.0,C11H9NO2,187.1947,0.0
CC(Br)C(=O)O,7233.0,C3H5BrO2,152.9746,0.0
FC(F)(F)C(Cl)Br,5371.0,C2HBrClF3,197.3815,0.0
ClCCBr,4775.0,C2H4BrCl,143.4102,0.0
c1ccc(OCCOc2ccccc2)cc1,6706.0,C14H14O2,214.2598,0.0
CC(=N\O)/C(C)=N/O,24393.0,C4H8N2O2,116.1185,0.0
C=CC(C)(O)CCC=C(C)CCC=C(C)C,2247.0,C15H26O,222.3663,0.0
C[C@@H]1CC2(OC3C[C@@]4(C)C5=CC[C@H]6C(C)(C)C(O[C@@H]7OC[C@@H](O)[C@H](O)[C@H]7O)CC[C@@]67C[C@@]57CC[C@]4(C)C31)OC(O)C1(C)OC21,13334.0,C35H52O9,616.782,0.0
CCC[N+]1(C)CCCC1.O=S(=O)([O-])C(F)(F)F,29349.0,C9H18F3NO3S,277.3043 (128.2347+149.0697),0.0
CCO[Si](C)(CCCOCC1CO1)OCC,24638.0,C11H24O4Si,248.3914,0.0
C[Si]1(C)O[Si](C)(C)O[Si](C)(C)O[Si](C)(C)O1,7205.0,C8H24O4Si4,296.6158,0.0
C=C[Si]1(C)O[Si](C)(C=C)O[Si](C)(C=C)O[Si](C)(C=C)O1,18808.0,C12H24O4Si4,344.6586,1.0
C[SiH](C)O[Si](C)(C)O[Si](C)(C)O[SiH](C)C,24759.0,C8H26O3Si4,282.6322,0.0
C=C(C)C(=O)O[C@@H]1C[C@H]2CC[C@]1(C)C2(C)C,7653.0,C14H22O2,222.3233,0.0
C=C(C)C(=O)OCCCCCCOC(=O)C(=C)C,24455.0,C14H22O4,254.3221,0.0
C=C(C)CCl,279.0,C4H7Cl,90.5514,0.0
C=C(C)CCl,279.0,C4H7Cl,90.5514,0.0
C=C(Cl)CCl,5012.0,C3H4Cl2,110.9699,0.0
C=CC=O,23.0,C3H4O,56.0633,0.0
C=CN1CCCCCC1=O,21423.0,C8H13NO,139.1949,0.0
C=COC(=O)C(C)(CC)CCC(C)C,9369.0,C12H22O2,198.3019,0.0
C1=C/CC/C=C/CC/C=C/CC/1,7581.0,C12H18,162.2713,0.0
c1cc2c3c(cccc3c1)CC2,1774.0,C12H10,154.2078,0.0
c1ccc2c(c1)Nc1ccccc1S2,1126.0,C12H9NS,199.2716,0.0
c1ccc2[nH]ccc2c1,737.0,C8H7N,117.1479,0.0
CC(=O)CC(=O)N(C)C,7454.0,C6H11NO2,129.157,0.0
CC(=O)Nc1ccc2c(c1)Cc1cc(NC(C)=O)ccc1-2,1479.0,C17H16N2O2,280.3211,0.0
COc1ccc2[nH]cc(CCNC(C)=O)c2c1,2421.0,C13H16N2O2,232.2783,0.0
CC(C)(C)c1cc(Cc2cc(C(C)(C)C)c(O)c(C(C)(C)C)c2)cc(C(C)(C)C)c1O,2411.0,C29H44O2,424.6585,0.0
CC(C)(C)C1CCCCC1O,24799.0,C10H20O,156.2652,0.0
CC(CCO)CC(C)(C)C,9661.0,C9H20O,144.2545,0.0
CC(C)(C)OOC(C)(C)C,4955.0,C8H18O2,146.2273,0.0
CC(C)CCCC(C)(C)O,21424.0,C9H20O,144.2545,0.0
C=CC(C)CCCC(C)(C)O,9317.0,C10H20O,156.2652,0.0
CC(C)C#N,6461.0,C4H7N,69.1051,0.0
CC(C)c1ccc2cc(C(C)C)ccc2c1,15272.0,C16H20,212.33,0.0
CC(C)CC(C)CC(O)CC(C)C,9159.0,C12H26O,186.3342,0.0
COC(=O)c1c(C(F)F)nc(C(F)(F)F)c(C2=NCCS2)c1CC(C)C,12488.0,C16H17F5N2O2S,396.3754,0.0
Cc1occc(=O)c1O,5523.0,C6H6O3,126.11,0.0
CC1=CC2C3CC(C=C3C)C2C1,7902.0,C12H16,160.2554,0.0
CCCCNC1CC(C)(C)NC(C)(C)C1,24926.0,C13H28N2,212.3748,0.0
C=C(C)C1CC=C(C)C(=O)C1,27426.0,C10H14O,150.2176,0.0
CC1CCC(CO)CC1,21813.0,C8H16O,128.212,0.0
CC1(C)C2=CCCC(C)(C)[C@]23CC[C@H]1C3,24518.0,C15H24,204.3511,0.0
Cc1noc(NS(=O)(=O)c2ccc(N)cc2)c1C,1292.0,C11H13N3O3S,267.3042,0.0
Cc1cccc(Oc2ccccc2)c1,7537.0,C13H12O,184.2338,0.0
Cc1ccc2ccc3cccc4ccc1c2c34,5654.0,C17H12,216.2772,0.0
CCCC(=NOCC)C1=C(O)CC(CC(C)SCC)CC1=O,4304.0,C17H29NO3S,327.4821,0.0
CCCC(=O)OC(=O)CCC,6729.0,C8H14O3,158.195,0.0
CCCC(O)C(CC)CO,5292.0,C8H18O2,146.2273,0.0
CCCC/C=C/C=C\C=O,27104.0,C9H14O,138.2069,0.0
CCCCC(=O)O,1655.0,C5H10O2,102.1317,0.0
CCCCCCCC/C=C\CCCCCCCCO,2010.0,C18H36O,268.4778,0.0
CCCCCCCCCC,4913.0,C10H22,142.2817,0.0
CCCCCCCCCCCCOCC1CO1,5494.0,C15H30O2,242.3975,0.0
CCCCCCCCCl,1543.0,C8H17Cl,148.6736,1.0
CCCCOC(=O)CC(CC(=O)OCCCC)(OC(C)=O)C(=O)OCCCC,6446.0,C20H34O8,402.4792,0.0
CCCN(CC1CC1)c1c([N+](=O)[O-])cc(C(F)(F)F)cc1[N+](=O)[O-],24559.0,C14H16F3N3O4,347.2897,0.0
CCN1CCN(c2cc(-c3ccc(F)cc3)c3c(n2)CCCCCC3)CC1,28716.0,C23H30FN3,367.5028,0.0
CCNC(=O)NCCCOc1cccc(CN2CCCCC2)c1,28732.0,C18H29N3O2,319.4418,0.0
CCO[Si](CCC1CCC2OC2C1)(OCC)OCC,24762.0,C14H28O4Si,288.4552,0.0
CCO[Si](CCCCl)(OCC)OCC,9267.0,C9H21ClO3Si,240.7997,0.0
CCOP(=S)(OCC)Oc1cnc2ccccc2n1,4291.0,C12H15N2O3PS,298.2979,0.0
Cl.Cl.Nc1ccc(-c2ccc(N)cc2)cc1,138.0,C12H14Cl2N2,257.1590 (184.2371+36.4609+36.4609),0.0
COc1ccc2c3c1O[C@H]1[C@@H](O)C=C[C@H]4[C@@H](C2)N(C)CC[C@@]341.Cl,28830.0,C18H22ClNO3,335.8252 (299.3642+36.4609),1.0
Cl[C@H]1OCCO[C@@H]1Cl,421.0,C4H6Cl2O2,156.9952,0.0
Cl[Si](Cl)(c1ccccc1)c1ccccc1,6494.0,C12H10Cl2Si,253.1993,0.0
[Cl][Yb]([Cl])[Cl],27117.0,Cl3Yb,279.399,0.0
[Cl][Zr]([Cl])([C]1=CC=CC1)[CH]1C=CC=C1,6318.0,C10H10Cl2Zr,292.3164,0.0
OC(O)C(Cl)(Cl)Cl,261.0,C2H3Cl3O2,165.403,0.0
Clc1ccc(C(Cl)(Cl)Cl)cn1,8967.0,C6H3Cl4N,230.9067,0.0
O=C1Nc2ccc(Cl)cc2C(c2ccccc2)=NC1O,1087.0,C15H11ClN2O2,286.713,0.0
O=C(O)CCCl,1546.0,C3H5ClO2,108.5236,0.0
ClCCOCCOCCCl,27000.0,C6H12Cl2O2,187.0643,0.0
ClCCOP(OCCCl)OCCCl,6258.0,C6H12Cl3O3P,269.4904,0.0
CN(C)N=Nc1nc[nH]c1C(N)=O,369.0,C6H10N6O,182.1832,0.0
CN(C)c1ccc(Cc2ccc(N(C)C)cc2)cc1,869.0,C17H22N2,254.37,0.0
CO[Si](CCCOCC1CO1)(OC)OC,7489.0,C9H20O5Si,236.3376,0.0
COc1ccc2ccccc2c1,24392.0,C11H10O,158.1965,0.0
CCN(CC)C(=O)C(Cl)=C(C)OP(=O)(OC)OC,1156.0,C10H19ClNO5P,299.6883,0.0
COP(C)(=O)OC,494.0,C3H9O3P,124.0755,0.0
CSc1nc(N=[N+]=[N-])nc(NC(C)C)n1,21615.0,C7H11N7S,225.2741,0.0
CCNc1nc(NCC)nc(SC)n1,17596.0,C8H15N5S,213.3032,0.0
CC[C@@H]1C[C@H](N(Cc2cc(C(F)(F)F)cc(C(F)(F)F)c2)C(C)=O)c2cc(C(F)(F)F)ccc2N1C(=O)OC(C)C,27279.0,C27H27F9N2O3,598.5005,0.0
O=c1[nH]c(=O)n(C2CCCO2)cc1F,1305.0,C8H9FN2O3,200.1671,0.0
[Na][I],21125.0,INa,149.8942,0.0
N#C/C(N)=C(/N)C#N,4923.0,C4H4N4,108.1014,0.0
CN(C)CCC#N,7432.0,C5H10N2,98.1463,0.0
N#CN,14490.0,CH2N2,42.04,0.0
N[C@H]1CN(c2c(F)cc3c(=O)c(C(=O)O)cn(C4C[C@H]4F)c3c2Cl)CC12CC2,28773.0,C19H18ClF2N3O3,409.8143,0.0
N=c1ccn2c(n1)O[C@H]1[C@H](O)[C@@H](CO)O[C@H]12,357.0,C9H11N3O4,225.2013,0.0
CN(N=O)C(N)=O,1006.0,C2H5N3O2,103.08,1.0
NC(=O)NO,5438.0,CH4N2O2,76.0547,0.0
Nc1ccc(S(=O)(=O)Nc2cnc3ccccc3n2)cc1,22424.0,C14H12N4O2S,300.3357,0.0
Nc1cccnc1,27461.0,C5H6N2,94.1145,0.0
CC(C)Nc1nc(N)nc(Cl)n1,17494.0,C6H10ClN5,187.6301,0.0
Nc1nc2ccccc2s1,4467.0,C7H6N2S,150.2009,0.0
NC1CCC(CC2CCC(N)CC2)CC1,4921.0,C13H26N2,210.3589,0.0
CC1(C)CC(N)CC(C)(CN)C1,7503.0,C10H22N2,170.2951,0.0
NCCCN1CCN(CCCN)CC1,2246.0,C10H24N4,200.3244,0.0
CC1(C)O[C@@H]2[C@@H](CO[C@@]3(COS(N)(=O)=O)OC(C)(C)O[C@@H]23)O1,3688.0,C12H21NO8S,339.362,0.0
O.O.O.O.O.O.O.O=S(=O)([O-])[O-].[Co+2],340.0,H14CoO11S,281.1028 (58.9321+96.0637+18.0153+18.0153+18.0153+18.0153+18.0153+18.0153+18.0153),0.0
[O]=[Mo](=[O])=[O],899.0,MoO3,143.9382,0.0
O=[N+]([O-])OCC(CO[N+](=O)[O-])(CO[N+](=O)[O-])CO[N+](=O)[O-],1109.0,C5H8N4O12,316.1366,0.0
CCOC(=O)/C=C/C(=O)OCC,7253.0,C8H12O4,172.1785,0.0
N#C[C@@H]1C[C@@H]2C[C@@H]2N1C(=O)[C@@H](N)C12CC3CC(CC(O)(C3)C1)C2,28506.0,C18H25N3O2,315.41,0.0
O=C(C=Cc1ccccc1)OCCCc1ccccc1,27411.0,C18H18O2,266.3343,0.0
COCCOC(=O)CC#N,18831.0,C6H9NO3,143.1406,0.0
C=CC(C)(CCC=C(C)C)OC(=O)CC(C)C,27160.0,C15H26O2,238.3657,0.0
CC(C)N(C(=O)COc1nnc(C(F)(F)F)s1)c1ccc(F)cc1,12552.0,C14H13F4N3O2S,363.3305,0.0
O=C(NC(=O)c1ccccc1Cl)Nc1ccc(OC(F)(F)F)cc1,14355.0,C15H10ClF3N2O3,358.6997,0.0
COc1ccc(CN(CCN(C)C)c2ccccn2)cc1.O=C(O)/C=C\C(=O)O,1216.0,C21H27N3O5,401.4562 (285.3840+116.0722),0.0
N[C@@H](Cc1cc(I)c(Oc2cc(I)c(O)c(I)c2)c(I)c1)C(=O)O,3214.0,C15H11I4NO4,776.87,0.0
CC(O)C(=O)O,3192.0,C3H6O3,90.0779,0.0
Cc1ccc(C(=O)O)o1,1627.0,C6H6O3,126.11,0.0
O=C(O)c1cccc(Oc2ccccc2)c1,18321.0,C13H10O3,214.2167,0.0
CC(C)=CCCC(C)CC(=O)O,27106.0,C10H18O2,170.2487,0.0
O=C(O)CC(Cl)C(=O)O,1526.0,C4H5ClO4,152.5331,0.0
CCc1cccc2c3c([nH]c12)C(CC)(CC(=O)O)OCC3,615.0,C17H21NO3,287.3535,0.0
CCCCCCCCCCCCCCCCC(=O)O,1596.0,C17H34O2,270.4507,0.0
O=C(O)CCCCCCNC1c2ccccc2CCc2ccccc21,28757.0,C22H27NO2,337.4553,0.0
O=C(O)CN(CCN(CC(=O)O)CC(=O)O)CC(=O)O,2977.0,C10H16N2O8,292.2426,0.0
C[C@H](CCC(=O)NCC(=O)O)[C@H]1CC[C@H]2[C@@H]3[C@H](O)C[C@@H]4C[C@H](O)CC[C@]4(C)[C@H]3C[C@H](O)[C@]12C,27436.0,C26H43NO6,465.6227,0.0
CCCCOC(=O)c1ccccc1C(=O)OCc1ccccc1,205.0,C19H20O4,312.3597,0.0
C=C(C)C(=O)OCCN(CC)CC,6713.0,C10H19NO2,185.2634,0.0
C=C(C)C(=O)OCCOCCOC(=O)C(=C)C,24882.0,C12H18O5,242.2683,0.0
O=c1ccc2ccccc2o1,348.0,C9H6O2,146.1427,0.0
CC1(C)CC(=O)CC(C)(C)N1,21527.0,C9H17NO,155.2374,0.0
O=C1CCCCCCCCCCCCCC1,27141.0,C15H28O,224.3822,0.0
O=C1NC(=O)C(c2ccccc2)(c2ccccc2)N1,541.0,C15H12N2O2,252.268,0.0
C[C@]12CCC(=O)C(O)=C1CC[C@@H]1[C@@H]2CC[C@]2(C)C(=O)CC[C@@H]12,14113.0,C19H26O3,302.4079,0.0
CC(C)NC(=O)N1CC(=O)N(c2cc(Cl)cc(Cl)c2)C1=O,4154.0,C13H13Cl2N3O3,330.1666,0.0
Cc1ccnc2c1NC(=O)c1cccnc1N2C1CC1,10787.0,C15H14N4O,266.2979,0.0
O=C1c2ccccc2C(=O)C1c1nc2ccccc2c(Br)c1O,24503.0,C18H10BrNO3,368.1809,0.0
O=c1c2ccccc2c(=O)c2c1cc(Cl)c1[nH]c3c([nH]c12)c(Cl)cc1c(=O)c2ccccc2c(=O)c13,24532.0,C28H12Cl2N2O4,511.3119,0.0
O=P(O)(OCc1ccccc1)OCc1ccccc1,13402.0,C14H15O4P,278.2403,0.0
OB(O)O,194.0,H3BO3,61.833,0.0
OC(Cn1cncn1)(Cn1cncn1)c1ccc(F)cc1F,627.0,C13H12F2N6O,306.2708,0.0
CC(Cc1ccc(OCC(=O)O)cc1)NCC(O)c1csc(C(F)(F)F)n1,27274.0,C17H19F3N2O4S,404.404,0.0
OC[C@@H](O)[C@H]1O[C@@H]2O[C@H](C(Cl)(Cl)Cl)O[C@@H]2[C@H]1O,88.0,C8H11Cl3O6,309.5283,0.0
CC1=CC(=O)CC(C)(C)C1(O)/C=C/C(C)=C\C(=O)O,10604.0,C15H20O4,264.3169,0.0
O=C1OC[C@H](Cc2cccc(O)c2)[C@H]1Cc1cccc(O)c1,28157.0,C18H18O4,298.3331,0.0
O=C1c2c(O)cccc2Cc2cccc(O)c21,4538.0,C14H10O3,226.2274,0.0
Oc1cccc2ccccc12,1793.0,C10H8O,144.1699,0.0
Oc1cccc2ccccc12,1793.0,C10H8O,144.1699,0.0
C[C@]12CCC(=O)C=C1CC[C@@H]1[C@@H]2C(=O)C[C@@]2(C)[C@H]1CC[C@]2(O)C(=O)CO,2857.0,C21H28O5,360.444,0.0
CCCCCCC(O)CO,16646.0,C8H18O2,146.2273,0.0
OCCCCC(O)CO,21224.0,C6H14O3,134.1736,0.0
CC(COC(C)(C)C)OCCCO,22338.0,C10H22O3,190.2799,0.0
NCCCN(CCO)CCO,24680.0,C7H18N2O2,162.23,0.0
CCCCCCCCCCCCOS(=O)(=O)O.OCCN(CCO)CCO,7076.0,C18H41NO7S,415.5856 (149.1882+266.3974),0.0
OCCOCCO,462.0,C4H10O3,106.1204,0.0
CCCCOCCOCCOCCO,1520.0,C10H22O4,206.2793,1.0
CCCCC(CC)C(=O)[O-].CCCCC(CC)C(=O)[O-].[Ba+2],24888.0,C16H30BaO4,423.7340 (143.2040+137.3259+143.2040),0.0
CCCCCCCCCCCCn1cc[n+](C)c1.[Br-],29289.0,C16H31BrN2,331.3347 (251.4302+79.9045),0.0
CCCC[n+]1ccccc1.[Br-],27909.0,C9H14BrN,216.1182 (136.2136+79.9045),0.0
[O]=[Cd],4715.0,CdO,128.4104,0.0
C[N+](C)(C)CCO.[Cl-],325.0,C5H14ClNO,139.6238 (104.1702+35.4535),0.0
C=CC(=O)OCC[N+](C)(C)C.[Cl-],8016.0,C8H16ClNO2,193.6711 (158.2176+35.4535),0.0
C[N+]1(C)CCCCC1.[Cl-],4170.0,C7H16ClN,149.6616 (114.2081+35.4535),0.0
CCCC[n+]1cccc(C)c1.[Cl-],29068.0,C10H16ClN,185.6937 (150.2402+35.4535),0.0
CCCCn1cc[n+](C)c1.[Cl-],11461.0,C8H15ClN2,174.6711 (139.2176+35.4535),0.0
[C-]#N.[Cu+],3986.0,CCuN,89.5634 (26.0179+63.5455),0.0
CC[N+]1(C)CCCC1.[I-],27917.0,C7H16IN,241.1131 (114.2081+126.9050),0.0
O=S(=O)([O-])[O-].[Li+].[Li+],28472.0,Li2O4S,109.9446 (6.9405+96.0637+6.9405),0.0
[N-]=[N+]=[N-].[Na+],121.0,N3Na,65.0099 (22.9892+42.0206),0.0
CCCCc1ccc2c(n1)[C@@H](c1ccc(OC)cc1C[C@H](C)C(=O)[O-])[C@H](C(=O)[O-])[C@H]2c1ccc2c(c1)OCO2.[Na+].[Na+],27331.0,C31H31NNa2O7,575.5599 (529.5814+22.9892+22.9892),0.0
O=S(=O)([O-])OOS(=O)(=O)[O-].[Na+].[Na+],9698.0,Na2O8S2,238.1047 (192.1263+22.9892+22.9892),0.0
CCCC(CCC)C(=O)[O-].[Na+],17072.0,C8H15NaO2,166.1933 (143.2040+22.9892),0.0
CC[C@H](C)C(=O)O[C@H]1C[C@H](O)C=C2C=C[C@H](C)[C@H](CC[C@@H](O)C[C@@H](O)CC(=O)[O-])[C@H]21.[Na+],27525.0,C23H35NaO7,446.5096 (423.5203+22.9892),0.0
O=S(=O)([O-])c1ccc2cc(O)ccc2c1.[Na+],9166.0,C10H7NaO4S,246.2149 (223.2257+22.9892),0.0
Nc1cc(S(=O)(=O)[O-])cc2cc(S(=O)(=O)O)cc(O)c12.[Na+],7600.0,C10H8NNaO7S2,341.2928 (318.3036+22.9892),0.0
O=S(=O)([O-])c1cccc2ccccc12.[Na+],22394.0,C10H7NaO3S,230.2155 (22.9892+207.2263),0.0
CNCCS(=O)(=O)[O-].[Na+],9263.0,C3H8NNaO3S,161.1553 (138.1661+22.9892),0.0
CCCCCCCCCOS(=O)(=O)[O-].[Na+],27487.0,C9H19NaO4S,246.2995 (223.3103+22.9892),0.0
CCCCN(CCCC)C(=S)[S-].[Na+],24800.0,C9H18NNaS2,227.3657 (22.9892+204.3765),1.0
CNC(=S)[S-].[Na+],9167.0,C2H4NNaS2,129.1796 (106.1904+22.9892),0.0
CCC1(c2ccccc2)C(=O)N=C([O-])NC1=O.[Na+],1123.0,C12H11N2NaO3,254.2171 (231.2279+22.9892),0.0
COc1ccnc(CS(=O)c2nc3cc(OC(F)F)ccc3[n-]2)c1OC.[Na+],24215.0,C16H14F2N3NaO4S,405.3516 (382.3624+22.9892),0.0
O.O.O=c1nc([O-])n(Cl)c(=O)n1Cl.[Na+],9761.0,C3H4Cl2N3NaO5,255.9767 (18.0153+18.0153+196.9569+22.9892),0.0
O=C([O-])[C@H](O)[C@H](O)[C@@H](O)[C@H](O)[C@H](O)CO.[Na+],7966.0,C7H13NaO8,248.1631 (225.1739+22.9892),0.0
O=C(CC(C(=O)OC1CCCCC1)S(=O)(=O)[O-])OC1CCCCC1.[Na+],7826.0,C16H25NaO7S,384.4203 (361.4310+22.9892),0.0
O=C1[N-]S(=O)(=O)c2ccccc21.[Na+],1253.0,C7H4NNaO3S,205.1663 (182.1771+22.9892),0.0
CCCCCCCCS(=O)(=O)[O-].[Na+],7595.0,C8H17NaO3S,216.2735 (193.2843+22.9892),0.0
O=C1O[C@H]([C@@H](O)CO)C([O-])=C1O.[Na+],105.0,C6H7NaO6,198.1059 (175.1167+22.9892),0.0
O=S(=O)([O-])[S-].[NH4+].[NH4+],9703.0,H8N2O3S2,148.2051 (112.1293+18.0379+18.0379),0.0
CC1(C)[C@@H](O[C@H]2O[C@H](C(=O)O)[C@@H](O)[C@H](O)[C@H]2O[C@@H]2O[C@H](C(=O)[O-])[C@@H](O)[C@H](O)[C@H]2O)CC[C@]2(C)[C@H]3C(=O)C=C4[C@@H]5C[C@@](C)(C(=O)O)CC[C@]5(C)CC[C@@]4(C)[C@]3(C)CC[C@@H]12.O.O.O.[NH4+],27243.0,C42H71NO19,894.0084 (821.9247+18.0379+18.0153+18.0153+18.0153),0.0
CN/C(=N/[N+](=O)[O-])NCC1CCOC1,14549.0,C7H14N4O3,202.2111,0.0
O=[N+]([O-])c1ccc2[nH]cnc2c1,965.0,C7H5N3O2,163.1335,0.0
C[N+]1([O-])CCOCC1,9287.0,C5H11NO2,117.1463,0.0
CC1(C)CC(=O)CC(C)(C)N1[O],24905.0,C9H16NO2,170.2288,0.0
CCCCCCCCCCCC[N+](C)(C)CCCS(=O)(=O)[O-],29078.0,C17H37NO3S,335.5456,0.0
Br.CN1[C@@H]2C[C@@H](OC(=O)[C@H](CO)c3ccccc3)C[C@H]1[C@@H]1O[C@@H]12.O.O.O,1258.0,C17H28BrNO7,438.3107 (80.9119+18.0153+18.0153+18.0153+303.3529),0.0
ClC(Cl)(Br)Br,4014.0,CBr2Cl2,242.7247,0.0
Brc1nc2ccccc2s1,1498.0,C7H4BrNS,214.0824,0.0
Brc1ccc(Oc2ccc(Br)cc2)cc1,4015.0,C12H8Br2O,327.9993,0.0
Brc1ccccc1-c1ccccc1,4638.0,C12H9Br,233.1039,0.0
C=CCBr,4442.0,C3H5Br,120.9758,0.0
BrCCBr,415.0,C2H4Br2,187.8612,0.0
CCCCCCCCCCCCCCCBr,29296.0,C15H31Br,291.3106,0.0
OCCBr,200.0,C2H5BrO,124.9645,0.0
CC1=CCC(=C(C)C)CC1,7222.0,C10H16,136.234,0.0
CC(C)[C@]12CC(=O)[C@H](C)[C@H]1C2,6148.0,C10H16O,152.2334,0.0
CC[N+]1(C)CCCC1.O=S(=O)([O-])C(F)(F)F,29331.0,C8H16F3NO3S,263.2777 (114.2081+149.0697),0.0
CCn1cc[n+](C)c1.CS(=O)(=O)[O-],29075.0,C7H14N2O3S,206.2627 (111.1644+95.0983),0.0
CCn1cc[n+](C)c1.O=S(=O)([O-])C(F)(F)F,27941.0,C7H11F3N2O3S,260.2340 (111.1644+149.0697),0.0
C[n+]1ccn(CCO)c1.F[B-](F)(F)F,29142.0,C6H11BF4N2O,213.9690 (127.1638+86.8052),0.0
C[Si](C)(C)C,6423.0,C4H12Si,88.2236,0.0
C[Si](NC1CCCCC1)(NC1CCCCC1)NC1CCCCC1,24842.0,C19H39N3Si,337.6186,0.0
C[Si]1(C)O[Si](C)(C)O[Si](C)(C)O[Si](C)(C)O1,7205.0,C8H24O4Si4,296.6158,0.0
CC(C)=CC(C)(C)C,6766.0,C8H16,112.2126,0.0
CC(=O)C=C(C)C,9170.0,C6H10O,98.143,0.0
CC(=O)C=C(C)C,9170.0,C6H10O,98.143,0.0
CC(C)=CCC/C(C)=C\CO,6728.0,C10H18O,154.2493,0.0
CC(C)=CCC/C(C)=C/CO,6727.0,C10H18O,154.2493,0.0
C/C=C(/C)C#N,5577.0,C5H7N,81.1158,0.0
C/C=C/C=C/C=O,5391.0,C6H8O,96.1271,0.0
C=C(C)[C@@H]1CCC2=CC(=O)C[C@@H](C)[C@]2(C)C1,27050.0,C15H22O,218.3346,0.0
C=C(C)C#N,4176.0,C4H5N,67.0892,0.0
C=C(C)C(=O)OCCCCCCCCCCCC,7103.0,C16H30O2,254.4082,0.0
C=C(C)C(=O)OCCOC1CC2CC1C1C=CCC21,21302.0,C16H22O3,262.3441,0.0
C=CC(=O)OCC,583.0,C5H8O2,100.1158,0.0
C=CC(=O)OCC(C)C,1873.0,C7H12O2,128.169,0.0
C=CC(=O)OCCCCCCCC(C)C,7386.0,C13H24O2,212.3285,0.0
C=CC(=O)OCCCCCCCCCC,24873.0,C13H24O2,212.3285,0.0
C=CC(C)=O,5671.0,C4H6O,70.0898,0.0
C=CC(N)=O,27.0,C3H5NO,71.0779,0.0
C=CC1CO1,5240.0,C4H6O,70.0898,0.0
C=CCc1cc(OC)c2c(c1)OCO2,5693.0,C11H12O3,192.2112,0.0
C=CCCCCCCCCO,27656.0,C10H20O,156.2652,0.0
C=CCOCC(CO)(COCC=C)COCC=C,24580.0,C14H24O4,256.338,0.0
C=CCOCC1CO1,46.0,C6H10O2,114.1424,0.0
C=CCSSCC=C,15206.0,C6H10S2,146.2736,0.0
C=COCCOCCOCCOC=C,24986.0,C10H18O4,202.2475,0.0
c1ccc(-c2nnn[nH]2)cc1,24858.0,C7H6N4,146.1493,0.0
c1ccc2c(c1)Oc1ccccc1S2,4937.0,C12H8OS,200.2563,0.0
c1ccc2[nH]ccc2c1,737.0,C8H7N,117.1479,0.0
c1ccc2[nH]nnc2c1,147.0,C6H5N3,119.124,0.0
c1ccc2scnc2c1,4586.0,C7H5NS,135.1863,0.0
C1CCCCC1,1923.0,C6H12,84.1595,0.0
c1ccc(C2CO2)cc1,1286.0,C8H8O,120.1485,0.0
C1CCC(NC2CCCCC2)CC1,5018.0,C12H23N,181.3177,0.0
c1ccc(Oc2ccccc2)cc1,1847.0,C12H10O,170.2072,0.0
c1ccc(Oc2ccccc2)cc1,1847.0,C12H10O,170.2072,0.0
c1ccc(Sc2ccccc2)cc1,24383.0,C12H10S,186.2728,1.0
C1CCN(CN2CCCCC2)CC1,27453.0,C11H22N2,182.3058,0.0
C1CN2CCN1CC2,2016.0,C6H12N2,112.1729,0.0
C1COCCN1,5688.0,C4H9NO,87.1204,0.0
C1N2CN3CN1CN(C2)C3,692.0,C6H12N4,140.1863,0.0
c1ccc2c(c1)c1cccc3ccc4cccc2c4c31,3764.0,C20H12,252.3093,0.0
C=C(C)C(=O)OCC(C)O,5934.0,C7H12O3,144.1684,0.0
CC(=O)C(=O)O,1650.0,C3H4O3,88.0621,0.0
CC(=O)c1ccc2ccccc2c1,21389.0,C12H10O,170.2072,0.0
CC(=O)c1ccc[nH]1,27084.0,C6H7NO,109.1259,0.0
CC(=O)c1cccnc1,24421.0,C7H7NO,121.1366,0.0
CC(=O)C1CCOC1=O,24436.0,C6H8O3,128.1259,0.0
CC(=O)CC(=O)Nc1ccc2[nH]c(=O)[nH]c2c1,24631.0,C11H11N3O3,233.2233,0.0
CCOC(=O)CC(C)=O,7092.0,C6H10O3,130.1418,0.0
CCCC(C)=O,1888.0,C5H10O,86.1323,0.0
CCCC(C)=O,1888.0,C5H10O,86.1323,0.0
CC(=O)NCCO,24804.0,C4H9NO2,103.1198,0.0
CC(=O)O.O=C(NCC1CCCCN1)c1cc(OCC(F)(F)F)ccc1OCC(F)(F)F,626.0,C19H24F6N2O5,474.3947 (414.3427+60.0520),0.0
CC(=O)O[C@@H]1C[C@H]2CC[C@]1(C)C2(C)C,22061.0,C12H20O2,196.286,0.0
CC(=O)OC[C@H]1O[C@@](COC(C)=O)(O[C@H]2O[C@H](COC(C)=O)[C@@H](OC(C)=O)[C@H](OC(C)=O)[C@H]2OC(C)=O)[C@@H](OC(C)=O)[C@@H]1OC(C)=O,22423.0,C28H38O19,678.5899,0.0
CC(=O)OCCC(C)C,5453.0,C7H14O2,130.1849,0.0
CC(C)(C#N)C(C)(C)C#N,6125.0,C8H12N2,136.1943,0.0
CC(C)(C)C(=O)Cl,7529.0,C5H9ClO,120.5774,0.0
CC(CC=O)CC(C)(C)C,27107.0,C9H18O,142.2386,0.0
CC(C)(C)N(CCO)CCO,9230.0,C8H19NO2,161.242,0.0
C=CC(=O)NC(C)(C)C,20114.0,C7H13NO,127.1842,0.0
C=CC(C)(C)CC(=O)OC,8120.0,C8H14O2,142.1956,0.0
COC(C)(C)CCO,24389.0,C6H14O2,118.1742,0.0
CC(C)(Cl)Cl,10060.0,C3H6Cl2,112.9857,0.0
CC(C)C(O)C(C)(C)CO,7113.0,C8H18O2,146.2273,0.0
CC(C)(CO)CO,7036.0,C5H12O2,104.1476,0.0
CC(C)C(=O)OCC(C)(C)C(O)C(C)C,7857.0,C12H24O3,216.3172,0.0
CC(C)(COC(=O)c1ccccc1)COC(=O)c1ccccc1,18822.0,C19H20O4,312.3597,0.0
CC(C)[C@@H]1CC[C@@H](C)C[C@H]1O,2180.0,C10H20O,156.2652,0.0
CC(C)C=O,1635.0,C4H8O,72.1057,0.0
CC(C)CC#N,1620.0,C5H9N,83.1317,0.0
CC(=O)CC(C)C,1889.0,C6H12O,100.1589,0.0
CC(C)CCCC(=O)O,24252.0,C7H14O2,130.1849,0.0
CC(C)CCCCCOC(=O)CCS,24911.0,C11H22O2S,218.3562,0.0
CC(C)CCCO,8683.0,C6H14O,102.1748,0.0
CC(C)CCON=O,2605.0,C5H11NO2,117.1463,0.0
CC(C)NC(C)C,5085.0,C6H15N,101.19,0.0
CC(C)OB(OC(C)C)OC(C)C,7598.0,C9H21BO3,188.0722,0.0
CCCCCCCCCCCCCC(=O)OC(C)C,6838.0,C17H34O2,270.4507,0.0
CC(C)OCCO,27466.0,C5H12O2,104.1476,0.0
CC(C)SCc1ccco1,27665.0,C8H12OS,156.2453,0.0
CC(CC(=O)Cl)CC(C)(C)C,29140.0,C9H17ClO,176.6837,0.0
CCC(C)C(=O)O,1621.0,C5H10O2,102.1317,0.0
CCC(C)C(C)=O,1634.0,C6H12O,100.1589,0.0
CCC(C)C=O,1818.0,C5H10O,86.1323,0.0
CCOP(=O)(SC(C)CC)N1CCSC1=O,14930.0,C9H18NO3PS2,283.3479,0.0
CC(C#N)CCC#N,5612.0,C6H8N2,108.1411,0.0
CC(CO)CO,9231.0,C4H10O2,90.121,0.0
CCCCCCCCC(=O)OCC(C)OC(=O)CCCCCCCC,27182.0,C21H40O4,356.5399,0.0
CC(N)CN,1761.0,C3H10N2,74.1249,0.0
COCC(C)N,9359.0,C4H11NO,89.1362,0.0
CC(C)(O)CCC(C)(C)O,6830.0,C8H18O2,146.2273,0.0
C=CC(C)(O)CC/C=C(\C)CC,27415.0,C11H20O,168.2759,0.0
CC(O)C(C)O,21321.0,C4H10O2,90.121,0.0
CC(O)CCl,285.0,C3H7ClO,94.5401,0.0
CC(O)COCC(C)O,6863.0,C6H14O3,134.1736,0.0
CC/C(=N\OC/C=C/Cl)C1=C(O)CC(C2CCOCC2)CC1=O,14252.0,C17H24ClNO4,341.8298,0.0
C[CH2][Ge]([Cl])([CH2]C)[CH2]C,29341.0,C6H15ClGe,195.2763,0.0
CC/C=C/CCO,2138.0,C6H12O,100.1589,0.0
CCCCCCCCCCCCCCCC(=O)OC/C=C(C)/C=C/C=C(C)/C=C/C1=C(C)CCCC1(C)C,1241.0,C36H60O2,524.8604,0.0
CC=CC(=O)CCCC,27134.0,C8H14O,126.1962,0.0
CC1(C)C(O)C(C)(C)C1O,24908.0,C8H16O2,144.2114,0.0
CC1=Nc2ccccc2C1(C)C,29363.0,C11H13N,159.2276,0.0
CC1(N)CCC(C(C)(C)N)CC1,1772.0,C10H22N2,170.2951,0.0
CCc1cnc(C2=NC(C)(C(C)C)C(=O)N2)c(C(=O)O)c1,4287.0,C15H19N3O3,289.3297,0.0
CC12CCC(C1)C(C)(C)C2O,21970.0,C10H18O,154.2493,0.0
Cc1cc(C)n(CO)n1,12513.0,C6H10N2O,126.1564,0.0
CC(=O)/C=C/C1C(C)=CCC(C)C1(C)C,27042.0,C14H22O,206.3239,0.0
Cc1ccc(C(C)c2ccc(C)c(C)c2)cc1C,9223.0,C18H22,238.3673,0.0
Cc1ccc2c(c1)CCCN2,27444.0,C10H13N,147.2169,0.0
Cc1cccc2cccnc12,888.0,C10H9N,143.1852,0.0
Cc1nc(C)c(C)nc1C,27070.0,C8H12N2,136.1943,0.0
Cc1ncc[nH]1,2107.0,C4H6N2,82.1038,0.0
CCCC[C@H]1CN(CC2CCOCC2)C(=O)OC12CCN(C1(C)CCN(C(=O)c3c(C)ncnc3C)CC1)CC2,28495.0,C31H49N5O4,555.7519,0.0
CC1=CC[C@H]2C[C@@H]1C2(C)C,9290.0,C10H16,136.234,0.0
CC1(C)COP(Oc2ccccc2)OC1,24646.0,C11H15O3P,226.2088,0.0
CN(CC1(C)CCCO1)S(=O)(=O)c1ccc(Cl)c(S(N)(=O)=O)c1,28770.0,C13H19ClN2O5S2,382.8834,0.0
CC1(C)C2CCC3(C2)[C@H]1C(=O)CCC3(C)C,27168.0,C15H24O,220.3505,0.0
CCC(=O)CC,1820.0,C5H10O,86.1323,0.0
CCCC(=O)CC,1608.0,C6H12O,100.1589,0.0
CCCCCC(=O)CC,21954.0,C8H16O,128.212,0.0
CCC(=O)OC,7201.0,C4H8O2,88.1051,0.0
CCC(C)(O)CCCC(C)C,9110.0,C10H22O,158.2811,0.0
CCC(CC)C(=O)O,21418.0,C6H12O2,116.1583,0.0
CCC(C=O)CC,29339.0,C6H12O,100.1589,0.0
CCCCC(C=O)CC,5291.0,C8H16O,128.212,0.0
CCC(Cl)CCl,7244.0,C4H8Cl2,127.0123,0.0
CCC(CO)CO,24897.0,C5H12O2,104.1476,0.0
CCC/C=C/CO,27062.0,C6H12O,100.1589,0.0
CCC=O,1658.0,C3H6O,58.0791,0.0
CCOc1cc(OP(=S)(OC)OC)nc(CC)n1,21964.0,C10H17N2O4PS,292.2917,0.0
CCCC1CCC(=O)CC1,28173.0,C9H16O,140.2227,0.0
CCCC1CCCC(=O)O1,27164.0,C8H14O2,142.1956,0.0
CCCCCC,1917.0,C6H14,86.1754,0.0
CCCCCC(=O)O,1607.0,C6H12O2,116.1583,0.0
CCCCCCC(=O)O,1600.0,C7H14O2,130.1849,0.0
CCCCCCC=O,1597.0,C7H14O,114.1855,0.0
CCCCCCCCC=O,1639.0,C9H18O,142.2386,0.0
CCCCCCCCCCC=O,1688.0,C11H22O,170.2918,0.0
CCCCCCCCCCCCCCCCC,27061.0,C17H36,240.4677,0.0
CCCCCCCCCCCCCCCl,7471.0,C14H29Cl,232.8331,0.0
CCCCCCCCCCCCCO,1947.0,C13H28O,200.3608,0.0
CCCCCCCCCCCl,7352.0,C10H21Cl,176.7267,0.0
CCCCCCCCCCCO,6915.0,C11H24O,172.3077,0.0
CCCCCCCCCCO,1946.0,C10H22O,158.2811,0.0
CCCCCCCCO,1940.0,C8H18O,130.2279,0.0
CCCCCCCCSCC,24662.0,C10H22S,174.3467,0.0
CCCCCCCO,1937.0,C7H16O,116.2013,0.0
CCCCCON=O,4522.0,C5H11NO2,117.1463,0.0
CCCCCSCCCCC,22266.0,C10H22S,174.3467,0.0
CCCCN(CCCC)CCCC,6183.0,C12H27N,185.3495,0.0
CCCCNC(=O)NCCCC,22188.0,C9H20N2O,172.2679,0.0
CCCCS(=O)(=O)Cl,24883.0,C4H9ClO2S,156.6311,0.0
CCCCSP(=O)(SCCCC)SCCCC,4174.0,C12H27OPS3,314.5109,0.0
CCCOCCO,7500.0,C5H12O2,104.1476,0.0
CCCOCCOCCO,7639.0,C7H16O3,148.2001,0.0
CCN1CN(CC)CN(CC)C1,12511.0,C9H21N3,171.2831,0.0
CCNCCO,1922.0,C4H11NO,89.1362,0.0
CCO[Si](CCC#N)(OCC)OCC,7334.0,C9H19NO3Si,217.3376,0.0
CCO[Si](CCCN)(OCC)OCC,7333.0,C9H23NO3Si,221.3693,0.0
CCOCCO,4087.0,C4H10O2,90.121,0.0
CCOP(=O)(OCC)OCC,6228.0,C6H15O4P,182.1547,0.0
CCOP(OCC)OCC,6991.0,C6H15O3P,166.1553,0.0
CCOP(=S)(OCC)SCSCC,12459.0,C7H17O2PS3,260.3774,0.0
CC(Cc1ccccc1)NCCn1cnc2c1c(=O)n(C)c(=O)n2C.Cl,28795.0,C18H24ClN5O2,377.8685 (341.4075+36.4609),0.0
COc1cc(CC(C)N)cc2c1OCO2.Cl,28816.0,C11H16ClNO3,245.7026 (209.2417+36.4609),0.0
CNC(C)Cc1ccc2c(c1)OCO2.Cl,28819.0,C11H16ClNO2,229.7032 (193.2423+36.4609),1.0
CO/N=C(/C(=O)N[C@@H]1C(=O)N2C(C(=O)OCOC(=O)C(C)(C)C)=C(C)CS[C@H]12)c1csc(N)n1.Cl,28516.0,C20H26ClN5O7S2,548.0327 (36.4609+511.5718),0.0
CCC(=O)N(c1ccccc1)C1(COC)CCN(CCn2nnn(CC)c2=O)CC1.Cl,28853.0,C21H33ClN6O3,452.9781 (416.5172+36.4609),0.0
CCCN[C@H]1CCc2nc(N)sc2C1.Cl.Cl.O,24227.0,C10H21Cl2N3OS,302.2642 (211.3271+36.4609+36.4609+18.0153),0.0
CN(C)C.Cl,7229.0,C3H10ClN,95.5712 (36.4609+59.1103),0.0
CCOC(=O)OCC/C(SC(=O)OCC)=C(\C)N(C=O)Cc1cnc(C)nc1N.Cl,28719.0,C18H27ClN4O6S,462.9482 (426.4872+36.4609),0.0
Cl.N[C@@H](CCC(=O)O)C(=O)O,27155.0,C5H10ClNO4,183.5902 (147.1293+36.4609),0.0
COc1ccc(C(CN(C)C)C2(O)CCCCC2)cc1.Cl,27397.0,C17H28ClNO2,313.8627 (277.4018+36.4609),0.0
Cl.NC(CO)(CO)CO,24373.0,C4H12ClNO3,157.5960 (36.4609+121.1350),0.0
[Cl][Ba][Cl],24508.0,BaCl2,208.233,0.0
[Cl][Zn][Cl],15013.0,Cl2Zn,136.315,0.0
CCCSC(=O)Cl,5963.0,C4H7ClOS,138.6158,0.0
CC(Cl)COP(=O)(OCC(C)Cl)OCC(C)Cl,7615.0,C9H18Cl3O4P,327.5696,0.0
O=C(O)C(Cl)(Cl)Cl,1378.0,C2HCl3O2,163.3871,0.0
ClC(Cl)(Cl)Cl,250.0,CCl4,153.8227,0.0
FC(Cl)(Cl)C(F)(Cl)Cl,6091.0,C2Cl4F2,203.8302,0.0
C=CCN(CC=C)C(=O)C(Cl)Cl,7997.0,C8H11Cl2NO,208.085,0.0
C=CCN(CC=C)C(=O)C(Cl)Cl,7997.0,C8H11Cl2NO,208.085,0.0
O=C(C(Cl)Cl)N1CCOC12CCCCC2,24575.0,C10H15Cl2NO2,252.1376,0.0
O=C(O)C(Cl)Cl,428.0,C2H2Cl2O2,128.9421,0.0
CC(=O)C(Cl)Cl,1576.0,C3H4Cl2O,126.9693,0.0
ClC(Cl)C(Cl)Cl,1318.0,C2H2Cl4,167.8493,0.0
ClC1=C(Cl)C1(Cl)Cl,1660.0,C3Cl4,177.8441,0.0
Clc1nc(Cl)c(Cl)c(Cl)c1Cl,2179.0,C5Cl5N,251.3252,0.0
CC12CC1(C)C(=O)N(c1cc(Cl)cc(Cl)c1)C2=O,13923.0,C13H11Cl2NO2,284.1379,0.0
Clc1ccc(C2(Cn3cncn3)OCCO2)c(Cl)c1,21613.0,C12H11Cl2N3O2,300.1406,0.0
NCCO.O=C(O)c1nc(Cl)ccc1Cl,12582.0,C8H10Cl2N2O3,253.0826 (191.9995+61.0831),0.0
N#C/N=C1\SCCN1Cc1ccc(Cl)nc1,14961.0,C10H9ClN4S,252.7233,0.0
O=C(CCl)NCO,21412.0,C3H6ClNO2,123.5382,0.0
CC(CCl)OP(=O)(OC(C)CCl)OC(C)CCl,6259.0,C9H18Cl3O4P,327.5696,0.0
ClCC1CO1,566.0,C3H5ClO,92.5242,0.0
ClCCCl,438.0,C2H4Cl2,98.9592,0.0
OCCCl,1877.0,C2H5ClO,80.5135,0.0
ClCCOCOCCCl,3917.0,C5H10Cl2O2,173.0377,0.0
O=P(OCCCl)(OCCCl)OCCCl,1411.0,C6H12Cl3O4P,285.4898,0.0
O=P(O)(O)CCCl,4085.0,C2H6ClO3P,144.494,0.0
O=P(O)(O)CCCl,4085.0,C2H6ClO3P,144.494,0.0
CCOP(=O)(Cl)Cl,7407.0,C2H5Cl2O2P,162.9397,0.0
CCCCCCCCS(=O)(=O)Cl,7658.0,C8H17ClO2S,212.7374,0.0
CCCCC(=O)N(C)C,5063.0,C7H15NO,129.2001,0.0
CCCCCCCC(=O)N(C)C,7364.0,C10H21NO,171.2798,0.0
CCCCCCCCCC(=O)N(C)C,7764.0,C12H25NO,199.333,0.0
CN(C)C=O,515.0,C3H7NO,73.0938,0.0
CN(C)C1CSSSC1.O=C(O)C(=O)O,27036.0,C7H13NO4S3,271.3774 (181.3425+90.0349),0.0
CCCCCCCCN(C)C,16299.0,C10H23N,157.2963,0.0
C=C(C)C(=O)NCCCN(C)C,20154.0,C9H18N2O,170.252,0.0
CN(C)P(=O)(N(C)C)N(C)C,694.0,C6H18N3OP,179.2004,0.0
Cn1cc(-c2ccccc2)c(=O)c(-c2cccc(C(F)(F)F)c2)c1,4107.0,C19H14F3NO,329.3158,0.0
CN1CCC[C@H]1c1cccnc1,930.0,C10H14N2,162.2316,0.0
CNC(=O)NC,5156.0,C3H8N2O,88.1084,0.0
CNC(=O)Oc1cccc2c1OC(C)(C)C2,249.0,C12H15NO3,221.2524,0.0
CNC(=O)Oc1cccc2c1OC(C)(C)C2,249.0,C12H15NO3,221.2524,0.0
CNC(=S)NC,22191.0,C3H8N2S,104.174,0.0
CCCCCCCCNC,24619.0,C9H21N,143.2697,0.0
C=C(C)C(=O)OCCC[Si](OC)(OC)OC,9237.0,C10H20O5Si,248.3483,0.0
COC(=O)CCC(=O)OC,5152.0,C6H10O4,146.1412,0.0
COc1cc(C(=O)OC(COCCC(C)C)CN2CCOCC2)cc(OC)c1OC,28764.0,C22H35NO7,425.5158,0.0
COc1cc2c(cc1OC)[C@@]13CCN4CC5=CCO[C@H]6CC(=O)N2[C@H]1[C@H]6[C@H]5C[C@H]43,4662.0,C23H26N2O4,394.4635,0.0
COc1ccc2c3c1O[C@H]1[C@@H](O)C=C[C@H]4[C@@H](C2)N(C)CC[C@@]341,341.0,C18H21NO3,299.3642,0.0
COCCCOCCCOC,22327.0,C8H18O3,162.2267,0.0
COCCOCCOCCOC,6224.0,C8H18O4,178.2261,0.0
COP(C)(=O)OC,494.0,C3H9O3P,124.0755,0.0
CS(=O)(=O)O,6422.0,CH4O3S,96.1057,0.0
CS(C)=O,1735.0,C2H6OS,78.1334,0.0
CSSC,5117.0,C2H6S2,94.199,0.0
CC[n+]1ccccc1.F[B-](F)(F)F,29135.0,C7H10BF4N,194.9656 (108.1605+86.8052),0.0
FC(F)OC(F)(F)C(F)Cl,562.0,C3H2ClF5O,184.4924,0.0
FC(F)(F)C(F)(F)C(F)(F)C(F)(F)C(F)(F)C(F)(F)C(F)(F)C(F)(F)C(F)(F)C(F)(F)F,9059.0,C10F22,538.0719,0.0
OCCC(F)(F)C(F)(F)C(F)(F)C(F)(F)C(F)(F)C(F)(F)C(F)(F)C(F)(F)F,9904.0,C10H5F17O,464.119,0.0
C=C(C)C(=O)OCCC(F)(F)C(F)(F)C(F)(F)C(F)(F)C(F)(F)C(F)(F)F,27558.0,C12H9F13O2,432.1779,0.0
FC(F)OC(Cl)C(F)(F)F,752.0,C3H2ClF5O,184.4924,0.0
O=C1C(Cl)C(CCl)CN1c1cccc(C(F)(F)F)c1,21987.0,C12H10Cl2F3NO,312.1151,0.0
CCCC[N+]1(C)CCCCC1.O=S(=O)([O-])C(F)(F)F,29343.0,C11H22F3NO3S,305.3575 (156.2878+149.0697),0.0
CCOC(=O)CC(=O)c1cc(F)c(Cl)nc1Cl,29338.0,C10H8Cl2FNO3,280.0798,0.0
CC(=O)OC(C)OC(=O)C(C)c1ccc(-c2ccccc2)c(F)c1,28526.0,C19H19FO4,330.3502,0.0
O=C(Nc1ccc(F)cc1F)c1cccnc1Oc1cccc(C(F)(F)F)c1,21494.0,C19H11F5N2O2,394.2949,0.0
Cc1ccn2nc(S(=O)(=O)Nc3c(F)cccc3F)nc2n1,12615.0,C12H9F2N5O2S,325.294,0.0
NC(=O)CF,14255.0,C2H4FNO,77.0577,0.0
CN/C(=N\C#N)NCCSCc1nc[nH]c1C,329.0,C10H16N6S,252.3392,0.0
CC(C)(C#N)/N=N/C(C)(C)C#N,6457.0,C8H12N4,164.2077,0.0
N#CC1(N)CCCCC1,24488.0,C7H12N2,124.1836,0.0
Cc1[nH]c(=O)c(C#N)cc1-c1ccncc1,3324.0,C12H9N3O,211.2194,0.0
N#Cc1ccc(C(c2ccc(C#N)cc2)n2cncn2)cc1,3202.0,C17H11N5,285.3027,0.0
N#Cc1cccnc1,6665.0,C6H4N2,104.1094,0.0
CN(C)CCC#N,7432.0,C5H10N2,98.1463,0.0
N#CCNCC#N,21580.0,C4H5N3,95.1026,0.0
CCCCOCCOCCSC#N,4674.0,C9H17NO2S,203.3018,0.0
CN(C)C(=N)NC(=N)N,3270.0,C4H11N5,129.1636,0.0
NC(=S)NC(N)=S,14968.0,C2H5N3S2,135.2112,1.0
NC(=S)Nc1cccc2ccccc12,919.0,C11H10N2S,202.2755,0.0
NC(N)=[Se],4303.0,CH4N2Se,123.0159,0.0
NC(N)=O.OO,4726.0,CH6N2O3,94.0699 (60.0553+34.0147),0.0
Nc1cc[nH]c(=O)n1,24456.0,C4H5N3O,111.102,0.0
C[C@H]1N=C(N)O[C@H]1c1ccccc1,28796.0,C10H12N2O,176.2151,0.0
Nc1ccc(Oc2ccc(N)cc2)cc1,1094.0,C12H12N2O,200.2365,0.0
Nc1cccc(N)n1,20127.0,C5H7N3,109.1292,0.0
NC1CCCCC1N,7301.0,C6H14N2,114.1888,0.0
Nc1nc(N)nc(N)n1,802.0,C3H6N6,126.1199,0.0
CCNc1nc(N)nc(Cl)n1,17495.0,C5H8ClN5,173.6035,0.0
Nc1nc2ccccc2[nH]1,4465.0,C7H7N3,133.1506,0.0
Nc1nc[nH]n1,76.0,C2H4N4,84.08,0.0
COc1cc(Cc2cnc(N)nc2N)cc(OC)c1OC,3712.0,C14H18N4O3,290.3177,0.0
Nc1ncnc2c1ncn2[C@H]1CC[C@@H](CO)O1,3771.0,C10H13N5O2,235.2425,0.0
CN(C)CCCN,5102.0,C5H14N2,102.1781,0.0
CN(C)CCCN,5102.0,C5H14N2,102.1781,0.0
NCCN1CCNCC1,1997.0,C6H15N3,129.2034,0.0
NCCNCCN,5050.0,C4H13N3,103.1661,0.0
NCCS(=O)(=O)O,1304.0,C2H7NO3S,125.1469,0.0
c1ccc(OP(Oc2ccccc2)Oc2ccccc2)cc1,6252.0,C18H15O3P,310.2837,0.0
C[C@](N)(Cc1ccc(O)c(O)c1)C(=O)O.C[C@](N)(Cc1ccc(O)c(O)c1)C(=O)O.O.O.O,863.0,C20H32N2O11,476.4749 (211.2145+211.2145+18.0153+18.0153+18.0153),0.0
O.O=P1(N(CCCl)CCCl)NCCCO1,4888.0,C7H17Cl2N2O3P,279.1012 (261.0860+18.0153),0.0
OC1OC[C@@H](O)[C@H](O)[C@H]1O,3745.0,C5H10O5,150.1299,0.0
OC[C@H]1O[C@H](O[C@]2(CCl)O[C@H](CCl)[C@@H](O)[C@@H]2O)[C@H](O)[C@@H](O)[C@H]1Cl,20245.0,C12H19Cl3O8,397.6335,0.0
ON=C1CCCC1,363.0,C5H9NO,99.1311,0.0
[O]=[Cr][O][Cr]=[O],326.0,Cr2O3,151.9904,0.0
O=C1CC[C@H](C(=O)N2CCCCC2)N1,28781.0,C10H16N2O2,196.2462,0.0
CN(C)C(=O)C(c1ccccc1)c1ccccc1,4072.0,C16H17NO,239.3123,0.0
CC(=O)CN(CC(C)=O)N=O,1022.0,C6H10N2O3,158.1552,0.0
C=CC(C)(CCC=C(C)C)OC(C)=O,6946.0,C12H20O2,196.286,0.0
CC(=O)OCC(COC(C)=O)OC(C)=O,6691.0,C9H14O6,218.2039,0.0
CC(=O)OC1CC(C)OC(C)O1,480.0,C8H14O4,174.1944,0.0
C=C(C)C1CC=C(C)C(OC(C)=O)C1,4738.0,C12H18O2,194.2701,0.0
CC(=O)OCCC(C)CC(C)(C)C,21270.0,C11H22O2,186.2912,0.0
CCCCCCOC(C)=O,2006.0,C8H16O2,144.2114,0.0
CCCCOCCOC(C)=O,6904.0,C8H16O3,160.2108,0.0
CC(=O)OCCOCCOCCOC(C)=O,6223.0,C10H18O6,234.2463,0.0
COC(=O)C=C(C)CCC=C(C)C,27129.0,C11H18O2,182.2594,0.0
C=CC(=O)N1CCOCC1,24947.0,C7H11NO2,141.1677,0.0
O=C(c1ccccc1)c1ccccc1O,27855.0,C13H10O2,198.2173,0.0
CCCCCC=CCC(=O)OC,27659.0,C10H18O2,170.2487,0.0
CN(C(=O)Cc1cccc2occc12)[C@H]1CC[C@@]2(CCCO2)C[C@@H]1N1CCCC1,27258.0,C24H32N2O3,396.5225,0.0
CCOC(=O)CCC(=O)OCC,18732.0,C8H14O4,174.1944,0.0
CCCCOC(=O)C(C)OC(=O)CCC,24831.0,C11H20O4,216.2741,0.0
CCCCCCOC(=O)CCC,27559.0,C10H20O2,172.2646,0.0
C=CCOC(=O)CCC1CCCCC1,24755.0,C12H20O2,196.286,0.0
CCCCCOC(=O)CCCC,22218.0,C10H20O2,172.2646,0.0
CCCCCCCC(=O)OCCCCCC,27636.0,C14H28O2,228.3709,0.0
CCCCN(CCC(=O)OCC)C(C)=O,15753.0,C11H21NO3,215.2893,0.0
O=C(Cl)OCCOCCOC(=O)Cl,6739.0,C6H8Cl2O5,231.0307,0.0
COC(=O)C(C)N(C(=O)c1ccco1)c1c(C)cccc1C,27543.0,C17H19NO4,301.3371,0.0
Cc1cc(OC(=O)N(C)C)nn1C(=O)N(C)C,21880.0,C10H16N4O3,240.259,0.0
C=CC(=O)NC(C)(C)CS(=O)(=O)O,7770.0,C7H13NO4S,207.2474,0.0
CNC(=O)N(c1ccccc1)c1ccccc1,5593.0,C14H14N2O,226.2738,0.0
Nc1ccc(NC(=O)c2ccc(N)cc2)cc1,400.0,C13H13N3O,227.2618,0.0
CC(=O)c1ccc(S(=O)(=O)NC(=O)NC2CCCCC2)cc1,7.0,C15H20N2O4S,324.3953,0.0
CC(C)(Oc1ccc(CCNC(=O)c2ccc(Cl)cc2)cc1)C(=O)O,9869.0,C19H20ClNO4,361.8194,0.0
CCCOC(=O)NCCCN(C)C,20295.0,C9H20N2O2,188.2673,0.0
CCN(CC)CCc1c[nH]c2ccccc12.CCN(CC)CCc1c[nH]c2ccccc12.O=C(O)/C=C/C(=O)O,28821.0,C32H44N4O4,548.7162 (216.3220+216.3220+116.0722),1.0
CN(C)CCN(Cc1cccs1)c1ccccn1.CN(C)CCN(Cc1cccs1)c1ccccn1.O=C(O)/C=C/C(=O)O.O=C(O)/C=C/C(=O)O.O=C(O)/C=C/C(=O)O,27404.0,C40H50N6O12S2,870.9880 (261.3858+116.0722+261.3858+116.0722+116.0722),0.0
COc1ccc2cc([C@H](C)C(=O)O)ccc2c1,20686.0,C14H14O3,230.2592,0.0
C[C@@H](O)C(=O)O,27030.0,C3H6O3,90.0779,0.0
CC1(C)OC[C@@H]2O[C@@]3(C(=O)O)OC(C)(C)O[C@H]3[C@@H]2O1,27454.0,C12H18O7,274.2671,0.0
C=C1C[C@]23C[C@@]1(O)CC[C@H]2[C@@]12C=C[C@H](O)[C@@](C)(C(=O)O1)[C@H]2[C@@H]3C(=O)O,656.0,C19H22O6,346.3744,0.0
CC(CO)(CO)C(=O)O,7577.0,C5H10O4,134.1305,0.0
O=C(O)c1ccc2cc(C(=O)O)ccc2c1,9211.0,C12H8O4,216.1895,0.0
O=C(O)c1cccnc1,932.0,C6H5NO2,123.1094,0.0
O=C(O)c1ccncc1,757.0,C6H5NO2,123.1094,0.0
O=C(O)Cc1cccc(-c2cc(CCCCCCc3ccc(O[C@H]4O[C@H](CO)[C@@H](O)[C@H](O)[C@@H]4O)c(-c4cccc(CC(=O)O)c4)c3)ccc2O[C@H]2O[C@H](CO)[C@@H](O)[C@H](O)[C@@H]2O)c1,28709.0,C46H54O16,862.9114,0.0
O=C(O)CCCC(=O)O,1654.0,C5H8O4,132.1146,0.0
O=C(O)CCCCC1CCSS1,5508.0,C8H14O2S2,206.3256,0.0
O=C(O)CCCCCCCC(=O)O,1640.0,C9H16O4,188.2209,0.0
CCCCCCCCCCCCCC(=O)O,1666.0,C14H28O2,228.3709,0.0
CCCCCCCCCCCCCCCCCC(=O)O,1642.0,C18H36O2,284.4772,0.0
CCCCCCCCCCCCCCCCCC(=O)O,1642.0,C18H36O2,284.4772,0.0
COCC(=O)O,11591.0,C3H6O3,90.0779,0.0
COCC(=O)O,11591.0,C3H6O3,90.0779,0.0
O=C(OC(=O)c1ccccc1)c1ccccc1,9122.0,C14H10O3,226.2274,0.0
CC(C)C(=O)OCC(C)(C)C(OC(=O)C(C)C)C(C)C,7635.0,C16H30O4,286.407,0.0
COC(=O)C1(O)c2ccccc2-c2ccccc21,14729.0,C15H12O3,240.254,0.0
COC(=O)CC(=O)OC,9145.0,C5H8O4,132.1146,0.0
O=C(Oc1ccccc1)c1ccccc1,28185.0,C13H10O2,198.2173,0.0
O=C(Oc1ccccc1)Oc1ccccc1,540.0,C13H10O3,214.2167,0.0
C#CCOC(=O)[C@@H](C)Oc1ccc(Oc2ncc(Cl)cc2F)cc1,12354.0,C17H13ClFNO4,349.7408,0.0
O=C(OCc1ccccc1)c1ccccc1,9153.0,C14H12O2,212.2439,0.0
CCCOC(=O)c1ccc(C(=O)OCCC)nc1,12544.0,C13H17NO4,251.2784,0.0
O=C(Cc1ccccc1)OCCc1ccccc1,24494.0,C16H16O2,240.297,0.0
CCCCOC(=O)C(C)Oc1ccc(Oc2ccc(C(F)(F)F)cn2)cc1,14612.0,C19H20F3NO4,383.3616,0.0
C=C(C)C(=O)OCCCCOC(=O)C(=C)C,24870.0,C12H18O4,226.2689,0.0
CCCCC(CC)C(=O)OCCOCCOCCOC(=O)C(CC)CCCC,6564.0,C22H42O6,402.5653,0.0
CCSC(=O)N1CCCCCC1,4206.0,C9H17NOS,187.3024,0.0
CCCSC(=O)N(CCC)CCC,4376.0,C10H21NOS,203.3448,0.0
CCCCN(CC)C(=O)SCCC,1199.0,C10H21NOS,203.3448,0.0
O=C=NC1CCC(CC2CCC(N=C=O)CC2)CC1,7588.0,C15H22N2O2,262.3474,0.0
O=C=Nc1ccc(Cc2ccc(N=C=O)cc2)cc1,4196.0,C15H10N2O2,250.2521,0.0
CC1CCC(=O)C1=O,27709.0,C6H8O2,112.1265,0.0
CC1CCCC(=O)C1=O,27675.0,C7H10O2,126.1531,0.0
CC1=CC(=O)CC(C)(C)C1,759.0,C9H14O,138.2069,0.0
Cc1cc(=O)[nH]c(=S)[nH]1,890.0,C5H6N2OS,142.1789,0.0
O=c1ccc(=O)[nH][nH]1,792.0,C4H4N2O2,112.0868,0.0
Cc1occc(=O)c1OC(=O)C(C)C,27701.0,C10H12O4,196.1999,0.0
CCCC1CCC(=O)O1,27611.0,C7H12O2,128.169,0.0
CCCCCCCC1CCC(=O)O1,14287.0,C11H20O2,184.2753,0.0
CCCCCC1=CCCC1=O,9331.0,C10H16O,152.2334,0.0
CCCCCC1=CCCC1=O,9331.0,C10H16O,152.2334,0.0
O=C1CCc2ccccc2O1,474.0,C9H8O2,148.1586,0.0
O=C1CCCCC1,359.0,C6H10O,98.143,0.0
CC(=O)C1CCCCC1=O,29324.0,C8H12O2,140.1797,0.0
O=C1CCCCCCCCCCOCCCCO1,27703.0,C15H28O3,256.381,0.0
O=C1CCCCCN1,240.0,C6H11NO,113.1576,0.0
O=C1CCCCCO1,7159.0,C6H10O2,114.1424,0.0
C=CN1CCCC1=O,1440.0,C6H9NO,111.1418,0.0
O=C1CCCO1,224.0,C4H6O2,86.0892,0.0
COC(=O)c1ccc(C)cc1C1=NC(=O)C(C)(C(C)C)N1,12412.0,C16H20N2O3,288.3416,0.0
O=C1NC(=O)[C@@H]2CC=CC[C@H]12,21220.0,C8H9NO2,151.1626,0.0
O=C1CCC(N2C(=O)c3ccccc3C2=O)C(=O)N1,2524.0,C13H10N2O4,258.2295,0.0
NC(=O)NC1NC(=O)NC1=O,43.0,C4H6N4O3,158.1154,0.0
CC1COC(=O)O1,6789.0,C4H6O3,102.0886,0.0
CC1COC(=O)O1,6789.0,C4H6O3,102.0886,0.0
CCCCCCC1CCOC1=O,27437.0,C10H18O2,170.2487,0.0
O=C1OCCO1,6600.0,C3H4O3,88.0621,0.0
COC1=CC(=O)OC(CCc2ccccc2)C1,13433.0,C14H16O3,232.275,0.0
Cn1c(=O)c2[nH]cnc2n(C)c1=O,1336.0,C7H8N4O2,180.164,0.0
O=C1CCCc2ccccc21,7175.0,C10H10O,146.1858,0.0
Cc1cccc(C)c1NC(=O)CN1CCCC1=O,923.0,C14H18N2O2,246.3049,0.0
O=CC1CC=CCC1,6661.0,C7H10O,110.1537,0.0
O=NN1CCCCCC1,1040.0,C6H12N2O,128.1723,0.0
O=P(c1ccccc1)(c1ccccc1)c1ccccc1,2121.0,C18H15OP,278.2849,0.0
CO[PH](=O)OC,493.0,C2H7O3P,110.0489,0.0
CCS(=O)(=O)CCSP(=O)(OC)OC,17582.0,C6H15O5PS2,262.2841,0.0
O=C(O)c1cc(/N=N/c2ccc(S(=O)(=O)Nc3ccccn3)cc2)ccc1O,1256.0,C18H14N4O5S,398.3926,0.0
Nc1ccc(S(=O)(=O)Nc2nccs2)cc1,6068.0,C9H9N3O2S2,255.3167,0.0
Nc1ccc(S(=O)(=O)Nc2nccs2)cc1,6068.0,C9H9N3O2S2,255.3167,1.0
Nc1ccc2cc(S(=O)(=O)O)ccc2c1,24743.0,C10H9NO3S,223.2484,0.0
O=S1(=O)CCCO1,1195.0,C3H6O3S,122.1429,0.0
O=S1OCCO1,668.0,C2H4O3S,108.1164,0.0
C1CC2OC2CC1C1CO1,604.0,C8H12O2,140.1797,0.0
OB(O)O,194.0,H3BO3,61.833,0.0
CCOC(=O)C=CC(=O)O,24485.0,C6H8O4,144.1253,0.0
O=C(O)c1ccc(CO)o1,13098.0,C6H6O4,142.1094,0.0
O=C(O)c1cccnc1C(=O)O,21327.0,C7H5NO4,167.1189,0.0
O=C(O)CC(O)(CC(=O)O)C(=O)O,332.0,C6H8O7,192.1235,0.0
O=C(O)CCCCC(=O)O,1605.0,C6H10O4,146.1412,0.0
O=C(O)CCSCCC(=O)O,24200.0,C6H10O4S,178.2062,0.0
OC[C@@H](O)[C@@H](O)[C@H](O)[C@H](O)CO[C@H]1O[C@H](CO)[C@@H](O)[C@H](O)[C@H]1O,753.0,C12H24O11,344.3124,0.0
OC[C@@H](O)[C@H]1O[C@@H]2O[C@H](C(Cl)(Cl)Cl)O[C@@H]2[C@H]1O,88.0,C8H11Cl3O6,309.5283,0.0
CC1(C)CC(O)CC(C)(C)N1,9655.0,C9H19NO,157.2533,0.0
OC1CCCCCCCCCCC1,7429.0,C12H24O,184.3184,0.0
Oc1nc(O)nc(O)n1,4873.0,C3H3N3O3,129.0742,0.0
OC1OCCOC1O,18824.0,C4H8O4,120.1039,0.0
Cc1ccc(OC(=O)c2ccccc2O)cc1,27508.0,C14H12O3,228.2433,0.0
OC1CCCCC1c1ccccc1,21446.0,C12H16O,176.2548,0.0
Nc1cccc2c(O)nnc(O)c12,4504.0,C8H7N3O2,177.1601,0.0
C[C@]12CC[C@@H]3c4ccc(O)cc4CC[C@H]3[C@@H]1C[C@@H](O)[C@@H]2O,2366.0,C18H24O3,288.3814,0.0
OCC(CO)(CO)CO,6943.0,C5H12O4,136.1464,0.0
CCCCCCCCCCCCCCCCCC(=O)OCC(O)CO,9160.0,C21H42O4,358.5558,0.0
C=COCC1CCC(CO)CC1,9575.0,C10H18O2,170.2487,0.0
OCc1cccc(Oc2ccccc2)c1,7756.0,C13H12O2,200.2332,0.0
Cc1ncsc1CCO,24382.0,C6H9NOS,143.2068,0.0
OCCCCCCO,7265.0,C6H14O2,118.1742,0.0
CCCCCCOCCOCCO,6921.0,C10H22O3,190.2799,0.0
CCCCOCCOCCOCCO,1520.0,C10H22O4,206.2793,0.0
ON(Cc1ccccc1)Cc1ccccc1,24702.0,C14H15NO,213.275,0.0
On1nnc2ccccc21,24627.0,C6H5N3O,135.1234,0.0
CCN(Cc1cccc(S(=O)(=O)O)c1)c1ccccc1,9136.0,C15H17NO3S,291.3654,0.0
c1ccc(SSc2ccccc2)cc1,2131.0,C12H10S2,218.3378,1.0
CCOC(=O)n1ccn(C)c1=S,2736.0,C7H10N2O2S,186.2315,0.0
Nc1nc(=S)[nH][nH]1,24849.0,C2H4N4S,116.145,0.0
Sc1nc2ccccc2s1,807.0,C7H5NS2,167.2513,1.0
SCCSCCS,24660.0,C4H10S3,154.3172,0.0
O.O.[Ba+2].[Cl-].[Cl-],131.0,H4BaCl2O2,244.2636 (35.4535+137.3259+35.4535+18.0153+18.0153),0.0
CCn1cc[n+](C)c1.[Br-],29300.0,C6H11BrN2,191.0689 (111.1644+79.9045),0.0
CC[N+](CC)(CC)CCOC(=O)C(C1CCCC1)C1CCCC1.[Br-],28723.0,C20H38BrNO2,404.4252 (324.5207+79.9045),0.0
CC[N+]1(CC)CCC(=C(c2ccccc2)c2ccccc2)C1C.[Br-],3508.0,C22H28BrN,386.3684 (306.4639+79.9045),0.0
CCC[N+](CCC)(CCC)CCC.[Br-],6130.0,C12H28BrN,266.2614 (186.3569+79.9045),0.0
CCC[N+]1(C)CCCCC1.[Br-],29329.0,C9H20BrN,222.1658 (142.2613+79.9045),0.0
CCCC[N+](CCCC)(CCCC)CCCC.[Br-],24400.0,C16H36BrN,322.3677 (242.4632+79.9045),0.0
CCCC[N+]1(C)CCCC1.[Br-],29334.0,C9H20BrN,222.1658 (142.2613+79.9045),0.0
[Ca+2].[Cl-].[Cl-],235.0,CaCl2,110.9840 (35.4535+40.0769+35.4535),0.0
O=[N+]([O-])[O-].O=[N+]([O-])[O-].[Ca+2],19719.0,CaN2O6,164.0878 (40.0769+62.0054+62.0054),0.0
O=C([O-])C(=O)[O-].[Ca+2],7214.0,C2CaO4,128.0970 (88.0201+40.0769),0.0
CC(O)C(=O)[O-].CC(O)C(=O)[O-].[Ca+2],236.0,C6H10CaO6,218.2180 (89.0705+40.0769+89.0705),0.0
O.O=C1[N-]S(=O)(=O)c2ccccc21.O=C1[N-]S(=O)(=O)c2ccccc21.[Ca+2],27459.0,C14H10CaN2O7S2,422.4464 (182.1771+182.1771+40.0769+18.0153),0.0
CC(=O)NCCCS(=O)(=O)[O-].CC(=O)NCCCS(=O)(=O)[O-].[Ca+2],27529.0,C10H20CaN2O8S2,400.4824 (40.0769+180.2027+180.2027),0.0
C[N+](C)=CCl.[Cl-],24423.0,C3H7Cl2N,128.0004 (92.5468+35.4535),0.0
C[N+](C)(C)C.[Cl-],1749.0,C4H12ClN,109.5978 (74.1442+35.4535),0.0
C[N+](C)(C)CC(=O)O.[Cl-],24446.0,C5H12ClNO2,153.6073 (118.1537+35.4535),0.0
C[N+](C)(C)CC1CO1.[Cl-],24643.0,C6H14ClNO,151.6345 (116.1809+35.4535),0.0
C=C(C)C(=O)NCCC[N+](C)(C)C.[Cl-],24682.0,C10H21ClN2O,220.7395 (185.2860+35.4535),0.0
CCC[N+]1(C)CCCC1.[Cl-],29270.0,C8H18ClN,163.6882 (128.2347+35.4535),0.0
C=CCn1cc[n+](C)c1.[Cl-],27904.0,C7H11ClN2,158.6286 (123.1751+35.4535),0.0
C=CC[N+](C)(C)CC=C.[Cl-],7650.0,C8H16ClN,161.6723 (126.2188+35.4535),0.0
C=CC[N+](C)(C)CC=C.[Cl-],7650.0,C8H16ClN,161.6723 (126.2188+35.4535),0.0
CCCC[N+](C)(CCCC)CCCC.[Cl-],24443.0,C13H30ClN,235.8370 (200.3835+35.4535),0.0
CCCC[N+]1(C)CCCC1.[Cl-],11460.0,C9H20ClN,177.7148 (142.2613+35.4535),0.0
CCCC[n+]1ccccc1.[Cl-],11462.0,C9H14ClN,171.6672 (136.2136+35.4535),0.0
[Cr+2].c1cc[cH-]c1.c1cc[cH-]c1,4615.0,C10H10Cr,182.1825 (51.9950+65.0937+65.0937),0.0
[Fe+2].c1cc[cH-]c1.c1cc[cH-]c1,5326.0,C10H10Fe,186.0314 (55.8439+65.0937+65.0937),0.0
O=C([O-])CN(CCN(CC(=O)[O-])CC(=O)[O-])CC(=O)[O-].[Fe+3].[Na+],7774.0,C10H12FeN2NaO8,367.0456 (288.2131+55.8434+22.9892),0.0
CCC[N+]1(C)CCCC1.[I-],29276.0,C8H18IN,255.1397 (128.2347+126.9050),0.0
CCn1cc[n+](C)c1.[I-],29137.0,C6H11IN2,238.0694 (111.1644+126.9050),0.0
CCCn1cc[n+](C)c1.[I-],29063.0,C7H13IN2,252.0960 (125.1910+126.9050),0.0
CCCC[n+]1cccc(C)c1.[I-],29113.0,C10H16IN,277.1452 (150.2402+126.9050),0.0
CCCC[n+]1ccccc1C.[I-],29070.0,C10H16IN,277.1452 (150.2402+126.9050),0.0
CCCC[n+]1ccccc1.[I-],29325.0,C9H14IN,263.1186 (136.2136+126.9050),0.0
[I-].[K+],14836.0,IK,166.0028 (39.0978+126.9050),0.0
O=S(=O)([O-])OOS(=O)(=O)[O-].[K+].[K+],9690.0,K2O8S2,270.3218 (192.1263+39.0978+39.0978),0.0
O=[N+]([O-])[O-].[K+],9692.0,KNO3,101.1032 (62.0054+39.0978),0.0
C/C=C/C=C/C(=O)[O-].[K+],7835.0,C6H7KO2,150.2169 (111.1191+39.0978),0.0
CCCCC(CC)C(=O)[O-].[K+],7525.0,C8H15KO2,182.3018 (143.2040+39.0978),0.0
O=C([O-])Cc1cccc2ccccc12.[K+],14833.0,C12H9KO2,224.2970 (185.1992+39.0978),0.0
CC(=O)[O-].[K+],7043.0,C2H3KO2,98.1423 (59.0446+39.0978),0.0
O=C[O-].[K+],9626.0,CHKO2,84.1157 (45.0180+39.0978),0.0
[K+].[O-][Cl+2]([O-])[O-],27448.0,ClKO3,122.5495 (83.4517+39.0978),0.0
O=N[O-].[K+],22320.0,KNO2,85.1038 (39.0978+46.0060),0.0
O=S(=O)([O-])c1ccc2cc(O)ccc2c1.[K+],9201.0,C10H7KO4S,262.3235 (223.2257+39.0978),0.0
O=S(=O)([O-])c1ccc2cc(O)ccc2c1.[K+],9201.0,C10H7KO4S,262.3235 (223.2257+39.0978),0.0
N#C[S-].[K+],9619.0,CKNS,97.1807 (58.0829+39.0978),0.0
O=c1nc([O-])n(Cl)c(=O)n1Cl.[K+],6178.0,C3Cl2KN3O3,236.0547 (196.9569+39.0978),0.0
O=C([O-])[C@H](O)[C@@H](O)[C@H](O)[C@H](O)CO.[K+],9617.0,C6H11KO7,234.2456 (195.1479+39.0978),0.0
O=C1[N-]C(=O)c2ccccc21.[K+],7358.0,C8H4KNO2,185.2212 (146.1234+39.0978),0.0
[Br-].[Na+],14903.0,BrNa,102.8938 (22.9892+79.9045),0.0
O=P([O-])(O)OP(=O)([O-])O.[Na+].[Na+],8842.0,H2Na2O7P2,221.9387 (175.9603+22.9892+22.9892),0.0
O=C1/C(=C2\Nc3ccc(S(=O)(=O)[O-])cc3C2=O)Nc2ccc(S(=O)(=O)[O-])cc21.[Na+].[Na+],190.0,C16H8N2Na2O8S2,466.3529 (22.9892+22.9892+420.3744),0.0
O=S(=O)([O-])c1ccc2cc(O)c(S(=O)(=O)[O-])cc2c1.[Na+].[Na+],24543.0,C10H6Na2O7S2,348.2600 (302.2815+22.9892+22.9892),0.0
CC1=NN(c2cc(Cl)c(S(=O)(=O)[O-])cc2Cl)C(=O)C1/N=N/c1ccc(S(=O)(=O)[O-])cc1.[Na+].[Na+],21719.0,C16H10Cl2N4Na2O7S2,551.2887 (505.3103+22.9892+22.9892),0.0
Cc1cc(C(=C2C=CC(=Nc3ccc(S(=O)(=O)[O-])cc3S(=O)(=O)O)C=C2)c2ccc(Nc3ccc(S(=O)(=O)[O-])cc3)cc2)ccc1N.[Na+].[Na+],24904.0,C32H25N3Na2O9S3,737.7301 (22.9892+22.9892+691.7517),0.0
Cc1cc(C)c(/N=N/c2c(O)c(S(=O)(=O)[O-])cc3cc(S(=O)(=O)[O-])ccc23)cc1C.[Na+].[Na+],1231.0,C19H16N2Na2O7S2,494.4491 (448.4706+22.9892+22.9892),0.0
F[Si-2](F)(F)(F)(F)F.[Na+].[Na+],16933.0,F6Na2Si,188.0555 (22.9892+22.9892+142.0770),0.0
CC1(C)S[C@@H]2[C@H](NC(=O)[C@@H](c3ccccc3)S(=O)(=O)[O-])C(=O)N2[C@H]1C(=O)[O-].[Na+].[Na+],28544.0,C16H16N2Na2O7S2,458.4170 (412.4385+22.9892+22.9892),0.0
O=[N+]([O-])c1ccc(C=Cc2ccc([N+](=O)[O-])cc2S(=O)(=O)[O-])c(S(=O)(=O)[O-])c1.[Na+].[Na+],7542.0,C14H8N2Na2O10S2,474.3303 (428.3518+22.9892+22.9892),0.0
O=[N+]([O-])c1ccc(C=Cc2ccc([N+](=O)[O-])cc2S(=O)(=O)[O-])c(S(=O)(=O)[O-])c1.[Na+].[Na+],7542.0,C14H8N2Na2O10S2,474.3303 (428.3518+22.9892+22.9892),0.0
O=[N+]([O-])[O-].[Na+],937.0,NNaO3,84.9947 (62.0054+22.9892),0.0
COc1cc(OC)nc(Sc2cccc(Cl)c2C(=O)[O-])n1.[Na+],12673.0,C13H10ClN2NaO4S,348.7373 (325.7480+22.9892),0.0
O=C([O-])CCl.[Na+],7550.0,C2H2ClNaO2,116.4788 (93.4896+22.9892),0.0
O=C([O-])CF.[Na+],4311.0,C2H2FNaO2,100.0243 (77.0350+22.9892),0.0
CC(=O)[O-].[Na+],7044.0,C2H3NaO2,82.0338 (59.0446+22.9892),0.0
[Na+].[O-][Cl+2]([O-])[O-],6025.0,ClNaO3,106.4410 (83.4517+22.9892),0.0
[Na+].[O-][Cl+][O-],1272.0,ClNaO2,90.4416 (67.4523+22.9892),0.0
O=N[O-].[Na+],941.0,NNaO2,68.9953 (46.0060+22.9892),0.0
C=CS(=O)(=O)[O-].[Na+],7513.0,C2H3NaO3S,130.0982 (107.1090+22.9892),0.0
O=S(=O)([O-])c1ccc2cc(O)ccc2c1.[Na+],9166.0,C10H7NaO4S,246.2149 (223.2257+22.9892),0.0
O=S(=O)([O-])c1ccc2ccccc2c1.[Na+],21442.0,C10H7NaO3S,230.2155 (207.2263+22.9892),0.0
CCCCc1ccc2cccc(S(=O)(=O)[O-])c2c1.[Na+],21703.0,C14H15NaO3S,286.3219 (263.3326+22.9892),0.0
C=CCS(=O)(=O)[O-].[Na+],21451.0,C3H5NaO3S,144.1248 (121.1355+22.9892),0.0
O=S(=O)([O-])CCO.[Na+],7413.0,C2H5NaO4S,148.1135 (125.1242+22.9892),0.0
Cc1c(N(C)CS(=O)(=O)[O-])c(=O)n(-c2ccccc2)n1C.[Na+],543.0,C13H16N3NaO4S,333.3386 (310.3494+22.9892),0.0
O=S(=O)([O-])CO.[Na+],7328.0,CH3NaO4S,134.0869 (111.0977+22.9892),0.0
COS(=O)(=O)[O-].[Na+],22406.0,CH3NaO4S,134.0869 (111.0977+22.9892),0.0
CCCCCCCCOS(=O)(=O)[O-].[Na+],16226.0,C8H17NaO4S,232.2729 (209.2837+22.9892),0.0
N#C[S-].[Na+],1343.0,CNNaS,81.0722 (58.0829+22.9892),0.0
C=C(C)CS(=O)(=O)[O-].[Na+],24840.0,C4H7NaO3S,158.1513 (135.1621+22.9892),0.0
CC(=O)C(=O)[O-].[Na+],20614.0,C3H3NaO3,110.0439 (22.9892+87.0547),0.0
CC(=O)CC(c1ccccc1)c1c([O-])c2ccccc2oc1=O.[Na+],15010.0,C19H15NaO4,330.3098 (22.9892+307.3205),0.0
CC(C)(CO)[C@@H](O)C(=O)NCCC(=O)[O-].[Na+],27173.0,C9H16NNaO5,241.2168 (218.2276+22.9892),0.0
CC(Cl)(Cl)C(=O)[O-].[Na+],4001.0,C3H3Cl2NaO2,164.9505 (141.9613+22.9892),0.0
CCC1(CC)C(=O)N=C([O-])NC1=O.[Na+],128.0,C8H11N2NaO3,206.1743 (183.1851+22.9892),0.0
O=C([O-])C(Cl)(Cl)Cl.[Na+],14924.0,C2Cl3NaO2,185.3690 (162.3797+22.9892),0.0
O=C([O-])C(Cl)Cl.[Na+],17207.0,C2HCl2NaO2,150.9239 (22.9892+127.9347),0.0
O=C([O-])c1cc(Oc2ccc(C(F)(F)F)cc2Cl)ccc1[N+](=O)[O-].[Na+],3853.0,C14H6ClF3NNaO5,383.6391 (360.6499+22.9892),0.0
O=c1[n-]c(=O)n(Cl)c(=O)n1Cl.[Na+],4994.0,C3Cl2N3NaO3,219.9462 (196.9569+22.9892),0.0
COc1cc(OC)nc(Oc2cccc(Oc3nc(OC)cc(OC)n3)c2C(=O)[O-])n1.[Na+],14383.0,C19H17N4NaO8,452.3500 (429.3608+22.9892),0.0
COc1nn(C(=O)[N-]S(=O)(=O)c2ccccc2OC(F)(F)F)c(=O)n1C.[Na+],14614.0,C12H10F3N4NaO6S,418.2810 (395.2918+22.9892),0.0
F[B-](F)(F)F.[Na+],1477.0,BF4Na,109.7944 (86.8052+22.9892),0.0
F[B-](F)(F)F.[Na+],1477.0,BF4Na,109.7944 (86.8052+22.9892),0.0
N#C[N-]C#N.[Na+],29364.0,C2N3Na,89.0313 (66.0420+22.9892),0.0
O.O.O=c1nc([O-])n(Cl)c(=O)n1Cl.[Na+],9761.0,C3H4Cl2N3NaO5,255.9767 (18.0153+18.0153+196.9569+22.9892),0.0
O.O=C1[N-]S(=O)(=O)c2ccccc21.[Na+],1992.0,C7H6NNaO4S,223.1816 (182.1771+22.9892+18.0153),0.0
CCCCCCCCCCCC(=O)N(C)CC(=O)[O-].[Na+],7066.0,C15H28NNaO3,293.3775 (270.3883+22.9892),0.0
O=C(CC(C(=O)OC1CCCCC1)S(=O)(=O)[O-])OC1CCCCC1.[Na+],7826.0,C16H25NaO7S,384.4203 (361.4310+22.9892),0.0
CCOC(=O)CC([O-])C(=O)OCC.[Na+],8010.0,C8H13NaO5,212.1756 (22.9892+189.1864),0.0
CCCCC(CC)COS(=O)(=O)[O-].[Na+],6033.0,C8H17NaO4S,232.2729 (209.2837+22.9892),0.0
O=C([O-])C1=NN(c2ccc(S(=O)(=O)O)cc2)C(=O)C1.[Na+],24684.0,C10H7N2NaO6S,306.2271 (283.2379+22.9892),0.0
O=S(=O)([O-])CCN1CCN(CCO)CC1.[Na+],24458.0,C8H17N2NaO4S,260.2863 (237.2971+22.9892),0.0
O=C([O-])CC(O)(CC(=O)O)C(=O)[O-].[NH4+].[NH4+],79.0,C6H14N2O7,226.1846 (190.1087+18.0379+18.0379),0.0
O=S(=O)([O-])OOS(=O)(=O)[O-].[NH4+].[NH4+],9691.0,H8N2O8S2,228.2021 (192.1263+18.0379+18.0379),0.0
NC(=O)[O-].[NH4+],7360.0,CH6N2O2,78.0705 (60.0326+18.0379),0.0
[NH4+].[O-][Cl+3]([O-])([O-])[O-],4515.0,H4ClNO4,117.4891 (99.4511+18.0379),0.0
[NH4+].[O-][Cl+3]([O-])([O-])[O-],4515.0,H4ClNO4,117.4891 (99.4511+18.0379),0.0
NS(=O)(=O)[O-].[NH4+],3875.0,H6N2O3S,114.1242 (96.0863+18.0379),0.0
N#C[S-].[NH4+],9653.0,CH4N2S,76.1209 (58.0829+18.0379),0.0
CC(C)(CO)[N+](=O)[O-],6436.0,C4H9NO3,119.1192,0.0
O=[N+]([O-])c1ccc2[nH]cnc2c1,965.0,C7H5N3O2,163.1335,0.0
Cc1nc([N+](=O)[O-])cn1-c1ccc([N+](=O)[O-])cc1,28752.0,C10H8N4O4,248.1949,0.0
O=C1NC(=O)c2cc([N+](=O)[O-])ccc21,5776.0,C8H4N2O4,192.1284,0.0
O=C1OC(=O)c2cc([N+](=O)[O-])ccc21,5775.0,C8H3NO5,193.1131,0.0
O=[N+]([O-])c1ccc2ncccc2c1,984.0,C9H6N2O2,174.1561,0.0
O=[N+]([O-])c1cccc2cccnc12,985.0,C9H6N2O2,174.1561,0.0
CCC[N+](=O)[O-],980.0,C3H7NO2,89.0932,0.0
CCC[N+](=O)[O-],980.0,C3H7NO2,89.0932,0.0
CCCC[N+](=O)[O-],967.0,C4H9NO2,103.1198,0.0
C[N+](=O)[O-],977.0,CH3NO2,61.04,0.0
C[NH+](C)CCC(c1ccccc1)c1cccc[nH+]1.O=C([O-])/C=C\C(=O)[O-],5866.0,C20H24N2O4,356.4156 (242.3582+114.0574),0.0
CCCC[P+](CC)(CCCC)CCCC.CCOP(=O)([O-])OCC,29100.0,C18H42O4P2,384.4712 (231.3771+153.0941),0.0
C[N+](C)(C)C.[OH-],9108.0,C4H13NO,91.1521 (74.1442+17.0079),0.0
C[N+](C)(C)CCO.[OH-],27467.0,C5H15NO2,121.1781 (104.1702+17.0079),0.0
[Cl-].[Cl-].[SnH2+2],1351.0,Cl2Sn,189.6160 (118.7089+35.4535+35.4535),0.0
Br.CCCN1C=CN(C)C1,29320.0,C7H15BrN2,207.1114 (126.1995+80.9119),0.0
Br.CCN1C=CN(C)C1C,29340.0,C7H15BrN2,207.1114 (126.1995+80.9119),0.0
Br.CCCCN1C=CN(C)C1,29321.0,C8H17BrN2,221.1380 (140.2260+80.9119),0.0
Br.CN1[C@@H]2C[C@@H](OC(=O)[C@H](CO)c3ccccc3)C[C@H]1[C@@H]1O[C@@H]12,12029.0,C17H22BrNO4,384.2649 (303.3529+80.9119),0.0
O=C(O)C(Br)(Br)Br,1668.0,C2HBr3O2,296.7401,0.0
BrC(Br)Br,1374.0,CHBr3,252.7306,0.0
O=C(O)C(Br)Br,3815.0,C2H2Br2O2,217.8441,0.0
O=C(O)C(Br)Br,3815.0,C2H2Br2O2,217.8441,0.0
CC(C)Br,10197.0,C3H7Br,122.9917,0.0
CCC(C)Br,1499.0,C4H9Br,137.0183,0.0
ClC(Cl)(Cl)Br,3930.0,CBrCl3,198.2737,0.0
Brc1cc(Oc2cc(Br)c(Br)c(Br)c2Br)c(Br)c(Br)c1Br,4236.0,C12H2Br8O,801.3757,0.0
CC(C)(c1cc(Br)c(OCC(Br)CBr)c(Br)c1)c1cc(Br)c(OCC(Br)CBr)c(Br)c1,12129.0,C21H20Br8O2,943.6143,0.0
Brc1ccc(-c2ccccc2)cc1,4640.0,C12H9Br,233.1039,0.0
Brc1ccc(Oc2ccc(Br)cc2)cc1,4015.0,C12H8Br2O,327.9993,0.0
Brc1ccc(Oc2ccccc2)cc1,3927.0,C12H9BrO,249.1033,0.0
BrCBr,1557.0,CH2Br2,173.8346,0.0
CCBr,199.0,C2H5Br,108.9651,0.0
N#CCBr,1496.0,C2H2BrN,119.948,0.0
CCCBr,1874.0,C3H7Br,122.9917,0.0
BrCCCBr,1902.0,C3H6Br2,201.8877,0.0
BrCCCCBr,24364.0,C4H8Br2,215.9143,0.0
CCCCCBr,28474.0,C5H11Br,151.0448,0.0
BrCCCCCBr,29354.0,C5H10Br2,229.9409,0.0
CCCCCCBr,1929.0,C6H13Br,165.0714,0.0
CCCCCCCCBr,1938.0,C8H17Br,193.1246,0.0
CCCCCCCCCCCCCCCCBr,29356.0,C16H33Br,305.3372,0.0
ClCCBr,4775.0,C2H4BrCl,143.4102,0.0
OCCCBr,4657.0,C3H7BrO,138.9911,0.0
C#CC(O)C(CC)CCCC,24697.0,C10H18O,154.2493,0.0
C#CC1(O)CCCCC1,1757.0,C8H12O,124.1803,0.0
C#CCO,1883.0,C3H4O,56.0633,0.0
c1ccc(CCc2ccccc2)cc1,21668.0,C14H14,182.261,0.0
c1ccc(COCc2ccccc2)cc1,5819.0,C14H14O,198.2604,0.0
CC(C)=CC=O,9606.0,C5H8O,84.1164,0.0
CC(=O)CCC=C(C)C,1629.0,C8H14O,126.1962,0.0
CC(=O)CCC=C(C)C,1629.0,C8H14O,126.1962,0.0
CC(C)=CCO,7206.0,C5H10O,86.1323,0.0
CCC(C)=NO,1821.0,C4H9NO,87.1204,0.0
CCC(C)=NO,1821.0,C4H9NO,87.1204,0.0
CC1(C)[C@H]2CC[C@]1(C)[C@H](O)C2,2035.0,C10H18O,154.2493,0.0
CC1(C)[C@H]2CC[C@](C)(C2)[C@H]1O,24307.0,C10H18O,154.2493,0.0
C=C1[C@H]2CC[C@@H]3[C@H]2C(C)(C)CCC[C@]13C,27045.0,C15H24,204.3511,0.0
CC1(C)[C@@H]2CC[C@@]1(C)[C@H](O)C2,22060.0,C10H18O,154.2493,0.0
C/C=C(\C)C=O,29264.0,C5H8O,84.1164,0.0
CC(C)[C@]12CC(=O)[C@H](C)[C@H]1C2,6148.0,C10H16O,152.2334,0.0
COP(=O)([O-])OC.Cn1cc[n+](C)c1,27946.0,C7H15N2O4P,222.1788 (97.1378+125.0410),0.0
CCn1cc[n+](C)c1.Cc1ccc(S(=O)(=O)[O-])cc1,29126.0,C13H18N2O3S,282.3586 (171.1942+111.1644),0.0
CCn1cc[n+](C)c1.O=S(=O)([O-])O,29156.0,C6H12N2O4S,208.2355 (111.1644+97.0711),0.0
CCOS(=O)(=O)[O-].CCn1cc[n+](C)c1,29130.0,C8H16N2O4S,236.2886 (111.1644+125.1242),0.0
CCn1cc[n+](C)c1.N#CN=C=[N-],27940.0,C8H11N5,177.2064 (111.1644+66.0420),0.0
CCn1cc[n+](C)c1C.F[P-](F)(F)(F)(F)F,29120.0,C7H13F6N2P,270.1557 (125.1910+144.9647),0.0
CCn1cc[n+](C)c1C.O=S(=O)([O-])C(F)(F)F,29089.0,C8H13F3N2O3S,274.2606 (125.1910+149.0697),0.0
CCCn1cc[n+](C)c1.F[P-](F)(F)(F)(F)F,29102.0,C7H13F6N2P,270.1557 (125.1910+144.9647),0.0
C[Si](C)(C)Cl,4822.0,C3H9ClSi,108.6421,0.0
C[Si](C)(C)N[Si](C)(C)C,5395.0,C6H19NSi2,161.3928,0.0
C[Si](C)(C)O[Si](C)(C)C,6769.0,C6H18OSi2,162.3775,0.0
C[SiH](O[Si](C)(C)C)O[Si](C)(C)C,18795.0,C7H22O2Si3,222.5049,0.0
C=C[Si](C)(C)O[Si](C)(C)C=C,18810.0,C8H18OSi2,186.3989,0.0
CO[Si](C)(C)OC,22379.0,C4H12O2Si,120.2224,0.0
C[Si]1(C)O[Si](C)(C)O[Si](C)(C)O[Si](C)(C)O[Si](C)(C)O1,7184.0,C10H30O5Si5,370.7697,0.0
C[Si]1(C)O[Si](C)(C)O[Si](C)(C)O1,7185.0,C6H18O3Si3,222.4618,0.0
[CH3][Sn]([Cl])([Cl])[Cl],7346.0,CH3Cl3Sn,240.1035,0.0
CNC(=O)ON=C(C)SC,2267.0,C5H10N2O2S,162.2101,0.0
CC(C)=CC(=O)C=C(C)C,1584.0,C9H14O,138.2069,0.0
CC(C)=CC(=O)O,27145.0,C5H8O2,100.1158,0.0
CC(C)=CCC[C@H](C)CCO,21550.0,C10H20O,156.2652,0.0
CC(=O)OC/C=C(/C)CCC=C(C)C,27068.0,C12H20O2,196.286,0.0
CC(C)=CCC/C(C)=C/CO,6727.0,C10H18O,154.2493,0.0
C/C=C(\C)C(=O)OC/C=C(\C)CCC=C(C)C,27413.0,C15H24O2,236.3499,0.0
CCCC(=O)OC/C=C(\C)CCC=C(C)C,27152.0,C14H24O2,224.3392,0.0
CC(=O)OC/C=C(\C)CCC=C(C)C,654.0,C12H20O2,196.286,0.0
CC(C)=CCC/C(C)=C/COC=O,27614.0,C11H18O2,182.2594,0.0
CC(C)=CCCC(C)CCO,6726.0,C10H20O,156.2652,0.0
CC(C)=CCCC(C)CCO,6726.0,C10H20O,156.2652,0.0
CC=C(C)C(=O)OCCC(C)CCC=C(C)C,27556.0,C15H26O2,238.3657,0.0
C/C=C(\C)C(C)=O,21490.0,C6H10O,98.143,0.0
C/C=C/C=C/C(=O)O,1277.0,C6H8O2,112.1265,0.0
C1=CC2C3C=CC(C3)C2C1,5023.0,C10H12,132.2023,0.0
C=C(C)C(=O)O,5542.0,C4H6O2,86.0892,0.0
C=C(C)C(=O)O[C@@H]1C[C@H]2CC[C@]1(C)C2(C)C,7653.0,C14H22O2,222.3233,0.0
C=C(C)C(=O)OC,844.0,C5H8O2,100.1158,0.0
C=C(C)C(=O)OCC,5308.0,C6H10O2,114.1424,0.0
C=C(C)C(=O)OCCCCCCCCCCCC,7103.0,C16H30O2,254.4082,0.0
C=C(C)C(=O)OCCCCCCCCCCOC(=O)C(=C)C,24972.0,C18H30O4,310.4284,0.0
C=C(C)C(=O)OCCO,2128.0,C6H10O3,130.1418,0.0
C=C(C)C(N)=O,9600.0,C4H7NO,85.1045,0.0
C=C(C)C(N)=O,9600.0,C4H7NO,85.1045,0.0
C=C(C)CC(C)(C)C,6765.0,C8H16,112.2126,0.0
C=C(C)CC(C)(C)C,6765.0,C8H16,112.2126,0.0
C=C(C)CNCC,7798.0,C6H13N,99.1741,0.0
C=C(C)OC(C)=O,11492.0,C5H8O2,100.1158,0.0
C=C(Cl)Cl,1438.0,C2H2Cl2,96.9433,0.0
C=C[C@@H](C)CCC=C(C)C,27236.0,C10H18,138.2499,0.0
C=C[Si](OC)(OC)OC,9240.0,C5H12O3Si,148.2325,0.0
C=C1CC/C=C(\C)CC[C@@H]2[C@@H]1CC2(C)C,4739.0,C15H24,204.3511,0.0
C=CC#N,29.0,C3H3N,53.0626,0.0
C=CC#N,29.0,C3H3N,53.0626,0.0
C=CC(=C)CCCC(C)(C)OC(C)=O,27416.0,C12H20O2,196.286,0.0
C=CC(=O)CCCCC,27162.0,C8H14O,126.1962,0.0
C=CC(=O)NC(C)(C)CC(C)=O,4916.0,C9H15NO2,169.2209,0.0
C=CC(=O)OC(C)(C)C,9652.0,C7H12O2,128.169,0.0
C=CC(=O)OCCCC,4676.0,C7H12O2,128.169,0.0
C=CC(C)CCC=C(C)C,9234.0,C10H18,138.2499,0.0
C=CC(N)=O,27.0,C3H5NO,71.0779,0.0
C=CCc1ccc2c(c1)OCO2,1254.0,C10H10O2,162.1852,0.0
C=CCc1ccc2c(c1)OCO2,1254.0,C10H10O2,162.1852,0.0
C=CCCC#N,7228.0,C5H7N,81.1158,0.0
C=CCCCCCCCCCCC,9235.0,C13H26,182.3455,0.0
C=CCn1c(=O)n(CC=C)c(=O)n(CC=C)c1=O,6175.0,C12H15N3O3,249.2658,0.0
C=CCNCC=C,4918.0,C6H11N,97.1582,0.0
C=CCNCC=C,4918.0,C6H11N,97.1582,0.0
C=CCOc1nc(OCC=C)nc(OCC=C)n1,17754.0,C12H15N3O3,249.2658,0.0
C=CCOCC(CC)(CO)COCC=C,24976.0,C12H22O3,214.3013,0.0
C=COCC1CCC(COC=C)CC1,24604.0,C12H20O2,196.286,0.0
C=COCCCCO,24854.0,C6H12O2,116.1583,0.0
C=COCCOCCOC=C,24985.0,C8H14O3,158.195,0.0
C1=CCC=C1,7191.0,C5H6,66.1011,0.0
C1=C\CC/C=C\CC/1,6888.0,C8H12,108.1809,0.0
C1=CCC(c2ccccc2)CC1,27176.0,C12H14,158.2396,0.0
c1cc2c3c(cccc3c1)CC2,1774.0,C12H10,154.2078,0.0
c1ccc2c(c1)Oc1ccccc1O2,410.0,C12H8O2,184.1907,0.0
c1ccc2c(c1)Cc1ccccc1-2,4105.0,C13H10,166.2185,0.0
c1ccc2ccccc2c1,913.0,C10H8,128.1705,0.0
c1ccc2ccccc2c1,913.0,C10H8,128.1705,0.0
c1ccc2ncccc2c1,1798.0,C9H7N,129.1586,0.0
c1ccc2[nH]cnc2c1,4573.0,C7H6N2,118.1359,0.0
c1ccc2[nH]cnc2c1,4573.0,C7H6N2,118.1359,0.0
c1ccc2c(c1)oc1ccccc12,1993.0,C12H8O,168.1913,0.0
c1ccc2scnc2c1,4586.0,C7H5NS,135.1863,0.0
c1ccc(Cc2ccccc2)cc1,21891.0,C13H12,168.2344,0.0
C1CCCNCCC1,680.0,C7H15N,113.2007,0.0
c1ccncc1,1924.0,C5H5N,79.0999,0.0
c1c[nH]cn1,9616.0,C3H4N2,68.0773,0.0
C1COCCO1,533.0,C4H8O2,88.1051,0.0
C1CS1,29371.0,C2H4S,60.1182,0.0
c1cnc2c(n1)CCCC2,27678.0,C8H10N2,134.1784,0.0
C1C[C@@H]2[C@@H]3CC[C@H](C3)[C@@H]2C1,9244.0,C10H16,136.234,0.0
c1coc(Cn2cccc2)c1,27663.0,C9H9NO,147.1739,0.0
C1CCC2(CCCCO2)OC1,20735.0,C9H16O2,156.2221,0.0
CC#N,9.0,C2H3N,41.0519,0.0
C=C(C)[C@@H]1CC[C@@H](C)C[C@@H]1O,27116.0,C10H18O,154.2493,0.0
C=C(C)C(=O)OCC(C)O,5934.0,C7H12O3,144.1684,0.0
C=C(C)C(=O)OCC1CO1,5361.0,C7H10O3,142.1525,0.0
C=C(C)C1CC=C(C)C(O)C1,4736.0,C10H16O,152.2334,0.0
C=C(C)CCC[C@H](C)CCO,27193.0,C10H20O,156.2652,0.0
CC(=O)C(=O)CC(C)C,29071.0,C7H12O2,128.169,0.0
CCCC(=O)C(C)=O,27066.0,C6H10O2,114.1424,0.0
CC(=O)C(C)=O,1583.0,C4H6O2,86.0892,0.0
CC(=O)C(C)O,4399.0,C4H8O2,88.1051,0.0
CC(=O)c1ccccn1,4409.0,C7H7NO,121.1366,0.0
CC(=O)c1ccccn1,4409.0,C7H7NO,121.1366,0.0
CC(=O)c1cnccn1,27085.0,C6H6N2O,122.1246,0.0
CC(=O)c1nccs1,10162.0,C5H5NOS,127.1643,0.0
CC(=O)c1nccs1,10162.0,C5H5NOS,127.1643,0.0
CC(=O)C1(C)CC2=C(CCCC2(C)C)CC1C,11290.0,C16H26O,234.377,0.0
CCC(C)=O,1516.0,C4H8O,72.1057,0.0
COC(=O)CC(C)=O,6716.0,C5H8O3,116.1152,0.0
CC(=O)CC(C)(C)C1CCCCC1,27682.0,C12H22O,182.3025,0.0
CC(=O)CC(C)(C)O,4917.0,C6H12O2,116.1583,0.0
COC(C)(C)CC(C)=O,5557.0,C7H14O2,130.1849,0.0
CC(=O)CC(C)=O,1979.0,C5H8O2,100.1158,0.0
CC(=O)CC(c1ccccc1)c1c(O)c2ccccc2oc1=O,3742.0,C19H16O4,308.3279,0.0
CC(=O)CC(c1ccccc1)c1c(O)c2ccccc2oc1=O,3742.0,C19H16O4,308.3279,0.0
CC(=O)CCC(=O)O,1648.0,C5H8O3,116.1152,0.0
CC(=O)CCC(C)=O,10138.0,C6H10O2,114.1424,0.0
CC(=O)CCc1ccc2c(c1)OCO2,27161.0,C11H12O3,192.2112,0.0
CCCCCC(C)=O,1916.0,C7H14O,114.1855,0.0
CCCCCCCCCC(C)=O,1943.0,C11H22O,170.2918,0.0
CC(=O)CCl,1547.0,C3H5ClO,92.5242,0.0
CNC(C)=O,27167.0,C3H7NO,73.0938,0.0
CC(=O)O,4394.0,C2H4O2,60.052,0.0
CC(=O)O[C@@H]1CC2CCC1(C)C2(C)C,21675.0,C12H20O2,196.286,0.0
CC(=O)OC(C)(C)C,2055.0,C6H12O2,116.1583,0.0
CC(=O)OC(C)(C)C1CC=C(C)CC1,6496.0,C12H20O2,196.286,0.0
CC(=O)OC(C)=O,4395.0,C4H6O3,102.0886,0.0
CC(=O)OC(C)OC(C)=O,7188.0,C6H10O4,146.1412,0.0
CC(=O)OCC=C(C)C,27128.0,C7H12O2,128.169,0.0
CC(=O)OC1C2(C)CCC(C2)C1(C)C,27197.0,C12H20O2,196.286,0.0
CC(=O)OCc1ccc2c(c1)OCO2,5925.0,C10H10O4,194.184,0.0
CCCOC(C)=O,1901.0,C5H10O2,102.1317,0.0
CC(=O)OCCC1CCCCC1,27188.0,C10H18O2,170.2487,0.0
CCCCOC(C)=O,1982.0,C6H12O2,116.1583,0.0
CCCCCCCCCOC(C)=O,27123.0,C11H22O2,186.2912,0.0
C=CCCCCCCCCOC(C)=O,27125.0,C12H22O2,198.3019,0.0
CCCCCCCCCCOC(C)=O,27189.0,C12H24O2,200.3178,0.0
CC/C=C\CCCCCCCCCCOC(C)=O,15266.0,C16H30O2,254.4082,0.0
CC/C=C/CCCCCCCCCCOC(C)=O,15286.0,C16H30O2,254.4082,0.0
CC(=O)OCCOC(C)=O,6880.0,C6H10O4,146.1412,0.0
CCOCCOC(C)=O,1928.0,C6H12O3,132.1577,0.0
CNC(=O)O/N=C/C(C)(C)S(C)=O,13161.0,C7H14N2O3S,206.2627,0.0
CNC(=O)ON=CC(C)(C)SC,39.0,C7H14N2O2S,190.2633,0.0
CC(C)(C)C(=O)C(=O)O,7314.0,C6H10O3,130.1418,0.0
CC(C)(C)C(=O)C(Cl)Cl,7822.0,C6H10Cl2O,169.049,0.0
COC(=O)CC(=O)C(C)(C)C,22149.0,C8H14O3,158.195,0.0
CC(C)(C)C(=O)CCl,7749.0,C6H11ClO,134.6039,0.0
CC(C)(C)C(=O)CCl,7749.0,C6H11ClO,134.6039,0.0
COC(=O)C(C)(C)C,7234.0,C6H12O2,116.1583,0.0
CCOC(=O)C(C)(C)C,29150.0,C7H14O2,130.1849,0.0
CC(=O)C(C)(C)C,1752.0,C6H12O,100.1589,0.0
Cc1cc(CCC(=O)OCCOCCOCCOC(=O)CCc2cc(C)c(O)c(C(C)(C)C)c2)cc(C(C)(C)C)c1O,24236.0,C34H50O8,586.756,0.0
CC(C)(C)c1cc(Cc2cc(C(C)(C)C)c(O)c(C(C)(C)C)c2)cc(C(C)(C)C)c1O,2411.0,C29H44O2,424.6585,0.0
CC(C)(C)c1ccc(CCOc2ncnc3ccccc23)cc1,20476.0,C20H22N2O,306.4015,0.0
CC(C)(C)C1CCC(O)CC1,6623.0,C10H20O,156.2652,0.0
CC(C)(C)CC(C)(C)c1ccc(Nc2ccc(C(C)(C)CC(C)(C)C)cc2)cc1,9310.0,C28H43N,393.6477,0.0
CC(C)(C)CC(C)(C)N,1886.0,C8H19N,129.2432,0.0
CC(CCO)CC(C)(C)C,9661.0,C9H20O,144.2545,0.0
CC(C)(C)Cl,3937.0,C4H9Cl,92.5673,0.0
CC(C)(C)N,4681.0,C4H11N,73.1368,0.0
CC(C)(C)NC(N)=O,24365.0,C5H12N2O,116.1616,0.0
CC(C)(C)NCCO,24431.0,C6H15NO,117.1894,0.0
C=C(C)C(=O)OCCNC(C)(C)C,24931.0,C10H19NO2,185.2634,0.0
COC(C)(C)C,833.0,C5H12O,88.1482,0.0
CC(C)(C)OC(=O)N1C[C@@H](F)C[C@H]1C(=O)O,29098.0,C10H16FNO4,233.2367,0.0
CC(C)(C)S,6418.0,C4H10S,90.1872,0.0
CC(C)(c1ccccc1)c1cc(-n2nc3ccccc3n2)c(O)c(C(C)(C)c2ccccc2)c1,8985.0,C30H29N3O,447.5708,0.0
CC(C)(CC(=O)O)C(=O)O,1581.0,C6H10O4,146.1412,0.0
CCC(C)(C)c1cc(-n2nc3ccccc3n2)c(O)c(C(C)(C)CC)c1,7886.0,C22H29N3O,351.4852,0.0
CC(C)(CCC(=O)O)C(=O)O,1585.0,C7H12O4,160.1678,0.0
CC(C)(Cl)Cl,10060.0,C3H6Cl2,112.9857,0.0
CC(C)(CO)COC(=O)C(C)(C)CO,7361.0,C10H20O4,204.2634,0.0
CC(C)(CO)COC(=O)C(C)(C)CO,7361.0,C10H20O4,204.2634,0.0
CSc1ccc(C(=O)C(C)(C)N2CCOCC2)cc1,18857.0,C15H21NO2S,279.3977,0.0
C=CC(C)CCCC(C)(C)O,9317.0,C10H20O,156.2652,0.0
COC(C)(C)OC,6441.0,C5H12O2,104.1476,0.0
CCCCCCC(C)(C)S,7868.0,C9H20S,160.3201,0.0
CC(C)[C@@H]1CC[C@@H](C)C[C@H]1O,2180.0,C10H20O,156.2652,0.0
CC(C)[C@@H]1CC[C@@H](C)C[C@H]1O,2180.0,C10H20O,156.2652,0.0
CC(C)[C@@H]1CC[C@@H](C)C[C@H]1O,2180.0,C10H20O,156.2652,0.0
CC(=O)S[C@H](C(=O)N[C@H]1Cc2ccccc2[C@H]2CCC[C@@H](C(=O)O)N2C1=O)C(C)C,27356.0,C22H28N2O5S,432.5331,0.0
CC(C)[C@H]1CC[C@@H](C)CC1=O,24475.0,C10H18O,154.2493,0.0
CC(C)[C@H]1CC[C@H](C)C[C@@H]1O,9733.0,C10H20O,156.2652,0.0
CC(C)[N+](=O)[O-],981.0,C3H7NO2,89.0932,0.0
CC(C)C#N,6461.0,C4H7N,69.1051,0.0
CC(C)C(=O)OC(=O)C(C)C,6609.0,C8H14O3,158.195,0.0
CC(C)COC(=O)C(C)C,6612.0,C8H16O2,144.2114,0.0
CCC(=O)C1CC(C(C)C)CC=C1C,27422.0,C13H22O,194.3132,0.0
CCNC(=O)C1CC(C)CCC1C(C)C,27039.0,C13H25NO,211.3437,0.0
CC1CCC(C(C)C)C(O)C1,805.0,C10H20O,156.2652,0.0
CC1CCC(C(C)C)C(O)C1,805.0,C10H20O,156.2652,0.0
CC(C)C1OCCN1CCOC(=O)NCCCCCCNC(=O)OCCN1CCOC1C(C)C,24961.0,C24H46N4O6,486.6452,0.0
CC(CC(C)C)=NO,24771.0,C6H13NO,115.1735,0.0
CCOC(=O)CC(C)C,27057.0,C7H14O2,130.1849,0.0
C=CCOC(=O)CC(C)C,48.0,C8H14O2,142.1956,0.0
C=CCOC(=O)CC(C)C,48.0,C8H14O2,142.1956,0.0
CC(C)CC(C)(C)C,4370.0,C8H18,114.2285,0.0
CC(C)CC(C)(N)C#N,24899.0,C7H14N2,126.1995,0.0
CC(C)CC(=O)CC(C)CC(C)C,6998.0,C12H24O,184.3184,0.0
CC(C)CC(C)N,5113.0,C6H15N,101.19,0.0
CC(C)CC(O)CC(C)C,6802.0,C9H20O,144.2545,0.0
CC(C)Cc1nccs1,5653.0,C7H11NS,141.2339,0.0
CCCC(C)C,9143.0,C6H14,86.1754,0.0
CCC(C)(CCC(C)C)C(=O)O,7916.0,C10H20O2,172.2646,0.0
CC(=O)CCC(C)C,1914.0,C7H14O,114.1855,0.0
Cc1c(C)c2c(c(C)c1O)CC[C@@](C)(CCC[C@H](C)CCC[C@H](C)CCCC(C)C)O2,6339.0,C29H50O2,430.7061,0.0
CC(C)CCCC(C)CC=O,24826.0,C10H20O,156.2652,0.0
CC(C)CCCCCCN,24484.0,C9H21N,143.2697,0.0
CC(C)CCCCCCOC(=O)CCCCC(=O)OCCCCCCC(C)C,7982.0,C24H46O4,398.6196,0.0
C=CC(=O)OCCCCCC(C)C,7955.0,C11H20O2,184.2753,0.0
CC(C)CCO,5469.0,C5H12O,88.1482,0.0
CC(C)CCOC(=O)CC(C)C,24757.0,C10H20O2,172.2646,0.0
CCCC(=O)OCCC(C)C,22059.0,C9H18O2,158.238,0.0
CCSC(=O)N(CC(C)C)CC(C)C,3936.0,C11H23NOS,217.3714,0.0
CC(C)CNCC(C)C,5079.0,C8H19N,129.2432,0.0
CC(C)CO,1759.0,C4H10O,74.1216,0.0
CC(C)COC(=O)CCCCC(=O)OCC(C)C,16690.0,C14H26O4,258.3538,0.0
CC(C)CON=O,750.0,C4H9NO2,103.1198,0.0
CC(C)N1C(=O)c2ccccc2NS1(=O)=O,3901.0,C10H12N2O3S,240.2789,0.0
CC(C)N1C(=O)c2ccccc2NS1(=O)=O,3901.0,C10H12N2O3S,240.2789,0.0
CCOP(=S)(OCC)Oc1nc(Cl)n(C(C)C)n1,14676.0,C9H17ClN3O3PS,313.7413,0.0
CC(C)N1C(=O)c2ccccc2C1=O,24644.0,C11H11NO2,189.2105,0.0
C=CC(=O)NC(C)C,13754.0,C6H11NO,113.1576,0.0
CC(C)NC(=O)NC(C)C,24486.0,C7H16N2O,144.2147,0.0
CC(C)OC(=O)CCC(=O)OC(C)C,24740.0,C10H18O4,202.2475,0.0
CCCCCCCCCCCCCCCC(=O)OC(C)C,7104.0,C19H38O2,298.5038,0.0
CC(C)OC(C)C,1890.0,C6H14O,102.1748,0.0
CC(C)OC=O,7258.0,C4H8O2,88.1051,0.0
CC(CN)CC(C)(C)CCN,24894.0,C9H22N2,158.2844,0.0
CCC(C)(C#N)/N=N/C(C)(C#N)CC,7747.0,C10H16N4,192.2608,0.0
CCCC(C)CC,8974.0,C7H16,100.2019,0.0
CCC(C)CO,7069.0,C5H12O,88.1482,0.0
CCC(C)CO,7069.0,C5H12O,88.1482,0.0
CCC(C)COC(=O)CC(C)C,21440.0,C10H20O2,172.2646,0.0
CCC(C)NC(N)=O,7294.0,C5H12N2O,116.1616,0.0
CCC(C)OC(C)CC,7636.0,C8H18O,130.2279,0.0
CC(CCC(=O)O)C(=O)O,1632.0,C6H10O4,146.1412,0.0
CCCC(C)C(=O)O,1633.0,C6H12O2,116.1583,0.0
CCCC(C)C(O)CC,21519.0,C8H18O,130.2279,0.0
CCCCC(C)C(=O)O,24241.0,C7H14O2,130.1849,0.0
CC(CCl)OC(C)CCl,167.0,C6H12Cl2O,171.0649,0.0
CC(Cl)(Cl)[N+](=O)[O-],1638.0,C2H3Cl2NO2,143.9567,0.0
CC(Cl)(Cl)C(=O)O,1575.0,C3H4Cl2O2,142.9687,0.0
CC(Cl)(Cl)C(=O)O,1575.0,C3H4Cl2O2,142.9687,0.0
CC(Cl)(Cl)Cl,1381.0,C2H3Cl3,133.4042,0.0
CC(Cl)C(Cl)Cl,4362.0,C3H5Cl3,147.4308,0.0
CCC(C)Cl,3966.0,C4H9Cl,92.5673,0.0
CC(Cl)CCl,448.0,C3H6Cl2,112.9857,0.0
CC(=O)OCC(C)OC(C)=O,24827.0,C7H12O4,160.1678,0.0
CC(N)=O,5.0,C2H5NO,59.0672,0.0
CCC(C)N,2284.0,C4H11N,73.1368,0.0
CC(C)(O)C#CC(C)(C)O,7096.0,C8H14O2,142.1956,0.0
C=CC(C)(O)CCC=C(C)C,5502.0,C10H18O,154.2493,0.0
C=CC(C)(O)CCC=C(C)C,5502.0,C10H18O,154.2493,0.0
COC(=O)C(C)O,7197.0,C4H8O3,104.1045,0.0
CCOC(=O)C(C)O,9127.0,C5H10O3,118.1311,0.0
CCCOC(=O)C(C)O,29290.0,C6H12O3,132.1577,0.0
CC(O)C(CO)C(C)O,21370.0,C6H14O3,134.1736,0.0
CC(O)C1CCCCC1,27643.0,C8H16O,128.212,0.0
CC(O)CC(C)(C)O,1885.0,C6H14O2,118.1742,0.0
CC(O)CC(C)O,12878.0,C5H12O2,104.1476,0.0
CCCCCC(C)O,27158.0,C7H16O,116.2013,0.0
CCCCCCC(C)O,7014.0,C8H18O,130.2279,0.0
CC(O)CCO,6773.0,C4H10O2,90.121,0.0
CC(O)CN,1764.0,C3H9NO,75.1097,0.0
CC(O)CNCC(C)O,179.0,C6H15NO2,133.1888,0.0
CC(O)CO,1206.0,C3H8O2,76.0944,0.0
CC(O)CO,1206.0,C3H8O2,76.0944,0.0
COCC(C)O,4284.0,C4H10O2,90.121,0.0
CCCOCC(C)O,9217.0,C6H14O2,118.1742,0.0
CC(COCC(C)OC(=O)c1ccccc1)OC(=O)c1ccccc1,7921.0,C20H22O5,342.3857,0.0
CC(COCC(C)OC(=O)c1ccccc1)OC(=O)c1ccccc1,7921.0,C20H22O5,342.3857,0.0
CCOC(C)OCC,10607.0,C6H14O2,118.1742,0.0
CC(S)C(C)S,27089.0,C4H10S2,122.2522,0.0
CCC(C)S,21396.0,C4H10S,90.1872,0.0
CC/C=C\CC/C=C/CO,27192.0,C9H16O,140.2227,0.0
CC/C=C\CCCCO,27698.0,C8H16O,128.212,0.0
CC/C=C\CCO,2137.0,C6H12O,100.1589,0.0
CC1=C(C=O)C(C)(C)CC=C1,29357.0,C10H14O,150.2176,0.0
CC1=CC(=O)CCC1,15186.0,C7H10O,110.1537,0.0
CC(=O)/C=C/C1=C(C)CCCC1(C)C,1769.0,C13H20O,192.2973,0.0
CC(=O)C=CC1=C(C)CCCC1(C)C,27952.0,C13H20O,192.2973,0.0
CC1=C(C=O)C(C)(C)CCC1,27142.0,C10H16O,152.2334,0.0
CC1=C(O)C(=O)C(C)O1,21517.0,C6H8O3,128.1259,0.0
CC=CC(=O)O,7544.0,C4H6O2,86.0892,0.0
CC1(C)C(=O)C(C)(C)C1=O,24745.0,C8H12O2,140.1797,0.0
CC1(C)C(=O)NC(=O)NC1=O,509.0,C6H8N2O3,156.1393,0.0
CC1=CC[C@H](CC=O)C1(C)C,24756.0,C10H16O,152.2334,0.0
C[C@H]1C[C@@H](O)CC(C)(C)C1,27570.0,C9H18O,142.2386,0.0
CC1=CC(O)CC(C)(C)C1,27072.0,C9H16O,140.2227,0.0
CCC(=O)/C=C/C1C(C)=CCCC1(C)C,6240.0,C14H22O,206.3239,0.0
CC1(C)SC(C)(C)SC(C)(C)S1,27712.0,C9H18S3,222.4342,0.0
CN1C(=O)CC(C)(c2ccccc2)C1=O,3293.0,C12H13NO2,203.2371,0.0
CCc1cnc(C2=NC(C)(C(C)C)C(=O)N2)c(C(=O)O)c1,4287.0,C15H19N3O3,289.3297,0.0
COCc1cnc(C2=NC(C)(C(C)C)C(=O)N2)c(C(=O)O)c1,14664.0,C15H19N3O4,305.3291,0.0
CC(C)C1(C)N=C(c2ncccc2C(=O)O)NC1=O,14665.0,C13H15N3O3,261.2765,0.0
C=C(C)C1CCC(C)(O)CC1,21209.0,C10H18O,154.2493,0.0
Cc1cc(=O)[nH]o1,12622.0,C4H5NO2,99.088,0.0
C=C(C)[C@H]1CC=C(C)CC1,778.0,C10H16,136.234,0.0
C=C(C)[C@H]1CC=C(C)C(=O)C1,256.0,C10H14O,150.2176,0.0
CC1=CC[C@@]23CC1C(C)(C)[C@@H]2CC[C@H]3C,27032.0,C15H24,204.3511,0.0
C=C(C)[C@@H]1CC=C(C)C(=O)C1,21413.0,C10H14O,150.2176,0.0
CC1=CCC(C(C)C)=CC1,21210.0,C10H16,136.234,0.0
CC1=CCC(C(C)(C)O)CC1,6625.0,C10H18O,154.2493,0.0
CC1=CCC(C(C)(C)O)CC1,6625.0,C10H18O,154.2493,0.0
Cc1cn([C@H]2C[C@H](N=[N+]=[N-])[C@@H](CO)O2)c(=O)[nH]c1=O,127.0,C10H13N5O4,267.2413,0.0
Cc1c[nH]c(=S)[nH]c1=O,5665.0,C5H6N2OS,142.1789,0.0
CCC(C)C1N=C(C)C(C)S1,27156.0,C9H17NS,171.303,0.0
CC1OC1C1CCC2(C)OC2C1,22097.0,C10H16O2,168.2328,0.0
CC1CCC(C(C)(C)S)C(=O)C1,27195.0,C10H18OS,186.3143,0.0
CC1=CC(C)C(C=O)C(C)C1,24541.0,C10H16O,152.2334,0.0
CCCC[n+]1ccc(C)cc1.O=S(=O)([O-])C(F)(F)F,29327.0,C11H16F3NO3S,299.3098 (150.2402+149.0697),0.0
Cc1ccc2cccnc2c1,5657.0,C10H9N,143.1852,0.0
Cc1ccc(-c2ccccc2)cc1,27177.0,C13H12,168.2344,0.0
Cc1ccc(Nc2ccc(O)c3c2C(=O)c2ccccc2C3=O)cc1,6293.0,C21H15NO3,329.3487,0.0
Cc1ccc(S(=O)(=O)NC(=O)NN2CCCCCC2)cc1,1358.0,C14H21N3O3S,311.3998,0.0
CCCC[n+]1cccc(C)c1.F[B-](F)(F)F,29281.0,C10H16BF4N,237.0454 (86.8052+150.2402),0.0
CCCC[n+]1cccc(C)c1.F[P-](F)(F)(F)(F)F,29319.0,C10H16F6NP,295.2049 (150.2402+144.9647),0.0
CCCC[n+]1cccc(C)c1.O=S(=O)([O-])C(F)(F)F,29322.0,C11H16F3NO3S,299.3098 (150.2402+149.0697),0.0
Cc1ccc2c(c1)C(=O)OC2=O,7805.0,C9H6O3,162.1421,0.0
Cc1ccc2c(c1)C(=O)OC2=O,7805.0,C9H6O3,162.1421,0.0
Cc1ccc2ncccc2c1,887.0,C10H9N,143.1852,0.0
Cc1cccc(N)n1,24860.0,C6H8N2,108.1411,0.0
Cc1cccc2[nH]nnc12,6171.0,C7H7N3,133.1506,0.0
Cc1cccc2[nH]nnc12,6171.0,C7H7N3,133.1506,0.0
Cc1cccnc1,1897.0,C6H7N,93.1265,0.0
Cc1ccco1,5611.0,C5H6O,82.1005,0.0
Cc1ccnc(N)c1,24720.0,C6H8N2,108.1411,0.0
CCCCCCCCCCCCCN1CC(C)OC(C)C1,21376.0,C19H39NO,297.5191,0.0
CC1CN1,4286.0,C3H7N,57.0944,0.0
Cc1cnc(C)c(C)n1,27075.0,C7H10N2,122.1677,0.0
CCc1nc(C)c[nH]1,24744.0,C6H10N2,110.157,0.0
Cc1ccc(N)nc1,9220.0,C6H8N2,108.1411,0.0
Cc1c[nH]cn1,5617.0,C4H6N2,82.1038,0.0
Cc1nc(N(C)C)nc(OC(=O)N(C)C)c1C,12569.0,C11H18N4O2,238.2862,0.0
Cc1nc2ccccc2s1,29064.0,C8H7NS,149.2129,0.0
Cc1ncc[nH]1,2107.0,C4H6N2,82.1038,0.0
CC1OC(C)OC(C)O1,3419.0,C6H12O3,132.1577,0.0
CCCC1CCOC(C)S1,27704.0,C8H16OS,160.277,0.0
CC1OCCC1=O,27677.0,C5H8O2,100.1158,0.0
Cc1occc1S,27118.0,C5H6OS,114.1655,1.0
CSSc1ccoc1C,27702.0,C6H8OS2,160.2571,0.0
CC1(C)[C@@H]2CC[C@@]1(C)C(=O)C2,4721.0,C10H16O,152.2334,0.0
C=C1C2CCC(C2)C1(C)C,6488.0,C10H16,136.234,0.0
CC12CCC(CC1=O)C2(C)C,10955.0,C10H16O,152.2334,0.0
CC1=CCC2CC1C2(C)C,6501.0,C10H16,136.234,0.0
CC1CCC2CC1C2(C)C,5922.0,C10H18,138.2499,0.0
C=C1CCC2CC1C2(C)C,7049.0,C10H16,136.234,0.0
CC12CCC(CC1)C(C)(C)O2,616.0,C10H18O,154.2493,0.0
CC12CCC(CC1)C(C)(C)O2,616.0,C10H18O,154.2493,0.0
COc1cc(NS(=O)(=O)c2ccc(N)cc2)nc(C)n1,3616.0,C12H14N4O3S,294.3296,0.0
CC1(C)CCC[C@]2(C)[C@H]3CCO[C@]3(C)CC[C@@H]12,27113.0,C16H28O,236.3929,0.0
CNC(=O)[C@H]1O[C@@H](n2cnc3c(NCc4cc(Cl)ccc4OCc4cc(C)no4)ncnc32)[C@H](O)[C@@H]1N,27305.0,C23H25ClN8O5,528.9482,0.0
CCC#N,1879.0,C3H5N,55.0785,0.0
CCCC=C(C=O)CC,5295.0,C8H14O,126.1962,0.0
CCC(=O)O[C@@H]1C[C@H]2CC[C@]1(C)C2(C)C,22062.0,C13H22O2,210.3126,0.0
CCOC(=O)CC,20110.0,C5H10O2,102.1317,0.0
CCCCOC(=O)CC,7223.0,C7H14O2,130.1849,0.0
CCC(Br)(CC)C(=O)NC(N)=O,252.0,C7H13BrN2O2,237.0943,0.0
CCC(C)C1CCCCC1=O,21818.0,C10H18O,154.2493,0.0
CCC(C)n1c(=O)[nH]c(C)c(Br)c1=O,2020.0,C9H13BrN2O2,261.1157,0.0
CCCCC(CC)CO,605.0,C8H18O,130.2279,0.0
CCCCC(CC)COCC1CO1,5301.0,C11H22O2,186.2912,0.0
CCCCC(CC)COCC1CO1,5301.0,C11H22O2,186.2912,0.0
CCC(CO)(CO)CO,6448.0,C6H14O3,134.1736,0.0
CCC(N)(CO)CO,9150.0,C5H13NO2,119.1622,0.0
CCC(O)OC(O)CC,5186.0,C6H14O3,134.1736,0.0
CCC(O)OC(O)CC,5186.0,C6H14O3,134.1736,0.0
CCCCOC(O)CC,9755.0,C7H16O2,132.2007,0.0
CCC[N+]1(C)CCCCC1.F[P-](F)(F)(F)(F)F,29345.0,C9H20F6NP,287.2260 (142.2613+144.9647),0.0
CCC/C=C/C=O,21425.0,C6H10O,98.143,0.0
CCC/C=C/C=O,21425.0,C6H10O,98.143,0.0
CCCC=NO,4664.0,C4H9NO,87.1204,0.0
CCCC=NO,4664.0,C4H9NO,87.1204,0.0
CCC1(c2ccccc2)C(=O)NCNC1=O,3510.0,C12H14N2O2,218.2518,0.0
CCC1(c2ccc(N)cc2)CCC(=O)NC1=O,2589.0,C13H16N2O2,232.2783,0.0
CCC12COCN1COC2,9289.0,C7H13NO2,143.1836,0.0
CCC1CO1,569.0,C4H8O,72.1057,0.0
CCCC(CCC)C(=O)O,3733.0,C8H16O2,144.2114,0.0
CCCC(CCC)C(=O)O,3733.0,C8H16O2,144.2114,0.0
CCCC(=O)Cl,4710.0,C4H7ClO,106.5508,0.0
CCCC(O)C(CC)CO,5292.0,C8H18O2,146.2273,0.0
CCCC[N+]1(C)CCCC1.F[B-](F)(F)F,29132.0,C9H20BF4N,229.0664 (142.2613+86.8052),0.0
CCCC/C=C\CCCCCCCCCC=O,12303.0,C16H30O,238.4088,0.0
CCCCN=C=O,6872.0,C5H9NO,99.1311,0.0
C=CCCC,5849.0,C5H10,70.1329,0.0
CCCC=O,1513.0,C4H8O,72.1057,0.0
CCCCC#N,6275.0,C5H9N,83.1317,0.0
CCCCC(CC)C(=O)O,5293.0,C8H16O2,144.2114,0.0
CCCCC(CC)(CO)CO,21400.0,C9H20O2,160.2539,0.0
CCCCC(CC)COCCC#N,5303.0,C11H21NO,183.2905,0.0
CCCCC(CC)CO[PH](=O)OCC(CC)CCCC,24927.0,C16H35O3P,306.4211,0.0
CCCCC/C=C\CCC=O,21514.0,C10H18O,154.2493,0.0
CCCCC=O,1653.0,C5H10O,86.1323,0.0
CCCCC1CCC(=O)O1,27609.0,C8H14O2,142.1956,0.0
CCCCCC(=O)O,1607.0,C6H12O2,116.1583,0.0
CCCCCC(CO)CCC,9302.0,C10H22O,158.2811,0.0
CCCCCC(N)=O,696.0,C6H13NO,115.1735,0.0
CCCCCCC#N,1599.0,C7H13N,111.1848,0.0
CCCCCCC(=O)O,1600.0,C7H14O2,130.1849,0.0
CCCCCCCCC(CO)CCCCCC,21265.0,C16H34O,242.4406,0.0
CCCCCCC(CO)CCCC,24818.0,C12H26O,186.3342,0.0
CCCCCCCCC,5796.0,C9H20,128.2551,0.0
CCCCCCCCC1CO1,5242.0,C10H20O,156.2652,0.0
CCCCCCCCCBr,29307.0,C9H19Br,207.1512,0.0
C=CCCCCCCCCCC,6914.0,C12H24,168.319,0.0
CCCCCCCCCCC=CC#N,27667.0,C13H23N,193.3284,0.0
CCCCCCCCCCC1CO1,5243.0,C12H24O,184.3184,0.0
CCCCCCCCCCCC#N,2188.0,C12H23N,181.3177,0.0
CCCCCCCCCCCCC,7266.0,C13H28,184.3614,0.0
C=CCCCCCCCCCCCC,7367.0,C14H28,196.3721,0.0
CCCCCCCCCCCCC1CO1,5249.0,C14H28O,212.3715,0.0
CCCCCCCCCCCCCC,7267.0,C14H30,198.388,0.0
CCCCCCCCCCCCCC=O,1665.0,C14H28O,212.3715,0.0
CCCCCCCCCCCCCCC,7268.0,C15H32,212.4146,0.0
CCCCCCCCCCCCCCCCCC#N,7280.0,C18H35N,265.4772,0.0
CCCCCCCCCCCCCCCCCC(=O)OCCCCCCCCCCCCCC(C)C,27179.0,C34H68O2,508.9025,0.0
CCCCCCCCCCCCCCCCCCCl,7536.0,C18H37Cl,288.9394,0.0
CCCCCCCCCCCCCCCCCl,7580.0,C16H33Cl,260.8862,0.0
CCCCCCCCCCCCCCCCI,29273.0,C16H33I,352.3377,0.0
CCCCCCCCCCCCCCCO,7270.0,C15H32O,228.414,0.0
CCCCCCCCCCCCI,29158.0,C12H25I,296.2314,0.0
CCCCCCCCCCCCN(CCCCCCCCCCCC)CCCCCCCCCCCC,27056.0,C36H75N,521.9874,0.0
CCCCCCCCCCCCO,6918.0,C12H26O,186.3342,0.0
CCCCCCCCCCl,29111.0,C9H19Cl,162.7002,0.0
CCCCCCCCCCN,2171.0,C10H23N,157.2963,0.0
CCCCCCCCCCN,2171.0,C10H23N,157.2963,0.0
CCCCCCCCCCO,1946.0,C10H22O,158.2811,0.0
CCCCCCCCCO,2008.0,C9H20O,144.2545,0.0
C=CC(=O)OCCCCCCCC,24624.0,C11H20O2,184.2753,0.0
CCCCCCCCOC(=O)CCCCCCCCC(=O)OCCCCCCCC,27537.0,C26H50O4,426.6728,0.0
CCCCCCCCOC(C)=O,24202.0,C10H20O2,172.2646,0.0
CCCCCCCCOCCC#N,24599.0,C11H21NO,183.2905,0.0
CCCCCCCO,1937.0,C7H16O,116.2013,0.0
CCCCCCCOC(=O)CCC,22038.0,C11H22O2,186.2912,0.0
CCCCCCCOC(C)=O,27124.0,C9H18O2,158.238,0.0
CCCCCCNCCCCCC,2009.0,C12H27N,185.3495,0.0
CCCCCNCCCCC,4931.0,C10H23N,157.2963,0.0
CCCCCNCCCCC,4931.0,C10H23N,157.2963,0.0
CCCCN(CCCC)CCCC,6183.0,C12H27N,185.3495,0.0
CCCCN(CCCC)CCCCCCN(CCCC)CCCC,7920.0,C22H48N2,340.6299,0.0
CCCCN(CCCC)N=O,1026.0,C8H18N2O,158.2413,0.0
CCCCN(CCCC)N=O,1026.0,C8H18N2O,158.2413,0.0
CCCCn1cc[n+](C)c1.F[B-](F)(F)F,29087.0,C8H15BF4N2,226.0227 (139.2176+86.8052),0.0
CCCC[O][Al]([O]CCCC)[O]CCCC,7518.0,C12H27AlO3,246.3225,0.0
CCCCOCCCC,2007.0,C8H18O,130.2279,0.0
CCCCOCCO,4097.0,C6H14O2,118.1742,0.0
CCCCOCCOCCOC(C)=O,7021.0,C10H20O4,204.2634,0.0
C=CC(=O)NCOCCCC,7443.0,C8H15NO2,157.2102,0.0
CCCCON=O,29378.0,C4H9NO2,103.1198,0.0
CCCCO[PH](=O)OCCCC,7438.0,C8H19O3P,194.2084,0.0
CCCCO[PH](=O)OCCCC,7438.0,C8H19O3P,194.2084,0.0
CCCCSCCCC,2058.0,C8H18S,146.2935,0.0
CCCN(CCC)N=O,1032.0,C6H14N2O,130.1882,0.0
CCCO,1739.0,C3H8O,60.095,0.0
CCCO[Si](OCCC)(OCCC)OCCC,22382.0,C12H28O4Si,264.4338,0.0
CCCOC(OCCC)OCCC,24450.0,C10H22O3,190.2799,0.0
CCCOCCC,22343.0,C6H14O,102.1748,0.0
CCCSP(=O)(OCC)SCCC,12611.0,C8H19O2PS2,242.339,0.0
CCCSSCCC,2096.0,C6H14S2,150.3054,0.0
CCCCCCCCCCCC(=O)N(CC)CC,24655.0,C16H33NO,255.4393,0.0
CCN(CC)C(=O)N(CC)CC,24522.0,C9H20N2O,172.2679,0.0
CCSC(=O)N(CC)CC,21925.0,C7H15NOS,161.2651,0.0
CCN(CC)C(C)=O,459.0,C6H13NO,115.1735,0.0
CCN(C=O)CC,463.0,C5H11NO,101.1469,0.0
CCN(CC)C1CCCCC1,1799.0,C10H21N,155.2804,0.0
CCN(CC)CC,4366.0,C6H15N,101.19,0.0
CCN(CC)CCO,1837.0,C6H15NO,117.1894,0.0
CCN(CC)N=O,1028.0,C4H10N2O,102.135,0.0
CCN1CCOCC1,5312.0,C6H13NO,115.1735,0.0
CCCCc1c(C)nc(NCC)nc1O,21927.0,C11H19N3O,209.2881,0.0
CCCCNCC,5276.0,C6H15N,101.19,0.0
CCO,584.0,C2H6O,46.0684,0.0
CCO[Si](C)(OCC)OCC,22490.0,C7H18O3Si,178.3015,0.0
CCO[Si](CCC#N)(OCC)OCC,7334.0,C9H19NO3Si,217.3376,0.0
CCOC(=O)NCCC[Si](OCC)(OCC)OCC,24856.0,C12H27NO5Si,293.432,0.0
CCO[Si](CCCNC(N)=O)(OCC)OCC,24493.0,C10H24N2O4Si,264.3941,0.0
CCO[Si](CCCS)(OCC)OCC,24479.0,C9H22O3SSi,238.4197,0.0
CCOC(=O)C(=O)OCC,24472.0,C6H10O4,146.1412,0.0
CCOC(=S)SSC(=S)OCC,21672.0,C6H10O2S4,242.4024,0.0
CCOC(OCC)OCC,21957.0,C7H16O3,148.2001,0.0
CCOc1ccc2c(c1)C(C)CC(C)(C)N2,22365.0,C14H21NO,219.3226,0.0
CCOCCC(=O)OCC,7309.0,C7H14O3,146.1843,0.0
CCOCCO,4087.0,C4H10O2,90.121,0.0
CCOCCOCC,5285.0,C6H14O2,118.1742,0.0
CCOCCOCCOC(C)=O,6905.0,C8H16O4,176.2102,0.0
CCOC(=O)N(C)C(=O)CSP(=S)(OCC)OCC,22117.0,C10H20NO5PS2,329.3733,0.0
CCOP(=S)(S)OCC,7133.0,C4H11O2PS2,186.2327,0.0
CCOP(O)OCC,21861.0,C4H11O3P,138.1021,0.0
CCOP(=S)(OCC)SCCSCC,2018.0,C8H19O2PS3,274.404,0.0
Cl.c1ccncc1,7262.0,C5H6ClN,115.5608 (36.4609+79.0999),0.0
CC(Cc1ccc2c(c1)OCO2)NO.Cl,28817.0,C10H14ClNO3,231.6761 (195.2151+36.4609),0.0
CCCN1C=CN(C)C1.Cl,29317.0,C7H15ClN2,162.6604 (126.1995+36.4609),0.0
CCNCC.Cl,24320.0,C4H12ClN,109.5978 (73.1368+36.4609),0.0
Cl.O=c1n(CCCN2CCN(c3cccc(Cl)c3)CC2)nc2ccccn12,24626.0,C19H23Cl2N5O,408.3248 (371.8639+36.4609),0.0
Cl.Clc1cccc(Cl)c1N=C1NCCN1,24670.0,C9H10Cl3N3,266.5548 (230.0939+36.4609),0.0
Cl.ClCc1ccccn1,308.0,C6H7Cl2N,164.0325 (127.5715+36.4609),0.0
CNC.Cl,7163.0,C2H8ClN,81.5446 (36.4609+45.0837),0.0
CO/N=C(/C(=O)N[C@@H]1C(=O)N2C(C(=O)[O-])=C(C[n+]3ccn4ncccc43)CS[C@H]12)c1nsc(N)n1.Cl,28518.0,C19H18ClN9O5S2,551.9865 (515.5256+36.4609),0.0
Cl.N=C(N)NN,24405.0,CH7ClN4,110.5461 (74.0851+36.4609),0.0
Cl.NNC(N)=O,244.0,CH6ClN3O,111.5308 (75.0699+36.4609),0.0
Cl.N[C@H]1C(O)O[C@H](CO)[C@H](O)[C@@H]1O,11356.0,C6H14ClNO5,215.6321 (179.1711+36.4609),0.0
CC(=O)O[C@H](CC(=O)[O-])C[N+](C)(C)C.Cl,20693.0,C9H18ClNO4,239.6965 (36.4609+203.2356),0.0
CCOC(=N)CC(=O)OCC.Cl,26994.0,C7H14ClNO3,195.6440 (36.4609+159.1830),0.0
CCCOC(=O)NCCCN(C)C.Cl,14849.0,C9H21ClN2O2,224.7282 (188.2673+36.4609),0.0
C[C@H]1O[C@H](O[C@H]2[C@H](O)[C@@H](O)[C@@H](O)[C@H](O)[C@@H]2O)[C@@H](N)C[C@@H]1NC(=N)C(=O)O.Cl,20739.0,C14H26ClN3O9,415.8239 (379.3630+36.4609),0.0
COC(=O)C(c1ccccc1)C1CCCCN1.Cl,886.0,C14H20ClNO2,269.7671 (233.3062+36.4609),0.0
Cc1ncc(CO)c(CO)c1O.Cl,10780.0,C8H12ClNO3,205.6388 (169.1778+36.4609),0.0
ClC(Cl)=C(Cl)C(Cl)=C(Cl)Cl,683.0,C4Cl6,260.7608,0.0
ClC(Cl)=C(Cl)C(Cl)=C(Cl)Cl,683.0,C4Cl6,260.7608,0.0
Cl/C=C/Cl,4031.0,C2H2Cl2,96.9433,0.0
CCCCCCCC(=O)Cl,4724.0,C8H15ClO,162.6571,0.0
COC(=O)Cl,4185.0,C2H3ClO2,94.497,0.0
CCOC(=O)Cl,7186.0,C3H5ClO2,108.5236,0.0
O=[N+]([O-])C(Cl)(Cl)Cl,315.0,CCl3NO2,164.3752,0.0
O=C(C(Cl)(Cl)Cl)C(Cl)(Cl)Cl,1601.0,C3Cl6O,264.7495,0.0
O=C(O)C(Cl)(Cl)Cl,1378.0,C2HCl3O2,163.3871,0.0
O=C(Cl)C(Cl)(Cl)Cl,14070.0,C2Cl4O,181.8328,0.0
FC(F)(F)C(Cl)(Cl)Cl,7148.0,C2Cl3F3,187.3756,0.0
NC(=O)C(Cl)(Cl)Cl,1671.0,C2H2Cl3NO,162.4024,0.0
Clc1cccc(C(Cl)(Cl)Cl)n1,4216.0,C6H3Cl4N,230.9067,0.0
CCOc1nc(C(Cl)(Cl)Cl)ns1,12547.0,C5H5Cl3N2OS,247.53,0.0
ClC(Cl)C(Cl)(Cl)Cl,1104.0,C2HCl5,202.2943,0.0
NC(=O)C(Cl)Cl,1561.0,C2H3Cl2NO,127.9573,0.0
FC(F)(Cl)C(F)(Cl)Cl,1377.0,C2Cl3F3,187.3756,0.0
ClC=CCCl,1307.0,C3H4Cl2,110.9699,0.0
ClC=CCl,4991.0,C2H2Cl2,96.9433,0.0
FC(F)(F)C(=NOCC1OCCO1)c1ccc(Cl)cc1,24998.0,C12H11ClF3NO3,309.6688,0.0
CCCCC(C#N)(Cn1cncn1)c1ccc(Cl)cc1,4315.0,C15H17ClN4,288.7753,0.0
CC1(C)CCC(=Cc2ccc(Cl)cc2)C1(O)Cn1cncn1,12655.0,C17H20ClN3O,317.8132,0.0
O=C(O)c1nc(Cl)ccc1Cl,9221.0,C6H3Cl2NO2,191.9995,0.0
Cc1nc2ccc(Cl)cc2[nH]1,4787.0,C8H7ClN2,166.6076,0.0
Clc1ccccn1,4810.0,C5H4ClN,113.545,0.0
Clc1ccccn1,4810.0,C5H4ClN,113.545,0.0
CCNc1nc(Cl)nc(NC(C)C)n1,112.0,C8H14ClN5,215.6833,0.0
CCNc1nc(Cl)nc(NCC)n1,1268.0,C7H12ClN5,201.6567,0.0
CN/C(=N\[N+](=O)[O-])NCc1cnc(Cl)s1,14465.0,C6H8ClN5O2S,249.678,0.0
Clc1sc(Cl)c(Cl)c1Cl,22451.0,C4Cl4S,221.9198,0.0
O=[N+]([O-])c1ccc(Oc2ccc(Cl)cc2Cl)cc1,970.0,C12H7Cl2NO3,284.0949,0.0
Clc1cccc2ccccc12,4791.0,C10H7Cl,162.6156,0.0
CC(CCl)OP(=O)(OC(C)CCl)OC(C)CCl,6259.0,C9H18Cl3O4P,327.5696,0.0
ClCC(Cl)(Cl)Cl,1317.0,C2H2Cl4,167.8493,0.0
ClCC(Cl)CCl,1390.0,C3H5Cl3,147.4308,0.0
ClCC(Cl)CCl,1390.0,C3H5Cl3,147.4308,0.0
OCC(Cl)CCl,4038.0,C3H6Cl2O,128.9851,0.0
OC(CCl)CCl,5010.0,C3H6Cl2O,128.9851,0.0
O=CCCl,292.0,C2H3ClO,78.4976,0.0
N#CCCCl,10336.0,C3H4ClN,89.5236,0.0
ClCCCCCCCl,24409.0,C6H12Cl2,155.0655,0.0
ClCCCCl,2004.0,C3H6Cl2,112.9857,0.0
ClCCl,868.0,CH2Cl2,84.9326,0.0
ClCCOCCCl,168.0,C4H8Cl2O,143.0117,0.0
ClCCOCCCl,168.0,C4H8Cl2O,143.0117,0.0
O=P(OCCCl)(OCCCl)OCCCl,1411.0,C6H12Cl3O4P,285.4898,0.0
ClCOCCl,173.0,C2H4Cl2O,114.9586,0.0
O=c1n(Cl)c(=O)n(Cl)c(=O)n1Cl,6523.0,C3Cl3N3O3,232.4094,0.0
COP(=S)(Cl)OC,7486.0,C2H6ClO2PS,160.5596,0.0
O=P(Cl)(Cl)Cl,9710.0,Cl3OP,153.3322,0.0
CN(C)C,6238.0,C3H9N,59.1103,0.0
CNC(=S)N(C)C,1404.0,C4H10N2S,118.2006,0.0
CN(C)C(C)(C)CO,24721.0,C6H15NO,117.1894,0.0
CN(C)C(=O)Cl,512.0,C3H6ClNO,107.5388,0.0
CN(C)C(=O)Cl,512.0,C3H6ClNO,107.5388,0.0
CN(C)C=O,515.0,C3H7NO,73.0938,0.0
CN(C)c1ccncc1,24369.0,C7H10N2,122.1677,0.0
CN(C)c1nc(N(C)C)nc(N(C)C)n1,2579.0,C9H18N6,210.2794,0.0
CN(C)c1nc(=O)n(C2CCCCC2)c(=O)n1C,4145.0,C12H20N4O2,252.3128,0.0
CN(C)c1nc(=O)n(C2CCCCC2)c(=O)n1C,4145.0,C12H20N4O2,252.3128,0.0
CNC(=C[N+](=O)[O-])NCCSCc1csc(CN(C)C)n1,3376.0,C12H21N5O2S2,331.4574,0.0
CCCCCCCCCCCCN(C)C,6906.0,C14H31N,213.4026,0.0
CCCCCCCCCCCCCCN(C)C,6927.0,C16H35N,241.4558,0.0
CCCCCCCCCCCCCCCCN(C)C,6924.0,C18H39N,269.509,0.0
CN(C)CCCCCCN(C)C,13701.0,C10H24N2,172.311,0.0
CC(O)CN(CCCN(C)C)CCCN(C)C,24975.0,C13H31N3O,245.4047,0.0
CN(C)CCCNCCC#N,24980.0,C8H17N3,155.2407,0.0
CN(C)CCCNCCCN(C)C,24974.0,C10H25N3,187.3256,0.0
CN(C)CCN(C)CCO,24875.0,C7H18N2O,146.2306,0.0
C=C(C)C(=O)OCCN(C)C,7504.0,C8H15NO2,157.2102,0.0
CN(C)CCOCCN(C)C,7512.0,C8H20N2O,160.2572,0.0
CN(C)CCOCCN(C)CCO,24734.0,C9H22N2O2,190.2832,0.0
CN(C)CCOCCO,7427.0,C6H15NO2,133.1888,0.0
CN(C)N,516.0,C2H8N2,60.0983,0.0
CN(C1CCCCC1)C1CCCCC1,24727.0,C13H25N,195.3443,0.0
CCCCCCCCN(C)CCCCCCCC,22209.0,C17H37N,255.4824,0.0
CCOC(=O)N(C)N=O,1472.0,C4H8N2O3,132.1179,0.0
CN1C(=O)N(C)C(O)C1O,24934.0,C5H10N2O3,146.1445,0.0
CN1C(=O)OC(C)(C)C1=O,1396.0,C6H9NO3,143.1406,0.0
CN1CCCC1,22210.0,C5H11N,85.1475,0.0
CN1CCOCC1,9146.0,C5H11NO,101.1469,0.0
CN1C(=O)CC[C@H]1c1cccnc1,27576.0,C10H12N2O,176.2151,0.0
CNC,4057.0,C2H7N,45.0837,0.0
CNCCO,5603.0,C3H9NO,75.1097,0.0
CO,1731.0,CH4O,32.0419,0.0
CCC[Si](OC)(OC)OC,22494.0,C6H16O3Si,164.2749,0.0
CO[Si](CCCNCCC[Si](OC)(OC)OC)(OC)OC,13825.0,C12H31NO6Si2,341.5486,0.0
CO[Si](CCCNCCN)(OC)OC,7433.0,C8H22N2O3Si,222.3574,0.0
CO[Si](CCCn1c(=O)n(CCC[Si](OC)(OC)OC)c(=O)n(CCC[Si](OC)(OC)OC)c1=O)(OC)OC,24896.0,C21H45N3O12Si3,615.8514,0.0
COC(=O)[C@H]1CC[C@H](C(=O)OC)CC1,9255.0,C10H16O4,200.2316,0.0
COC(=O)c1cccnc1,24471.0,C7H7NO2,137.136,0.0
CCCCCC1C(=O)CCC1CC(=O)OC,9325.0,C13H22O3,226.312,0.0
COC(=O)CCC(=O)OC,5152.0,C6H10O4,146.1412,0.0
COC(=O)CCSCCC(=O)OC,7561.0,C8H14O4S,206.2594,0.0
COC(CC(C)CCCC(C)(C)O)OC,27547.0,C12H26O3,218.333,0.0
COC(OC)OC,7122.0,C4H10O3,106.1204,0.0
COc1cc(-c2ccc(N=C=O)c(OC)c2)ccc1N=C=O,484.0,C16H12N2O4,296.2775,0.0
COc1ccc(CCC(=O)c2c(O)cc(O[C@@H]3O[C@H](CO)[C@@H](O)[C@H](O)[C@H]3O[C@@H]3O[C@@H](C)[C@H](O)[C@@H](O)[C@H]3O)cc2O)cc1O,5706.0,C28H36O15,612.5764,0.0
COc1ccc([C@@H]2CC(=O)c3c(O)cc(O[C@@H]4O[C@H](CO[C@@H]5O[C@@H](C)[C@H](O)[C@@H](O)[C@H]5O)[C@@H](O)[C@H](O)[C@H]4O)cc3O2)cc1OC,841.0,C29H36O15,624.5871,0.0
COc1ccc2c3c1O[C@H]1[C@H](O)CC[C@H]4[C@@H](C2)N(C)CC[C@@]341,28833.0,C18H23NO3,301.3801,0.0
COc1nc(N)nc2nc[nH]c12,29365.0,C6H7N5O,165.1527,0.0
CCC(C)c1nccnc1OC,27082.0,C9H14N2O,166.2203,0.0
COc1ccc(Nc2ccccc2)c(C)c1,9364.0,C14H15NO,213.275,0.0
CCC(O)OCCCOC,7983.0,C7H16O3,148.2001,0.0
COCCl,307.0,C2H5ClO,80.5135,0.0
C=C[Si](OCCOC)(OCCOC)OCCOC,7356.0,C11H24O6Si,280.3902,0.0
COCCOC,5286.0,C4H10O2,90.121,0.0
COCCOCCOC,4621.0,C6H14O3,134.1736,0.0
COCCOCCOCCOCCOCCO,21371.0,C11H24O6,252.3047,0.0
COCN(COC)c1nc(N(COC)COC)nc(N(COC)COC)n1,7520.0,C15H30N6O6,390.4353,0.0
CCOC(=O)CC(SP(=O)(OC)OC)C(=O)OCC,790.0,C10H19O7PS,314.2924,0.0
CNC(=O)CSP(=O)(OC)OC,17580.0,C5H12NO4PS,213.1918,0.0
CNC(=O)CSP(=S)(OC)OC,479.0,C5H12NO3PS2,229.2574,0.0
CC(C)OP(C)(=O)OC(C)C,4051.0,C7H17O3P,180.1818,0.0
CC(C)OP(C)(=O)OC(C)C,4051.0,C7H17O3P,180.1818,0.0
COS(C)(=O)=O,845.0,C2H6O3S,110.1322,0.0
COS(C)(=O)=O,845.0,C2H6O3S,110.1322,0.0
CCOS(C)(=O)=O,5309.0,C3H8O3S,124.1588,0.0
CS(=O)(=O)Cl,1615.0,CH3ClO2S,114.5513,0.0
CSc1cnccn1,27491.0,C5H6N2S,126.1795,0.0
CCCCCCCCCCCCSC,24929.0,C13H28S,216.4264,0.0
CCCC[N+]1(C)CCCCC1.F[B-](F)(F)F,29328.0,C10H22BF4N,243.0930 (156.2878+86.8052),0.0
CCCC[n+]1ccccc1.F[B-](F)(F)F,29097.0,C9H14BF4N,223.0188 (136.2136+86.8052),0.0
CCCCCC[n+]1ccccc1.F[B-](F)(F)F,29161.0,C11H18BF4N,251.0719 (164.2668+86.8052),0.0
CCCC[N+]1(C)CCCCC1.F[P-](F)(F)(F)(F)F,29344.0,C10H22F6NP,301.2526 (156.2878+144.9647),0.0
CCn1cc[n+](C)c1.F[P-](F)(F)(F)(F)F,27897.0,C6H11F6N2P,256.1291 (111.1644+144.9647),0.0
CCCCCCCCCCCCCCCCn1cc[n+](C)c1.F[P-](F)(F)(F)(F)F,29105.0,C20H39F6N2P,452.5012 (307.5365+144.9647),0.0
CCCC[n+]1ccccc1.F[P-](F)(F)(F)(F)F,27908.0,C9H14F6NP,281.1783 (136.2136+144.9647),0.0
FC(F)(F)C(F)(F)C(F)(F)C(F)(F)C(F)(F)C(F)(F)CCI,27565.0,C8H4F13I,474.0011,0.0
FC(F)(F)C(F)(F)C(F)(F)C(F)(F)CCI,27578.0,C6H4F9I,373.9861,0.0
OCCC(F)(F)C(F)(F)C(F)(F)C(F)(F)C(F)(F)C(F)(F)F,24572.0,C8H5F13O,364.1039,0.0
CCOC(=O)C(F)(F)F,21959.0,C4H5F3O2,142.0765,0.0
CCCCCC1Nc2cc(C(F)(F)F)c(S(N)(=O)=O)cc2S(=O)(=O)N1,28741.0,C13H18F3N3O4S2,401.4249,0.0
COc1cnc(OC)n2nc(NS(=O)(=O)c3c(OCC(F)F)cccc3C(F)(F)F)nc12,14803.0,C16H14F5N5O5S,483.3699,0.0
CCCC[n+]1ccccc1.O=S(=O)([O-])C(F)(F)F,29148.0,C10H14F3NO3S,285.2833 (136.2136+149.0697),0.0
CC1CN(c2cc3c(cc2F)c(=O)c(C(=O)O)cn3-c2ccc(F)cc2F)CCN1,24132.0,C21H18F3N3O3,417.3811,0.0
CC(=O)c1ccc2c(c1)[C@H](NC(=O)c1ccc(F)cc1)[C@@H](O)C(C)(C)O2,27319.0,C20H20FNO4,357.3755,0.0
Fc1ccccc1-c1ccccc1,27728.0,C12H9F,172.1983,0.0
COc1ncc(F)c2nc(S(=O)(=O)Nc3c(F)cccc3F)nn12,24340.0,C12H8F3N5O3S,359.2838,0.0
O=S(=O)(O)F,13511.0,HFO3S,100.0695,0.0
I.I.NCCN,24570.0,C2H10I2N2,315.9231 (60.0983+127.9124+127.9124),0.0
CCn1cc[n+](C)c1.N#C[S-],27860.0,C7H11N3S,169.2473 (111.1644+58.0829),0.0
C=C(C#N)CCC#N,7418.0,C6H6N2,106.1252,0.0
CC(C)(O)C#N,5427.0,C4H7NO,85.1045,0.0
N#CC1(O)CCCCC1,4878.0,C7H11NO,125.1683,0.0
CCCCCCc1ccc(-c2ccc(C#N)cc2)cc1,5404.0,C19H21N,263.3767,0.0
N#Cc1ccccn1,1843.0,C6H4N2,104.1094,0.0
N#Cc1cccnc1,6665.0,C6H4N2,104.1094,0.0
N#Cc1ccncc1,21528.0,C6H4N2,104.1094,0.0
N#CC1(N=NC2(C#N)CCCCC2)CCCCC1,24613.0,C14H20N4,244.3354,0.0
N#CCC(=O)O,7149.0,C3H3NO2,85.0614,0.0
COC(=O)CC#N,13649.0,C4H5NO2,99.088,0.0
CCOC(=O)CC#N,6718.0,C5H7NO2,113.1146,0.0
N#CCCC#N,6059.0,C4H4N2,80.088,0.0
N#CCCCCC#N,1936.0,C6H8N2,108.1411,0.0
N#CCCCCC#N,1936.0,C6H8N2,108.1411,0.0
N#CCCNCCC#N,21464.0,C6H9N3,123.1558,0.0
COCCC#N,6851.0,C4H7NO,85.1045,0.0
NC(N)=Nc1nc(CSCC/C(N)=N\S(N)(=O)=O)cs1,3039.0,C8H15N7O2S3,337.4454,0.0
N=C(N)N[N+](=O)[O-],4222.0,CH4N4O2,104.0681,0.0
N#CNC(=N)N,354.0,C2H4N4,84.08,0.0
N=C(N)S(=O)O,9224.0,CH4N2O2S,108.1197,0.0
c1cncc([C@@H]2CCCCN2)c1,21607.0,C10H14N2,162.2316,0.0
NC(=O)c1ccncc1,756.0,C6H6N2O,122.1246,0.0
CCN(N=O)C(N)=O,593.0,C3H7N3O2,117.1066,0.0
NC(=O)N1c2ccccc2C=Cc2ccccc21,2731.0,C15H12N2O,236.2686,0.0
NC(=O)N1c2ccccc2C=Cc2ccccc21,2731.0,C15H12N2O,236.2686,0.0
NC(=O)NC(N)=O,6783.0,C2H5N3O2,103.08,0.0
NC(=O)NC(N)=O,6783.0,C2H5N3O2,103.08,0.0
CCCCNC(N)=O,222.0,C5H12N2O,116.1616,0.0
COC(N)=O,834.0,C2H5NO2,75.0666,0.0
CCOC(N)=O,1427.0,C3H7NO2,89.0932,0.0
C=CCNC(N)=S,4449.0,C4H8N2S,116.1847,0.0
NC(=S)NNC(N)=S,545.0,C2H6N4S2,150.2258,0.0
NC(=S)NNC(N)=S,545.0,C2H6N4S2,150.2258,0.0
NC(N)=S,1348.0,CH4N2S,76.1209,0.0
NC=O,5337.0,CH3NO,45.0406,0.0
NC=O,5337.0,CH3NO,45.0406,0.0
Nc1ccn([C@H]2CS[C@@H](CO)O2)c(=O)n1,3194.0,C8H11N3O3S,229.2562,0.0
Nc1ccc(S(=O)(=O)c2ccc(N)cc2)cc1,371.0,C12H12N2O2S,248.3009,0.0
CC1(C)Cc2cccc(N)c2O1,24715.0,C10H13NO,163.2163,0.0
NC1CCCCC1,3996.0,C6H13N,99.1741,0.0
NC1CCCCC1N,7301.0,C6H14N2,114.1888,0.0
Nc1cccnc1,27461.0,C5H6N2,94.1145,0.0
Nc1ccncc1,3870.0,C5H6N2,94.1145,0.0
Nc1nc(N)nc(Cl)n1,17806.0,C3H4ClN5,145.5504,0.0
Nc1nc2ccccc2[nH]1,4465.0,C7H7N3,133.1506,0.0
Cn1cnc2ncnc(N)c21,29335.0,C6H7N5,149.1533,0.0
CO/N=C(/C(=O)N[C@@H]1C(=O)N2C(C(=O)O)=C(Cn3nnc(C)n3)CS[C@H]12)c1csc(N)n1,28747.0,C16H17N9O5S2,479.4935,0.0
CC1(C)CC(N)CC(C)(CN)C1,7503.0,C10H22N2,170.2951,0.0
NCC1CCCC(CN)C1,21238.0,C8H18N2,142.2419,0.0
NCc1cccnc1,24424.0,C6H8N2,108.1411,0.0
NCCCCCCN,4922.0,C6H16N2,116.2046,0.0
NCCCCCCNCCCCCCN,7109.0,C12H29N3,215.3788,0.0
NCCCN1CCOCC1,21521.0,C7H16N2O,144.2147,0.0
COCCCN,7596.0,C4H11NO,89.1362,0.0
NCCN1CCOCC1,24408.0,C6H14N2O,130.1882,0.0
NCCNCCO,5423.0,C4H12N2O,104.1509,0.0
NCCOCCO,7341.0,C4H11NO2,105.1356,0.0
NCCOCCO,7341.0,C4H11NO2,105.1356,0.0
NN.O=S(=O)(O)O,703.0,H6N2O4S,130.1236 (98.0785+32.0452),0.0
Nn1cnnc1,13058.0,C2H4N4,84.08,0.0
Nn1cnnc1,13058.0,C2H4N4,84.08,0.0
COP(N)(=O)SC,4177.0,C2H8NO2PS,141.1292,0.0
COP(N)(=O)SC,4177.0,C2H8NO2PS,141.1292,0.0
CC1Cc2ccccc2N1NC(=O)c1ccc(Cl)c(S(N)(=O)=O)c1,24633.0,C16H16ClN3O3S,365.8345,0.0
NS(=O)(=O)c1cc(C(=O)O)c(NCc2ccco2)cc1Cl,648.0,C12H11ClN2O5S,330.7441,0.0
NS(=O)(=O)c1cc(C(=O)O)c(NCc2ccco2)cc1Cl,648.0,C12H11ClN2O5S,330.7441,0.0
NS(=O)(=O)c1cc2c(cc1Cl)N=CNS2(=O)=O,2800.0,C7H6ClN3O4S2,295.7232,0.0
NS(=O)(=O)c1cc2c(cc1Cl)NCNS2(=O)=O,713.0,C7H8ClN3O4S2,297.7391,0.0
NS(=O)(=O)O,14005.0,H3NO3S,97.0937,0.0
NS(=O)(=O)O,14005.0,H3NO3S,97.0937,0.0
C1CN(CCOCCN2CCOCC2)CCO1,22170.0,C12H24N2O3,244.3306,0.0
c1ccc(OP(Oc2ccccc2)Oc2ccccc2)cc1,6252.0,C18H15O3P,310.2837,0.0
O.O.O.O.O.O.O=[N+]([O-])[O-].O=[N+]([O-])[O-].[Mg+2],27484.0,H12MgN2O12,256.4065 (24.3039+62.0054+62.0054+18.0153+18.0153+18.0153+18.0153+18.0153+18.0153),0.0
CC(=O)[O-].CC(=O)[O-].O.O.[Zn+2],1461.0,C4H10O6Zn,219.5276 (65.4079+59.0446+59.0446+18.0153+18.0153),0.0
C[N+](C)(C)CC(=O)[O-].O,29381.0,C5H13NO3,135.1616 (117.1463+18.0153),0.0
CC(O)(P(=O)(O)O)P(=O)(O)O.O,20800.0,C2H10O8P2,224.0435 (206.0282+18.0153),0.0
CN1[C@@H]2CC[C@H]1C[C@@H](OC(=O)C(CO)c1ccccc1)C2.CN1[C@@H]2CC[C@H]1C[C@@H](OC(=O)C(CO)c1ccccc1)C2.O.O=S(=O)(O)O,20724.0,C34H50N2O11S,694.8326 (289.3694+289.3694+98.0785+18.0153),0.0
FB(F)F.O.O,13264.0,H4BF3O2,103.8368 (18.0153+18.0153+67.8062),0.0
O.O.O.O.O=C1NC(=O)C(=O)C(=O)N1,27241.0,C4H10N2O8,214.1308 (142.0697+18.0153+18.0153+18.0153+18.0153),0.0
O.O.O.O.O=C1[O][Mg]2([O]C(=O)c3ccccc3[O]2)[O]c2ccccc21,26896.0,C14H16MgO10,368.5758 (296.5147+18.0153+18.0153+18.0153+18.0153),0.0
CC1(C)S[C@@H]2[C@H](NC(=O)[C@H](N)c3ccccc3)C(=O)N2[C@H]1C(=O)O.O.O.O,83.0,C16H25N3O7S,403.4506 (349.4048+18.0153+18.0153+18.0153),0.0
O.O.OC[C@H]1O[C@H](O[C@H]2O[C@H](CO)[C@@H](O)[C@H](O)[C@H]2O)[C@H](O)[C@@H](O)[C@@H]1O,27948.0,C12H26O13,378.3270 (342.2965+18.0153+18.0153),0.0
O.O=S(=O)(O)c1ccc(O)c2ncccc12,24317.0,C9H9NO5S,243.2365 (225.2212+18.0153),0.0
NC(CCC(=O)O)C(=O)O.O,29095.0,C5H11NO5,165.1445 (147.1293+18.0153),0.0
O.OC[C@@H](O)[C@@H](O[C@@H]1O[C@H](CO)[C@H](O)[C@H](O)[C@H]1O)[C@H](O)[C@@H](O)CO,27028.0,C12H26O12,362.3276 (344.3124+18.0153),0.0
CCCCCCCCCCCCCC/C(O)=N\C(CO)CCCCCCCCCCCCCC,29346.0,C31H63NO2,481.8374,0.0
O=S(=O)(OC[C@H]1O[C@@](COS(=O)(=O)[O][Al]([OH])[OH])(O[C@H]2O[C@H](COS(=O)(=O)[O][Al]([OH])[OH])[C@@H](OS(=O)(=O)[O][Al]([OH])[OH])[C@H](OS(=O)(=O)[O][Al]([OH])[OH])[C@H]2OS(=O)(=O)[O][Al]([OH])[OH])[C@@H](OS(=O)(=O)[O][Al]([OH])[OH])[C@@H]1OS(=O)(=O)[O][Al]([OH])[OH])[O][Al]([OH])[OH].[OH][Al]([OH])[Al]([OH])[OH].[OH][Al]([OH])[Al]([OH])[OH].[OH][Al]([OH])[Al]([OH])[OH].[OH][Al]([OH])[Al]([OH])[OH],28892.0,C12H46Al16O67S8,1950.6781 (121.9924+1462.7083+121.9924+121.9924+121.9924),0.0
CC(=O)[O][Al]([OH])[OH],24723.0,C2H5AlO4,120.0402,0.0
CC(=O)[O][Al]([OH])[O]C(C)=O,24552.0,C4H7AlO5,162.0769,0.0
CCCCOC(=O)[C@H](C)O,22335.0,C7H14O3,146.1843,0.0
CO[C@H]1O[C@H](CO)[C@@H](O)[C@H](O)[C@H]1O,6605.0,C7H14O6,194.1825,0.0
OC[C@H]1O[C@@H]2O[C@H]3[C@H](O)[C@@H](O)[C@@H](O[C@H]4[C@H](O)[C@@H](O)[C@@H](O[C@H]5[C@H](O)[C@@H](O)[C@@H](O[C@H]6[C@H](O)[C@@H](O)[C@@H](O[C@H]7[C@H](O)[C@@H](O)[C@@H](O[C@H]1[C@H](O)[C@H]2O)O[C@@H]7CO)O[C@@H]6CO)O[C@@H]5CO)O[C@@H]4CO)O[C@@H]3CO,10698.0,C36H60O30,972.8436,0.0
OC[C@H]1O[C@@H]2O[C@H]3[C@H](O)[C@@H](O)[C@@H](O[C@H]4[C@H](O)[C@@H](O)[C@@H](O[C@H]5[C@H](O)[C@@H](O)[C@@H](O[C@H]6[C@H](O)[C@@H](O)[C@@H](O[C@H]7[C@H](O)[C@@H](O)[C@@H](O[C@H]8[C@H](O)[C@@H](O)[C@@H](O[C@H]9[C@H](O)[C@@H](O)[C@@H](O[C@H]1[C@H](O)[C@H]2O)O[C@@H]9CO)O[C@@H]8CO)O[C@@H]7CO)O[C@@H]6CO)O[C@@H]5CO)O[C@@H]4CO)O[C@@H]3CO,27033.0,C48H80O40,1297.1248,0.0
O=C(C=Cc1ccc(O)c(O)c1)O[C@@H]1C[C@](O)(C(=O)O)C[C@@H](O)[C@H]1O,4786.0,C16H18O9,354.3087,0.0
C=C1C[C@]23CC[C@H]4[C@](C)(CCC[C@@]4(C)C(=O)O[C@@H]4O[C@H](CO)[C@@H](O)[C@H](O)[C@H]4O)[C@@H]2C[C@@H](O[C@@H]2O[C@H](CO)[C@@H](O)[C@H](O[C@@H]4O[C@H](CO)[C@@H](O)[C@H](O)[C@H]4O)[C@H]2OC2O[C@H](CO)[C@@H](O)[C@H](O)[C@H]2O)[C@@H]1C3,27874.0,C44H70O23,967.0128,0.0
O=C(O)[C@H](O)[C@@H](O)[C@H](O)[C@H](O)CO,7169.0,C6H12O7,196.1553,0.0
O[C@@H]([C@H](O)[C@H](O)CBr)[C@H](O)CBr,2918.0,C6H12Br2O4,307.9651,0.0
OC[C@@H](O)[C@@H](O)[C@H](O)[C@@H](O)CO,3588.0,C6H14O6,182.1718,0.0
OC[C@@H](O)[C@@H](O)[C@H](O)[C@H](O)CO,3235.0,C6H14O6,182.1718,0.0
O=C[C@@H](O)[C@H](O)[C@H](O)CO,21610.0,C5H10O5,150.1299,0.0
OC[C@]1(O)OC[C@@H](O)[C@H](O)[C@@H]1O,27873.0,C6H12O6,180.1559,0.0
OC[C@H]1O[C@](O)(CO)[C@@H](O)[C@@H]1O,3081.0,C6H12O6,180.1559,0.0
OC[C@H]1OC(O)[C@H](O)[C@@H](O)[C@@H]1O,2910.0,C6H12O6,180.1559,0.0
O=C1O[C@H](CO)[C@@H](O)[C@H](O)[C@H]1O,6549.0,C6H10O6,178.14,0.0
OC[C@H]1O[C@@](CO)(O[C@H]2O[C@H](CO)[C@@H](O)[C@H](O)[C@H]2O)[C@@H](O)[C@@H]1O,1288.0,C12H22O11,342.2965,0.0
CN(N=O)C(=O)N[C@@H]1[C@@H](O)[C@H](O)[C@@H](CO)O[C@@H]1O,1282.0,C8H15N3O7,265.2206,0.0
CCn1cc[n+](C)c1.O=[N+]([O-])[O-],29073.0,C6H11N3O3,173.1698 (111.1644+62.0054),0.0
O=[N+]([O-])C([N+](=O)[O-])([N+](=O)[O-])[N+](=O)[O-],1334.0,CN4O8,196.0327,0.0
CCC(CO)(CO)[N+](=O)[O-],21417.0,C5H11NO4,149.1451,0.0
O=[N+]([O-])C(CO)(CO)CO,7034.0,C4H9NO5,151.118,0.0
Cc1ncc([N+](=O)[O-])n1C,497.0,C5H7N3O2,141.128,0.0
O=[N+]([O-])OCCN(CCO[N+](=O)[O-])CCO[N+](=O)[O-],3722.0,C6H12N4O9,284.1809,0.0
O=[Si]=O,9677.0,O2Si,60.0843,0.0
CCOC(=O)/C=C\C(=O)OCC,464.0,C8H12O4,172.1785,0.0
CCCCCC/C=C/C(=O)OC,27637.0,C10H18O2,170.2487,0.0
CCCCCC#CC(=O)OC,27093.0,C9H14O2,154.2063,0.0
CCOC(=O)C(C)C(C)=O,13493.0,C7H12O3,144.1684,0.0
CCOC(=O)CC(C(C)=O)C(C)=O,24863.0,C9H14O4,186.2051,0.0
CC(=O)C=Cc1ccco1,5345.0,C8H8O2,136.1479,0.0
CC(=O)C1C(=O)C=C(C)OC1=O,14.0,C8H8O4,168.1467,0.0
CC(=O)c1sc(C)nc1C,27680.0,C7H9NOS,155.2175,0.0
COP(=O)(NC(C)=O)SC,3846.0,C4H10NO3PS,183.1659,0.0
COP(=O)(NC(C)=O)SC,3846.0,C4H10NO3PS,183.1659,0.0
CC[Si](OC(C)=O)(OC(C)=O)OC(C)=O,7792.0,C8H14O6Si,234.2787,0.0
C=CC(C)(CCC=C(C)C)OC(C)=O,6946.0,C12H20O2,196.286,0.0
CCC(C)(CCCC(C)C)OC(C)=O,21487.0,C12H24O2,200.3178,0.0
CCC(OCCCOC)OC(C)=O,9062.0,C9H18O4,190.2368,0.0
CC(=O)OCC(COC(C)=O)OC(C)=O,6691.0,C9H14O6,218.2039,0.0
C=C(C)C1CC=C(C)C(OC(C)=O)C1,4738.0,C12H18O2,194.2701,0.0
CC(=O)OC1CCCCC1C(C)(C)C,16105.0,C12H22O2,198.3019,0.0
CC/C=C\CCOC(C)=O,21484.0,C8H14O2,142.1956,0.0
CCCCCCC(O)CCOC(C)=O,27657.0,C11H22O3,202.2906,0.0
CCCCCCOC(C)=O,2006.0,C8H16O2,144.2114,0.0
CC(=O)OCCOCCOCCOC(C)=O,6223.0,C10H18O6,234.2463,0.0
CC(=O)SCc1ccco1,27661.0,C7H8O2S,156.2022,0.0
C=CC(=O)OCC(CC)CCCC,5297.0,C11H20O2,184.2753,0.0
C=CC(=O)OCCCCCC,2194.0,C9H16O2,156.2221,0.0
O=C(c1ccc(Cl)cc1)c1ccc(Cl)cc1,17626.0,C13H8Cl2O,251.108,0.0
O=C(c1ccccc1)C1CCC1,28176.0,C11H12O,160.2124,1.0
CCCCC(CC)COC(=O)CC#N,24378.0,C11H19NO2,197.2741,0.0
C=C(C)C(=O)OCCOC(=O)CC(C)=O,21388.0,C10H14O5,214.2152,0.0
C=CC(C)(CCC=C(C)C)OC(=O)CC,27574.0,C13H22O2,210.3126,0.0
CC/C=C\CCOC(=O)CC,27579.0,C9H16O2,156.2221,0.0
CCCCCCOC(=O)CC,27582.0,C9H18O2,158.238,0.0
CCCCOC(=O)CCC(=O)OCCCC,1998.0,C12H22O4,230.3007,0.0
CCCCOC(=O)CCC(C)=O,18800.0,C9H16O3,172.2215,0.0
COC(=O)CCCC(=O)OC,5122.0,C7H12O4,160.1678,0.0
COC(=O)CCCC(=O)OC,5122.0,C7H12O4,160.1678,0.0
COC(=O)CCCCC(=O)OC,5096.0,C8H14O4,174.1944,0.0
CCCOC(=O)CCCCC(=O)OCCC,24511.0,C12H22O4,230.3007,0.0
CCCCOC(=O)CCCCC(=O)OCCCC,1866.0,C14H26O4,258.3538,0.0
CCCCCC(=O)OCC,1980.0,C8H16O2,144.2114,0.0
CC/C=C\CCOC(=O)CCCCC,27560.0,C12H22O2,198.3019,0.0
CCCCCCOC(=O)CCCCC,27552.0,C12H24O2,200.3178,0.0
CCCCCCCC(=O)OC,6864.0,C9H18O2,158.238,0.0
CCCCCCCC(=O)OC,6864.0,C9H18O2,158.238,0.0
CCCCCCCC/C=C\CCCCCCCC(=O)OCC,27633.0,C20H38O2,310.5145,0.0
CCCCOC(=O)CCCCCCCC(=O)OCCCC,24815.0,C17H32O4,300.4336,0.0
CCCCCCCCC(=O)OCC,27651.0,C11H22O2,186.2912,0.0
C=CCOC(=O)CCCCCCCC,4447.0,C12H22O2,198.3019,0.0
CCCCOC(=O)CCCCCCCCC(=O)OCCCC,21847.0,C18H34O4,314.4602,0.0
CCCCCCCCCC(=O)OC,6842.0,C11H22O2,186.2912,0.0
C=CCCCCCCCCC(=O)OCC,24828.0,C13H24O2,212.3285,0.0
C=CCCCCCCCCC(=O)OCCCC,27624.0,C15H28O2,240.3816,0.0
CCCCCCCCCCCC(=O)OC,6889.0,C13H26O2,214.3443,0.0
CCCCCCCCCCCC(=O)OC,6889.0,C13H26O2,214.3443,0.0
CCCCCCCCCCCC(=O)OCC,27044.0,C14H28O2,228.3709,0.0
CCCCCCCCCCCCCC(=O)OC,7019.0,C15H30O2,242.3975,0.0
CCCCCCCCCCCCCC(=O)OCC,27654.0,C16H32O2,256.4241,0.0
CCCCCCCCCCCCCCCC(=O)OC,9149.0,C17H34O2,270.4507,0.0
CCCCCCCCCCCCCCCC(=O)OCC,27511.0,C18H36O2,284.4772,0.0
CCCCCCCCCCCCCCCCCC(=O)OCC(CC)CCCC,27178.0,C26H52O2,396.6899,0.0
CCCCC(CC)COC(=O)Cl,7832.0,C9H17ClO2,192.6831,0.0
CCCCC(CC)COC(=O)Cl,7832.0,C9H17ClO2,192.6831,0.0
NC(=O)CCCCC(N)=O,32.0,C6H12N2O2,144.1717,0.0
CCCC(C)(COC(N)=O)COC(N)=O,3261.0,C9H18N2O4,218.2502,0.0
CC(=O)SC[C@@H](C)C(=O)N1CCC[C@H]1C(=O)N[C@@H](Cc1ccccc1)C(=O)O,28502.0,C20H26N2O5S,406.4958,0.0
O=C(N[C@H]1CN2CCC1CC2)c1ccc2c(c1)OCCO2,27285.0,C16H20N2O3,288.3416,0.0
CCCC(C)(COC(N)=O)COC(=O)NC(C)C,4733.0,C12H24N2O4,260.33,0.0
O=C(COCCOCCOCC(=O)Nc1c(I)cc(I)c(C(=O)O)c1I)Nc1c(I)cc(I)c(C(=O)O)c1I,28708.0,C22H18I6N2O9,1215.8131,0.0
CC(=O)c1ccc(S(=O)(=O)NC(=O)NC2CCCCC2)cc1,7.0,C15H20N2O4S,324.3953,0.0
COC(=O)c1ccccc1S(=O)(=O)NC(=O)Nc1nc(C)cc(C)n1,14936.0,C15H16N4O5S,364.3763,0.0
COC(=O)c1ccccc1CS(=O)(=O)NC(=O)Nc1nc(OC)cc(OC)n1,4164.0,C16H18N4O7S,410.4017,0.0
CN(C)NC(=O)CCC(=O)O,370.0,C6H12N2O3,160.1711,0.0
O=C(NN1CCCC1)NS(=O)(=O)c1ccc(Cl)cc1,28748.0,C11H14ClN3O3S,303.7652,0.0
O=C(O)/C=C\C(=O)O,1517.0,C4H4O4,116.0722,0.0
COC(=O)/C=C\C(=O)O,9251.0,C5H6O4,130.0987,0.0
C[C@@H](Oc1ccc(CNC(=O)c2cccnc2Oc2ccc3c(c2)OCO3)c(F)c1)C(=O)O,27282.0,C23H19FN2O7,454.4046,0.0
N[C@@H](Cc1c[nH]c2ccccc12)C(=O)O,1419.0,C11H12N2O2,204.2252,0.0
O=C(O)[C@H](O)[C@@H](O)C(=O)O,3632.0,C4H6O6,150.0868,0.0
O=C(O[C@@H](C(=O)O)[C@@H](OC(=O)c1ccccc1)C(=O)O)c1ccccc1,13401.0,C18H14O8,358.299,0.0
CC1(C)[C@@H](O[C@H]2O[C@H](C(=O)O)[C@@H](O)[C@H](O)[C@H]2O[C@@H]2O[C@H](C(=O)O)[C@@H](O)[C@H](O)[C@H]2O)CC[C@]2(C)[C@H]3C(=O)C=C4[C@@H]5C[C@@](C)(C(=O)O)CC[C@]5(C)CC[C@@]4(C)[C@]3(C)CC[C@@H]12,27006.0,C42H62O16,822.9321,0.0
CC1=C2[C@@H]([C@H](C)CC[C@H]2/C=C(\C)C(=O)O)[C@H](O)C1,13564.0,C15H22O3,250.3334,0.0
CC(C)(O)C(=O)O,12954.0,C4H8O3,104.1045,0.0
O=C(O)C(O)C(O)C(=O)O,26986.0,C4H6O6,150.0868,0.0
O=C(O)CC(O)C(=O)O,7640.0,C4H6O5,134.0874,0.0
CC(C)=CCCC(C)=CC(=O)O,27115.0,C10H16O2,168.2328,0.0
Cc1ccc(C(=O)O)o1,1627.0,C6H6O3,126.11,0.0
O=C(O)c1ccc2c(c1)C(=O)OC2=O,6235.0,C9H4O5,192.1251,0.0
O=C(O)c1ccccc1-n1cc(C(=O)O)c(=O)c2cc(Nc3c(F)cc(F)cc3Cl)c(Cl)cc21,27375.0,C23H12Cl2F2N2O5,505.2546,0.0
O=C(O)c1ccccn1,11903.0,C6H5NO2,123.1094,0.0
O=C(O)c1ccco1,21420.0,C5H4O3,112.0835,0.0
O=C(O)c1c2ccccc2cc2ccccc12,29387.0,C15H10O2,222.2387,0.0
O=C(O)CC(=O)O,1659.0,C3H4O4,104.0615,0.0
O=C(O)Cc1cccc2ccccc12,915.0,C12H10O2,186.2066,0.0
O=C(O)Cc1c[nH]c2ccccc12,738.0,C10H9NO2,175.184,0.0
O=C(O)CCC(=O)O,3602.0,C4H6O4,118.088,0.0
CN(C)CCOC(C)(c1ccccc1)c1ccccn1.O=C(O)CCC(=O)O,552.0,C21H28N2O5,388.4574 (118.0880+270.3694),0.0
CN(C)CCOC(C)(c1ccccc1)c1ccccn1.O=C(O)CCC(=O)O,552.0,C21H28N2O5,388.4574 (118.0880+270.3694),0.0
COC(=O)CCC(=O)O,24425.0,C5H8O4,132.1146,0.0
O=C(O)CCCCC1CCSS1,5508.0,C8H14O2S2,206.3256,0.0
CCCCCCCC(=O)O,1645.0,C8H16O2,144.2114,0.0
CCCCCCCCC(=O)O,1641.0,C9H18O2,158.238,0.0
O=C(O)CCCCCCCC(=O)O,1640.0,C9H16O4,188.2209,0.0
O=C(O)CCCCCCCCC(=O)O,6867.0,C10H18O4,202.2475,0.0
O=C(O)CCCCCCCCCCC(=O)O,7297.0,C12H22O4,230.3007,0.0
O=C(O)CCCCCCCCCCC(=O)O,7297.0,C12H22O4,230.3007,0.0
O=C(O)CCS,6775.0,C3H6O2S,106.1435,0.0
O=C(O)CNCC(=O)O,7098.0,C4H7NO4,133.1027,0.0
Nc1c(Cl)c(F)nc(OCC(=O)O)c1Cl,14627.0,C7H5Cl2FN2O3,255.0306,0.0
O=C(O)COCC(=O)O,21575.0,C4H6O5,134.0874,0.0
O=C(O)CS,6141.0,C2H4O2S,92.117,0.0
C=CC(C)(CCC=C(C)C)OC(=O)C(C)C,27490.0,C14H24O2,224.3392,0.0
COC(=O)CC(=O)OC,9145.0,C5H8O4,132.1146,0.0
COC(=O)Cc1cccc2ccccc12,22143.0,C13H12O2,200.2332,0.0
COC(=O)CCS,7509.0,C4H8O2S,120.1701,0.0
COC(=O)CSc1cc(/N=c2\sc(=O)n3n2CCCC3)c(F)cc1Cl,12556.0,C15H15ClFN3O3S2,403.8793,0.0
COC(=O)OC,9192.0,C3H6O3,90.0779,0.0
O=C(Oc1ccccc1)c1ccccc1,28185.0,C13H10O2,198.2173,0.0
C=C(C)C(=O)OCC(C)(C)COC(=O)C(=C)C,24867.0,C13H20O4,240.2955,0.0
CCOC(=O)c1ccc(OCCN2C[C@H](O)[C@@H](O)[C@H](O)[C@H]2CO)cc1,28725.0,C17H25NO7,355.3829,0.0
CCOC(=O)CC1(C)OCC(C)O1,27549.0,C9H16O4,188.2209,0.0
CCOC(=O)COc1cc(-n2ncc(C(F)(F)F)c(C)c2=O)c(F)cc1Cl,14618.0,C16H13ClF4N2O4,408.732,0.0
CCOC(=O)OCC,5041.0,C5H10O3,118.1311,0.0
C/C=C(\C)C(=O)OCC/C=C\CC,27562.0,C11H18O2,182.2594,0.0
CC/C=C\CCOC(=O)C(C)C,27585.0,C10H18O2,170.2487,0.0
O=C(OCc1ccccc1)C(=O)OCc1ccccc1,18926.0,C16H14O4,270.28,0.0
O=C(OCc1ccccc1)c1ccccc1,9153.0,C14H12O2,212.2439,0.0
C=C(C)C(=O)OCC1CCCO1,2191.0,C9H14O3,170.2057,0.0
CC(C)=C[C@@H]1[C@@H](C(=O)OCc2coc(Cc3ccccc3)c2)C1(C)C,14382.0,C22H26O3,338.44,0.0
CCCCOC(=O)C(=O)OCCCC,21916.0,C10H18O4,202.2475,0.0
C=C(C)C(=O)OCCCCCC,5406.0,C10H18O2,170.2487,0.0
CCCCCCOC(=O)C(C)CC,27599.0,C11H22O2,186.2912,0.0
C=C(C)C(=O)OCCOC(=O)C(=C)C,6615.0,C10H14O4,198.2158,0.0
C=C(C)C(=O)OCCOC(=O)C(=C)C,6615.0,C10H14O4,198.2158,0.0
O=C(OCCOCCOC(=O)c1ccccc1)c1ccccc1,6967.0,C18H18O5,314.3325,0.0
C=C(C)C(=O)OCCOCCOCCOC(=O)C(=C)C,9607.0,C14H22O6,286.3209,0.0
O=C(OCCOCCOCCOC(=O)c1ccccc1)c1ccccc1,9611.0,C20H22O6,358.3851,0.0
C=C(C)C(=O)OCCOP(=O)(O)OCCOC(=O)C(=C)C,24916.0,C12H19O8P,322.2482,0.0
CCSC(=O)N1CCCCCC1,4206.0,C9H17NOS,187.3024,0.0
CCCCN(CC)C(=O)SCCC,1199.0,C10H21NOS,203.3448,0.0
O=C/C=C/c1ccco1,29151.0,C7H6O2,122.1213,0.0
O=C=NCCCCCCN=C=O,4143.0,C8H12N2O2,168.1931,0.0
CC1(C)CC(N=C=O)CC(C)(CN=C=O)C1,3826.0,C12H18N2O2,222.2835,0.0
O=C=NCC1CCCC(CN=C=O)C1,24933.0,C10H14N2O2,194.2304,0.0
CSc1nnc(C(C)(C)C)c(=O)n1N,4204.0,C8H14N4OS,214.288,0.0
CSc1nnc(C(C)(C)C)c(=O)n1N,4204.0,C8H14N4OS,214.288,0.0
CC1CC(C)C(=O)C1=O,27660.0,C7H10O2,126.1531,0.0
CC1=CC(=O)CC(C)(C)C1=O,1685.0,C9H12O2,152.1904,0.0
Cc1cc(=O)nc(C(C)C)[nH]1,7502.0,C8H12N2O,152.1937,0.0
Cc1cc(=O)[nH]c(=S)[nH]1,890.0,C5H6N2OS,142.1789,0.0
O=C1C=CC(=O)O1,4166.0,C4H2O3,98.0569,0.0
CCCCCc1cccc(=O)o1,27589.0,C10H14O2,166.217,0.0
O=C1C=CCCC1,4881.0,C6H8O,96.1271,0.0
O=c1cc[nH]c(=O)[nH]1,1424.0,C4H4N2O2,112.0868,0.0
O=c1cc[nH]c(=S)[nH]1,1347.0,C4H4N2OS,128.1524,0.0
CC1CC(=O)O1,223.0,C4H6O2,86.0892,0.0
O=C1CCC(=O)N1Cl,22199.0,C4H4ClNO2,133.5331,0.0
O=C1CCC(=O)O1,1287.0,C4H4O3,100.0728,0.0
CC1CCC(=O)O1,27618.0,C5H8O2,100.1158,0.0
CCC1CCC(=O)O1,21298.0,C6H10O2,114.1424,0.0
CCCCCC1CCC(=O)O1,14229.0,C9H16O2,156.2221,0.0
CCCCCCC1CCC(=O)O1,2109.0,C10H18O2,170.2487,0.0
O=C1CCc2ccccc2O1,474.0,C9H8O2,148.1586,0.0
CCCCCC1CCCC(=O)O1,24496.0,C10H18O2,170.2487,0.0
CC1C(C)(C)C2=C(C(=O)CCC2)C1(C)C,27399.0,C14H22O,206.3239,0.0
CC(C)(C)C1CCCCC1=O,27081.0,C10H18O,154.2493,0.0
O=C1CCCCC1C1CCCCC1,27424.0,C12H20O,180.2866,0.0
O=C1CCCCC1Cl,1530.0,C6H9ClO,132.5881,0.0
O=C1CCCCCCCCCCC1,7322.0,C12H22O,182.3025,0.0
O=C1CCCCCCCCCCC1,7322.0,C12H22O,182.3025,0.0
O=C1CCCCCCCCCCCCCCO1,24359.0,C15H28O2,240.3816,0.0
O=C1CCCCCCCCCCCN1,7344.0,C12H23NO,197.3171,0.0
O=C1CCCCCCCCCCCN1,7344.0,C12H23NO,197.3171,0.0
O=C1CCCCCN1,240.0,C6H11NO,113.1576,0.0
O=C1CCCCO1,24438.0,C5H8O2,100.1158,0.0
O=C1CCCN1,7246.0,C4H7NO,85.1045,0.0
CN1CCCC1=O,856.0,C5H9NO,99.1311,0.0
C=CN1CCCC1=O,1440.0,C6H9NO,111.1418,0.0
O=C1CCCN1CCO,24922.0,C6H11NO2,129.157,0.0
O=C1CCCO1,224.0,C4H6O2,86.0892,0.0
CC1(C)C(=O)N(Cl)C(=O)N1Cl,4985.0,C5H6Cl2N2O2,197.0193,0.0
CC1(C)NC(=O)NC1=O,1754.0,C5H8N2O2,128.1292,0.0
CC1(C)OC(=O)NC1=O,478.0,C5H7NO3,129.114,0.0
O=C1NC(=O)C2CC=CCC12,6513.0,C8H9NO2,151.1626,0.0
O=C1NC(=O)c2ccccc21,6514.0,C8H5NO2,147.1308,0.0
CCC1(c2ccccc2)C(=O)NC(=O)NC1=O,1122.0,C12H12N2O3,232.2353,0.0
C=CCC1([C@H](C)CCC)C(=O)NC(=O)NC1=O,28799.0,C12H18N2O3,238.2829,0.0
CCC1(CCC(C)C)C(=O)NC(=O)NC1=O,81.0,C11H18N2O3,226.2722,0.0
CCC1(C)NC(=O)NC1=O,21368.0,C6H10N2O2,142.1558,0.0
O=c1[nH]c2ccccc2o1,29280.0,C7H5NO2,135.1201,0.0
O=C1NCCN1CCO,9260.0,C5H10N2O2,130.1451,0.0
O=c1[nH]ncc2ccccc12,5903.0,C8H6N2O,146.146,0.0
CC12CCCC=C1C(=O)OC2=O,7729.0,C9H10O3,166.1739,0.0
O=C1OC(=O)c2c(Cl)c(Cl)c(Cl)c(Cl)c21,6102.0,C8Cl4O3,285.8958,0.0
O=C(c1ccc2c(c1)C(=O)OC2=O)c1ccc2c(c1)C(=O)OC2=O,9233.0,C17H6O7,322.2253,0.0
O=C1OC(=O)C2CC=CCC12,6516.0,C8H8O3,152.1473,0.0
CC(C)(c1ccc(Oc2ccc3c(c2)C(=O)OC3=O)cc1)c1ccc(Oc2ccc3c(c2)C(=O)OC3=O)cc1,8001.0,C31H20O8,520.4857,0.0
O=C1OC(=O)C2CCCCC12,6515.0,C8H10O3,154.1632,0.0
O=C1OC(=O)C2C3C=CC(C3)C12,27456.0,C9H8O3,164.158,0.0
CCC1COC(=O)O1,20342.0,C5H8O3,116.1152,0.0
C[C@H]1C(=O)O[C@@H]2CCN3CC=C(COC(=O)[C@](C)(O)[C@]1(C)O)[C@H]23,902.0,C16H23NO6,325.3569,0.0
CCCCC1C(=O)NC(=O)N(C2CCCCC2)C1=O,28780.0,C14H22N2O3,266.3361,0.0
Cc1cc(=O)n(-c2ccccc2)n1C,1117.0,C11H12N2O,188.2258,0.0
CCCCN1C(=O)c2ccccc2C1=O,24591.0,C12H13NO2,203.2371,0.0
O=C1c2ccccc2C(=O)N1CCl,7790.0,C9H6ClNO2,195.6024,0.0
O=C1c2ccccc2C(=O)N1CO,6954.0,C9H7NO3,177.1568,0.0
Cn1c(=O)c2c(ncn2C)n(C)c1=O,232.0,C8H10N4O2,194.1906,0.0
CS(=O)(=O)c1ccc(C(=O)C2C(=O)CCCC2=O)c(Cl)c1COCC(F)(F)F,27037.0,C17H16ClF3O6S,440.8185,0.0
CS(=O)(=O)c1ccc(C(=O)C2C(=O)CCCC2=O)c([N+](=O)[O-])c1,12424.0,C14H13NO7S,339.3205,0.0
Cc1cccc(C)c1NC(=O)CN1CCCC1=O,923.0,C14H18N2O2,246.3049,0.0
O=c1nn[nH]c2ccccc12,6544.0,C7H5N3O,147.1341,0.0
O=c1nn[nH]c2ccccc12,6544.0,C7H5N3O,147.1341,0.0
O=C1NS(=O)(=O)c2ccccc21,1251.0,C7H5NO3S,183.1845,0.0
COCC(=O)N(c1c(C)cccc1C)N1CCOC1=O,12631.0,C14H18N2O4,278.3037,0.0
CCN1C(=O)c2ccccc2C1Nc1ccc(OCCN2CCCCC2)cc1,28726.0,C23H29N3O2,379.4953,0.0
O=C1[C@@H]2[C@H]3CC[C@H](C3)[C@@H]2C(=O)N1CCCCN1CCN(c2ncccn2)CC1,28762.0,C21H29N5O2,383.4873,0.0
O=CC=O,5364.0,C2H2O2,58.0361,0.0
O=Cc1cc2ccccc2o1,27121.0,C9H6O2,146.1427,0.0
O=Cc1ccc(CO)o1,10428.0,C6H6O3,126.11,0.0
O=Cc1ccc(CO)o1,10428.0,C6H6O3,126.11,0.0
O=Cc1ccco1,647.0,C5H4O2,96.0841,0.0
CC(CC=O)CCCC(C)(C)O,22232.0,C10H20O2,172.2646,0.0
CSCCC=O,7528.0,C4H8OS,104.1707,0.0
O=CN(CCO)CCO,24625.0,C5H11NO3,133.1457,0.0
O=CN1CCCCC1,23941.0,C6H11NO,113.1576,0.0
O=CN1CCOCC1,24427.0,C5H9NO2,115.1305,0.0
O=CNNC=O,468.0,C2H4N2O2,88.0654,0.0
C=CC(C)(CCC=C(C)C)OC=O,27642.0,C11H18O2,182.2594,0.0
CCCCN(CCCCO)N=O,210.0,C8H18N2O2,174.2407,0.0
O=NN1CCCC1,1062.0,C4H8N2O,100.1191,0.0
O=NN1CCCC1,1062.0,C4H8N2O,100.1191,0.0
O=NN1CCCCC1,1060.0,C5H10N2O,114.1457,0.0
O=NN1CCOCC1,1056.0,C4H8N2O2,116.1185,0.0
CCN(CC)CCCC(C)Nc1ccnc2cc(Cl)ccc12.O=P(O)(O)O.O=P(O)(O)O,24681.0,C18H32ClN3O8P2,515.8625 (319.8721+97.9952+97.9952),0.0
CN(C)CCc1c[nH]c2cccc(OP(=O)(O)O)c12,28824.0,C12H17N2O4P,284.2481,0.0
COP(=O)(O)OC,5150.0,C2H7O4P,126.0483,0.0
COP(=O)(OC)OC,1403.0,C3H9O4P,140.0749,0.0
CNC(=O)/C=C(\C)OP(=O)(OC)OC,14816.0,C7H14NO5P,223.1635,0.0
CO[PH](=O)OC,493.0,C2H7O3P,110.0489,0.0
O=[PH](Oc1ccccc1)Oc1ccccc1,21889.0,C12H11O3P,234.1877,0.0
CCOP(=O)(N=C1SCCS1)OCC,22285.0,C7H14NO3PS2,255.2947,0.0
COC(=O)c1sccc1S(=O)(=O)NC(=O)Nc1nc(C)nc(OC)n1,4124.0,C12H13N5O6S2,387.3915,0.0
COc1cc(OC)nc(NC(=O)NS(=O)(=O)c2ncccc2C(=O)N(C)C)n1,14764.0,C15H18N6O6S,410.405,0.0
CCOc1ccc(NS(=O)(=O)c2ccc(N)cc2)nn1,28622.0,C12H14N4O3S,294.3296,0.0
CC(C)(C)c1nnc(NS(=O)(=O)c2ccccc2)s1,3103.0,C12H15N3O2S2,297.3964,0.0
Nc1ccc2cc(S(=O)(=O)O)cc(O)c2c1,6547.0,C10H9NO4S,239.2478,0.0
CC1=NN(c2ccc(S(=O)(=O)O)cc2)C(=O)C1,24999.0,C10H10N2O4S,254.2624,0.0
O=C(O)C1=NN(c2ccc(S(=O)(=O)O)cc2)C(=O)C1,21273.0,C10H8N2O6S,284.2453,0.0
O=S(=O)(O)CCCN1CCOCC1,24371.0,C7H15NO4S,209.2633,0.0
NCCOS(=O)(=O)O,24469.0,C2H7NO4S,141.1463,0.0
COS(=O)(=O)OC,4055.0,C2H6O4S,126.1316,0.0
COS(=O)(=O)OC,4055.0,C2H6O4S,126.1316,0.0
CS(=O)(=O)OCCCCOS(C)(=O)=O,910.0,C6H14O6S2,246.3018,0.0
COC(=O)c1sccc1S(N)(=O)=O,24490.0,C6H7NO4S2,221.2541,0.0
CC(=O)Nc1nnc(S(N)(=O)=O)s1,2544.0,C4H6N4O3S2,222.2454,0.0
O=S1(=O)CC=CC1,1294.0,C4H6O2S,118.1542,0.0
O=S1(=O)CC=CC1,1294.0,C4H6O2S,118.1542,0.0
O=S1(=O)CCCC1,7037.0,C4H8O2S,120.1701,0.0
O=S1(=O)CCCO1,1195.0,C3H6O3S,122.1429,0.0
C1C2OC2C2C1C1CC2C2OC12,452.0,C10H12O2,164.2011,0.0
C1CC2OC2CC1C1CO1,604.0,C8H12O2,140.1797,0.0
O=C(O)/C=C/c1c[nH]cn1,21148.0,C6H6N2O2,138.124,0.0
O=C(O)CCC(=O)C(=O)O,13179.0,C5H6O5,146.0981,0.0
O=C(O)c1cc(O)nc(O)n1,5814.0,C5H4N2O4,156.0963,0.0
CCc1cnc(C(=O)O)c(C(=O)O)c1,9072.0,C9H9NO4,195.1721,0.0
O=C(O)CC(C(=O)O)C(CC(=O)O)C(=O)O,4670.0,C8H10O8,234.1602,0.0
O=C(O)CC(C(=O)O)C(CC(=O)O)C(=O)O,4670.0,C8H10O8,234.1602,0.0
O=C(O)CCCCC(=O)O,1605.0,C6H10O4,146.1412,0.0
O=C(O)CCSSCCC(=O)O,12998.0,C6H10O4S2,210.2712,0.0
O=C(O)CN(CC(=O)O)CC(=O)O,939.0,C6H9NO6,191.1388,0.0
O=C(c1ccccc1)C(O)c1ccccc1,144.0,C14H12O2,212.2439,0.0
CCCCOC(=O)C(C)O,22196.0,C7H14O3,146.1843,0.0
CCCCOCC(C)OCC(C)O,7959.0,C10H22O3,190.2799,0.0
OC(Cn1cncn1)(c1ccc(F)cc1)c1ccccc1F,20727.0,C16H13F2N3O,301.2907,0.0
CCC(O)OCC(C)OC(O)CC,7837.0,C9H20O4,192.2527,0.0
CCC(O)OCC(C)OC(O)CC,7837.0,C9H20O4,192.2527,0.0
CCCCOC(CC)OC(C)COC(O)CC,22503.0,C13H28O4,248.359,0.0
OC[C@@H](O)[C@@H](O)CO,23919.0,C4H10O4,122.1198,0.0
O=[N+]([O-])c1nccn1CO[C@@H](CO)[C@H](O)CO,28743.0,C8H13N3O6,247.2053,0.0
O=c1c(O)c(O)c1=O,29369.0,C4H2O4,114.0563,0.0
Cc1ncc(CO)c(CO)c1O,3541.0,C8H11NO3,169.1778,0.0
CC1(C)CC(O)CC(C)(C)N1[O],21280.0,C9H18NO2,172.2447,0.0
CC(CCC(=O)O)(c1ccc(O)cc1)c1ccc(O)cc1,2436.0,C17H18O4,286.3224,0.0
C[C@@H]1O[C@@H](OC[C@H]2O[C@@H](Oc3c(-c4ccc(O)c(O)c4)oc4cc(O)cc(O)c4c3=O)[C@H](O)[C@@H](O)[C@@H]2O)[C@H](O)[C@H](O)[C@H]1O,2326.0,C27H30O16,610.5175,0.0
CCCCC1CCC(O)CC1,28179.0,C10H20O,156.2652,0.0
CC1(C)Cc2cccc(O)c2O1,7414.0,C10H12O2,164.2011,0.0
OC1CCCCC1,1894.0,C6H12O,100.1589,0.0
OC1CCCc2ccccc21,7174.0,C10H12O,148.2017,0.0
OCC#CCO,1921.0,C4H6O2,86.0892,0.0
CCCCOC(=O)CO,24725.0,C6H12O3,132.1577,0.0
OCC(CO)(CBr)CBr,164.0,C5H10Br2O2,261.9397,0.0
OCC(CO)(CBr)CBr,164.0,C5H10Br2O2,261.9397,0.0
OCC(CO)(CO)CO,6943.0,C5H12O4,136.1464,0.0
O=C(CCN1CC1)OCC(CO)(COC(=O)CCN1CC1)COC(=O)CCN1CC1,24696.0,C20H33N3O7,427.4919,0.0
CCC(CO)(CO)COCC(CC)(CO)CO,24879.0,C12H26O5,250.3318,0.0
NC(CO)(CO)CO,3723.0,C4H11NO3,121.135,0.0
NC(CO)(CO)CO,3723.0,C4H11NO3,121.135,0.0
OCC(O)CCl,664.0,C3H7ClO2,110.5395,0.0
OCC(O)CCl,664.0,C3H7ClO2,110.5395,0.0
OCC(O)CO,662.0,C3H8O3,92.0938,0.0
OCC(O)CO,662.0,C3H8O3,92.0938,0.0
CCCCCCCC(=O)OCC(O)CO,22006.0,C11H22O4,218.29,0.0
CCCCCCCCCCCCCCCCCC(=O)OCC(O)CO,9160.0,C21H42O4,358.5558,0.0
C=CCOCC(O)CO,24375.0,C6H12O3,132.1577,0.0
OCC1CCC(CO)CC1,6712.0,C8H16O2,144.2114,0.0
OCc1cccnc1,3367.0,C6H7NO,109.1259,0.0
OCC1CCCO1,9128.0,C5H10O2,102.1317,0.0
OCC1CCCO1,9128.0,C5H10O2,102.1317,0.0
OCC1CC2CC1C1CCC(CO)C21,24900.0,C12H20O2,196.286,0.0
OCCc1ccncc1,24953.0,C7H9NO,123.1525,0.0
OCCCC1CCCCC1,27244.0,C9H18O,142.2386,0.0
OCCCCCO,21256.0,C5H12O2,104.1476,0.0
OCCCCO,4666.0,C4H10O2,90.121,0.0
OCCCCO,4666.0,C4H10O2,90.121,0.0
OCCCO,21246.0,C3H8O2,76.0944,0.0
OCCN(CCO)CCO,1392.0,C6H15NO3,149.1882,0.0
OCCN(CCO)CCO,1392.0,C6H15NO3,149.1882,0.0
O=NN(CCO)CCO,1027.0,C4H10N2O3,134.1338,0.0
O=c1n(CCO)c(=O)n(CCO)c(=O)n1CCO,6266.0,C9H15N3O6,261.2319,0.0
OCCN1CCN(CCO)CC1,9158.0,C8H18N2O2,174.2407,0.0
OCCNCCO,1932.0,C4H11NO2,105.1356,0.0
OCCO,597.0,C2H6O2,62.0678,0.0
CC(CN(CCN(CC(C)OCCO)CC(C)OCCO)CC(C)OCCO)OCCO,27630.0,C22H48N2O8,468.6251,0.0
CC(COCCO)OCCO,27597.0,C7H16O4,164.1995,0.0
CCCCC(CC)COCCO,21920.0,C10H22O2,174.2805,0.0
CCCCCCOCCO,6908.0,C8H18O2,146.2273,0.0
CCCCCCOCCO,6908.0,C8H18O2,146.2273,0.0
CCCCCCCCCCCCCCCCCCOCCO,9299.0,C20H42O2,314.5463,0.0
OCCOCCO,462.0,C4H10O3,106.1204,0.0
COCCOCCO,5049.0,C5H12O3,120.147,0.0
CCOCCOCCO,1941.0,C6H14O3,134.1736,0.0
CCCCCCOCCOCCO,6921.0,C10H22O3,190.2799,0.0
OCCOCCOCCO,1393.0,C6H14O4,150.173,0.0
OCCOCCOCCO,1393.0,C6H14O4,150.173,0.0
COCCOCCOCCO,6912.0,C7H16O4,164.1995,0.0
CCOCCOCCOCCO,4368.0,C8H18O4,178.2261,0.0
CCCOCCOCCOCCO,24880.0,C9H20O4,192.2527,0.0
OCCOCCOCCOCCO,6922.0,C8H18O5,194.2255,0.0
OCCOCCOCCOCCOCCO,7579.0,C10H22O6,238.2781,0.0
OCCOCCOCCOCCOCCO,7579.0,C10H22O6,238.2781,0.0
OCCSCCO,6878.0,C4H10O2S,122.186,0.0
OCCSCSCCO,24945.0,C5H12O2S2,168.2776,0.0
O=C(NCO)NCO,5141.0,C3H8N2O3,120.1072,0.0
ON=CC=NO,22014.0,C2H4N2O2,88.0654,0.0
COc1cc(O)c(C(=O)c2ccccc2)cc1S(=O)(=O)O,22436.0,C14H12O6S,308.3065,0.0
C1CCC(SSC2CCCCC2)CC1,27628.0,C12H22S2,230.4331,0.0
S=C=S,3947.0,CS2,76.1407,0.0
CCCc1cc(=O)[nH]c(=S)[nH]1,1209.0,C7H10N2OS,170.2321,0.0
S=C1NCCN1,601.0,C3H6N2S,102.1581,0.0
S=C1NCCN1,601.0,C3H6N2S,102.1581,0.0
CCC(COC(=O)CCS)(COC(=O)CCS)COC(=O)CCS,24919.0,C15H26O6S3,398.5583,0.0
