target,fingerprint,model,resampling,optimized_for,best_params,val_selection,val_n,val_accuracy,val_f1_weighted,val_f1_macro,val_roc_auc,val_pr_auc,final_train_accuracy,final_train_f1_weighted,final_train_f1_macro,final_train_roc_auc,final_train_pr_auc,final_train_n,final_test_accuracy,final_test_f1_weighted,final_test_f1_macro,final_test_roc_auc,final_test_pr_auc,final_test_n,training_time,refit_time,run_date
NR-AR,atom_pair,BalancedRandomForest,none,pr_auc,"{'max_depth': 5, 'max_features': 'sqrt', 'min_samples_leaf': 10, 'n_estimators': 200}",0.6268417696446029,1421,0.983814215341309,0.9806685337101376,0.7788955262249944,0.8815419465708483,0.6268417696446029,0.9359573048699132,0.9461122234285688,0.6990092051679457,0.9035893723393722,0.6550265091997354,5996.0,0.9533029612756264,0.961515914801506,0.5518344683341011,0.6463499420625725,0.1674393523369569,878.0,1.2416489124298096,1.4469590187072754,2026-04-21T21:46:48.739886+00:00
NR-AR,atom_pair,RandomForest,random_over,pr_auc,"{'max_depth': 5, 'max_features': 'log2', 'min_samples_leaf': 5, 'n_estimators': 100}",0.557208481816501,1421,0.983814215341309,0.9806685337101376,0.7788955262249944,0.8190517106702078,0.557208481816501,0.8301282051282052,0.8266508863712366,0.8266508863712366,0.9160778201838492,0.933243117358048,11544.0,0.9601366742596812,0.9653563519968796,0.562966650074664,0.6675164156044804,0.0951273179553258,878.0,0.3218069076538086,0.3843088150024414,2026-04-21T16:05:07.905610+00:00
NR-AR,atom_pair,RandomForest,random_under,pr_auc,"{'max_depth': 5, 'max_features': 'sqrt', 'min_samples_leaf': 5, 'n_estimators': 200}",0.635160538887505,1421,0.9831104855735396,0.9796042931590366,0.7649296939619521,0.8892555850648336,0.635160538887505,0.8824404761904762,0.8761934353221424,0.8553078061503994,0.9393136160714288,0.9289681689386649,672.0,0.9533029612756264,0.961515914801506,0.5518344683341011,0.6774816531479335,0.1313622654951511,878.0,0.4531998634338379,0.3424608707427978,2026-04-21T16:05:07.905306+00:00
NR-AR,atom_pair,LogisticRegression,smote,pr_auc,"{'C': 0.001, 'l1_ratio': 1.0}",0.4111747215195491,1421,0.9627023223082336,0.9650412954945964,0.6786233971281657,0.7084635213247931,0.4111747215195491,0.7577962577962578,0.7542951986956166,0.7542951986956166,0.7840949857581874,0.7838817816150744,11544.0,0.8963553530751709,0.9300572691445677,0.5035016747139937,0.5587485515643106,0.0285949621999934,878.0,0.2121200561523437,0.1513011455535888,2026-04-21T08:28:35.638562+00:00
NR-AR,atom_pair,LogisticRegression,smoteenn,pr_auc,"{'C': 0.001, 'l1_ratio': 1.0}",0.4111747215195491,1421,0.9627023223082336,0.9650412954945964,0.6786233971281657,0.7084635213247931,0.4111747215195491,0.7599339187896704,0.756505827879732,0.7563960677091235,0.7859940465325349,0.7847910574740682,11501.0,0.8963553530751709,0.9300572691445677,0.5035016747139937,0.5587485515643106,0.0285949621999934,878.0,0.4716589450836181,0.2867770195007324,2026-04-21T08:28:35.634476+00:00
NR-AR,atom_pair,RandomForest,smoten,pr_auc,"{'max_depth': 5, 'max_features': 'sqrt', 'min_samples_leaf': 10, 'n_estimators': 100}",0.3841034859162587,1421,0.9831104855735396,0.9791295931474062,0.755702005730659,0.545666692704265,0.3841034859162587,0.9093035343035344,0.90882881711583,0.90882881711583,0.9732830493615316,0.976840973557752,11544.0,0.9738041002277904,0.972371498807178,0.5674228305807253,0.6662804171494786,0.0911116333678095,878.0,1.1478848457336426,0.7141602039337158,2026-04-21T16:05:29.307416+00:00
NR-AR,atom_pair,RandomForest,smoten_enn,pr_auc,"{'max_depth': 5, 'max_features': 'sqrt', 'min_samples_leaf': 20, 'n_estimators': 100}",0.3932933490068685,1421,0.9831104855735396,0.9791295931474062,0.755702005730659,0.5444266520856116,0.3932933490068685,0.908496161898116,0.9079681733851784,0.907917221538333,0.9805220783787194,0.981529577834662,11464.0,0.9749430523917996,0.9730445624529656,0.5705646954201867,0.6831208960988799,0.1390415247823754,878.0,1.0109529495239258,0.9270200729370116,2026-04-21T16:06:03.541925+00:00
NR-AR,avalon,BernoulliNB,none,pr_auc,{'alpha': 0.1},0.5932867844135828,1421,0.9859254046446164,0.9840245253868491,0.8239942528735632,0.8608908764255585,0.5932867844135828,0.8448965977318212,0.8884745697765043,0.5769145325292078,0.8062285757598258,0.1665600418043685,5996.0,0.8052391799544419,0.877143036930097,0.4733385951065509,0.5649285438393201,0.0304710068016981,878.0,0.0096569061279296,0.0038416385650634,2026-04-21T14:01:12.359505+00:00
NR-AR,avalon,BernoulliNB,random_over,pr_auc,{'alpha': 50.0},0.5923042998401332,1421,0.984517945109078,0.982750660937669,0.8127126767313684,0.8613204967973754,0.5923042998401332,0.7542446292446292,0.7524201032711554,0.7524201032711554,0.8029831866890079,0.7942776531457922,11544.0,0.7961275626423691,0.8715401880714937,0.4693395191161624,0.562108922363847,0.0289630449695393,878.0,0.0630099773406982,0.1564462184906005,2026-04-21T14:01:12.933684+00:00
NR-AR,avalon,BernoulliNB,random_under,pr_auc,{'alpha': 0.1},0.5932146449858124,1421,0.983814215341309,0.9821273314349088,0.8073402066717362,0.8620235119512576,0.5932146449858124,0.7931547619047619,0.7923148587600415,0.7654379581289881,0.810546875,0.6872804414870408,672.0,0.7870159453302962,0.8658834921614399,0.4654063681326374,0.5585940517574353,0.0279078843039827,878.0,0.0132679939270019,0.0013008117675781,2026-04-21T14:01:14.168165+00:00
NR-AR,avalon,BernoulliNB,smote,pr_auc,{'alpha': 50.0},0.4860269921057477,1421,0.9831104855735396,0.9800433770368254,0.7734736170891121,0.7573133104202467,0.4860269921057477,0.7813582813582813,0.7764179175943882,0.7764179175943882,0.7897321898101524,0.819944336549784,11544.0,0.9271070615034168,0.9470689304426608,0.5238773089306897,0.5798764001544998,0.0351351216725961,878.0,0.0778658390045166,0.0639581680297851,2026-04-21T14:01:14.589050+00:00
NR-AR,avalon,BernoulliNB,smoteenn,pr_auc,{'alpha': 50.0},0.4914675681744822,1421,0.983814215341309,0.9806685337101376,0.7788955262249944,0.763113185439775,0.4914675681744822,0.790198141329125,0.7856576412653457,0.7852638078217242,0.7953514001836686,0.8224234647375817,11406.0,0.9271070615034168,0.9470689304426608,0.5238773089306897,0.579837775202781,0.0347698827312256,878.0,0.059838056564331,0.0584750175476074,2026-04-21T14:01:23.621257+00:00
NR-AR,avalon,BernoulliNB,smoten,pr_auc,{'alpha': 50.0},0.4619919788185377,1421,0.983814215341309,0.9802311712809514,0.7703894169634891,0.689413763474457,0.4619919788185377,0.7908870408870409,0.7859914286649001,0.7859914286649001,0.8422270523362,0.8483800132178873,11544.0,0.9373576309794988,0.9527021184322986,0.532956139078292,0.5475859405175744,0.035998477804035,878.0,0.0794329643249511,0.0546669960021972,2026-04-21T14:01:18.964004+00:00
NR-AR,avalon,BernoulliNB,smoten_enn,pr_auc,{'alpha': 50.0},0.4578458406836253,1421,0.9831104855735396,0.9791295931474062,0.755702005730659,0.6740450710826433,0.4578458406836253,0.7974506722542344,0.7927586138888376,0.7925069540241858,0.8530721445188183,0.8557625302290595,11454.0,0.938496583143508,0.9533284802509993,0.5340801886792453,0.5448435689455389,0.0365332534833793,878.0,0.0863497257232666,0.0695059299468994,2026-04-21T14:01:26.718824+00:00
NR-AR,erg,BalancedRandomForest,none,pr_auc,"{'max_depth': 5, 'max_features': 'sqrt', 'min_samples_leaf': 20, 'n_estimators': 100}",0.5897284031580764,1421,0.983814215341309,0.9821273314349088,0.8073402066717362,0.8542024683643182,0.5897284031580764,0.9066044029352902,0.927390028620517,0.6515080877075066,0.8792995433620434,0.6263753549458605,5996.0,0.9236902050113897,0.9455617453002132,0.5334047194130478,0.6202780996523755,0.0915302168726333,878.0,0.7459793090820312,0.394895076751709,2026-04-21T21:46:48.741387+00:00
NR-AR,erg,RandomForest,random_over,pr_auc,"{'max_depth': 5, 'max_features': 'sqrt', 'min_samples_leaf': 20, 'n_estimators': 100}",0.5261324944237475,1421,0.9831104855735396,0.9791295931474062,0.755702005730659,0.8137205124199344,0.5261324944237475,0.8566354816354816,0.8543470191196813,0.8543470191196811,0.9347592434910524,0.9525349344452688,11544.0,0.969248291571754,0.9697353733303088,0.5566900420757364,0.6609887987640015,0.0796930530699616,878.0,0.4448201656341553,0.3673951625823974,2026-04-21T16:07:40.099147+00:00
NR-AR,erg,RandomForest,random_under,pr_auc,"{'max_depth': 15, 'max_features': 'sqrt', 'min_samples_leaf': 10, 'n_estimators': 200}",0.5854640600108029,1421,0.9824067558057706,0.978987536641454,0.7596690502445591,0.8539486017809717,0.5854640600108029,0.8809523809523809,0.8766205941617885,0.8572141893399343,0.9331004862882654,0.9176229851413396,672.0,0.9430523917995444,0.9563288334985256,0.5542423134722392,0.6785245268443414,0.082631208656117,878.0,0.3808062076568603,0.3580658435821533,2026-04-21T16:07:44.738730+00:00
NR-AR,erg,RandomForest,smote,pr_auc,"{'max_depth': 15, 'max_features': 'sqrt', 'min_samples_leaf': 20, 'n_estimators': 100}",0.5096090158842241,1421,0.9817030260380014,0.976832728253348,0.7245138391791935,0.8031948133104202,0.5096090158842241,0.9563409563409564,0.9562858149822208,0.9562858149822208,0.990007769243736,0.9925631933741538,11544.0,0.9772209567198178,0.9754950567754234,0.6096042685638061,0.7052529934337581,0.1872995567689005,878.0,0.8505489826202393,0.5727732181549072,2026-04-21T16:07:57.470514+00:00
NR-AR,erg,RandomForest,smoteenn,pr_auc,"{'max_depth': 5, 'max_features': 'sqrt', 'min_samples_leaf': 10, 'n_estimators': 100}",0.5164520778631773,1421,0.9817030260380014,0.976832728253348,0.7245138391791935,0.8374082174660211,0.5164520778631773,0.9055619418162524,0.9047149947946408,0.9045063652872208,0.9651138388496164,0.9730413056056516,11309.0,0.9738041002277904,0.972371498807178,0.5674228305807253,0.7023947470065662,0.1037994294393657,878.0,0.3938019275665283,0.3138079643249511,2026-04-21T16:07:59.117214+00:00
NR-AR,erg,LogisticRegression,smoten,pr_auc,"{'C': 0.01, 'l1_ratio': 1.0}",0.4464797262535353,1421,0.9655172413793104,0.9665772674486848,0.6810062443592316,0.7279526636463053,0.4464797262535353,0.748960498960499,0.7401471415457925,0.7401471415457925,0.7405486207461258,0.7859317146190419,11544.0,0.9259681093394078,0.9468262792351124,0.5354837659430729,0.5184627269215913,0.0609444142438655,878.0,0.0323820114135742,0.0314381122589111,2026-04-21T08:28:52.138718+00:00
NR-AR,erg,LogisticRegression,smoten_enn,pr_auc,"{'C': 0.01, 'l1_ratio': 1.0}",0.4340223575703316,1421,0.9655172413793104,0.9665772674486848,0.6810062443592316,0.7474027495703797,0.4340223575703316,0.7842293250297646,0.7776413648451312,0.7750386624965878,0.7828415108626883,0.7932410577029725,10919.0,0.9248291571753986,0.9461940359857204,0.5344345534595237,0.5617226728466589,0.0538324131836575,878.0,0.0296449661254882,0.0231070518493652,2026-04-21T08:28:52.542008+00:00
NR-AR,estate,RUSBoost,none,pr_auc,"{'learning_rate': 0.005, 'n_estimators': 50, 'sampling_strategy': 'auto'}",0.6149263383468293,1421,0.9831104855735396,0.9815124686249048,0.8021350661406359,0.896520074988283,0.6149263383468293,0.9169446297531688,0.9343053902259036,0.6725730557076087,0.9012945809820808,0.5625871750724651,5996.0,0.9316628701594531,0.949572418119816,0.5277030661646046,0.6642332947083815,0.0881484415441938,878.0,0.1554269790649414,0.1867890357971191,2026-04-29T18:00:31.294748+00:00
NR-AR,estate,DecisionTree,random_over,pr_auc,"{'ccp_alpha': 0.01, 'criterion': 'gini', 'max_depth': 5, 'min_samples_leaf': 10}",0.5122476354232569,1421,0.9831104855735396,0.9796042931590366,0.7649296939619521,0.806377909701609,0.5122476354232569,0.7768537768537769,0.7701604095918727,0.7701604095918726,0.8285147303468509,0.8083792430111632,11544.0,0.9544419134396356,0.9621519216813283,0.5535214848715992,0.7063731170336038,0.0444202178656486,878.0,0.0230369567871093,0.0814940929412841,2026-04-22T07:17:39.706364+00:00
NR-AR,estate,RandomForest,random_under,pr_auc,"{'max_depth': 15, 'max_features': 'log2', 'min_samples_leaf': 10, 'n_estimators': 100}",0.5777796912271189,1421,0.9802955665024632,0.9776343355415889,0.7535919540229885,0.8712701140446806,0.5777796912271189,0.8541666666666666,0.8480392156862745,0.8235294117647058,0.8982282366071428,0.8644611851867069,672.0,0.940774487471526,0.9545819868384666,0.5364120060111287,0.6566241792197759,0.1127269501178584,878.0,0.1329138278961181,0.1072258949279785,2026-04-21T16:08:36.741706+00:00
NR-AR,estate,DecisionTree,smote,pr_auc,"{'ccp_alpha': 0.01, 'criterion': 'gini', 'max_depth': 5, 'min_samples_leaf': 10}",0.518339502117123,1421,0.983814215341309,0.9806685337101376,0.7788955262249944,0.8108010467114513,0.518339502117123,0.8666839916839917,0.8663500984386585,0.8663500984386585,0.9131489707763096,0.8999612503221843,11544.0,0.9168564920273348,0.9417655332550108,0.5275916712732633,0.7158362302047122,0.0518166674644706,878.0,0.0331661701202392,0.041144847869873,2026-04-22T07:17:41.234158+00:00
NR-AR,estate,DecisionTree,smoteenn,pr_auc,"{'ccp_alpha': 0.01, 'criterion': 'gini', 'max_depth': 5, 'min_samples_leaf': 10}",0.518339502117123,1421,0.983814215341309,0.9806685337101376,0.7788955262249944,0.8108010467114513,0.518339502117123,0.8711511546536039,0.8708363531875034,0.8707673556058922,0.9161962434709784,0.9013438671295289,11432.0,0.9168564920273348,0.9417655332550108,0.5275916712732633,0.7158362302047122,0.0518166674644706,878.0,0.0375900268554687,0.0342271327972412,2026-04-22T07:17:42.023817+00:00
NR-AR,estate,RandomForest,smoten,pr_auc,"{'max_depth': 5, 'max_features': 'log2', 'min_samples_leaf': 20, 'n_estimators': 200}",0.4155329226791392,1421,0.9831104855735396,0.9791295931474062,0.755702005730659,0.5503436962974535,0.4155329226791392,0.8694559944559944,0.8680227585987628,0.8680227585987627,0.9728613898962132,0.9736703231889322,11544.0,0.969248291571754,0.9697353733303088,0.5566900420757364,0.5795287755890305,0.1317568048970688,878.0,0.5749258995056152,0.4609999656677246,2026-04-21T16:08:49.970087+00:00
NR-AR,estate,RandomForest,smoten_enn,pr_auc,"{'max_depth': 5, 'max_features': 'sqrt', 'min_samples_leaf': 20, 'n_estimators': 100}",0.4125882018668478,1421,0.9824067558057706,0.977997421421252,0.740422484783387,0.5610549132947977,0.4125882018668478,0.8969627405968568,0.8961316458865722,0.8959323294434017,0.9820164354959098,0.9800385165848124,11326.0,0.9703872437357632,0.9703872437357632,0.5591348010814987,0.6295094631131711,0.117482106385523,878.0,0.2404799461364746,0.2733631134033203,2026-04-21T16:08:54.954493+00:00
NR-AR,fcfp,BernoulliNB,none,pr_auc,{'alpha': 10.0},0.5791194517154119,1421,0.9753694581280788,0.9644710680300628,0.5450387405435568,0.8724808623652553,0.5791194517154119,0.9638092061374248,0.9485854466457536,0.5405592743762251,0.8235764095139095,0.3651784068290082,5996.0,0.9829157175398632,0.9744471731612888,0.4956921309592188,0.6114329857087679,0.1065786687337541,878.0,0.0368208885192871,0.009894847869873,2026-04-21T14:01:32.449118+00:00
NR-AR,fcfp,RandomForest,random_over,pr_auc,"{'max_depth': 5, 'max_features': 'sqrt', 'min_samples_leaf': 10, 'n_estimators': 200}",0.480162685046899,1421,0.9831104855735396,0.9791295931474062,0.755702005730659,0.7741563818153414,0.480162685046899,0.7927927927927928,0.7851883964781825,0.7851883964781825,0.9096852429752638,0.9246611229837912,11544.0,0.9715261958997722,0.971977197528064,0.5895278167367929,0.6982618771726535,0.1182752061386521,878.0,2.1263580322265625,2.3271470069885254,2026-04-21T16:09:10.817528+00:00
NR-AR,fcfp,BernoulliNB,random_under,pr_auc,{'alpha': 50.0},0.5631601512714421,1421,0.9739619985925404,0.9611147280228706,0.4934046345811052,0.8627948758006562,0.5631601512714421,0.6666666666666666,0.5333333333333334,0.4,0.8297841597576531,0.8094709355001977,672.0,0.9829157175398632,0.9744471731612888,0.4956921309592188,0.5925067593665508,0.1311488955089068,878.0,0.0224609375,0.0099508762359619,2026-04-21T14:01:33.711785+00:00
NR-AR,fcfp,LogisticRegression,smote,pr_auc,"{'C': 0.01, 'l1_ratio': 1.0}",0.3949740324287859,1421,0.9528501055594653,0.9578811862047284,0.6351732991014121,0.5219106389626622,0.3949740324287859,0.7912335412335413,0.7839896505250906,0.7839896505250905,0.9134764412181252,0.928101809119054,11544.0,0.9669703872437356,0.9692816650351802,0.577288951606209,0.6987640015449981,0.1338732124742192,878.0,0.1804580688476562,0.1243188381195068,2026-04-21T08:29:04.018914+00:00
NR-AR,fcfp,LogisticRegression,smoteenn,pr_auc,"{'C': 0.01, 'l1_ratio': 1.0}",0.3952573708617476,1421,0.9683321604503872,0.9681209757206598,0.6836551447780466,0.5310010154663334,0.3952573708617476,0.8026060926219405,0.7950951763207432,0.7944235270745784,0.9216298530208304,0.9335396173426864,11358.0,0.9726651480637812,0.9726651480637812,0.5930475086906142,0.7150251062186173,0.1367691441877832,878.0,0.1442718505859375,0.169461965560913,2026-04-21T08:28:57.120568+00:00
NR-AR,fcfp,DecisionTree,smoten,pr_auc,"{'ccp_alpha': 0.001, 'criterion': 'gini', 'max_depth': 10, 'min_samples_leaf': 20}",0.3730674293269307,1421,0.8599577762139339,0.9030557850340856,0.523624295617456,0.6105100765505391,0.3730674293269307,0.9385828135828136,0.9385577832812664,0.9385577832812664,0.9793373805198128,0.9728933927112112,11544.0,0.9134396355353076,0.939541178545496,0.5138852463793455,0.6862881421398223,0.0460038130488673,878.0,1.980476140975952,1.769442081451416,2026-04-22T07:18:09.997864+00:00
NR-AR,fcfp,RandomForest,smoten_enn,pr_auc,"{'max_depth': 5, 'max_features': 'log2', 'min_samples_leaf': 20, 'n_estimators': 100}",0.3696475247499847,1421,0.9831104855735396,0.9791295931474062,0.755702005730659,0.5458815028901735,0.3696475247499847,0.7748471615720524,0.7666329045511567,0.7662652187606978,0.9399664960161614,0.9375142931370436,11450.0,0.9544419134396356,0.9621519216813283,0.5535214848715992,0.6770954036307454,0.1732162645859062,878.0,0.3613901138305664,0.3563210964202881,2026-04-21T16:10:30.166126+00:00
NR-AR,klekota_roth,BalancedRandomForest,none,pr_auc,"{'max_depth': 15, 'max_features': 'sqrt', 'min_samples_leaf': 5, 'n_estimators': 200}",0.5083940903168985,1421,0.9824067558057706,0.9785121426966862,0.7504232793081402,0.7923761912201219,0.5083940903168985,0.9414609739826552,0.9495985593014422,0.7081690226777477,0.9149678094990594,0.6422189362936291,5996.0,0.9567198177676538,0.9634283379426866,0.5570836873406967,0.7358825801467748,0.0856350458665147,878.0,4.307283163070679,4.238718032836914,2026-04-21T21:48:02.569455+00:00
NR-AR,klekota_roth,RandomForest,random_over,pr_auc,"{'max_depth': 5, 'max_features': 'sqrt', 'min_samples_leaf': 5, 'n_estimators': 100}",0.4946317195143377,1421,0.9831104855735396,0.9791295931474062,0.755702005730659,0.7867520699890642,0.4946317195143377,0.79495841995842,0.788501790621475,0.7885017906214751,0.9211756134833058,0.9313288746650044,11544.0,0.9612756264236902,0.9660033398643876,0.56509324009324,0.7337195828505213,0.0761884591218309,878.0,1.6350340843200684,1.3827478885650637,2026-04-21T16:10:53.701525+00:00
NR-AR,klekota_roth,RandomForest,random_under,pr_auc,"{'max_depth': 5, 'max_features': 'sqrt', 'min_samples_leaf': 5, 'n_estimators': 100}",0.5168924949082017,1421,0.9824067558057706,0.9785121426966862,0.7504232793081402,0.80468872051242,0.5168924949082017,0.8511904761904762,0.8428034659918717,0.8159650333563377,0.8858916613520409,0.8534133335313455,672.0,0.9555808656036446,0.9627893477684926,0.5552698227157608,0.667825415218231,0.0844058603351705,878.0,0.3698701858520508,0.3773057460784912,2026-04-21T16:11:05.525185+00:00
NR-AR,klekota_roth,RandomForest,smote,pr_auc,"{'max_depth': 5, 'max_features': 'log2', 'min_samples_leaf': 10, 'n_estimators': 100}",0.4059396726825819,1421,0.9824067558057706,0.9785121426966862,0.7504232793081402,0.6113790813935323,0.4059396726825819,0.7767671517671517,0.7708371421046243,0.7708371421046243,0.8689453836933047,0.8915313165290835,11544.0,0.94874715261959,0.9589835760622394,0.5456270484733483,0.574314407106991,0.0611844137385118,878.0,0.5197560787200928,0.3273510932922363,2026-04-21T16:11:14.787747+00:00
NR-AR,klekota_roth,DecisionTree,smoteenn,pr_auc,"{'ccp_alpha': 0.001, 'criterion': 'gini', 'max_depth': 15, 'min_samples_leaf': 20}",0.4056821313087927,1421,0.8479943701618579,0.8966786220448656,0.5363616589327146,0.6471059209498516,0.4056821313087927,0.8988783891194913,0.8987390034214614,0.8987955249613964,0.9650510768102192,0.9542161497652558,11323.0,0.7915717539863326,0.8686389793565052,0.4523777875481846,0.677790652761684,0.0280026292161966,878.0,2.221715927124023,3.335479974746704,2026-04-22T07:20:06.733705+00:00
NR-AR,klekota_roth,RandomForest,smoten,pr_auc,"{'max_depth': 5, 'max_features': 'log2', 'min_samples_leaf': 5, 'n_estimators': 200}",0.4102683963477386,1421,0.9831104855735396,0.9791295931474062,0.755702005730659,0.5930616309951571,0.4102683963477386,0.7812716562716563,0.7742138342613539,0.7742138342613538,0.9141092455801396,0.9208601072982188,11544.0,0.9533029612756264,0.9608811091925178,0.5324631469575947,0.5666666666666667,0.0794645709995433,878.0,0.9260249137878418,0.922011137008667,2026-04-21T16:12:16.321570+00:00
NR-AR,klekota_roth,RandomForest,smoten_enn,pr_auc,"{'max_depth': 15, 'max_features': 'log2', 'min_samples_leaf': 5, 'n_estimators': 200}",0.3991399756685709,1421,0.9831104855735396,0.9791295931474062,0.755702005730659,0.5543860334322762,0.3991399756685709,0.78540247948315,0.7783867613317462,0.7780697861140624,0.9462150752409464,0.9470247955882594,11454.0,0.9533029612756264,0.9608811091925178,0.5324631469575947,0.605909617612978,0.1039406993896822,878.0,1.5789601802825928,1.0648329257965088,2026-04-21T16:12:20.913930+00:00
NR-AR,maccs,RUSBoost,none,pr_auc,"{'learning_rate': 0.01, 'n_estimators': 75, 'sampling_strategy': 'auto'}",0.5681210007809944,1421,0.984517945109078,0.9817064289504231,0.7923508156650194,0.8635662396500547,0.5681210007809944,0.9406270847231488,0.9494384920284842,0.7121293282906176,0.9072682314869814,0.6511474860965201,5996.0,0.9567198177676538,0.9634283379426866,0.5570836873406967,0.6760911548860564,0.0872119775785372,878.0,0.5931460857391357,0.5194060802459717,2026-04-29T18:02:07.512735+00:00
NR-AR,maccs,DecisionTree,random_over,pr_auc,"{'ccp_alpha': 0.01, 'criterion': 'gini', 'max_depth': 5, 'min_samples_leaf': 10}",0.5651105010710922,1421,0.983814215341309,0.9802311712809514,0.7703894169634891,0.7961744258709578,0.5651105010710922,0.7872487872487872,0.7810919189498364,0.7810919189498365,0.841329945409987,0.8344252134687744,11544.0,0.9544419134396356,0.9621519216813283,0.5535214848715992,0.6719582850521437,0.0395036818496011,878.0,0.1035859584808349,0.0691640377044677,2026-04-22T07:22:13.923053+00:00
NR-AR,maccs,DecisionTree,random_under,pr_auc,"{'ccp_alpha': 0.01, 'criterion': 'gini', 'max_depth': 5, 'min_samples_leaf': 10}",0.5651105010710922,1421,0.983814215341309,0.9802311712809514,0.7703894169634891,0.7961744258709578,0.5651105010710922,0.8303571428571429,0.8250895302296186,0.7982725932167685,0.8419164540816326,0.7687473628020983,672.0,0.9214123006833712,0.9442969113141048,0.5314001067425724,0.6794515256855929,0.0378294048328584,878.0,0.0097808837890625,0.0043761730194091,2026-04-22T07:22:19.643561+00:00
NR-AR,maccs,DecisionTree,smote,pr_auc,"{'ccp_alpha': 0.001, 'criterion': 'gini', 'max_depth': 5, 'min_samples_leaf': 10}",0.4164221049064307,1421,0.983814215341309,0.9802311712809514,0.7703894169634891,0.7020387439462584,0.4164221049064307,0.8196465696465697,0.8195419162574938,0.819541916257494,0.8977012805625072,0.8801901808468859,11544.0,0.8861047835990888,0.9249581156972708,0.5231578032672923,0.686133642332947,0.0407032011134986,878.0,0.1036221981048584,0.0632081031799316,2026-04-22T07:22:20.835231+00:00
NR-AR,maccs,DecisionTree,smoteenn,pr_auc,"{'ccp_alpha': 0.0, 'criterion': 'entropy', 'max_depth': 5, 'min_samples_leaf': 20}",0.396857746101056,1421,0.9831104855735396,0.9791295931474062,0.755702005730659,0.6625039056397438,0.396857746101056,0.8234931265421219,0.8234099519507083,0.8233123338673727,0.8982371484164885,0.8785160369960248,11348.0,0.8826879271070615,0.9230041419679446,0.520790610179371,0.6615681730397837,0.0384297707104066,878.0,0.0896680355072021,0.0705800056457519,2026-04-22T07:22:21.878728+00:00
NR-AR,maccs,DecisionTree,smoten,pr_auc,"{'ccp_alpha': 0.0, 'criterion': 'entropy', 'max_depth': 5, 'min_samples_leaf': 20}",0.4227602979416069,1421,0.983814215341309,0.9802311712809514,0.7703894169634891,0.6986310732698016,0.4227602979416069,0.8637387387387387,0.863716034619333,0.8637160346193331,0.9336577301754015,0.9087918964313836,11544.0,0.8610478359908884,0.9102181542228948,0.4932538556154792,0.5932020084974894,0.0250220617928818,878.0,0.0701329708099365,0.0967040061950683,2026-04-22T07:22:27.881923+00:00
NR-AR,maccs,DecisionTree,smoten_enn,pr_auc,"{'ccp_alpha': 0.0, 'criterion': 'gini', 'max_depth': 5, 'min_samples_leaf': 10}",0.4696823224762543,1421,0.983814215341309,0.9802311712809514,0.7703894169634891,0.7029760974847681,0.4696823224762543,0.8691588785046729,0.8691379149477682,0.8691478726372979,0.9391219124573008,0.9115599364903144,11449.0,0.8633257403189066,0.9115326952029684,0.4943949631449631,0.5969872537659328,0.0246634726261437,878.0,0.0659470558166503,0.0640370845794677,2026-04-22T07:22:30.612235+00:00
NR-AR,map4,RandomForest,none,pr_auc,"{'max_depth': 10, 'max_features': 'log2', 'min_samples_leaf': 20, 'n_estimators': 200}",0.5958619183758196,1421,0.9824067558057706,0.977997421421252,0.740422484783387,0.8645914700827995,0.5958619183758196,0.983155436957972,0.983314731107394,0.885118737663604,0.9741779898029898,0.86066916818117,5996.0,0.9760820045558086,0.9747739771717712,0.605038236617184,0.6359212050984936,0.2059886902408899,878.0,0.6819427013397217,0.4615957736968994,2026-04-21T16:14:09.081438+00:00
NR-AR,map4,RandomForest,random_over,pr_auc,"{'max_depth': 5, 'max_features': 'log2', 'min_samples_leaf': 20, 'n_estimators': 200}",0.5916097267513726,1421,0.9831104855735396,0.9800433770368254,0.7734736170891121,0.8621895016403688,0.5916097267513726,0.8508316008316008,0.8497353803041672,0.8497353803041672,0.9309671147638924,0.9457891915581944,11544.0,0.9350797266514806,0.9514499415579436,0.5307850251736843,0.6441096948628815,0.1663017874792163,878.0,0.9570977687835692,1.0528059005737305,2026-04-21T16:14:18.060844+00:00
NR-AR,map4,RandomForest,random_under,pr_auc,"{'max_depth': 10, 'max_features': 'sqrt', 'min_samples_leaf': 10, 'n_estimators': 100}",0.5853513175674052,1421,0.9788881069669249,0.977979531817202,0.7740044107044404,0.8482854241524763,0.5853513175674052,0.8735119047619048,0.8720241507126753,0.854484313500707,0.9372608418367347,0.9159056442466502,672.0,0.8587699316628702,0.9087463206855654,0.48494654177311,0.6341444573194284,0.1335107048559369,878.0,0.2157249450683593,0.2294139862060547,2026-04-21T16:14:32.985654+00:00
NR-AR,map4,BernoulliNB,smote,pr_auc,{'alpha': 50.0},0.5236411315425198,1421,0.9831104855735396,0.9808294304642188,0.7887931034482758,0.8341470082799564,0.5236411315425198,0.764033264033264,0.7593643111534258,0.7593643111534257,0.672137374060451,0.7734847994692905,11544.0,0.8963553530751709,0.9300572691445677,0.5035016747139937,0.5679026651216686,0.0509898314004085,878.0,0.2200191020965576,0.2216777801513672,2026-04-21T14:02:08.084719+00:00
NR-AR,map4,BernoulliNB,smoteenn,pr_auc,{'alpha': 10.0},0.523422306290298,1421,0.9831104855735396,0.9808294304642188,0.7887931034482758,0.8320965474144665,0.523422306290298,0.7685957594716719,0.7637791928092698,0.7636724873324412,0.6753608895345296,0.7768125778364419,11508.0,0.9020501138952164,0.9332301792802128,0.5067673494983278,0.5662804171494786,0.0604012905006022,878.0,0.3197917938232422,0.2441217899322509,2026-04-21T14:02:11.833915+00:00
NR-AR,map4,BernoulliNB,smoten,pr_auc,{'alpha': 50.0},0.513258246248332,1421,0.9788881069669249,0.9783001422691782,0.7803030303030303,0.848344008748633,0.513258246248332,0.7487872487872488,0.745729151143868,0.745729151143868,0.6396830722454423,0.7412417738900519,11544.0,0.8496583143507973,0.9036042922548032,0.4877298444130127,0.5779065276168405,0.027279774255698,878.0,0.2556769847869873,0.2160849571228027,2026-04-21T14:02:12.730041+00:00
NR-AR,map4,BernoulliNB,smoten_enn,pr_auc,{'alpha': 10.0},0.5081982212880318,1421,0.9817030260380014,0.9806204830409484,0.7983473059121474,0.8470453835338229,0.5081982212880318,0.7560359103983265,0.7528901538814379,0.7527127522033608,0.6421145552876828,0.7447892032784971,11473.0,0.8656036446469249,0.912844572125984,0.4955497127276268,0.5768636539204326,0.0279521749244008,878.0,0.1965858936309814,0.2239751815795898,2026-04-21T14:02:19.609991+00:00
NR-AR,mhfp,RandomForest,none,pr_auc,"{'max_depth': 5, 'max_features': 'sqrt', 'min_samples_leaf': 20, 'n_estimators': 100}",0.4382289407708599,1421,0.9809992962702322,0.975633421745306,0.7079359037795455,0.7016091235744416,0.4382289407708599,0.9869913275517012,0.9863420438235452,0.9005747551614443,0.9978200642263144,0.9424340894697528,5996.0,0.9829157175398632,0.9764473491883324,0.5545107059500051,0.6156044804943994,0.1359659632977858,878.0,0.5982677936553955,0.4983339309692383,2026-04-21T16:15:31.230547+00:00
NR-AR,mhfp,RandomForest,random_over,pr_auc,"{'max_depth': 10, 'max_features': 'log2', 'min_samples_leaf': 20, 'n_estimators': 100}",0.4494868281983468,1421,0.9809992962702322,0.975633421745306,0.7079359037795455,0.7717153569754727,0.4494868281983468,0.9975744975744976,0.9975744833050324,0.9975744833050324,0.9998671958781108,0.999851310238997,11544.0,0.9829157175398632,0.9744471731612888,0.4956921309592188,0.6622634221707223,0.1138417001942605,878.0,0.5334968566894531,0.9256231784820556,2026-04-21T16:15:48.223770+00:00
NR-AR,mhfp,KNeighbors,random_under,pr_auc,"{'n_neighbors': 15, 'weights': 'distance'}",0.4530275894626981,1421,0.9690358902181564,0.9681735419947948,0.6777777777777778,0.8318231526324013,0.4530275894626981,1.0,1.0,1.0,1.0,1.0,672.0,0.9396355353075172,0.953955086268946,0.535231665051986,0.6585940517574354,0.0862479895055541,878.0,6.19859504699707,3.4450297355651855,2026-04-23T16:53:42.420628+00:00
NR-AR,mhfp,XGBoost,smote,pr_auc,"{'colsample_bytree': 0.8, 'learning_rate': 0.1, 'max_depth': 7, 'min_child_weight': 1, 'n_estimators': 200, 'scale_pos_weight': 1, 'subsample': 0.8}",0.405628068593922,1421,0.9774806474313863,0.9690305284675447,0.6133333333333333,0.7418762693329166,0.405628068593922,0.9993069993069993,0.999306999223796,0.999306999223796,0.9999986342891749,0.9999983222199821,11544.0,0.9829157175398633,0.9744471731612889,0.4956921309592188,0.5846272692159135,0.13058923630624542,878.0,10.754901885986328,11.18458104133606,2026-04-29T21:24:57.258706+00:00
NR-AR,mhfp,RandomForest,smoteenn,pr_auc,"{'max_depth': 10, 'max_features': 'log2', 'min_samples_leaf': 10, 'n_estimators': 100}",0.4595111697153819,1421,0.9746657283603096,0.9628279147444516,0.5198963886177641,0.7263513513513513,0.4595111697153819,0.9922696082689134,0.9922689853336316,0.9922687683561736,0.9999867972564368,0.9999867107469682,11513.0,0.9829157175398632,0.9744471731612888,0.4956921309592188,0.5716492854383932,0.0620164399948125,878.0,0.7836899757385254,0.9190609455108644,2026-04-21T16:16:26.910629+00:00
NR-AR,mhfp,XGBoost,smoten,pr_auc,"{'colsample_bytree': 0.8, 'learning_rate': 0.1, 'max_depth': 5, 'min_child_weight': 1, 'n_estimators': 200, 'scale_pos_weight': 1, 'subsample': 0.8}",0.4118056137349462,1421,0.9802955665024631,0.9743972281180072,0.6906450208372209,0.708112013747852,0.4118056137349462,0.9993069993069993,0.999306999223796,0.999306999223796,0.9999986342891749,0.9999983222199822,11544.0,0.9829157175398633,0.9744471731612889,0.4956921309592188,0.6604094244882195,0.11922097065628251,878.0,9.544852018356323,9.291492938995361,2026-04-29T21:27:43.451818+00:00
NR-AR,mhfp,KNeighbors,smoten_enn,pr_auc,"{'n_neighbors': 15, 'weights': 'distance'}",0.4100620121926903,1421,0.9655172413793104,0.9665772674486848,0.6810062443592316,0.7333033900952977,0.4100620121926903,0.999391304347826,0.9993913055399154,0.9993912980467828,0.9994790698788604,0.9989512361351564,11500.0,0.969248291571754,0.9714001708948228,0.6064414377023325,0.6432599459250675,0.0828956259446678,878.0,95.35855221748352,77.10447597503662,2026-04-23T17:01:00.389895+00:00
NR-AR,morgan_2048,BernoulliNB,none,pr_auc,{'alpha': 10.0},0.5899227223336274,1421,0.9788881069669249,0.971804050975662,0.6537299369679641,0.8595922512107483,0.5899227223336274,0.9643095396931288,0.9618463704867284,0.7178166783954961,0.8397153592466093,0.3785114626874011,5996.0,0.9817767653758542,0.975765264886109,0.5509525636107915,0.5823870220162225,0.104857082787271,878.0,0.0582301616668701,0.0139839649200439,2026-04-21T14:02:36.644986+00:00
NR-AR,morgan_2048,RandomForest,random_over,pr_auc,"{'max_depth': 5, 'max_features': 'sqrt', 'min_samples_leaf': 10, 'n_estimators': 100}",0.518474303608299,1421,0.9831104855735396,0.9791295931474062,0.755702005730659,0.7180909232932354,0.518474303608299,0.7994629244629244,0.7924977679484975,0.7924977679484975,0.9106372034516524,0.9253873020543656,11544.0,0.9726651480637812,0.9726651480637812,0.5930475086906142,0.5406720741599074,0.0723448906571549,878.0,1.4908440113067627,1.4390418529510498,2026-04-21T16:18:02.004201+00:00
NR-AR,morgan_2048,BernoulliNB,random_under,pr_auc,{'alpha': 50.0},0.5887338491884994,1421,0.9739619985925404,0.9611147280228706,0.4934046345811052,0.8616231838775191,0.5887338491884994,0.6666666666666666,0.5333333333333334,0.4,0.8475167410714286,0.8097894134775715,672.0,0.9829157175398632,0.9744471731612888,0.4956921309592188,0.5813055233680957,0.1089019857652428,878.0,0.0450260639190673,0.0067939758300781,2026-04-21T14:02:39.102404+00:00
NR-AR,morgan_2048,RandomForest,smote,pr_auc,"{'max_depth': 10, 'max_features': 'log2', 'min_samples_leaf': 20, 'n_estimators': 100}",0.4086983364540041,1421,0.9831104855735396,0.9791295931474062,0.755702005730659,0.5882479300109358,0.4086983364540041,0.7794525294525294,0.7702530980044094,0.7702530980044093,0.9485938941500272,0.9517528460275344,11544.0,0.9669703872437356,0.9692816650351802,0.577288951606209,0.6170722286597142,0.128517347970373,878.0,0.8011829853057861,0.4195258617401123,2026-04-21T16:18:33.844235+00:00
NR-AR,morgan_2048,RandomForest,smoteenn,pr_auc,"{'max_depth': 5, 'max_features': 'log2', 'min_samples_leaf': 20, 'n_estimators': 200}",0.413526245269891,1421,0.9831104855735396,0.9791295931474062,0.755702005730659,0.5894000937353538,0.413526245269891,0.7849593850991353,0.7762332923196787,0.7758585279371977,0.9354437719110962,0.9370589602759168,11449.0,0.9681093394077448,0.9699482215242896,0.580105212816834,0.5871765160293551,0.1272982811564799,878.0,1.0620839595794678,0.9728109836578368,2026-04-21T16:18:39.100151+00:00
NR-AR,morgan_2048,RandomForest,smoten,pr_auc,"{'max_depth': 5, 'max_features': 'log2', 'min_samples_leaf': 10, 'n_estimators': 100}",0.4036272397195934,1421,0.9831104855735396,0.9791295931474062,0.755702005730659,0.5697937822215279,0.4036272397195934,0.7835239085239085,0.7741569330075643,0.7741569330075644,0.9621902207661044,0.9626828221006484,11544.0,0.9738041002277904,0.9733600310045688,0.596789329712677,0.6198532251834685,0.1021737120385868,878.0,0.5203027725219727,0.4151370525360107,2026-04-21T16:19:34.976028+00:00
NR-AR,morgan_2048,RandomForest,smoten_enn,pr_auc,"{'max_depth': 15, 'max_features': 'log2', 'min_samples_leaf': 5, 'n_estimators': 100}",0.3947284298746729,1421,0.9831104855735396,0.9791295931474062,0.755702005730659,0.5501874707077018,0.3947284298746729,0.8190167949615116,0.8133851229066047,0.8130581414290777,0.9900873046191068,0.9890257219376506,11432.0,0.9749430523917996,0.9740626619541768,0.6007771164021164,0.6184627269215913,0.0875811865219869,878.0,1.0221502780914309,0.8632707595825195,2026-04-21T16:19:40.908466+00:00
NR-AR,morgan_4096,BernoulliNB,none,pr_auc,{'alpha': 10.0},0.6156584931017186,1421,0.9753694581280788,0.9644710680300628,0.5450387405435568,0.8626972348070613,0.6156584931017186,0.9561374249499668,0.9513068679943546,0.628416145226451,0.8425318347193348,0.2462995944290815,5996.0,0.9806378132118452,0.9750942776859453,0.5477380844165682,0.6156044804943993,0.0975131099153627,878.0,0.0961670875549316,0.0244810581207275,2026-04-21T14:02:46.464680+00:00
NR-AR,morgan_4096,RandomForest,random_over,pr_auc,"{'max_depth': 10, 'max_features': 'log2', 'min_samples_leaf': 5, 'n_estimators': 200}",0.5421977754067625,1421,0.9831104855735396,0.9791295931474062,0.755702005730659,0.752753476019372,0.5421977754067625,0.804920304920305,0.7980715537478001,0.7980715537478,0.9396462820969058,0.9487154630907584,11544.0,0.9749430523917996,0.9740626619541768,0.6007771164021164,0.5857087678640401,0.0905668084626329,878.0,1.7114031314849854,1.4742112159729004,2026-04-21T16:20:25.491983+00:00
NR-AR,morgan_4096,BernoulliNB,random_under,pr_auc,{'alpha': 50.0},0.6095832474045024,1421,0.9739619985925404,0.9611147280228706,0.4934046345811052,0.8667395719418842,0.6095832474045024,0.6666666666666666,0.5333333333333334,0.4,0.8519909917091838,0.7696958261060031,672.0,0.9829157175398632,0.9744471731612888,0.4956921309592188,0.6115102356122055,0.0996364889521965,878.0,0.1085062026977539,0.0335659980773925,2026-04-21T14:02:53.317088+00:00
NR-AR,morgan_4096,RandomForest,smote,pr_auc,"{'max_depth': 5, 'max_features': 'sqrt', 'min_samples_leaf': 20, 'n_estimators': 100}",0.4075288233207821,1421,0.9831104855735396,0.9791295931474062,0.755702005730659,0.6291985627245743,0.4075288233207821,0.7441961191961192,0.7283636292616674,0.7283636292616673,0.951420870534696,0.954865381559516,11544.0,0.9760820045558086,0.9747739771717712,0.605038236617184,0.5979142526071842,0.1003615703681697,878.0,2.473022937774658,1.747704029083252,2026-04-21T16:20:45.996200+00:00
NR-AR,morgan_4096,RandomForest,smoteenn,pr_auc,"{'max_depth': 5, 'max_features': 'log2', 'min_samples_leaf': 5, 'n_estimators': 100}",0.408984981274569,1421,0.9831104855735396,0.9791295931474062,0.755702005730659,0.7044504764880488,0.408984981274569,0.7504352367688022,0.7362028987492836,0.7359008862714158,0.948762761590788,0.9477982942601124,11488.0,0.9681093394077448,0.9699482215242896,0.580105212816834,0.5683275395905757,0.12589688866899,878.0,0.4925456047058105,0.6136999130249023,2026-04-21T16:21:22.293803+00:00
NR-AR,morgan_4096,RandomForest,smoten,pr_auc,"{'max_depth': 5, 'max_features': 'sqrt', 'min_samples_leaf': 20, 'n_estimators': 100}",0.4273384098279021,1421,0.9831104855735396,0.9791295931474062,0.755702005730659,0.627528901734104,0.4273384098279021,0.782917532917533,0.7735493104264088,0.7735493104264088,0.9717496562610908,0.9738049888225342,11544.0,0.9760820045558086,0.9747739771717712,0.605038236617184,0.6167632290459637,0.0763486751250353,878.0,1.5915818214416504,2.197438955307007,2026-04-21T16:21:45.747177+00:00
NR-AR,morgan_4096,RandomForest,smoten_enn,pr_auc,"{'max_depth': 5, 'max_features': 'log2', 'min_samples_leaf': 5, 'n_estimators': 100}",0.4400682650941459,1421,0.9831104855735396,0.9791295931474062,0.755702005730659,0.705934619590689,0.4400682650941459,0.7873212417160795,0.7783412533856225,0.7780404692899352,0.9739198569518092,0.9723386858978778,11468.0,0.9760820045558086,0.9747739771717712,0.605038236617184,0.5870992661259172,0.1252040518222656,878.0,0.921363115310669,0.5447278022766113,2026-04-21T16:22:24.328613+00:00
NR-AR,pubchem,LogisticRegression,none,pr_auc,"{'C': 0.01, 'l1_ratio': 1.0}",0.5959974357094642,1421,0.983814215341309,0.9802311712809514,0.7703894169634891,0.8104983596313077,0.5959974357094642,0.9174449633088726,0.9339241403721782,0.6626289642676694,0.8649344743094745,0.586610458443993,5996.0,0.917995444191344,0.9423986495669808,0.5285202863961814,0.6141367323290846,0.0951431628649403,878.0,0.1142728328704834,0.0988297462463378,2026-04-21T08:30:26.257075+00:00
NR-AR,pubchem,LogisticRegression,random_over,pr_auc,"{'C': 0.01, 'l1_ratio': 1.0}",0.5730348011157115,1421,0.9852216748768472,0.982349530778821,0.7981220022054296,0.831549757850336,0.5730348011157115,0.7911469161469161,0.7881766301637989,0.7881766301637989,0.888540602612848,0.9055307226339486,11544.0,0.917995444191344,0.9423986495669808,0.5285202863961814,0.6259173426033218,0.0893015771986349,878.0,0.1501550674438476,0.144191026687622,2026-04-21T08:30:28.161181+00:00
NR-AR,pubchem,DecisionTree,random_under,pr_auc,"{'ccp_alpha': 0.01, 'criterion': 'entropy', 'max_depth': 5, 'min_samples_leaf': 50}",0.5640078473522561,1421,0.9824067558057706,0.977997421421252,0.740422484783387,0.8340786595844398,0.5640078473522561,0.8407738095238095,0.831625790795637,0.8027644359349241,0.851512675382653,0.7545178742945513,672.0,0.9567198177676538,0.9634283379426866,0.5570836873406967,0.637079953650058,0.0460261737180042,878.0,0.0200262069702148,0.010591983795166,2026-04-22T07:36:09.243446+00:00
NR-AR,pubchem,LogisticRegression,smote,pr_auc,"{'C': 0.01, 'l1_ratio': 1.0}",0.3776861291004005,1421,0.7375087966220971,0.8269508134126644,0.46075507901481,0.5491231838775192,0.3776861291004005,0.8322938322938322,0.8317928609470899,0.8317928609470899,0.9172841780690014,0.9289754678366912,11544.0,0.8747152619589977,0.9184267820155207,0.5155205971466983,0.7254152182309772,0.1211182414952752,878.0,0.1847190856933593,0.1480910778045654,2026-04-21T08:30:32.226326+00:00
NR-AR,pubchem,LogisticRegression,smoteenn,pr_auc,"{'C': 0.01, 'l1_ratio': 1.0}",0.3776661610175895,1421,0.7241379310344828,0.8180472961200649,0.4545532881594923,0.5467993282299641,0.3776661610175895,0.8364604241207785,0.8359563281891969,0.8358841932494923,0.920351880941823,0.9307183289643044,11459.0,0.876993166287016,0.9195559083594296,0.5094058483888992,0.7241792197759753,0.1201702350267667,878.0,0.168619155883789,0.1398179531097412,2026-04-21T08:30:32.496742+00:00
NR-AR,pubchem,LogisticRegression,smoten,pr_auc,"{'C': 0.001, 'l1_ratio': 0.0}",0.3717571741254344,1421,0.928219563687544,0.942646647858188,0.5827710482682388,0.5207194188408062,0.3717571741254344,0.8748267498267498,0.8747274588065329,0.874727458806533,0.9497164784326948,0.9568592315624196,11544.0,0.9259681093394078,0.9468262792351124,0.5354837659430729,0.6098107377365778,0.1375618133540618,878.0,0.1330361366271972,0.238736867904663,2026-04-21T08:30:35.715971+00:00
NR-AR,pubchem,RandomForest,smoten_enn,pr_auc,"{'max_depth': 5, 'max_features': 'log2', 'min_samples_leaf': 20, 'n_estimators': 200}",0.3925061872832034,1421,0.9662209711470796,0.9666532198227956,0.6755337367279369,0.494102483986877,0.3925061872832034,0.8631082379662793,0.8621576139549775,0.8620554981973958,0.9402720867258312,0.9491671951146994,11447.0,0.9476082004555808,0.958352871154854,0.5441946551101481,0.5905755117806102,0.0748746003749133,878.0,0.9520390033721924,0.7723381519317627,2026-04-21T16:24:59.685716+00:00
NR-AR,rdkit,BalancedRandomForest,none,pr_auc,"{'max_depth': 5, 'max_features': 'log2', 'min_samples_leaf': 20, 'n_estimators': 200}",0.5996338369437084,1421,0.9852216748768472,0.9827194297110038,0.805323417164106,0.8661732541790346,0.5996338369437084,0.9069379586390928,0.927555000373626,0.6512667212837944,0.8694927327739828,0.6243520229172476,5996.0,0.9054669703872438,0.935419431546994,0.519031119031119,0.6679026651216686,0.1199329221360622,878.0,2.2368109226226807,1.7851178646087646,2026-04-21T21:56:51.936952+00:00
NR-AR,rdkit,BernoulliNB,random_over,pr_auc,{'alpha': 10.0},0.5433884888673092,1421,0.983814215341309,0.9818003199560276,0.8009525143577532,0.8645328854866428,0.5433884888673092,0.7594421344421345,0.757353607197626,0.757353607197626,0.8069170041623264,0.7815268981345079,11544.0,0.8314350797266514,0.8928721307166637,0.4793910256410256,0.5873310158362303,0.0258655854111283,878.0,0.5239448547363281,0.369920015335083,2026-04-21T14:03:27.708797+00:00
NR-AR,rdkit,RandomForest,random_under,pr_auc,"{'max_depth': 10, 'max_features': 'log2', 'min_samples_leaf': 20, 'n_estimators': 100}",0.607445253951488,1421,0.984517945109078,0.9820797715328426,0.7996231155778895,0.8591138103421341,0.607445253951488,0.8452380952380952,0.8412144635364983,0.8174962135060323,0.8826630261479591,0.8572200666276216,672.0,0.8735763097949886,0.9175975838220952,0.5073773599211464,0.6791811510235612,0.0810218742412532,878.0,0.4002449512481689,0.311708927154541,2026-04-21T16:25:55.134199+00:00
NR-AR,rdkit,LogisticRegression,smote,pr_auc,"{'C': 0.001, 'l1_ratio': 1.0}",0.5153173728101885,1421,0.7473610133708656,0.8334384220689235,0.4852514265245271,0.7342895641306046,0.5153173728101885,0.6751559251559252,0.6751553011293099,0.6751553011293099,0.7906539995937085,0.8213276010480558,11544.0,0.6366742596810934,0.7637082174582416,0.4034246181437879,0.4557744302819621,0.0398311089803039,878.0,0.4814159870147705,0.3637058734893799,2026-04-21T08:30:44.882813+00:00
NR-AR,rdkit,LogisticRegression,smoteenn,pr_auc,"{'C': 0.001, 'l1_ratio': 1.0}",0.5153173728101885,1421,0.7473610133708656,0.8334384220689235,0.4852514265245271,0.7342895641306046,0.5153173728101885,0.679062035173681,0.6790699812480864,0.6790561358154104,0.7962500632422853,0.8237812629885957,11429.0,0.6366742596810934,0.7637082174582416,0.4034246181437879,0.4557744302819621,0.0398311089803039,878.0,0.3553030490875244,0.3007140159606933,2026-04-21T08:30:47.450664+00:00
NR-AR,rdkit,LogisticRegression,smoten,pr_auc,"{'C': 0.001, 'l1_ratio': 1.0}",0.4258258988719568,1421,0.912737508796622,0.9350057645673164,0.594149622259075,0.6626796594282145,0.4258258988719568,0.7162162162162162,0.7152513043365124,0.7152513043365123,0.8368792589166811,0.8583836063878296,11544.0,0.7630979498861048,0.8507693161849205,0.455315493730688,0.4679026651216685,0.0426946243554717,878.0,0.4989781379699707,0.3245890140533447,2026-04-21T08:30:48.264659+00:00
NR-AR,rdkit,LogisticRegression,smoten_enn,pr_auc,"{'C': 0.001, 'l1_ratio': 1.0}",0.4227835050387433,1421,0.9310344827586208,0.9459644932978925,0.6215979740011304,0.6629530542102797,0.4227835050387433,0.7302419002707187,0.7289702895354964,0.7288102627447309,0.8472727725897299,0.863084688039943,11451.0,0.784738041002278,0.8644490910080865,0.4596887891821843,0.4579374275782155,0.0416861403256511,878.0,0.3532757759094238,0.3373677730560303,2026-04-21T08:30:49.506908+00:00
NR-AR,topological_torsion,BernoulliNB,none,pr_auc,{'alpha': 50.0},0.6314690615114017,1421,0.9739619985925404,0.9611147280228706,0.4934046345811052,0.8945867833151069,0.6314690615114017,0.9621414276184124,0.9440680527349724,0.4903527411814705,0.8245729847292347,0.2705720012261211,5996.0,0.9829157175398632,0.9744471731612888,0.4956921309592188,0.5793742757821554,0.0461235303773513,878.0,0.0493772029876709,0.0204899311065673,2026-04-21T14:03:44.456317+00:00
NR-AR,topological_torsion,RandomForest,random_over,pr_auc,"{'max_depth': 10, 'max_features': 'log2', 'min_samples_leaf': 20, 'n_estimators': 100}",0.5461307850701876,1421,0.983814215341309,0.9802311712809514,0.7703894169634891,0.8305342915169506,0.5461307850701876,0.8051801801801802,0.7995840991510959,0.7995840991510959,0.9090042635390868,0.9266917072266436,11544.0,0.9669703872437356,0.9692816650351802,0.577288951606209,0.5650830436461955,0.0632301883991288,878.0,1.0571720600128174,0.9067609310150146,2026-04-21T16:28:04.089215+00:00
NR-AR,topological_torsion,BernoulliNB,random_under,pr_auc,{'alpha': 50.0},0.6230113811680416,1421,0.9739619985925404,0.9611147280228706,0.4934046345811052,0.8907397281674739,0.6230113811680416,0.6666666666666666,0.5333333333333334,0.4,0.8426937181122448,0.8175470894202875,672.0,0.9829157175398632,0.9744471731612888,0.4956921309592188,0.5512553109308613,0.0690680889384327,878.0,0.0305979251861572,0.0073609352111816,2026-04-21T14:03:46.357642+00:00
NR-AR,topological_torsion,RandomForest,smote,pr_auc,"{'max_depth': 5, 'max_features': 'sqrt', 'min_samples_leaf': 10, 'n_estimators': 200}",0.4270540154048478,1421,0.9831104855735396,0.9791295931474062,0.755702005730659,0.5898980628026871,0.4270540154048478,0.7836105336105336,0.7739877005419515,0.7739877005419515,0.932560268968793,0.933315194968561,11544.0,0.9749430523917996,0.9740626619541768,0.6007771164021164,0.5160293549633063,0.0643045453590197,878.0,2.942744016647339,1.9583969116210935,2026-04-21T16:28:15.953894+00:00
NR-AR,topological_torsion,RandomForest,smoteenn,pr_auc,"{'max_depth': 5, 'max_features': 'log2', 'min_samples_leaf': 10, 'n_estimators': 100}",0.4402121649045041,1421,0.9831104855735396,0.9791295931474062,0.755702005730659,0.6634217309795345,0.4402121649045041,0.8580792248503847,0.8537585757030183,0.8505085016032612,0.9311649735151312,0.9331713264815884,10527.0,0.9726651480637812,0.9726651480637812,0.5930475086906142,0.5150251062186173,0.0813783243900089,878.0,0.482670783996582,0.5816299915313721,2026-04-21T16:28:26.877349+00:00
NR-AR,topological_torsion,RandomForest,smoten,pr_auc,"{'max_depth': 5, 'max_features': 'sqrt', 'min_samples_leaf': 20, 'n_estimators': 100}",0.4110173870604073,1421,0.9831104855735396,0.9791295931474062,0.755702005730659,0.6252343383846275,0.4110173870604073,0.7808385308385308,0.7708341101317487,0.7708341101317489,0.958026618694498,0.9564251521248796,11544.0,0.9749430523917996,0.9740626619541768,0.6007771164021164,0.5078408651989186,0.1140237643411908,878.0,1.2008800506591797,1.773615837097168,2026-04-21T16:29:37.082937+00:00
NR-AR,topological_torsion,RandomForest,smoten_enn,pr_auc,"{'max_depth': 5, 'max_features': 'sqrt', 'min_samples_leaf': 5, 'n_estimators': 100}",0.4234519201492353,1421,0.9831104855735396,0.9791295931474062,0.755702005730659,0.6336021715356975,0.4234519201492353,0.7877412031782066,0.7780933626670583,0.7777183291401406,0.9697459940814984,0.9649860864052868,11453.0,0.9760820045558086,0.9747739771717712,0.605038236617184,0.5165701042873696,0.0648881704248475,878.0,1.9510810375213623,0.9095711708068848,2026-04-21T16:29:37.897037+00:00
NR-AR-LBD,atom_pair,RUSBoost,none,pr_auc,"{'learning_rate': 0.005, 'n_estimators': 150, 'sampling_strategy': 'auto'}",0.4573212817926675,1343,0.9828741623231572,0.98006849056946,0.7400900332365686,0.7935135821274435,0.4573212817926675,0.9595614665708124,0.9651235305004192,0.7790994052676296,0.9371912522280768,0.7696259981570363,5564.0,0.9580335731414868,0.965910824251776,0.5405392642961704,0.7452351987023519,0.0731249075219954,834.0,5.849658966064453,4.424450159072876,2026-04-29T18:09:04.547138+00:00
NR-AR-LBD,atom_pair,RandomForest,random_over,pr_auc,"{'max_depth': 15, 'max_features': 'log2', 'min_samples_leaf': 20, 'n_estimators': 100}",0.474312595871905,1343,0.9843633655994044,0.9802155291863782,0.7268024759524571,0.7854023863924855,0.474312595871905,0.9343133606252326,0.9341686038756024,0.9341686038756024,0.9840459841309568,0.9856728390184728,10748.0,0.974820143884892,0.975316078239052,0.5736092513694461,0.7702757502027574,0.0786369047799201,834.0,0.8837859630584717,0.7406437397003174,2026-04-21T16:30:12.948532+00:00
NR-AR-LBD,atom_pair,RandomForest,random_under,pr_auc,"{'max_depth': 5, 'max_features': 'sqrt', 'min_samples_leaf': 10, 'n_estimators': 100}",0.4473288675308112,1343,0.9843633655994044,0.9813226910641848,0.7518411952590872,0.7890835237369891,0.4473288675308112,0.8649122807017544,0.8602005605088036,0.838365759614641,0.91952216066482,0.8998192541852148,570.0,0.9580335731414868,0.965910824251776,0.5405392642961704,0.6503446877534469,0.0865984919409325,834.0,0.2351360321044922,0.1933262348175048,2026-04-21T16:30:20.805783+00:00
NR-AR-LBD,atom_pair,LogisticRegression,smote,pr_auc,"{'C': 0.001, 'l1_ratio': 1.0}",0.3562109231878405,1343,0.9627699180938198,0.9657869694903228,0.6432138910141971,0.6750952018278751,0.3562109231878405,0.7564197990323781,0.7529376073303843,0.7529376073303843,0.7818532011702544,0.7798404137267403,10748.0,0.9064748201438848,0.9378406910617048,0.4998000799680128,0.5447080291970803,0.0199533706368238,834.0,0.2331998348236084,0.1979141235351562,2026-04-21T08:31:10.753984+00:00
NR-AR-LBD,atom_pair,LogisticRegression,smoteenn,pr_auc,"{'C': 0.001, 'l1_ratio': 1.0}",0.3562109231878405,1343,0.9627699180938198,0.9657869694903228,0.6432138910141971,0.6750952018278751,0.3562109231878405,0.7571295433364399,0.7536617390394144,0.7536123557503744,0.7824501555493729,0.7800280370620352,10730.0,0.9064748201438848,0.9378406910617048,0.4998000799680128,0.5447080291970803,0.0199533706368238,834.0,0.1890039443969726,0.1751880645751953,2026-04-21T08:31:12.200181+00:00
NR-AR-LBD,atom_pair,LogisticRegression,smoten,pr_auc,"{'C': 0.001, 'l1_ratio': 1.0}",0.37568589266281,1343,0.9627699180938198,0.9657869694903228,0.6432138910141971,0.6758314292967759,0.37568589266281,0.7578154075176777,0.7544352188758892,0.7544352188758892,0.7867928691937597,0.7884354700941596,10748.0,0.9064748201438848,0.9378406910617048,0.4998000799680128,0.5426804541768045,0.0190009896844429,834.0,0.2100322246551513,0.2056708335876464,2026-04-21T08:31:14.191477+00:00
NR-AR-LBD,atom_pair,LogisticRegression,smoten_enn,pr_auc,"{'C': 0.001, 'l1_ratio': 1.0}",0.37568589266281,1343,0.9627699180938198,0.9657869694903228,0.6432138910141971,0.6758314292967759,0.37568589266281,0.759958855432953,0.7566225253207634,0.7564754544423484,0.7885911804539261,0.7890025861820636,10694.0,0.9064748201438848,0.9378406910617048,0.4998000799680128,0.5426804541768045,0.0190009896844429,834.0,0.2152252197265625,0.1908578872680664,2026-04-21T08:31:14.609231+00:00
NR-AR-LBD,avalon,RandomForest,none,pr_auc,"{'max_depth': 10, 'max_features': 'sqrt', 'min_samples_leaf': 5, 'n_estimators': 100}",0.5871712682903413,1343,0.9843633655994044,0.9802155291863782,0.7268024759524571,0.8346153846153845,0.5871712682903413,0.9867002156721782,0.9872252391945644,0.9071745938989936,0.9962558517618946,0.901488663723898,5564.0,0.9784172661870504,0.976285185443878,0.5445388349514563,0.7546634225466342,0.0655146530498628,834.0,0.5258290767669678,0.3959898948669433,2026-04-21T16:32:09.560954+00:00
NR-AR-LBD,avalon,RandomForest,random_over,pr_auc,"{'max_depth': 15, 'max_features': 'sqrt', 'min_samples_leaf': 5, 'n_estimators': 200}",0.6221186186502362,1343,0.985107967237528,0.9814412403498672,0.7462207105064248,0.8938690022848439,0.6221186186502362,0.9924637141793822,0.9924635935519984,0.9924635935519984,0.9994169988818512,0.999375785446187,10748.0,0.9808153477218226,0.97765278686142,0.5507070707070707,0.6876520681265207,0.0533725279984211,834.0,2.3328299522399902,2.3605120182037354,2026-04-21T16:32:35.699893+00:00
NR-AR-LBD,avalon,XGBoost,random_under,pr_auc,"{'colsample_bytree': 0.8, 'learning_rate': 0.05, 'max_depth': 7, 'min_child_weight': 1, 'n_estimators': 100, 'scale_pos_weight': 1, 'subsample': 0.8}",0.5464579804972782,1343,0.9858525688756515,0.9826253186460039,0.7647010005071695,0.9037065244986038,0.5464579804972782,0.9842105263157894,0.9841114059285171,0.9820188644194336,0.9996675900277009,0.999365820996587,570.0,0.960431654676259,0.9665162699688906,0.5184673256932901,0.7402676399026764,0.07366751716217215,834.0,0.13060283660888672,0.11133527755737305,2026-04-29T22:07:22.642083+00:00
NR-AR-LBD,avalon,LogisticRegression,smote,pr_auc,"{'C': 0.01, 'l1_ratio': 1.0}",0.4012347106893599,1343,0.9754281459419212,0.9743345918827384,0.6937286202964652,0.7043158161970042,0.4012347106893599,0.8747673985857835,0.8742817794017865,0.8742817794017864,0.9548101072179118,0.9599308621720126,10748.0,0.9268585131894485,0.9481987527588384,0.4810205351586807,0.512469586374696,0.0172762818075198,834.0,0.1109147071838378,0.1088380813598632,2026-04-21T08:31:19.466240+00:00
NR-AR-LBD,avalon,XGBoost,smoteenn,pr_auc,"{'colsample_bytree': 0.8, 'learning_rate': 0.1, 'max_depth': 3, 'min_child_weight': 5, 'n_estimators': 100, 'scale_pos_weight': 1, 'subsample': 0.8}",0.4020898652062607,1343,0.9806403574087863,0.9782644346305811,0.7242386909274703,0.7686595582635187,0.4020898652062607,0.9655622958469435,0.9655623774337084,0.9655622190594002,0.9941406218698321,0.993642318039231,10715.0,0.9616306954436451,0.9663330460326116,0.4902200488997555,0.49330900243308995,0.017759216260372628,834.0,0.8235399723052979,0.7666878700256348,2026-04-29T22:07:37.422735+00:00
NR-AR-LBD,avalon,XGBoost,smoten,pr_auc,"{'colsample_bytree': 0.8, 'learning_rate': 0.1, 'max_depth': 7, 'min_child_weight': 1, 'n_estimators': 200, 'scale_pos_weight': 1, 'subsample': 0.8}",0.4371689013721105,1343,0.9828741623231572,0.977625614557687,0.6848479283360371,0.8419649657273419,0.4371689013721105,0.9990695943431336,0.9990695940531858,0.999069594053186,0.999993923104102,0.999993937160788,10748.0,0.9832134292565947,0.9772689707967604,0.4957678355501814,0.6480129764801297,0.03068260989218763,834.0,2.229300022125244,2.218867063522339,2026-04-29T22:08:00.877793+00:00
NR-AR-LBD,avalon,RandomForest,smoten_enn,pr_auc,"{'max_depth': 5, 'max_features': 'log2', 'min_samples_leaf': 10, 'n_estimators': 200}",0.3884444626460369,1343,0.9843633655994044,0.9802155291863782,0.7268024759524571,0.6600406194465601,0.3884444626460369,0.8469674279296143,0.8438343023838676,0.8436989073569076,0.9919600510794458,0.9910096244807508,10684.0,0.9796163069544364,0.9769651451925818,0.5474769397721106,0.5295012165450121,0.0318037978824931,834.0,0.9286291599273682,0.6638851165771484,2026-04-21T16:33:45.952652+00:00
NR-AR-LBD,erg,RandomForest,none,pr_auc,"{'max_depth': 15, 'max_features': 'sqrt', 'min_samples_leaf': 20, 'n_estimators': 100}",0.5330200952223574,1343,0.9836187639612808,0.9789448761544788,0.7063722372396247,0.7366844376745367,0.5330200952223574,0.9789719626168224,0.9801659532363668,0.8588003184968269,0.979344994417566,0.8131184989896184,5564.0,0.9760191846522782,0.9760191846522782,0.5772506082725061,0.721918085969181,0.0917597034642198,834.0,0.4015741348266601,0.5365149974822998,2026-04-21T16:34:03.461004+00:00
NR-AR-LBD,erg,RandomForest,random_over,pr_auc,"{'max_depth': 10, 'max_features': 'sqrt', 'min_samples_leaf': 20, 'n_estimators': 200}",0.5314191064000179,1343,0.9836187639612808,0.9789448761544788,0.7063722372396247,0.755039350088855,0.5314191064000179,0.9252884257536286,0.9250150195524602,0.9250150195524602,0.9793594854770152,0.9821795100324566,10748.0,0.9772182254196644,0.9767298940020708,0.5811814457512885,0.6837996755879968,0.0749375928504354,834.0,1.0813212394714355,1.2146930694580078,2026-04-21T16:34:10.536420+00:00
NR-AR-LBD,erg,XGBoost,random_under,pr_auc,"{'colsample_bytree': 0.8, 'learning_rate': 0.05, 'max_depth': 7, 'min_child_weight': 5, 'n_estimators': 100, 'scale_pos_weight': 1, 'subsample': 0.8}",0.5164987565465358,1343,0.9843633655994043,0.9818016653025504,0.7626908999116496,0.7332063975628331,0.5164987565465358,0.9245614035087719,0.9223954060705497,0.9106371342630571,0.9687880886426593,0.956353013087149,570.0,0.9676258992805755,0.971211821998054,0.5562693361183912,0.6320965125709651,0.14531656161402562,834.0,0.09222412109375,0.07195806503295898,2026-04-29T22:08:47.098057+00:00
NR-AR-LBD,erg,RandomForest,smote,pr_auc,"{'max_depth': 10, 'max_features': 'log2', 'min_samples_leaf': 20, 'n_estimators': 100}",0.479121024163666,1343,0.9821295606850337,0.9777294884198404,0.6954648526077097,0.7557755775577558,0.479121024163666,0.9270561965016748,0.926793371409254,0.926793371409254,0.982938811787142,0.9853633288849416,10748.0,0.9772182254196644,0.9767298940020708,0.5811814457512885,0.7419910786699109,0.0825758951619756,834.0,0.6332449913024902,0.6371231079101562,2026-04-21T16:34:25.760640+00:00
NR-AR-LBD,erg,RandomForest,smoteenn,pr_auc,"{'max_depth': 10, 'max_features': 'sqrt', 'min_samples_leaf': 20, 'n_estimators': 100}",0.4947385390975188,1343,0.9821295606850337,0.9777294884198404,0.6954648526077097,0.7485402386392485,0.4947385390975188,0.9586305278174037,0.9585664111454316,0.958518682121248,0.9954208875762304,0.9954261853932233,10515.0,0.9796163069544364,0.9781788932632194,0.5900771966345737,0.7248580697485807,0.0734742761278693,834.0,1.19166898727417,0.9960062503814696,2026-04-21T16:34:31.616238+00:00
NR-AR-LBD,erg,LogisticRegression,smoten,pr_auc,"{'C': 0.01, 'l1_ratio': 0.0}",0.3614202990702715,1343,0.9650037230081906,0.9672259118846456,0.6504405420522448,0.6411525767961411,0.3614202990702715,0.7893561592854484,0.785171902933379,0.7851719029333791,0.8840803713977166,0.8788839791419751,10748.0,0.9364508393285372,0.9541957730493054,0.5186383089940867,0.6151662611516626,0.0756246732392336,834.0,0.0369610786437988,0.0277009010314941,2026-04-21T08:31:27.867847+00:00
NR-AR-LBD,erg,RandomForest,smoten_enn,pr_auc,"{'max_depth': 5, 'max_features': 'sqrt', 'min_samples_leaf': 20, 'n_estimators': 100}",0.3973288831225877,1343,0.9821295606850337,0.9762536703241126,0.6621383647798742,0.6785605483625285,0.3973288831225877,0.938500506585613,0.9380507654878826,0.9372688393813337,0.9896049103565738,0.9886175525078628,9870.0,0.9784172661870504,0.976285185443878,0.5445388349514563,0.6275344687753447,0.0622700577200527,834.0,0.4958741664886474,0.3104548454284668,2026-04-21T16:34:42.988842+00:00
NR-AR-LBD,estate,LogisticRegression,none,pr_auc,"{'C': 1, 'l1_ratio': 1.0}",0.4579811746328401,1343,0.9769173492181684,0.9758900711625724,0.7122905220966794,0.7556994160954558,0.4579811746328401,0.8781452192667146,0.911950960583362,0.6227612526864967,0.9002644310814253,0.3433691419949073,5564.0,0.8896882494004796,0.92873685972579,0.5013128818406344,0.6981954582319546,0.0696262466229246,834.0,0.0210518836975097,0.0207018852233886,2026-04-21T08:31:29.763230+00:00
NR-AR-LBD,estate,LogisticRegression,random_over,pr_auc,"{'C': 1, 'l1_ratio': 1.0}",0.4606562894899955,1343,0.9746835443037974,0.9742566870428724,0.7004277541594499,0.752043665905052,0.4606562894899955,0.8423892817268329,0.84222387832067,0.8422238783206699,0.9031627940507776,0.9015897386481364,10748.0,0.8752997601918465,0.9206045549836244,0.4938966040378107,0.6924168694241687,0.0710786866156487,834.0,0.0313279628753662,0.0277347564697265,2026-04-21T08:31:30.600928+00:00
NR-AR-LBD,estate,RandomForest,random_under,pr_auc,"{'max_depth': 10, 'max_features': 'sqrt', 'min_samples_leaf': 5, 'n_estimators': 100}",0.4475030178914526,1343,0.9821295606850337,0.9794575297472772,0.7345849802371542,0.7272658035034273,0.4475030178914526,0.8842105263157894,0.8812260536398467,0.8635057471264367,0.9544113573407202,0.925885234865208,570.0,0.9532374100719424,0.963295298644805,0.5345116279069767,0.635036496350365,0.136804373920151,834.0,0.2031741142272949,0.1503317356109619,2026-04-21T16:35:20.485657+00:00
NR-AR-LBD,estate,RandomForest,smote,pr_auc,"{'max_depth': 15, 'max_features': 'sqrt', 'min_samples_leaf': 20, 'n_estimators': 100}",0.4622912161630829,1343,0.9836187639612808,0.979585364384854,0.7208427815570673,0.7408860116780909,0.4622912161630829,0.9648306661704504,0.9648230643630424,0.9648230643630428,0.9945367493960154,0.9940887461255632,10748.0,0.9820143884892086,0.9796751281111016,0.6007149468577447,0.6189172749391728,0.1335539320236506,834.0,0.3526339530944824,0.3017129898071289,2026-04-21T16:35:21.458283+00:00
NR-AR-LBD,estate,RandomForest,smoteenn,pr_auc,"{'max_depth': 10, 'max_features': 'sqrt', 'min_samples_leaf': 10, 'n_estimators': 100}",0.4816080772824418,1343,0.9836187639612808,0.9789448761544788,0.7063722372396247,0.7570449352627571,0.4816080772824418,0.9679229402412792,0.9679140089440122,0.9679107983469556,0.995248336622201,0.9946324892636652,10693.0,0.9820143884892086,0.9796751281111016,0.6007149468577447,0.66220600162206,0.1449193352826056,834.0,0.3953800201416015,0.4038360118865967,2026-04-21T16:35:30.814612+00:00
NR-AR-LBD,estate,RandomForest,smoten,pr_auc,"{'max_depth': 5, 'max_features': 'sqrt', 'min_samples_leaf': 20, 'n_estimators': 200}",0.4117527623607514,1343,0.985107967237528,0.9814412403498672,0.7462207105064248,0.6928662096978928,0.4117527623607514,0.857089691105322,0.8552428820907492,0.8552428820907492,0.9699237628305606,0.9700804982539432,10748.0,0.9700239808153476,0.971661914831328,0.5294197305166226,0.5700527169505271,0.066471086401598,834.0,0.9114861488342284,0.5910859107971191,2026-04-21T16:35:35.304884+00:00
NR-AR-LBD,estate,RandomForest,smoten_enn,pr_auc,"{'max_depth': 5, 'max_features': 'sqrt', 'min_samples_leaf': 20, 'n_estimators': 200}",0.4193792729730639,1343,0.985107967237528,0.9814412403498672,0.7462207105064248,0.7043919776593044,0.4193792729730639,0.8721588184520955,0.8705033070365386,0.8699858589699427,0.975348300938964,0.9729649753663996,10427.0,0.9700239808153476,0.971661914831328,0.5294197305166226,0.5897201946472019,0.0487392404747896,834.0,0.5732250213623047,0.7045853137969971,2026-04-21T16:35:39.060740+00:00
NR-AR-LBD,fcfp,RandomForest,none,pr_auc,"{'max_depth': 15, 'max_features': 'sqrt', 'min_samples_leaf': 5, 'n_estimators': 200}",0.5074557598512297,1343,0.9858525688756516,0.982625318646004,0.7647010005071695,0.8116400101548615,0.5074557598512297,0.9780733285406182,0.9786010565953176,0.8418139448173005,0.9814584843202162,0.8021125211077307,5564.0,0.9772182254196644,0.9756117042353626,0.5418509844739353,0.6934306569343066,0.0618304717780698,834.0,1.7414400577545166,1.3996710777282717,2026-04-21T16:35:44.403777+00:00
NR-AR-LBD,fcfp,RandomForest,random_over,pr_auc,"{'max_depth': 15, 'max_features': 'sqrt', 'min_samples_leaf': 5, 'n_estimators': 200}",0.5218144842546378,1343,0.9865971705137752,0.9837707579632708,0.7823103522800952,0.8088220360497589,0.5218144842546378,0.9250093040565688,0.9247132417796974,0.9247132417796974,0.9891121589303224,0.9894551663653874,10748.0,0.9784172661870504,0.976285185443878,0.5445388349514563,0.7247566909975669,0.0668114790342171,834.0,7.814507007598877,5.533452033996582,2026-04-21T16:35:56.303774+00:00
NR-AR-LBD,fcfp,KNeighbors,random_under,pr_auc,"{'n_neighbors': 5, 'weights': 'distance'}",0.4647223917060226,1343,0.9702159344750558,0.9719224317358434,0.6982429335370512,0.7491622239146992,0.4647223917060226,1.0,1.0,1.0,1.0,1.0,570.0,0.9412470023980816,0.9572400829266136,0.5393563658907738,0.6864355231143553,0.0735095340829877,834.0,1.461148977279663,0.6454100608825684,2026-04-23T18:07:20.549712+00:00
NR-AR-LBD,fcfp,RandomForest,smote,pr_auc,"{'max_depth': 15, 'max_features': 'log2', 'min_samples_leaf': 10, 'n_estimators': 200}",0.4421053670854062,1343,0.985107967237528,0.9814412403498672,0.7462207105064248,0.7114623000761615,0.4421053670854062,0.8111276516561221,0.8067370574369638,0.8067370574369638,0.951576263693099,0.9554593447535225,10748.0,0.9544364508393284,0.9633252611669878,0.5133292383292383,0.5157137064071371,0.0231842995300059,834.0,2.220191240310669,3.3239409923553467,2026-04-21T16:36:06.256048+00:00
NR-AR-LBD,fcfp,RandomForest,smoteenn,pr_auc,"{'max_depth': 10, 'max_features': 'sqrt', 'min_samples_leaf': 5, 'n_estimators': 200}",0.437697366370427,1343,0.9858525688756516,0.982625318646004,0.7647010005071695,0.7394135567402893,0.437697366370427,0.8808965581918785,0.8795626359578633,0.8794576513375936,0.9802750482477518,0.980237311651333,10663.0,0.9760191846522782,0.9749437167376448,0.5393792113111675,0.5664030819140309,0.02946567012714,834.0,6.273431062698364,4.390726804733276,2026-04-21T16:36:14.769046+00:00
NR-AR-LBD,fcfp,RandomForest,smoten,pr_auc,"{'max_depth': 5, 'max_features': 'log2', 'min_samples_leaf': 10, 'n_estimators': 200}",0.4341865960294497,1343,0.985107967237528,0.9814412403498672,0.7462207105064248,0.722048743335872,0.4341865960294497,0.7896352809825083,0.7843346838003481,0.784334683800348,0.951871902081574,0.952107119746293,10748.0,0.9448441247002398,0.9582245314859223,0.5066358024691359,0.4942214111922141,0.0181581740256797,834.0,1.3450102806091309,1.0624120235443115,2026-04-21T16:36:19.992112+00:00
NR-AR-LBD,fcfp,RandomForest,smoten_enn,pr_auc,"{'max_depth': 5, 'max_features': 'sqrt', 'min_samples_leaf': 10, 'n_estimators': 100}",0.4226754602562969,1343,0.985107967237528,0.9814412403498672,0.7462207105064248,0.7220868240670221,0.4226754602562969,0.8097556408575977,0.8040268285504908,0.8038126374653478,0.9785255466917776,0.9771323539826218,10681.0,0.973621103117506,0.973621103117506,0.5349756690997567,0.4824614760746147,0.0287088427239624,834.0,1.6688430309295654,2.385380744934082,2026-04-21T16:37:52.305785+00:00
NR-AR-LBD,klekota_roth,XGBoost,none,pr_auc,"{'colsample_bytree': 0.8, 'learning_rate': 0.1, 'max_depth': 7, 'min_child_weight': 1, 'n_estimators': 100, 'scale_pos_weight': 4, 'subsample': 0.8}",0.4682730998011234,1343,0.9851079672375279,0.9814412403498672,0.7462207105064248,0.8510408733181011,0.4682730998011234,0.9951473759884975,0.9951535184950315,0.9633107646228319,0.9986631539772393,0.9740492572657645,5564.0,0.9820143884892086,0.9783495966614316,0.5542808280186696,0.7704785077047851,0.1545482225542752,834.0,5.3211870193481445,5.369074821472168,2026-04-29T22:13:35.767097+00:00
NR-AR-LBD,klekota_roth,RandomForest,random_over,pr_auc,"{'max_depth': 10, 'max_features': 'sqrt', 'min_samples_leaf': 10, 'n_estimators': 100}",0.4481265157134956,1343,0.9858525688756516,0.982625318646004,0.7647010005071695,0.7791190657527292,0.4481265157134956,0.8636025307033867,0.8617201886898495,0.8617201886898493,0.9798381752054616,0.979895360043149,10748.0,0.973621103117506,0.9746196109728912,0.5702239295418345,0.7626723438767234,0.112799742910251,834.0,3.600733995437622,4.069762706756592,2026-04-21T16:38:24.320570+00:00
NR-AR-LBD,klekota_roth,XGBoost,random_under,pr_auc,"{'colsample_bytree': 0.8, 'learning_rate': 0.05, 'max_depth': 5, 'min_child_weight': 5, 'n_estimators': 200, 'scale_pos_weight': 1, 'subsample': 0.8}",0.4204442072252195,1343,0.9836187639612807,0.9811694022683373,0.7567028985507247,0.6988068037572988,0.4204442072252195,0.8982456140350877,0.8939122827945445,0.8767595133007278,0.9623614958448753,0.9440162853205389,570.0,0.9556354916067147,0.9646012363958654,0.5374098670304466,0.6287510137875101,0.07702695287801263,834.0,1.2829351425170898,1.0883231163024902,2026-04-29T22:14:24.288695+00:00
NR-AR-LBD,klekota_roth,RandomForest,smote,pr_auc,"{'max_depth': 10, 'max_features': 'sqrt', 'min_samples_leaf': 5, 'n_estimators': 100}",0.4218424844624464,1343,0.9828741623231572,0.98006849056946,0.7400900332365686,0.7380553439959381,0.4218424844624464,0.8782098995161891,0.877078831570162,0.8770788315701619,0.9733099788932612,0.974339228776761,10748.0,0.9700239808153476,0.9725623973691384,0.5613389156550462,0.7746857258718572,0.1020753122903499,834.0,2.5979650020599365,1.8542232513427737,2026-04-21T16:38:36.997659+00:00
NR-AR-LBD,klekota_roth,RandomForest,smoteenn,pr_auc,"{'max_depth': 5, 'max_features': 'sqrt', 'min_samples_leaf': 20, 'n_estimators': 200}",0.4235093558997179,1343,0.985107967237528,0.9814412403498672,0.7462207105064248,0.7373952779893373,0.4235093558997179,0.8056836360214548,0.7996621738462011,0.7992530795602912,0.9369984656542693,0.945000728142822,10627.0,0.9700239808153476,0.9725623973691384,0.5613389156550462,0.7110198702351986,0.0967261634860866,834.0,4.54777717590332,2.1693010330200195,2026-04-21T16:38:45.367326+00:00
NR-AR-LBD,klekota_roth,DecisionTree,smoten,pr_auc,"{'ccp_alpha': 0.001, 'criterion': 'gini', 'max_depth': 15, 'min_samples_leaf': 10}",0.4071877150760415,1343,0.9724497393894268,0.9726703135290224,0.6896736924277909,0.7427900482355928,0.4071877150760415,0.974972087830294,0.974971723627444,0.974971723627444,0.9861321599857286,0.9820577160331284,10748.0,0.9580335731414868,0.9652388053598416,0.5162974132931215,0.5991484184914841,0.0530187144596099,834.0,1.3914129734039309,1.407437086105347,2026-04-22T07:49:37.036365+00:00
NR-AR-LBD,klekota_roth,DecisionTree,smoten_enn,pr_auc,"{'ccp_alpha': 0.001, 'criterion': 'gini', 'max_depth': 15, 'min_samples_leaf': 10}",0.4071262522700276,1343,0.9724497393894268,0.9726703135290224,0.6896736924277909,0.7511931962427012,0.4071262522700276,0.980151671191836,0.9801518131630108,0.9801512186587162,0.9907925253940962,0.98539667885703,10681.0,0.9580335731414868,0.9652388053598416,0.5162974132931215,0.6005677210056772,0.0532665506425878,834.0,1.2377231121063232,1.5062401294708252,2026-04-22T07:49:51.652572+00:00
NR-AR-LBD,maccs,RUSBoost,none,pr_auc,"{'learning_rate': 0.005, 'n_estimators': 150, 'sampling_strategy': 'auto'}",0.5260443383706517,1343,0.9858525688756516,0.982625318646004,0.7647010005071695,0.8571464838791573,0.5260443383706517,0.9462616822429908,0.954989636269806,0.7276242409179893,0.9303733375119974,0.6831576161355786,5564.0,0.9532374100719424,0.9643475685016978,0.5730767716277055,0.6614963503649636,0.0770010230668209,834.0,0.9005451202392578,0.7778522968292236,2026-04-29T18:13:10.339580+00:00
NR-AR-LBD,maccs,RandomForest,random_over,pr_auc,"{'max_depth': 10, 'max_features': 'sqrt', 'min_samples_leaf': 10, 'n_estimators': 100}",0.5046689954446169,1343,0.985107967237528,0.9814412403498672,0.7462207105064248,0.8498095963442498,0.5046689954446169,0.9788797915891329,0.9788797826305536,0.9788797826305534,0.9957131568016429,0.9945736237947777,10748.0,0.974820143884892,0.975316078239052,0.5736092513694461,0.7138077858880779,0.0722104447695924,834.0,0.4775660037994385,0.3706681728363037,2026-04-21T16:40:33.661323+00:00
NR-AR-LBD,maccs,RandomForest,random_under,pr_auc,"{'max_depth': 15, 'max_features': 'sqrt', 'min_samples_leaf': 5, 'n_estimators': 100}",0.4863434509618724,1343,0.985107967237528,0.9814412403498672,0.7462207105064248,0.801066260472201,0.4863434509618724,0.8964912280701754,0.893098288794522,0.8765685846310821,0.9810664819944598,0.9623917259052812,570.0,0.9676258992805756,0.971951446349176,0.582652210175146,0.6535888077858881,0.0811340189071431,834.0,0.3019258975982666,0.161280870437622,2026-04-21T16:40:59.453316+00:00
NR-AR-LBD,maccs,LogisticRegression,smote,pr_auc,"{'C': 0.001, 'l1_ratio': 0.0}",0.3628070109121126,1343,0.9590469099032016,0.9634342823107188,0.6323167059081203,0.5900482355927901,0.3628070109121126,0.820152586527726,0.8195501874196648,0.8195501874196647,0.9006838187255375,0.9188639408666326,10748.0,0.9016786570743404,0.9358936598238516,0.5283325976605606,0.7148215733982157,0.0483642830686701,834.0,0.040187120437622,0.0402419567108154,2026-04-21T08:31:55.647359+00:00
NR-AR-LBD,maccs,RandomForest,smoteenn,pr_auc,"{'max_depth': 5, 'max_features': 'log2', 'min_samples_leaf': 20, 'n_estimators': 100}",0.3647266543700241,1343,0.9843633655994044,0.9802155291863782,0.7268024759524571,0.6101040873318101,0.3647266543700241,0.8266856600189934,0.8219367795036799,0.8212941625251955,0.9672849810151052,0.9665991721135664,10530.0,0.9688249400479616,0.9710137116787408,0.527787456445993,0.6999188969991889,0.0541801944656509,834.0,0.4160268306732178,0.2904119491577148,2026-04-21T16:41:16.216387+00:00
NR-AR-LBD,maccs,LogisticRegression,smoten,pr_auc,"{'C': 0.001, 'l1_ratio': 1.0}",0.4485974392079442,1343,0.9873417721518988,0.9848802737186256,0.7991095390192611,0.7134044173648133,0.4485974392079442,0.7631187197618161,0.7628376631194768,0.7628376631194769,0.8564984143283718,0.8582716666871402,10748.0,0.6630695443645084,0.7845777960568822,0.4213981507770933,0.6872465531224656,0.0602407485115017,834.0,0.0391068458557128,0.0279951095581054,2026-04-21T08:31:57.645073+00:00
NR-AR-LBD,maccs,RandomForest,smoten_enn,pr_auc,"{'max_depth': 5, 'max_features': 'sqrt', 'min_samples_leaf': 10, 'n_estimators': 100}",0.3691006452613509,1343,0.985107967237528,0.9814412403498672,0.7462207105064248,0.6630489972074131,0.3691006452613509,0.878884312991389,0.8778186933078966,0.8777480932460504,0.985746097727988,0.983993705497136,10684.0,0.9700239808153476,0.971661914831328,0.5294197305166226,0.7313463098134632,0.0743898393086956,834.0,0.3992607593536377,0.290942907333374,2026-04-21T16:41:49.789829+00:00
NR-AR-LBD,map4,BalancedRandomForest,none,pr_auc,"{'max_depth': 15, 'max_features': 'log2', 'min_samples_leaf': 10, 'n_estimators': 100}",0.4376814601977032,1343,0.9754281459419212,0.975224586680467,0.7140580542347074,0.7863163239400863,0.4376814601977032,0.8475916606757729,0.8925959653861174,0.5856192343092412,0.9000181184259494,0.6509067920171908,5564.0,0.8657074340527577,0.9149810617201226,0.4811589050835407,0.6117193836171939,0.1133319723217736,834.0,0.5793149471282959,0.6173830032348633,2026-04-21T22:06:12.054869+00:00
NR-AR-LBD,map4,RandomForest,random_over,pr_auc,"{'max_depth': 5, 'max_features': 'log2', 'min_samples_leaf': 20, 'n_estimators': 100}",0.4083499842306774,1343,0.9828741623231572,0.9795438997369644,0.7282070233790002,0.7336379791825336,0.4083499842306774,0.8767212504652029,0.8760802709838568,0.8760802709838567,0.9348690416814808,0.9518277344883344,10748.0,0.948441247002398,0.9606909088608464,0.5292897738459317,0.6206407137064072,0.0545512497526949,834.0,0.4954078197479248,0.4629707336425781,2026-04-21T16:42:00.440943+00:00
NR-AR-LBD,map4,LogisticRegression,random_under,pr_auc,"{'C': 0.001, 'l1_ratio': 0.0}",0.4380061759874182,1343,0.8689501116902457,0.9117840383735344,0.5454111854758058,0.7647880172632647,0.4380061759874182,0.7807017543859649,0.7869717136518999,0.7738805899098378,0.9302908587257618,0.9019224994359722,570.0,0.645083932853717,0.772324163106562,0.4015882404274092,0.454176804541768,0.0607155738393553,834.0,0.0302088260650634,0.0126941204071044,2026-04-21T08:32:01.939044+00:00
NR-AR-LBD,map4,BernoulliNB,smote,pr_auc,{'alpha': 50.0},0.3714455729295429,1343,0.98138495904691,0.9793343411297788,0.7401577240680117,0.7260726072607261,0.3714455729295429,0.7615370301451433,0.7583777703707643,0.7583777703707643,0.6803334958917413,0.7689831530191099,10748.0,0.8908872901678657,0.929198494184209,0.4921270117442366,0.5314274128142741,0.0258206422217038,834.0,0.2404720783233642,0.2263071537017822,2026-04-21T14:05:07.840395+00:00
NR-AR-LBD,map4,BernoulliNB,smoteenn,pr_auc,{'alpha': 50.0},0.3714821704793878,1343,0.9821295606850337,0.9799364011974596,0.7454510993176648,0.7257171871033258,0.3714821704793878,0.7624860231084607,0.7592666162292747,0.7592248396598773,0.6808753224468579,0.7698375847903529,10732.0,0.8920863309352518,0.9298673473019688,0.4926870150585309,0.5293998377939984,0.0257595952194066,834.0,0.3150122165679931,0.1942579746246338,2026-04-21T14:05:08.093733+00:00
NR-AR-LBD,map4,BernoulliNB,smoten,pr_auc,{'alpha': 50.0},0.3532660960128482,1343,0.9761727475800448,0.9753398938629212,0.7082020640956002,0.7266565118050268,0.3532660960128482,0.7622813546706364,0.7603089055274774,0.7603089055274774,0.6696742395985358,0.7541654433697227,10748.0,0.8597122302158273,0.9115451162925484,0.4787137995694145,0.5518045417680454,0.0198593360541434,834.0,0.2160587310791015,0.1758561134338379,2026-04-21T14:05:11.517093+00:00
NR-AR-LBD,map4,BernoulliNB,smoten_enn,pr_auc,{'alpha': 0.1},0.3532568688125811,1343,0.9784065524944154,0.9770092738971096,0.7209080681337738,0.725920284336126,0.3532568688125811,0.7673984119570294,0.7653447670651867,0.7652546581566672,0.6719031872685461,0.7576380918602433,10705.0,0.8657074340527577,0.9149810617201226,0.4811589050835407,0.5488645579886455,0.0199173384188314,834.0,0.1807560920715332,0.1941199302673339,2026-04-21T14:05:13.858021+00:00
NR-AR-LBD,mhfp,RandomForest,none,pr_auc,"{'max_depth': 10, 'max_features': 'log2', 'min_samples_leaf': 10, 'n_estimators': 200}",0.5114026049039616,1343,0.977661950856292,0.9666190824354752,0.4943524096385542,0.8192942371160192,0.5114026049039616,0.9973040977713876,0.997347054126966,0.9802173812562888,0.9998011870017433,0.9938049178009816,5564.0,0.9856115107913668,0.978469398394328,0.4963768115942029,0.5665044606650446,0.0535989876034724,834.0,0.7156548500061035,0.5900380611419678,2026-04-21T16:43:23.041021+00:00
NR-AR-LBD,mhfp,RandomForest,random_over,pr_auc,"{'max_depth': 15, 'max_features': 'sqrt', 'min_samples_leaf': 5, 'n_estimators': 200}",0.4684984826580925,1343,0.9791511541325392,0.9701397629058204,0.5572249434815373,0.8144960649911145,0.4684984826580925,0.9988835132117604,0.99888351182001,0.99888351182001,0.9999817866253996,0.9999755531551288,10748.0,0.9856115107913668,0.978469398394328,0.4963768115942029,0.5218978102189781,0.0371271863243526,834.0,3.6257247924804688,5.872876882553101,2026-04-21T16:43:31.796569+00:00
NR-AR-LBD,mhfp,RandomForest,random_under,pr_auc,"{'max_depth': 5, 'max_features': 'sqrt', 'min_samples_leaf': 10, 'n_estimators': 100}",0.4505427442377695,1343,0.9836187639612808,0.9789448761544788,0.7063722372396247,0.7662096978928662,0.4505427442377695,0.9666666666666668,0.9662507844326024,0.961602688875416,0.998628808864266,0.996735102541289,570.0,0.9808153477218226,0.9760656365948404,0.4951573849878934,0.5487631792376318,0.0408596420273205,834.0,0.2224106788635254,0.2145032882690429,2026-04-21T16:43:49.624564+00:00
NR-AR-LBD,mhfp,KNeighbors,smote,pr_auc,"{'n_neighbors': 15, 'weights': 'distance'}",0.4937629235822852,1343,0.9843633655994044,0.9813226910641848,0.7518411952590872,0.7698146737750698,0.4937629235822852,0.998976553777447,0.9989765530598262,0.998976553059826,0.999994044295758,0.9999919634059375,10748.0,0.9808153477218226,0.97765278686142,0.5507070707070707,0.5514497161394971,0.0299347713947068,834.0,78.9785590171814,67.53142285346985,2026-04-23T18:44:13.396396+00:00
NR-AR-LBD,mhfp,KNeighbors,smoteenn,pr_auc,"{'n_neighbors': 15, 'weights': 'distance'}",0.4843252230501417,1343,0.9843633655994044,0.9813226910641848,0.7518411952590872,0.7555597867479055,0.4843252230501417,0.9992548435171386,0.9992548437240156,0.9992548434137,0.9999964949283348,0.9999946767217124,10736.0,0.9796163069544364,0.9754628762162892,0.4948516050878255,0.5694444444444445,0.0314680011631861,834.0,80.30381107330322,67.17888689041138,2026-04-23T18:44:34.881872+00:00
NR-AR-LBD,mhfp,KNeighbors,smoten,pr_auc,"{'n_neighbors': 15, 'weights': 'distance'}",0.4550214694038637,1343,0.98138495904691,0.9793343411297788,0.7401577240680117,0.7694084793094695,0.4550214694038637,0.9987904726460736,0.9987904717979764,0.9987904717979764,0.999250931686826,0.998504462764856,10748.0,0.974820143884892,0.9742804091601835,0.537095282146161,0.5502838605028386,0.024237893057919,834.0,82.83201098442078,66.39328694343567,2026-04-23T18:47:21.339784+00:00
NR-AR-LBD,mhfp,KNeighbors,smoten_enn,pr_auc,"{'n_neighbors': 15, 'weights': 'distance'}",0.4259638803737835,1343,0.98138495904691,0.9793343411297788,0.7401577240680117,0.7572353389185073,0.4259638803737835,0.9989739763081802,0.998973977879268,0.9989739740229616,0.9990690027255474,0.9981321682845764,10721.0,0.974820143884892,0.9742804091601835,0.537095282146161,0.5705596107055961,0.0256631617782696,834.0,84.48732900619507,67.67349672317505,2026-04-23T18:48:05.039483+00:00
NR-AR-LBD,morgan_2048,XGBoost,none,pr_auc,"{'colsample_bytree': 0.8, 'learning_rate': 0.05, 'max_depth': 3, 'min_child_weight': 10, 'n_estimators': 100, 'scale_pos_weight': 8, 'subsample': 0.8}",0.6111314586159661,1343,0.9851079672375279,0.9814412403498672,0.7462207105064248,0.9041000253871541,0.6111314586159661,0.9800503235082675,0.9797090416279033,0.8436163287195891,0.9512844494936634,0.7320902600102053,5564.0,0.9808153477218226,0.9776527868614201,0.5507070707070707,0.607765612327656,0.12139140647499233,834.0,1.419382095336914,1.473681926727295,2026-04-29T22:33:50.902927+00:00
NR-AR-LBD,morgan_2048,RandomForest,random_over,pr_auc,"{'max_depth': 10, 'max_features': 'sqrt', 'min_samples_leaf': 20, 'n_estimators': 200}",0.5878700864943012,1343,0.9858525688756516,0.982625318646004,0.7647010005071695,0.8802741812642803,0.5878700864943012,0.8530889467807964,0.8504977202633618,0.8504977202633619,0.9699831294289488,0.9736077011344466,10748.0,0.9760191846522782,0.9749437167376448,0.5393792113111675,0.5926601784266018,0.0675667776518589,834.0,4.074757814407349,3.6992030143737793,2026-04-21T16:45:51.891421+00:00
NR-AR-LBD,morgan_2048,RandomForest,random_under,pr_auc,"{'max_depth': 15, 'max_features': 'sqrt', 'min_samples_leaf': 5, 'n_estimators': 100}",0.5089557855345775,1343,0.9858525688756516,0.982625318646004,0.7647010005071695,0.8447956334094948,0.5089557855345775,0.8771929824561403,0.87139052425007,0.8501892346509672,0.9383518005540166,0.910381727482129,570.0,0.9688249400479616,0.9710137116787408,0.527787456445993,0.5430859691808597,0.0684875960702853,834.0,0.3094639778137207,0.1943750381469726,2026-04-21T16:45:54.450546+00:00
NR-AR-LBD,morgan_2048,XGBoost,smote,pr_auc,"{'colsample_bytree': 0.8, 'learning_rate': 0.05, 'max_depth': 7, 'min_child_weight': 10, 'n_estimators': 100, 'scale_pos_weight': 1, 'subsample': 0.8}",0.43753284966287875,1343,0.9702159344750558,0.9719224317358434,0.6982429335370512,0.7035668951510535,0.43753284966287875,0.9509676218831411,0.9509607749557102,0.9509607749557102,0.9907898150255215,0.9913871559560973,10748.0,0.960431654676259,0.9672251593392791,0.5439375611049431,0.568734793187348,0.07952944386127986,834.0,3.823539972305298,3.855621814727783,2026-04-29T22:35:00.568532+00:00
NR-AR-LBD,morgan_2048,RandomForest,smoteenn,pr_auc,"{'max_depth': 15, 'max_features': 'sqrt', 'min_samples_leaf': 5, 'n_estimators': 200}",0.4294156636113292,1343,0.9784065524944154,0.9770092738971096,0.7209080681337738,0.7504188880426504,0.4294156636113292,0.9415826801045166,0.9415351331838324,0.9415298866270676,0.9891992826506202,0.9893398442415992,10716.0,0.9652278177458034,0.9690793643682803,0.5234003980530869,0.6314882400648824,0.0482734132271851,834.0,4.465277194976807,4.851540327072144,2026-04-21T16:46:12.192962+00:00
NR-AR-LBD,morgan_2048,RandomForest,smoten,pr_auc,"{'max_depth': 15, 'max_features': 'sqrt', 'min_samples_leaf': 20, 'n_estimators': 100}",0.4308618768654435,1343,0.9821295606850337,0.9794575297472772,0.7345849802371542,0.7817339426250317,0.4308618768654435,0.9501302567919612,0.9501112115615546,0.9501112115615546,0.9876084994270752,0.988856241693058,10748.0,0.9652278177458034,0.9690793643682803,0.5234003980530869,0.6113138686131386,0.0491935575689257,834.0,3.075732946395874,3.060577869415283,2026-04-21T16:47:27.870838+00:00
NR-AR-LBD,morgan_2048,RandomForest,smoten_enn,pr_auc,"{'max_depth': 15, 'max_features': 'sqrt', 'min_samples_leaf': 10, 'n_estimators': 100}",0.4304514365878678,1343,0.9828741623231572,0.98006849056946,0.7400900332365686,0.7661462300076163,0.4304514365878678,0.9563143124415342,0.9562990281719816,0.9562939039660046,0.9936361548217416,0.9931207394037462,10690.0,0.9700239808153476,0.971661914831328,0.5294197305166226,0.5918491484184915,0.0474206491576428,834.0,3.1203739643096924,2.391698122024536,2026-04-21T16:47:35.309626+00:00
NR-AR-LBD,morgan_4096,XGBoost,none,pr_auc,"{'colsample_bytree': 0.8, 'learning_rate': 0.05, 'max_depth': 3, 'min_child_weight': 1, 'n_estimators': 100, 'scale_pos_weight': 1, 'subsample': 0.8}",0.5855720987399714,1343,0.9821295606850335,0.9762536703241126,0.6621383647798742,0.816095455699416,0.5855720987399714,0.9843637670740475,0.9827386745554298,0.8570001728164203,0.9449689538322918,0.760321642938817,5564.0,0.9832134292565947,0.9790574320204853,0.5582627118644068,0.6289537712895377,0.07616358607547559,834.0,3.884249210357666,3.7115731239318848,2026-04-29T22:37:59.810685+00:00
NR-AR-LBD,morgan_4096,XGBoost,random_over,pr_auc,"{'colsample_bytree': 0.8, 'learning_rate': 0.05, 'max_depth': 3, 'min_child_weight': 5, 'n_estimators': 100, 'scale_pos_weight': 1, 'subsample': 0.8}",0.5523413853844547,1343,0.9858525688756515,0.9826253186460039,0.7647010005071695,0.835059659812135,0.5523413853844547,0.8899330107927056,0.8890571181659095,0.8890571181659096,0.9763413111607544,0.9774837270506989,10748.0,0.9616306954436451,0.9671558310986751,0.5196198430412556,0.5424776966747771,0.06734860490569033,834.0,7.195009231567383,7.147615909576416,2026-04-29T22:38:03.402893+00:00
NR-AR-LBD,morgan_4096,LogisticRegression,random_under,pr_auc,"{'C': 0.1, 'l1_ratio': 0.0}",0.4952871935644847,1343,0.9873417721518988,0.9852680147687314,0.8078926332618116,0.8126681898959126,0.4952871935644847,0.9789473684210528,0.9788609486044596,0.9761243210790131,0.9988642659279778,0.9975839498585451,570.0,0.9592326139088728,0.9658772981614708,0.517361111111111,0.5341646390916464,0.1049183687310175,834.0,0.0679531097412109,0.0194168090820312,2026-04-21T08:32:58.408534+00:00
NR-AR-LBD,morgan_4096,XGBoost,smote,pr_auc,"{'colsample_bytree': 0.8, 'learning_rate': 0.05, 'max_depth': 7, 'min_child_weight': 10, 'n_estimators': 100, 'scale_pos_weight': 1, 'subsample': 0.8}",0.43302284173094796,1343,0.9851079672375279,0.9819675088480787,0.7581226136445501,0.7566641279512567,0.43302284173094796,0.9632489765537774,0.9632488617059772,0.9632488617059771,0.9918984762953968,0.9919605342231863,10748.0,0.9688249400479616,0.9710137116787407,0.527787456445993,0.6277372262773722,0.06999665534733449,834.0,9.921373844146729,9.9258291721344,2026-04-29T22:39:45.454960+00:00
NR-AR-LBD,morgan_4096,XGBoost,smoteenn,pr_auc,"{'colsample_bytree': 0.8, 'learning_rate': 0.05, 'max_depth': 7, 'min_child_weight': 10, 'n_estimators': 100, 'scale_pos_weight': 1, 'subsample': 0.8}",0.4292754640958431,1343,0.9836187639612807,0.9801642597328863,0.7339348750090051,0.7403909621731404,0.4292754640958431,0.9641891261773757,0.9641888458713301,0.9641884954887735,0.9937059944563199,0.9933815891247577,10723.0,0.9688249400479616,0.9710137116787407,0.527787456445993,0.6072587185725872,0.05451553927287032,834.0,9.832595109939575,9.717716217041016,2026-04-29T22:40:23.546921+00:00
NR-AR-LBD,morgan_4096,XGBoost,smoten,pr_auc,"{'colsample_bytree': 0.8, 'learning_rate': 0.05, 'max_depth': 7, 'min_child_weight': 1, 'n_estimators': 100, 'scale_pos_weight': 1, 'subsample': 0.8}",0.4296501447449345,1343,0.9828741623231572,0.9783312938707955,0.7007836641384053,0.7566514343742066,0.4296501447449345,0.9862299962783774,0.986229965762935,0.986229965762935,0.9989872013300889,0.9989893102897613,10748.0,0.9724220623501199,0.9718309243182961,0.4930091185410334,0.5779602595296026,0.02607735950596287,834.0,9.764798879623413,9.798671960830688,2026-04-29T22:41:16.437800+00:00
NR-AR-LBD,morgan_4096,RandomForest,smoten_enn,pr_auc,"{'max_depth': 10, 'max_features': 'log2', 'min_samples_leaf': 20, 'n_estimators': 100}",0.4148682561764621,1343,0.985107967237528,0.9814412403498672,0.7462207105064248,0.742980451891343,0.4148682561764621,0.8055009823182712,0.798695922348314,0.7984884295637004,0.9857649685027488,0.9846203109872396,10689.0,0.9796163069544364,0.9769651451925818,0.5474769397721106,0.4374493106244931,0.0329113890542197,834.0,0.7834498882293701,0.6932311058044434,2026-04-21T16:50:17.697268+00:00
NR-AR-LBD,pubchem,XGBoost,none,pr_auc,"{'colsample_bytree': 0.8, 'learning_rate': 0.1, 'max_depth': 3, 'min_child_weight': 1, 'n_estimators': 100, 'scale_pos_weight': 8, 'subsample': 0.8}",0.6368983887937959,1343,0.9858525688756515,0.9826253186460039,0.7647010005071695,0.8562579334856562,0.6368983887937959,0.9849029475197699,0.9847860597321554,0.8837950112332285,0.9911454762697589,0.8583174543178722,5564.0,0.9772182254196643,0.974255162274062,0.4942389326864767,0.6667680454176804,0.04097443891385385,834.0,0.6725790500640869,0.6277220249176025,2026-04-29T22:47:24.383743+00:00
NR-AR-LBD,pubchem,XGBoost,random_over,pr_auc,"{'colsample_bytree': 0.8, 'learning_rate': 0.1, 'max_depth': 5, 'min_child_weight': 5, 'n_estimators': 100, 'scale_pos_weight': 1, 'subsample': 0.8}",0.6684231689442146,1343,0.9895755770662695,0.9882962340318513,0.8515131412686379,0.8389312008123889,0.6684231689442146,0.9849274283587645,0.9849267138360027,0.9849267138360027,0.9978013582883805,0.9972338727204583,10748.0,0.9628297362110312,0.9677961050675723,0.5208229079788713,0.6479115977291161,0.027820883880828484,834.0,1.409132719039917,1.37978196144104,2026-04-29T22:48:24.957700+00:00
NR-AR-LBD,pubchem,DecisionTree,random_under,pr_auc,"{'ccp_alpha': 0.0, 'criterion': 'gini', 'max_depth': 10, 'min_samples_leaf': 20}",0.5020213636556596,1343,0.9880863737900224,0.9859563345020504,0.815153809097791,0.7837522213759838,0.5020213636556596,0.8263157894736842,0.8290281257212044,0.8112576468581405,0.9148545706371192,0.8581658341699507,570.0,0.7973621103117506,0.8745459792858684,0.4659254964817151,0.585817112733171,0.0367321911279517,834.0,0.021989107131958,0.0108652114868164,2026-04-22T08:01:58.768683+00:00
NR-AR-LBD,pubchem,RandomForest,smote,pr_auc,"{'max_depth': 15, 'max_features': 'sqrt', 'min_samples_leaf': 20, 'n_estimators': 100}",0.4491231743101869,1343,0.9590469099032016,0.9645402033274028,0.6581099657947965,0.838080731150038,0.4491231743101869,0.944268701153703,0.944237312785414,0.944237312785414,0.9888752465557678,0.9885189638700492,10748.0,0.9508393285371702,0.9607743430332564,0.48740012292563,0.6293592862935928,0.0265436510329241,834.0,0.9299509525299072,0.8667557239532471,2026-04-21T16:51:51.271100+00:00
NR-AR-LBD,pubchem,RandomForest,smoteenn,pr_auc,"{'max_depth': 15, 'max_features': 'log2', 'min_samples_leaf': 20, 'n_estimators': 100}",0.4693462343346527,1343,0.9761727475800448,0.9757709995697624,0.7180496509736,0.7758187357197258,0.4693462343346527,0.9019405643573638,0.901464297851468,0.9014093440238646,0.974129677841636,0.9741226926066484,10667.0,0.9496402877697842,0.9613413006259336,0.5305312818313408,0.5952960259529603,0.0304682741547592,834.0,0.3694400787353515,0.2993726730346679,2026-04-21T16:51:53.799135+00:00
NR-AR-LBD,pubchem,XGBoost,smoten,pr_auc,"{'colsample_bytree': 0.8, 'learning_rate': 0.1, 'max_depth': 7, 'min_child_weight': 10, 'n_estimators': 200, 'scale_pos_weight': 1, 'subsample': 0.8}",0.5110599327223901,1343,0.9821295606850335,0.9762536703241126,0.6621383647798742,0.8187738004569688,0.5110599327223901,0.9916263490882025,0.9916263200933414,0.9916263200933415,0.9990589467904918,0.9991873310818516,10748.0,0.9808153477218226,0.9760656365948404,0.49515738498789347,0.528183292781833,0.039465397803728,834.0,3.1833600997924805,3.122982978820801,2026-04-29T22:49:33.220565+00:00
NR-AR-LBD,pubchem,XGBoost,smoten_enn,pr_auc,"{'colsample_bytree': 0.8, 'learning_rate': 0.1, 'max_depth': 5, 'min_child_weight': 10, 'n_estimators': 200, 'scale_pos_weight': 1, 'subsample': 0.8}",0.49182927690711553,1343,0.9821295606850335,0.9762536703241126,0.6621383647798742,0.8082762122366083,0.49182927690711553,0.9956900590274524,0.9956901117707752,0.9956899954252103,0.999691292842819,0.9996459786096209,10673.0,0.9796163069544365,0.9754628762162892,0.49485160508782555,0.5466342254663422,0.032021239263100576,834.0,2.669006109237671,2.6963729858398438,2026-04-29T22:49:44.016902+00:00
NR-AR-LBD,rdkit,RandomForest,none,pr_auc,"{'max_depth': 5, 'max_features': 'log2', 'min_samples_leaf': 20, 'n_estimators': 200}",0.5730798870937018,1343,0.9858525688756516,0.982625318646004,0.7647010005071695,0.8423711601929424,0.5730798870937018,0.9705248023005032,0.9722271237721156,0.802518767832904,0.9694738800854016,0.7576874045923898,5564.0,0.9772182254196644,0.9767298940020708,0.5811814457512885,0.7150243309002433,0.0681745240126794,834.0,0.5640571117401123,0.4106271266937256,2026-04-21T16:52:38.849129+00:00
NR-AR-LBD,rdkit,RandomForest,random_over,pr_auc,"{'max_depth': 15, 'max_features': 'sqrt', 'min_samples_leaf': 10, 'n_estimators': 200}",0.5737976785493512,1343,0.9865971705137752,0.9837707579632708,0.7823103522800952,0.8712871287128713,0.5737976785493512,0.9823222925195384,0.9823219099415008,0.9823219099415008,0.9982936907346832,0.9983497767433916,10748.0,0.9808153477218226,0.9760656365948404,0.4951573849878934,0.7202960259529603,0.0853724514027971,834.0,3.763138055801392,4.845387935638428,2026-04-21T16:52:55.863623+00:00
NR-AR-LBD,rdkit,LogisticRegression,random_under,pr_auc,"{'C': 0.1, 'l1_ratio': 1.0}",0.5991371736968929,1343,0.9836187639612808,0.9811694022683372,0.7567028985507247,0.838804265041889,0.5991371736968929,0.8807017543859649,0.8787142741478423,0.8615496720913286,0.9182963988919668,0.9004973437369291,570.0,0.9136690647482014,0.941793404736671,0.5037027241470511,0.6341747769667478,0.0650378415124782,834.0,0.0468170642852783,0.0276069641113281,2026-04-21T08:33:25.994508+00:00
NR-AR-LBD,rdkit,LogisticRegression,smote,pr_auc,"{'C': 0.01, 'l1_ratio': 1.0}",0.4494270063333154,1343,0.9672375279225616,0.9695150850957036,0.677304499781564,0.7188118811881188,0.4494270063333154,0.8538332713062895,0.8523784038810984,0.8523784038810986,0.9567401189672698,0.9612659972449992,10748.0,0.9436450839328536,0.958092066126647,0.5246826003128524,0.5615369018653691,0.0360682745053262,834.0,0.3961579799652099,0.3898580074310303,2026-04-21T08:33:27.250587+00:00
NR-AR-LBD,rdkit,LogisticRegression,smoteenn,pr_auc,"{'C': 0.01, 'l1_ratio': 1.0}",0.4509414207811097,1343,0.9650037230081906,0.96764109627547,0.6600274688282659,0.7196496572734197,0.4509414207811097,0.8560194720089871,0.854596256089637,0.854504525376085,0.9588342998707948,0.962404996567256,10682.0,0.9448441247002398,0.9587414962961648,0.5257849196538937,0.5669099756690998,0.0363411507044357,834.0,0.4261260032653808,0.3952310085296631,2026-04-21T08:33:28.005943+00:00
NR-AR-LBD,rdkit,LogisticRegression,smoten,pr_auc,"{'C': 1, 'l1_ratio': 1.0}",0.4654928233530601,1343,0.98138495904691,0.978856388344132,0.7293059105238122,0.8246382330540747,0.4654928233530601,0.9936732415333084,0.9936731624474996,0.9936731624474996,0.99970605829471,0.9996142518971932,10748.0,0.9688249400479616,0.9700049947861444,0.4920828258221681,0.501419302514193,0.0149713460623862,834.0,1.1728670597076416,1.0467922687530518,2026-04-21T08:33:29.636083+00:00
NR-AR-LBD,rdkit,LogisticRegression,smoten_enn,pr_auc,"{'C': 0.01, 'l1_ratio': 1.0}",0.4537819281252123,1343,0.9858525688756516,0.9831014823914054,0.7754753671391741,0.704061944656004,0.4537819281252123,0.8619262603461249,0.8602416164366311,0.8600655635596031,0.9820359866327356,0.9800359438468336,10632.0,0.9616306954436452,0.9678845159166783,0.545751633986928,0.6785279805352799,0.0520006037414945,834.0,0.3691062927246094,0.3612251281738281,2026-04-21T08:33:31.784806+00:00
NR-AR-LBD,topological_torsion,RandomForest,none,pr_auc,"{'max_depth': 15, 'max_features': 'log2', 'min_samples_leaf': 5, 'n_estimators': 100}",0.5383357262700762,1343,0.985107967237528,0.9814412403498672,0.7462207105064248,0.9031226199543032,0.5383357262700762,0.9748382458662832,0.975088274162845,0.8130699379907466,0.9567356472685248,0.7484324479795701,5564.0,0.974820143884892,0.9742804091601835,0.537095282146161,0.725669099756691,0.0480463960632112,834.0,0.2823469638824463,0.3375058174133301,2026-04-21T16:54:21.385005+00:00
NR-AR-LBD,topological_torsion,RandomForest,random_over,pr_auc,"{'max_depth': 15, 'max_features': 'sqrt', 'min_samples_leaf': 10, 'n_estimators': 200}",0.5284602766731794,1343,0.9858525688756516,0.982625318646004,0.7647010005071695,0.83007108403148,0.5284602766731794,0.9343133606252326,0.9341409016328874,0.9341409016328874,0.9839542593603934,0.986782275380822,10748.0,0.9784172661870504,0.976285185443878,0.5445388349514563,0.6940389294403894,0.0740299968268022,834.0,5.234636068344116,3.870242118835449,2026-04-21T16:54:42.626392+00:00
NR-AR-LBD,topological_torsion,RandomForest,random_under,pr_auc,"{'max_depth': 10, 'max_features': 'sqrt', 'min_samples_leaf': 5, 'n_estimators': 100}",0.5340633176086794,1343,0.9858525688756516,0.982625318646004,0.7647010005071695,0.8648895658796649,0.5340633176086794,0.8789473684210526,0.8730830427570332,0.8520599884897933,0.9299445983379502,0.9132617308963684,570.0,0.973621103117506,0.973621103117506,0.5349756690997567,0.656021897810219,0.1085536755482439,834.0,0.2650270462036133,0.1986989974975586,2026-04-21T16:54:43.424744+00:00
NR-AR-LBD,topological_torsion,RandomForest,smote,pr_auc,"{'max_depth': 5, 'max_features': 'log2', 'min_samples_leaf': 20, 'n_estimators': 200}",0.4598698363569084,1343,0.985107967237528,0.9814412403498672,0.7462207105064248,0.7757806549885758,0.4598698363569084,0.7928917007815407,0.7854477071871513,0.7854477071871511,0.9109762971281457,0.9188877146846108,10748.0,0.97242206235012,0.9729652285475332,0.5330006086427267,0.4533657745336577,0.0956683973532763,834.0,0.8477392196655273,0.8674712181091309,2026-04-21T16:54:46.094894+00:00
NR-AR-LBD,topological_torsion,RandomForest,smoteenn,pr_auc,"{'max_depth': 5, 'max_features': 'sqrt', 'min_samples_leaf': 5, 'n_estimators': 100}",0.4577406080848256,1343,0.985107967237528,0.9814412403498672,0.7462207105064248,0.8116146230007615,0.4577406080848256,0.8020911127707244,0.7949684935362409,0.7948388604258054,0.9424504709755964,0.94134656648283,10712.0,0.9784172661870504,0.976285185443878,0.5445388349514563,0.4921938361719383,0.0548794935948106,834.0,1.507361888885498,0.8628582954406738,2026-04-21T16:54:59.004319+00:00
NR-AR-LBD,topological_torsion,RandomForest,smoten,pr_auc,"{'max_depth': 5, 'max_features': 'log2', 'min_samples_leaf': 20, 'n_estimators': 200}",0.4456433482022659,1343,0.985107967237528,0.9814412403498672,0.7462207105064248,0.7519294237116019,0.4456433482022659,0.8011723111276516,0.7945120226450073,0.7945120226450072,0.9301243883457118,0.9347047744032392,10748.0,0.97242206235012,0.9729652285475332,0.5330006086427267,0.3861516626115167,0.094265570421614,834.0,0.7490408420562744,0.864591121673584,2026-04-21T16:55:44.964099+00:00
NR-AR-LBD,topological_torsion,RandomForest,smoten_enn,pr_auc,"{'max_depth': 5, 'max_features': 'sqrt', 'min_samples_leaf': 20, 'n_estimators': 200}",0.4824568780284198,1343,0.985107967237528,0.9814412403498672,0.7462207105064248,0.8537572988068036,0.4824568780284198,0.9068028643639428,0.9052183089911984,0.9025264998640944,0.965940223445428,0.9658293148397432,9496.0,0.9772182254196644,0.9756117042353626,0.5418509844739353,0.4270072992700729,0.0580541284930382,834.0,2.142127752304077,1.7191040515899658,2026-04-21T16:56:02.252688+00:00
NR-AhR,atom_pair,XGBoost,none,pr_auc,"{'colsample_bytree': 0.8, 'learning_rate': 0.05, 'max_depth': 5, 'min_child_weight': 10, 'n_estimators': 100, 'scale_pos_weight': 8, 'subsample': 0.8}",0.8423922906988327,1732,0.9815242494226328,0.9798315125313011,0.8925991380646761,0.9368582993826553,0.8423922906988327,0.8580396921830701,0.8758899162836475,0.7757746378150772,0.9636972209339043,0.8030388190057601,4938.0,0.7840909090909091,0.8188419913419913,0.6682539682539683,0.868818992892787,0.44684041006670977,880.0,1.8554518222808838,1.884300947189331,2026-04-29T22:58:45.633911+00:00
NR-AhR,atom_pair,XGBoost,random_over,pr_auc,"{'colsample_bytree': 0.8, 'learning_rate': 0.05, 'max_depth': 5, 'min_child_weight': 1, 'n_estimators': 100, 'scale_pos_weight': 1, 'subsample': 0.8}",0.8387966126563302,1732,0.9792147806004619,0.9769968053228762,0.8761441647597255,0.9421067133775511,0.8387966126563302,0.9143156913033341,0.9142362927706673,0.9142362927706673,0.9747280601620362,0.9703434276803096,8578.0,0.8125,0.8394987938890378,0.6886625569552398,0.8668405665608145,0.450652769889296,880.0,3.0378828048706055,2.8688011169433594,2026-04-29T22:59:03.285085+00:00
NR-AhR,atom_pair,XGBoost,random_under,pr_auc,"{'colsample_bytree': 0.8, 'learning_rate': 0.05, 'max_depth': 3, 'min_child_weight': 5, 'n_estimators': 100, 'scale_pos_weight': 1, 'subsample': 0.8}",0.8431538007001383,1732,0.9722863741339491,0.9676665911717297,0.8188710815969045,0.9488837279484605,0.8431538007001383,0.8484848484848485,0.8445069503207956,0.8212487889832252,0.9126574960648242,0.8437395917008034,1947.0,0.8363636363636363,0.8534119376512121,0.6887740566454794,0.8647487272543979,0.43727895737613093,880.0,0.6375448703765869,0.5810418128967285,2026-04-29T23:00:19.363206+00:00
NR-AhR,atom_pair,LogisticRegression,smote,pr_auc,"{'C': 0.001, 'l1_ratio': 0.0}",0.6091264521901553,1732,0.9503464203233256,0.9513094671475348,0.7652006683691164,0.7787367067514286,0.6091264521901553,0.8442527395663325,0.8438748842024958,0.8438748842024957,0.920094407763716,0.9174140538118992,8578.0,0.7806818181818181,0.8137105049590895,0.6458353751738606,0.8121125056706487,0.3693099407616568,880.0,0.2467768192291259,0.2071270942687988,2026-04-21T08:33:56.903688+00:00
NR-AhR,atom_pair,LogisticRegression,smoteenn,pr_auc,"{'C': 0.001, 'l1_ratio': 0.0}",0.6038018269090277,1732,0.9497690531177828,0.9508590825131468,0.7636162552650776,0.7737441529387838,0.6038018269090277,0.8510486177311726,0.850794069425986,0.8508988171798902,0.9276703118071744,0.9210576690115332,8392.0,0.7863636363636364,0.8179718108492028,0.6510411393473052,0.8070593275870759,0.3650688664505111,880.0,0.1929931640625,0.180798053741455,2026-04-21T08:33:57.247341+00:00
NR-AhR,atom_pair,LogisticRegression,smoten,pr_auc,"{'C': 0.001, 'l1_ratio': 0.0}",0.6053835690129233,1732,0.9670900692840648,0.9641949152382164,0.8098532547250669,0.7654582193443418,0.6053835690129233,0.8756120307764047,0.8753738538881696,0.8753738538881697,0.9417514730895636,0.9433772202787372,8578.0,0.8011363636363636,0.8282727531658336,0.6599773465426982,0.8041988003427593,0.3675806997250359,880.0,0.272061824798584,0.1889078617095947,2026-04-21T08:33:58.668603+00:00
NR-AhR,atom_pair,LogisticRegression,smoten_enn,pr_auc,"{'C': 0.001, 'l1_ratio': 0.0}",0.5746971431044431,1732,0.9659353348729792,0.9624314519835542,0.7982798475274535,0.7464130370603632,0.5746971431044431,0.8927459899449366,0.8926018456162522,0.8926755632637986,0.9556147093296534,0.9521885711705012,8354.0,0.8181818181818182,0.8404300824881608,0.6733208972538538,0.7901607943948789,0.3541196956314868,880.0,0.1985301971435547,0.1810441017150879,2026-04-21T08:33:58.985983+00:00
NR-AhR,avalon,BalancedRandomForest,none,pr_auc,"{'max_depth': 5, 'max_features': 'sqrt', 'min_samples_leaf': 5, 'n_estimators': 100}",0.8587592593010566,1732,0.9786374133949192,0.9762744588494258,0.8718993809256331,0.9485721033675136,0.8587592593010566,0.81591737545565,0.8400372152059711,0.7151492825016064,0.8996147380998655,0.6005316978232385,4938.0,0.7431818181818182,0.7865758786997885,0.6236070736434108,0.8321487978224709,0.3576977032638997,880.0,1.722761869430542,0.7078588008880615,2026-04-21T22:15:12.673913+00:00
NR-AhR,avalon,RandomForest,random_over,pr_auc,"{'max_depth': 5, 'max_features': 'sqrt', 'min_samples_leaf': 20, 'n_estimators': 200}",0.8526542173375348,1732,0.9803695150115472,0.978424874665534,0.8844744379487581,0.9493626457254948,0.8526542173375348,0.8322452786197249,0.8321946488142185,0.8321946488142185,0.9070271779744644,0.896929290263905,8578.0,0.7704545454545455,0.8075772665118929,0.6487484093298239,0.8448258480770202,0.3848666973973745,880.0,0.5149388313293457,0.6184201240539551,2026-04-21T16:58:06.337094+00:00
NR-AhR,avalon,RandomForest,random_under,pr_auc,"{'max_depth': 5, 'max_features': 'sqrt', 'min_samples_leaf': 20, 'n_estimators': 200}",0.8515823762409561,1732,0.9786374133949192,0.9764400631083304,0.8734975315002675,0.9460856672374316,0.8515823762409561,0.810477657935285,0.8142450473479348,0.7963980712252368,0.8899462489405296,0.7857753561980239,1947.0,0.7375,0.7825998052580332,0.6229795520934762,0.8403901406320884,0.3872828508438611,880.0,0.4248309135437011,0.38519287109375,2026-04-21T16:58:09.494341+00:00
NR-AhR,avalon,XGBoost,smote,pr_auc,"{'colsample_bytree': 0.8, 'learning_rate': 0.05, 'max_depth': 3, 'min_child_weight': 10, 'n_estimators': 200, 'scale_pos_weight': 1, 'subsample': 0.8}",0.6185494491505669,1732,0.9647806004618937,0.9603156873212843,0.783321951029432,0.8790207771589023,0.6185494491505669,0.9041734670086268,0.9041274161166084,0.9041274161166083,0.9635260398441555,0.9588550321344398,8578.0,0.8272727272727273,0.8459492545823482,0.6753366537539199,0.8270956197388981,0.36859919658823503,880.0,1.0771329402923584,1.0607130527496338,2026-04-29T23:03:54.081314+00:00
NR-AhR,avalon,XGBoost,smoteenn,pr_auc,"{'colsample_bytree': 0.8, 'learning_rate': 0.05, 'max_depth': 3, 'min_child_weight': 1, 'n_estimators': 100, 'scale_pos_weight': 1, 'subsample': 0.8}",0.6388727331548211,1732,0.9670900692840647,0.9631875971936823,0.8001275471468918,0.8860962952757714,0.6388727331548211,0.8937914406268836,0.8938196920903231,0.89377600266872,0.9536847386881907,0.9427681141240215,8295.0,0.825,0.844584401001929,0.6748529256518776,0.822199959675387,0.3648683060184453,880.0,0.6342358589172363,0.6000049114227295,2026-04-29T23:04:11.416623+00:00
NR-AhR,avalon,RandomForest,smoten,pr_auc,"{'max_depth': 15, 'max_features': 'sqrt', 'min_samples_leaf': 10, 'n_estimators': 100}",0.7134022137316376,1732,0.9624711316397228,0.9527559120978496,0.721683151917291,0.9067422438281932,0.7134022137316376,0.9429937048263,0.9429936420730488,0.9429936420730488,0.9862665210732546,0.9857420863411502,8578.0,0.8613636363636363,0.8641544325751989,0.6754966086735742,0.8437547255406018,0.3626051164024463,880.0,0.6896500587463379,0.2890231609344482,2026-04-21T16:58:53.559989+00:00
NR-AhR,avalon,RandomForest,smoten_enn,pr_auc,"{'max_depth': 15, 'max_features': 'sqrt', 'min_samples_leaf': 20, 'n_estimators': 200}",0.6762136723861976,1732,0.9630484988452656,0.9537101163144756,0.7281298133050789,0.888914037539281,0.6762136723861976,0.9414311485267588,0.9414427025543164,0.9413999038325188,0.9846473557224276,0.9819340540212076,8315.0,0.85,0.8546753246753246,0.6571428571428571,0.8287212057059327,0.3463320582740488,880.0,1.340824842453003,1.2415621280670166,2026-04-21T16:58:57.114804+00:00
NR-AhR,erg,BalancedRandomForest,none,pr_auc,"{'max_depth': 10, 'max_features': 'sqrt', 'min_samples_leaf': 5, 'n_estimators': 100}",0.8670393744590912,1732,0.9774826789838336,0.9748125665009404,0.8632451638373471,0.9333845053697836,0.8670393744590912,0.8033616848926691,0.8314405997079214,0.7110551463186182,0.9212702721442068,0.6806378295334374,4938.0,0.7420454545454546,0.7865999830248255,0.6321442842963396,0.8473524371188065,0.3785697245051719,880.0,0.7219088077545166,0.6884341239929199,2026-04-21T22:17:46.000627+00:00
NR-AhR,erg,RandomForest,random_over,pr_auc,"{'max_depth': 10, 'max_features': 'sqrt', 'min_samples_leaf': 20, 'n_estimators': 200}",0.864377702456841,1732,0.9751732101616628,0.9718165598735388,0.8452462831554997,0.9281032887874195,0.864377702456841,0.857775705292609,0.8575412416224232,0.8575412416224233,0.9311552795922442,0.9270291164790562,8578.0,0.7511363636363636,0.793115949336192,0.6345785195424267,0.844359594737638,0.3867147955281536,880.0,1.227175235748291,0.6949961185455322,2026-04-21T16:59:23.562593+00:00
NR-AhR,erg,RandomForest,random_under,pr_auc,"{'max_depth': 15, 'max_features': 'sqrt', 'min_samples_leaf': 5, 'n_estimators': 200}",0.8711501625474557,1732,0.9763279445727484,0.9731274175538392,0.8524441304505928,0.9401812014931736,0.8711501625474557,0.8813559322033898,0.8833516374700682,0.8714689519831482,0.9547947417028924,0.9194273408796512,1947.0,0.7545454545454545,0.7952774498229044,0.6333078686019862,0.8482471394727557,0.4138916651153715,880.0,0.4065361022949219,0.3038239479064941,2026-04-21T16:59:41.686828+00:00
NR-AhR,erg,RandomForest,smote,pr_auc,"{'max_depth': 15, 'max_features': 'sqrt', 'min_samples_leaf': 10, 'n_estimators': 100}",0.857568985015064,1732,0.9705542725173212,0.9655052688305892,0.8062040504696149,0.9269847205547572,0.857568985015064,0.9244579155980416,0.9244223813599182,0.9244223813599182,0.9767820112297988,0.9766824800793916,8578.0,0.8113636363636364,0.8350507758476066,0.6647049642394807,0.8466278542265235,0.3993437555315921,880.0,0.4615349769592285,0.4006729125976562,2026-04-21T16:59:42.288045+00:00
NR-AhR,erg,RandomForest,smoteenn,pr_auc,"{'max_depth': 15, 'max_features': 'sqrt', 'min_samples_leaf': 5, 'n_estimators': 200}",0.862761025022407,1732,0.966512702078522,0.9595812903505636,0.7682248165751465,0.9289725573553242,0.862761025022407,0.9568273092369478,0.9568804319807528,0.9567023832240438,0.9942423683384825,0.9925273523464692,7968.0,0.8306818181818182,0.8494726778807106,0.6845035719527718,0.847390241443621,0.3985529315888028,880.0,1.0581140518188477,1.199629783630371,2026-04-21T16:59:45.580962+00:00
NR-AhR,erg,DecisionTree,smoten,pr_auc,"{'ccp_alpha': 0.0, 'criterion': 'gini', 'max_depth': 5, 'min_samples_leaf': 20}",0.6302032968478566,1732,0.964203233256351,0.9555862870102748,0.7407185628742514,0.7270463894191975,0.6302032968478566,0.8056656563301469,0.8044403442111733,0.8044403442111733,0.8894948123513328,0.8536899630708179,8578.0,0.7488636363636364,0.7864229569854079,0.5926053940822205,0.7584555673169011,0.2562740665410004,880.0,0.1047849655151367,0.1027219295501709,2026-04-22T08:11:51.831331+00:00
NR-AhR,erg,XGBoost,smoten_enn,pr_auc,"{'colsample_bytree': 0.8, 'learning_rate': 0.05, 'max_depth': 5, 'min_child_weight': 10, 'n_estimators': 100, 'scale_pos_weight': 1, 'subsample': 0.8}",0.5724561526219927,1732,0.9549653579676675,0.9392261949000835,0.627267911534896,0.708083213603889,0.5724561526219927,0.9345094894413258,0.9346800692360223,0.9334500991374206,0.9816722097774939,0.974211895937756,7482.0,0.8454545454545455,0.8447886637187467,0.6197206370187724,0.7498109783759261,0.2905092318666642,880.0,0.4977452754974365,0.4582028388977051,2026-04-29T23:05:20.338384+00:00
NR-AhR,estate,RandomForest,none,pr_auc,"{'max_depth': 5, 'max_features': 'log2', 'min_samples_leaf': 5, 'n_estimators': 100}",0.8572780595391875,1732,0.979214780600462,0.9769968053228762,0.8761441647597255,0.945803564985206,0.8572780595391875,0.6877278250303767,0.7382097290809413,0.6034926244298746,0.8580120931425609,0.5535708493458599,4938.0,0.6897727272727273,0.7454827592083934,0.5942378532304402,0.8433577801300469,0.4425558896953595,880.0,0.2654197216033935,0.1682331562042236,2026-04-21T17:00:08.937819+00:00
NR-AhR,estate,RandomForest,random_over,pr_auc,"{'max_depth': 5, 'max_features': 'sqrt', 'min_samples_leaf': 10, 'n_estimators': 100}",0.8601337383445503,1732,0.9803695150115472,0.978424874665534,0.8844744379487581,0.945219678928274,0.8601337383445503,0.7565866169270227,0.7542749567635334,0.7542749567635334,0.8633900610915016,0.8623997567979287,8578.0,0.6806818181818182,0.7381117763189866,0.5882173682080761,0.844101265184737,0.4125268485422335,880.0,0.3396017551422119,0.2532389163970947,2026-04-21T17:00:12.734439+00:00
NR-AhR,estate,XGBoost,random_under,pr_auc,"{'colsample_bytree': 0.8, 'learning_rate': 0.05, 'max_depth': 7, 'min_child_weight': 10, 'n_estimators': 100, 'scale_pos_weight': 1, 'subsample': 0.8}",0.8545156673349366,1732,0.9740184757505773,0.9702803658473124,0.8358822749066652,0.9378718993354196,0.8545156673349366,0.83256291730868,0.8286800123516114,0.8034799591802361,0.8987615176602146,0.8135273388571534,1947.0,0.8102272727272727,0.8344968554565763,0.6653603820028736,0.8511265688794798,0.42296473468972623,880.0,0.057713985443115234,0.0416409969329834,2026-04-29T23:05:51.733219+00:00
NR-AhR,estate,RandomForest,smote,pr_auc,"{'max_depth': 15, 'max_features': 'sqrt', 'min_samples_leaf': 20, 'n_estimators': 100}",0.8255279222426559,1732,0.9693995381062356,0.9635458976764818,0.7927963108010194,0.9506583479304848,0.8255279222426559,0.907554208440196,0.90755284024088,0.90755284024088,0.9697181177961745,0.9718873521435626,8578.0,0.8329545454545455,0.8508545818809433,0.6850953404529311,0.8549196028025606,0.4748213900060182,880.0,0.3305683135986328,0.2317481040954589,2026-04-21T17:00:25.264434+00:00
NR-AhR,estate,RandomForest,smoteenn,pr_auc,"{'max_depth': 5, 'max_features': 'sqrt', 'min_samples_leaf': 20, 'n_estimators': 100}",0.8415844378251728,1732,0.9751732101616628,0.9718165598735388,0.8452462831554997,0.941368655159519,0.8415844378251728,0.8453907573191386,0.8450072954238342,0.8452080338656714,0.935319360512736,0.9345804706946884,8266.0,0.7613636363636364,0.8003103571405661,0.6377919420467107,0.8345241695649983,0.4083939076636215,880.0,0.2782793045043945,0.2486042976379394,2026-04-21T17:00:25.884792+00:00
NR-AhR,estate,RandomForest,smoten,pr_auc,"{'max_depth': 5, 'max_features': 'sqrt', 'min_samples_leaf': 20, 'n_estimators': 200}",0.7640543992797149,1732,0.9740184757505772,0.9702803658473124,0.8358822749066652,0.9004310259993308,0.7640543992797149,0.8117276754488225,0.8103351942343089,0.8103351942343089,0.8954067949475311,0.88995287681376,8578.0,0.7636363636363637,0.8006977986552454,0.6290982776089159,0.8058684913554109,0.3164021756296948,880.0,0.4027979373931885,0.5721101760864258,2026-04-21T17:00:30.314120+00:00
NR-AhR,estate,RandomForest,smoten_enn,pr_auc,"{'max_depth': 5, 'max_features': 'sqrt', 'min_samples_leaf': 5, 'n_estimators': 200}",0.7202552130124943,1732,0.9717090069284064,0.9671259486879924,0.816372586141613,0.8799753324542239,0.7202552130124943,0.8315385567520732,0.83100743556813,0.8313529759472534,0.9143325473337636,0.8952566909259321,8079.0,0.7761363636363636,0.8083712872493359,0.6282819619404985,0.7968773627703009,0.3104603827742938,880.0,0.5995008945465088,0.5697216987609863,2026-04-21T17:00:35.759912+00:00
NR-AhR,fcfp,XGBoost,none,pr_auc,"{'colsample_bytree': 0.8, 'learning_rate': 0.05, 'max_depth': 5, 'min_child_weight': 1, 'n_estimators': 100, 'scale_pos_weight': 8, 'subsample': 0.8}",0.8633569774878864,1732,0.9774826789838337,0.9748125665009405,0.8632451638373471,0.9481555105066688,0.8633569774878864,0.8290805994329689,0.8517105154932922,0.7369850357445777,0.9386988465494379,0.7157082256139453,4938.0,0.7579545454545454,0.7991797762519414,0.6485405545274029,0.8644336912142749,0.43984632651845346,880.0,1.4846971035003662,1.551124095916748,2026-04-29T23:06:03.250853+00:00
NR-AhR,fcfp,RandomForest,random_over,pr_auc,"{'max_depth': 15, 'max_features': 'sqrt', 'min_samples_leaf': 20, 'n_estimators': 200}",0.8629121335812548,1732,0.9763279445727484,0.9733269373798796,0.8543639342984707,0.946669553294364,0.8629121335812548,0.8107950571228725,0.8107677737873272,0.8107677737873272,0.8924573813375551,0.8917665473199334,8578.0,0.7806818181818181,0.8153557202032954,0.658043251971627,0.8606091536871818,0.441331283782843,880.0,3.794245958328247,3.53866195678711,2026-04-21T17:00:45.863827+00:00
NR-AhR,fcfp,XGBoost,random_under,pr_auc,"{'colsample_bytree': 0.8, 'learning_rate': 0.05, 'max_depth': 3, 'min_child_weight': 10, 'n_estimators': 100, 'scale_pos_weight': 1, 'subsample': 0.8}",0.8534874219322479,1732,0.9699769053117783,0.9646834881469909,0.8010110294117647,0.9389904675680818,0.8534874219322479,0.7801746276322548,0.7649089767733835,0.7229284369114878,0.8507013278695919,0.7440302192957037,1947.0,0.8477272727272728,0.85690308377562,0.6744663699908346,0.8435405010333182,0.4478590245220956,880.0,0.5846209526062012,0.525291919708252,2026-04-29T23:06:05.573008+00:00
NR-AhR,fcfp,LogisticRegression,smote,pr_auc,"{'C': 0.01, 'l1_ratio': 1.0}",0.6771436924829103,1732,0.9757505773672056,0.97257490756318,0.8498352696375933,0.8702296837174517,0.6771436924829103,0.7695266961995804,0.7687997431190965,0.7687997431190965,0.851381540104246,0.8380787243608714,8578.0,0.7125,0.7629409628786776,0.5997922025629548,0.8044886334996723,0.3665877582180885,880.0,0.1163210868835449,0.1407489776611328,2026-04-21T08:34:33.273645+00:00
NR-AhR,fcfp,LogisticRegression,smoteenn,pr_auc,"{'C': 0.01, 'l1_ratio': 1.0}",0.6766056036265573,1732,0.9757505773672056,0.97257490756318,0.8498352696375933,0.8680450313920762,0.6766056036265573,0.7703389830508475,0.7700020673297785,0.7702109156714938,0.8613789152986572,0.8409040254959544,8260.0,0.7193181818181819,0.7682599047344056,0.6052815565010686,0.8026173194213418,0.3781414282368169,880.0,0.1419179439544677,0.1175649166107177,2026-04-21T08:34:34.832223+00:00
NR-AhR,fcfp,RandomForest,smoten,pr_auc,"{'max_depth': 15, 'max_features': 'sqrt', 'min_samples_leaf': 20, 'n_estimators': 100}",0.7168669401338824,1732,0.9717090069284064,0.9668580033862522,0.8138038916276692,0.8911544542633523,0.7168669401338824,0.8742131032874796,0.8740641598777409,0.8740641598777409,0.9438050164493846,0.9424357966487954,8578.0,0.8102272727272727,0.8339074269696279,0.6617807144122934,0.8391488986340037,0.4069797905712799,880.0,2.3260080814361572,1.7801570892333984,2026-04-21T17:01:11.152526+00:00
NR-AhR,fcfp,XGBoost,smoten_enn,pr_auc,"{'colsample_bytree': 0.8, 'learning_rate': 0.05, 'max_depth': 3, 'min_child_weight': 1, 'n_estimators': 100, 'scale_pos_weight': 1, 'subsample': 0.8}",0.645122764105384,1732,0.9670900692840647,0.9620613174094077,0.7892957530045268,0.8477467902668163,0.645122764105384,0.8998431277905152,0.8998176888624673,0.8998393342661573,0.9644910471090056,0.956295031340352,8287.0,0.8068181818181818,0.82879160897883,0.6431161494713539,0.8149415293109531,0.38994700548760375,880.0,2.2003748416900635,2.1544320583343506,2026-04-29T23:08:08.143587+00:00
NR-AhR,klekota_roth,LogisticRegression,none,pr_auc,"{'C': 0.1, 'l1_ratio': 0.0}",0.6450800691353954,1732,0.9387990762124712,0.9442367448033536,0.7531768438600737,0.8584338732639232,0.6450800691353954,0.8588497367355205,0.8755446215020093,0.7709501627240072,0.9525034658841678,0.7575802247178186,4938.0,0.7727272727272727,0.8083632679377359,0.6433637284701115,0.8296663138263018,0.4154403873300967,880.0,0.3581051826477051,0.285369873046875,2026-04-21T08:34:36.904244+00:00
NR-AhR,klekota_roth,LogisticRegression,random_over,pr_auc,"{'C': 0.1, 'l1_ratio': 1.0}",0.6501644293951724,1732,0.9445727482678984,0.9487591105458788,0.7689781082748387,0.8650468748974919,0.6501644293951724,0.8387736069013756,0.8387017919933811,0.838701791993381,0.9180936761725856,0.9072171407846584,8578.0,0.7488636363636364,0.7899405107920436,0.6195848843282195,0.8223322748122385,0.4046930344147476,880.0,0.4148411750793457,0.3043372631072998,2026-04-21T08:34:47.219017+00:00
NR-AhR,klekota_roth,XGBoost,random_under,pr_auc,"{'colsample_bytree': 0.8, 'learning_rate': 0.1, 'max_depth': 3, 'min_child_weight': 1, 'n_estimators': 200, 'scale_pos_weight': 1, 'subsample': 0.8}",0.6440122718994259,1732,0.9607390300230947,0.9594568040253162,0.7942633546448661,0.8784500121369573,0.6440122718994259,0.8736517719568567,0.8718337447676291,0.8539564774068906,0.9426093480309876,0.9004227068138118,1947.0,0.8284090909090909,0.8454000900752039,0.6686936987476283,0.825243207822975,0.4165531670182511,880.0,2.471796989440918,2.3466761112213135,2026-04-29T23:09:13.038092+00:00
NR-AhR,klekota_roth,LogisticRegression,smote,pr_auc,"{'C': 0.01, 'l1_ratio': 0.0}",0.2583175065898068,1732,0.7534642032332564,0.8195023014154306,0.5351153939233935,0.7215355547245567,0.2583175065898068,0.8494987176498018,0.849298069385472,0.8492980693854719,0.9266865015674196,0.9217554451084178,8578.0,0.7147727272727272,0.7628863163624849,0.581183600023512,0.7442663440697617,0.3299145690043466,880.0,0.3665950298309326,0.3302960395812988,2026-04-21T08:34:55.016154+00:00
NR-AhR,klekota_roth,LogisticRegression,smoteenn,pr_auc,"{'C': 0.01, 'l1_ratio': 0.0}",0.2249527149068023,1732,0.75635103926097,0.8214648259719235,0.5370978365506409,0.7116422943441778,0.2249527149068023,0.8582445831803158,0.8582679925078943,0.8582427966790007,0.9372617076049256,0.9252312007417288,8169.0,0.7204545454545455,0.7666599761677385,0.5807381240122711,0.7416704470991481,0.324777014516881,880.0,0.3925180435180664,0.2838180065155029,2026-04-21T08:34:45.468448+00:00
NR-AhR,klekota_roth,LogisticRegression,smoten,pr_auc,"{'C': 1, 'l1_ratio': 1.0}",0.2422587233663441,1732,0.8008083140877598,0.8503455772621183,0.556917957079903,0.675067409317247,0.2422587233663441,0.946840755420844,0.946839226676478,0.946839226676478,0.9865622995945588,0.9874103796678972,8578.0,0.8045454545454546,0.8223959033047996,0.6143458453510533,0.7166565855133827,0.3169808046360557,880.0,0.4505250453948974,0.3729081153869629,2026-04-21T08:34:47.050125+00:00
NR-AhR,klekota_roth,RandomForest,smoten_enn,pr_auc,"{'max_depth': 5, 'max_features': 'log2', 'min_samples_leaf': 20, 'n_estimators': 200}",0.1824689799924954,1732,0.6229792147806005,0.7248456573765151,0.4592714242343835,0.6688545992507888,0.1824689799924954,0.7794492296493994,0.7761917853974801,0.7771181383893249,0.882676543835361,0.8675494801813046,8243.0,0.6511363636363636,0.7138801257292843,0.5501164841276847,0.7522619587680831,0.2444554510543544,880.0,0.6327188014984131,0.646108865737915,2026-04-21T17:04:00.088607+00:00
NR-AhR,maccs,XGBoost,none,pr_auc,"{'colsample_bytree': 0.8, 'learning_rate': 0.05, 'max_depth': 7, 'min_child_weight': 10, 'n_estimators': 100, 'scale_pos_weight': 1, 'subsample': 0.8}",0.8952801552633071,1732,0.9549653579676675,0.9392261949000835,0.627267911534896,0.9558247554567104,0.8952801552633071,0.913730255164034,0.9012753457436894,0.7587097159007488,0.9345112250099783,0.7355311938749177,4938.0,0.8954545454545455,0.8817368680403811,0.6801466521278781,0.8673509249458138,0.5155718955486456,880.0,0.21907687187194824,0.1956617832183838,2026-04-29T23:16:22.889661+00:00
NR-AhR,maccs,XGBoost,random_over,pr_auc,"{'colsample_bytree': 0.8, 'learning_rate': 0.05, 'max_depth': 3, 'min_child_weight': 10, 'n_estimators': 200, 'scale_pos_weight': 1, 'subsample': 0.8}",0.8914422902937786,1732,0.9803695150115473,0.9782747605827167,0.8830250444952962,0.9688637839752801,0.8914422902937786,0.8540452319888086,0.8538895547058567,0.8538895547058567,0.9195948296327134,0.9105792744791048,8578.0,0.7840909090909091,0.8188419913419913,0.6682539682539683,0.8698523111043905,0.4740231478151116,880.0,0.4247908592224121,0.42350172996520996,2026-04-29T23:16:52.889176+00:00
NR-AhR,maccs,XGBoost,random_under,pr_auc,"{'colsample_bytree': 0.8, 'learning_rate': 0.05, 'max_depth': 5, 'min_child_weight': 5, 'n_estimators': 100, 'scale_pos_weight': 1, 'subsample': 0.8}",0.8725803543961136,1732,0.976905311778291,0.9738808643458857,0.8569859710834221,0.9558608383029252,0.8725803543961136,0.869542886492039,0.8679173655508828,0.8497283467438073,0.9356393978171941,0.8749894917772405,1947.0,0.8443181818181819,0.8590601605121704,0.6956900359689531,0.8656875346539644,0.5023329767614747,880.0,0.0911710262298584,0.0789029598236084,2026-04-29T23:17:10.263166+00:00
NR-AhR,maccs,XGBoost,smote,pr_auc,"{'colsample_bytree': 0.8, 'learning_rate': 0.1, 'max_depth': 3, 'min_child_weight': 1, 'n_estimators': 100, 'scale_pos_weight': 1, 'subsample': 0.8}",0.7485491892002528,1732,0.9740184757505773,0.9711446121141665,0.8442019497744186,0.9118168041095083,0.7485491892002528,0.8688505479132665,0.8686994423462827,0.8686994423462826,0.9397537585372004,0.932365685127434,8578.0,0.8102272727272727,0.8356038657334047,0.6722269431415451,0.8538799838701547,0.43617284306958787,880.0,0.22647500038146973,0.2130448818206787,2026-04-29T23:17:15.244570+00:00
NR-AhR,maccs,XGBoost,smoteenn,pr_auc,"{'colsample_bytree': 0.8, 'learning_rate': 0.1, 'max_depth': 3, 'min_child_weight': 5, 'n_estimators': 100, 'scale_pos_weight': 1, 'subsample': 0.8}",0.7572257016094984,1732,0.9734411085450346,0.969502237412361,0.8311046289779617,0.9201256995151779,0.7572257016094984,0.8866838172240598,0.8867388291147243,0.8866654209648022,0.9496040946133347,0.9370983972722066,8163.0,0.8284090909090909,0.8477701346766711,0.6820984183869987,0.8546801754120671,0.42566266128801156,880.0,0.2057650089263916,0.21131610870361328,2026-04-29T23:17:15.644579+00:00
NR-AhR,maccs,DecisionTree,smoten,pr_auc,"{'ccp_alpha': 0.01, 'criterion': 'gini', 'max_depth': 5, 'min_samples_leaf': 10}",0.8150894143015479,1732,0.979214780600462,0.9768334492481334,0.8745684972842487,0.9030978763604872,0.8150894143015479,0.7411984145488458,0.7399682639141959,0.7399682639141959,0.8170573152018907,0.7668270510908795,8578.0,0.7272727272727273,0.7736521841297771,0.603258092633224,0.7995425676697414,0.2998061637985383,880.0,0.0593762397766113,0.1041772365570068,2026-04-22T08:16:14.526276+00:00
NR-AhR,maccs,DecisionTree,smoten_enn,pr_auc,"{'ccp_alpha': 0.01, 'criterion': 'entropy', 'max_depth': 5, 'min_samples_leaf': 10}",0.8150894143015479,1732,0.9751732101616628,0.9716012384763206,0.8431763960219245,0.9030978763604872,0.8150894143015479,0.7661831037425332,0.7647975769726679,0.7636873792404042,0.8473932972287249,0.7944385232852555,8203.0,0.8113636363636364,0.8331589035116851,0.6534808475106982,0.798358032158879,0.2994527733499048,880.0,0.0618271827697753,0.0746538639068603,2026-04-22T08:16:17.960555+00:00
NR-AhR,map4,BalancedRandomForest,none,pr_auc,"{'max_depth': 15, 'max_features': 'sqrt', 'min_samples_leaf': 20, 'n_estimators': 200}",0.7876311941146401,1732,0.9734411085450346,0.969502237412361,0.8311046289779617,0.899237011815492,0.7876311941146401,0.8541919805589308,0.8705282734175281,0.7583318469924436,0.9133493032845338,0.6847368937228575,4938.0,0.7943181818181818,0.8229241827033625,0.651794478292901,0.8122133172034881,0.3723140595333616,880.0,2.724616765975952,2.5224740505218506,2026-04-21T22:21:04.425348+00:00
NR-AhR,map4,RandomForest,random_over,pr_auc,"{'max_depth': 15, 'max_features': 'sqrt', 'min_samples_leaf': 20, 'n_estimators': 200}",0.7996909031254998,1732,0.9595842956120092,0.947812407916912,0.6878218596794793,0.9097010372178158,0.7996909031254998,0.9484728374912568,0.9484610002470734,0.9484610002470734,0.9871815535966608,0.9866925674062764,8578.0,0.8795454545454545,0.8756447139853107,0.6872946697955079,0.8293764806693885,0.3995585649230588,880.0,1.5345180034637451,1.565587043762207,2026-04-21T17:05:16.522591+00:00
NR-AhR,map4,RandomForest,random_under,pr_auc,"{'max_depth': 15, 'max_features': 'sqrt', 'min_samples_leaf': 20, 'n_estimators': 100}",0.7520969979905664,1732,0.9705542725173212,0.9663177479602872,0.8139999115608871,0.8952678987318521,0.7520969979905664,0.8649203903441192,0.865948528043655,0.8504308218343818,0.9222770126376716,0.84718400358624,1947.0,0.7863636363636364,0.8169996154675819,0.6444169331820213,0.8047406623317709,0.3521337508012254,880.0,0.2761139869689941,0.1913959980010986,2026-04-21T17:05:37.900366+00:00
NR-AhR,map4,LogisticRegression,smote,pr_auc,"{'C': 0.001, 'l1_ratio': 0.0}",0.3251685716730782,1732,0.8158198614318707,0.8577977049728998,0.538104374359939,0.6001167772113865,0.3251685716730782,0.8594077873630217,0.8593670473913486,0.8593670473913486,0.9248897326691644,0.9247622287929398,8578.0,0.7818181818181819,0.8058266058266058,0.5922779922779923,0.6443747164675638,0.2666762232022469,880.0,0.1693451404571533,0.1612498760223388,2026-04-21T08:35:20.077220+00:00
NR-AhR,map4,LogisticRegression,smoteenn,pr_auc,"{'C': 0.001, 'l1_ratio': 0.0}",0.3023313795002306,1732,0.8169745958429562,0.858526531045149,0.5389280642660936,0.5881307117505429,0.3023313795002306,0.8673736892278361,0.8673733370675715,0.867373687344626,0.9315303470036852,0.9284594142417062,8392.0,0.7818181818181819,0.8049838594547373,0.5874838860893004,0.6375447351176975,0.2531671093054082,880.0,0.1562991142272949,0.157358169555664,2026-04-21T08:35:23.558084+00:00
NR-AhR,map4,LogisticRegression,smoten,pr_auc,"{'C': 0.1, 'l1_ratio': 1.0}",0.3391317069848979,1732,0.8874133949191686,0.903320311358494,0.6070300364766044,0.6318106372230642,0.3391317069848979,0.9083702494754022,0.9083700054013292,0.9083700054013292,0.969875357158952,0.971143247639155,8578.0,0.7897727272727273,0.809210597713459,0.5864987262230418,0.6557538182368062,0.2990213456123699,880.0,0.2672500610351562,0.2282221317291259,2026-04-21T08:35:24.189475+00:00
NR-AhR,map4,LogisticRegression,smoten_enn,pr_auc,"{'C': 0.01, 'l1_ratio': 1.0}",0.2932747729205862,1732,0.8839491916859122,0.9000822578781068,0.5921597846295509,0.5963083968063401,0.2932747729205862,0.8411136445457819,0.8411215386770156,0.841113129711136,0.9120307302811992,0.9180157055903988,8333.0,0.7738636363636363,0.7993791841103147,0.5810436109868394,0.6153977014970513,0.2355755392560908,880.0,0.1522970199584961,0.1441638469696045,2026-04-21T08:35:26.073565+00:00
NR-AhR,mhfp,BernoulliNB,none,pr_auc,{'alpha': 0.1},0.7849941062885759,1732,0.9740184757505772,0.9700484084811112,0.8336545418456791,0.9186692646315942,0.7849941062885759,0.7750101255569056,0.8052557339033376,0.6566808157103384,0.8314493556994081,0.467029795790323,4938.0,0.7625,0.799634167886784,0.6265121162215015,0.8199506023489087,0.3341000253716474,880.0,0.0414850711822509,0.0127797126770019,2026-04-21T14:08:47.180575+00:00
NR-AhR,mhfp,BernoulliNB,random_over,pr_auc,{'alpha': 1.0},0.7835184018014485,1732,0.9751732101616628,0.9716012384763206,0.8431763960219245,0.9152643560524054,0.7835184018014485,0.7553042667288412,0.7553018424300558,0.7553018424300558,0.8353265721585161,0.8259099106713318,8578.0,0.7488636363636364,0.790289130704388,0.6226026985226627,0.8206940874035988,0.3322118252161311,880.0,0.3457157611846924,0.3327577114105224,2026-04-21T14:08:48.583888+00:00
NR-AhR,mhfp,BernoulliNB,random_under,pr_auc,{'alpha': 0.1},0.775341135189838,1732,0.9751732101616628,0.9716012384763206,0.8431763960219245,0.9147788777578776,0.775341135189838,0.7560349255264509,0.7610289731947898,0.7383636799307904,0.8382120412819534,0.7112808524218205,1947.0,0.75,0.7911530235271242,0.6235660120552207,0.8232080750037805,0.3399015713135622,880.0,0.0895249843597412,0.0468599796295166,2026-04-21T14:08:53.338818+00:00
NR-AhR,mhfp,LogisticRegression,smote,pr_auc,"{'C': 0.001, 'l1_ratio': 0.0}",0.7042427395202051,1732,0.9486143187066974,0.9325759956727292,0.5929150722410164,0.9390790345542456,0.7042427395202051,0.94392632315225,0.9438365244352592,0.9438365244352592,0.9849893895367248,0.9879083192237536,8578.0,0.8670454545454546,0.8447764170140534,0.5710697011735593,0.8185518423307626,0.3158836579075758,880.0,1.1246318817138672,1.0053150653839111,2026-04-21T08:35:49.432633+00:00
NR-AhR,mhfp,LogisticRegression,smoteenn,pr_auc,"{'C': 0.001, 'l1_ratio': 0.0}",0.704490234024365,1732,0.9486143187066974,0.9325759956727292,0.5929150722410164,0.9396366785412033,0.704490234024365,0.9460473844710298,0.9459609142481136,0.9459466849709248,0.98583240615363,0.9885183087092528,8526.0,0.8681818181818182,0.8443672350124456,0.5668041622107926,0.8184762336811332,0.3149139545424481,880.0,0.9356129169464112,0.93676495552063,2026-04-21T08:35:49.783682+00:00
NR-AhR,mhfp,RandomForest,smoten,pr_auc,"{'max_depth': 5, 'max_features': 'log2', 'min_samples_leaf': 5, 'n_estimators': 100}",0.7057826230257825,1732,0.9497690531177828,0.9283472245662844,0.5476788689270116,0.9009886699862886,0.7057826230257825,0.9347167171834928,0.9346510112491004,0.9346510112491004,0.9760221523489332,0.980763837394838,8578.0,0.8613636363636363,0.8387340485601353,0.5554451345755693,0.7687257422249105,0.2558214152024693,880.0,0.4554290771484375,0.2707588672637939,2026-04-21T17:07:47.819043+00:00
NR-AhR,mhfp,RandomForest,smoten_enn,pr_auc,"{'max_depth': 5, 'max_features': 'log2', 'min_samples_leaf': 5, 'n_estimators': 200}",0.7530714225872567,1732,0.9491916859122402,0.9270439507596724,0.5379485127384287,0.9090843485734156,0.7530714225872567,0.9422806194274987,0.9422156771517438,0.9422021891406254,0.9804026554847896,0.9840556829074676,8524.0,0.8670454545454546,0.8358909090909091,0.5306666666666667,0.7762109985382328,0.2605318392823898,880.0,0.799727201461792,0.9042067527770996,2026-04-21T17:08:07.043593+00:00
NR-AhR,morgan_2048,XGBoost,none,pr_auc,"{'colsample_bytree': 0.8, 'learning_rate': 0.05, 'max_depth': 7, 'min_child_weight': 1, 'n_estimators': 100, 'scale_pos_weight': 8, 'subsample': 0.8}",0.8869510207601764,1732,0.9786374133949192,0.9761042297573025,0.8702582323585087,0.9510355776863679,0.8869510207601764,0.8924665856622114,0.903658350492957,0.8171657305695732,0.9756888747902417,0.8577669796235748,4938.0,0.8056818181818182,0.8329539744038774,0.6726411256550766,0.8613715409042794,0.46704491747447696,880.0,1.7804760932922363,1.7382557392120361,2026-04-29T23:26:17.007339+00:00
NR-AhR,morgan_2048,XGBoost,random_over,pr_auc,"{'colsample_bytree': 0.8, 'learning_rate': 0.05, 'max_depth': 5, 'min_child_weight': 10, 'n_estimators': 100, 'scale_pos_weight': 1, 'subsample': 0.8}",0.889408081301532,1732,0.9774826789838337,0.9746280623857392,0.8614681326253746,0.9477684399745452,0.889408081301532,0.8589414782000466,0.8589147805246181,0.8589147805246182,0.9334561114088588,0.926987978115613,8578.0,0.7840909090909091,0.8153066590125398,0.642340700430389,0.8393820253036948,0.4462055133743437,880.0,2.6591687202453613,2.5625851154327393,2026-04-29T23:26:30.440373+00:00
NR-AhR,morgan_2048,RandomForest,random_under,pr_auc,"{'max_depth': 15, 'max_features': 'sqrt', 'min_samples_leaf': 20, 'n_estimators': 100}",0.8836904404357585,1732,0.976905311778291,0.9740727809828008,0.858833501776807,0.9529938921582134,0.8836904404357585,0.7519260400616333,0.7581482992837256,0.738057521994482,0.8499570276423847,0.7377895599413974,1947.0,0.7193181818181819,0.768562916328195,0.6092832965733196,0.8340642169464186,0.4188547883561068,880.0,0.2650229930877685,0.2215039730072021,2026-04-21T17:08:40.986120+00:00
NR-AhR,morgan_2048,XGBoost,smote,pr_auc,"{'colsample_bytree': 0.8, 'learning_rate': 0.1, 'max_depth': 3, 'min_child_weight': 10, 'n_estimators': 200, 'scale_pos_weight': 1, 'subsample': 0.8}",0.589351705951492,1732,0.9653579676674365,0.957810526982571,0.7566321942446044,0.8468217573002158,0.589351705951492,0.8933317789694567,0.8932810620783698,0.8932810620783698,0.9579822446996744,0.9570872549888082,8578.0,0.821590909090909,0.8359671991837827,0.6376330746372003,0.7717122838852766,0.32236154494198627,880.0,3.538821220397949,3.571897268295288,2026-04-29T23:27:01.844758+00:00
NR-AhR,morgan_2048,LogisticRegression,smoteenn,pr_auc,"{'C': 0.001, 'l1_ratio': 0.0}",0.5244390727702366,1732,0.9491916859122402,0.9481117742667524,0.7394188487762179,0.7805408490621741,0.5244390727702366,0.8368101084753844,0.8366071208072612,0.8367018483857187,0.9152230322606328,0.9063062090045836,8389.0,0.7909090909090909,0.8181187233818813,0.6341816078658185,0.7742829779726802,0.3071068506685462,880.0,0.1372237205505371,0.119556188583374,2026-04-21T08:36:19.760767+00:00
NR-AhR,morgan_2048,XGBoost,smoten,pr_auc,"{'colsample_bytree': 0.8, 'learning_rate': 0.1, 'max_depth': 7, 'min_child_weight': 1, 'n_estimators': 100, 'scale_pos_weight': 1, 'subsample': 0.8}",0.7036041428841506,1732,0.9613163972286374,0.9513022478547064,0.7131195565916693,0.9019169832116358,0.7036041428841506,0.9552343203543949,0.955234281418205,0.9552342814182051,0.9921185977825798,0.9923143197798583,8578.0,0.8647727272727272,0.8613937333865185,0.6537392000158714,0.8086975149957155,0.37819518744827946,880.0,2.6589159965515137,2.613785743713379,2026-04-29T23:28:40.573058+00:00
NR-AhR,morgan_2048,LogisticRegression,smoten_enn,pr_auc,"{'C': 0.01, 'l1_ratio': 1.0}",0.5380871967989113,1732,0.9676674364896074,0.961315956153614,0.7794754265342501,0.7975030670419283,0.5380871967989113,0.817876424715057,0.817855745830038,0.8178742199809925,0.9034232924308204,0.8890203166983217,8335.0,0.7840909090909091,0.8112026952472604,0.6162285735271165,0.7707482736025002,0.2786140951347338,880.0,0.175832986831665,0.1404950618743896,2026-04-21T08:36:23.676390+00:00
NR-AhR,morgan_4096,XGBoost,none,pr_auc,"{'colsample_bytree': 0.8, 'learning_rate': 0.05, 'max_depth': 3, 'min_child_weight': 10, 'n_estimators': 100, 'scale_pos_weight': 8, 'subsample': 0.8}",0.8952295157921278,1732,0.9803695150115473,0.9784248746655339,0.8844744379487581,0.9537909950336882,0.8952295157921278,0.7209396516808424,0.7655203093036258,0.6344430930298524,0.8925173545684826,0.6021072367386248,4938.0,0.7011363636363637,0.7545450861554489,0.6009097822282077,0.8393631231412874,0.4259894401195256,880.0,3.891594886779785,3.6957428455352783,2026-04-29T23:29:14.464041+00:00
NR-AhR,morgan_4096,XGBoost,random_over,pr_auc,"{'colsample_bytree': 0.8, 'learning_rate': 0.05, 'max_depth': 5, 'min_child_weight': 5, 'n_estimators': 100, 'scale_pos_weight': 1, 'subsample': 0.8}",0.898148351549286,1732,0.9774826789838337,0.9746280623857392,0.8614681326253746,0.9553753600083974,0.898148351549286,0.8729307530892982,0.8728968967388322,0.8728968967388322,0.9433151417673901,0.9371768578844863,8578.0,0.7909090909090909,0.8213795538158529,0.6552663850660853,0.8370192550027722,0.41626669166168356,880.0,6.541743993759155,6.402790784835815,2026-04-29T23:29:34.550024+00:00
NR-AhR,morgan_4096,RandomForest,random_under,pr_auc,"{'max_depth': 15, 'max_features': 'sqrt', 'min_samples_leaf': 5, 'n_estimators': 200}",0.8740245067529331,1732,0.976905311778291,0.9738808643458856,0.8569859710834221,0.9556541820018762,0.8740245067529331,0.8418079096045198,0.8447030336153271,0.8293019230988192,0.9190362795909792,0.8484287341641855,1947.0,0.7681818181818182,0.8051225304034293,0.6408335734178431,0.8516054236604668,0.4453085137775892,880.0,0.7602720260620117,0.864354133605957,2026-04-21T17:10:45.898559+00:00
NR-AhR,morgan_4096,XGBoost,smote,pr_auc,"{'colsample_bytree': 0.8, 'learning_rate': 0.05, 'max_depth': 3, 'min_child_weight': 5, 'n_estimators': 200, 'scale_pos_weight': 1, 'subsample': 0.8}",0.5721207774443856,1732,0.9624711316397229,0.9527559120978495,0.721683151917291,0.8555603666017175,0.5721207774443856,0.8900676148286314,0.8900450072998128,0.8900450072998128,0.9533715843112027,0.9526987213977334,8578.0,0.8102272727272727,0.8230165494393137,0.6013357530972707,0.7691037854730581,0.2625765134221069,880.0,9.642098903656006,9.876065731048584,2026-04-29T23:31:23.312531+00:00
NR-AhR,morgan_4096,XGBoost,smoteenn,pr_auc,"{'colsample_bytree': 0.8, 'learning_rate': 0.1, 'max_depth': 3, 'min_child_weight': 5, 'n_estimators': 200, 'scale_pos_weight': 1, 'subsample': 0.8}",0.5081046487268,1732,0.9613163972286374,0.95081388969801,0.708472447274874,0.8181949392168054,0.5081046487268,0.9185027244728737,0.9185027244728737,0.9185027244728737,0.9733674084478086,0.9721890478746326,8442.0,0.8295454545454546,0.8354583156273663,0.6133975327733455,0.7446191844346993,0.2684625703792022,880.0,9.280050992965698,9.114933013916016,2026-04-29T23:31:28.478119+00:00
NR-AhR,morgan_4096,XGBoost,smoten,pr_auc,"{'colsample_bytree': 0.8, 'learning_rate': 0.1, 'max_depth': 7, 'min_child_weight': 1, 'n_estimators': 100, 'scale_pos_weight': 1, 'subsample': 0.8}",0.673986426169277,1732,0.9624711316397229,0.9527559120978495,0.721683151917291,0.9048921778949923,0.673986426169277,0.9538353928654698,0.9538349009870715,0.9538349009870715,0.9924507982133259,0.9925472805288984,8578.0,0.865909090909091,0.859472372143416,0.6419112778636062,0.8072735520943597,0.34223331694213033,880.0,6.64712119102478,6.650686979293823,2026-04-29T23:31:33.378294+00:00
NR-AhR,morgan_4096,XGBoost,smoten_enn,pr_auc,"{'colsample_bytree': 0.8, 'learning_rate': 0.1, 'max_depth': 3, 'min_child_weight': 5, 'n_estimators': 200, 'scale_pos_weight': 1, 'subsample': 0.8}",0.5255837074379229,1732,0.957852193995381,0.9446971649899912,0.6660988794785865,0.8206912161231279,0.5255837074379229,0.9428503393261103,0.9428567840157847,0.9428427157297881,0.9852100007998734,0.9843664635244972,8399.0,0.8477272727272728,0.8435514262523192,0.608312074829932,0.7408009476284086,0.29606718568588614,880.0,9.021653890609741,9.354894161224365,2026-04-29T23:35:10.964746+00:00
NR-AhR,pubchem,XGBoost,none,pr_auc,"{'colsample_bytree': 0.8, 'learning_rate': 0.1, 'max_depth': 3, 'min_child_weight': 10, 'n_estimators': 100, 'scale_pos_weight': 4, 'subsample': 0.8}",0.9005900682760238,1732,0.976905311778291,0.9738808643458857,0.8569859710834221,0.9628445091748836,0.9005900682760238,0.8703928716079384,0.8808413668270525,0.7641771870798899,0.9189523779072921,0.6821913641196018,4938.0,0.8193181818181818,0.843223928273954,0.6863279612438379,0.8665885377287161,0.4222418989674788,880.0,0.608069896697998,0.5723881721496582,2026-04-29T23:37:20.999846+00:00
NR-AhR,pubchem,RandomForest,random_over,pr_auc,"{'max_depth': 10, 'max_features': 'log2', 'min_samples_leaf': 20, 'n_estimators': 200}",0.8914166131886532,1732,0.9797921478060048,0.9775569205332406,0.8788237387134368,0.962749381671226,0.8914166131886532,0.7944742364187456,0.7941602964012766,0.7941602964012766,0.8860167646243887,0.8861470129866752,8578.0,0.7318181818181818,0.7786309844002152,0.6235062072166144,0.8439122435606633,0.361641563389403,880.0,0.8122639656066895,0.4150309562683105,2026-04-21T17:12:54.704601+00:00
NR-AhR,pubchem,RandomForest,random_under,pr_auc,"{'max_depth': 10, 'max_features': 'log2', 'min_samples_leaf': 5, 'n_estimators': 200}",0.8921183033715828,1732,0.9821016166281756,0.980527059164644,0.8965868578329311,0.960732022541938,0.8921183033715828,0.7827426810477658,0.7882453411871363,0.7708247244532265,0.8880071509801734,0.8084176846163772,1947.0,0.7272727272727273,0.7748789671866595,0.6171249564914723,0.8448699531226372,0.3683089701138538,880.0,0.4177422523498535,0.3549718856811523,2026-04-21T17:13:11.066669+00:00
NR-AhR,pubchem,RandomForest,smote,pr_auc,"{'max_depth': 5, 'max_features': 'log2', 'min_samples_leaf': 20, 'n_estimators': 200}",0.8611206868166142,1732,0.9734411085450346,0.9692616330013047,0.8287949114663915,0.9305241197425652,0.8611206868166142,0.7978549778503148,0.796420722502851,0.796420722502851,0.8721997055696329,0.8682972338057835,8578.0,0.7375,0.7827217520989224,0.6243284649545102,0.8267994858611826,0.3288261109119053,880.0,0.4538190364837646,0.6245119571685791,2026-04-21T17:13:18.352256+00:00
NR-AhR,pubchem,RandomForest,smoteenn,pr_auc,"{'max_depth': 5, 'max_features': 'log2', 'min_samples_leaf': 10, 'n_estimators': 200}",0.8600310795559569,1732,0.972863741339492,0.9684677467007275,0.8238675826256288,0.9289692770965772,0.8600310795559569,0.810559765338548,0.8100503588771027,0.8103532492055296,0.8863039321193763,0.8733895306692663,8182.0,0.7545454545454545,0.795735385895569,0.6375286041189931,0.8257409647663694,0.3261533066042707,880.0,0.608515739440918,0.5315399169921875,2026-04-21T17:13:24.406323+00:00
NR-AhR,pubchem,RandomForest,smoten,pr_auc,"{'max_depth': 15, 'max_features': 'log2', 'min_samples_leaf': 20, 'n_estimators': 200}",0.8577226237343603,1732,0.9688221709006928,0.9626975291481278,0.7873513041580269,0.9387903717845264,0.8577226237343603,0.8780601538820237,0.8780429099892786,0.8780429099892785,0.9410604353092256,0.9408258572942824,8578.0,0.8,0.8260266049739733,0.6500867553499132,0.8369436463531428,0.3420728236092527,880.0,0.7569420337677002,0.8365731239318848,2026-04-21T17:13:42.229842+00:00
NR-AhR,pubchem,RandomForest,smoten_enn,pr_auc,"{'max_depth': 5, 'max_features': 'log2', 'min_samples_leaf': 20, 'n_estimators': 100}",0.8614920533775408,1732,0.9693995381062356,0.9635458976764818,0.7927963108010194,0.9340077545316774,0.8614920533775408,0.837409200968523,0.8369733587638709,0.837198721074569,0.9086666100269152,0.8973606682723105,8260.0,0.7488636363636364,0.7889851061269451,0.6117163900485354,0.8075822874136801,0.3027023335949101,880.0,0.3956489562988281,0.365563154220581,2026-04-21T17:13:50.840268+00:00
NR-AhR,rdkit,XGBoost,none,pr_auc,"{'colsample_bytree': 0.8, 'learning_rate': 0.05, 'max_depth': 7, 'min_child_weight': 5, 'n_estimators': 100, 'scale_pos_weight': 1, 'subsample': 0.8}",0.8648408921014501,1732,0.9584295612009238,0.9457487813152543,0.673464257659073,0.9421165541537916,0.8648408921014501,0.9586877278250304,0.956415539043609,0.8997664488766621,0.9862119062596437,0.9357882362462571,4938.0,0.8852272727272728,0.8679197073409891,0.6385096249659374,0.8668783708856294,0.4517854303253254,880.0,2.498845338821411,2.4035139083862305,2026-04-29T23:39:29.894438+00:00
NR-AhR,rdkit,RandomForest,random_over,pr_auc,"{'max_depth': 5, 'max_features': 'sqrt', 'min_samples_leaf': 5, 'n_estimators': 200}",0.8607747586945931,1732,0.9780600461893764,0.9755464186508076,0.8676000804667069,0.9357790942549548,0.8607747586945931,0.848449522033108,0.8484410853963552,0.8484410853963552,0.9114305052844114,0.8949066441118981,8578.0,0.7977272727272727,0.8269715016012215,0.6649297088242592,0.8382478955592519,0.3407566184820453,880.0,2.0066962242126465,2.3984429836273193,2026-04-21T17:14:43.620748+00:00
NR-AhR,rdkit,RandomForest,random_under,pr_auc,"{'max_depth': 5, 'max_features': 'sqrt', 'min_samples_leaf': 20, 'n_estimators': 200}",0.8624375600099173,1732,0.9797921478060048,0.9777135732105828,0.8803355027705233,0.936362980311887,0.8624375600099173,0.8330765279917822,0.8358447393918771,0.8190543730492459,0.8907380324358203,0.777527852289231,1947.0,0.7852272727272728,0.818613761098939,0.6607867251601535,0.8420283280407278,0.3568002387991447,880.0,0.6270463466644287,0.4527590274810791,2026-04-21T17:15:01.115164+00:00
NR-AhR,rdkit,LogisticRegression,smote,pr_auc,"{'C': 0.01, 'l1_ratio': 1.0}",0.5952365498239325,1732,0.9630484988452656,0.9599307946348706,0.7877889835894845,0.8426787905029949,0.5952365498239325,0.8118442527395663,0.8117955429791918,0.8117955429791918,0.8979936746559122,0.8906451791978998,8578.0,0.7693181818181818,0.8022606573370226,0.6151252501879776,0.7972050002520288,0.3496898198436428,880.0,0.4294390678405761,0.399623155593872,2026-04-21T08:37:30.933310+00:00
NR-AhR,rdkit,LogisticRegression,smoteenn,pr_auc,"{'C': 0.01, 'l1_ratio': 1.0}",0.5493271874781219,1732,0.9607390300230948,0.9568497493310678,0.7689488758975164,0.8336187158443058,0.5493271874781219,0.8227529855436833,0.823006778872239,0.8223193299866289,0.9119076038793972,0.8914679714359466,7955.0,0.7784090909090909,0.8095089181798603,0.6266960204838594,0.7939790312011694,0.362741987159266,880.0,0.3839490413665771,0.3614258766174316,2026-04-21T08:37:33.441955+00:00
NR-AhR,rdkit,LogisticRegression,smoten,pr_auc,"{'C': 0.01, 'l1_ratio': 1.0}",0.5375950217338109,1732,0.9618937644341802,0.9584024945958084,0.7784857222583945,0.7833585913256838,0.5375950217338109,0.8383072977384005,0.8381858526011563,0.8381858526011563,0.9184195707205032,0.9142066976834692,8578.0,0.7602272727272728,0.7947530030944665,0.6018654516215491,0.7683161953727508,0.3383026505777388,880.0,0.3565361499786377,0.368358850479126,2026-04-21T08:37:34.630571+00:00
NR-AhR,rdkit,DecisionTree,smoten_enn,pr_auc,"{'ccp_alpha': 0.001, 'criterion': 'gini', 'max_depth': 5, 'min_samples_leaf': 20}",0.5094204245238594,1732,0.96824480369515,0.9647323036950924,0.8095801608354005,0.7487781036168133,0.5094204245238594,0.8456775133559981,0.845568193270127,0.8456514615760689,0.8917872996972063,0.8293185800596875,8236.0,0.7613636363636364,0.7978975037285483,0.6189345012743424,0.7432204244165533,0.2764429103150567,880.0,0.9480888843536376,0.8880252838134766,2026-04-22T08:29:48.609539+00:00
NR-AhR,topological_torsion,RandomForest,none,pr_auc,"{'max_depth': 15, 'max_features': 'sqrt', 'min_samples_leaf': 20, 'n_estimators': 200}",0.8150277439266604,1732,0.976905311778291,0.9740727809828008,0.858833501776807,0.907677117571034,0.8150277439266604,0.7725799918995545,0.8051479042259422,0.6664962073042449,0.8738371460154817,0.5742049601908,4938.0,0.7363636363636363,0.7814671961288502,0.6192863110156344,0.8513911991531832,0.4396628690229899,880.0,0.5974109172821045,0.53059983253479,2026-04-21T17:16:16.722832+00:00
NR-AhR,topological_torsion,RandomForest,random_over,pr_auc,"{'max_depth': 15, 'max_features': 'sqrt', 'min_samples_leaf': 20, 'n_estimators': 100}",0.8150192458321245,1732,0.976905311778291,0.9740727809828008,0.858833501776807,0.9067192820169656,0.8150192458321245,0.813942643972954,0.8138642860417549,0.8138642860417549,0.901550518737686,0.9024707326314596,8578.0,0.7488636363636364,0.7912265972753353,0.6312413370724945,0.8553984575835475,0.4366297857614533,880.0,0.9672369956970216,1.6500849723815918,2026-04-21T17:16:22.751925+00:00
NR-AhR,topological_torsion,XGBoost,random_under,pr_auc,"{'colsample_bytree': 0.8, 'learning_rate': 0.05, 'max_depth': 7, 'min_child_weight': 10, 'n_estimators': 200, 'scale_pos_weight': 1, 'subsample': 0.8}",0.8099104661288336,1732,0.9717090069284064,0.9671259486879925,0.816372586141613,0.9017628110505357,0.8099104661288336,0.8577298407806883,0.8543915715626973,0.8329407129243205,0.9215831633828031,0.8640673352776953,1947.0,0.8125,0.8355961126858332,0.664024989876786,0.8349841221835776,0.43711806701773226,880.0,1.247061014175415,1.273961067199707,2026-04-29T23:44:54.190738+00:00
NR-AhR,topological_torsion,LogisticRegression,smote,pr_auc,"{'C': 0.001, 'l1_ratio': 0.0}",0.5337808089158451,1732,0.8435334872979214,0.8780220129861102,0.59289227654793,0.6870829971068118,0.5337808089158451,0.8309629284215435,0.8305834073213968,0.8305834073213967,0.8963377280806561,0.8890665333712643,8578.0,0.7556818181818182,0.7943081857186969,0.6190637262896364,0.7641640203639296,0.3559379766076835,880.0,0.2146022319793701,0.1407151222229004,2026-04-21T08:37:52.368976+00:00
NR-AhR,topological_torsion,LogisticRegression,smoteenn,pr_auc,"{'C': 0.01, 'l1_ratio': 1.0}",0.5299144389090764,1732,0.9659353348729792,0.9631821966078964,0.8055395389109317,0.7035039723933424,0.5299144389090764,0.7671134514121589,0.7671524663488803,0.7670887802021733,0.8536879041042716,0.8277209796541141,8356.0,0.7318181818181818,0.7755868775484458,0.5929471348715416,0.7231211250567064,0.2810547636421862,880.0,0.1573560237884521,0.1169090270996093,2026-04-21T08:37:52.859925+00:00
NR-AhR,topological_torsion,DecisionTree,smoten,pr_auc,"{'ccp_alpha': 0.01, 'criterion': 'gini', 'max_depth': 10, 'min_samples_leaf': 10}",0.6879145994014104,1732,0.9734411085450346,0.970398296261504,0.83972641319654,0.8517683874904053,0.6879145994014104,0.7804849615294941,0.7800735720740641,0.7800735720740641,0.8330409070773259,0.7752476887458777,8578.0,0.7352272727272727,0.7756332678210874,0.5762577007888335,0.6902250617470639,0.2238674243684378,880.0,1.2055799961090088,1.0920958518981934,2026-04-22T08:31:10.355465+00:00
NR-AhR,topological_torsion,DecisionTree,smoten_enn,pr_auc,"{'ccp_alpha': 0.01, 'criterion': 'gini', 'max_depth': 10, 'min_samples_leaf': 10}",0.6879145994014104,1732,0.9734411085450346,0.970398296261504,0.83972641319654,0.8517683874904053,0.6879145994014104,0.7911796602000241,0.7907970612252904,0.791001946280858,0.8450574135889002,0.7742163851556492,8299.0,0.7352272727272727,0.7756332678210874,0.5762577007888335,0.6902880689550884,0.2238765684129874,880.0,1.048110008239746,1.0112698078155518,2026-04-22T08:31:20.422223+00:00
NR-Aromatase,atom_pair,RandomForest,none,pr_auc,"{'max_depth': 5, 'max_features': 'sqrt', 'min_samples_leaf': 20, 'n_estimators': 200}",0.5193248811588271,1586,0.9836065573770492,0.9805553649467948,0.7716873740393773,0.8751212807244502,0.5193248811588271,0.89453125,0.914127216475961,0.697280160515614,0.9197512460060722,0.6113524803160423,4352.0,0.8477088948787062,0.8672326255658195,0.6063623517039667,0.7066974004353951,0.223431495785412,742.0,0.5789861679077148,0.4813020229339599,2026-04-21T17:18:10.558629+00:00
NR-Aromatase,atom_pair,RandomForest,random_over,pr_auc,"{'max_depth': 5, 'max_features': 'log2', 'min_samples_leaf': 10, 'n_estimators': 200}",0.5138551922418567,1586,0.980453972257251,0.9785986334448584,0.7636647679477011,0.8695181112548512,0.5138551922418567,0.8059410762113465,0.8055248572173271,0.805524857217327,0.8997763680803186,0.914050641803346,8214.0,0.7951482479784366,0.8327386283249893,0.564480004942772,0.7177615571776157,0.2522584067261715,742.0,0.7673640251159668,0.7705810070037842,2026-04-21T17:18:16.867874+00:00
NR-Aromatase,atom_pair,RandomForest,random_under,pr_auc,"{'max_depth': 5, 'max_features': 'sqrt', 'min_samples_leaf': 5, 'n_estimators': 200}",0.4585422381555907,1586,0.9741488020176544,0.9736577361037756,0.7271426473365084,0.8688955368693403,0.4585422381555907,0.8625850340136054,0.8631874115550016,0.8467893562614415,0.9281382757184506,0.8909492367838044,735.0,0.8018867924528302,0.8372330348194729,0.5697939961899352,0.7054424382123191,0.2446899740679985,742.0,0.3696320056915283,0.3537778854370117,2026-04-21T17:18:30.701231+00:00
NR-Aromatase,atom_pair,LogisticRegression,smote,pr_auc,"{'C': 0.01, 'l1_ratio': 1.0}",0.2979000490438086,1586,0.7976040353089533,0.8660673294860505,0.4883906956739325,0.608699870633894,0.2979000490438086,0.8070367664962259,0.8070364204362924,0.8070364204362923,0.8908106673392047,0.8844964110338952,8214.0,0.7479784366576819,0.7993783324963378,0.5137222742071711,0.609527468305801,0.1616863704904629,742.0,0.2966940402984619,0.2192237377166748,2026-04-21T08:38:13.448483+00:00
NR-Aromatase,atom_pair,LogisticRegression,smoteenn,pr_auc,"{'C': 0.01, 'l1_ratio': 1.0}",0.2944176888978328,1586,0.7900378310214375,0.8613504353930965,0.4845196207133829,0.6078266494178526,0.2944176888978328,0.8046865415286468,0.804688223068651,0.8046861858182612,0.8939403353951433,0.886071441352121,8151.0,0.7506738544474394,0.8011833576327708,0.5154178801517959,0.6054808554232296,0.1635144841510083,742.0,0.2389640808105468,0.2091109752655029,2026-04-21T08:38:16.846263+00:00
NR-Aromatase,atom_pair,LogisticRegression,smoten,pr_auc,"{'C': 0.01, 'l1_ratio': 1.0}",0.2912426293458419,1586,0.9098360655737704,0.9328801088363928,0.5675713809047143,0.6111578266494179,0.2912426293458419,0.8649866082298515,0.8648940442504891,0.8648940442504892,0.934313244403466,0.9286774053863828,8214.0,0.8086253369272237,0.8393791525693101,0.5553586198747489,0.5961454731719811,0.1836870198666486,742.0,0.3073489665985107,0.228816270828247,2026-04-21T08:38:17.991307+00:00
NR-Aromatase,atom_pair,LogisticRegression,smoten_enn,pr_auc,"{'C': 0.01, 'l1_ratio': 1.0}",0.2885843572717503,1586,0.9148802017654476,0.9358199418223392,0.5733458208375263,0.6054252910737387,0.2885843572717503,0.8690344062153164,0.8689606016487098,0.8689913535514625,0.9421881462482784,0.9325282853740244,8109.0,0.807277628032345,0.837469520847501,0.5457693871872258,0.5864131130746575,0.1821081425692053,742.0,0.24169921875,0.2018101215362548,2026-04-21T08:38:19.875748+00:00
NR-Aromatase,avalon,BalancedRandomForest,none,pr_auc,"{'max_depth': 5, 'max_features': 'log2', 'min_samples_leaf': 20, 'n_estimators': 200}",0.5895336206272874,1586,0.9848675914249684,0.9830149912117124,0.8086389961389961,0.870051746442432,0.5895336206272874,0.7102481617647058,0.7882280784700348,0.5242855383158015,0.8109320572641037,0.2931423853290471,4352.0,0.6981132075471698,0.7674706213784167,0.5199907583896495,0.7249071584069664,0.2283760992946642,742.0,1.005370855331421,1.1105821132659912,2026-04-21T22:37:26.605027+00:00
NR-Aromatase,avalon,RandomForest,random_over,pr_auc,"{'max_depth': 15, 'max_features': 'log2', 'min_samples_leaf': 10, 'n_estimators': 100}",0.6016315535615254,1586,0.9810844892812106,0.976076729071685,0.7067307692307693,0.896992238033635,0.6016315535615254,0.9730947163379596,0.9730946840371268,0.9730946840371268,0.9958034555195632,0.9944374900001274,8214.0,0.9029649595687332,0.8881402962403778,0.5556442758758359,0.7394288641311306,0.2168367900458068,742.0,0.4763927459716797,0.3251769542694092,2026-04-21T17:20:09.530819+00:00
NR-Aromatase,avalon,RandomForest,random_under,pr_auc,"{'max_depth': 10, 'max_features': 'log2', 'min_samples_leaf': 20, 'n_estimators': 200}",0.5837396397606673,1586,0.9861286254728878,0.9846886810352552,0.8297918008156256,0.8820504527813713,0.5837396397606673,0.7428571428571429,0.7490866733732197,0.7275904060994335,0.8429362765514369,0.7443403401454388,735.0,0.6819407008086253,0.7559383844409056,0.5188437654558443,0.7271353566397747,0.1996338258816483,742.0,0.3823080062866211,0.5420341491699219,2026-04-21T17:20:14.334945+00:00
NR-Aromatase,avalon,RandomForest,smote,pr_auc,"{'max_depth': 5, 'max_features': 'sqrt', 'min_samples_leaf': 10, 'n_estimators': 200}",0.2678262646245781,1586,0.8373266078184111,0.8901060426911624,0.5042525042525042,0.6423431435963778,0.2678262646245781,0.8787436084733382,0.8786484622489887,0.8786484622489887,0.9446277264570356,0.9349253794478374,8214.0,0.8342318059299192,0.8515282333885046,0.541180906417314,0.6720962991420155,0.1733994898227771,742.0,1.0522301197052002,0.5606632232666016,2026-04-21T17:20:30.363089+00:00
NR-Aromatase,avalon,LogisticRegression,smoteenn,pr_auc,"{'C': 0.001, 'l1_ratio': 0.0}",0.2557733163619896,1586,0.9590163934426228,0.9597371596357888,0.5979125306665315,0.673091849935317,0.2557733163619896,0.8496611213801601,0.8496471813648011,0.8496569001079035,0.9241489324734996,0.9135374244734774,8115.0,0.8584905660377359,0.873255808990187,0.6083251640147802,0.7353054168267383,0.221790837275409,742.0,0.1256680488586425,0.1173319816589355,2026-04-21T08:38:34.116892+00:00
NR-Aromatase,avalon,XGBoost,smoten,pr_auc,"{'colsample_bytree': 0.8, 'learning_rate': 0.05, 'max_depth': 7, 'min_child_weight': 5, 'n_estimators': 100, 'scale_pos_weight': 1, 'subsample': 0.8}",0.4611251935666647,1586,0.9779319041614124,0.9710607078207587,0.637253556561914,0.8960300776196636,0.4611251935666647,0.9765035305575847,0.9765032376742756,0.9765032376742755,0.9971640347037658,0.9971986125387706,8214.0,0.9083557951482479,0.8848870089335766,0.5164270653632356,0.7003457548981944,0.1874429428074072,742.0,0.9032173156738281,0.8602631092071533,2026-04-29T23:51:55.669384+00:00
NR-Aromatase,avalon,DecisionTree,smoten_enn,pr_auc,"{'ccp_alpha': 0.01, 'criterion': 'gini', 'max_depth': 10, 'min_samples_leaf': 10}",0.3772458217101219,1586,0.9728877679697352,0.9712087308407188,0.6902498512519814,0.8340152005174644,0.3772458217101219,0.8426257881073063,0.8419353388037804,0.8420789430682407,0.8810002021514641,0.8325450601351936,8089.0,0.7601078167115903,0.8031593004743626,0.4812982075812558,0.5178896145473171,0.0811360916538701,742.0,0.1906430721282959,0.2095401287078857,2026-04-22T08:33:55.051608+00:00
NR-Aromatase,erg,LogisticRegression,none,pr_auc,"{'C': 0.001, 'l1_ratio': 0.0}",0.5743124878496911,1586,0.9842370744010088,0.9827408334232728,0.8094070709255654,0.8758893919793014,0.5743124878496911,0.6059283088235294,0.7094942711061114,0.4552210693671848,0.7138529042003946,0.1344065463797581,4352.0,0.6415094339622641,0.7251549262137013,0.498735231671018,0.7201178127801254,0.1513989851420851,742.0,0.031797170639038,0.018402099609375,2026-04-21T08:38:38.886040+00:00
NR-Aromatase,erg,LogisticRegression,random_over,pr_auc,"{'C': 0.001, 'l1_ratio': 0.0}",0.5748226732678262,1586,0.9842370744010088,0.9821534262791534,0.7975667161900677,0.8762613195342821,0.5748226732678262,0.6622839055271488,0.6622593770840468,0.6622593770840468,0.7209086270247504,0.7016821619322018,8214.0,0.7008086253369272,0.7699676578540859,0.5339248729585658,0.7248303239851454,0.1550994175587072,742.0,0.0379540920257568,0.0310161113739013,2026-04-21T08:38:39.232190+00:00
NR-Aromatase,erg,LogisticRegression,random_under,pr_auc,"{'C': 0.01, 'l1_ratio': 0.0}",0.586549168568284,1586,0.9836065573770492,0.9815995738126888,0.7926922458172458,0.8753395860284605,0.586549168568284,0.6625850340136055,0.6709407730966137,0.6432765018082758,0.7140066638900459,0.5460882927212172,735.0,0.6778975741239892,0.7530549512812491,0.5228167422336432,0.7188628505570496,0.1478839914354588,742.0,0.0087759494781494,0.0034351348876953,2026-04-21T08:38:39.904892+00:00
NR-Aromatase,erg,LogisticRegression,smote,pr_auc,"{'C': 0.001, 'l1_ratio': 0.0}",0.5624443142875546,1586,0.9842370744010088,0.9821534262791534,0.7975667161900677,0.8564036222509702,0.5624443142875546,0.6586316045775505,0.6586179229423436,0.6586179229423434,0.7245831008589384,0.692053748078745,8214.0,0.7021563342318059,0.7709569461409362,0.5348542998079645,0.7360993725188885,0.1640270563817923,742.0,0.0351119041442871,0.0273208618164062,2026-04-21T08:38:40.220180+00:00
NR-Aromatase,erg,LogisticRegression,smoteenn,pr_auc,"{'C': 0.001, 'l1_ratio': 0.0}",0.5661955349936211,1586,0.9848675914249684,0.9830149912117124,0.8086389961389961,0.8626617076326002,0.5661955349936211,0.669383149448345,0.669448455214799,0.6692517112601654,0.7307506244657405,0.68453704383061,7976.0,0.7075471698113207,0.7749030969872516,0.5385929167275614,0.733384556281214,0.1608810553271206,742.0,0.0374729633331298,0.0259850025177001,2026-04-21T08:38:40.486188+00:00
NR-Aromatase,erg,LogisticRegression,smoten,pr_auc,"{'C': 0.1, 'l1_ratio': 0.0}",0.3073669650715132,1586,0.3221941992433795,0.4621480069711154,0.261986150904667,0.622509702457956,0.3073669650715132,0.8010713416118822,0.7973438141714781,0.7973438141714783,0.8726121240977222,0.8420329333275848,8214.0,0.6549865229110512,0.7352551966816603,0.4780678133758312,0.6618260980919453,0.2106382494881882,742.0,0.0406849384307861,0.03963303565979,2026-04-21T08:38:40.798454+00:00
NR-Aromatase,erg,LogisticRegression,smoten_enn,pr_auc,"{'C': 0.01, 'l1_ratio': 0.0}",0.3130647500251302,1586,0.2269861286254728,0.3416624423497775,0.1986967730875235,0.6133893919793014,0.3130647500251302,0.7347753315308356,0.7311249345969804,0.7325340256413959,0.8448639601054311,0.8072422428448535,7767.0,0.6118598382749326,0.7024233787576916,0.4572772433129819,0.6363170700473813,0.2187350889742352,742.0,0.0294671058654785,0.0249691009521484,2026-04-21T08:38:41.162663+00:00
NR-Aromatase,estate,BalancedRandomForest,none,pr_auc,"{'max_depth': 5, 'max_features': 'sqrt', 'min_samples_leaf': 20, 'n_estimators': 100}",0.5660224239727012,1586,0.9854981084489282,0.9838598194452504,0.8193756034760219,0.8887047218628719,0.5660224239727012,0.73828125,0.8079584420364725,0.5385957637132922,0.8249906829057407,0.3122424568048997,4352.0,0.7479784366576819,0.8027560318772827,0.5516587340823245,0.7457805096683314,0.2386671230980379,742.0,0.3796286582946777,0.4252979755401611,2026-04-21T22:39:26.521547+00:00
NR-Aromatase,estate,RandomForest,random_over,pr_auc,"{'max_depth': 10, 'max_features': 'log2', 'min_samples_leaf': 5, 'n_estimators': 100}",0.5323776203706713,1586,0.9817150063051704,0.9792979744838178,0.7651773907804786,0.8691057567917205,0.5323776203706713,0.8888483077672267,0.888838539302824,0.8888385393028241,0.9594570287421648,0.9641055930918312,8214.0,0.8450134770889488,0.8643136856024004,0.5949685534591195,0.7536176206940709,0.2432935949692491,742.0,0.2411792278289795,0.2073171138763427,2026-04-21T17:21:57.756113+00:00
NR-Aromatase,estate,RandomForest,random_under,pr_auc,"{'max_depth': 15, 'max_features': 'sqrt', 'min_samples_leaf': 20, 'n_estimators': 200}",0.5293267596288975,1586,0.9665825977301388,0.970424662471678,0.7389786824413496,0.8771264553686935,0.5293267596288975,0.7401360544217687,0.7470686377065862,0.7275458456976174,0.8448396501457724,0.7422117875491031,735.0,0.7035040431266847,0.7712422332738569,0.5210093896713615,0.743552311435523,0.2368671457721964,742.0,0.3392579555511474,0.2621829509735107,2026-04-21T17:21:59.866368+00:00
NR-Aromatase,estate,RandomForest,smote,pr_auc,"{'max_depth': 15, 'max_features': 'sqrt', 'min_samples_leaf': 10, 'n_estimators': 100}",0.5037209039120781,1586,0.9779319041614124,0.9717601688185752,0.6512555679112402,0.8785090556274255,0.5037209039120781,0.9732164597029462,0.9732147303864024,0.9732147303864024,0.9953190906342744,0.9956542990509376,8214.0,0.921832884097035,0.9018153899727568,0.5875407322215833,0.7483672685363042,0.2590405219202428,742.0,0.2640960216522217,0.2389037609100341,2026-04-21T17:22:01.778154+00:00
NR-Aromatase,estate,RandomForest,smoteenn,pr_auc,"{'max_depth': 15, 'max_features': 'sqrt', 'min_samples_leaf': 20, 'n_estimators': 200}",0.5369048635282355,1586,0.9810844892812106,0.9771040109115404,0.7273289932147442,0.877466041397154,0.5369048635282355,0.963250709088667,0.9632494714555764,0.9632422519292144,0.9920501156774912,0.9925693466270312,8109.0,0.9164420485175202,0.9024162495186754,0.6088095238095238,0.7381995133819951,0.2386310687619529,742.0,0.5350039005279541,0.3846249580383301,2026-04-21T17:22:11.622321+00:00
NR-Aromatase,estate,LogisticRegression,smoten,pr_auc,"{'C': 0.01, 'l1_ratio': 0.0}",0.5053724873133643,1586,0.9848675914249684,0.9827147430065978,0.8025930920029043,0.6802231565329884,0.5053724873133643,0.7387387387387387,0.7386584186643965,0.7386584186643965,0.7750179354329159,0.7522896407098676,8214.0,0.7641509433962265,0.8115978660148759,0.5382339448725654,0.6823408887181458,0.161819427943286,742.0,0.0126540660858154,0.0077390670776367,2026-04-21T08:38:43.358853+00:00
NR-Aromatase,estate,LogisticRegression,smoten_enn,pr_auc,"{'C': 0.01, 'l1_ratio': 0.0}",0.5035579711932401,1586,0.9848675914249684,0.9827147430065978,0.8025930920029043,0.6764715394566623,0.5035579711932401,0.7412816316253305,0.7413121687224405,0.7410452153896405,0.7818153243286405,0.7464537438978037,7943.0,0.7601078167115903,0.8088713022856994,0.5354474724594454,0.680240747855039,0.1636340606057527,742.0,0.0155591964721679,0.0076003074645996,2026-04-21T08:38:43.775021+00:00
NR-Aromatase,fcfp,BalancedRandomForest,none,pr_auc,"{'max_depth': 15, 'max_features': 'log2', 'min_samples_leaf': 5, 'n_estimators': 200}",0.5598272565645095,1586,0.9842370744010088,0.9821534262791534,0.7975667161900677,0.8498463777490297,0.5598272565645095,0.8568474264705882,0.88711273669189,0.6302234442200932,0.8648748030987414,0.3895553687978921,4352.0,0.8328840970350404,0.8568479998185196,0.5881099471752171,0.6994877705211935,0.2269760553741238,742.0,1.548581838607788,1.787682056427002,2026-04-21T22:40:25.716941+00:00
NR-Aromatase,fcfp,RandomForest,random_over,pr_auc,"{'max_depth': 5, 'max_features': 'log2', 'min_samples_leaf': 5, 'n_estimators': 100}",0.570900057962825,1586,0.9842370744010088,0.9818303274837732,0.7910639665702346,0.8682972186287192,0.570900057962825,0.7646700754808863,0.7595641060970876,0.7595641060970877,0.8746353998165342,0.8718397059264097,8214.0,0.8571428571428571,0.8723581066609553,0.6069365317341329,0.7250480215136381,0.2342880820056943,742.0,0.3678007125854492,0.476165771484375,2026-04-21T17:22:28.381055+00:00
NR-Aromatase,fcfp,BernoulliNB,random_under,pr_auc,{'alpha': 10.0},0.5691997999289452,1586,0.974779319041614,0.9623300301649652,0.4936143039591315,0.8461594437257439,0.5691997999289452,0.6666666666666666,0.5333333333333333,0.4,0.8331070387338608,0.7355664187096,735.0,0.9231805929919138,0.886305124315993,0.4800280308339173,0.683147650147266,0.1609492056171463,742.0,0.0396187305450439,0.0126028060913085,2026-04-21T14:12:17.883555+00:00
NR-Aromatase,fcfp,DecisionTree,smote,pr_auc,"{'ccp_alpha': 0.01, 'criterion': 'entropy', 'max_depth': 15, 'min_samples_leaf': 10}",0.270702938943239,1586,0.4962168978562421,0.6402858930743945,0.3603273036569268,0.6741672056921086,0.270702938943239,0.7524957389822254,0.7495354108353198,0.7495354108353198,0.8281180218775228,0.7906409277548058,8214.0,0.5929919137466307,0.6874277624395664,0.4482918230074551,0.6049302087335126,0.1034403476795633,742.0,1.904369831085205,2.3519070148468018,2026-04-22T08:34:19.538461+00:00
NR-Aromatase,fcfp,LogisticRegression,smoteenn,pr_auc,"{'C': 0.01, 'l1_ratio': 1.0}",0.2436866257312657,1586,0.8877679697351829,0.9197074675755064,0.5379544219602093,0.6498463777490298,0.2436866257312657,0.7309544388196073,0.7304192800292774,0.7305647723718021,0.8189263540472715,0.8108248519102291,8099.0,0.6792452830188679,0.7531767423950713,0.4952380952380952,0.6229734921244717,0.1514055747273435,742.0,0.1624608039855957,0.1376638412475586,2026-04-21T08:38:45.201645+00:00
NR-Aromatase,fcfp,DecisionTree,smoten,pr_auc,"{'ccp_alpha': 0.001, 'criterion': 'gini', 'max_depth': 15, 'min_samples_leaf': 50}",0.207153399807851,1586,0.7931904161412359,0.8633660423001414,0.4885983366430074,0.6688712807244501,0.207153399807851,0.8889700511322133,0.888961519559321,0.888961519559321,0.9456313755565527,0.9349798745764668,8214.0,0.7924528301886793,0.8234838363621012,0.4986926384136176,0.5368036880522474,0.0969250630827056,742.0,1.669395923614502,1.4548819065093994,2026-04-22T08:34:32.482773+00:00
NR-Aromatase,fcfp,XGBoost,smoten_enn,pr_auc,"{'colsample_bytree': 0.8, 'learning_rate': 0.1, 'max_depth': 7, 'min_child_weight': 10, 'n_estimators': 200, 'scale_pos_weight': 1, 'subsample': 0.8}",0.1942296241145225,1586,0.9558638083228247,0.9578127534688101,0.5909238297370593,0.631815976714101,0.1942296241145225,0.9824017846077581,0.9824027172960319,0.9823982093027086,0.9970501355278358,0.9971822156052821,8069.0,0.9029649595687331,0.8835199391803165,0.5243589743589744,0.5812395953387117,0.10983345720545902,742.0,4.743736982345581,4.733453989028931,2026-04-29T23:55:58.794782+00:00
NR-Aromatase,klekota_roth,DecisionTree,none,pr_auc,"{'ccp_alpha': 0.0, 'criterion': 'gini', 'max_depth': 15, 'min_samples_leaf': 50}",0.3243669792007833,1586,0.8272383354350568,0.8845388439355295,0.5157586482017178,0.7315653298835705,0.3243669792007833,0.7196691176470589,0.7951050191003284,0.5391002287554012,0.8525717664713803,0.240488130653095,4352.0,0.683288409703504,0.7562314644792817,0.500319518115101,0.6542322960686389,0.1298244770233706,742.0,0.268683910369873,0.2858819961547851,2026-04-22T08:35:49.531987+00:00
NR-Aromatase,klekota_roth,DecisionTree,random_over,pr_auc,"{'ccp_alpha': 0.001, 'criterion': 'gini', 'max_depth': 15, 'min_samples_leaf': 50}",0.3616794827872382,1586,0.8959646910466582,0.9254912641772256,0.5697551111001504,0.809928848641656,0.3616794827872382,0.8360116873630388,0.8360101682589223,0.8360101682589223,0.9094690311498792,0.8949589366043703,8214.0,0.7493261455525606,0.7995747273324044,0.5073885295755343,0.5730311179408375,0.1162854576715032,742.0,1.3142318725585938,1.2451798915863037,2026-04-22T08:35:53.632958+00:00
NR-Aromatase,klekota_roth,DecisionTree,random_under,pr_auc,"{'ccp_alpha': 0.001, 'criterion': 'gini', 'max_depth': 10, 'min_samples_leaf': 20}",0.2896617054870806,1586,0.7074401008827238,0.807254122293324,0.4527260179434093,0.6407907503234153,0.2896617054870806,0.7619047619047619,0.7654320987654322,0.7407407407407407,0.828850478967097,0.6964083318839522,735.0,0.6859838274932615,0.7581890135375559,0.5020033816967822,0.635830452042515,0.1259684040666885,742.0,0.0842311382293701,0.0544006824493408,2026-04-22T08:36:05.536339+00:00
NR-Aromatase,klekota_roth,DecisionTree,smote,pr_auc,"{'ccp_alpha': 0.001, 'criterion': 'entropy', 'max_depth': 15, 'min_samples_leaf': 50}",0.0646417466227686,1586,0.6242118537200504,0.7479014110251726,0.4054814233385662,0.5415507761966365,0.0646417466227686,0.8351594838081324,0.835156317392561,0.8351563173925609,0.9106196793599316,0.8913067770644256,8214.0,0.7547169811320755,0.8027655430562995,0.5069371421895081,0.5855423229606864,0.1047205046288156,742.0,1.671069860458374,1.0597469806671145,2026-04-22T08:36:07.534268+00:00
NR-Aromatase,klekota_roth,DecisionTree,smoteenn,pr_auc,"{'ccp_alpha': 0.001, 'criterion': 'entropy', 'max_depth': 15, 'min_samples_leaf': 50}",0.0869663491382412,1586,0.6790668348045398,0.7877430092603923,0.4311715087581834,0.5526115782664942,0.0869663491382412,0.8337481333997013,0.8335651390775797,0.8336531741838976,0.9029002002490888,0.8666567979901814,8036.0,0.7223719676549866,0.7814881428126264,0.4914494084454559,0.5641311307465744,0.1016037493516614,742.0,1.0952179431915283,1.0980448722839355,2026-04-22T08:36:10.408122+00:00
NR-Aromatase,klekota_roth,DecisionTree,smoten,pr_auc,"{'ccp_alpha': 0.001, 'criterion': 'entropy', 'max_depth': 15, 'min_samples_leaf': 50}",0.0560606202075081,1586,0.8511979823455234,0.8977290790784581,0.4949944142520224,0.6209977360931436,0.0560606202075081,0.9187971755539324,0.918789663545006,0.918789663545006,0.9722482338615636,0.9713309153695896,8214.0,0.8288409703504043,0.8451559772352389,0.5146455151811696,0.5288513253937763,0.1102066236442952,742.0,1.027134895324707,1.0035550594329834,2026-04-22T08:37:09.545354+00:00
NR-Aromatase,klekota_roth,DecisionTree,smoten_enn,pr_auc,"{'ccp_alpha': 0.001, 'criterion': 'gini', 'max_depth': 15, 'min_samples_leaf': 50}",0.0464349746992671,1586,0.8329129886506935,0.8869696435204428,0.485938499511367,0.524409767141009,0.0464349746992671,0.920735495092558,0.920743566302076,0.9207239817495694,0.9733612113903364,0.9643471921789012,8049.0,0.8409703504043127,0.8525353229584762,0.5224079245941701,0.5584325777948521,0.0940925575516361,742.0,0.9601030349731444,0.9091637134552002,2026-04-22T08:37:14.090781+00:00
NR-Aromatase,maccs,RandomForest,none,pr_auc,"{'max_depth': 5, 'max_features': 'sqrt', 'min_samples_leaf': 10, 'n_estimators': 200}",0.6491997479159803,1586,0.9823455233291298,0.9790596237888558,0.7541248643500986,0.9098075679172056,0.6491997479159803,0.8747702205882353,0.9006598527895281,0.6697458584214151,0.9070934144293218,0.4816916772851786,4352.0,0.8557951482479784,0.8720615048111586,0.6101314555373865,0.7645281085926494,0.2379365040226334,742.0,0.4632871150970459,0.4856672286987304,2026-04-21T17:25:33.505650+00:00
NR-Aromatase,maccs,RandomForest,random_over,pr_auc,"{'max_depth': 5, 'max_features': 'sqrt', 'min_samples_leaf': 5, 'n_estimators': 200}",0.6650006117057199,1586,0.9842370744010088,0.9818303274837732,0.7910639665702346,0.9052150711513582,0.6650006117057199,0.8322376430484538,0.8321943074144228,0.8321943074144227,0.9090827249574016,0.9096928071590428,8214.0,0.8059299191374663,0.8419167195179958,0.5908088235294118,0.7671660904085029,0.2431466155843245,742.0,0.7252280712127686,0.5154733657836914,2026-04-21T17:25:53.402234+00:00
NR-Aromatase,maccs,RandomForest,random_under,pr_auc,"{'max_depth': 10, 'max_features': 'log2', 'min_samples_leaf': 20, 'n_estimators': 200}",0.6584582292211759,1586,0.9848675914249684,0.9842687691220324,0.8339643710850941,0.8914699223803363,0.6584582292211759,0.7578231292517007,0.7642539771314939,0.745933538404176,0.8611745106205747,0.7592512224323568,735.0,0.7129380053908356,0.7788320553470878,0.5423665503612225,0.7502625176078883,0.2127843260599026,742.0,0.4211890697479248,0.3530752658843994,2026-04-21T17:25:58.238960+00:00
NR-Aromatase,maccs,DecisionTree,smote,pr_auc,"{'ccp_alpha': 0.01, 'criterion': 'gini', 'max_depth': 5, 'min_samples_leaf': 10}",0.3972227479682793,1586,0.626733921815889,0.7484357057625799,0.4246143513037169,0.7657018111254852,0.3972227479682793,0.7154857560262966,0.710338091584901,0.710338091584901,0.7630034334178215,0.717881576760258,8214.0,0.6024258760107817,0.69494336206251,0.4538604523509524,0.6291714688180304,0.1492208732291289,742.0,0.0543360710144043,0.0523431301116943,2026-04-22T08:37:22.759586+00:00
NR-Aromatase,maccs,DecisionTree,smoteenn,pr_auc,"{'ccp_alpha': 0.01, 'criterion': 'gini', 'max_depth': 5, 'min_samples_leaf': 10}",0.3972227479682793,1586,0.626733921815889,0.7484357057625799,0.4246143513037169,0.7657018111254852,0.3972227479682793,0.7136132788306702,0.708723177456862,0.7093388062905288,0.7648130917031436,0.7129560306402976,8073.0,0.6024258760107817,0.69494336206251,0.4538604523509524,0.6291714688180304,0.1492208732291289,742.0,0.0506441593170166,0.04193115234375,2026-04-22T08:37:24.636681+00:00
NR-Aromatase,maccs,RandomForest,smoten,pr_auc,"{'max_depth': 15, 'max_features': 'log2', 'min_samples_leaf': 20, 'n_estimators': 200}",0.4084242048373468,1586,0.9798234552332912,0.9760681414729784,0.7189998449715412,0.8453023932729624,0.4084242048373468,0.9370586803019236,0.9370519395117628,0.9370519395117628,0.9823915578461212,0.9827299329540846,8214.0,0.9029649595687332,0.899584929132811,0.6342525399129173,0.7626712767319759,0.2449103983704729,742.0,0.5632162094116211,0.471092939376831,2026-04-21T17:26:39.706063+00:00
NR-Aromatase,maccs,RandomForest,smoten_enn,pr_auc,"{'max_depth': 15, 'max_features': 'log2', 'min_samples_leaf': 20, 'n_estimators': 100}",0.3978250763947119,1586,0.9810844892812106,0.9771040109115404,0.7273289932147442,0.8319130012936611,0.3978250763947119,0.948865053629334,0.9488718786255737,0.9488615886312431,0.98895867679686,0.9872321929254256,8018.0,0.9110512129380054,0.9032890214157546,0.6324747838616716,0.7448713023434499,0.2331466945480264,742.0,0.2664580345153808,0.1806020736694336,2026-04-21T17:26:40.441003+00:00
NR-Aromatase,map4,RandomForest,none,pr_auc,"{'max_depth': 10, 'max_features': 'sqrt', 'min_samples_leaf': 10, 'n_estimators': 200}",0.3950055632186344,1586,0.9754098360655736,0.963867662772004,0.5181622017433845,0.8552878395860284,0.3950055632186344,0.9908088235294118,0.9908781680175132,0.9574021163865796,0.9980516092485204,0.9429964626852004,4352.0,0.9258760107816713,0.8927571567229555,0.5146000594707106,0.6978358304520424,0.1863888499581864,742.0,0.7417759895324707,0.5454080104827881,2026-04-21T17:26:49.906105+00:00
NR-Aromatase,map4,RandomForest,random_over,pr_auc,"{'max_depth': 5, 'max_features': 'sqrt', 'min_samples_leaf': 5, 'n_estimators': 100}",0.4245111909262699,1586,0.980453972257251,0.976582635726997,0.7230942524851454,0.8503880983182405,0.4245111909262699,0.9130752373995618,0.9129060782118444,0.9129060782118446,0.9573522647081962,0.9639199007828634,8214.0,0.8854447439353099,0.8809090535936623,0.5644186608653614,0.6916890767063645,0.2162274311637916,742.0,0.7738509178161621,0.5709230899810791,2026-04-21T17:26:55.144233+00:00
NR-Aromatase,map4,XGBoost,random_under,pr_auc,"{'colsample_bytree': 0.8, 'learning_rate': 0.05, 'max_depth': 5, 'min_child_weight': 1, 'n_estimators': 200, 'scale_pos_weight': 1, 'subsample': 0.8}",0.45801592896967275,1586,0.9779319041614124,0.9762119682636673,0.7407371080814733,0.8533796895213454,0.45801592896967275,1.0,1.0,1.0,1.0,1.0,735.0,0.8773584905660378,0.8797103747159241,0.5843137254901961,0.6859777180176719,0.21764241950405988,742.0,0.41068410873413086,0.3854038715362549,2026-04-30T00:05:03.647715+00:00
NR-Aromatase,map4,LogisticRegression,smote,pr_auc,"{'C': 0.001, 'l1_ratio': 0.0}",0.1412751071589983,1586,0.7301387137452712,0.8227078399310491,0.4539006863972351,0.4992884864165589,0.1412751071589983,0.8767957146335524,0.876792179268766,0.8767921792687658,0.9414225885609616,0.941241143108792,8214.0,0.7884097035040432,0.8226887126149227,0.5107000499825691,0.572672557305673,0.1394862743640864,742.0,0.2343971729278564,0.1851439476013183,2026-04-21T08:39:08.110297+00:00
NR-Aromatase,map4,LogisticRegression,smoteenn,pr_auc,"{'C': 0.001, 'l1_ratio': 0.0}",0.141627263267514,1586,0.7320302648171501,0.823964778833034,0.4547557705452442,0.5007115135834411,0.141627263267514,0.8806134969325153,0.8806126036337718,0.8806134088608082,0.9447707897347248,0.9432148027213704,8150.0,0.7951482479784366,0.8269561907532288,0.514840752275582,0.5706492508643872,0.1408103025640559,742.0,0.2009131908416748,0.1980230808258056,2026-04-21T08:39:10.097933+00:00
NR-Aromatase,map4,LogisticRegression,smoten,pr_auc,"{'C': 0.001, 'l1_ratio': 0.0}",0.1512141030948754,1586,0.8493064312736444,0.8969941099093315,0.5045479676943326,0.5373382923673997,0.1512141030948754,0.8855612369125883,0.8855270255588644,0.8855270255588645,0.9569824992504794,0.955807160773727,8214.0,0.7991913746630728,0.8306500601837595,0.5267107600762002,0.5878345498783455,0.129601331367979,742.0,0.233903169631958,0.2398169040679931,2026-04-21T08:39:13.037468+00:00
NR-Aromatase,map4,LogisticRegression,smoten_enn,pr_auc,"{'C': 0.001, 'l1_ratio': 0.0}",0.151490056333398,1586,0.849936948297604,0.8973653912065295,0.5049080559271792,0.5327619663648124,0.151490056333398,0.8934517203107658,0.8934298435628516,0.8934426049991349,0.9642187063273816,0.9598145135300028,8109.0,0.8005390835579514,0.8309441193507319,0.5229705309980539,0.5778972979894993,0.1313018599628863,742.0,0.2579030990600586,0.2350006103515625,2026-04-21T08:39:13.825283+00:00
NR-Aromatase,mhfp,LogisticRegression,none,pr_auc,"{'C': 0.001, 'l1_ratio': 0.0}",0.3480629983804683,1586,0.9602774274905422,0.9629698789911204,0.6510597282318306,0.7865620957309185,0.3480629983804683,0.9411764705882352,0.9502344794823137,0.8114168987325916,0.9897959183673468,0.8074609062164328,4352.0,0.8814016172506739,0.878365789785272,0.5606158484065461,0.6612882571391984,0.2025132882698657,742.0,0.7536821365356445,0.7575531005859375,2026-04-21T08:39:18.743412+00:00
NR-Aromatase,mhfp,LogisticRegression,random_over,pr_auc,"{'C': 0.001, 'l1_ratio': 0.0}",0.3426505963218161,1586,0.9577553593947036,0.9616785411998078,0.6507147623320744,0.7818078913324709,0.3426505963218161,0.975164353542732,0.9751526851760026,0.9751526851760026,0.993758095844843,0.9896988702630444,8214.0,0.8840970350404312,0.880059776464191,0.5631349782293179,0.6517095658855167,0.1963698604194254,742.0,1.3400797843933103,1.3371951580047607,2026-04-21T08:39:19.455874+00:00
NR-Aromatase,mhfp,LogisticRegression,random_under,pr_auc,"{'C': 0.001, 'l1_ratio': 0.0}",0.2789505797922628,1586,0.8978562421185372,0.926603732252166,0.5717371737173718,0.7585219922380337,0.2789505797922628,0.9197278911564626,0.9197686376569189,0.9097857450451332,0.9746980424822992,0.947101554323994,735.0,0.8099730458221024,0.8386643576813229,0.5432849503437739,0.6597003457548982,0.1784237322703951,742.0,0.1050479412078857,0.0811550617218017,2026-04-21T08:39:20.362716+00:00
NR-Aromatase,mhfp,LogisticRegression,smote,pr_auc,"{'C': 0.01, 'l1_ratio': 0.0}",0.3015658819873275,1586,0.9728877679697352,0.966834624323698,0.6021932510864176,0.8202296248382923,0.3015658819873275,0.98599951302654,0.9859978691668442,0.9859978691668444,0.9996748470975072,0.9996675148459554,8214.0,0.9272237196765498,0.895854280868591,0.5310393258426966,0.6540658214880266,0.1989466244350261,742.0,1.594390869140625,1.6630990505218506,2026-04-21T08:39:22.729979+00:00
NR-Aromatase,mhfp,LogisticRegression,smoteenn,pr_auc,"{'C': 0.01, 'l1_ratio': 0.0}",0.3038263624155443,1586,0.9735182849936947,0.9679456152761567,0.6182605905006419,0.8181274256144888,0.3038263624155443,0.98681640625,0.9868147306470452,0.9868142810950328,0.9997177699715,0.9997075272944762,8192.0,0.9272237196765498,0.895854280868591,0.5310393258426966,0.656934306569343,0.1975339509958692,742.0,1.539923906326294,1.3306317329406738,2026-04-21T08:39:23.168465+00:00
NR-Aromatase,mhfp,LogisticRegression,smoten,pr_auc,"{'C': 0.01, 'l1_ratio': 0.0}",0.2992570690247759,1586,0.9728877679697352,0.966834624323698,0.6021932510864176,0.8040912031047865,0.2992570690247759,0.9849038227416606,0.9849013082994952,0.9849013082994952,0.9996062830840634,0.999609050860061,8214.0,0.9258760107816713,0.8950549891250793,0.5298549589299909,0.645281085926495,0.1922727649197869,742.0,2.0827579498291016,2.0104031562805176,2026-04-21T08:39:27.499257+00:00
NR-Aromatase,mhfp,LogisticRegression,smoten_enn,pr_auc,"{'C': 0.01, 'l1_ratio': 0.0}",0.3081564340804361,1586,0.9728877679697352,0.966834624323698,0.6021932510864176,0.8095730918499353,0.3081564340804361,0.9873975284473264,0.9873954269517232,0.987394436591726,0.9997932518604936,0.9997826830718144,8173.0,0.9258760107816713,0.8950549891250793,0.5298549589299909,0.6552439492892816,0.2043552087024207,742.0,2.0626370906829834,1.9544713497161863,2026-04-21T08:39:36.861742+00:00
NR-Aromatase,morgan_2048,BernoulliNB,none,pr_auc,{'alpha': 1.0},0.5266941262004572,1586,0.9829760403530896,0.9803767536824748,0.7743490838958533,0.8409443725743855,0.5266941262004572,0.9276194852941176,0.9336281902846976,0.7167532494097476,0.8995458227118459,0.4704944829918935,4352.0,0.889487870619946,0.8798439356983617,0.5433777617675312,0.6566269688820591,0.1792409190450483,742.0,0.0352146625518798,0.0145819187164306,2026-04-21T14:13:09.660080+00:00
NR-Aromatase,morgan_2048,RandomForest,random_over,pr_auc,"{'max_depth': 15, 'max_features': 'sqrt', 'min_samples_leaf': 5, 'n_estimators': 200}",0.4916376480430168,1586,0.9810844892812106,0.976076729071685,0.7067307692307693,0.8605595084087969,0.4916376480430168,0.9026053080107134,0.9018968988241004,0.9018968988241004,0.9885710637097525,0.9858088208272654,8214.0,0.9258760107816713,0.8972036067889373,0.5441394948784111,0.7435010884876425,0.2293648144138538,742.0,3.4467501640319824,3.327214241027832,2026-04-21T17:29:34.293316+00:00
NR-Aromatase,morgan_2048,XGBoost,random_under,pr_auc,"{'colsample_bytree': 0.8, 'learning_rate': 0.1, 'max_depth': 7, 'min_child_weight': 5, 'n_estimators': 100, 'scale_pos_weight': 1, 'subsample': 0.8}",0.549020502546938,1586,0.9836065573770492,0.9812743049238142,0.7861425163364797,0.8386076972833119,0.549020502546938,0.9047619047619048,0.9028080556420638,0.8887288487490916,0.9514160766347356,0.9251124052572222,735.0,0.8679245283018868,0.8760504734742761,0.5925452752375829,0.728518376232552,0.22189323926861276,742.0,0.35282111167907715,0.3149220943450928,2026-04-30T00:12:20.292928+00:00
NR-Aromatase,morgan_2048,LogisticRegression,smote,pr_auc,"{'C': 0.1, 'l1_ratio': 0.0}",0.2111333364556401,1586,0.8757881462799496,0.9129064976306532,0.532632775629567,0.5849288486416558,0.2111333364556401,0.9542244947650352,0.954220977362176,0.954220977362176,0.9856574043887728,0.9868932579598914,8214.0,0.8652291105121294,0.8662924117928741,0.5324158096390401,0.5730823408887181,0.1285753753235246,742.0,0.2050528526306152,0.1859209537506103,2026-04-21T08:39:45.137088+00:00
NR-Aromatase,morgan_2048,LogisticRegression,smoteenn,pr_auc,"{'C': 0.1, 'l1_ratio': 1.0}",0.1875747627698833,1586,0.8701134930643127,0.9095914210082692,0.5284775781646884,0.60620957309185,0.1875747627698833,0.9129206583149104,0.9129161067230264,0.912919227814604,0.9710188637346278,0.9678328935190816,8142.0,0.8584905660377359,0.8601495121902017,0.5128767842740045,0.5445511589191958,0.1045507729820059,742.0,0.2409820556640625,0.1758451461791992,2026-04-21T08:39:45.786190+00:00
NR-Aromatase,morgan_2048,LogisticRegression,smoten,pr_auc,"{'C': 1, 'l1_ratio': 0.0}",0.2596381107876835,1586,0.974779319041614,0.9706569155344914,0.6602399314481576,0.6549159120310477,0.2596381107876835,0.9873386900413929,0.9873382929426356,0.9873382929426356,0.9987197234152004,0.9987765137420436,8214.0,0.9070080862533692,0.8921085787680684,0.5694571752932767,0.6139070303495966,0.1481589399078892,742.0,0.241732120513916,0.2074790000915527,2026-04-21T08:39:47.167150+00:00
NR-Aromatase,morgan_2048,LogisticRegression,smoten_enn,pr_auc,"{'C': 1, 'l1_ratio': 0.0}",0.2228851100641897,1586,0.9640605296343,0.9623779942576955,0.6003925260910501,0.5482373868046572,0.2228851100641897,0.996900954506012,0.9969009883278166,0.9968999939667664,0.9997737909900072,0.999735004684934,8067.0,0.9191374663072776,0.8931003485500374,0.5376370887337986,0.5305929056217185,0.147038254217117,742.0,0.1938660144805908,0.1570620536804199,2026-04-21T08:39:49.114432+00:00
NR-Aromatase,morgan_4096,XGBoost,none,pr_auc,"{'colsample_bytree': 0.8, 'learning_rate': 0.1, 'max_depth': 7, 'min_child_weight': 1, 'n_estimators': 100, 'scale_pos_weight': 4, 'subsample': 0.8}",0.4806658497048722,1586,0.9810844892812106,0.976076729071685,0.7067307692307693,0.8453347347994825,0.4806658497048722,0.9940257352941176,0.9940142200984461,0.9717783772566922,0.9988675382497776,0.9691772911643591,4352.0,0.9191374663072777,0.8911015269425998,0.5242979869214002,0.7053912152644385,0.2038970782242746,742.0,3.5662388801574707,3.4862780570983887,2026-04-30T00:14:52.295265+00:00
NR-Aromatase,morgan_4096,XGBoost,random_over,pr_auc,"{'colsample_bytree': 0.8, 'learning_rate': 0.05, 'max_depth': 5, 'min_child_weight': 5, 'n_estimators': 200, 'scale_pos_weight': 1, 'subsample': 0.8}",0.4590907307041081,1586,0.9791929382093316,0.9760160322785804,0.7242044358727098,0.8609718628719276,0.4590907307041081,0.9702946189432676,0.9702939144837962,0.9702939144837962,0.9951877429716847,0.9929431366522468,8214.0,0.8935309973045822,0.8836122867582994,0.555772801333788,0.7120758099628633,0.2045322711012646,742.0,9.596857070922852,9.481009006500244,2026-04-30T00:14:56.706684+00:00
NR-Aromatase,morgan_4096,XGBoost,random_under,pr_auc,"{'colsample_bytree': 0.8, 'learning_rate': 0.05, 'max_depth': 7, 'min_child_weight': 10, 'n_estimators': 200, 'scale_pos_weight': 1, 'subsample': 0.8}",0.4946601905209948,1586,0.9836065573770492,0.9809269950974195,0.7791559554413025,0.8302878395860285,0.4946601905209948,0.8204081632653061,0.8107393081301999,0.7787275580207269,0.8936568096626405,0.8248894756286924,735.0,0.8598382749326146,0.870031132098996,0.5790713911677431,0.7128953771289537,0.19365927414407696,742.0,1.5144710540771484,1.418130874633789,2026-04-30T00:14:58.815939+00:00
NR-Aromatase,morgan_4096,LogisticRegression,smote,pr_auc,"{'C': 0.1, 'l1_ratio': 1.0}",0.1779586599625804,1586,0.9092055485498108,0.931878364501553,0.5524865775757338,0.6487225097024579,0.1779586599625804,0.9206233260287314,0.9206069413793954,0.9206069413793954,0.9694976104566848,0.9720713790787596,8214.0,0.8611859838274932,0.8617388239719348,0.5145552132626163,0.5531950313740556,0.0990151407976037,742.0,0.4031541347503662,0.3330450057983398,2026-04-21T08:39:59.744511+00:00
NR-Aromatase,morgan_4096,LogisticRegression,smoteenn,pr_auc,"{'C': 0.1, 'l1_ratio': 1.0}",0.1683580570096971,1586,0.9029003783102144,0.9280409106844072,0.5416976274646672,0.6161465071151359,0.1683580570096971,0.927319524451526,0.9273047570433776,0.9273102822641136,0.9759975684977686,0.9765290289933926,8159.0,0.8706199460916442,0.8673081343112058,0.520671834625323,0.531809450633884,0.0951648591323393,742.0,0.3725581169128418,0.2692201137542724,2026-04-21T08:40:00.533023+00:00
NR-Aromatase,morgan_4096,LogisticRegression,smoten,pr_auc,"{'C': 1, 'l1_ratio': 1.0}",0.2112871890993849,1586,0.9445145018915512,0.952150881369782,0.5927637721755369,0.6532745795601553,0.2112871890993849,0.989164840516192,0.9891646206602684,0.9891646206602682,0.999586926274388,0.99959923723465,8214.0,0.8746630727762803,0.8671859093809117,0.5059814007431112,0.5806121142271737,0.1197546628943796,742.0,0.4850618839263916,0.3758108615875244,2026-04-21T08:40:01.807680+00:00
NR-Aromatase,morgan_4096,XGBoost,smoten_enn,pr_auc,"{'colsample_bytree': 0.8, 'learning_rate': 0.1, 'max_depth': 7, 'min_child_weight': 5, 'n_estimators': 200, 'scale_pos_weight': 1, 'subsample': 0.8}",0.20212959638063027,1586,0.9590163934426229,0.9587636287469976,0.5780999971352216,0.7361254851228979,0.20212959638063027,0.9897518212124954,0.9897514705235086,0.9897490982156577,0.9982746415645998,0.9983781429698081,8099.0,0.9137466307277629,0.887980419143185,0.5202263083451202,0.5537969010116532,0.11795099220434065,742.0,11.533584356307983,11.488189935684204,2026-04-30T00:20:16.600153+00:00
NR-Aromatase,pubchem,BernoulliNB,none,pr_auc,{'alpha': 10.0},0.6187038982781496,1586,0.9829760403530896,0.9803767536824748,0.7743490838958533,0.8735850582147477,0.6187038982781496,0.8598345588235294,0.8844196072180053,0.5820391712324454,0.7418767360852303,0.1422191708564322,4352.0,0.8032345013477089,0.8363420925561297,0.5553749671657473,0.7191189652964528,0.1537962817586565,742.0,0.0232467651367187,0.004612922668457,2026-04-21T14:13:39.214586+00:00
NR-Aromatase,pubchem,BernoulliNB,random_over,pr_auc,{'alpha': 50.0},0.6122617116546878,1586,0.9842370744010088,0.9821534262791534,0.7975667161900677,0.8686044631306598,0.6122617116546878,0.7018504991477964,0.7017212269383013,0.7017212269383014,0.7590659974724097,0.7350808167880539,8214.0,0.6886792452830188,0.7609411216549435,0.5233470988195053,0.7190677423485723,0.163444555232366,742.0,0.0954151153564453,0.0749809741973877,2026-04-21T14:13:39.990140+00:00
NR-Aromatase,pubchem,BernoulliNB,random_under,pr_auc,{'alpha': 10.0},0.6405737267103827,1586,0.9848675914249684,0.9830149912117124,0.8086389961389961,0.8711917852522637,0.6405737267103827,0.7238095238095238,0.715907554581164,0.6728857221156481,0.7603915035401916,0.6055183605177056,735.0,0.7695417789757413,0.8168490833802233,0.5585100645453122,0.713151491868357,0.1543255724514378,742.0,0.0140485763549804,0.0015230178833007,2026-04-21T14:13:41.404979+00:00
NR-Aromatase,pubchem,BernoulliNB,smote,pr_auc,{'alpha': 50.0},0.4871339657904533,1586,0.9836065573770492,0.9812743049238142,0.7861425163364797,0.8033230918499352,0.4871339657904533,0.7243730216703189,0.7243702600537845,0.7243702600537846,0.7993610355661962,0.807364425415711,8214.0,0.7358490566037735,0.7938370989797799,0.5373829397394136,0.712754514022282,0.1822531343711159,742.0,0.0690722465515136,0.057884931564331,2026-04-21T14:13:41.911984+00:00
NR-Aromatase,pubchem,BernoulliNB,smoteenn,pr_auc,{'alpha': 50.0},0.4877835047132533,1586,0.9836065573770492,0.9812743049238142,0.7861425163364797,0.7990378395860285,0.4877835047132533,0.7297430830039525,0.7297565093086914,0.7297205024005282,0.8019626715127179,0.8063425213106179,8096.0,0.7412398921832885,0.797598627787307,0.5411255411255411,0.71260084517864,0.1817385589797377,742.0,0.0922458171844482,0.1196379661560058,2026-04-21T14:13:43.362916+00:00
NR-Aromatase,pubchem,BernoulliNB,smoten,pr_auc,{'alpha': 50.0},0.4828891561058268,1586,0.9829760403530896,0.9807257003814857,0.7813720534852732,0.7695666235446312,0.4828891561058268,0.7756269783296811,0.7756241815217088,0.7756241815217088,0.8561268511913094,0.857908192922025,8214.0,0.7722371967654986,0.8173852623154206,0.5473568321692205,0.6948136765270841,0.1806363276442241,742.0,0.1443440914154052,0.1231617927551269,2026-04-21T14:13:45.349130+00:00
NR-Aromatase,pubchem,BernoulliNB,smoten_enn,pr_auc,{'alpha': 50.0},0.480378422568802,1586,0.9829760403530896,0.9807257003814857,0.7813720534852732,0.750663001293661,0.480378422568802,0.7849182763744428,0.7849287022972016,0.7848790892854527,0.8676876606949537,0.8626764988874991,8076.0,0.7857142857142857,0.8264323911382734,0.5572642837039121,0.6892687924190037,0.1714737795937782,742.0,0.1062550544738769,0.1002311706542968,2026-04-21T14:13:47.359437+00:00
NR-Aromatase,rdkit,BalancedRandomForest,none,pr_auc,"{'max_depth': 15, 'max_features': 'log2', 'min_samples_leaf': 20, 'n_estimators': 200}",0.5967544052617939,1586,0.9842370744010088,0.982456325483968,0.8036691342130673,0.8851794954721863,0.5967544052617939,0.7201286764705882,0.7953440946691177,0.5336486486486486,0.8356593769721183,0.4049245975027237,4352.0,0.715633423180593,0.7794219879900988,0.5209754157296494,0.6931745421949034,0.1351967746359239,742.0,1.7815940380096436,1.7187650203704834,2026-04-21T22:47:54.977542+00:00
NR-Aromatase,rdkit,RandomForest,random_over,pr_auc,"{'max_depth': 5, 'max_features': 'log2', 'min_samples_leaf': 20, 'n_estimators': 100}",0.5881529090904317,1586,0.9829760403530896,0.979175229226508,0.7502143669612389,0.8673673997412678,0.5881529090904317,0.8595081568054541,0.8590466674724295,0.8590466674724295,0.9168238777541288,0.9313314901866558,8214.0,0.8409703504043127,0.8610682628805955,0.5866880664652568,0.7392495838135484,0.227369954165041,742.0,0.5123441219329834,0.4642062187194824,2026-04-21T17:34:58.211006+00:00
NR-Aromatase,rdkit,XGBoost,random_under,pr_auc,"{'colsample_bytree': 0.8, 'learning_rate': 0.05, 'max_depth': 3, 'min_child_weight': 1, 'n_estimators': 100, 'scale_pos_weight': 1, 'subsample': 0.8}",0.6001149080179738,1586,0.9798234552332913,0.9738674322810176,0.6748750800768738,0.896248382923674,0.6001149080179738,0.9387755102040817,0.9371174398236531,0.9276702946328407,0.9779550187421907,0.9668961420202291,735.0,0.8382749326145552,0.8568462322186255,0.5652768284347232,0.7231015494941734,0.1909857473685192,742.0,0.3035590648651123,0.2902998924255371,2026-04-30T00:24:27.303480+00:00
NR-Aromatase,rdkit,LogisticRegression,smote,pr_auc,"{'C': 1, 'l1_ratio': 1.0}",0.1909803760253731,1586,0.7591424968474149,0.8416477455862675,0.4605038664429793,0.5463049805950841,0.1909803760253731,0.9933041149257366,0.9933039139532268,0.9933039139532268,0.9993687545757513,0.999255719498902,8214.0,0.8301886792452831,0.8482747305592487,0.5327736131934033,0.5200409783583047,0.0980240508227429,742.0,2.049032211303711,2.7454299926757812,2026-04-21T08:40:29.058238+00:00
NR-Aromatase,rdkit,LogisticRegression,smoteenn,pr_auc,"{'C': 0.01, 'l1_ratio': 1.0}",0.1824187763479121,1586,0.8972257250945775,0.9245850202564267,0.5321745582207584,0.5998140362225097,0.1824187763479121,0.7994495183285375,0.7993460809496368,0.7994168538930951,0.8870874463229556,0.8781635147637153,7993.0,0.7695417789757413,0.8148682997744886,0.5385085418947476,0.6248559354590857,0.1444402268715864,742.0,0.4478237628936767,0.2924778461456299,2026-04-21T08:40:30.548588+00:00
NR-Aromatase,rdkit,DecisionTree,smoten,pr_auc,"{'ccp_alpha': 0.01, 'criterion': 'entropy', 'max_depth': 5, 'min_samples_leaf': 10}",0.2068807130290355,1586,0.5901639344262295,0.7212329589600823,0.3955069672967451,0.5957551746442432,0.2068807130290355,0.8389335281227173,0.8374792703150912,0.8374792703150913,0.9032297355693796,0.8734712003126144,8214.0,0.7048517520215634,0.770449749070884,0.4939696004334787,0.5581636573184786,0.1414972499191814,742.0,0.9258639812469482,1.0357611179351809,2026-04-22T08:49:52.378571+00:00
NR-Aromatase,rdkit,DecisionTree,smoten_enn,pr_auc,"{'ccp_alpha': 0.001, 'criterion': 'gini', 'max_depth': 5, 'min_samples_leaf': 50}",0.220458907008059,1586,0.5800756620428752,0.7135252905469177,0.3883227977846393,0.6389149417852522,0.220458907008059,0.8484022789199901,0.8471244891075662,0.8473447976959151,0.9134276394817752,0.8761560299879878,8074.0,0.7021563342318059,0.7671593421848821,0.4734766875479622,0.5242668715584582,0.1052209477492236,742.0,0.9220290184020996,0.9258110523223876,2026-04-22T08:50:06.098280+00:00
NR-Aromatase,topological_torsion,BernoulliNB,none,pr_auc,{'alpha': 0.1},0.5730039474798112,1586,0.9823455233291298,0.9798338668410308,0.769691940670055,0.8310478654592497,0.5730039474798112,0.9126838235294118,0.925228976032649,0.7108511929906032,0.9116113355495594,0.5258204817602224,4352.0,0.8881401617250674,0.8837111935091055,0.5746676335508822,0.7284031245998207,0.2011333633865353,742.0,0.0423507690429687,0.0086877346038818,2026-04-21T14:13:59.892857+00:00
NR-Aromatase,topological_torsion,BernoulliNB,random_over,pr_auc,{'alpha': 10.0},0.5976347878580563,1586,0.9829760403530896,0.9810528315226856,0.7879626649501127,0.8334411384217335,0.5976347878580563,0.8098368638909179,0.8094502277163305,0.8094502277163305,0.8944840147434268,0.8926683539628716,8214.0,0.8409703504043127,0.8585806156560875,0.5675478109688636,0.7442182097579716,0.219707280184652,742.0,0.307823896408081,0.3578922748565674,2026-04-21T14:14:01.121513+00:00
NR-Aromatase,topological_torsion,BernoulliNB,random_under,pr_auc,{'alpha': 1.0},0.5449667350606184,1586,0.9842370744010088,0.9821534262791534,0.7975667161900677,0.8644404915912031,0.5449667350606184,0.8285714285714286,0.8243137254901961,0.798235294117647,0.8950937109537692,0.8128975169440625,735.0,0.8584905660377359,0.865934596160354,0.554277868360079,0.7426302983736714,0.194053096834718,742.0,0.0537209510803222,0.016258955001831,2026-04-21T14:14:03.859833+00:00
NR-Aromatase,topological_torsion,DecisionTree,smote,pr_auc,"{'ccp_alpha': 0.001, 'criterion': 'entropy', 'max_depth': 10, 'min_samples_leaf': 20}",0.1029397433632609,1586,0.2080706179066835,0.3189564263422864,0.1829678045963434,0.50626617076326,0.1029397433632609,0.7786705624543463,0.7712232620320856,0.7712232620320856,0.841279259240683,0.7874761552204546,8214.0,0.4703504043126684,0.5822205958595091,0.3725057293179691,0.4890639006274811,0.0884472516169488,742.0,1.2045199871063232,1.299957036972046,2026-04-22T08:50:25.214931+00:00
NR-Aromatase,topological_torsion,DecisionTree,smoteenn,pr_auc,"{'ccp_alpha': 0.0, 'criterion': 'gini', 'max_depth': 10, 'min_samples_leaf': 10}",0.0944756099963539,1586,0.2370744010088272,0.3595018349781759,0.202985947407854,0.4234476067270375,0.0944756099963539,0.8225150880650326,0.8206421220998641,0.8208445473179427,0.8538718820407538,0.7789876489806126,8119.0,0.5727762803234502,0.6723843401816423,0.4061976951137927,0.4413753361505955,0.0768442072334201,742.0,1.414762020111084,1.326171875,2026-04-22T08:51:06.769863+00:00
NR-Aromatase,topological_torsion,LogisticRegression,smoten,pr_auc,"{'C': 0.01, 'l1_ratio': 1.0}",0.1420210617065868,1586,0.2370744010088272,0.3588957380198205,0.2034186756990104,0.504980595084088,0.1420210617065868,0.8441684928171415,0.8438550819186373,0.8438550819186373,0.905239019842301,0.8883699181102186,8214.0,0.6482479784366577,0.7297119460011418,0.4561324185653345,0.5396593673965937,0.1399165370339247,742.0,0.165208101272583,0.1222960948944091,2026-04-21T08:40:44.626966+00:00
NR-Aromatase,topological_torsion,LogisticRegression,smoten_enn,pr_auc,"{'C': 0.01, 'l1_ratio': 1.0}",0.1400443243432061,1586,0.242749054224464,0.3675486536417032,0.2064962142909215,0.5027166882276842,0.1400443243432061,0.8671962268834554,0.8668785350965776,0.8669824467852022,0.9236051138377516,0.8988483950720941,8057.0,0.6630727762803235,0.7401997945356372,0.4585964953243751,0.5245998207196825,0.127168986196506,742.0,0.1310718059539795,0.0995311737060546,2026-04-21T08:40:47.278387+00:00
NR-ER,atom_pair,BalancedRandomForest,none,pr_auc,"{'max_depth': 5, 'max_features': 'sqrt', 'min_samples_leaf': 20, 'n_estimators': 200}",0.3011282663880461,1596,0.9511278195488722,0.9370917547279504,0.6452241715399609,0.6589281150742945,0.3011282663880461,0.791693846488367,0.8186437798140973,0.6574570678641846,0.8097583552609839,0.5050550985493718,4599.0,0.791025641025641,0.8239974445123974,0.6155090709496751,0.7557776505144926,0.3526994605794277,780.0,3.538978099822998,3.054291009902954,2026-04-21T22:50:46.473874+00:00
NR-ER,atom_pair,RandomForest,random_over,pr_auc,"{'max_depth': 5, 'max_features': 'sqrt', 'min_samples_leaf': 20, 'n_estimators': 100}",0.2942178419396195,1596,0.950501253132832,0.9345120061787514,0.6248024829860108,0.6825709174546384,0.2942178419396195,0.7682472691161867,0.7668439130458305,0.7668439130458304,0.8519264108539133,0.8638292829473475,8056.0,0.8076923076923077,0.8365830193524647,0.6356320693607056,0.7706305074726129,0.3966556116110585,780.0,0.7905941009521484,0.5220463275909424,2026-04-21T17:38:08.482410+00:00
NR-ER,atom_pair,RandomForest,random_under,pr_auc,"{'max_depth': 5, 'max_features': 'sqrt', 'min_samples_leaf': 5, 'n_estimators': 100}",0.3026486599547225,1596,0.949248120300752,0.9320781656955212,0.6083672882049107,0.6706399912379979,0.3026486599547225,0.7997664915353182,0.7983136110587301,0.7715524900222204,0.8622090473284035,0.7925030958920362,1713.0,0.8102564102564103,0.838420860879131,0.638069200767504,0.7567567567567566,0.368913379472136,780.0,0.4562740325927734,0.19523286819458,2026-04-21T17:38:12.643001+00:00
NR-ER,atom_pair,LogisticRegression,smote,pr_auc,"{'C': 0.01, 'l1_ratio': 1.0}",0.1649289405312402,1596,0.912280701754386,0.9098759527804572,0.5698444478669336,0.5343580008031835,0.1649289405312402,0.8006454816285998,0.8006012384792627,0.8006012384792627,0.877473684703599,0.8834171384226436,8056.0,0.7628205128205128,0.7969120714750613,0.5397877857190696,0.5993792835898099,0.1620570556202996,780.0,0.2106409072875976,0.1632180213928222,2026-04-21T08:40:54.502787+00:00
NR-ER,atom_pair,LogisticRegression,smoteenn,pr_auc,"{'C': 0.01, 'l1_ratio': 1.0}",0.1687922227807055,1596,0.912280701754386,0.9093588879349852,0.5650718262155954,0.5250009127085539,0.1687922227807055,0.8166964513658412,0.8167248632075099,0.8166864032754949,0.8946669164508453,0.8913808871565383,7834.0,0.7730769230769231,0.8038434155977192,0.5470457580241405,0.5990467569414938,0.1614876392678007,780.0,0.1893000602722168,0.1663558483123779,2026-04-21T08:40:55.832811+00:00
NR-ER,atom_pair,LogisticRegression,smoten,pr_auc,"{'C': 0.01, 'l1_ratio': 1.0}",0.1787484216452175,1596,0.9273182957393484,0.9187870421698656,0.5836983603018555,0.5280055492680077,0.1787484216452175,0.8450844091360477,0.8450555207977137,0.8450555207977137,0.91346451823334,0.9184839546212438,8056.0,0.7961538461538461,0.8188263604407591,0.5607719251024404,0.6338881602039497,0.2060892762678161,780.0,0.1553878784179687,0.1620039939880371,2026-04-21T08:40:56.597544+00:00
NR-ER,atom_pair,LogisticRegression,smoten_enn,pr_auc,"{'C': 0.01, 'l1_ratio': 1.0}",0.1633688019844701,1596,0.924812030075188,0.9171874459323852,0.580276134122288,0.5204337191048155,0.1633688019844701,0.8646366427840327,0.8646543697078088,0.8646330973992775,0.9377410856318338,0.9314268696245585,7816.0,0.8051282051282052,0.8242428355957767,0.5641176470588235,0.6276902329533908,0.1999777693404069,780.0,0.1670398712158203,0.155207872390747,2026-04-21T08:40:58.360562+00:00
NR-ER,avalon,BalancedRandomForest,none,pr_auc,"{'max_depth': 10, 'max_features': 'log2', 'min_samples_leaf': 10, 'n_estimators': 200}",0.2637368617031831,1596,0.9454887218045112,0.9223534537090524,0.5374914644504771,0.6064254682194881,0.2637368617031831,0.8267014568384431,0.8466226648295203,0.7004069195531855,0.8737678196581895,0.591079469931506,4599.0,0.8435897435897436,0.8507598136510408,0.6014007104081496,0.669246827141564,0.2886561127129225,780.0,1.2942159175872805,1.2820701599121094,2026-04-21T22:51:19.357952+00:00
NR-ER,avalon,RandomForest,random_over,pr_auc,"{'max_depth': 5, 'max_features': 'sqrt', 'min_samples_leaf': 5, 'n_estimators': 200}",0.2588272103780892,1596,0.9467418546365914,0.9251310559953164,0.5569663658897412,0.5820305939907269,0.2588272103780892,0.7835153922542205,0.7828438253341286,0.7828438253341287,0.8757830920892382,0.8719473587125456,8056.0,0.8423076923076923,0.8491811991073103,0.5960744193096131,0.654560233507602,0.2662940303793841,780.0,0.5702939033508301,0.8280580043792725,2026-04-21T17:39:20.375944+00:00
NR-ER,avalon,XGBoost,random_under,pr_auc,"{'colsample_bytree': 0.8, 'learning_rate': 0.05, 'max_depth': 7, 'min_child_weight': 10, 'n_estimators': 200, 'scale_pos_weight': 1, 'subsample': 0.8}",0.21843382190191346,1596,0.9461152882205514,0.925681565421263,0.5645155149438417,0.6109232959731299,0.21843382190191346,0.8984238178633975,0.8958111734177419,0.8802713819753523,0.971720581153904,0.9472127896414526,1713.0,0.8705128205128205,0.8677505320817422,0.6207230238167454,0.6894570578781105,0.3092786082362823,780.0,0.37668395042419434,0.36654114723205566,2026-04-30T00:35:24.878750+00:00
NR-ER,avalon,XGBoost,smote,pr_auc,"{'colsample_bytree': 0.8, 'learning_rate': 0.05, 'max_depth': 3, 'min_child_weight': 5, 'n_estimators': 100, 'scale_pos_weight': 1, 'subsample': 0.8}",0.12249328990834432,1596,0.756265664160401,0.8164949984368652,0.4901950801728024,0.48194662480376765,0.12249328990834432,0.8407398212512414,0.8407002314180662,0.840700231418066,0.9182476943914939,0.917905358569469,8056.0,0.8179487179487179,0.830103085110342,0.5583661621397471,0.6150265097633518,0.26033364189713576,780.0,0.5777280330657959,0.5669009685516357,2026-04-30T00:35:31.267201+00:00
NR-ER,avalon,LogisticRegression,smoteenn,pr_auc,"{'C': 0.01, 'l1_ratio': 1.0}",0.1194205248927422,1596,0.9235588972431078,0.9119232907587156,0.5379972096466502,0.5211857909532328,0.1194205248927422,0.804881232054294,0.8050077227686981,0.8047128272570101,0.8805500667042315,0.8719994851856191,7662.0,0.8012820512820513,0.8228296780788827,0.5683237464785715,0.6169015905858011,0.241969342807271,780.0,0.0920081138610839,0.078702688217163,2026-04-21T08:41:03.925862+00:00
NR-ER,avalon,XGBoost,smoten,pr_auc,"{'colsample_bytree': 0.8, 'learning_rate': 0.05, 'max_depth': 3, 'min_child_weight': 5, 'n_estimators': 100, 'scale_pos_weight': 1, 'subsample': 0.8}",0.14219181806412873,1596,0.9454887218045113,0.9233694337834416,0.546542045087147,0.5696141068234091,0.14219181806412873,0.8741310824230387,0.874125837919718,0.8741258379197181,0.9438517640666279,0.9449308422228238,8056.0,0.8641025641025641,0.8633050200895597,0.6136737440191388,0.6551329182908131,0.2852399422575384,780.0,0.5753159523010254,0.5512661933898926,2026-04-30T00:35:36.789823+00:00
NR-ER,avalon,XGBoost,smoten_enn,pr_auc,"{'colsample_bytree': 0.8, 'learning_rate': 0.05, 'max_depth': 3, 'min_child_weight': 5, 'n_estimators': 100, 'scale_pos_weight': 1, 'subsample': 0.8}",0.12283132585939877,1596,0.9442355889724311,0.9205684756333985,0.526859084322902,0.5318389251944069,0.12283132585939877,0.897472272375548,0.8975087131908263,0.8974113226933574,0.961997265784703,0.9550814570325242,7754.0,0.8782051282051282,0.8694859216933499,0.6095705275803384,0.6390977443609023,0.2665343149593633,780.0,0.5220882892608643,0.5188808441162109,2026-04-30T00:35:58.732923+00:00
NR-ER,erg,XGBoost,none,pr_auc,"{'colsample_bytree': 0.8, 'learning_rate': 0.1, 'max_depth': 7, 'min_child_weight': 10, 'n_estimators': 100, 'scale_pos_weight': 1, 'subsample': 0.8}",0.21250796971740743,1596,0.9442355889724311,0.9194846172583543,0.5172102034226671,0.5724471541747289,0.21250796971740743,0.9193302891933028,0.9047202188974498,0.7502645216107093,0.9250498263469201,0.7482869701637944,4599.0,0.9051282051282051,0.8812672989111345,0.6046575342465754,0.7219061166429588,0.3140935759504094,780.0,0.4023129940032959,0.3729989528656006,2026-04-30T00:36:12.504654+00:00
NR-ER,erg,RandomForest,random_over,pr_auc,"{'max_depth': 5, 'max_features': 'sqrt', 'min_samples_leaf': 10, 'n_estimators': 100}",0.2131190230988873,1596,0.9486215538847118,0.931636086902658,0.6070759475428736,0.5751305173232083,0.2131190230988873,0.7712264150943396,0.7690558636037871,0.7690558636037872,0.8637687564900709,0.8695536369919459,8056.0,0.8371794871794872,0.8557319613390637,0.6519802275865219,0.7152555836766363,0.3485297677694162,780.0,0.2806639671325683,0.2516379356384277,2026-04-21T17:40:25.611453+00:00
NR-ER,erg,XGBoost,random_under,pr_auc,"{'colsample_bytree': 0.8, 'learning_rate': 0.1, 'max_depth': 5, 'min_child_weight': 5, 'n_estimators': 100, 'scale_pos_weight': 1, 'subsample': 0.8}",0.22616778589764053,1596,0.9505012531328321,0.933755248024027,0.618037231706024,0.5694936292942938,0.22616778589764053,0.8768242848803269,0.8717300568846961,0.8511002399662193,0.9437823770630074,0.910577623368297,1713.0,0.8423076923076923,0.8498870121880653,0.6001683677084071,0.7118194749773696,0.2922870253003176,780.0,0.1423501968383789,0.14590191841125488,2026-04-30T00:36:15.922618+00:00
NR-ER,erg,RandomForest,smote,pr_auc,"{'max_depth': 15, 'max_features': 'sqrt', 'min_samples_leaf': 20, 'n_estimators': 100}",0.1983816681896089,1596,0.9442355889724312,0.9262223867077074,0.5773091264019616,0.6064692782300756,0.1983816681896089,0.900819265143992,0.9006878944436192,0.9006878944436192,0.9651865935472548,0.966770367471766,8056.0,0.8602564102564103,0.8614421349738299,0.6140209106055722,0.717897323160481,0.3328475753262785,780.0,0.4240682125091553,0.5876243114471436,2026-04-21T17:40:49.841595+00:00
NR-ER,erg,RandomForest,smoteenn,pr_auc,"{'max_depth': 5, 'max_features': 'sqrt', 'min_samples_leaf': 5, 'n_estimators': 200}",0.2141536784253501,1596,0.9448621553884712,0.92577470774357,0.5706477212976436,0.6204957832864809,0.2141536784253501,0.8516015677794296,0.8506953194129058,0.84890193032614,0.9289175563402666,0.9247923873347582,7399.0,0.8474358974358974,0.8616797440089595,0.6543158380848457,0.7305518094991779,0.3472954005180599,780.0,1.0302848815917969,0.690208911895752,2026-04-21T17:40:53.550506+00:00
NR-ER,erg,LogisticRegression,smoten,pr_auc,"{'C': 1, 'l1_ratio': 0.0}",0.0997788958024035,1596,0.2944862155388471,0.4033199047057419,0.2584132790164865,0.4670986820488481,0.0997788958024035,0.8027557100297915,0.8003130320595402,0.8003130320595402,0.8856972148288693,0.8717106665210793,8056.0,0.6435897435897436,0.7133024204057523,0.4681331187943958,0.582522029890451,0.2016599387600876,780.0,0.0483279228210449,0.0487871170043945,2026-04-21T08:41:10.693518+00:00
NR-ER,erg,LogisticRegression,smoten_enn,pr_auc,"{'C': 0.1, 'l1_ratio': 1.0}",0.0974566096400816,1596,0.2606516290726817,0.3595847444177947,0.2346816862945895,0.4507246905918002,0.0974566096400816,0.7832050384884535,0.78194682728084,0.782930716044905,0.8754790018156511,0.8188156864502797,7145.0,0.6358974358974359,0.7078725401774403,0.4682107567769999,0.5258816574606049,0.1366283500891492,780.0,0.0306119918823242,0.027073860168457,2026-04-21T08:41:15.071269+00:00
NR-ER,estate,RUSBoost,none,pr_auc,"{'learning_rate': 0.005, 'n_estimators': 75, 'sampling_strategy': 'auto'}",0.2449513319908278,1596,0.9473684210526316,0.9291485846643166,0.5901637339659326,0.6540907597386003,0.2449513319908278,0.7999565122852794,0.8226197275849795,0.6523007378217985,0.794971756374381,0.423166062710992,4599.0,0.8166666666666667,0.8407174365376613,0.6286641697877653,0.7298220982431509,0.3020208178392952,780.0,0.4160530567169189,0.3812079429626465,2026-04-29T18:43:43.757393+00:00
NR-ER,estate,DecisionTree,random_over,pr_auc,"{'ccp_alpha': 0.0, 'criterion': 'entropy', 'max_depth': 15, 'min_samples_leaf': 50}",0.252102374262333,1596,0.9354636591478696,0.9270759937501406,0.6229693559965781,0.6516118433061955,0.252102374262333,0.7771847070506455,0.7771496789090467,0.7771496789090466,0.864354958438892,0.8636606109736633,8056.0,0.7615384615384615,0.8039685909039964,0.5996511987284207,0.7557591768118084,0.3622866035889389,780.0,0.0257856845855712,0.0206410884857177,2026-04-22T08:54:55.134670+00:00
NR-ER,estate,XGBoost,random_under,pr_auc,"{'colsample_bytree': 0.8, 'learning_rate': 0.1, 'max_depth': 3, 'min_child_weight': 1, 'n_estimators': 100, 'scale_pos_weight': 1, 'subsample': 0.8}",0.24047637148550943,1596,0.9473684210526315,0.9274099011091406,0.5746430611079383,0.6439158847796722,0.24047637148550943,0.8038528896672504,0.7903820409844506,0.7530429409947483,0.865265411405314,0.792452812469516,1713.0,0.8589743589743589,0.8654391762427418,0.6406071979089873,0.7133989765568713,0.30120565142264805,780.0,0.03136110305786133,0.02804088592529297,2026-04-30T00:37:19.342732+00:00
NR-ER,estate,XGBoost,smote,pr_auc,"{'colsample_bytree': 0.8, 'learning_rate': 0.1, 'max_depth': 5, 'min_child_weight': 5, 'n_estimators': 200, 'scale_pos_weight': 1, 'subsample': 0.8}",0.19763566915382474,1596,0.9448621553884712,0.9209307992202729,0.5274547803617571,0.5911430761929102,0.19763566915382474,0.9498510427010923,0.9498169425116039,0.9498169425116039,0.9874271053469803,0.9899538926676398,8056.0,0.8897435897435897,0.8706695353449497,0.5863752959747435,0.7047625205519943,0.2875349038291243,780.0,0.2854180335998535,0.28652286529541016,2026-04-30T00:37:20.004729+00:00
NR-ER,estate,XGBoost,smoteenn,pr_auc,"{'colsample_bytree': 0.8, 'learning_rate': 0.1, 'max_depth': 3, 'min_child_weight': 5, 'n_estimators': 200, 'scale_pos_weight': 1, 'subsample': 0.8}",0.19228353706005621,1596,0.9454887218045113,0.9223534537090524,0.5374914644504771,0.6003650834215619,0.19228353706005621,0.9458535944276515,0.9457457954964091,0.9454810365828632,0.9822695335388942,0.9849784499740709,7609.0,0.8897435897435897,0.8731350923728419,0.5995319514757856,0.7097688939794202,0.29904830492174433,780.0,0.20006728172302246,0.20407605171203613,2026-04-30T00:37:20.275341+00:00
NR-ER,estate,XGBoost,smoten,pr_auc,"{'colsample_bytree': 0.8, 'learning_rate': 0.05, 'max_depth': 3, 'min_child_weight': 10, 'n_estimators': 200, 'scale_pos_weight': 1, 'subsample': 0.8}",0.13696237730220762,1596,0.9285714285714286,0.9156268568033274,0.549554367201426,0.5369354897594101,0.13696237730220762,0.8485600794438928,0.8484343787257898,0.8484343787257898,0.9215986172758911,0.9237935970728631,8056.0,0.8128205128205128,0.8317516276381235,0.5848583385584509,0.6472354103933051,0.29376178495523764,780.0,0.17813682556152344,0.16058897972106934,2026-04-30T00:37:22.298999+00:00
NR-ER,estate,XGBoost,smoten_enn,pr_auc,"{'colsample_bytree': 0.8, 'learning_rate': 0.1, 'max_depth': 3, 'min_child_weight': 1, 'n_estimators': 100, 'scale_pos_weight': 1, 'subsample': 0.8}",0.12441979873295286,1596,0.8972431077694235,0.898279652730005,0.5318610091644668,0.5171808258186996,0.12441979873295286,0.8860964734495338,0.8863163048606041,0.8858110782842847,0.9570896549531283,0.9444450322805326,7401.0,0.8333333333333334,0.8409735719232403,0.5752630520742578,0.6304889989100515,0.24980892344340122,780.0,0.09610104560852051,0.08646297454833984,2026-04-30T00:37:25.951853+00:00
NR-ER,fcfp,DecisionTree,none,pr_auc,"{'ccp_alpha': 0.0, 'criterion': 'gini', 'max_depth': 5, 'min_samples_leaf': 50}",0.2532136549739922,1596,0.9473684210526316,0.9274099011091406,0.5746430611079383,0.6117301303347815,0.2532136549739922,0.8186562296151337,0.8295852678960417,0.6348343125501732,0.7094984843399182,0.3192109060062184,4599.0,0.8461538461538461,0.8502932527672201,0.5911663987700049,0.6487687277160962,0.2108561033129126,780.0,0.160489797592163,0.1610240936279297,2026-04-22T08:54:59.338441+00:00
NR-ER,fcfp,DecisionTree,random_over,pr_auc,"{'ccp_alpha': 0.01, 'criterion': 'entropy', 'max_depth': 5, 'min_samples_leaf': 10}",0.2271937580467526,1596,0.9461152882205514,0.924737069063344,0.5560931435963777,0.6185681428206345,0.2271937580467526,0.6319513406156901,0.5902142587734464,0.5902142587734464,0.6709355884183111,0.6400607378176506,8056.0,0.8807692307692307,0.8702573603407302,0.6070401248110769,0.6473185420553842,0.1829591074312763,780.0,1.0111467838287354,0.9297280311584472,2026-04-22T08:54:59.673324+00:00
NR-ER,fcfp,XGBoost,random_under,pr_auc,"{'colsample_bytree': 0.8, 'learning_rate': 0.05, 'max_depth': 5, 'min_child_weight': 5, 'n_estimators': 200, 'scale_pos_weight': 1, 'subsample': 0.8}",0.23145307629652923,1596,0.9486215538847118,0.9282376705022582,0.5767399741267788,0.6107955167755832,0.23145307629652923,0.814944541739638,0.8017992303977809,0.7662258997048879,0.8705615244708489,0.8099613969668822,1713.0,0.8641025641025641,0.8656289225620561,0.6267538236515646,0.7031737821211506,0.3076471615567371,780.0,0.9409370422363281,0.9623832702636719,2026-04-30T00:37:30.642743+00:00
NR-ER,fcfp,LogisticRegression,smote,pr_auc,"{'C': 0.01, 'l1_ratio': 1.0}",0.1502913954079101,1596,0.8972431077694235,0.8997478070175439,0.5455833333333333,0.490091635938812,0.1502913954079101,0.7694885799404171,0.7694726346226985,0.7694726346226985,0.833457012432338,0.8349019281306143,8056.0,0.7974358974358975,0.8202431149097816,0.5652910052910053,0.5769429716798138,0.2449317490428913,780.0,0.1414637565612793,0.1073887348175048,2026-04-21T08:41:22.326588+00:00
NR-ER,fcfp,LogisticRegression,smoteenn,pr_auc,"{'C': 0.01, 'l1_ratio': 1.0}",0.1537247093310174,1596,0.8834586466165414,0.8919651559454191,0.5381944444444444,0.4964477383082035,0.1537247093310174,0.7770585189021233,0.7771040351528705,0.7770519268933944,0.8525832229050327,0.8411333280723173,7724.0,0.7935897435897435,0.8181905198919119,0.5657300942335957,0.5757883652620495,0.2487283504425457,780.0,0.1138391494750976,0.1070098876953125,2026-04-21T08:41:22.969655+00:00
NR-ER,fcfp,LogisticRegression,smoten,pr_auc,"{'C': 0.01, 'l1_ratio': 1.0}",0.1635219485664054,1596,0.9398496240601504,0.924163816464178,0.5776055048906631,0.5257274287174619,0.1635219485664054,0.8218718967229395,0.821536961963625,0.821536961963625,0.8906011321938092,0.8846892029603495,8056.0,0.7974358974358975,0.8196849871036261,0.5617603550295858,0.5956937799043062,0.2478304689118631,780.0,0.1408438682556152,0.093945026397705,2026-04-21T08:41:23.588113+00:00
NR-ER,fcfp,LogisticRegression,smoten_enn,pr_auc,"{'C': 0.01, 'l1_ratio': 1.0}",0.1614180803838231,1596,0.9398496240601504,0.924163816464178,0.5776055048906631,0.5282684093315323,0.1614180803838231,0.8286232823437905,0.8286565529160398,0.8286191235222593,0.9182055306290584,0.8968121427478576,7714.0,0.8102564102564103,0.8263977920227921,0.5604897660818714,0.5956198850935693,0.23475665955681,780.0,0.1047360897064209,0.0973999500274658,2026-04-21T08:41:24.667741+00:00
NR-ER,klekota_roth,XGBoost,none,pr_auc,"{'colsample_bytree': 0.8, 'learning_rate': 0.05, 'max_depth': 3, 'min_child_weight': 1, 'n_estimators': 200, 'scale_pos_weight': 1, 'subsample': 0.8}",0.17122194589249762,1596,0.9442355889724311,0.9183533655360648,0.5071459055470547,0.5518381950275639,0.17122194589249762,0.9049793433355077,0.8822606065740594,0.6824166549599964,0.8649079908242999,0.6358530266663197,4599.0,0.9102564102564102,0.8834513381696338,0.6037850860642652,0.6878960300012932,0.3309977039832238,780.0,6.1178810596466064,5.834819793701172,2026-04-30T00:39:38.015477+00:00
NR-ER,klekota_roth,XGBoost,random_over,pr_auc,"{'colsample_bytree': 0.8, 'learning_rate': 0.05, 'max_depth': 5, 'min_child_weight': 10, 'n_estimators': 100, 'scale_pos_weight': 1, 'subsample': 0.8}",0.16954241092832822,1596,0.9423558897243107,0.9232990243298114,0.5591583801700533,0.5561425285677777,0.16954241092832822,0.7866186693147964,0.7852761509567333,0.7852761509567332,0.88555884626877,0.8888134404601623,8056.0,0.8371794871794872,0.8523809032700661,0.6310765666955916,0.6781419149840202,0.3347136494456316,780.0,5.938827753067017,5.827721834182739,2026-04-30T00:39:41.306358+00:00
NR-ER,klekota_roth,XGBoost,random_under,pr_auc,"{'colsample_bytree': 0.8, 'learning_rate': 0.1, 'max_depth': 3, 'min_child_weight': 1, 'n_estimators': 200, 'scale_pos_weight': 1, 'subsample': 0.8}",0.1834643901739006,1596,0.9461152882205514,0.9247370690633441,0.5560931435963777,0.5795151692161659,0.1834643901739006,0.8458844133099825,0.8360090022505626,0.8072393098274568,0.9199625200511592,0.8774427804817955,1713.0,0.8794871794871795,0.8731789195740765,0.6263682504739192,0.6817812344128134,0.31934502264424797,780.0,2.1414051055908203,1.985771894454956,2026-04-30T00:40:25.325639+00:00
NR-ER,klekota_roth,RandomForest,smote,pr_auc,"{'max_depth': 10, 'max_features': 'log2', 'min_samples_leaf': 20, 'n_estimators': 200}",0.096296003531472,1596,0.43796992481203,0.5630971528804346,0.3465366871659621,0.4842466503596072,0.096296003531472,0.7281529294935452,0.7241033763192266,0.7241033763192266,0.8193256686807047,0.8194753344168773,8056.0,0.6153846153846154,0.6927922734374347,0.4705115672857608,0.5791782897046055,0.1667098660706807,780.0,0.6784770488739014,0.4392659664154053,2026-04-21T17:43:48.329256+00:00
NR-ER,klekota_roth,RandomForest,smoteenn,pr_auc,"{'max_depth': 15, 'max_features': 'log2', 'min_samples_leaf': 20, 'n_estimators': 200}",0.0950431747416673,1596,0.4010025062656641,0.5248344457500127,0.3267593751268579,0.4991128472856048,0.0950431747416673,0.7403059878659984,0.7372916297487969,0.7386085014055283,0.8397610577952085,0.8198721519768654,7582.0,0.6256410256410256,0.7006930614158131,0.4748152999013088,0.5832332674437937,0.1634165081653497,780.0,0.497370958328247,0.3943188190460205,2026-04-21T17:44:17.347880+00:00
NR-ER,klekota_roth,XGBoost,smoten,pr_auc,"{'colsample_bytree': 0.8, 'learning_rate': 0.1, 'max_depth': 7, 'min_child_weight': 10, 'n_estimators': 200, 'scale_pos_weight': 1, 'subsample': 0.8}",0.09576757745263709,1596,0.8834586466165414,0.8883524486349562,0.5039171122994652,0.530250812310613,0.09576757745263709,0.9282522343594836,0.928251792145844,0.928251792145844,0.9761076942534334,0.9797085825170391,8056.0,0.8525641025641025,0.8521346796149255,0.5833159134300486,0.625445678077257,0.2548866795831813,780.0,12.705436944961548,12.723163843154907,2026-04-30T00:41:52.745107+00:00
NR-ER,klekota_roth,XGBoost,smoten_enn,pr_auc,"{'colsample_bytree': 0.8, 'learning_rate': 0.1, 'max_depth': 7, 'min_child_weight': 10, 'n_estimators': 100, 'scale_pos_weight': 1, 'subsample': 0.8}",0.09259538537166397,1596,0.8903508771929824,0.8932745027059439,0.5174557322216213,0.48162170055857767,0.09259538537166397,0.948561803576056,0.9485831665229062,0.9485156835693043,0.9889435873008184,0.9872613707975754,7718.0,0.8551282051282051,0.8510929069306066,0.5704154989642988,0.6419242208715893,0.23400372701856842,780.0,6.661981105804443,6.500440835952759,2026-04-30T00:45:14.136204+00:00
NR-ER,maccs,RUSBoost,none,pr_auc,"{'learning_rate': 0.15, 'n_estimators': 50, 'sampling_strategy': 'auto'}",0.2052867899545865,1596,0.9473684210526316,0.9282962912462503,0.5825528098844162,0.5994085648570698,0.2052867899545865,0.7695151119808654,0.8025147804821335,0.6413850431814504,0.7928258756132641,0.3389224273133425,4599.0,0.7923076923076923,0.8227534965034965,0.6011363636363637,0.6822523138312613,0.2064280431316482,780.0,0.0629549026489257,0.0513341426849365,2026-04-29T18:44:10.572275+00:00
NR-ER,maccs,DecisionTree,random_over,pr_auc,"{'ccp_alpha': 0.001, 'criterion': 'gini', 'max_depth': 10, 'min_samples_leaf': 50}",0.2297232042421196,1596,0.9486215538847118,0.93083552312469,0.599921740300077,0.5972764776751488,0.2297232042421196,0.7738331678252235,0.7735020925780943,0.7735020925780942,0.8446313984827163,0.8255823246930957,8056.0,0.7512820512820513,0.7921972494232813,0.5550406379750409,0.690149821728769,0.2761152159145516,780.0,0.0617091655731201,0.0522549152374267,2026-04-22T08:58:33.121586+00:00
NR-ER,maccs,DecisionTree,random_under,pr_auc,"{'ccp_alpha': 0.01, 'criterion': 'gini', 'max_depth': 5, 'min_samples_leaf': 10}",0.1911100595311121,1596,0.9461152882205514,0.924737069063344,0.5560931435963777,0.5917491146727027,0.1911100595311121,0.7332165791009924,0.7287043283577168,0.6902491765008458,0.6881695860336583,0.5015492620817487,1713.0,0.8192307692307692,0.8309438801375868,0.5593732346684082,0.6139365613049823,0.1367415575626719,780.0,0.0123603343963623,0.0097818374633789,2026-04-22T08:58:37.225134+00:00
NR-ER,maccs,LogisticRegression,smote,pr_auc,"{'C': 0.01, 'l1_ratio': 0.0}",0.1616605079932088,1596,0.9348370927318296,0.9194501980909447,0.556832381054093,0.5270672848745939,0.1616605079932088,0.7778053624627607,0.777803390398801,0.7778033903988009,0.8609121391076762,0.862015228354861,8056.0,0.8012820512820513,0.8239248347051563,0.57525145886544,0.6475032790822264,0.2412414309504679,780.0,0.0452070236206054,0.0339269638061523,2026-04-21T08:41:51.382823+00:00
NR-ER,maccs,LogisticRegression,smoteenn,pr_auc,"{'C': 0.01, 'l1_ratio': 0.0}",0.1601388534514944,1596,0.9360902255639098,0.9202251233552632,0.5583984375,0.5220583403307656,0.1601388534514944,0.7939738337518171,0.7941308174596741,0.7934747060652976,0.8770432698715659,0.8633172909419534,7567.0,0.8115384615384615,0.8308812347411693,0.5837674383147409,0.6454711717869612,0.2482976040744826,780.0,0.038337230682373,0.0332958698272705,2026-04-21T08:41:52.673465+00:00
NR-ER,maccs,DecisionTree,smoten,pr_auc,"{'ccp_alpha': 0.01, 'criterion': 'gini', 'max_depth': 5, 'min_samples_leaf': 10}",0.2554262416401185,1596,0.9486215538847118,0.929138236797018,0.584770607272035,0.6138403125114089,0.2554262416401185,0.7271598808341608,0.726505693972714,0.726505693972714,0.795548464620546,0.754342181574204,8056.0,0.75,0.7913010720850397,0.5541040892847197,0.645129408287303,0.1938538357555982,780.0,0.0392782688140869,0.0330889225006103,2026-04-22T08:58:41.999185+00:00
NR-ER,maccs,DecisionTree,smoten_enn,pr_auc,"{'ccp_alpha': 0.01, 'criterion': 'gini', 'max_depth': 5, 'min_samples_leaf': 10}",0.2554262416401185,1596,0.9486215538847118,0.929138236797018,0.584770607272035,0.6138403125114089,0.2554262416401185,0.7325081433224756,0.7321212566756294,0.7323947331365727,0.8082216301082987,0.7483255469541051,7675.0,0.75,0.7913010720850397,0.5541040892847197,0.645129408287303,0.1938538357555982,780.0,0.037139892578125,0.0305900573730468,2026-04-22T08:58:42.711476+00:00
NR-ER,map4,BalancedRandomForest,none,pr_auc,"{'max_depth': 10, 'max_features': 'sqrt', 'min_samples_leaf': 20, 'n_estimators': 100}",0.3042711868894971,1596,0.949248120300752,0.9328540822845428,0.6153038116692011,0.6909057719688949,0.3042711868894971,0.8460534898891063,0.8638646026835684,0.7345095250985776,0.8868581053466367,0.7004886629207798,4599.0,0.7730769230769231,0.8081436112342346,0.5770725924292134,0.7055107055107055,0.3139864742922147,780.0,1.2465031147003174,1.1720659732818604,2026-04-21T22:55:55.582806+00:00
NR-ER,map4,RandomForest,random_over,pr_auc,"{'max_depth': 15, 'max_features': 'sqrt', 'min_samples_leaf': 10, 'n_estimators': 200}",0.2803769502416706,1596,0.9442355889724312,0.9183533655360648,0.5071459055470547,0.6745865430250813,0.2803769502416706,0.9698361469712016,0.969826371794333,0.969826371794333,0.9938087311362668,0.9952344942909148,8056.0,0.9076923076923076,0.883086544098856,0.6080292582149138,0.7052151262677578,0.3425978328115896,780.0,1.151360034942627,2.052327871322632,2026-04-21T17:46:10.926925+00:00
NR-ER,map4,RandomForest,random_under,pr_auc,"{'max_depth': 15, 'max_features': 'log2', 'min_samples_leaf': 5, 'n_estimators': 200}",0.2932756915300225,1596,0.9448621553884712,0.9209307992202728,0.5274547803617571,0.6778649921507065,0.2932756915300225,0.957968476357268,0.9576318437094096,0.9519783954174365,0.9850463592002232,0.978481238426583,1713.0,0.903846153846154,0.8888393838747382,0.6479614863848353,0.7092608671556041,0.3440802940750568,780.0,0.5270998477935791,0.3589680194854736,2026-04-21T17:46:30.021492+00:00
NR-ER,map4,LogisticRegression,smote,pr_auc,"{'C': 0.001, 'l1_ratio': 0.0}",0.0826349804311913,1596,0.6697994987468672,0.7580134007182641,0.4484986181188712,0.4507758022708188,0.0826349804311913,0.8635799404170804,0.863576743151501,0.863576743151501,0.911514322779274,0.9170902622398136,8056.0,0.7833333333333333,0.8097030400563655,0.5476802399195693,0.540743751270067,0.2362313794207017,780.0,0.1636338233947754,0.1534690856933593,2026-04-21T08:41:59.463088+00:00
NR-ER,map4,LogisticRegression,smoteenn,pr_auc,"{'C': 0.001, 'l1_ratio': 0.0}",0.0819028576280822,1596,0.6729323308270677,0.7602321270250664,0.4500765696784073,0.4477821182140118,0.0819028576280822,0.8751906456532791,0.8752016820330881,0.8751440476051964,0.9241313087036578,0.92394136372943,7868.0,0.791025641025641,0.8142685330304638,0.5497221622119358,0.5371044318412739,0.2279151752495367,780.0,0.1610169410705566,0.1447880268096923,2026-04-21T08:42:01.063089+00:00
NR-ER,map4,LogisticRegression,smoten,pr_auc,"{'C': 0.001, 'l1_ratio': 0.0}",0.0972896455374736,1596,0.8671679197994987,0.8811515267837491,0.514988188344304,0.4947902595743128,0.0972896455374736,0.8546425024826216,0.8545858574305474,0.8545858574305474,0.9117228309480114,0.9302479645173892,8056.0,0.8166666666666667,0.8313018342923523,0.5695414076158059,0.5680478838373575,0.2429924484921547,780.0,0.1839520931243896,0.1558320522308349,2026-04-21T08:42:09.791763+00:00
NR-ER,map4,LogisticRegression,smoten_enn,pr_auc,"{'C': 0.001, 'l1_ratio': 0.0}",0.0941294830564019,1596,0.8696741854636592,0.8822174186015489,0.5127146757478789,0.4831221934211967,0.0941294830564019,0.8763124199743918,0.876286509586929,0.876141646966115,0.9291257797742614,0.9413039866780988,7810.0,0.8243589743589743,0.835034609819702,0.5677166978830821,0.5628567733830891,0.2336764301691869,780.0,0.1610801219940185,0.1457540988922119,2026-04-21T08:42:03.713285+00:00
NR-ER,mhfp,BernoulliNB,none,pr_auc,{'alpha': 0.1},0.2415451214425419,1596,0.9473684210526316,0.9282962912462503,0.5825528098844162,0.6215253185352853,0.2415451214425419,0.8064796694933681,0.8284628457802254,0.6639696846900394,0.8003359147960772,0.4750062163724111,4599.0,0.8115384615384615,0.8278915436251003,0.565403610644693,0.6486671223513328,0.2359705878973185,780.0,0.0336613655090332,0.0093348026275634,2026-04-21T14:15:50.810169+00:00
NR-ER,mhfp,BernoulliNB,random_over,pr_auc,{'alpha': 10.0},0.2422163154867185,1596,0.9486215538847118,0.93083552312469,0.599921740300077,0.622540250447227,0.2422163154867185,0.7368421052631579,0.7358080548075401,0.7358080548075401,0.8051234765282547,0.8210503340225291,8056.0,0.7961538461538461,0.8214646446787661,0.5777021850387668,0.6559827086142875,0.2418308115196625,780.0,0.2958319187164306,0.2600388526916504,2026-04-21T14:15:52.154356+00:00
NR-ER,mhfp,BernoulliNB,random_under,pr_auc,{'alpha': 0.1},0.2361214447482549,1596,0.9479949874686716,0.929575071465512,0.5913184321347587,0.6284911102186849,0.2361214447482549,0.7740805604203153,0.7742279587019406,0.746173152432569,0.8196476823466987,0.7316386211553052,1713.0,0.7923076923076923,0.8167943359080825,0.5613170210106789,0.6443073285178549,0.2340628913860058,780.0,0.0686800479888916,0.0408399105072021,2026-04-21T14:15:54.169822+00:00
NR-ER,mhfp,LogisticRegression,smote,pr_auc,"{'C': 0.001, 'l1_ratio': 0.0}",0.164072547247335,1596,0.9392230576441104,0.9156484387903108,0.5041112652190486,0.5864846117337812,0.164072547247335,0.945009930486594,0.9449191783203188,0.9449191783203186,0.9827302169323178,0.9868320839497996,8056.0,0.9064102564102564,0.8821747193410439,0.6063302428805509,0.6803495224547856,0.2997304288608359,780.0,1.4018959999084473,1.0854442119598389,2026-04-21T08:42:26.801592+00:00
NR-ER,mhfp,LogisticRegression,smoteenn,pr_auc,"{'C': 0.001, 'l1_ratio': 0.0}",0.1639144654156431,1596,0.9392230576441104,0.9156484387903108,0.5041112652190486,0.5859588916067322,0.1639144654156431,0.9495407071851012,0.9494395457109884,0.9494033929218793,0.9850049399039588,0.9881359183011024,7947.0,0.9076923076923076,0.883086544098856,0.6080292582149138,0.6782435203487833,0.2951587539013975,780.0,0.9507920742034912,1.038221836090088,2026-04-21T08:42:39.376458+00:00
NR-ER,mhfp,LogisticRegression,smoten,pr_auc,"{'C': 0.001, 'l1_ratio': 0.0}",0.1595637496536828,1596,0.943609022556391,0.9168450579464088,0.4963534361851332,0.584440144573035,0.1595637496536828,0.9481132075471698,0.948051345401239,0.948051345401239,0.9803253467041534,0.985413391710304,8056.0,0.9064102564102564,0.8807354157869622,0.5987626047311343,0.6731447784079363,0.2987483469950026,780.0,1.2862930297851562,1.4905190467834473,2026-04-21T08:42:40.591263+00:00
NR-ER,mhfp,LogisticRegression,smoten_enn,pr_auc,"{'C': 0.001, 'l1_ratio': 0.0}",0.1600059549312288,1596,0.943609022556391,0.9168450579464088,0.4963534361851332,0.5854915848271329,0.1600059549312288,0.9579927053200856,0.9579507558692768,0.957929164240184,0.9861634819328682,0.9893152818259366,7951.0,0.903846153846154,0.8759240579790247,0.5796658882701635,0.6742532005689899,0.2995110503543218,780.0,1.5741088390350342,1.3977720737457275,2026-04-21T08:42:45.959452+00:00
NR-ER,morgan_2048,BalancedRandomForest,none,pr_auc,"{'max_depth': 15, 'max_features': 'sqrt', 'min_samples_leaf': 20, 'n_estimators': 100}",0.2707928321279917,1596,0.949248120300752,0.9304340008135416,0.5936850773336015,0.6223467562337994,0.2707928321279917,0.7953903022396173,0.8199739377458053,0.6523494250339865,0.7917408699523649,0.4980370468155659,4599.0,0.8115384615384615,0.8330125851719871,0.5971739642143206,0.6886996360680571,0.271405487223444,780.0,1.7801971435546875,1.8648157119750977,2026-04-21T22:58:58.858555+00:00
NR-ER,morgan_2048,RandomForest,random_over,pr_auc,"{'max_depth': 5, 'max_features': 'sqrt', 'min_samples_leaf': 10, 'n_estimators': 100}",0.2735899584026459,1596,0.9479949874686716,0.9268926782071916,0.5673906866923356,0.5727684275857033,0.2735899584026459,0.7010923535253227,0.6850530210631515,0.6850530210631514,0.8310944231984846,0.8381962068440831,8056.0,0.8615384615384616,0.8630936192141704,0.6197114429657451,0.6938907465223255,0.2834422429896122,780.0,0.5418627262115479,0.8431441783905029,2026-04-21T17:49:08.179194+00:00
NR-ER,morgan_2048,XGBoost,random_under,pr_auc,"{'colsample_bytree': 0.8, 'learning_rate': 0.1, 'max_depth': 3, 'min_child_weight': 5, 'n_estimators': 100, 'scale_pos_weight': 1, 'subsample': 0.8}",0.2760251904838994,1596,0.9467418546365914,0.9269986428290251,0.5736201428809399,0.6491584827133,0.2760251904838994,0.7980151780502043,0.7781123313176682,0.7350648863014629,0.8518514542649545,0.7891683748245795,1713.0,0.8730769230769231,0.8711722226755119,0.6327037324188186,0.7076259444680497,0.29071126239779305,780.0,0.46283698081970215,0.42400217056274414,2026-04-30T00:56:05.105354+00:00
NR-ER,morgan_2048,LogisticRegression,smote,pr_auc,"{'C': 0.1, 'l1_ratio': 0.0}",0.1171514353423087,1596,0.7600250626566416,0.8190671411215593,0.4942208417075759,0.4774524478843415,0.1171514353423087,0.9242800397219464,0.9242749570920804,0.9242749570920804,0.9695926306322477,0.973481722159968,8056.0,0.8525641025641025,0.8529872339423482,0.5881069911606016,0.6045334466387098,0.1993376991928176,780.0,0.1786470413208007,0.1671009063720703,2026-04-21T08:43:00.102295+00:00
NR-ER,morgan_2048,LogisticRegression,smoteenn,pr_auc,"{'C': 0.01, 'l1_ratio': 1.0}",0.1127609765534827,1596,0.856516290726817,0.875619362474289,0.5154627831286168,0.4931948450220875,0.1127609765534827,0.799642674834099,0.799641226064351,0.7996426617821193,0.8828103485684244,0.8726655824559165,7836.0,0.7807692307692308,0.806898005599484,0.5387568081611481,0.6057988952725795,0.1641156280403587,780.0,0.1390438079833984,0.1234002113342285,2026-04-21T08:43:02.141540+00:00
NR-ER,morgan_2048,LogisticRegression,smoten,pr_auc,"{'C': 1, 'l1_ratio': 0.0}",0.125127326585929,1596,0.843358395989975,0.8687405448157464,0.5168742856035802,0.522350407068015,0.125127326585929,0.961643495531281,0.9616392249567132,0.9616392249567132,0.99324068043063,0.9937981739538732,8056.0,0.8435897435897436,0.8477981403133406,0.5843525054161716,0.6598252387726071,0.2126575409471298,780.0,0.2133040428161621,0.1749382019042968,2026-04-21T08:43:13.855031+00:00
NR-ER,morgan_2048,LogisticRegression,smoten_enn,pr_auc,"{'C': 0.01, 'l1_ratio': 1.0}",0.117923320079377,1596,0.943609022556391,0.9231745977638396,0.5527351534475887,0.5062100690007667,0.117923320079377,0.8330119552641728,0.8330056634897596,0.8330117786529612,0.9308472391473496,0.9180691153296452,7779.0,0.7974358974358975,0.8160205386011837,0.5390208869471542,0.5934307513254881,0.1577760469174763,780.0,0.1738638877868652,0.1360623836517334,2026-04-21T08:43:15.798245+00:00
NR-ER,morgan_4096,BalancedRandomForest,none,pr_auc,"{'max_depth': 15, 'max_features': 'sqrt', 'min_samples_leaf': 20, 'n_estimators': 200}",0.2521396979378613,1596,0.9473684210526316,0.9282962912462503,0.5825528098844162,0.6303457340002191,0.2521396979378613,0.8106110023918243,0.8306444268271095,0.6629554479583908,0.7962450238870812,0.500143607169734,4599.0,0.8217948717948718,0.8406081753125222,0.6096840968409684,0.706434390644917,0.2951859059085182,780.0,8.142486095428467,6.67639422416687,2026-04-21T23:00:37.018787+00:00
NR-ER,morgan_4096,RandomForest,random_over,pr_auc,"{'max_depth': 15, 'max_features': 'sqrt', 'min_samples_leaf': 10, 'n_estimators': 100}",0.2541521578188452,1596,0.9479949874686716,0.9287163218212836,0.5836526101072707,0.5633529261436238,0.2541521578188452,0.8115690168818273,0.8093143241351867,0.8093143241351868,0.9075383684614844,0.9114691998289948,8056.0,0.8756410256410256,0.8737748040356025,0.6401238590366203,0.7214073266704847,0.3249811644145023,780.0,3.3412890434265137,3.292196989059448,2026-04-21T17:50:55.483378+00:00
NR-ER,morgan_4096,BernoulliNB,random_under,pr_auc,{'alpha': 10.0},0.2554263961658523,1596,0.9454887218045112,0.9212939517019866,0.5280594123345173,0.6523237559782411,0.2554263961658523,0.7145359019264448,0.6455079254201099,0.5577240176581559,0.7834758511966287,0.6499946596863281,1713.0,0.8948717948717949,0.8634715675701424,0.5358625293895678,0.6782619940514677,0.1917378541158584,780.0,0.1924080848693847,0.101741075515747,2026-04-21T14:16:38.354545+00:00
NR-ER,morgan_4096,LogisticRegression,smote,pr_auc,"{'C': 0.001, 'l1_ratio': 0.0}",0.0931277774115695,1596,0.8953634085213033,0.8966752413613425,0.5256889141982614,0.4710780913438721,0.0931277774115695,0.8474428997020854,0.8473788755814516,0.8473788755814515,0.914342403572214,0.9170498653960572,8056.0,0.8384615384615385,0.8384615384615385,0.5461011250484935,0.6133269291164029,0.1692211869997405,780.0,0.4035072326660156,0.2453260421752929,2026-04-21T08:43:20.783452+00:00
NR-ER,morgan_4096,LogisticRegression,smoteenn,pr_auc,"{'C': 0.001, 'l1_ratio': 0.0}",0.0912257348286849,1596,0.8984962406015038,0.8984962406015038,0.5280347559417327,0.4687342557774451,0.0912257348286849,0.8614993646759848,0.861446993933204,0.8613337269778877,0.9312369697903328,0.9257505190882565,7870.0,0.8384615384615385,0.8375135144460802,0.5407819976076556,0.6083759767970294,0.1660194912307848,780.0,0.2893390655517578,0.2423319816589355,2026-04-21T08:43:22.026433+00:00
NR-ER,morgan_4096,DecisionTree,smoten,pr_auc,"{'ccp_alpha': 0.0, 'criterion': 'entropy', 'max_depth': 5, 'min_samples_leaf': 20}",0.0943920476670959,1596,0.8859649122807017,0.8907534712449574,0.5145855614973263,0.4972983826804426,0.0943920476670959,0.8226166832174776,0.8223310704513712,0.8223310704513712,0.8638271548021841,0.8230711962305067,8056.0,0.8243589743589743,0.835034609819702,0.5677166978830821,0.6049491049491048,0.1616151502819073,780.0,2.217933177947998,2.1774158477783203,2026-04-22T09:06:41.790260+00:00
NR-ER,morgan_4096,LogisticRegression,smoten_enn,pr_auc,"{'C': 0.001, 'l1_ratio': 0.0}",0.0902724301581835,1596,0.8966165413533834,0.8968818307803078,0.5217625811091315,0.4480413274433208,0.0902724301581835,0.9211841599384852,0.9212035978270232,0.9211518316607064,0.969431233024458,0.967975735599268,7803.0,0.8602564102564103,0.8502522680481595,0.5520335526974409,0.5961463856200698,0.1683547012999808,780.0,0.2966399192810058,0.2616341114044189,2026-04-21T08:43:40.549106+00:00
NR-ER,pubchem,BalancedRandomForest,none,pr_auc,"{'max_depth': 10, 'max_features': 'sqrt', 'min_samples_leaf': 5, 'n_estimators': 200}",0.2829751845574258,1596,0.9473684210526316,0.9291485846643166,0.5901637339659326,0.6413566499945238,0.2829751845574258,0.8356164383561644,0.8540373394963517,0.713150049138768,0.8873715862865371,0.6191126802186069,4599.0,0.85,0.8584984742086106,0.6271921761829479,0.6877482403798193,0.2702768111649027,780.0,1.8225021362304688,1.9158072471618652,2026-04-21T23:03:23.030726+00:00
NR-ER,pubchem,RandomForest,random_over,pr_auc,"{'max_depth': 10, 'max_features': 'sqrt', 'min_samples_leaf': 20, 'n_estimators': 100}",0.2856161481297318,1596,0.9473684210526316,0.9291485846643166,0.5901637339659326,0.631933846884013,0.2856161481297318,0.8007696127110229,0.8000508676550699,0.8000508676550699,0.8957062232692897,0.8960869935079591,8056.0,0.8474358974358974,0.8573214307544171,0.6281235101102167,0.7073118915224179,0.2946767686879936,780.0,0.3757312297821045,0.3219938278198242,2026-04-21T17:52:54.946560+00:00
NR-ER,pubchem,RandomForest,random_under,pr_auc,"{'max_depth': 10, 'max_features': 'sqrt', 'min_samples_leaf': 5, 'n_estimators': 100}",0.2793448156108393,1596,0.9473684210526316,0.9291485846643166,0.5901637339659326,0.6456609835347377,0.2793448156108393,0.8231173380035026,0.8231559754110893,0.8010940156790519,0.901102161998031,0.8321557263315958,1713.0,0.8474358974358974,0.8579177888831805,0.6316535114349322,0.683129814708762,0.2560794695726687,780.0,0.1578619480133056,0.1714539527893066,2026-04-21T17:53:16.719176+00:00
NR-ER,pubchem,RandomForest,smote,pr_auc,"{'max_depth': 15, 'max_features': 'log2', 'min_samples_leaf': 10, 'n_estimators': 200}",0.1669283655815323,1596,0.9473684210526316,0.9264873697828012,0.5664165588615783,0.4881566938045343,0.1669283655815323,0.8178997020854022,0.8178899342336556,0.8178899342336556,0.9097008933986424,0.911574206694052,8056.0,0.8256410256410256,0.8336338906273896,0.5556598083238389,0.6123570597254807,0.2247424913310675,780.0,0.6196260452270508,0.6373300552368164,2026-04-21T17:53:20.627278+00:00
NR-ER,pubchem,RandomForest,smoteenn,pr_auc,"{'max_depth': 10, 'max_features': 'sqrt', 'min_samples_leaf': 20, 'n_estimators': 100}",0.163007080333566,1596,0.9442355889724312,0.925369836381499,0.5696875142004574,0.5145193676755138,0.163007080333566,0.845203679369251,0.8453344396735365,0.8451030146905552,0.9317681034544896,0.923328308110528,7610.0,0.8282051282051283,0.8360804510593399,0.5621942229073118,0.6207810681494892,0.2425794995327405,780.0,0.4820737838745117,0.3365809917449951,2026-04-21T17:53:29.237062+00:00
NR-ER,pubchem,RandomForest,smoten,pr_auc,"{'max_depth': 5, 'max_features': 'sqrt', 'min_samples_leaf': 5, 'n_estimators': 100}",0.1823716159116663,1596,0.9467418546365914,0.9269986428290252,0.5736201428809399,0.5403380672483662,0.1823716159116663,0.8191410129096326,0.8190305866361823,0.8190305866361823,0.8933568853674724,0.8928137206985097,8056.0,0.8217948717948718,0.8340384256702695,0.5697465385668535,0.6586983429088692,0.245046783488843,780.0,0.4194967746734619,0.449380874633789,2026-04-21T17:53:42.094585+00:00
NR-ER,pubchem,RandomForest,smoten_enn,pr_auc,"{'max_depth': 10, 'max_features': 'sqrt', 'min_samples_leaf': 20, 'n_estimators': 100}",0.1686063708208193,1596,0.9467418546365914,0.9260836834760456,0.5654583251919498,0.5446460516227958,0.1686063708208193,0.8781120331950207,0.8781513439310834,0.8781019903062457,0.957884251067716,0.9511134072475316,7712.0,0.8512820512820513,0.8521294470012419,0.586894586894587,0.6569710517078938,0.2431054910903911,780.0,0.5748469829559326,0.5000789165496826,2026-04-21T17:53:54.052687+00:00
NR-ER,rdkit,BernoulliNB,none,pr_auc,{'alpha': 50.0},0.2522671225620847,1596,0.9461152882205514,0.9313641037259756,0.6153311510694588,0.621872147785769,0.2522671225620847,0.6908023483365949,0.7359530214337887,0.5250261607621686,0.6246867374960217,0.1748617086568711,4599.0,0.691025641025641,0.7486822612865289,0.5064470647542081,0.6186935397461714,0.1314912507951254,780.0,0.0354077816009521,0.0103290081024169,2026-04-21T14:17:21.025245+00:00
NR-ER,rdkit,RandomForest,random_over,pr_auc,"{'max_depth': 15, 'max_features': 'sqrt', 'min_samples_leaf': 10, 'n_estimators': 100}",0.2424445667321476,1596,0.9442355889724312,0.9183533655360648,0.5071459055470547,0.6076265926764266,0.2424445667321476,0.9456305858987092,0.9456305724946656,0.9456305724946656,0.98662518403943,0.9857452466142274,8056.0,0.8948717948717949,0.8766849057940218,0.6056136543014996,0.7080600764811291,0.2917800618268404,780.0,1.452085256576538,1.766685962677002,2026-04-21T17:54:44.679156+00:00
NR-ER,rdkit,RandomForest,random_under,pr_auc,"{'max_depth': 15, 'max_features': 'log2', 'min_samples_leaf': 20, 'n_estimators': 100}",0.2338485663875346,1596,0.9448621553884712,0.9239532297333856,0.5543879687797449,0.6120915629221277,0.2338485663875346,0.793928779918272,0.7931330339465932,0.7664053310155005,0.8597216301017357,0.7751074173274782,1713.0,0.8333333333333334,0.8431221103866188,0.5877981755800907,0.6777447303763093,0.2469471888755176,780.0,0.224086046218872,0.1726021766662597,2026-04-21T17:54:49.979336+00:00
NR-ER,rdkit,LogisticRegression,smote,pr_auc,"{'C': 0.01, 'l1_ratio': 0.0}",0.095029726511628,1596,0.8377192982456141,0.864472008702332,0.504202174551866,0.4544156839837903,0.095029726511628,0.8978401191658392,0.8978088142349969,0.8978088142349969,0.9596354256549732,0.9582183346260248,8056.0,0.8397435897435898,0.845233328141883,0.5808813098856128,0.5715948347527295,0.2277358590434913,780.0,0.8938460350036621,0.7725751399993896,2026-04-21T08:44:14.757526+00:00
NR-ER,rdkit,LogisticRegression,smoteenn,pr_auc,"{'C': 0.01, 'l1_ratio': 1.0}",0.0878109994653349,1596,0.8859649122807017,0.8907534712449574,0.5145855614973263,0.4425431711145997,0.0878109994653349,0.800109155410015,0.8005651098133589,0.7993047339531649,0.8882149401327935,0.8762871531469224,7329.0,0.7923076923076923,0.8145331013796975,0.5469733690897879,0.6023812602759971,0.1844856191802137,780.0,0.326456069946289,0.2656798362731933,2026-04-21T08:44:15.792014+00:00
NR-ER,rdkit,LogisticRegression,smoten,pr_auc,"{'C': 0.01, 'l1_ratio': 0.0}",0.1019897732222703,1596,0.926065162907268,0.914811051717446,0.5531448421172518,0.4670913803804169,0.1019897732222703,0.9113704071499504,0.9113538796871534,0.9113538796871536,0.9687571495558894,0.9693721065534509,8056.0,0.85,0.8468001213224142,0.5606395424411803,0.565110565110565,0.2118087187964944,780.0,0.8734557628631592,0.7009217739105225,2026-04-21T08:44:18.218210+00:00
NR-ER,rdkit,LogisticRegression,smoten_enn,pr_auc,"{'C': 0.01, 'l1_ratio': 1.0}",0.0888849747819361,1596,0.8834586466165414,0.8883524486349562,0.5039171122994652,0.4244313825709174,0.0888849747819361,0.8237050499805271,0.8237081696561639,0.8237050232404501,0.9135710570226104,0.9090999884200844,7703.0,0.7961538461538461,0.8158318012943825,0.5420895808949229,0.5723522565627829,0.1971313921025798,780.0,0.2928061485290527,0.2790169715881347,2026-04-21T08:44:19.179885+00:00
NR-ER,topological_torsion,BalancedRandomForest,none,pr_auc,"{'max_depth': 15, 'max_features': 'sqrt', 'min_samples_leaf': 10, 'n_estimators': 200}",0.2969832270021737,1596,0.950501253132832,0.9329690439250052,0.6110139293812763,0.6764010076302435,0.2969832270021737,0.7736464448793215,0.8067965258716095,0.6529712507167913,0.8314999904347328,0.5334342789029947,4599.0,0.7987179487179488,0.8284107539387064,0.6147590749939442,0.7298036245404667,0.3310177527266911,780.0,3.540544033050537,3.4885189533233643,2026-04-21T23:08:22.437181+00:00
NR-ER,topological_torsion,RandomForest,random_over,pr_auc,"{'max_depth': 15, 'max_features': 'sqrt', 'min_samples_leaf': 20, 'n_estimators': 200}",0.2964943939449663,1596,0.950501253132832,0.9329690439250052,0.6110139293812763,0.6744770179986126,0.2964943939449663,0.7881082423038729,0.7878957266800497,0.7878957266800497,0.8706343332521407,0.8785481564226746,8056.0,0.8320512820512821,0.8524917056058218,0.6493852747305537,0.741368162420794,0.3537399532029325,780.0,2.0695202350616455,3.442485809326172,2026-04-21T17:56:07.404640+00:00
NR-ER,topological_torsion,RandomForest,random_under,pr_auc,"{'max_depth': 15, 'max_features': 'sqrt', 'min_samples_leaf': 5, 'n_estimators': 200}",0.294569754978816,1596,0.949874686716792,0.9325224615850636,0.6096797466342215,0.6762330692563251,0.294569754978816,0.8050204319906596,0.8055998455355192,0.7819680502416049,0.8788373241402155,0.8151510055906916,1713.0,0.823076923076923,0.8448285509046526,0.6320704412146734,0.7304686778370989,0.3317199504488741,780.0,0.6518299579620361,0.563251256942749,2026-04-21T17:56:20.179594+00:00
NR-ER,topological_torsion,LogisticRegression,smote,pr_auc,"{'C': 0.01, 'l1_ratio': 1.0}",0.1094815751732104,1596,0.8558897243107769,0.8768926266500316,0.5315658370255426,0.5157423971377461,0.1094815751732104,0.7207050645481629,0.7206686347769676,0.7206686347769676,0.8124463783308302,0.805405011939116,8056.0,0.7730769230769231,0.806128648479283,0.5627124119866084,0.6010511536827327,0.2074515392919521,780.0,0.1417098045349121,0.135422945022583,2026-04-21T08:44:33.827367+00:00
NR-ER,topological_torsion,LogisticRegression,smoteenn,pr_auc,"{'C': 0.01, 'l1_ratio': 1.0}",0.1042903886420122,1596,0.8627819548872181,0.8810508313618747,0.5366216135596815,0.5164324048044979,0.1042903886420122,0.7362341162880246,0.7362352647988365,0.7359309094336738,0.8303871636255487,0.8102526488373103,7791.0,0.7769230769230769,0.8087699949187993,0.5656459624148702,0.6008202323991798,0.2113329906293709,780.0,0.1304800510406494,0.1010901927947998,2026-04-21T08:44:34.606637+00:00
NR-ER,topological_torsion,LogisticRegression,smoten,pr_auc,"{'C': 0.01, 'l1_ratio': 1.0}",0.0981703490288035,1596,0.8677944862155389,0.8840762840334279,0.5404574465036497,0.516487167317732,0.0981703490288035,0.7780536246276067,0.7778597404923919,0.7778597404923919,0.8720918873249714,0.8606246625059929,8056.0,0.7756410256410257,0.8074493818773225,0.5616218386190285,0.6060021060021059,0.1748239553473619,780.0,0.1427030563354492,0.1200511455535888,2026-04-21T08:44:36.284508+00:00
NR-ER,topological_torsion,LogisticRegression,smoten_enn,pr_auc,"{'C': 0.01, 'l1_ratio': 1.0}",0.0938151664575164,1596,0.8659147869674185,0.8819003073726739,0.5287202159190635,0.4944580336606915,0.0938151664575164,0.8001546192500967,0.8000920877337983,0.8001449438865433,0.8965739355718118,0.8712609063190636,7761.0,0.7897435897435897,0.8170879395056042,0.5725513259195893,0.6052631578947368,0.1771783114998728,780.0,0.1201632022857666,0.1141331195831298,2026-04-21T08:44:37.064112+00:00
NR-ER-LBD,atom_pair,RUSBoost,none,pr_auc,"{'learning_rate': 0.08, 'n_estimators': 50, 'sampling_strategy': 'auto'}",0.2390025962760185,1718,0.9738067520372526,0.9698012048575992,0.6244808743169399,0.6553784266984506,0.2390025962760185,0.923750932140194,0.9357837450297408,0.7240937495401827,0.921865391338312,0.6374809627786343,5364.0,0.9063205417607224,0.9251302915811548,0.579866883766104,0.767231308411215,0.2026693530992351,886.0,0.8495643138885498,0.713918924331665,2026-04-29T18:47:21.355499+00:00
NR-ER-LBD,atom_pair,RandomForest,random_over,pr_auc,"{'max_depth': 15, 'max_features': 'sqrt', 'min_samples_leaf': 20, 'n_estimators': 100}",0.2095220071398334,1718,0.979045401629802,0.9705842636836882,0.585602487135506,0.7224225268176401,0.2095220071398334,0.9733385610664576,0.9733385569678816,0.9733385569678816,0.995630798547636,0.9954731396414802,10202.0,0.9446952595936796,0.947470784404372,0.6199588567426796,0.746690031152648,0.2428766755348601,886.0,1.2283968925476074,1.9812309741973877,2026-04-21T17:57:51.885503+00:00
NR-ER-LBD,atom_pair,XGBoost,random_under,pr_auc,"{'colsample_bytree': 0.8, 'learning_rate': 0.1, 'max_depth': 3, 'min_child_weight': 5, 'n_estimators': 100, 'scale_pos_weight': 1, 'subsample': 0.8}",0.23019094372863497,1718,0.9778812572759022,0.9726413965469047,0.6425301706200582,0.6112410607866507,0.23019094372863497,0.9378960709759189,0.9370673694393942,0.9283494292751544,0.9814946001821625,0.969106691047672,789.0,0.9255079006772009,0.937258933388447,0.613713832738803,0.7431464174454829,0.2534775153756367,886.0,0.27272510528564453,0.2623581886291504,2026-04-30T01:15:45.869132+00:00
NR-ER-LBD,atom_pair,RandomForest,smote,pr_auc,"{'max_depth': 15, 'max_features': 'log2', 'min_samples_leaf': 20, 'n_estimators': 100}",0.1674430562571396,1718,0.9313154831199068,0.9448736353468258,0.5482976827094475,0.4969606674612634,0.1674430562571396,0.9194275632228974,0.9194271173195354,0.9194271173195354,0.9717301761043274,0.9738921294531728,10202.0,0.9142212189616252,0.9288653686319608,0.5730986736996931,0.6490654205607477,0.2528395896854838,886.0,0.5576159954071045,0.4703438282012939,2026-04-21T17:58:22.743700+00:00
NR-ER-LBD,atom_pair,RandomForest,smoteenn,pr_auc,"{'max_depth': 15, 'max_features': 'log2', 'min_samples_leaf': 20, 'n_estimators': 100}",0.1635962096655351,1718,0.9749708963911524,0.9686954383421076,0.5879843167000374,0.4963721692491061,0.1635962096655351,0.921342784012601,0.9213423228115796,0.9213404780074932,0.974107718567825,0.9754477091749624,10158.0,0.9221218961625284,0.933582480316734,0.5829734984139978,0.6707554517133957,0.2384108308350909,886.0,0.5288121700286865,0.5130100250244141,2026-04-21T17:58:37.262307+00:00
NR-ER-LBD,atom_pair,XGBoost,smoten,pr_auc,"{'colsample_bytree': 0.8, 'learning_rate': 0.1, 'max_depth': 7, 'min_child_weight': 10, 'n_estimators': 100, 'scale_pos_weight': 1, 'subsample': 0.8}",0.1740644425810149,1718,0.9790454016298021,0.9714063929844962,0.6033859176606388,0.7035235399284863,0.1740644425810149,0.9854930405802784,0.9854928175661298,0.9854928175661297,0.9985066986992145,0.99863056796005,10202.0,0.95372460496614,0.952547305519061,0.6283975244233031,0.7058411214953271,0.16576925581676905,886.0,3.6550300121307373,3.556627035140991,2026-04-30T01:16:20.720302+00:00
NR-ER-LBD,atom_pair,XGBoost,smoten_enn,pr_auc,"{'colsample_bytree': 0.8, 'learning_rate': 0.1, 'max_depth': 3, 'min_child_weight': 10, 'n_estimators': 200, 'scale_pos_weight': 1, 'subsample': 0.8}",0.18412318698545854,1718,0.9796274738067521,0.9725746043111105,0.6224958093456301,0.5411129320619785,0.18412318698545854,0.988019801980198,0.9880200280562932,0.9880197285788683,0.9991228200550911,0.9991280494802901,10100.0,0.945823927765237,0.9474534919988792,0.6109484777517564,0.6673286604361369,0.14833114992979024,886.0,4.541021347045898,4.519554138183594,2026-04-30T01:18:41.568458+00:00
NR-ER-LBD,avalon,XGBoost,none,pr_auc,"{'colsample_bytree': 0.8, 'learning_rate': 0.1, 'max_depth': 7, 'min_child_weight': 5, 'n_estimators': 200, 'scale_pos_weight': 4, 'subsample': 0.8}",0.3186538282533135,1718,0.9790454016298021,0.9705842636836882,0.585602487135506,0.7864049463647198,0.3186538282533135,0.9962714392244594,0.9963298298972719,0.9806357146157756,0.9997480550671121,0.9937069722614637,5364.0,0.9604966139954854,0.9561886594910785,0.6327004394328828,0.7336059190031152,0.23601081439176702,886.0,1.1113767623901367,1.0569939613342285,2026-04-30T01:19:02.936537+00:00
NR-ER-LBD,avalon,RandomForest,random_over,pr_auc,"{'max_depth': 15, 'max_features': 'sqrt', 'min_samples_leaf': 20, 'n_estimators': 200}",0.3074241339665972,1718,0.979627473806752,0.9718099616258444,0.6059503915593565,0.7440405244338498,0.3074241339665972,0.9690256812389728,0.9690228228366734,0.9690228228366734,0.9935869826678124,0.9925198958111322,10202.0,0.9311512415349888,0.9384061698970106,0.5859020036011187,0.7632398753894081,0.210327358651172,886.0,1.5762898921966553,1.5355613231658936,2026-04-21T17:59:49.686444+00:00
NR-ER-LBD,avalon,BernoulliNB,random_under,pr_auc,{'alpha': 50.0},0.2569567680256281,1718,0.980791618160652,0.9754126926631594,0.671596142149622,0.5832240762812873,0.2569567680256281,0.7084917617237009,0.6921127476683031,0.6395800562467229,0.7790411889719383,0.6413669862569358,789.0,0.8747178329571106,0.9052133648271634,0.5292535241605438,0.6443146417445483,0.1040613846152976,886.0,0.0129170417785644,0.0053761005401611,2026-04-21T14:18:36.210904+00:00
NR-ER-LBD,avalon,XGBoost,smote,pr_auc,"{'colsample_bytree': 0.8, 'learning_rate': 0.1, 'max_depth': 3, 'min_child_weight': 5, 'n_estimators': 200, 'scale_pos_weight': 1, 'subsample': 0.8}",0.2052376591788736,1718,0.9220023282887078,0.9393710124985505,0.5329438019882329,0.5968414779499404,0.2052376591788736,0.9645167614193295,0.9645109989338858,0.9645109989338858,0.9925820327060502,0.9923062016880514,10202.0,0.9367945823927766,0.9431496454838703,0.6150695134061569,0.6855140186915888,0.25934380637972887,886.0,1.2600550651550293,1.2168920040130615,2026-04-30T01:19:34.799114+00:00
NR-ER-LBD,avalon,XGBoost,smoteenn,pr_auc,"{'colsample_bytree': 0.8, 'learning_rate': 0.1, 'max_depth': 3, 'min_child_weight': 5, 'n_estimators': 100, 'scale_pos_weight': 1, 'subsample': 0.8}",0.1830777566009545,1718,0.9121071012805588,0.9346834898708934,0.5454190213343847,0.5941150178784267,0.1830777566009545,0.9371836856207204,0.9371731848085437,0.9371795258786988,0.9845064976856566,0.9836608069806836,10077.0,0.9108352144469526,0.9273586965059144,0.5773998200776443,0.6721183800623053,0.27499842775979555,886.0,0.6928520202636719,0.7166249752044678,2026-04-30T01:20:02.531303+00:00
NR-ER-LBD,avalon,XGBoost,smoten,pr_auc,"{'colsample_bytree': 0.8, 'learning_rate': 0.05, 'max_depth': 3, 'min_child_weight': 1, 'n_estimators': 200, 'scale_pos_weight': 1, 'subsample': 0.8}",0.2863150808263439,1718,0.9784633294528522,0.9693149791751978,0.5643150398563389,0.619368295589988,0.2863150808263439,0.9634385414624583,0.9634315563393571,0.9634315563393571,0.9914606924058735,0.9922091492845757,10202.0,0.9413092550790068,0.9453290341503119,0.6132952828605003,0.6467679127725856,0.21672970264962824,886.0,1.2664897441864014,1.2069041728973389,2026-04-30T01:20:07.721884+00:00
NR-ER-LBD,avalon,XGBoost,smoten_enn,pr_auc,"{'colsample_bytree': 0.8, 'learning_rate': 0.05, 'max_depth': 3, 'min_child_weight': 1, 'n_estimators': 200, 'scale_pos_weight': 1, 'subsample': 0.8}",0.24555458033785163,1718,0.9778812572759022,0.9679989826272761,0.5420209332996604,0.5974895709177592,0.24555458033785163,0.9744811835964651,0.9744769362745068,0.9744795732374288,0.9958926860516165,0.9955511550530637,10071.0,0.9435665914221218,0.9460325082415751,0.6065579594301751,0.6394470404984424,0.2277191874701211,886.0,1.2057969570159912,1.1955041885375977,2026-04-30T01:20:27.926269+00:00
NR-ER-LBD,erg,RUSBoost,none,pr_auc,"{'learning_rate': 0.005, 'n_estimators': 75, 'sampling_strategy': 'auto'}",0.2174065900980829,1718,0.979045401629802,0.9714063929844962,0.6033859176606388,0.629506853396901,0.2174065900980829,0.9019388516032812,0.9203944775348966,0.6803721166285653,0.8700232490013515,0.5767436408664927,5364.0,0.8871331828442438,0.9151145937122408,0.5849339454698773,0.720443925233645,0.2376039494669196,886.0,0.840022087097168,0.7562370300292969,2026-04-29T18:48:47.151957+00:00
NR-ER-LBD,erg,BernoulliNB,random_over,pr_auc,{'alpha': 50.0},0.1957841767446209,1718,0.1012805587892898,0.1509168010543638,0.0978461973793043,0.565002979737783,0.1957841767446209,0.5994902960203882,0.5617452855420824,0.5617452855420824,0.7502051386920492,0.7516068613313801,10202.0,0.3566591422121896,0.4922845769444534,0.2907978699501191,0.6490459501557633,0.0801407054787695,886.0,0.0131487846374511,0.0061800479888916,2026-04-21T14:18:41.738092+00:00
NR-ER-LBD,erg,LogisticRegression,random_under,pr_auc,"{'C': 0.001, 'l1_ratio': 0.0}",0.2058700332871059,1718,0.6233993015133876,0.7480905310084056,0.4127141206424953,0.5613230035756853,0.2058700332871059,0.6983523447401775,0.703411306042885,0.673172514619883,0.7311729242868915,0.5961311756490548,789.0,0.7392776523702032,0.8223295119668601,0.4810318202910457,0.6401674454828661,0.0746138262240175,886.0,0.0117859840393066,0.0031971931457519,2026-04-21T08:45:20.281119+00:00
NR-ER-LBD,erg,LogisticRegression,smote,pr_auc,"{'C': 0.01, 'l1_ratio': 0.0}",0.1636490183665218,1718,0.4033760186263097,0.5544042112443954,0.30477335402096,0.5287097735399284,0.1636490183665218,0.7017251519309939,0.699856406255893,0.699856406255893,0.794072536180639,0.796325261773387,10202.0,0.6196388261851016,0.7366780236936329,0.4278141989586587,0.667464953271028,0.1025003003041999,886.0,0.0520329475402832,0.0441601276397705,2026-04-21T08:45:20.883237+00:00
NR-ER-LBD,erg,BernoulliNB,smoteenn,pr_auc,{'alpha': 50.0},0.1680575972267596,1718,0.0849825378346915,0.1227831125523142,0.0830925090988103,0.5403605482717522,0.1680575972267596,0.5973934128106688,0.561684129199157,0.5653111329472024,0.7693219644032732,0.7642347573427586,9898.0,0.3679458239277652,0.504697861071937,0.2978165741102412,0.6278232087227413,0.0755481447774876,886.0,0.0098061561584472,0.0045182704925537,2026-04-21T14:18:43.214231+00:00
NR-ER-LBD,erg,LogisticRegression,smoten,pr_auc,"{'C': 0.1, 'l1_ratio': 1.0}",0.1460596476527591,1718,0.4511059371362049,0.6019268431423068,0.328949335918003,0.5277115613825982,0.1460596476527591,0.8487551460497942,0.8475768205829037,0.847576820582904,0.9273779245594608,0.9087689912701608,10202.0,0.7155756207674944,0.8063346949826828,0.4716606088141754,0.6701908099688474,0.1481508785946605,886.0,0.0534892082214355,0.0446689128875732,2026-04-21T08:45:22.668276+00:00
NR-ER-LBD,erg,BernoulliNB,smoten_enn,pr_auc,{'alpha': 50.0},0.1565699646405351,1718,0.2339930151338766,0.3549156322246796,0.201609713652903,0.5132300357568533,0.1565699646405351,0.7499714839739934,0.7485046555771618,0.7497428313121344,0.8754130823593632,0.8175553799999035,8767.0,0.6241534988713319,0.740448517441594,0.4254987294447527,0.580471183800623,0.0742621175147131,886.0,0.0097301006317138,0.0052433013916015,2026-04-21T14:18:44.520312+00:00
NR-ER-LBD,estate,XGBoost,none,pr_auc,"{'colsample_bytree': 0.8, 'learning_rate': 0.1, 'max_depth': 7, 'min_child_weight': 1, 'n_estimators': 200, 'scale_pos_weight': 4, 'subsample': 0.8}",0.21044195162626655,1718,0.9790454016298021,0.9705842636836882,0.585602487135506,0.5993966030989273,0.21044195162626655,0.9904921700223713,0.9908020734576929,0.9523581549939526,0.9987950621774752,0.9758681448948483,5364.0,0.9559819413092551,0.9511816491472016,0.5907233467966408,0.7118380062305296,0.21579072020276296,886.0,0.23461389541625977,0.20208978652954102,2026-04-30T01:21:54.111068+00:00
NR-ER-LBD,estate,XGBoost,random_over,pr_auc,"{'colsample_bytree': 0.8, 'learning_rate': 0.1, 'max_depth': 7, 'min_child_weight': 10, 'n_estimators': 200, 'scale_pos_weight': 1, 'subsample': 0.8}",0.20647679492659124,1718,0.9743888242142026,0.9701961574040868,0.6268167456556082,0.5856004171632896,0.20647679492659124,0.9785336208586551,0.9785257754408885,0.9785257754408886,0.9958956504601943,0.9944620002491974,10202.0,0.9198645598194131,0.9327750979165071,0.5887717279745834,0.7078271028037383,0.1814903823359121,886.0,0.34035682678222656,0.3330848217010498,2026-04-30T01:22:08.140839+00:00
NR-ER-LBD,estate,XGBoost,random_under,pr_auc,"{'colsample_bytree': 0.8, 'learning_rate': 0.1, 'max_depth': 5, 'min_child_weight': 1, 'n_estimators': 200, 'scale_pos_weight': 1, 'subsample': 0.8}",0.2009320630419224,1718,0.9580908032596042,0.9611239198068674,0.6062492837770732,0.5915896901072706,0.2009320630419224,0.9721166032953105,0.9720065078555645,0.9683871202739127,0.9958073703537711,0.9913283407021525,789.0,0.8769751693002258,0.9076525446190428,0.5507580092198483,0.6560747663551402,0.20356501383772332,886.0,0.05881309509277344,0.0456240177154541,2026-04-30T01:22:10.714631+00:00
NR-ER-LBD,estate,XGBoost,smote,pr_auc,"{'colsample_bytree': 0.8, 'learning_rate': 0.1, 'max_depth': 7, 'min_child_weight': 1, 'n_estimators': 200, 'scale_pos_weight': 1, 'subsample': 0.8}",0.1827759839640851,1718,0.9784633294528522,0.971007438843174,0.6009241413082376,0.6331942789034565,0.1827759839640851,0.9924524603019016,0.9924523993153227,0.9924523993153226,0.9997411818609703,0.9997455996372135,10202.0,0.9548532731376975,0.9514854403824953,0.6037567084078712,0.699493769470405,0.211756450177161,886.0,0.5073821544647217,0.4949960708618164,2026-04-30T01:22:11.090594+00:00
NR-ER-LBD,estate,XGBoost,smoteenn,pr_auc,"{'colsample_bytree': 0.8, 'learning_rate': 0.1, 'max_depth': 7, 'min_child_weight': 1, 'n_estimators': 200, 'scale_pos_weight': 1, 'subsample': 0.8}",0.184587529066173,1718,0.9784633294528522,0.971007438843174,0.6009241413082376,0.650476758045292,0.184587529066173,0.9950029982010794,0.9950027587185267,0.9950006251466936,0.9999096137732383,0.9999054519109469,10006.0,0.9571106094808126,0.9518987026862826,0.593145784996133,0.6735591900311526,0.17640091474279662,886.0,0.502100944519043,0.5050036907196045,2026-04-30T01:22:12.806052+00:00
NR-ER-LBD,estate,XGBoost,smoten,pr_auc,"{'colsample_bytree': 0.8, 'learning_rate': 0.1, 'max_depth': 7, 'min_child_weight': 5, 'n_estimators': 200, 'scale_pos_weight': 1, 'subsample': 0.8}",0.11249430579340043,1718,0.9429569266589057,0.9508313615725895,0.5477587244283995,0.5572780095351609,0.11249430579340043,0.976965300921388,0.9769652033208225,0.9769652033208224,0.9957425578687882,0.9958983448074934,10202.0,0.9503386004514672,0.9495113434035016,0.6078541825936506,0.5958722741433022,0.17013298505131505,886.0,0.3185248374938965,0.31354522705078125,2026-04-30T01:22:14.514950+00:00
NR-ER-LBD,estate,DecisionTree,smoten_enn,pr_auc,"{'ccp_alpha': 0.0, 'criterion': 'entropy', 'max_depth': 15, 'min_samples_leaf': 10}",0.1257174506436677,1718,0.8451688009313155,0.8960607710046622,0.4991034044325581,0.6016165077473183,0.1257174506436677,0.956426788685524,0.9564643949493976,0.9564049952981042,0.9896279213052486,0.984643261593835,9616.0,0.8871331828442438,0.9128927154789762,0.5460414403705449,0.6357671339563862,0.0916644857950524,886.0,0.024688720703125,0.0256609916687011,2026-04-22T09:17:54.993877+00:00
NR-ER-LBD,fcfp,BernoulliNB,none,pr_auc,{'alpha': 10.0},0.2676513504664007,1718,0.9767171129220024,0.9652127888593168,0.4941107184923439,0.7037321215733015,0.2676513504664007,0.9496644295302014,0.9264177194556428,0.487091222030981,0.7039859477340983,0.1058342267115519,5364.0,0.9661399548532732,0.9495014940923098,0.4913892078071182,0.6038161993769471,0.0464491449921969,886.0,0.0444920063018798,0.0113589763641357,2026-04-21T14:18:47.193494+00:00
NR-ER-LBD,fcfp,XGBoost,random_over,pr_auc,"{'colsample_bytree': 0.8, 'learning_rate': 0.1, 'max_depth': 7, 'min_child_weight': 10, 'n_estimators': 100, 'scale_pos_weight': 1, 'subsample': 0.8}",0.233951002489624,1718,0.9772991850989523,0.9709422731473704,0.6118863498131897,0.7499404052443386,0.233951002489624,0.9521662419133503,0.9521631514782547,0.9521631514782547,0.9877096068550739,0.9855467290196752,10202.0,0.8950338600451467,0.9187949611510475,0.5744674258269424,0.6838785046728971,0.2690784369504013,886.0,2.9118220806121826,2.886319875717163,2026-04-30T01:22:24.817938+00:00
NR-ER-LBD,fcfp,XGBoost,random_under,pr_auc,"{'colsample_bytree': 0.8, 'learning_rate': 0.05, 'max_depth': 3, 'min_child_weight': 10, 'n_estimators': 200, 'scale_pos_weight': 1, 'subsample': 0.8}",0.2514615702241714,1718,0.9790454016298021,0.9705842636836882,0.585602487135506,0.6223703814064363,0.2514615702241714,0.8073510773130546,0.7988978997712622,0.7662039925140363,0.8680008385259292,0.8061738824383068,789.0,0.9187358916478555,0.9331001470770457,0.6035202863961814,0.7501168224299065,0.2683281148678754,886.0,0.45088624954223633,0.44666504859924316,2026-04-30T01:22:25.091818+00:00
NR-ER-LBD,fcfp,RandomForest,smote,pr_auc,"{'max_depth': 15, 'max_features': 'log2', 'min_samples_leaf': 10, 'n_estimators': 100}",0.1726737818079083,1718,0.7182770663562281,0.81626680650739,0.4481310396092173,0.5697258641239571,0.1726737818079083,0.882964124681435,0.8828517316460703,0.8828517316460704,0.9441288904724447,0.9454064985783016,10202.0,0.8284424379232506,0.8791625546846346,0.5300390843104411,0.6281152647975078,0.2392692083107882,886.0,0.8986849784851074,0.6565361022949219,2026-04-21T18:02:44.920524+00:00
NR-ER-LBD,fcfp,RandomForest,smoteenn,pr_auc,"{'max_depth': 15, 'max_features': 'log2', 'min_samples_leaf': 10, 'n_estimators': 100}",0.1801436335364245,1718,0.7514551804423748,0.8382417690391012,0.4571253290352468,0.5596469010727056,0.1801436335364245,0.8868447082096934,0.886777832054546,0.8867986178865512,0.9471193960261846,0.9468947048800608,10110.0,0.8397291196388262,0.8856108042446147,0.5280799411844138,0.6221183800623052,0.2108490001950069,886.0,0.5894989967346191,0.6074671745300293,2026-04-21T18:02:54.643428+00:00
NR-ER-LBD,fcfp,XGBoost,smoten,pr_auc,"{'colsample_bytree': 0.8, 'learning_rate': 0.1, 'max_depth': 5, 'min_child_weight': 5, 'n_estimators': 100, 'scale_pos_weight': 1, 'subsample': 0.8}",0.1652933861394536,1718,0.9784633294528522,0.9693149791751978,0.5643150398563389,0.6165226460071513,0.1652933861394536,0.9710841011566359,0.9710829984405273,0.9710829984405271,0.9909855039167452,0.992289887878245,10202.0,0.9401805869074492,0.9423937245825871,0.576783380649813,0.6928154205607477,0.16186718584259172,886.0,2.884084939956665,2.933811902999878,2026-04-30T01:22:42.959830+00:00
NR-ER-LBD,fcfp,RandomForest,smoten_enn,pr_auc,"{'max_depth': 15, 'max_features': 'sqrt', 'min_samples_leaf': 10, 'n_estimators': 100}",0.1595189086644927,1718,0.9522700814901048,0.9552972624565504,0.5420870605367173,0.6000595947556615,0.1595189086644927,0.9606791778373548,0.9606612972909916,0.9606693743653832,0.9920737520595048,0.9902855438538408,10071.0,0.9243792325056434,0.934341924872648,0.5765513207358742,0.6462227414330217,0.1877559011386222,886.0,2.58370590209961,2.8474509716033936,2026-04-21T18:04:05.899445+00:00
NR-ER-LBD,klekota_roth,XGBoost,none,pr_auc,"{'colsample_bytree': 0.8, 'learning_rate': 0.05, 'max_depth': 7, 'min_child_weight': 1, 'n_estimators': 200, 'scale_pos_weight': 1, 'subsample': 0.8}",0.247622885633338,1718,0.9772991850989523,0.9666328436572825,0.5186465031071519,0.6163587604290822,0.247622885633338,0.9776286353467561,0.9748557277515626,0.8506397375150246,0.9856808811811298,0.8637285958934123,5364.0,0.9616252821670429,0.954825721473577,0.6037984006734006,0.7258566978193147,0.16385640408586222,886.0,9.29646110534668,9.307045221328735,2026-04-30T01:25:14.015884+00:00
NR-ER-LBD,klekota_roth,XGBoost,random_over,pr_auc,"{'colsample_bytree': 0.8, 'learning_rate': 0.1, 'max_depth': 7, 'min_child_weight': 10, 'n_estimators': 200, 'scale_pos_weight': 1, 'subsample': 0.8}",0.2241607881846856,1718,0.9493597206053551,0.9558755669799812,0.5878425889924802,0.6180870083432658,0.2241607881846856,0.9786316408547344,0.9786266433721352,0.9786266433721352,0.9958626568641802,0.9948154983173628,10202.0,0.9345372460496614,0.941742845703445,0.6110858838131565,0.7199766355140187,0.18515988310815054,886.0,15.687350749969482,15.534703016281128,2026-04-30T01:25:21.482559+00:00
NR-ER-LBD,klekota_roth,XGBoost,random_under,pr_auc,"{'colsample_bytree': 0.8, 'learning_rate': 0.05, 'max_depth': 7, 'min_child_weight': 1, 'n_estimators': 100, 'scale_pos_weight': 1, 'subsample': 0.8}",0.24340824959247734,1718,0.9738067520372526,0.9708427304812829,0.6471715765693814,0.603292610250298,0.24340824959247734,0.9150823827629911,0.9128518463067233,0.8998155999067576,0.982662030678483,0.9656766507358799,789.0,0.9209932279909706,0.9323269258708281,0.5722640624568953,0.6929127725856699,0.15403304297963621,886.0,1.0565471649169922,0.9113268852233887,2026-04-30T01:25:35.022971+00:00
NR-ER-LBD,klekota_roth,RandomForest,smote,pr_auc,"{'max_depth': 5, 'max_features': 'log2', 'min_samples_leaf': 20, 'n_estimators': 100}",0.1801501319294918,1718,0.4324796274738067,0.582871865958725,0.3221919859182001,0.5614943384982122,0.1801501319294918,0.7823956087041757,0.777226752792441,0.777226752792441,0.8902332460844558,0.8849361913252671,10202.0,0.6523702031602708,0.761300320432651,0.4444824441404468,0.660747663551402,0.1169923324394906,886.0,0.5761947631835938,0.3425111770629883,2026-04-21T18:05:04.090685+00:00
NR-ER-LBD,klekota_roth,RandomForest,smoteenn,pr_auc,"{'max_depth': 5, 'max_features': 'log2', 'min_samples_leaf': 10, 'n_estimators': 100}",0.1951630036977307,1718,0.619324796274738,0.7448856816072733,0.4120883835899711,0.5676847437425506,0.1951630036977307,0.8192090395480226,0.8171546933823393,0.8173604922446818,0.9061598846838372,0.8975714249420983,10089.0,0.7178329571106095,0.8078810951755596,0.4697912677135197,0.6546339563862928,0.1315251256136271,886.0,0.5936672687530518,0.4720721244812011,2026-04-21T18:05:05.530225+00:00
NR-ER-LBD,klekota_roth,BernoulliNB,smoten,pr_auc,{'alpha': 50.0},0.143442068946571,1718,0.4691501746216531,0.6181211575243408,0.3408319870759289,0.5680721096543504,0.143442068946571,0.7693589492256421,0.762922366246983,0.7629223662469828,0.9285721313221216,0.9208846821497424,10202.0,0.6196388261851016,0.7368453409850101,0.4255508675936134,0.64053738317757,0.1031973061387032,886.0,0.9012141227722168,0.7016589641571045,2026-04-21T14:19:08.325510+00:00
NR-ER-LBD,klekota_roth,RandomForest,smoten_enn,pr_auc,"{'max_depth': 10, 'max_features': 'log2', 'min_samples_leaf': 10, 'n_estimators': 100}",0.148191957258392,1718,0.6728754365541327,0.7845750104776323,0.4340694509245821,0.5711710369487485,0.148191957258392,0.8395791583166332,0.8377520065291856,0.8380966349886702,0.9574364791651356,0.9527362790672184,9980.0,0.7415349887133182,0.8238319283721136,0.4822375959190235,0.6295366043613707,0.145131392609584,886.0,0.6488878726959229,0.4378159046173095,2026-04-21T18:06:08.396166+00:00
NR-ER-LBD,maccs,XGBoost,none,pr_auc,"{'colsample_bytree': 0.8, 'learning_rate': 0.05, 'max_depth': 7, 'min_child_weight': 10, 'n_estimators': 100, 'scale_pos_weight': 8, 'subsample': 0.8}",0.2897927829184605,1718,0.9755529685681025,0.9709960710573693,0.6317143382127763,0.7939809296781883,0.2897927829184605,0.9705443698732289,0.9729311043868252,0.8679581809615686,0.9904208747557885,0.8401498317906172,5364.0,0.9480812641083521,0.9488883012404916,0.6155819656668553,0.7195872274143302,0.15489264477888667,886.0,0.2568628787994385,0.23180222511291504,2026-04-30T01:34:11.386034+00:00
NR-ER-LBD,maccs,XGBoost,random_over,pr_auc,"{'colsample_bytree': 0.8, 'learning_rate': 0.05, 'max_depth': 3, 'min_child_weight': 10, 'n_estimators': 200, 'scale_pos_weight': 1, 'subsample': 0.8}",0.2874796969743051,1718,0.9726426076833528,0.9713594237497065,0.6710943832765103,0.7114272943980929,0.2874796969743051,0.8774750049009998,0.8774574807967872,0.8774574807967872,0.9517910142200668,0.9449875561504424,10202.0,0.8679458239277652,0.9032018792015277,0.5605959773647288,0.7348520249221184,0.11980239583254212,886.0,0.4327847957611084,0.4359259605407715,2026-04-30T01:34:30.443886+00:00
NR-ER-LBD,maccs,XGBoost,random_under,pr_auc,"{'colsample_bytree': 0.8, 'learning_rate': 0.1, 'max_depth': 3, 'min_child_weight': 1, 'n_estimators': 100, 'scale_pos_weight': 1, 'subsample': 0.8}",0.29296630556521924,1718,0.9755529685681025,0.9715508775220829,0.6437796208530806,0.731726758045292,0.29296630556521924,0.8922686945500634,0.8904371508249624,0.874898570189429,0.9644530064046032,0.9311381425636707,789.0,0.90744920993228,0.9258065678035796,0.5811888950378159,0.7205996884735203,0.13278963119930143,886.0,0.04123497009277344,0.027976036071777344,2026-04-30T01:34:42.822661+00:00
NR-ER-LBD,maccs,DecisionTree,smote,pr_auc,"{'ccp_alpha': 0.0, 'criterion': 'entropy', 'max_depth': 10, 'min_samples_leaf': 50}",0.188774324369406,1718,0.7386495925494762,0.829823781753375,0.4628868728688874,0.657896305125149,0.188774324369406,0.8796314448147422,0.8796297748179851,0.8796297748179851,0.9535472650653236,0.9515123854364016,10202.0,0.8419864559819413,0.886726062602007,0.524422973698336,0.6161993769470405,0.2049976107384037,886.0,0.0813851356506347,0.0793249607086181,2026-04-22T09:21:48.587267+00:00
NR-ER-LBD,maccs,XGBoost,smoteenn,pr_auc,"{'colsample_bytree': 0.8, 'learning_rate': 0.05, 'max_depth': 3, 'min_child_weight': 5, 'n_estimators': 200, 'scale_pos_weight': 1, 'subsample': 0.8}",0.19590985636386798,1718,0.9412107101280559,0.9511053686324137,0.5741879121175758,0.5672824791418355,0.19590985636386798,0.9077077077077077,0.9077043341324716,0.9077074709655859,0.9664146081832603,0.9623551973703509,9990.0,0.8950338600451467,0.9170807623853474,0.5454329800791098,0.6362344236760124,0.16095512899684683,886.0,0.44800782203674316,0.43010497093200684,2026-04-30T01:34:49.756615+00:00
NR-ER-LBD,maccs,XGBoost,smoten,pr_auc,"{'colsample_bytree': 0.8, 'learning_rate': 0.1, 'max_depth': 7, 'min_child_weight': 1, 'n_estimators': 200, 'scale_pos_weight': 1, 'subsample': 0.8}",0.2319334630776331,1718,0.9772991850989523,0.9716074905893533,0.6263113570070107,0.7312127532777115,0.2319334630776331,0.9947069202117232,0.9947069151261697,0.9947069151261698,0.9997467736701957,0.9997255407849225,10202.0,0.9514672686230248,0.9483610928444443,0.5818323509719341,0.755373831775701,0.19172470333651856,886.0,0.7066490650177002,0.6894979476928711,2026-04-30T01:35:04.889809+00:00
NR-ER-LBD,maccs,XGBoost,smoten_enn,pr_auc,"{'colsample_bytree': 0.8, 'learning_rate': 0.1, 'max_depth': 3, 'min_child_weight': 5, 'n_estimators': 100, 'scale_pos_weight': 1, 'subsample': 0.8}",0.22614823146196247,1718,0.9778812572759022,0.9706127999069051,0.5985586383313656,0.5461710369487485,0.22614823146196247,0.9424638542285602,0.9424239222354757,0.942436779595478,0.9883160831609729,0.9872974071648907,10098.0,0.909706546275395,0.9261875838630476,0.5679418720893376,0.6835280373831776,0.13478629816208787,886.0,0.23063898086547852,0.23038005828857422,2026-04-30T01:35:09.683574+00:00
NR-ER-LBD,map4,RandomForest,none,pr_auc,"{'max_depth': 10, 'max_features': 'sqrt', 'min_samples_leaf': 10, 'n_estimators': 200}",0.2655101346758886,1718,0.9778812572759022,0.967998982627276,0.5420209332996604,0.7420664481525626,0.2655101346758886,0.9875093214019388,0.987756854172154,0.9356888740721414,0.9965461927617264,0.9331693254057872,5364.0,0.9627539503386005,0.9543281802731686,0.588028913218075,0.7366822429906541,0.1729656570226157,886.0,1.2525839805603027,0.8405859470367432,2026-04-21T18:08:02.256168+00:00
NR-ER-LBD,map4,RandomForest,random_over,pr_auc,"{'max_depth': 15, 'max_features': 'log2', 'min_samples_leaf': 20, 'n_estimators': 200}",0.2823990894097583,1718,0.9778812572759022,0.967998982627276,0.5420209332996604,0.7194353396901073,0.2823990894097583,0.9770633209174672,0.9770579566471542,0.9770579566471544,0.9981506676293546,0.9980984436715192,10202.0,0.9672686230248309,0.9586546439717978,0.6198381345525027,0.7246884735202492,0.2265302629365428,886.0,0.9880080223083496,1.1200718879699707,2026-04-21T18:08:04.942345+00:00
NR-ER-LBD,map4,RandomForest,random_under,pr_auc,"{'max_depth': 5, 'max_features': 'sqrt', 'min_samples_leaf': 20, 'n_estimators': 100}",0.2455029558725793,1718,0.9761350407450524,0.9714014019210634,0.6342839934995821,0.700618295589988,0.2455029558725793,0.8719898605830165,0.8707267259303458,0.8532422831065365,0.9029261663461956,0.8806447416569979,789.0,0.7934537246049661,0.8573701869517995,0.507734439279718,0.7191588785046729,0.2041568121401103,886.0,0.3449029922485351,0.2175052165985107,2026-04-21T18:08:07.152116+00:00
NR-ER-LBD,map4,LogisticRegression,smote,pr_auc,"{'C': 0.01, 'l1_ratio': 1.0}",0.0794760774597321,1718,0.8317811408614668,0.8877848067845922,0.4800781188642397,0.5298718712753279,0.0794760774597321,0.8733581650656734,0.8733511366434606,0.8733511366434608,0.9360207094480169,0.942362849325384,10202.0,0.8340857787810384,0.8821835764551634,0.5242666316008635,0.6370327102803738,0.166675823974184,886.0,0.2051222324371338,0.1828060150146484,2026-04-21T08:45:58.448942+00:00
NR-ER-LBD,map4,LogisticRegression,smoteenn,pr_auc,"{'C': 0.01, 'l1_ratio': 1.0}",0.0822666196270094,1718,0.8416763678696159,0.8937162771175493,0.4878049849836683,0.5353694874851013,0.0822666196270094,0.8766745468873128,0.8766681994728026,0.8766620961896194,0.9390398294192028,0.9437675526262792,10152.0,0.8408577878103838,0.8862948384932481,0.5288567064547152,0.6360981308411214,0.1659100805875264,886.0,0.2178270816802978,0.2119839191436767,2026-04-21T08:46:00.012674+00:00
NR-ER-LBD,map4,LogisticRegression,smoten,pr_auc,"{'C': 0.01, 'l1_ratio': 1.0}",0.0725767190809024,1718,0.8550640279394645,0.9018741210236516,0.5045946781640743,0.5335592967818832,0.0725767190809024,0.8867869045285238,0.8867855720284956,0.8867855720284956,0.9550038064655996,0.9580708204950088,10202.0,0.8397291196388262,0.885363826684997,0.5229189418759859,0.6100467289719625,0.1675664884915937,886.0,0.2179369926452636,0.2016901969909668,2026-04-21T08:46:03.970304+00:00
NR-ER-LBD,map4,LogisticRegression,smoten_enn,pr_auc,"{'C': 0.01, 'l1_ratio': 1.0}",0.071848413540096,1718,0.860302677532014,0.9049333269451976,0.5076235240169666,0.5311457091775924,0.071848413540096,0.8899891078324587,0.8899916751263641,0.8899841199471565,0.9611316590937494,0.9615312466965884,10099.0,0.8419864559819413,0.886726062602007,0.524422973698336,0.608411214953271,0.1703069780300824,886.0,0.2198119163513183,0.2543721199035644,2026-04-21T08:46:05.567944+00:00
NR-ER-LBD,mhfp,KNeighbors,none,pr_auc,"{'n_neighbors': 15, 'weights': 'distance'}",0.2015797323488128,1718,0.979627473806752,0.9718099616258444,0.6059503915593565,0.7025327771156139,0.2015797323488128,0.9986950037285608,0.9986890613829624,0.992939247782044,0.9999791288221276,0.9995156979260686,5364.0,0.9661399548532732,0.9565531612780692,0.596612638863595,0.6481308411214953,0.2009482976666248,886.0,51.887486934661865,36.11491394042969,2026-04-24T01:04:18.500342+00:00
NR-ER-LBD,mhfp,RandomForest,random_over,pr_auc,"{'max_depth': 10, 'max_features': 'log2', 'min_samples_leaf': 5, 'n_estimators': 200}",0.1856227286101251,1718,0.9767171129220024,0.9652127888593168,0.4941107184923439,0.58640494636472,0.1856227286101251,0.9987257400509704,0.9987257379819022,0.998725737981902,0.9995695267688364,0.9988035384044074,10202.0,0.9661399548532732,0.9515986222464388,0.5226293103448276,0.6588395638629283,0.1923589842032224,886.0,1.2918250560760498,1.1287791728973389,2026-04-21T18:09:29.829614+00:00
NR-ER-LBD,mhfp,XGBoost,random_under,pr_auc,"{'colsample_bytree': 0.8, 'learning_rate': 0.05, 'max_depth': 7, 'min_child_weight': 1, 'n_estimators': 200, 'scale_pos_weight': 1, 'subsample': 0.8}",0.21000029514132543,1718,0.9778812572759022,0.9679989826272761,0.5420209332996604,0.6924985101311085,0.21000029514132543,1.0,1.0,1.0,1.0,1.0,789.0,0.9492099322799097,0.9487943328656151,0.6055092166582564,0.6735981308411215,0.1388180935655368,886.0,1.1380078792572021,1.1905851364135742,2026-04-30T01:39:44.872318+00:00
NR-ER-LBD,mhfp,LogisticRegression,smote,pr_auc,"{'C': 1, 'l1_ratio': 1.0}",0.1866166738957049,1718,0.9749708963911524,0.9700063483562372,0.6164441883044397,0.646446662693683,0.1866166738957049,0.9993138600274456,0.9993138600208532,0.9993138600208532,0.9999913144406531,0.9999905248723286,10202.0,0.9548532731376976,0.9504696885085588,0.5883855981416957,0.6850467289719625,0.2048863141955832,886.0,2.25679087638855,1.9528560638427737,2026-04-21T08:46:16.379565+00:00
NR-ER-LBD,mhfp,LogisticRegression,smoteenn,pr_auc,"{'C': 1, 'l1_ratio': 1.0}",0.172648826805836,1718,0.9743888242142026,0.9696149315839104,0.6141769257467181,0.6460443980929678,0.172648826805836,0.9995091783645824,0.9995091782889074,0.9995091771537832,0.99999184772742,0.999991126286919,10187.0,0.9571106094808126,0.9529462040831308,0.6089663182346109,0.6913551401869159,0.2017183248325832,886.0,1.9829912185668943,1.7940301895141602,2026-04-21T08:46:19.144043+00:00
NR-ER-LBD,mhfp,BernoulliNB,smoten,pr_auc,{'alpha': 0.1},0.1800580521546676,1718,0.9772991850989524,0.9666328436572824,0.5186465031071519,0.579745232419547,0.1800580521546676,0.9133503234659872,0.9130058231688968,0.9130058231688968,0.9795550387946658,0.976287355142491,10202.0,0.9514672686230248,0.94933190039227,0.596569068671573,0.7274922118380062,0.1392908560200499,886.0,0.6063919067382812,0.6425490379333496,2026-04-21T14:19:46.767678+00:00
NR-ER-LBD,mhfp,BernoulliNB,smoten_enn,pr_auc,{'alpha': 0.1},0.1802173273779474,1718,0.9772991850989524,0.9666328436572824,0.5186465031071519,0.5813691895113231,0.1802173273779474,0.915912667191188,0.9155825575429398,0.9155644255105644,0.9818725684338006,0.9777615452211272,10168.0,0.9514672686230248,0.9483610928444444,0.5818323509719341,0.7284657320872274,0.1394872347187167,886.0,0.6246700286865234,0.4145190715789795,2026-04-21T14:19:50.727260+00:00
NR-ER-LBD,morgan_2048,RandomForest,none,pr_auc,"{'max_depth': 15, 'max_features': 'sqrt', 'min_samples_leaf': 10, 'n_estimators': 100}",0.2874468300294472,1718,0.980209545983702,0.9729949267075798,0.6254200333461588,0.6458656138259833,0.2874468300294472,0.9369873228933632,0.9437048030210324,0.7353767975231822,0.950456296126235,0.6237662405962509,5364.0,0.9311512415349888,0.940765916999697,0.6230970396457338,0.783683800623053,0.2642986892023096,886.0,0.5027759075164795,0.3549058437347412,2026-04-21T18:10:48.908149+00:00
NR-ER-LBD,morgan_2048,XGBoost,random_over,pr_auc,"{'colsample_bytree': 0.8, 'learning_rate': 0.1, 'max_depth': 7, 'min_child_weight': 5, 'n_estimators': 200, 'scale_pos_weight': 1, 'subsample': 0.8}",0.28323580679704946,1718,0.9726426076833528,0.9700413144554044,0.6422783677339039,0.6188915375446961,0.28323580679704946,0.987257400509704,0.9872560247391438,0.9872560247391438,0.9979989009308575,0.997568876655005,10202.0,0.9345372460496614,0.9390208457830403,0.5686755078059426,0.709423676012461,0.17429799065169976,886.0,4.93153190612793,4.884069919586182,2026-04-30T01:44:40.538794+00:00
NR-ER-LBD,morgan_2048,BernoulliNB,random_under,pr_auc,{'alpha': 10.0},0.2942304270289014,1718,0.9778812572759022,0.967998982627276,0.5420209332996604,0.7203665077473183,0.2942304270289014,0.7211660329531052,0.6464191976003,0.5562429696287964,0.8330465960184474,0.7204813000690151,789.0,0.9661399548532732,0.9515986222464388,0.5226293103448276,0.6923286604361371,0.1264612980145675,886.0,0.0675311088562011,0.0238070487976074,2026-04-21T14:19:57.249406+00:00
NR-ER-LBD,morgan_2048,RandomForest,smote,pr_auc,"{'max_depth': 10, 'max_features': 'log2', 'min_samples_leaf': 5, 'n_estimators': 200}",0.1943721466728165,1718,0.8306169965075669,0.8876492057121712,0.5000195016576409,0.6288587604290823,0.1943721466728165,0.9245246030190158,0.9244792531899,0.9244792531899,0.974025488888422,0.9729507644198824,10202.0,0.8826185101580135,0.9113703706754984,0.5621198296836982,0.718107476635514,0.190106921896814,886.0,1.2275440692901611,0.8219029903411865,2026-04-21T18:11:38.379386+00:00
NR-ER-LBD,morgan_2048,RandomForest,smoteenn,pr_auc,"{'max_depth': 5, 'max_features': 'sqrt', 'min_samples_leaf': 5, 'n_estimators': 200}",0.2142990319173789,1718,0.8463329452852154,0.8970262984351703,0.5090089504929916,0.6176102502979737,0.2142990319173789,0.9123619873817036,0.9123545238059456,0.9123579323681028,0.9694555464448598,0.9664026052692914,10144.0,0.8837471783295711,0.9116789127505924,0.5567310261080752,0.7282710280373832,0.2387988940063822,886.0,2.454127073287964,2.4203341007232666,2026-04-21T18:11:56.583134+00:00
NR-ER-LBD,morgan_2048,XGBoost,smoten,pr_auc,"{'colsample_bytree': 0.8, 'learning_rate': 0.1, 'max_depth': 3, 'min_child_weight': 10, 'n_estimators': 100, 'scale_pos_weight': 1, 'subsample': 0.8}",0.2034006034454914,1718,0.9784633294528522,0.9717492679003442,0.6169869187710514,0.6442714541120381,0.2034006034454914,0.9573613017055479,0.9573398074138684,0.9573398074138684,0.9867727001801407,0.9878642622384084,10202.0,0.9300225733634312,0.9389543147571938,0.603608024245923,0.7676791277258567,0.1761847142362594,886.0,2.510119915008545,2.4414262771606445,2026-04-30T01:47:19.764111+00:00
NR-ER-LBD,morgan_2048,XGBoost,smoten_enn,pr_auc,"{'colsample_bytree': 0.8, 'learning_rate': 0.05, 'max_depth': 3, 'min_child_weight': 5, 'n_estimators': 100, 'scale_pos_weight': 1, 'subsample': 0.8}",0.1907693699417716,1718,0.9569266589057043,0.9600440286903916,0.5953117638819919,0.5987708581644815,0.1907693699417716,0.9543560230204405,0.9542981546206319,0.954314998943581,0.988865345970803,0.9859531093963602,10078.0,0.9018058690744921,0.9215221128621744,0.5596195046704945,0.7500389408099689,0.14777345224694582,886.0,2.566235303878784,2.5083062648773193,2026-04-30T01:47:58.116348+00:00
NR-ER-LBD,morgan_4096,XGBoost,none,pr_auc,"{'colsample_bytree': 0.8, 'learning_rate': 0.1, 'max_depth': 3, 'min_child_weight': 1, 'n_estimators': 200, 'scale_pos_weight': 1, 'subsample': 0.8}",0.28377727307007866,1718,0.9784633294528522,0.9693149791751978,0.5643150398563389,0.6373659117997617,0.28377727307007866,0.9739000745712155,0.9699485438396146,0.8182223082881488,0.979883911527077,0.8286089898257254,5364.0,0.9661399548532731,0.9550873287493109,0.5746927803379417,0.7471183800623054,0.23640232112285658,886.0,6.338835954666138,6.243138074874878,2026-04-30T01:48:04.090711+00:00
NR-ER-LBD,morgan_4096,XGBoost,random_over,pr_auc,"{'colsample_bytree': 0.8, 'learning_rate': 0.1, 'max_depth': 3, 'min_child_weight': 5, 'n_estimators': 100, 'scale_pos_weight': 1, 'subsample': 0.8}",0.2788294283277456,1718,0.969732246798603,0.9680866951481373,0.631159994715286,0.6532851609058403,0.2788294283277456,0.9071750637129975,0.9070724576061168,0.9070724576061169,0.973421458197037,0.9682369515332708,10202.0,0.90744920993228,0.9262532731479235,0.5885977032322363,0.7277063862928349,0.25709940700903516,886.0,6.28654408454895,6.20004677772522,2026-04-30T01:48:18.477224+00:00
NR-ER-LBD,morgan_4096,RandomForest,random_under,pr_auc,"{'max_depth': 15, 'max_features': 'log2', 'min_samples_leaf': 5, 'n_estimators': 200}",0.2538911301656142,1718,0.980209545983702,0.9729949267075798,0.6254200333461588,0.5577398688915376,0.2538911301656142,0.8428390367553865,0.8337157181399103,0.8051510419985979,0.9277566539923956,0.8708004104655892,789.0,0.9243792325056434,0.9349396137537656,0.586024617315806,0.7536604361370718,0.2259215798372482,886.0,0.4688179492950439,0.3715519905090332,2026-04-21T18:13:26.675444+00:00
NR-ER-LBD,morgan_4096,LogisticRegression,smote,pr_auc,"{'C': 0.001, 'l1_ratio': 0.0}",0.191516731473008,1718,0.9383003492433062,0.9494213942141884,0.5699157345828295,0.5791418355184745,0.191516731473008,0.912762203489512,0.9127614491266248,0.9127614491266248,0.9658979959455346,0.9657992535722248,10202.0,0.8984198645598194,0.9204099532603164,0.5711058519793459,0.7093068535825545,0.1922196194723835,886.0,0.4743258953094482,0.281613826751709,2026-04-21T08:47:00.420504+00:00
NR-ER-LBD,morgan_4096,RandomForest,smoteenn,pr_auc,"{'max_depth': 5, 'max_features': 'sqrt', 'min_samples_leaf': 5, 'n_estimators': 100}",0.2070779059202308,1718,0.8422584400465658,0.8943418654481202,0.4975388384353466,0.5932359952324195,0.2070779059202308,0.9091625615763548,0.909050031917116,0.9090652703084712,0.9724225041175582,0.9724966593635348,10150.0,0.8690744920993227,0.9032728215439674,0.5501750700280112,0.7009345794392523,0.2182432244937698,886.0,1.4525649547576904,1.6599938869476318,2026-04-21T18:14:19.829572+00:00
NR-ER-LBD,morgan_4096,XGBoost,smoten,pr_auc,"{'colsample_bytree': 0.8, 'learning_rate': 0.1, 'max_depth': 7, 'min_child_weight': 1, 'n_estimators': 200, 'scale_pos_weight': 1, 'subsample': 0.8}",0.2115523466258237,1718,0.9790454016298021,0.9714063929844962,0.6033859176606388,0.6973331346841478,0.2115523466258237,0.9890217604391296,0.9890215743727077,0.9890215743727075,0.999343356340714,0.9992884962654927,10202.0,0.9616252821670429,0.9559412844629321,0.6205854199203991,0.7032710280373831,0.1929969463877062,886.0,12.901631832122803,12.657350778579712,2026-04-30T01:50:51.899132+00:00
NR-ER-LBD,morgan_4096,XGBoost,smoten_enn,pr_auc,"{'colsample_bytree': 0.8, 'learning_rate': 0.1, 'max_depth': 3, 'min_child_weight': 5, 'n_estimators': 100, 'scale_pos_weight': 1, 'subsample': 0.8}",0.1966882755437201,1718,0.9778812572759022,0.9706127999069051,0.5985586383313656,0.6162917163289631,0.1966882755437201,0.9694059405940594,0.9693967848289645,0.9694007929321391,0.9955808648497,0.9952956267022084,10100.0,0.9424379232505643,0.9460398699459833,0.6154612065664173,0.7291277258566977,0.21866290329995008,886.0,6.494317054748535,6.468181848526001,2026-04-30T01:54:43.606078+00:00
NR-ER-LBD,pubchem,XGBoost,none,pr_auc,"{'colsample_bytree': 0.8, 'learning_rate': 0.05, 'max_depth': 3, 'min_child_weight': 5, 'n_estimators': 100, 'scale_pos_weight': 8, 'subsample': 0.8}",0.36909719723411305,1718,0.980791618160652,0.9741417697790471,0.6440674773830226,0.6962008343265793,0.36909719723411305,0.9476137211036539,0.9513080696803831,0.7591224953339776,0.9421723020089255,0.6537491185300673,5364.0,0.9334085778781038,0.940425639736453,0.5994789870896066,0.7854945482866045,0.17862724490730672,886.0,0.6455798149108887,0.6547110080718994,2026-04-30T01:56:16.345789+00:00
NR-ER-LBD,pubchem,XGBoost,random_over,pr_auc,"{'colsample_bytree': 0.8, 'learning_rate': 0.05, 'max_depth': 3, 'min_child_weight': 5, 'n_estimators': 100, 'scale_pos_weight': 1, 'subsample': 0.8}",0.3168709879306929,1718,0.9813736903376019,0.9752528841321306,0.6619441164895711,0.6461859356376639,0.3168709879306929,0.8499313860027445,0.8497826693963401,0.8497826693963401,0.9431826833313086,0.9432727938195558,10202.0,0.8769751693002258,0.9095440295320568,0.5854250108393755,0.7804906542056075,0.17568166566922772,886.0,1.1696560382843018,1.1210649013519287,2026-04-30T01:57:30.644069+00:00
NR-ER-LBD,pubchem,XGBoost,random_under,pr_auc,"{'colsample_bytree': 0.8, 'learning_rate': 0.1, 'max_depth': 3, 'min_child_weight': 1, 'n_estimators': 100, 'scale_pos_weight': 1, 'subsample': 0.8}",0.32055734646737344,1718,0.980791618160652,0.9754126926631594,0.671596142149622,0.6723107866507748,0.32055734646737344,0.899873257287706,0.8979165612737336,0.8832133883687423,0.9711214561436482,0.9467986283570956,789.0,0.8972911963882618,0.9205413060725302,0.5836186639812018,0.7717484423676012,0.18419258461601173,886.0,0.1227719783782959,0.10302114486694336,2026-04-30T01:58:17.488510+00:00
NR-ER-LBD,pubchem,RandomForest,smote,pr_auc,"{'max_depth': 10, 'max_features': 'sqrt', 'min_samples_leaf': 20, 'n_estimators': 200}",0.2123399138481627,1718,0.910360884749709,0.93328219850364,0.5338661141532238,0.5818608462455304,0.2123399138481627,0.908351303665948,0.9083507533168252,0.9083507533168252,0.9690203968831754,0.9684846065649818,10202.0,0.9209932279909706,0.9349584763249056,0.6145336117740652,0.6735786604361371,0.2393648481043184,886.0,1.2999989986419678,1.5822060108184814,2026-04-21T18:16:28.533549+00:00
NR-ER-LBD,pubchem,RandomForest,smoteenn,pr_auc,"{'max_depth': 15, 'max_features': 'log2', 'min_samples_leaf': 10, 'n_estimators': 200}",0.220058694332107,1718,0.9563445867287544,0.9593108896289086,0.5855567242094699,0.5786576281287247,0.220058694332107,0.9056584877315974,0.905667492599318,0.9056549665974244,0.965896166077503,0.9637823298497415,9985.0,0.91196388261851,0.9285180424897664,0.5866746411483253,0.6751947040498442,0.227015846783066,886.0,1.0895469188690186,0.8279542922973633,2026-04-21T18:16:34.563291+00:00
NR-ER-LBD,pubchem,XGBoost,smoten,pr_auc,"{'colsample_bytree': 0.8, 'learning_rate': 0.1, 'max_depth': 5, 'min_child_weight': 10, 'n_estimators': 100, 'scale_pos_weight': 1, 'subsample': 0.8}",0.2565074800982096,1718,0.980209545983702,0.9729949267075798,0.6254200333461588,0.6314511323003575,0.2565074800982096,0.9733385610664576,0.9733365772083572,0.9733365772083573,0.9939497969289323,0.9946606529910037,10202.0,0.9480812641083521,0.9503499075822492,0.6380333226757612,0.7614291277258567,0.2779483125277562,886.0,1.3335390090942383,1.2972111701965332,2026-04-30T01:58:43.188965+00:00
NR-ER-LBD,pubchem,XGBoost,smoten_enn,pr_auc,"{'colsample_bytree': 0.8, 'learning_rate': 0.1, 'max_depth': 3, 'min_child_weight': 1, 'n_estimators': 200, 'scale_pos_weight': 1, 'subsample': 0.8}",0.23211627932237325,1718,0.9796274738067521,0.9718099616258443,0.6059503915593565,0.5828814064362337,0.23211627932237325,0.9809798844851623,0.9809794602927465,0.9809798526094317,0.9973358042069524,0.9965009934091655,10042.0,0.945823927765237,0.9481912079119122,0.6222956410529681,0.7240070093457944,0.24080681536491816,886.0,1.8110580444335938,1.794372797012329,2026-04-30T01:59:01.551046+00:00
NR-ER-LBD,rdkit,RUSBoost,none,pr_auc,"{'learning_rate': 0.1, 'n_estimators': 50, 'sampling_strategy': 'auto'}",0.2911790919560125,1718,0.980209545983702,0.9737061893903888,0.6408156237701692,0.7290971394517282,0.2911790919560125,0.90137956748695,0.92154934806417,0.6982509534815835,0.940278615316612,0.6380482136785773,5364.0,0.8882618510158014,0.9135559263865988,0.5470137113641645,0.7729361370716511,0.1515496784936934,886.0,1.3078560829162598,1.258617877960205,2026-04-29T18:52:16.993973+00:00
NR-ER-LBD,rdkit,RandomForest,random_over,pr_auc,"{'max_depth': 15, 'max_features': 'log2', 'min_samples_leaf': 20, 'n_estimators': 100}",0.2522790107073284,1718,0.979045401629802,0.9705842636836882,0.585602487135506,0.7509013706793801,0.2522790107073284,0.9605959615761616,0.9605950892835696,0.9605950892835696,0.9929542435125692,0.9914709156741917,10202.0,0.9446952595936796,0.9442427180092254,0.5704433692501014,0.775506230529595,0.1965629234962583,886.0,0.7341570854187012,0.7135708332061768,2026-04-21T18:17:53.360283+00:00
NR-ER-LBD,rdkit,BernoulliNB,random_under,pr_auc,{'alpha': 50.0},0.2798558550230193,1718,0.980209545983702,0.9755212495419672,0.6801585737126836,0.6187723480333731,0.2798558550230193,0.7313054499366286,0.7265687636633451,0.6876391233547963,0.7777978574216773,0.591582736450196,789.0,0.8103837471783296,0.8664428235988066,0.4805695142378559,0.6708528037383178,0.0549727260110356,886.0,0.0515000820159912,0.0135092735290527,2026-04-21T14:20:55.469396+00:00
NR-ER-LBD,rdkit,LogisticRegression,smote,pr_auc,"{'C': 0.001, 'l1_ratio': 0.0}",0.1391701105069812,1718,0.9516880093131548,0.9561864705376808,0.5683717607601335,0.5103024433849821,0.1391701105069812,0.9146245834150166,0.9146087318398104,0.9146087318398106,0.968791728395949,0.968818928236896,10202.0,0.9198645598194132,0.9332946246563026,0.5971360320723421,0.6445482866043614,0.1736808930860797,886.0,0.6490039825439453,0.6043360233306885,2026-04-21T08:47:32.668048+00:00
NR-ER-LBD,rdkit,LogisticRegression,smoteenn,pr_auc,"{'C': 0.001, 'l1_ratio': 0.0}",0.136169910948731,1718,0.9540162980209546,0.957543364372598,0.5723877187731375,0.5036278307508939,0.136169910948731,0.9219015280135824,0.9219033102727474,0.9219013963694394,0.9730928725095098,0.9711447513897574,10013.0,0.9209932279909706,0.9334564445028984,0.590302549874488,0.6429906542056074,0.1703241028820201,886.0,0.6832349300384521,0.6575367450714111,2026-04-21T08:47:34.205803+00:00
NR-ER-LBD,rdkit,XGBoost,smoten,pr_auc,"{'colsample_bytree': 0.8, 'learning_rate': 0.05, 'max_depth': 7, 'min_child_weight': 1, 'n_estimators': 200, 'scale_pos_weight': 1, 'subsample': 0.8}",0.16740653375332556,1718,0.9778812572759022,0.9679989826272761,0.5420209332996604,0.5848107866507748,0.16740653375332556,0.9949029602038816,0.9949029506053616,0.9949029506053616,0.9996660479294529,0.9996271821366454,10202.0,0.9582392776523702,0.9501895525529864,0.5590676153711649,0.7099688473520249,0.18080008750078358,886.0,7.966034173965454,7.801671028137207,2026-04-30T02:02:26.168919+00:00
NR-ER-LBD,rdkit,XGBoost,smoten_enn,pr_auc,"{'colsample_bytree': 0.8, 'learning_rate': 0.1, 'max_depth': 7, 'min_child_weight': 10, 'n_estimators': 200, 'scale_pos_weight': 1, 'subsample': 0.8}",0.14836657523922103,1718,0.9778812572759022,0.9679989826272761,0.5420209332996604,0.5538066150178784,0.14836657523922103,0.9961205610265592,0.9961207079893251,0.9961200444301707,0.9996999226291274,0.9996276808279858,10053.0,0.9593679458239278,0.9508724577005739,0.5610239471511148,0.6735591900311526,0.15730814878933597,886.0,6.766474962234497,6.559174060821533,2026-04-30T02:03:32.538173+00:00
NR-ER-LBD,topological_torsion,BernoulliNB,none,pr_auc,{'alpha': 10.0},0.322446353670683,1718,0.9772991850989524,0.9666328436572824,0.5186465031071519,0.7290673420738976,0.322446353670683,0.935682326621924,0.9285353660614252,0.5792727883675604,0.6845407185499301,0.1188775293356611,5364.0,0.95372460496614,0.9448046393154717,0.511399249465345,0.5748442367601246,0.0478040127495944,886.0,0.044523000717163,0.0135719776153564,2026-04-21T14:21:03.691472+00:00
NR-ER-LBD,topological_torsion,RandomForest,random_over,pr_auc,"{'max_depth': 10, 'max_features': 'log2', 'min_samples_leaf': 20, 'n_estimators': 100}",0.2059143853585836,1718,0.980209545983702,0.9729949267075798,0.6254200333461588,0.5587306317044101,0.2059143853585836,0.7940599882376005,0.7891617540771731,0.7891617540771731,0.9183002275808708,0.9173992589749488,10202.0,0.9334085778781038,0.9397734150426128,0.5892830485169908,0.7121884735202493,0.2030659763917912,886.0,0.5699079036712646,0.6166331768035889,2026-04-21T18:19:40.941353+00:00
NR-ER-LBD,topological_torsion,BernoulliNB,random_under,pr_auc,{'alpha': 10.0},0.3253699999438667,1718,0.9784633294528522,0.9693149791751978,0.5643150398563389,0.7163289630512515,0.3253699999438667,0.7325728770595691,0.6820503778929675,0.608639232695088,0.7979224797235757,0.6662663164794717,789.0,0.9604966139954854,0.9515601911988152,0.563060968564625,0.6513239875389408,0.0759779138112333,886.0,0.0495119094848632,0.0135731697082519,2026-04-21T14:21:08.266346+00:00
NR-ER-LBD,topological_torsion,BernoulliNB,smote,pr_auc,{'alpha': 50.0},0.1392818390908058,1718,0.1542491268917345,0.2447677025444749,0.140279029592263,0.4483611442193087,0.1392818390908058,0.8395412664183494,0.8369217418535322,0.8369217418535322,0.9465976646375636,0.93747546537836,10202.0,0.6591422121896162,0.7667642415717442,0.4350635092223498,0.612266355140187,0.1182651595428901,886.0,0.5707731246948242,0.4744620323181152,2026-04-21T14:21:09.743612+00:00
NR-ER-LBD,topological_torsion,BernoulliNB,smoteenn,pr_auc,{'alpha': 50.0},0.1393901282171118,1718,0.1711292200232828,0.2699964719016691,0.1534895952277147,0.4487783075089391,0.1393901282171118,0.8495750148250643,0.8475830026436252,0.8477224434963259,0.9509652283197724,0.9393762667641188,10118.0,0.6772009029345373,0.7797040724821422,0.4437214611872146,0.6110981308411214,0.1149456806729115,886.0,0.4204161167144775,0.4202909469604492,2026-04-21T14:21:10.672227+00:00
NR-ER-LBD,topological_torsion,BernoulliNB,smoten,pr_auc,{'alpha': 50.0},0.1322005863327866,1718,0.1769499417927823,0.2792003391175668,0.1576574139956531,0.431629916567342,0.1322005863327866,0.8690452852381886,0.8673539541641809,0.8673539541641809,0.9699879528217326,0.9625858700255276,10202.0,0.7110609480812641,0.803270241459773,0.4570662581386442,0.6109423676012461,0.1218675585423185,886.0,0.6617522239685059,0.4281458854675293,2026-04-21T14:21:16.183098+00:00
NR-ER-LBD,topological_torsion,BernoulliNB,smoten_enn,pr_auc,{'alpha': 50.0},0.1320676102559917,1718,0.2037252619324796,0.3172899688203691,0.1776360725122888,0.4299463647199046,0.1320676102559917,0.8863500894098947,0.885135487901462,0.8852848421556636,0.9794508629609384,0.9681939858876568,10066.0,0.7268623024830699,0.8138863672336235,0.4580354886001719,0.6079828660436137,0.1163897795832814,886.0,0.464850902557373,0.3843801021575928,2026-04-21T14:21:16.536839+00:00
NR-PPAR-gamma,atom_pair,XGBoost,none,pr_auc,"{'colsample_bytree': 0.8, 'learning_rate': 0.05, 'max_depth': 5, 'min_child_weight': 1, 'n_estimators': 100, 'scale_pos_weight': 8, 'subsample': 0.8}",0.18740690661446438,1678,0.9785458879618594,0.9679351494176947,0.49457831325301205,0.8052679658952497,0.18740690661446438,0.9953185426419703,0.9952768972808843,0.9566716475540928,0.9986211282335673,0.964533184169054,4913.0,0.9436781609195403,0.9284799699788133,0.570171104770163,0.6662093710426339,0.20011301670199383,870.0,1.746788740158081,1.7976908683776855,2026-04-30T02:07:46.821957+00:00
NR-PPAR-gamma,atom_pair,XGBoost,random_over,pr_auc,"{'colsample_bytree': 0.8, 'learning_rate': 0.05, 'max_depth': 3, 'min_child_weight': 5, 'n_estimators': 200, 'scale_pos_weight': 1, 'subsample': 0.8}",0.2288350851238574,1678,0.9785458879618594,0.9690579173450742,0.5208908346816408,0.7780653674380837,0.2288350851238574,0.9582111436950147,0.9582066505260852,0.9582066505260853,0.9912863043412254,0.9901509867528767,9548.0,0.8701149425287357,0.890167431843149,0.5582347363832856,0.5863233431827775,0.1712356137266395,870.0,4.478770017623901,4.399502992630005,2026-04-30T02:08:02.097660+00:00
NR-PPAR-gamma,atom_pair,XGBoost,random_under,pr_auc,"{'colsample_bytree': 0.8, 'learning_rate': 0.05, 'max_depth': 5, 'min_child_weight': 1, 'n_estimators': 100, 'scale_pos_weight': 1, 'subsample': 0.8}",0.11587374163415291,1678,0.9773539928486293,0.967338912753134,0.49427365883062085,0.7236263364460684,0.11587374163415291,0.973621103117506,0.9733335975533229,0.9697005726968273,0.9984990424926246,0.9973178546857551,417.0,0.8551724137931035,0.8810207682848221,0.5458537717088692,0.6944649641198818,0.1550202308751569,870.0,0.25191807746887207,0.2281498908996582,2026-04-30T02:08:31.998615+00:00
NR-PPAR-gamma,atom_pair,LogisticRegression,smote,pr_auc,"{'C': 1, 'l1_ratio': 1.0}",0.0349994285842942,1678,0.7729439809296782,0.8534312322197549,0.4581329888807239,0.5727094329408581,0.0349994285842942,0.994763301214914,0.9947632975385964,0.9947632975385964,0.999886929427992,0.9998860944919212,9548.0,0.8770114942528736,0.88682029333582,0.4851757835183249,0.4902912621359223,0.0556987372578774,870.0,0.7278897762298584,0.6601037979125977,2026-04-21T08:48:07.850805+00:00
NR-PPAR-gamma,atom_pair,LogisticRegression,smoteenn,pr_auc,"{'C': 0.1, 'l1_ratio': 1.0}",0.0381355589181676,1678,0.7896305125148987,0.8637983262309724,0.4600237200343129,0.5462342671538775,0.0381355589181676,0.9726070528967254,0.972604359638148,0.9726048726397818,0.9939891642413796,0.9943863299500458,9528.0,0.8689655172413793,0.8852646079155501,0.5123030624889361,0.480134022794428,0.0571686671999786,870.0,0.3736891746520996,0.2888929843902588,2026-04-21T08:48:08.561359+00:00
NR-PPAR-gamma,atom_pair,DecisionTree,smoten,pr_auc,"{'ccp_alpha': 0.0, 'criterion': 'gini', 'max_depth': 15, 'min_samples_leaf': 20}",0.048785702296716,1678,0.9445768772348032,0.9510905410342774,0.4962668861666586,0.5045760590066315,0.048785702296716,0.9748638458315878,0.974863488488664,0.9748634884886642,0.9930496699673153,0.988809366293192,9548.0,0.9103448275862068,0.9051484202292628,0.5008679278590132,0.5072683621781342,0.0550404003016456,870.0,2.6641499996185303,1.935389757156372,2026-04-22T09:40:59.735343+00:00
NR-PPAR-gamma,atom_pair,RandomForest,smoten_enn,pr_auc,"{'max_depth': 10, 'max_features': 'log2', 'min_samples_leaf': 20, 'n_estimators': 200}",0.0564590273034353,1678,0.8289630512514898,0.887538204912305,0.4731254437701508,0.4241947489511435,0.0564590273034353,0.944121685856132,0.9440528814601268,0.944067743209664,0.9918195020956168,0.9911643184165364,9467.0,0.8632183908045977,0.8825563899018624,0.5156060655684014,0.4454938792739552,0.0641023477155908,870.0,1.2872672080993652,1.2620811462402344,2026-04-21T18:22:52.252115+00:00
NR-PPAR-gamma,avalon,XGBoost,none,pr_auc,"{'colsample_bytree': 0.8, 'learning_rate': 0.1, 'max_depth': 7, 'min_child_weight': 1, 'n_estimators': 200, 'scale_pos_weight': 8, 'subsample': 0.8}",0.35463358864776123,1678,0.9809296781883194,0.9742051660571208,0.6142196166336178,0.8027473271078631,0.35463358864776123,0.9997964583757378,0.9997968124856956,0.9981555128316313,0.9999992465181604,0.9999486125385405,4913.0,0.9471264367816092,0.9274169149475571,0.5440667152752461,0.6991610384128324,0.2156602264790029,870.0,1.0987629890441895,1.0930061340332031,2026-04-30T02:11:47.273988+00:00
NR-PPAR-gamma,avalon,XGBoost,random_over,pr_auc,"{'colsample_bytree': 0.8, 'learning_rate': 0.05, 'max_depth': 7, 'min_child_weight': 1, 'n_estimators': 100, 'scale_pos_weight': 1, 'subsample': 0.8}",0.31263476607992147,1678,0.9803337306317044,0.9737881549776725,0.6112986894474902,0.7632714169711734,0.31263476607992147,0.9948680351906158,0.9948679000261765,0.9948679000261765,0.9998133260579711,0.9997938089900139,9548.0,0.9413793103448276,0.9296767092917376,0.5924684270952928,0.6195915998311524,0.18673823711986903,870.0,1.08546781539917,1.065821886062622,2026-04-30T02:12:07.739815+00:00
NR-PPAR-gamma,avalon,RandomForest,random_under,pr_auc,"{'max_depth': 5, 'max_features': 'log2', 'min_samples_leaf': 5, 'n_estimators': 100}",0.0785127606210758,1678,0.9785458879618594,0.9679351494176948,0.494578313253012,0.7476569901204493,0.0785127606210758,0.9184652278177458,0.9174873804228882,0.906160648099121,0.9663060918171936,0.9504330921981607,417.0,0.8218390804597702,0.8626404616903728,0.5483486339932545,0.7030920219501899,0.1636099494090522,870.0,0.2682492733001709,0.1197500228881836,2026-04-21T18:23:51.689196+00:00
NR-PPAR-gamma,avalon,LogisticRegression,smote,pr_auc,"{'C': 1, 'l1_ratio': 1.0}",0.0867901842149768,1678,0.7562574493444577,0.8427942915658959,0.4701986652719827,0.6949012044931655,0.0867901842149768,0.9767490573942188,0.9767480126855348,0.9767480126855348,0.9961440828857752,0.9961697714278388,9548.0,0.8850574712643678,0.8938272079799475,0.5147796988287786,0.5428978471929085,0.0663667059598468,870.0,0.9859051704406738,0.9219043254852296,2026-04-21T08:48:20.397274+00:00
NR-PPAR-gamma,avalon,LogisticRegression,smoteenn,pr_auc,"{'C': 1, 'l1_ratio': 1.0}",0.0922318512282705,1678,0.7622169249106079,0.846655477619949,0.4710091738770079,0.684564893760996,0.0922318512282705,0.9828276443320692,0.9828273361363788,0.9828275602786992,0.9976130509810718,0.9972959160948668,9492.0,0.8885057471264368,0.8958086969415121,0.5170290331996039,0.5387558041367667,0.0690801383330718,870.0,0.6997990608215332,0.6903102397918701,2026-04-21T08:48:21.060017+00:00
NR-PPAR-gamma,avalon,XGBoost,smoten,pr_auc,"{'colsample_bytree': 0.8, 'learning_rate': 0.1, 'max_depth': 5, 'min_child_weight': 1, 'n_estimators': 200, 'scale_pos_weight': 1, 'subsample': 0.8}",0.2686727363555753,1678,0.9785458879618594,0.9750286783969552,0.6612154249949526,0.747310190824198,0.2686727363555753,0.9986384583158777,0.9986384571061391,0.9986384571061391,0.9999926067553809,0.9999926190085251,9548.0,0.9471264367816092,0.9274169149475571,0.5440667152752461,0.5858220768256648,0.15372626804292855,870.0,1.5582537651062012,1.5082459449768066,2026-04-30T02:13:05.311413+00:00
NR-PPAR-gamma,avalon,XGBoost,smoten_enn,pr_auc,"{'colsample_bytree': 0.8, 'learning_rate': 0.1, 'max_depth': 5, 'min_child_weight': 5, 'n_estimators': 200, 'scale_pos_weight': 1, 'subsample': 0.8}",0.13754119335069503,1678,0.9767580452920143,0.9690223649736129,0.5406257238924884,0.702124780078495,0.13754119335069503,0.9987306960016924,0.9987307057731382,0.9987305909586495,0.999996419351258,0.9999963500273742,9454.0,0.9459770114942528,0.9249175850900169,0.5253021279559781,0.5809149430139299,0.09738758688079284,870.0,1.4668760299682617,1.4399123191833496,2026-04-30T02:13:06.658413+00:00
NR-PPAR-gamma,erg,RandomForest,none,pr_auc,"{'max_depth': 5, 'max_features': 'log2', 'min_samples_leaf': 10, 'n_estimators': 200}",0.0852677554920155,1678,0.9785458879618594,0.9690579173450742,0.5208908346816408,0.6560850588712952,0.0852677554920155,0.9163443924282516,0.9371361800029612,0.6311998771179483,0.9031708022773236,0.3640115945954978,4913.0,0.8839080459770114,0.8980461051208142,0.5647306501547987,0.5444676023638666,0.1589201617685634,870.0,0.663424015045166,0.4972982406616211,2026-04-21T18:24:32.749551+00:00
NR-PPAR-gamma,erg,RandomForest,random_over,pr_auc,"{'max_depth': 5, 'max_features': 'log2', 'min_samples_leaf': 5, 'n_estimators': 100}",0.0786822925056974,1678,0.9386174016686532,0.9502935493817624,0.5513170977380758,0.6538435512247937,0.0786822925056974,0.8108504398826979,0.8094656069916382,0.8094656069916382,0.8992207081403265,0.9069929516652374,9548.0,0.8540229885057471,0.8807881639723538,0.5502594891625114,0.566088011819333,0.1527261784276889,870.0,0.3193037509918213,0.213871955871582,2026-04-21T18:24:38.200510+00:00
NR-PPAR-gamma,erg,RandomForest,random_under,pr_auc,"{'max_depth': 5, 'max_features': 'sqrt', 'min_samples_leaf': 5, 'n_estimators': 200}",0.0899726213202318,1678,0.9290822407628128,0.9449361726167064,0.5407867351984086,0.5833671674110164,0.0899726213202318,0.8489208633093526,0.8458754406580494,0.8235957696827263,0.9080016562289736,0.8601570310861401,417.0,0.7977011494252874,0.847279123755573,0.5311179431903088,0.6817618193330519,0.1785343496357254,870.0,0.3676810264587402,0.2547769546508789,2026-04-21T18:24:43.755957+00:00
NR-PPAR-gamma,erg,RandomForest,smote,pr_auc,"{'max_depth': 10, 'max_features': 'log2', 'min_samples_leaf': 10, 'n_estimators': 200}",0.0938034531302747,1678,0.9785458879618594,0.9679351494176948,0.494578313253012,0.6323758289349033,0.0938034531302747,0.9291998324256387,0.9291192175058768,0.9291192175058768,0.9851867897768408,0.9857275241118132,9548.0,0.9114942528735632,0.9100829940143276,0.5440965298525238,0.5927210848459266,0.1637541009163308,870.0,1.044126033782959,0.7284030914306641,2026-04-21T18:24:54.103289+00:00
NR-PPAR-gamma,erg,RandomForest,smoteenn,pr_auc,"{'max_depth': 10, 'max_features': 'log2', 'min_samples_leaf': 5, 'n_estimators': 100}",0.0755585195712043,1678,0.9779499404052444,0.9676371209071476,0.4944260319373305,0.6081167952361619,0.0755585195712043,0.9441305043181576,0.9440721128878854,0.9440292078804242,0.9897672972539002,0.9896685860031806,9379.0,0.913793103448276,0.911446273233619,0.5462794918330308,0.585967180244829,0.1507508325646225,870.0,0.4432671070098877,0.2474689483642578,2026-04-21T18:25:07.426537+00:00
NR-PPAR-gamma,erg,XGBoost,smoten,pr_auc,"{'colsample_bytree': 0.8, 'learning_rate': 0.05, 'max_depth': 3, 'min_child_weight': 1, 'n_estimators': 200, 'scale_pos_weight': 1, 'subsample': 0.8}",0.05900714365433648,1678,0.42193087008343266,0.5726491648173211,0.31839120122212694,0.6550954120990662,0.05900714365433648,0.9472140762463344,0.947143050900002,0.947143050900002,0.9842272914187993,0.9817604457702314,9548.0,0.7965517241379311,0.8427764343942495,0.4795155800567162,0.48537093710426343,0.08797878162612288,870.0,0.886009693145752,0.8411698341369629,2026-04-30T02:14:08.391580+00:00
NR-PPAR-gamma,erg,XGBoost,smoten_enn,pr_auc,"{'colsample_bytree': 0.8, 'learning_rate': 0.1, 'max_depth': 7, 'min_child_weight': 1, 'n_estimators': 100, 'scale_pos_weight': 1, 'subsample': 0.8}",0.05919473185520892,1678,0.8158522050059595,0.880068749728336,0.48492786534466986,0.6411050209771281,0.05919473185520892,0.9983213429256594,0.9983216965700082,0.9982860963722314,0.9999783835653067,0.9999719181683197,8340.0,0.9241379310344827,0.9127164390430961,0.5088109495295123,0.4449134655972985,0.05275104121348195,870.0,0.6526811122894287,0.6389520168304443,2026-04-30T02:14:10.338837+00:00
NR-PPAR-gamma,estate,XGBoost,none,pr_auc,"{'colsample_bytree': 0.8, 'learning_rate': 0.1, 'max_depth': 5, 'min_child_weight': 1, 'n_estimators': 100, 'scale_pos_weight': 4, 'subsample': 0.8}",0.2346602637451015,1678,0.9785458879618594,0.9690579173450742,0.5208908346816408,0.8051918392204629,0.2346602637451015,0.9863627111744352,0.9859307037761816,0.8681451572523549,0.986443354742264,0.8352188698284235,4913.0,0.9425287356321839,0.9229550243989644,0.5222090417819956,0.6298807513718868,0.15231962188726542,870.0,0.0919950008392334,0.07442092895507812,2026-04-30T02:14:28.500148+00:00
NR-PPAR-gamma,estate,BernoulliNB,random_over,pr_auc,{'alpha': 0.1},0.2312060666131106,1678,0.9094159713945172,0.935220599221086,0.5584730329531842,0.7286084043848964,0.2312060666131106,0.6954335986594051,0.6928242782512525,0.6928242782512525,0.7732644566671621,0.7702375330375355,9548.0,0.7689655172413793,0.8296379021950566,0.5289811156093186,0.6957840861122837,0.1050905972008717,870.0,0.0080509185791015,0.0032758712768554,2026-04-21T14:21:44.697947+00:00
NR-PPAR-gamma,estate,BernoulliNB,random_under,pr_auc,{'alpha': 1.0},0.2162606751820155,1678,0.9773539928486292,0.972447220966394,0.6142528735632184,0.703148260928407,0.2162606751820155,0.6906474820143885,0.58586195071768,0.4729535100181257,0.769150147507893,0.6302852980404134,417.0,0.942528735632184,0.9191049445691356,0.4852071005917159,0.7122203461376108,0.1035552621056413,870.0,0.0066537857055664,0.0005419254302978,2026-04-21T14:21:45.036989+00:00
NR-PPAR-gamma,estate,XGBoost,smote,pr_auc,"{'colsample_bytree': 0.8, 'learning_rate': 0.05, 'max_depth': 7, 'min_child_weight': 1, 'n_estimators': 200, 'scale_pos_weight': 1, 'subsample': 0.8}",0.2715465344664087,1678,0.9785458879618594,0.9679351494176947,0.49457831325301205,0.7904824739477602,0.2715465344664087,0.9919354838709677,0.9919350867484757,0.9919350867484757,0.9996429523555623,0.9996807384215038,9548.0,0.9425287356321839,0.9211053423343013,0.5044203426904849,0.617190797804981,0.14751778755842707,870.0,0.5486030578613281,0.5515069961547852,2026-04-30T02:14:44.288507+00:00
NR-PPAR-gamma,estate,XGBoost,smoteenn,pr_auc,"{'colsample_bytree': 0.8, 'learning_rate': 0.1, 'max_depth': 7, 'min_child_weight': 1, 'n_estimators': 100, 'scale_pos_weight': 1, 'subsample': 0.8}",0.2880894076877932,1678,0.9785458879618594,0.9679351494176947,0.49457831325301205,0.8367167411016375,0.2880894076877932,0.9937526471833968,0.9937520641685159,0.9937509201393151,0.9998906684943156,0.999891562493006,9444.0,0.9425287356321839,0.9229550243989644,0.5222090417819956,0.6321760236386661,0.12991701938897568,870.0,0.28845810890197754,0.28709912300109863,2026-04-30T02:14:45.168225+00:00
NR-PPAR-gamma,estate,BernoulliNB,smoten,pr_auc,{'alpha': 0.1},0.1280539185222594,1678,0.6722288438617402,0.7857794168490596,0.4267986683891484,0.5472069968872648,0.1280539185222594,0.8410138248847926,0.8393071057836148,0.8393071057836148,0.9135488600889226,0.874234377325651,9548.0,0.7632183908045977,0.8234330516860774,0.4839619925136769,0.4958579569438581,0.0774842299062413,870.0,0.0056879520416259,0.0013551712036132,2026-04-21T14:21:45.743841+00:00
NR-PPAR-gamma,estate,DecisionTree,smoten_enn,pr_auc,"{'ccp_alpha': 0.01, 'criterion': 'entropy', 'max_depth': 10, 'min_samples_leaf': 10}",0.0295819030093229,1678,0.798569725864124,0.8692520130293927,0.4609219655926242,0.5659087833265666,0.0295819030093229,0.9016923574431388,0.9015680846444196,0.901636535718511,0.9278891575425068,0.8706122394754847,9277.0,0.8390804597701149,0.8693335084446128,0.5127142377058362,0.5421459476572393,0.073051067206355,870.0,0.0279250144958496,0.0223145484924316,2026-04-22T09:43:50.940809+00:00
NR-PPAR-gamma,fcfp,XGBoost,none,pr_auc,"{'colsample_bytree': 0.8, 'learning_rate': 0.1, 'max_depth': 7, 'min_child_weight': 10, 'n_estimators': 200, 'scale_pos_weight': 4, 'subsample': 0.8}",0.20238211783057888,1678,0.9779499404052443,0.9687307542909648,0.5200636967293585,0.752013127622141,0.20238211783057888,0.9871768776714838,0.9864495644366437,0.8702048456958249,0.9860281862486551,0.7800164561091728,4913.0,0.9390804597701149,0.9241632945036575,0.5497905662035364,0.569662832418742,0.12471415649151382,870.0,3.0728209018707275,3.119040012359619,2026-04-30T02:14:58.117302+00:00
NR-PPAR-gamma,fcfp,XGBoost,random_over,pr_auc,"{'colsample_bytree': 0.8, 'learning_rate': 0.1, 'max_depth': 7, 'min_child_weight': 1, 'n_estimators': 200, 'scale_pos_weight': 1, 'subsample': 0.8}",0.19257421882582199,1678,0.9761620977353993,0.9709970747014673,0.5939503932244404,0.7716030586006226,0.19257421882582199,0.992982823627985,0.9929824780798424,0.9929824780798425,0.9997574928011297,0.999704952492328,9548.0,0.9333333333333333,0.9232962646136298,0.5683490162532079,0.5537542211903757,0.1539636791006703,870.0,4.433768272399902,4.451194763183594,2026-04-30T02:15:01.340174+00:00
NR-PPAR-gamma,fcfp,XGBoost,random_under,pr_auc,"{'colsample_bytree': 0.8, 'learning_rate': 0.1, 'max_depth': 7, 'min_child_weight': 5, 'n_estimators': 200, 'scale_pos_weight': 1, 'subsample': 0.8}",0.06543629250070457,1678,0.9249106078665077,0.9423527475850781,0.5304104477611941,0.6932264176478549,0.06543629250070457,0.894484412470024,0.8916825052040909,0.8754547922888949,0.9474664872418612,0.9200322071084239,417.0,0.8045977011494253,0.8505045529183459,0.5198051948051948,0.6514879696074293,0.14175655738013146,870.0,0.41287708282470703,0.3959391117095947,2026-04-30T02:15:06.071209+00:00
NR-PPAR-gamma,fcfp,DecisionTree,smote,pr_auc,"{'ccp_alpha': 0.0, 'criterion': 'gini', 'max_depth': 15, 'min_samples_leaf': 50}",0.0509759779097495,1678,0.7234803337306317,0.820978102683931,0.4618464124568698,0.7155061578021384,0.0509759779097495,0.8887725178047758,0.8886937475639349,0.888693747563935,0.9492504215246352,0.9253112907944696,9548.0,0.8275862068965517,0.8636984189897388,0.5210727969348659,0.5004748839172647,0.0607346175632405,870.0,2.3133697509765625,2.176222324371338,2026-04-22T09:43:53.190282+00:00
NR-PPAR-gamma,fcfp,DecisionTree,smoteenn,pr_auc,"{'ccp_alpha': 0.001, 'criterion': 'gini', 'max_depth': 15, 'min_samples_leaf': 50}",0.0527663939330644,1678,0.5405244338498212,0.681862887410328,0.3804159333357279,0.7222222222222222,0.0527663939330644,0.888175888912266,0.8880122598354622,0.8880301102802044,0.9428702058310352,0.9156984992267604,9506.0,0.8068965517241379,0.8505923540776301,0.5037011884550084,0.5708104685521318,0.0700394335499268,870.0,2.265833854675293,3.17219614982605,2026-04-22T09:43:55.847437+00:00
NR-PPAR-gamma,fcfp,LogisticRegression,smoten,pr_auc,"{'C': 1, 'l1_ratio': 1.0}",0.0523183533119542,1678,0.8182359952324195,0.8813384082572353,0.4775835265127968,0.6425429692786574,0.0523183533119542,0.9848135735232508,0.984813525380601,0.9848135253806012,0.9973596463808904,0.9978960900844522,9548.0,0.9011494252873564,0.9021409721188368,0.5164292546728367,0.4666921696918531,0.0524816018894136,870.0,0.2545831203460693,0.2159030437469482,2026-04-21T08:48:35.228922+00:00
NR-PPAR-gamma,fcfp,DecisionTree,smoten_enn,pr_auc,"{'ccp_alpha': 0.001, 'criterion': 'gini', 'max_depth': 10, 'min_samples_leaf': 10}",0.0323219623573583,1678,0.5935637663885578,0.7256789030514135,0.4041987371717979,0.6300751116524563,0.0323219623573583,0.9140831658025604,0.9140843489229672,0.914082949378096,0.9479108471794024,0.9057928218906376,9451.0,0.832183908045977,0.8621351759490796,0.473767068805515,0.4668108906711692,0.0495733048259326,870.0,2.6030688285827637,2.8983187675476074,2026-04-22T09:45:45.897593+00:00
NR-PPAR-gamma,klekota_roth,XGBoost,none,pr_auc,"{'colsample_bytree': 0.8, 'learning_rate': 0.1, 'max_depth': 7, 'min_child_weight': 1, 'n_estimators': 200, 'scale_pos_weight': 4, 'subsample': 0.8}",0.20963973863789837,1678,0.9785458879618594,0.9709808118142609,0.5659970687128201,0.735476722154554,0.20963973863789837,0.9983716670059027,0.9983828742403252,0.9853964913532247,0.9998229317676985,0.9936176802116288,4913.0,0.9390804597701149,0.9192581912442753,0.5024548152144591,0.5919164204305615,0.1247662216465134,870.0,8.432121276855469,8.161806106567383,2026-04-30T02:17:38.036536+00:00
NR-PPAR-gamma,klekota_roth,XGBoost,random_over,pr_auc,"{'colsample_bytree': 0.8, 'learning_rate': 0.1, 'max_depth': 7, 'min_child_weight': 10, 'n_estimators': 200, 'scale_pos_weight': 1, 'subsample': 0.8}",0.17979222793955071,1678,0.9588796185935637,0.9626998600373928,0.6017994036380145,0.7615120449316553,0.17979222793955071,0.9865940511101802,0.9865916413671315,0.9865916413671316,0.9984273011068017,0.9973658971892749,9548.0,0.9183908045977012,0.917089513961263,0.5796214755783012,0.5791209371042635,0.12997321814802892,870.0,14.935474872589111,14.794065952301025,2026-04-30T02:17:46.103312+00:00
NR-PPAR-gamma,klekota_roth,LogisticRegression,random_under,pr_auc,"{'C': 1, 'l1_ratio': 0.0}",0.1145806856539563,1678,0.7604290822407628,0.8455015304756283,0.4638636761035782,0.7063709568277168,0.1145806856539563,0.973621103117506,0.9737768830089796,0.9706835394497172,0.999016614046892,0.9981957312985972,417.0,0.7344827586206897,0.8059951817564701,0.4951758230992793,0.5474092444069227,0.1319566557154355,870.0,0.1279029846191406,0.0165581703186035,2026-04-21T08:48:42.676652+00:00
NR-PPAR-gamma,klekota_roth,LogisticRegression,smote,pr_auc,"{'C': 1, 'l1_ratio': 1.0}",0.109716414536663,1678,0.7955899880810489,0.8678650834354183,0.4922217075806701,0.6919068886182163,0.109716414536663,0.9802052785923754,0.9802046686487536,0.9802046686487536,0.9959176565424116,0.9959878084496454,9548.0,0.8827586206896552,0.8932782394974585,0.5212662652942319,0.4966494301392992,0.061754669052655,870.0,0.6119060516357422,0.4378440380096435,2026-04-21T08:48:44.895150+00:00
NR-PPAR-gamma,klekota_roth,LogisticRegression,smoteenn,pr_auc,"{'C': 1, 'l1_ratio': 1.0}",0.104716686000781,1678,0.8104886769964244,0.8771100695048948,0.500370786516854,0.6923298145892542,0.104716686000781,0.984518167456556,0.9845180592699596,0.9845181502840804,0.997562899618574,0.9972872452392766,9495.0,0.8850574712643678,0.8930082888838805,0.5063997821350763,0.4841969185310256,0.0567928771370966,870.0,0.7830920219421387,0.5899848937988281,2026-04-21T08:48:47.264887+00:00
NR-PPAR-gamma,klekota_roth,LogisticRegression,smoten,pr_auc,"{'C': 1, 'l1_ratio': 1.0}",0.1102587485000579,1678,0.8682955899880811,0.911668080464643,0.5310330001074922,0.7379212342671538,0.1102587485000579,0.9837662337662336,0.9837662335881622,0.9837662335881624,0.99677536067187,0.9972259289737172,9548.0,0.913793103448276,0.911446273233619,0.5462794918330308,0.4984830097087379,0.0743730614698325,870.0,0.6055128574371338,0.4008848667144775,2026-04-21T08:48:47.985417+00:00
NR-PPAR-gamma,klekota_roth,LogisticRegression,smoten_enn,pr_auc,"{'C': 1, 'l1_ratio': 1.0}",0.0971662961843382,1678,0.898092967818832,0.9275789631191323,0.5158006287514575,0.6779503315739613,0.0971662961843382,0.9923801460472008,0.9923803549763398,0.9923799240599904,0.9993852843723467,0.9992477929391904,9449.0,0.9183908045977012,0.9095583859721792,0.5053453453453454,0.471599303503588,0.057665224368697,870.0,0.5864760875701904,0.5205159187316895,2026-04-21T08:48:48.746489+00:00
NR-PPAR-gamma,maccs,XGBoost,none,pr_auc,"{'colsample_bytree': 0.8, 'learning_rate': 0.1, 'max_depth': 3, 'min_child_weight': 1, 'n_estimators': 200, 'scale_pos_weight': 1, 'subsample': 0.8}",0.20530384408077915,1678,0.9779499404052443,0.9706109616416329,0.564183379077489,0.8148345513601298,0.20530384408077915,0.982495420313454,0.9787820971502075,0.7738862297496318,0.9782341701000322,0.7796974717675367,4913.0,0.9471264367816092,0.9235802016249558,0.5072399527186762,0.7092655128746307,0.16536565149393143,870.0,0.26435303688049316,0.2387092113494873,2026-04-30T02:25:43.782489+00:00
NR-PPAR-gamma,maccs,XGBoost,random_over,pr_auc,"{'colsample_bytree': 0.8, 'learning_rate': 0.1, 'max_depth': 7, 'min_child_weight': 5, 'n_estimators': 200, 'scale_pos_weight': 1, 'subsample': 0.8}",0.19997995176513578,1678,0.9761620977353993,0.972254087107728,0.6235726944388361,0.8072895520368115,0.19997995176513578,0.9957059069962296,0.9957058278149807,0.9957058278149807,0.9998194907515556,0.9997869584005692,9548.0,0.9367816091954023,0.9278301296106772,0.5961991240432408,0.7013771633600676,0.18539831451777306,870.0,0.726747989654541,0.6999778747558594,2026-04-30T02:26:13.305983+00:00
NR-PPAR-gamma,maccs,XGBoost,random_under,pr_auc,"{'colsample_bytree': 0.8, 'learning_rate': 0.1, 'max_depth': 5, 'min_child_weight': 1, 'n_estimators': 200, 'scale_pos_weight': 1, 'subsample': 0.8}",0.1255248975371379,1678,0.9255065554231228,0.9436394634507999,0.5553534595514741,0.7260200974421438,0.1255248975371379,0.9976019184652278,0.9976040556685719,0.9973069844037585,0.9999870607111433,0.9999486125385405,417.0,0.8528735632183908,0.8805334934350746,0.5544815887596217,0.6762874630645842,0.1549462988551818,870.0,0.06287288665771484,0.054070234298706055,2026-04-30T02:26:33.480369+00:00
NR-PPAR-gamma,maccs,DecisionTree,smote,pr_auc,"{'ccp_alpha': 0.0, 'criterion': 'entropy', 'max_depth': 10, 'min_samples_leaf': 20}",0.0988227635395538,1678,0.635280095351609,0.757335471148754,0.4306339152650628,0.8009287454323996,0.0988227635395538,0.8734813573523251,0.8720496328305256,0.8720496328305256,0.9364587262137164,0.9122830611089344,9548.0,0.7264367816091954,0.799909187197446,0.4751277579493835,0.5595583579569438,0.0669808427039071,870.0,0.0802817344665527,0.0921700000762939,2026-04-22T09:48:16.723695+00:00
NR-PPAR-gamma,maccs,DecisionTree,smoteenn,pr_auc,"{'ccp_alpha': 0.0, 'criterion': 'entropy', 'max_depth': 10, 'min_samples_leaf': 20}",0.0931527887465952,1678,0.634088200238379,0.7564336857314684,0.4300435699475788,0.7947709432940859,0.0931527887465952,0.8723561759729273,0.8708906571824866,0.8710184559774824,0.9368771997042932,0.9109938615320826,9456.0,0.7229885057471265,0.7977293389605639,0.4764676359768384,0.5536355002110596,0.0642798150968238,870.0,0.1316370964050293,0.1045098304748535,2026-04-22T09:48:20.475854+00:00
NR-PPAR-gamma,maccs,XGBoost,smoten,pr_auc,"{'colsample_bytree': 0.8, 'learning_rate': 0.1, 'max_depth': 7, 'min_child_weight': 1, 'n_estimators': 200, 'scale_pos_weight': 1, 'subsample': 0.8}",0.09624983960369111,1678,0.9767580452920143,0.9690223649736129,0.5406257238924884,0.8188946406820949,0.09624983960369111,0.9963343108504399,0.9963343075934513,0.9963343075934514,0.999783051050332,0.9997090910230929,9548.0,0.9482758620689655,0.9262382168960899,0.527510590279873,0.6716441536513296,0.17408416490375653,870.0,0.6890051364898682,0.6727261543273926,2026-04-30T02:26:52.878727+00:00
NR-PPAR-gamma,maccs,BernoulliNB,smoten_enn,pr_auc,{'alpha': 0.1},0.0526295080388716,1678,0.7699642431466031,0.8515482707606788,0.4568978239287343,0.5913097171471106,0.0526295080388716,0.806166932482722,0.8058786612174129,0.8059721369338283,0.9042046654316004,0.8988318377488723,9405.0,0.8,0.846325473194459,0.4997752987205245,0.5088908822287885,0.0704365260754475,870.0,0.0210521221160888,0.0125088691711425,2026-04-21T14:22:15.116974+00:00
NR-PPAR-gamma,map4,KNeighbors,none,pr_auc,"{'n_neighbors': 15, 'weights': 'distance'}",0.0822811437932875,1678,0.9785458879618594,0.9679351494176948,0.494578313253012,0.696973541751252,0.0822811437932875,0.9997964583757378,0.9997961016298296,0.998142584344553,0.9999969860726416,0.9997987623886906,4913.0,0.9471264367816092,0.9214075370815183,0.48642266824085,0.6268731532292107,0.0952422849529706,870.0,23.08276677131653,17.990199089050293,2026-04-24T02:47:19.581628+00:00
NR-PPAR-gamma,map4,RandomForest,random_over,pr_auc,"{'max_depth': 15, 'max_features': 'log2', 'min_samples_leaf': 5, 'n_estimators': 100}",0.0535884132518502,1678,0.9785458879618594,0.9679351494176948,0.494578313253012,0.6739325348491001,0.0535884132518502,0.998533724340176,0.9985337211877288,0.9985337211877288,0.9999967531151228,0.9999935116666372,9548.0,0.9482758620689656,0.92623821689609,0.527510590279873,0.6216230476994513,0.1268417680966656,870.0,0.6003036499023438,0.539647102355957,2026-04-21T18:31:09.671836+00:00
NR-PPAR-gamma,map4,DecisionTree,random_under,pr_auc,"{'ccp_alpha': 0.01, 'criterion': 'entropy', 'max_depth': 10, 'min_samples_leaf': 10}",0.0442158274154815,1678,0.8283671036948749,0.8878044836616714,0.499770206317463,0.6671826363513331,0.0442158274154815,0.8201438848920863,0.824652493122734,0.8100781548887795,0.916024015320118,0.8234892226842259,417.0,0.635632183908046,0.7359051920914057,0.4437239173099304,0.5349303503588012,0.0671608446248773,870.0,0.0342729091644287,0.0264530181884765,2026-04-22T09:48:51.094134+00:00
NR-PPAR-gamma,map4,XGBoost,smote,pr_auc,"{'colsample_bytree': 0.8, 'learning_rate': 0.1, 'max_depth': 3, 'min_child_weight': 1, 'n_estimators': 200, 'scale_pos_weight': 1, 'subsample': 0.8}",0.04937684569116721,1678,0.6591179976162098,0.7767640870492277,0.4134186646849454,0.40890174583840844,0.04937684569116721,0.9806242144951822,0.9806223760884611,0.980622376088461,0.9979989536255331,0.9980983457158467,9548.0,0.8804597701149425,0.8895802962991455,0.49537088678192975,0.42620831574504014,0.048360146502749876,870.0,2.223215103149414,2.142730951309204,2026-04-30T02:28:04.610971+00:00
NR-PPAR-gamma,map4,XGBoost,smoteenn,pr_auc,"{'colsample_bytree': 0.8, 'learning_rate': 0.1, 'max_depth': 5, 'min_child_weight': 1, 'n_estimators': 200, 'scale_pos_weight': 1, 'subsample': 0.8}",0.054334229659241826,1678,0.734207389749702,0.8284832669079226,0.44026003943073744,0.4016866287724997,0.054334229659241826,0.9973769803798133,0.9973769763950379,0.9973769793403067,0.9999330028404328,0.9999213124076911,9531.0,0.9103448275862069,0.9039447444952222,0.48900602409638555,0.4557038834951456,0.048289923234596174,870.0,2.759080171585083,2.7593159675598145,2026-04-30T02:28:58.421773+00:00
NR-PPAR-gamma,map4,RandomForest,smoten,pr_auc,"{'max_depth': 15, 'max_features': 'sqrt', 'min_samples_leaf': 20, 'n_estimators': 200}",0.058033235753499,1678,0.7151370679380215,0.8158665025870847,0.4288534115669994,0.406406482609284,0.058033235753499,0.9761206535400084,0.9761205487645636,0.9761205487645636,0.994602668167137,0.9955067585290116,9548.0,0.8977011494252873,0.8971700862794733,0.4840029588361911,0.4551762346981849,0.0464572339196954,870.0,2.593388080596924,2.655870199203491,2026-04-21T18:31:34.259742+00:00
NR-PPAR-gamma,map4,XGBoost,smoten_enn,pr_auc,"{'colsample_bytree': 0.8, 'learning_rate': 0.1, 'max_depth': 7, 'min_child_weight': 5, 'n_estimators': 100, 'scale_pos_weight': 1, 'subsample': 0.8}",0.04947220132688601,1678,0.7961859356376639,0.8677932347102564,0.45998712722591717,0.4089102043578292,0.04947220132688601,0.9947312961011591,0.9947313143543586,0.9947311379067634,0.9998751009585779,0.9998758095065807,9490.0,0.9080459770114943,0.9038893251786804,0.49965493443754316,0.4466547066272689,0.0696318357416125,870.0,1.6772689819335938,1.630523920059204,2026-04-30T02:29:38.522516+00:00
NR-PPAR-gamma,mhfp,KNeighbors,none,pr_auc,"{'n_neighbors': 5, 'weights': 'distance'}",0.1074734584583709,1678,0.9785458879618594,0.9679351494176948,0.494578313253012,0.6659223169576397,0.1074734584583709,1.0,1.0,1.0,1.0,1.0,4913.0,0.9471264367816092,0.9214075370815183,0.48642266824085,0.5472773322076825,0.1144545913507021,870.0,16.742213249206543,8.457524061203003,2026-04-24T02:53:22.874289+00:00
NR-PPAR-gamma,mhfp,XGBoost,random_over,pr_auc,"{'colsample_bytree': 0.8, 'learning_rate': 0.05, 'max_depth': 3, 'min_child_weight': 10, 'n_estimators': 200, 'scale_pos_weight': 1, 'subsample': 0.8}",0.0838894729488053,1678,0.9785458879618594,0.9690579173450742,0.5208908346816408,0.5867505751793206,0.0838894729488053,0.9978005865102639,0.9978005758707262,0.9978005758707262,1.0,1.0,9548.0,0.9471264367816092,0.9274169149475571,0.5440667152752461,0.5627374419586323,0.1486684454115072,870.0,5.731294870376587,5.623202085494995,2026-04-30T02:30:33.127354+00:00
NR-PPAR-gamma,mhfp,RandomForest,random_under,pr_auc,"{'max_depth': 10, 'max_features': 'log2', 'min_samples_leaf': 5, 'n_estimators': 200}",0.0551428053613124,1678,0.9791418355184744,0.9693864657229774,0.5217543545353127,0.5236331032616051,0.0551428053613124,1.0,1.0,1.0,1.0,1.0,417.0,0.9448275862068966,0.9292139899134856,0.5719381688466112,0.5554295061207261,0.1291419913766893,870.0,0.3940029144287109,0.2804872989654541,2026-04-21T18:32:34.060336+00:00
NR-PPAR-gamma,mhfp,KNeighbors,smote,pr_auc,"{'n_neighbors': 15, 'weights': 'distance'}",0.0907859364930713,1678,0.9725864123957092,0.9666466359066876,0.5330429522081065,0.7185343077547707,0.0907859364930713,0.9996857980728948,0.999685798041876,0.999685798041876,0.9996787558428571,0.9993577737361388,9548.0,0.9448275862068966,0.9242611286409294,0.5242435289828655,0.5265275432672013,0.1034448446161719,870.0,87.97226691246033,62.05220293998718,2026-04-24T02:56:57.673716+00:00
NR-PPAR-gamma,mhfp,KNeighbors,smoteenn,pr_auc,"{'n_neighbors': 15, 'weights': 'distance'}",0.0853020157833151,1678,0.9725864123957092,0.9666466359066876,0.5330429522081065,0.6960600216538096,0.0853020157833151,0.9997904442581728,0.9997904442673752,0.9997904442489703,0.9997856576371488,0.9995710329317552,9544.0,0.9448275862068966,0.9242611286409294,0.5242435289828655,0.5272794428028704,0.1059116712397734,870.0,89.31016397476196,62.30498695373535,2026-04-24T02:57:05.898469+00:00
NR-PPAR-gamma,mhfp,KNeighbors,smoten,pr_auc,"{'n_neighbors': 15, 'weights': 'distance'}",0.1031952226354952,1678,0.9725864123957092,0.967397539532446,0.5507310486124045,0.7196000812017864,0.1031952226354952,1.0,1.0,1.0,1.0,1.0,9548.0,0.942528735632184,0.9246701301537898,0.538725822870716,0.5251028915154073,0.0851870872540886,870.0,91.35730004310608,64.86103296279907,2026-04-24T02:57:21.385558+00:00
NR-PPAR-gamma,mhfp,XGBoost,smoten_enn,pr_auc,"{'colsample_bytree': 0.8, 'learning_rate': 0.05, 'max_depth': 3, 'min_child_weight': 10, 'n_estimators': 100, 'scale_pos_weight': 1, 'subsample': 0.8}",0.07882820448769347,1678,0.9755661501787842,0.9691600865968056,0.5576345620904947,0.5960211124644741,0.07882820448769347,0.9906551868962621,0.9906544573186603,0.990654217457531,0.9980470531166626,0.9985284287022252,9524.0,0.9459770114942528,0.9229599154248049,0.5065110609589785,0.567539046010975,0.09174902097946488,870.0,3.3053948879241943,3.2385940551757812,2026-04-30T02:34:27.040299+00:00
NR-PPAR-gamma,morgan_2048,XGBoost,none,pr_auc,"{'colsample_bytree': 0.8, 'learning_rate': 0.05, 'max_depth': 7, 'min_child_weight': 1, 'n_estimators': 200, 'scale_pos_weight': 8, 'subsample': 0.8}",0.3164783605919464,1678,0.9779499404052443,0.9676371209071475,0.49442603193733053,0.7947540262552442,0.3164783605919464,0.9973539588845919,0.9973941990706897,0.9766705032302745,0.9996955933368094,0.9886640367136448,4913.0,0.9436781609195403,0.923606997878967,0.5232130274798403,0.6782925284930351,0.1575900493891631,870.0,2.6668460369110107,2.57202410697937,2026-04-30T02:35:03.614236+00:00
NR-PPAR-gamma,morgan_2048,XGBoost,random_over,pr_auc,"{'colsample_bytree': 0.8, 'learning_rate': 0.1, 'max_depth': 7, 'min_child_weight': 1, 'n_estimators': 200, 'scale_pos_weight': 1, 'subsample': 0.8}",0.32141189255639163,1678,0.9755661501787842,0.9734038830240294,0.6577128784298116,0.8303982270943293,0.32141189255639163,0.9978005865102639,0.9978005758707262,0.9978005758707262,0.9999373877740567,0.9999333516971756,9548.0,0.9356321839080459,0.9234535442173559,0.5590311719343978,0.6330994090333474,0.1611628736292391,870.0,4.52251124382019,4.5202648639678955,2026-04-30T02:35:23.364781+00:00
NR-PPAR-gamma,morgan_2048,LogisticRegression,random_under,pr_auc,"{'C': 1, 'l1_ratio': 0.0}",0.1163550353101357,1678,0.8671036948748511,0.9108686965774452,0.5267889548595962,0.7443412505075111,0.1163550353101357,1.0,1.0,1.0,1.0,0.9999999999999996,417.0,0.7977011494252874,0.8461600733411349,0.5154491715294743,0.6318066694807936,0.1446068296236617,870.0,0.0467143058776855,0.0118660926818847,2026-04-21T08:49:40.709121+00:00
NR-PPAR-gamma,morgan_2048,XGBoost,smote,pr_auc,"{'colsample_bytree': 0.8, 'learning_rate': 0.1, 'max_depth': 7, 'min_child_weight': 1, 'n_estimators': 200, 'scale_pos_weight': 1, 'subsample': 0.8}",0.1074098533209692,1678,0.8116805721096544,0.8776293040917609,0.4882408351091757,0.72364325348491,0.1074098533209692,0.9883745286971093,0.9883743898237903,0.9883743898237902,0.9990420153923405,0.9990247462327754,9548.0,0.9172413793103448,0.9076232170407772,0.4919048700561306,0.49150485436893204,0.06131648239644487,870.0,4.635965824127197,4.610355854034424,2026-04-30T02:35:50.871944+00:00
NR-PPAR-gamma,morgan_2048,LogisticRegression,smoteenn,pr_auc,"{'C': 1, 'l1_ratio': 1.0}",0.0789545084302384,1678,0.8927294398092968,0.9253367806268276,0.5345353675450762,0.6588340776830424,0.0789545084302384,0.9907475554620964,0.9907475873745012,0.9907475381762104,0.999426185165424,0.9994864574720228,9511.0,0.9080459770114944,0.9080459770114944,0.5409455466441536,0.5477522161249472,0.0973940908135311,870.0,0.2718498706817627,0.2402071952819824,2026-04-21T08:49:42.527037+00:00
NR-PPAR-gamma,morgan_2048,LogisticRegression,smoten,pr_auc,"{'C': 1, 'l1_ratio': 1.0}",0.0998190188624422,1678,0.9618593563766388,0.9641267576022184,0.5999821207741705,0.7146095547435377,0.0998190188624422,0.9913070800167576,0.9913068319928162,0.991306831992816,0.9993120552974332,0.9994128915070192,9548.0,0.9321839080459772,0.9186456048669122,0.5285419058553387,0.5910985647952722,0.0861774240600283,870.0,0.3668630123138428,0.3116350173950195,2026-04-21T08:49:43.869965+00:00
NR-PPAR-gamma,morgan_2048,LogisticRegression,smoten_enn,pr_auc,"{'C': 1, 'l1_ratio': 1.0}",0.0628946577146947,1678,0.9553039332538736,0.9577256336302457,0.5255866553576477,0.6864934361889294,0.0628946577146947,0.99672131147541,0.9967212695134594,0.996720914744242,0.9999445118009528,0.9999451058936568,9455.0,0.9310344827586208,0.9133004926108376,0.4821428571428571,0.5072815533980581,0.0580319173081408,870.0,0.2516791820526123,0.20393967628479,2026-04-21T08:49:46.718905+00:00
NR-PPAR-gamma,morgan_4096,XGBoost,none,pr_auc,"{'colsample_bytree': 0.8, 'learning_rate': 0.1, 'max_depth': 5, 'min_child_weight': 5, 'n_estimators': 200, 'scale_pos_weight': 8, 'subsample': 0.8}",0.29515605279294493,1678,0.9791418355184743,0.9713539587356028,0.5678916970165176,0.7989240763296792,0.29515605279294493,0.9943008345206594,0.9944511306679674,0.9509122154946745,0.9991003426835405,0.9693649091838932,4913.0,0.9482758620689655,0.9281125814691651,0.5455020374046599,0.5932619248628113,0.1595011088206209,870.0,6.086449146270752,5.942806959152222,2026-04-30T02:38:23.911670+00:00
NR-PPAR-gamma,morgan_4096,LogisticRegression,random_over,pr_auc,"{'C': 1, 'l1_ratio': 0.0}",0.2649087930151801,1678,0.9702026221692492,0.9705962104068144,0.6545448556417478,0.7929100690215185,0.2649087930151801,1.0,1.0,1.0,1.0,1.0,9548.0,0.9298850574712644,0.9173277828349032,0.5265453961513413,0.4738550021105953,0.1104215411875754,870.0,0.5330862998962402,0.481325626373291,2026-04-21T08:49:53.570006+00:00
NR-PPAR-gamma,morgan_4096,LogisticRegression,random_under,pr_auc,"{'C': 1, 'l1_ratio': 0.0}",0.1096079582103466,1678,0.8682955899880811,0.911668080464643,0.5310330001074922,0.7855849912031398,0.1096079582103466,1.0,1.0,1.0,1.0,1.0,417.0,0.8264367816091954,0.8621593690312828,0.510359710621359,0.4881015196285352,0.1096635871046224,870.0,0.1202547550201416,0.0121510028839111,2026-04-21T08:49:57.267497+00:00
NR-PPAR-gamma,morgan_4096,DecisionTree,smote,pr_auc,"{'ccp_alpha': 0.001, 'criterion': 'entropy', 'max_depth': 10, 'min_samples_leaf': 50}",0.0565640237517931,1678,0.6710369487485102,0.7849303099842441,0.4262778822497566,0.6145621870347814,0.0565640237517931,0.8959991621281944,0.8956813588805608,0.8956813588805608,0.9450516070412824,0.9126053149697614,9548.0,0.7896551724137931,0.8392401105315661,0.4853219283698466,0.5969554664415365,0.0656512162729686,870.0,4.814821004867554,5.251954793930054,2026-04-22T09:55:51.616752+00:00
NR-PPAR-gamma,morgan_4096,LogisticRegression,smoteenn,pr_auc,"{'C': 1, 'l1_ratio': 1.0}",0.0557049554348062,1678,0.8235995232419547,0.8848690819751984,0.4943972116355581,0.6378823250778184,0.0557049554348062,0.9936988027725268,0.9936988127801456,0.993698780255384,0.9997321651362742,0.999757476212348,9522.0,0.9,0.9041808878874464,0.54276635717263,0.4607956943858167,0.0639305907799258,870.0,0.5051851272583008,0.4924061298370361,2026-04-21T08:49:59.287263+00:00
NR-PPAR-gamma,morgan_4096,LogisticRegression,smoten,pr_auc,"{'C': 1, 'l1_ratio': 1.0}",0.0740036933966359,1678,0.9690107270560192,0.9653364170752078,0.5438405721335815,0.6977771010962242,0.0740036933966359,0.9945538332635108,0.9945537988529825,0.9945537988529825,0.999752095951942,0.9997871151661936,9548.0,0.9298850574712644,0.9158878287607056,0.5125602755453502,0.4621675812579147,0.0733089971299528,870.0,0.4479539394378662,0.3785431385040283,2026-04-21T08:50:01.116248+00:00
NR-PPAR-gamma,morgan_4096,DecisionTree,smoten_enn,pr_auc,"{'ccp_alpha': 0.001, 'criterion': 'gini', 'max_depth': 5, 'min_samples_leaf': 20}",0.0529330540566495,1678,0.7723480333730631,0.8531007116042737,0.464810887534441,0.5637264853160103,0.0529330540566495,0.8975954439991563,0.8975394933629951,0.8975201596353164,0.936960624474328,0.8981915552051072,9482.0,0.864367816091954,0.8805258501378503,0.4876836473969977,0.4883653440270157,0.0509796025212248,870.0,3.7221360206604,2.743025779724121,2026-04-22T09:59:56.460779+00:00
NR-PPAR-gamma,pubchem,XGBoost,none,pr_auc,"{'colsample_bytree': 0.8, 'learning_rate': 0.1, 'max_depth': 7, 'min_child_weight': 1, 'n_estimators': 200, 'scale_pos_weight': 8, 'subsample': 0.8}",0.28062439889117924,1678,0.9797377830750894,0.9753475134962473,0.6548578342407744,0.8381377723643253,0.28062439889117924,0.9981681253816406,0.998195983972016,0.9838488099286516,0.9999894512542459,0.9995475450625414,4913.0,0.9482758620689655,0.9329334769710558,0.5918941739375176,0.6659587378640777,0.18105162424481577,870.0,1.486142873764038,1.435373067855835,2026-04-30T02:46:29.541915+00:00
NR-PPAR-gamma,pubchem,XGBoost,random_over,pr_auc,"{'colsample_bytree': 0.8, 'learning_rate': 0.1, 'max_depth': 7, 'min_child_weight': 1, 'n_estimators': 200, 'scale_pos_weight': 1, 'subsample': 0.8}",0.27072258442696934,1678,0.9749702026221693,0.9725127868359236,0.643628640776699,0.8476620652321017,0.27072258442696934,0.9972769166317553,0.997276896439444,0.9972768964394441,0.9999501998062751,0.9999453725707179,9548.0,0.9390804597701149,0.9281700408237683,0.5886378032134605,0.6306590333474039,0.17105982792736057,870.0,2.471313953399658,2.415193796157837,2026-04-30T02:47:14.516011+00:00
NR-PPAR-gamma,pubchem,LogisticRegression,random_under,pr_auc,"{'C': 1, 'l1_ratio': 1.0}",0.1323653269297358,1678,0.8432657926102503,0.8967968090243669,0.5112774710823427,0.7327784544593314,0.1323653269297358,0.9136690647482014,0.9147392290249434,0.9054421768707483,0.9744060866414782,0.9550700975831168,417.0,0.764367816091954,0.8262476116914755,0.5196076054721905,0.6293531025749262,0.1144843651615518,870.0,0.0398499965667724,0.0267298221588134,2026-04-21T08:50:05.719318+00:00
NR-PPAR-gamma,pubchem,XGBoost,smote,pr_auc,"{'colsample_bytree': 0.8, 'learning_rate': 0.05, 'max_depth': 7, 'min_child_weight': 5, 'n_estimators': 200, 'scale_pos_weight': 1, 'subsample': 0.8}",0.12556620892172582,1678,0.8390941597139452,0.8944445274543902,0.5145612343297975,0.7429117607254027,0.12556620892172582,0.9796816087138668,0.9796790087484025,0.9796790087484026,0.9974160280980151,0.9972094618876693,9548.0,0.9126436781609195,0.9107640654689163,0.5451793968743122,0.5581337062051499,0.1275908428885666,870.0,2.5601768493652344,2.5487658977508545,2026-04-30T02:47:37.632789+00:00
NR-PPAR-gamma,pubchem,XGBoost,smoteenn,pr_auc,"{'colsample_bytree': 0.8, 'learning_rate': 0.05, 'max_depth': 5, 'min_child_weight': 10, 'n_estimators': 200, 'scale_pos_weight': 1, 'subsample': 0.8}",0.12299378768816792,1678,0.7318235995232419,0.8266253639307756,0.4641214743153018,0.7153623629719854,0.12299378768816792,0.9673615497999579,0.9673437763864827,0.9673473597359736,0.994138599853071,0.993090415962901,9498.0,0.8942528735632184,0.90156762577317,0.5458877995642701,0.5803741029970452,0.11894184569930286,870.0,2.124326229095459,2.2450828552246094,2026-04-30T02:48:23.103089+00:00
NR-PPAR-gamma,pubchem,LogisticRegression,smoten,pr_auc,"{'C': 1, 'l1_ratio': 1.0}",0.2439665748030818,1678,0.9183551847437426,0.9405433206128412,0.5731809885945678,0.7792580186764109,0.2439665748030818,0.9835567658148304,0.9835567641915072,0.9835567641915072,0.9971365107992268,0.9974408516276788,9548.0,0.9080459770114944,0.9106928923864896,0.5674761987620871,0.5838565850569861,0.1395517832972173,870.0,1.9555480480194092,2.228248834609986,2026-04-21T08:50:18.114278+00:00
NR-PPAR-gamma,pubchem,LogisticRegression,smoten_enn,pr_auc,"{'C': 1, 'l1_ratio': 1.0}",0.2192696755508356,1678,0.9112038140643623,0.9364165691827786,0.5649332231261148,0.7640411422384626,0.2192696755508356,0.9933340387260609,0.9933342044089802,0.9933337700510564,0.9992295995368684,0.9990504684181276,9451.0,0.9229885057471264,0.9180146425793644,0.5662268658049249,0.5020182566483748,0.1075451290786454,870.0,1.3387579917907717,1.127539873123169,2026-04-21T08:50:23.314889+00:00
NR-PPAR-gamma,rdkit,XGBoost,none,pr_auc,"{'colsample_bytree': 0.8, 'learning_rate': 0.1, 'max_depth': 3, 'min_child_weight': 1, 'n_estimators': 200, 'scale_pos_weight': 4, 'subsample': 0.8}",0.18686410439439075,1678,0.9785458879618594,0.9679351494176947,0.49457831325301205,0.7173670320747058,0.18686410439439075,0.9959291675147568,0.9959291675147568,0.9629814372214001,0.9993587869545169,0.9813171285927892,4913.0,0.9436781609195403,0.9253519126598018,0.5400053951982735,0.5449292950612072,0.13873686504430055,870.0,2.753416061401367,2.71740984916687,2026-04-30T02:48:52.528190+00:00
NR-PPAR-gamma,rdkit,LogisticRegression,random_over,pr_auc,"{'C': 0.001, 'l1_ratio': 0.0}",0.1878226904227216,1678,0.9082240762812872,0.9343682386845212,0.552663467597305,0.741837528758966,0.1878226904227216,0.9346459991621282,0.934645927473902,0.9346459274739018,0.984710462989988,0.9831738636239422,9548.0,0.8724137931034482,0.8892458971674788,0.5353167900913776,0.5112125369354158,0.1253637212560951,870.0,0.8646509647369385,0.7925570011138916,2026-04-21T08:50:31.393110+00:00
NR-PPAR-gamma,rdkit,XGBoost,random_under,pr_auc,"{'colsample_bytree': 0.8, 'learning_rate': 0.1, 'max_depth': 3, 'min_child_weight': 1, 'n_estimators': 200, 'scale_pos_weight': 1, 'subsample': 0.8}",0.13448924761194977,1678,0.9707985697258641,0.9670226632730017,0.562748945719862,0.7364325348491001,0.13448924761194977,1.0,1.0,1.0,1.0,0.9999999999999999,417.0,0.8298850574712644,0.8642512440617205,0.512450018175209,0.6323079358379063,0.10932424936378632,870.0,0.3671562671661377,0.32207703590393066,2026-04-30T02:49:44.862202+00:00
NR-PPAR-gamma,rdkit,LogisticRegression,smote,pr_auc,"{'C': 1, 'l1_ratio': 1.0}",0.1080356229182969,1678,0.7270560190703218,0.823514650660269,0.4564232707231714,0.6876691703884152,0.1080356229182969,0.9965437788018432,0.99654375510668,0.99654375510668,0.9997009355767144,0.9995782735516652,9548.0,0.8747126436781609,0.8871331084856485,0.5006082436766356,0.4722456732798649,0.0551359996982518,870.0,1.260631084442139,1.16914701461792,2026-04-21T08:50:33.514076+00:00
NR-PPAR-gamma,rdkit,LogisticRegression,smoteenn,pr_auc,"{'C': 1, 'l1_ratio': 0.0}",0.1020090454326849,1678,0.7240762812872468,0.821448353967956,0.4586187745590948,0.6704137907700636,0.1020090454326849,0.9977869111602908,0.9977869307743648,0.9977868756681568,0.9998107013911072,0.9997300700936383,9489.0,0.8873563218390804,0.8943124936457894,0.5077480889586846,0.4258653440270156,0.0761119310326467,870.0,2.14420485496521,1.847092866897583,2026-04-21T08:50:34.175268+00:00
NR-PPAR-gamma,rdkit,LogisticRegression,smoten,pr_auc,"{'C': 1, 'l1_ratio': 1.0}",0.055697630890405,1678,0.8748510131108462,0.9148009965630332,0.5138030376617069,0.6889294897821084,0.055697630890405,0.99696271470465,0.9969627120060026,0.9969627120060026,0.999752161767176,0.9995840288654824,9548.0,0.906896551724138,0.9054119807163704,0.5204132327020056,0.4535141409877585,0.0736979679761165,870.0,1.1257338523864746,0.9653558731079102,2026-04-21T08:50:39.328946+00:00
NR-PPAR-gamma,rdkit,DecisionTree,smoten_enn,pr_auc,"{'ccp_alpha': 0.001, 'criterion': 'gini', 'max_depth': 15, 'min_samples_leaf': 50}",0.0539443463770271,1678,0.7967818831942789,0.8686603652094567,0.4974808085651631,0.7085532548382731,0.0539443463770271,0.9407595472336824,0.9407354391294488,0.9407448254815072,0.9720894139400988,0.95210594406766,9453.0,0.828735632183908,0.8616931378696792,0.4900853201373619,0.5084159983115238,0.0549457835203209,870.0,2.530773878097534,2.5730481147766113,2026-04-22T10:04:55.431102+00:00
NR-PPAR-gamma,topological_torsion,XGBoost,none,pr_auc,"{'colsample_bytree': 0.8, 'learning_rate': 0.1, 'max_depth': 5, 'min_child_weight': 1, 'n_estimators': 200, 'scale_pos_weight': 8, 'subsample': 0.8}",0.3974309216933261,1678,0.9833134684147795,0.9786632457152914,0.6914225666622882,0.7641426444715117,0.3974309216933261,0.9959291675147568,0.9960615001374993,0.9653934148169436,0.99974833706558,0.9903374412968353,4913.0,0.9425287356321839,0.9246701301537898,0.538725822870716,0.5899641198818066,0.1375044153901256,870.0,2.441744089126587,2.3588552474975586,2026-04-30T02:53:13.587279+00:00
NR-PPAR-gamma,topological_torsion,XGBoost,random_over,pr_auc,"{'colsample_bytree': 0.8, 'learning_rate': 0.1, 'max_depth': 5, 'min_child_weight': 5, 'n_estimators': 200, 'scale_pos_weight': 1, 'subsample': 0.8}",0.42460440835436847,1678,0.9839094159713945,0.9796907887344817,0.7086861750352038,0.7572912437406956,0.42460440835436847,0.9879555927943025,0.9879538452858029,0.987953845285803,0.9987531523303244,0.9983753765468288,9548.0,0.9149425287356322,0.9121296835904762,0.5473974297685666,0.5715755593077247,0.11717896679442885,870.0,4.2417120933532715,4.291191816329956,2026-04-30T02:53:31.536480+00:00
NR-PPAR-gamma,topological_torsion,XGBoost,random_under,pr_auc,"{'colsample_bytree': 0.8, 'learning_rate': 0.05, 'max_depth': 7, 'min_child_weight': 1, 'n_estimators': 200, 'scale_pos_weight': 1, 'subsample': 0.8}",0.12223287838424718,1678,0.9779499404052443,0.9676371209071475,0.49442603193733053,0.7467688455812694,0.12223287838424718,0.9712230215827338,0.9708778989727841,0.9668802287408662,0.9955230060555872,0.9931951144248472,417.0,0.8517241379310345,0.880257817350259,0.558530243608857,0.6749683410721824,0.1138856578370867,870.0,0.40582776069641113,0.3819572925567627,2026-04-30T02:53:51.646837+00:00
NR-PPAR-gamma,topological_torsion,XGBoost,smote,pr_auc,"{'colsample_bytree': 0.8, 'learning_rate': 0.1, 'max_depth': 7, 'min_child_weight': 1, 'n_estimators': 200, 'scale_pos_weight': 1, 'subsample': 0.8}",0.034172767504499546,1678,0.5554231227651967,0.6965972836265284,0.37362619766741323,0.49592299363919334,0.034172767504499546,0.9817762882279011,0.9817747400735614,0.9817747400735614,0.9982368318196122,0.998101383845936,9548.0,0.8586206896551725,0.8779522791562531,0.49231185269879824,0.4328566905867455,0.050149150307309265,870.0,4.523432970046997,4.413179874420166,2026-04-30T02:54:03.304226+00:00
NR-PPAR-gamma,topological_torsion,DecisionTree,smoteenn,pr_auc,"{'ccp_alpha': 0.0, 'criterion': 'entropy', 'max_depth': 15, 'min_samples_leaf': 20}",0.0336682716467108,1678,0.4034564958283671,0.5565750684296766,0.3022747296523208,0.4911862227635675,0.0336682716467108,0.8527368421052631,0.850850283219196,0.8509331330147416,0.8689176951398293,0.7925444476192507,9500.0,0.6367816091954023,0.7371092520552428,0.4118804764512596,0.4404284508231321,0.0458778277163987,870.0,2.1935231685638428,2.8662850856781006,2026-04-22T10:06:44.781167+00:00
NR-PPAR-gamma,topological_torsion,XGBoost,smoten,pr_auc,"{'colsample_bytree': 0.8, 'learning_rate': 0.1, 'max_depth': 7, 'min_child_weight': 10, 'n_estimators': 200, 'scale_pos_weight': 1, 'subsample': 0.8}",0.04396445414721446,1678,0.9618593563766389,0.9601604694597873,0.5054250713825182,0.5366253890918934,0.04396445414721446,0.9758064516129032,0.9758026929261098,0.9758026929261099,0.9950317615543908,0.9961286870766999,9548.0,0.9298850574712644,0.9143537326376139,0.4976857767555442,0.43012610806247364,0.04581745546208156,870.0,5.578662157058716,5.514840126037598,2026-04-30T02:56:02.093165+00:00
NR-PPAR-gamma,topological_torsion,RandomForest,smoten_enn,pr_auc,"{'max_depth': 10, 'max_features': 'sqrt', 'min_samples_leaf': 20, 'n_estimators': 100}",0.0339761294456272,1678,0.5268176400476758,0.6720829318258298,0.3634902617256772,0.4834043848964677,0.0339761294456272,0.9381083368599238,0.9379370443075938,0.9379671066202512,0.992950651177561,0.991489012389464,9452.0,0.8057471264367816,0.847540633678594,0.4738009942058342,0.3752638243984803,0.0481482199357846,870.0,1.8604350090026855,1.4040791988372805,2026-04-21T18:43:16.943450+00:00
SR-ARE,atom_pair,XGBoost,none,pr_auc,"{'colsample_bytree': 0.8, 'learning_rate': 0.05, 'max_depth': 7, 'min_child_weight': 1, 'n_estimators': 200, 'scale_pos_weight': 1, 'subsample': 0.8}",0.18753266418891382,1539,0.9129304743339831,0.8726418261742078,0.4917036379769299,0.6618642824200243,0.18753266418891382,0.9716182192721446,0.9708439867615033,0.9491267648380113,0.993183326833115,0.9796093394844426,4369.0,0.8348157560355781,0.8076192190291968,0.6308417284877176,0.8111834842128506,0.4681860123759264,787.0,3.4927361011505127,3.3781790733337402,2026-04-30T02:56:27.576146+00:00
SR-ARE,atom_pair,XGBoost,random_over,pr_auc,"{'colsample_bytree': 0.8, 'learning_rate': 0.05, 'max_depth': 5, 'min_child_weight': 5, 'n_estimators': 100, 'scale_pos_weight': 1, 'subsample': 0.8}",0.18337463077072008,1539,0.9122807017543859,0.879952016794122,0.5357466063348416,0.6403007211437675,0.18337463077072008,0.8904376916643435,0.8904100185644142,0.8904100185644142,0.9531933882296049,0.9552751571465778,7174.0,0.7776365946632783,0.7916752879618827,0.67103770317557,0.7893850739677633,0.4751953521495849,787.0,2.4983110427856445,2.341275930404663,2026-04-30T02:57:01.515806+00:00
SR-ARE,atom_pair,XGBoost,random_under,pr_auc,"{'colsample_bytree': 0.8, 'learning_rate': 0.05, 'max_depth': 5, 'min_child_weight': 1, 'n_estimators': 200, 'scale_pos_weight': 1, 'subsample': 0.8}",0.16625128693261682,1539,0.9018843404808317,0.8699286490665418,0.5051731443646902,0.6523940296004361,0.16625128693261682,0.9407502131287298,0.9396824189005671,0.9310740159477497,0.9813028597405825,0.9720139433290783,2346.0,0.795425667090216,0.7999187951685418,0.6659178577737701,0.7912011481563259,0.452624030046065,787.0,1.5392110347747803,1.4993207454681396,2026-04-30T02:57:57.709264+00:00
SR-ARE,atom_pair,DecisionTree,smote,pr_auc,"{'ccp_alpha': 0.0, 'criterion': 'gini', 'max_depth': 10, 'min_samples_leaf': 50}",0.1264112272935322,1539,0.6471734892787524,0.722442729913455,0.4734450069782901,0.5578618296926753,0.1264112272935322,0.7733482018399777,0.7732437110439294,0.7732437110439294,0.8577561352991617,0.846287654367561,7174.0,0.6670902160101652,0.7000125549549862,0.5609156729131175,0.6510874365202032,0.3149943453069089,787.0,1.1527831554412842,1.165329933166504,2026-04-22T10:08:30.761035+00:00
SR-ARE,atom_pair,DecisionTree,smoteenn,pr_auc,"{'ccp_alpha': 0.0, 'criterion': 'gini', 'max_depth': 15, 'min_samples_leaf': 50}",0.1297350464579704,1539,0.7011046133853152,0.7604798612155035,0.493712347028097,0.5384941931155927,0.1297350464579704,0.8066618392469225,0.8066293720724218,0.806305902815359,0.8903282532042152,0.8828609438348567,6905.0,0.6899618805590851,0.7157201488643554,0.567317398514673,0.6390097151689115,0.3022359317604952,787.0,1.110645055770874,1.0589969158172607,2026-04-22T10:08:34.865486+00:00
SR-ARE,atom_pair,DecisionTree,smoten,pr_auc,"{'ccp_alpha': 0.0, 'criterion': 'gini', 'max_depth': 10, 'min_samples_leaf': 20}",0.1520934393324369,1539,0.7166991552956465,0.7729765641086077,0.5201273550092398,0.6418048509496457,0.1520934393324369,0.8440200724839699,0.8438165033518521,0.8438165033518521,0.9117975817795716,0.8832543352803381,7174.0,0.6670902160101652,0.6939473371724729,0.5318454272999728,0.6447891366747627,0.2814805269399809,787.0,1.2252438068389893,1.1859090328216553,2026-04-22T10:08:39.220722+00:00
SR-ARE,atom_pair,DecisionTree,smoten_enn,pr_auc,"{'ccp_alpha': 0.0, 'criterion': 'gini', 'max_depth': 10, 'min_samples_leaf': 20}",0.1410455203204918,1539,0.7134502923976608,0.7699134113200383,0.5097724234122114,0.5395790532891703,0.1410455203204918,0.8528981264637002,0.852805703945983,0.852882237846853,0.9211079385711888,0.8807025402406877,6832.0,0.6670902160101652,0.6955161717486563,0.5388644374071887,0.6089975712077721,0.260460122700835,787.0,1.2786040306091309,1.3219528198242188,2026-04-22T10:08:46.234850+00:00
SR-ARE,avalon,XGBoost,none,pr_auc,"{'colsample_bytree': 0.8, 'learning_rate': 0.05, 'max_depth': 5, 'min_child_weight': 5, 'n_estimators': 100, 'scale_pos_weight': 4, 'subsample': 0.8}",0.24806304202445095,1539,0.9103313840155945,0.8712710610963025,0.49058314464443337,0.7660789903987255,0.24806304202445095,0.9121080338750286,0.9157361692894865,0.8632778196113713,0.9608234695194424,0.8624054156836956,4369.0,0.7865311308767471,0.7934115088000255,0.659244139296097,0.7768933539412674,0.43535983217360047,787.0,0.538444995880127,0.46384501457214355,2026-04-30T03:00:39.612477+00:00
SR-ARE,avalon,RandomForest,random_over,pr_auc,"{'max_depth': 15, 'max_features': 'sqrt', 'min_samples_leaf': 5, 'n_estimators': 200}",0.2575880524835923,1539,0.9116309291747888,0.869488914773779,0.4768864717878994,0.7619989727894009,0.2575880524835923,0.9647337608028994,0.9647337546358278,0.9647337546358278,0.9929014098474892,0.9923383686949236,7174.0,0.8195679796696315,0.8094088474641118,0.6579182583994515,0.7841907705895341,0.438913261757869,787.0,0.5549590587615967,0.5111067295074463,2026-04-21T18:45:19.350085+00:00
SR-ARE,avalon,RandomForest,random_under,pr_auc,"{'max_depth': 15, 'max_features': 'log2', 'min_samples_leaf': 5, 'n_estimators': 200}",0.2184976794279723,1539,0.9116309291747888,0.869488914773779,0.4768864717878994,0.7555448408871746,0.2184976794279723,0.9096334185848252,0.909803448822626,0.8987231449926041,0.9558639562797208,0.9153247697737394,2346.0,0.758576874205845,0.776155574129296,0.6523722288349948,0.7625303599028482,0.3781212122134331,787.0,0.3776919841766357,0.3370480537414551,2026-04-21T18:45:26.573299+00:00
SR-ARE,avalon,KNeighbors,smote,pr_auc,"{'n_neighbors': 15, 'weights': 'distance'}",0.1412109952767604,1539,0.8083170890188434,0.8297676686119654,0.5436846755121179,0.6625220116556957,0.1412109952767604,0.9986060775020908,0.9986060747936664,0.9986060747936664,0.9997702961838544,0.9994535850220692,7174.0,0.7153748411689962,0.7390217760066212,0.602783185521667,0.7148818723780085,0.3505584947350844,787.0,13.60554313659668,12.57193899154663,2026-04-24T03:57:11.672379+00:00
SR-ARE,avalon,DecisionTree,smoteenn,pr_auc,"{'ccp_alpha': 0.0, 'criterion': 'gini', 'max_depth': 10, 'min_samples_leaf': 10}",0.1520388988693068,1539,0.6569200779727096,0.7306228041424441,0.5006194690265486,0.6264726845834556,0.1520388988693068,0.8476890756302521,0.8477985008662544,0.8476707963574188,0.9232193330934776,0.8879757279046058,6664.0,0.6442185514612452,0.6788107025560725,0.52761914561575,0.5674817840582911,0.2490870325408319,787.0,0.2474579811096191,0.2384078502655029,2026-04-22T10:09:51.197258+00:00
SR-ARE,avalon,KNeighbors,smoten,pr_auc,"{'n_neighbors': 15, 'weights': 'distance'}",0.1465106167086349,1539,0.8427550357374919,0.8484515643066225,0.5477223269279344,0.6677602616242505,0.1465106167086349,0.9986060775020908,0.9986060747936664,0.9986060747936664,0.9990431792655836,0.997963146969531,7174.0,0.7153748411689962,0.7411967808702085,0.612846551178889,0.7356259659969089,0.3337053817082162,787.0,13.633428812026978,13.040876150131226,2026-04-24T03:57:28.173773+00:00
SR-ARE,avalon,KNeighbors,smoten_enn,pr_auc,"{'n_neighbors': 15, 'weights': 'distance'}",0.1287716473936481,1539,0.8453541260558805,0.8482891967576842,0.538394648492242,0.5999617416460524,0.1287716473936481,0.998074644549763,0.9980748361926574,0.9980674840743458,0.9990926511436992,0.9978635651147956,6752.0,0.7255400254129606,0.746636714965738,0.6095082328726845,0.715908589092515,0.3255529158945144,787.0,12.715388059616089,12.367758989334106,2026-04-24T03:57:41.306527+00:00
SR-ARE,erg,RandomForest,none,pr_auc,"{'max_depth': 5, 'max_features': 'log2', 'min_samples_leaf': 10, 'n_estimators': 200}",0.1149925287943549,1539,0.9116309291747888,0.869488914773779,0.4768864717878994,0.550071275837491,0.1149925287943549,0.7498283360036622,0.7719625537152359,0.6588724249703095,0.7934222900684982,0.507950066534902,4369.0,0.7458703939008895,0.7689256972055433,0.6543272778382937,0.7562596599690883,0.435922552621141,787.0,0.3433701992034912,0.5553131103515625,2026-04-21T18:46:09.990130+00:00
SR-ARE,erg,BernoulliNB,random_over,pr_auc,{'alpha': 0.1},0.1129219247616608,1539,0.9018843404808315,0.8678816719780255,0.4932609676905867,0.5789170265397677,0.1129219247616608,0.6241984945637022,0.6158755491931265,0.6158755491931265,0.690998936857215,0.673234496644691,7174.0,0.6975857687420585,0.7282003884569699,0.6050129900803023,0.7074630161183484,0.3029407145532852,787.0,0.0093648433685302,0.0035138130187988,2026-04-21T14:24:26.097313+00:00
SR-ARE,erg,RandomForest,random_under,pr_auc,"{'max_depth': 5, 'max_features': 'log2', 'min_samples_leaf': 20, 'n_estimators': 200}",0.1227355030387504,1539,0.9116309291747888,0.869488914773779,0.4768864717878994,0.553262965913379,0.1227355030387504,0.722080136402387,0.7275328709278089,0.7012116462433653,0.7790822600584768,0.6530867037414552,2346.0,0.7039390088945362,0.7354143165335746,0.6222371465123513,0.7383528372709207,0.4230351604819444,787.0,0.6018521785736084,0.3122532367706299,2026-04-21T18:46:37.075077+00:00
SR-ARE,erg,LogisticRegression,smote,pr_auc,"{'C': 1, 'l1_ratio': 0.0}",0.1101962136125625,1539,0.8908382066276803,0.868037431837383,0.5241257454170655,0.542084189342166,0.1101962136125625,0.7258154446612768,0.72567032778268,0.7256703277826801,0.7840744879229264,0.7491714696708492,7174.0,0.7395171537484116,0.7627481252011317,0.6437773926099293,0.7422168249061604,0.3849761649624696,787.0,0.0739138126373291,0.0577559471130371,2026-04-21T08:51:17.046013+00:00
SR-ARE,erg,RandomForest,smoteenn,pr_auc,"{'max_depth': 10, 'max_features': 'log2', 'min_samples_leaf': 5, 'n_estimators': 100}",0.1194494859987354,1539,0.9109811565951916,0.8691646125148276,0.476708602516151,0.5710137939709028,0.1194494859987354,0.8807210031347963,0.8805264059706127,0.8784662706591232,0.95338784054405,0.947923022109486,6380.0,0.8055908513341804,0.8063954064706724,0.6704255884035439,0.7528814307794215,0.4345297689860636,787.0,0.273796796798706,0.2407739162445068,2026-04-21T18:46:53.444059+00:00
SR-ARE,erg,LogisticRegression,smoten,pr_auc,"{'C': 1, 'l1_ratio': 0.0}",0.1013245182543851,1539,0.4990253411306042,0.6017755456542905,0.3934803310438739,0.5152142467821056,0.1013245182543851,0.7411485921382771,0.7381870531794927,0.7381870531794927,0.8131299416340129,0.7795139550114858,7174.0,0.6264294790343075,0.668605458144222,0.541324378330373,0.6807463016118349,0.3636021113291754,787.0,0.0523478984832763,0.0470588207244873,2026-04-21T08:51:18.343885+00:00
SR-ARE,erg,XGBoost,smoten_enn,pr_auc,"{'colsample_bytree': 0.8, 'learning_rate': 0.1, 'max_depth': 7, 'min_child_weight': 1, 'n_estimators': 200, 'scale_pos_weight': 1, 'subsample': 0.8}",0.11096935480226261,1539,0.9096816114359974,0.8685153459303875,0.47635250085062947,0.56547157351893,0.11096935480226261,0.9887964691902903,0.988812456442048,0.9882726763366529,0.9987253232157792,0.9977670002377161,5891.0,0.8233799237611181,0.7707176468595011,0.5344364575752546,0.6266007948774563,0.30668807516293095,787.0,1.0141489505767822,0.9981062412261963,2026-04-30T03:02:36.967188+00:00
SR-ARE,estate,BernoulliNB,none,pr_auc,{'alpha': 0.1},0.2393695693434105,1539,0.9129304743339832,0.8822867506297504,0.5475833201705892,0.686920883820385,0.2393695693434105,0.8228427557793545,0.7484093078372267,0.4722375863059194,0.7137063222763076,0.3571662227900318,4369.0,0.8144853875476493,0.7403421285206465,0.4555646108942041,0.6605873261205564,0.2526306951658903,787.0,0.0056791305541992,0.0010931491851806,2026-04-21T14:24:38.444137+00:00
SR-ARE,estate,BernoulliNB,random_over,pr_auc,{'alpha': 1.0},0.2381734931162802,1539,0.8693957115009746,0.8644172739313779,0.5640515405657173,0.6811035176722151,0.2381734931162802,0.6377195427934207,0.6323498404906658,0.6323498404906659,0.7151301562988548,0.7023527548696902,7174.0,0.6721728081321474,0.7005304445909125,0.5475802139037433,0.6608743652020314,0.2606889012468931,787.0,0.0061979293823242,0.0014400482177734,2026-04-21T14:24:38.888661+00:00
SR-ARE,estate,BernoulliNB,random_under,pr_auc,{'alpha': 0.1},0.2334462121183677,1539,0.9070825211176088,0.8804124125480112,0.5523441838326679,0.6718533814095845,0.2334462121183677,0.680306905370844,0.5757418011452369,0.46121811556481,0.7170658878474108,0.5570660000731767,2346.0,0.806861499364676,0.7445911691183957,0.4770398349246318,0.6587105321262972,0.2547426554341958,787.0,0.0054080486297607,0.0006670951843261,2026-04-21T14:24:39.321212+00:00
SR-ARE,estate,LogisticRegression,smote,pr_auc,"{'C': 1, 'l1_ratio': 1.0}",0.2262773954513656,1539,0.8882391163092918,0.8772045611446145,0.5859382821103214,0.6232076223219152,0.2262773954513656,0.6976582102035127,0.6976302388299295,0.6976302388299296,0.7636691257785972,0.7273115290727913,7174.0,0.6950444726810674,0.7285516122560367,0.6182391462527286,0.7245970412894679,0.3491652828314676,787.0,0.0489008426666259,0.0424060821533203,2026-04-21T08:51:26.570397+00:00
SR-ARE,estate,BernoulliNB,smoteenn,pr_auc,{'alpha': 1.0},0.2252248355857448,1539,0.8953866146848602,0.8761291993865277,0.5592571840230529,0.6427508280575238,0.2252248355857448,0.6225026288117771,0.5853433972287078,0.5742063985455502,0.7236050558976543,0.6676528446519806,6657.0,0.7687420584498094,0.7574865737417321,0.5672688821752265,0.6664495473614485,0.271579512990683,787.0,0.0058879852294921,0.0018520355224609,2026-04-21T14:24:40.261316+00:00
SR-ARE,estate,BernoulliNB,smoten,pr_auc,{'alpha': 0.1},0.1760780805391777,1539,0.7387914230019493,0.7871392198877579,0.5231018981018981,0.5227191732002852,0.1760780805391777,0.698633955952049,0.6974541120891034,0.6974541120891034,0.7616551856209686,0.7410890749560579,7174.0,0.6632782719186785,0.6918388062034663,0.5327158294739343,0.5761978361669242,0.2417127910176174,787.0,0.0112190246582031,0.0043721199035644,2026-04-21T14:24:40.706259+00:00
SR-ARE,estate,DecisionTree,smoten_enn,pr_auc,"{'ccp_alpha': 0.0, 'criterion': 'gini', 'max_depth': 10, 'min_samples_leaf': 20}",0.1358398990035157,1539,0.6894087069525666,0.7537479815882037,0.5052179176755448,0.5879470462454404,0.1358398990035157,0.8415351284432064,0.841848883066682,0.8414541952717799,0.9219345220057938,0.8823653542810393,6462.0,0.636594663278272,0.6725327889966644,0.5206942078364566,0.5872378008390373,0.2555481272599743,787.0,0.0230569839477539,0.0207831859588623,2026-04-22T10:10:47.241135+00:00
SR-ARE,fcfp,XGBoost,none,pr_auc,"{'colsample_bytree': 0.8, 'learning_rate': 0.1, 'max_depth': 3, 'min_child_weight': 1, 'n_estimators': 200, 'scale_pos_weight': 8, 'subsample': 0.8}",0.21389260108557218,1539,0.7485380116959064,0.795791297607241,0.5473684210526315,0.6913441784411556,0.21389260108557218,0.6914625772487983,0.7274403340621491,0.6465768662244495,0.9092993168710255,0.7196905272736991,4369.0,0.6149936467598475,0.6601828613800269,0.5610013383824901,0.7329874144402737,0.39212118683645003,787.0,1.9346809387207031,1.995779275894165,2026-04-30T03:03:14.897422+00:00
SR-ARE,fcfp,RandomForest,random_over,pr_auc,"{'max_depth': 15, 'max_features': 'sqrt', 'min_samples_leaf': 10, 'n_estimators': 100}",0.2174988530144868,1539,0.9109811565951916,0.8791653172016084,0.5346296888967367,0.7031544798960212,0.2174988530144868,0.7737663785893504,0.7732047520291027,0.7732047520291027,0.8635362698478515,0.8613251420160386,7174.0,0.7878017789072427,0.7944082163090118,0.6604296658011343,0.7468480900861117,0.4094573156962779,787.0,1.8248388767242432,1.6055119037628174,2026-04-21T18:47:42.268909+00:00
SR-ARE,fcfp,XGBoost,random_under,pr_auc,"{'colsample_bytree': 0.8, 'learning_rate': 0.05, 'max_depth': 7, 'min_child_weight': 1, 'n_estimators': 100, 'scale_pos_weight': 1, 'subsample': 0.8}",0.19062448253499067,1539,0.9090318388564003,0.8789387730743863,0.5385109664153529,0.7099361661984822,0.19062448253499067,0.8516624040920716,0.8409687741365993,0.8123303541873552,0.9252952459756282,0.8842493979524977,2346.0,0.8195679796696315,0.8086993579100542,0.6556329347960064,0.743353941267388,0.40780862122022354,787.0,0.8192000389099121,0.7328219413757324,2026-04-30T03:03:17.947279+00:00
SR-ARE,fcfp,LogisticRegression,smote,pr_auc,"{'C': 1, 'l1_ratio': 1.0}",0.1502149764441948,1539,0.801819363222872,0.8255653768254353,0.539030146021171,0.606502347909941,0.1502149764441948,0.906885977139671,0.9068725941955984,0.9068725941955984,0.9654828338463812,0.964565288135893,7174.0,0.7458703939008895,0.7586534268279292,0.611358024691358,0.6563976595274895,0.3513288605310755,787.0,0.2131409645080566,0.1709167957305908,2026-04-21T08:51:32.160647+00:00
SR-ARE,fcfp,LogisticRegression,smoteenn,pr_auc,"{'C': 0.1, 'l1_ratio': 0.0}",0.1475030386239287,1539,0.8362573099415205,0.8417367652848595,0.5261699507389163,0.6125241080038573,0.1475030386239287,0.8859140264762755,0.8860412727624855,0.8857585728852405,0.9533251985628376,0.9458242271059876,6723.0,0.770012706480305,0.7655575425425537,0.5918061489702524,0.6380381982777655,0.3189913317640675,787.0,0.1488540172576904,0.11073899269104,2026-04-21T08:51:33.140956+00:00
SR-ARE,fcfp,DecisionTree,smoten,pr_auc,"{'ccp_alpha': 0.0, 'criterion': 'gini', 'max_depth': 15, 'min_samples_leaf': 20}",0.1596320135748417,1539,0.6848602988953866,0.7495962890262609,0.4908565429826722,0.6413200704372983,0.1596320135748417,0.8536381377195428,0.8536359081148976,0.8536359081148976,0.9076979651684922,0.8762385032778538,7174.0,0.7280813214739518,0.7374342618024005,0.5680792351408465,0.6736531243100021,0.2903188715184788,787.0,1.682610034942627,1.91243314743042,2026-04-22T10:11:07.069416+00:00
SR-ARE,fcfp,DecisionTree,smoten_enn,pr_auc,"{'ccp_alpha': 0.0, 'criterion': 'gini', 'max_depth': 15, 'min_samples_leaf': 20}",0.1540473380957066,1539,0.6978557504873294,0.7608337411111409,0.5240589217628644,0.6342553771330343,0.1540473380957066,0.884742206235012,0.8849054746918005,0.8845709409558502,0.9352591905128324,0.886616558694083,6672.0,0.7395171537484116,0.7446121389867115,0.5724016379321769,0.6453852947670567,0.2603857021424012,787.0,1.710770845413208,1.462475061416626,2026-04-22T10:12:07.004923+00:00
SR-ARE,klekota_roth,LogisticRegression,none,pr_auc,"{'C': 1, 'l1_ratio': 0.0}",0.1427494755894936,1539,0.816114359974009,0.8305282136324714,0.5209968138821037,0.6523442413316004,0.1427494755894936,0.9089036392767224,0.9144608603837318,0.8651317299876522,0.9725284969807853,0.878530243670786,4369.0,0.747141041931385,0.7657276681109431,0.6366397301241494,0.7410024287922278,0.3746979568429978,787.0,0.5058450698852539,0.7733991146087646,2026-04-21T08:51:37.792981+00:00
SR-ARE,klekota_roth,DecisionTree,random_over,pr_auc,"{'ccp_alpha': 0.0, 'criterion': 'gini', 'max_depth': 10, 'min_samples_leaf': 10}",0.1440107424488004,1539,0.8765432098765432,0.8617473751412722,0.5269916142557652,0.6348921428870908,0.1440107424488004,0.7273487594089768,0.7244165578853621,0.7244165578853621,0.7887002743310981,0.8040065006513603,7174.0,0.7344345616264295,0.7460243790860471,0.5872125560583132,0.620992492824023,0.2926039116081764,787.0,1.4071040153503418,1.4725239276885986,2026-04-22T10:12:18.964532+00:00
SR-ARE,klekota_roth,DecisionTree,random_under,pr_auc,"{'ccp_alpha': 0.0, 'criterion': 'entropy', 'max_depth': 5, 'min_samples_leaf': 20}",0.1374230231842742,1539,0.6114359974009097,0.6950830413919513,0.4848036669144714,0.6443990817995052,0.1374230231842742,0.6027280477408354,0.6136696903223257,0.594905733088279,0.6671038258514792,0.5080270081903215,2346.0,0.5743329097839899,0.6236328478783343,0.5248381102742529,0.6168469860896446,0.2320699691919376,787.0,0.5026779174804688,0.275670051574707,2026-04-22T10:12:31.280427+00:00
SR-ARE,klekota_roth,LogisticRegression,smote,pr_auc,"{'C': 1, 'l1_ratio': 0.0}",0.1336103096495156,1539,0.6757634827810266,0.7438456351641085,0.4966820618994532,0.6229639218481404,0.1336103096495156,0.9176191803735712,0.9176081518421508,0.9176081518421508,0.972925843711715,0.972264780253189,7174.0,0.7255400254129606,0.7398456093683757,0.5821731949032563,0.64686465003312,0.2836565845054358,787.0,0.7066280841827393,0.4488298892974853,2026-04-21T08:52:01.647422+00:00
SR-ARE,klekota_roth,LogisticRegression,smoteenn,pr_auc,"{'C': 1, 'l1_ratio': 1.0}",0.1438635760921875,1539,0.6842105263157895,0.7499013442478637,0.5007089301163126,0.5958240744622867,0.1438635760921875,0.932914985806066,0.9329863631211854,0.9327393668005206,0.9796260679483813,0.974916475950718,6693.0,0.7382465057179162,0.7436824049562745,0.5714323478407985,0.6325237359240451,0.2629683679637474,787.0,1.0974831581115725,0.4774158000946045,2026-04-21T08:52:03.980037+00:00
SR-ARE,klekota_roth,DecisionTree,smoten,pr_auc,"{'ccp_alpha': 0.001, 'criterion': 'gini', 'max_depth': 15, 'min_samples_leaf': 20}",0.147293713341618,1539,0.6998050682261209,0.7602037500115715,0.4999141927933199,0.5826852123600688,0.147293713341618,0.8327293002509061,0.8326353194999682,0.8326353194999683,0.8617300773811573,0.8223448626604924,7174.0,0.6963151207115629,0.7129538240012959,0.5407941797585478,0.6126241996025612,0.2316326200544233,787.0,1.5522680282592771,1.8306238651275637,2026-04-22T10:13:50.172782+00:00
SR-ARE,klekota_roth,DecisionTree,smoten_enn,pr_auc,"{'ccp_alpha': 0.001, 'criterion': 'gini', 'max_depth': 15, 'min_samples_leaf': 10}",0.145801823355238,1539,0.682261208576998,0.7480334279123044,0.4931912202736711,0.5792157561527819,0.145801823355238,0.8796241050119332,0.8795679882609323,0.879619602493751,0.91088354294046,0.8453682302956765,6704.0,0.6925031766200762,0.7079706464617943,0.5297432098765432,0.5776440715389711,0.2177399686312381,787.0,1.6565308570861816,1.1588778495788574,2026-04-22T10:14:12.249118+00:00
SR-ARE,maccs,XGBoost,none,pr_auc,"{'colsample_bytree': 0.8, 'learning_rate': 0.1, 'max_depth': 5, 'min_child_weight': 1, 'n_estimators': 100, 'scale_pos_weight': 8, 'subsample': 0.8}",0.2233100996758703,1539,0.8921377517868746,0.8786130856523613,0.583169085782906,0.7116080038572806,0.2233100996758703,0.8276493476768139,0.8449412134911742,0.7753519974089926,0.9589803546053275,0.8338014153241672,4369.0,0.7318932655654383,0.7571251299222554,0.6397622379139414,0.7671395451534555,0.44813827761409064,787.0,0.15360498428344727,0.14598798751831055,2026-04-30T03:11:44.022128+00:00
SR-ARE,maccs,XGBoost,random_over,pr_auc,"{'colsample_bytree': 0.8, 'learning_rate': 0.05, 'max_depth': 5, 'min_child_weight': 5, 'n_estimators': 100, 'scale_pos_weight': 1, 'subsample': 0.8}",0.2182265635236406,1539,0.9070825211176088,0.8812561286384302,0.5572755417956656,0.6698146828225232,0.2182265635236406,0.8502927237245609,0.850246528695598,0.8502465286955981,0.9250186665924692,0.9179156728218368,7174.0,0.7649301143583227,0.782209138696103,0.6622027641857671,0.7662287480680062,0.4210032855703393,787.0,0.2503700256347656,0.2352597713470459,2026-04-30T03:12:09.822290+00:00
SR-ARE,maccs,XGBoost,random_under,pr_auc,"{'colsample_bytree': 0.8, 'learning_rate': 0.1, 'max_depth': 7, 'min_child_weight': 5, 'n_estimators': 100, 'scale_pos_weight': 1, 'subsample': 0.8}",0.1932857965376244,1539,0.9083820662768031,0.8713825038515988,0.49635493910972783,0.696849712800302,0.1932857965376244,0.9202898550724637,0.9193729807413802,0.9083422772504981,0.9715910577507996,0.9478994148451011,2346.0,0.7941550190597204,0.7952854920962197,0.6519980347199477,0.7498068006182381,0.4306895456373965,787.0,0.11835193634033203,0.10542678833007812,2026-04-30T03:12:12.500715+00:00
SR-ARE,maccs,DecisionTree,smote,pr_auc,"{'ccp_alpha': 0.0, 'criterion': 'gini', 'max_depth': 10, 'min_samples_leaf': 10}",0.1637817059042021,1539,0.7771280051981806,0.8108183877067827,0.5318267887629986,0.6414379900213827,0.1637817059042021,0.8243657652634514,0.8242889479963524,0.8242889479963524,0.9061913863750312,0.893708303294616,7174.0,0.7268106734434562,0.752520866982393,0.632933086026054,0.7094998896003533,0.3155109592070378,787.0,0.0617780685424804,0.0523598194122314,2026-04-22T10:14:21.176589+00:00
SR-ARE,maccs,RandomForest,smoteenn,pr_auc,"{'max_depth': 10, 'max_features': 'sqrt', 'min_samples_leaf': 5, 'n_estimators': 100}",0.1368909034379779,1539,0.8947368421052632,0.8659482217604062,0.5011964019910691,0.6241457381241877,0.1368909034379779,0.8995929443690638,0.899721534261052,0.8992246261784409,0.959655324976144,0.9435162925255688,6633.0,0.7852604828462516,0.7855595423747826,0.6339363614095058,0.7400805917421065,0.3805598902298812,787.0,0.2239851951599121,0.209439992904663,2026-04-21T18:51:09.776932+00:00
SR-ARE,maccs,XGBoost,smoten,pr_auc,"{'colsample_bytree': 0.8, 'learning_rate': 0.1, 'max_depth': 7, 'min_child_weight': 1, 'n_estimators': 200, 'scale_pos_weight': 1, 'subsample': 0.8}",0.1455195589535557,1539,0.8979857050032488,0.8705349251646396,0.5192203993513277,0.6414720556790072,0.1455195589535557,0.9803456927794815,0.9803456282403485,0.9803456282403485,0.997022166515409,0.9964186521080403,7174.0,0.8195679796696315,0.8024777123181446,0.635847605641146,0.7635846765290352,0.4261174654081201,787.0,0.5372300148010254,0.5084719657897949,2026-04-30T03:12:31.858887+00:00
SR-ARE,maccs,RandomForest,smoten_enn,pr_auc,"{'max_depth': 15, 'max_features': 'sqrt', 'min_samples_leaf': 20, 'n_estimators': 100}",0.1373113630832056,1539,0.912280701754386,0.8710746181715455,0.4843478929903677,0.6287603245146953,0.1373113630832056,0.8929740994343555,0.8929997571160059,0.8925317610027,0.9588068967242775,0.9465110465743596,6718.0,0.8170266836086404,0.8081212451582936,0.657619335347432,0.7607198056966218,0.4565579298145872,787.0,0.2717151641845703,0.262963056564331,2026-04-21T18:51:24.556115+00:00
SR-ARE,map4,KNeighbors,none,pr_auc,"{'n_neighbors': 15, 'weights': 'distance'}",0.1935122698011045,1539,0.907732293697206,0.8742447405298102,0.5146792332154849,0.711450777745168,0.1935122698011045,0.9974822613870452,0.9974752720216106,0.9956929838358066,0.9999634585534436,0.99983109445126,4369.0,0.8221092757306226,0.7665141932989527,0.5235253416363951,0.7079874144402738,0.3443148257258643,787.0,18.835665225982662,14.778958082199097,2026-04-24T04:19:05.216152+00:00
SR-ARE,map4,LogisticRegression,random_over,pr_auc,"{'C': 0.01, 'l1_ratio': 0.0}",0.1812854525274345,1539,0.8512020792722547,0.8533455681125852,0.5515899724794104,0.6360634774223303,0.1812854525274345,0.8713409534429886,0.8712337472179752,0.8712337472179752,0.933889562944092,0.919029649620944,7174.0,0.7102922490470139,0.7356685611221059,0.6016499129755266,0.6876352395672333,0.3441229171245962,787.0,0.2980930805206299,0.2775371074676513,2026-04-21T08:52:34.811192+00:00
SR-ARE,map4,XGBoost,random_under,pr_auc,"{'colsample_bytree': 0.8, 'learning_rate': 0.1, 'max_depth': 5, 'min_child_weight': 10, 'n_estimators': 200, 'scale_pos_weight': 1, 'subsample': 0.8}",0.17856245723307462,1539,0.9083820662768031,0.8713825038515988,0.49635493910972783,0.6664264601064944,0.17856245723307462,0.9658994032395567,0.965540101622218,0.960857203876238,0.9951964272865824,0.9920548673491839,2346.0,0.7979669631512071,0.7976829018104585,0.6536638020508988,0.7341355707661734,0.4123919223508905,787.0,0.8076739311218262,0.8036811351776123,2026-04-30T03:14:08.514110+00:00
SR-ARE,map4,LogisticRegression,smote,pr_auc,"{'C': 1, 'l1_ratio': 0.0}",0.1602814811145061,1539,0.6231319038336582,0.70459737288748,0.4811844956338172,0.6405758668399648,0.1602814811145061,0.891274045163089,0.8912465833081973,0.8912465833081973,0.9556464897518522,0.9494392569372524,7174.0,0.6493011435832274,0.6833991210909857,0.534367443535525,0.5878449988960035,0.2570311955303178,787.0,0.5383350849151611,0.4555542469024658,2026-04-21T08:52:37.771886+00:00
SR-ARE,map4,LogisticRegression,smoteenn,pr_auc,"{'C': 1, 'l1_ratio': 1.0}",0.1317790852913964,1539,0.622482131254061,0.7040892766194148,0.4778392696655787,0.6221437256299527,0.1317790852913964,0.9231330221703618,0.9231738616429104,0.923081755598439,0.9739717700206116,0.965994358019994,6856.0,0.6696315120711563,0.6982089751691366,0.5440730837789661,0.5882313976595275,0.2557725495562249,787.0,0.4477739334106445,0.447659969329834,2026-04-21T08:52:39.013801+00:00
SR-ARE,map4,LogisticRegression,smoten,pr_auc,"{'C': 1, 'l1_ratio': 0.0}",0.1685049758677418,1539,0.6549707602339181,0.7288711004070684,0.4918287434466093,0.6364041339985744,0.1685049758677418,0.9144131586283802,0.9143899971764168,0.9143899971764168,0.9665817281980922,0.9617961545359572,7174.0,0.6645489199491741,0.694981920311317,0.5437120067465476,0.5727092073305367,0.2463056888054092,787.0,0.4388139247894287,0.4424917697906494,2026-04-21T08:52:41.314889+00:00
SR-ARE,map4,LogisticRegression,smoten_enn,pr_auc,"{'C': 1, 'l1_ratio': 0.0}",0.1506151166119426,1539,0.682261208576998,0.7484896761362321,0.4994942209506252,0.6271120707727139,0.1506151166119426,0.9601106420148492,0.9601290643275292,0.9600797765611492,0.9895431179047774,0.9848396366821972,6869.0,0.6925031766200762,0.7101471215814894,0.5381186582077101,0.5697615367630824,0.2451267919767973,787.0,0.4937441349029541,0.4772789478302002,2026-04-21T08:52:43.100680+00:00
SR-ARE,mhfp,BalancedRandomForest,none,pr_auc,"{'max_depth': 10, 'max_features': 'sqrt', 'min_samples_leaf': 5, 'n_estimators': 100}",0.1472321604104605,1539,0.912280701754386,0.8768555887940839,0.5177866438284628,0.5944981342501363,0.1472321604104605,0.9929045548180362,0.9929547404156212,0.9881005817526556,0.999109992962652,0.9871985758101354,4369.0,0.8170266836086404,0.7783293243024515,0.5650732246476927,0.670501214396114,0.32058422503799,787.0,2.5960500240325928,2.3265509605407715,2026-04-21T23:47:33.458377+00:00
SR-ARE,mhfp,XGBoost,random_over,pr_auc,"{'colsample_bytree': 0.8, 'learning_rate': 0.1, 'max_depth': 5, 'min_child_weight': 5, 'n_estimators': 200, 'scale_pos_weight': 1, 'subsample': 0.8}",0.14884273808702458,1539,0.9122807017543859,0.8734879527435863,0.4982939604024949,0.607576726342711,0.14884273808702458,0.9990242542514636,0.9990242540808332,0.9990242540808332,0.9997705682066447,0.9996796094464023,7174.0,0.8284625158831004,0.780454642889369,0.5571519675882508,0.6846102892470745,0.34460571433614356,787.0,5.86750602722168,5.899270057678223,2026-04-30T03:15:47.562194+00:00
SR-ARE,mhfp,RandomForest,random_under,pr_auc,"{'max_depth': 10, 'max_features': 'log2', 'min_samples_leaf': 5, 'n_estimators': 100}",0.1501597745550534,1539,0.9135802469135802,0.8753622052955333,0.5057266424706062,0.5712417718334661,0.1501597745550534,0.9970161977834612,0.9970157200702487,0.9966421483380352,0.9990008568756092,0.9923250477356532,2346.0,0.8157560355781448,0.7535281965289284,0.4927884081160966,0.670699933760212,0.2883078699049575,787.0,0.3205509185791015,0.2741589546203613,2026-04-21T18:53:30.308937+00:00
SR-ARE,mhfp,RandomForest,smote,pr_auc,"{'max_depth': 15, 'max_features': 'log2', 'min_samples_leaf': 20, 'n_estimators': 100}",0.1409154942377616,1539,0.907732293697206,0.867539787504891,0.4758174386920981,0.6214021424678211,0.1409154942377616,0.913437412879844,0.9128007478962776,0.9128007478962774,0.995774786580634,0.9939625608021866,7174.0,0.8221092757306226,0.7442409670162408,0.4581595719568809,0.6853168469860896,0.3324949634202213,787.0,0.384242296218872,0.41451096534729,2026-04-21T18:53:51.370903+00:00
SR-ARE,mhfp,XGBoost,smoteenn,pr_auc,"{'colsample_bytree': 0.8, 'learning_rate': 0.05, 'max_depth': 5, 'min_child_weight': 5, 'n_estimators': 200, 'scale_pos_weight': 1, 'subsample': 0.8}",0.1359696879693319,1539,0.907732293697206,0.867539787504891,0.4758174386920981,0.5851091149218062,0.1359696879693319,0.998587570621469,0.998587559573829,0.9985872999542909,0.9998786054326184,0.9998584873916261,7080.0,0.8195679796696315,0.7474560428077521,0.47048064895189723,0.7006955177743431,0.3339017784450364,787.0,6.247349739074707,6.16007399559021,2026-04-30T03:16:36.082580+00:00
SR-ARE,mhfp,RandomForest,smoten,pr_auc,"{'max_depth': 15, 'max_features': 'sqrt', 'min_samples_leaf': 20, 'n_estimators': 200}",0.1189054539795076,1539,0.907732293697206,0.867539787504891,0.4758174386920981,0.5733800469581989,0.1189054539795076,0.9294675216057988,0.9291314866354928,0.9291314866354928,0.9956106791173313,0.9944132351955772,7174.0,0.8246505717916137,0.7501849696258844,0.472581585081585,0.6659969088098917,0.3213724298754854,787.0,1.1263527870178225,1.6803758144378662,2026-04-21T18:53:57.528709+00:00
SR-ARE,mhfp,XGBoost,smoten_enn,pr_auc,"{'colsample_bytree': 0.8, 'learning_rate': 0.1, 'max_depth': 7, 'min_child_weight': 10, 'n_estimators': 200, 'scale_pos_weight': 1, 'subsample': 0.8}",0.12354171350945134,1539,0.907732293697206,0.867539787504891,0.4758174386920981,0.5812413525638338,0.12354171350945134,0.9997173144876325,0.9997173155834396,0.9997172613409973,0.999891019878102,0.9998731683663683,7075.0,0.818297331639136,0.7550069865965308,0.49412727166481624,0.6878118790019871,0.3313373727740244,787.0,6.622183799743652,6.597463130950928,2026-04-30T03:19:02.404843+00:00
SR-ARE,morgan_2048,XGBoost,none,pr_auc,"{'colsample_bytree': 0.8, 'learning_rate': 0.1, 'max_depth': 7, 'min_child_weight': 5, 'n_estimators': 200, 'scale_pos_weight': 8, 'subsample': 0.8}",0.28038701949449485,1539,0.8804418453541261,0.8774947950140591,0.610786739238001,0.7032592973040963,0.28038701949449485,0.8727397573815519,0.8838669973382035,0.8258522983077055,0.9817118081278158,0.9101951246257963,4369.0,0.7141041931385006,0.740184688750983,0.6118078802507053,0.7199492161625082,0.3757676381501006,787.0,2.3808388710021973,2.243828058242798,2026-04-30T03:19:31.361069+00:00
SR-ARE,morgan_2048,LogisticRegression,random_over,pr_auc,"{'C': 1, 'l1_ratio': 0.0}",0.2229968399046937,1539,0.8856400259909032,0.873762700732085,0.5727912786736316,0.6898845960337092,0.2229968399046937,0.966824644549763,0.9668153596576342,0.9668153596576344,0.9927804762870353,0.9907680182616072,7174.0,0.7509529860228716,0.7634803582913705,0.6191308641975308,0.6950872157209097,0.3616978341486642,787.0,0.1949131488800048,0.1718928813934326,2026-04-21T08:53:49.860884+00:00
SR-ARE,morgan_2048,XGBoost,random_under,pr_auc,"{'colsample_bytree': 0.8, 'learning_rate': 0.1, 'max_depth': 7, 'min_child_weight': 1, 'n_estimators': 200, 'scale_pos_weight': 1, 'subsample': 0.8}",0.20084040516230797,1539,0.898635477582846,0.8847677849512982,0.6013747758517634,0.6949813425013627,0.20084040516230797,0.9386189258312021,0.9373935881872391,0.9283538331157379,0.9834556779455916,0.9705001962070634,2346.0,0.7509529860228716,0.7600481850071834,0.6063393221723152,0.7093232501655994,0.3456497933811132,787.0,1.2087738513946533,1.1959848403930664,2026-04-30T03:21:08.302919+00:00
SR-ARE,morgan_2048,LogisticRegression,smote,pr_auc,"{'C': 1, 'l1_ratio': 0.0}",0.1996499378597738,1539,0.8115659519168291,0.8348523421668264,0.5666354653782217,0.6423289379900214,0.1996499378597738,0.947727906328408,0.9477270521467466,0.9477270521467468,0.9868877243031924,0.986839961316065,7174.0,0.7420584498094028,0.7489288489796084,0.5830577832989277,0.6153897107529257,0.2881776845025465,787.0,0.1751258373260498,0.1438508033752441,2026-04-21T08:53:54.022651+00:00
SR-ARE,morgan_2048,LogisticRegression,smoteenn,pr_auc,"{'C': 1, 'l1_ratio': 1.0}",0.1415138956598133,1539,0.8499025341130604,0.8534215985141365,0.5561779587699137,0.6053755607731333,0.1415138956598133,0.9576209264942276,0.9576397283542492,0.9575656400724976,0.9916937459800576,0.989981448302894,6843.0,0.7674714104193139,0.7636971139518218,0.589736358586506,0.5885073967763303,0.2751979454715614,787.0,0.1936910152435302,0.1541218757629394,2026-04-21T08:53:54.404295+00:00
SR-ARE,morgan_2048,LogisticRegression,smoten,pr_auc,"{'C': 1, 'l1_ratio': 0.0}",0.2070218969801748,1539,0.8771929824561403,0.8725117650399524,0.5900783142632864,0.6596604964152446,0.2070218969801748,0.9534429885698356,0.9534369051638848,0.9534369051638848,0.991020255671889,0.9913833515298008,7174.0,0.7547649301143583,0.7537205604166528,0.577222081504388,0.6267277544711856,0.2821200994055991,787.0,0.178567886352539,0.1572399139404297,2026-04-21T08:53:57.012665+00:00
SR-ARE,morgan_2048,LogisticRegression,smoten_enn,pr_auc,"{'C': 1, 'l1_ratio': 1.0}",0.1449185902439996,1539,0.8817413905133203,0.8662445596015746,0.5390031468485431,0.5750309211353821,0.1449185902439996,0.9754546798757948,0.9754572583236604,0.9753689464842644,0.9970034177434748,0.9963059631030527,6763.0,0.7966963151207116,0.7702788510100569,0.5673446948873007,0.573923603444469,0.2518024301708759,787.0,0.1827259063720703,0.1602387428283691,2026-04-21T08:54:03.022504+00:00
SR-ARE,morgan_4096,XGBoost,none,pr_auc,"{'colsample_bytree': 0.8, 'learning_rate': 0.1, 'max_depth': 7, 'min_child_weight': 1, 'n_estimators': 200, 'scale_pos_weight': 8, 'subsample': 0.8}",0.23458104577637828,1539,0.8914879792072774,0.8793633244286342,0.5895154450976727,0.7005235629533353,0.23458104577637828,0.9331654840924697,0.9369440773085074,0.8998847976896758,0.9940838506770329,0.9639489280803214,4369.0,0.7306226175349428,0.7506082387467271,0.6136797258497731,0.7058732612055643,0.3760800217338089,787.0,5.630481958389282,5.422417879104614,2026-04-30T03:22:58.251823+00:00
SR-ARE,morgan_4096,XGBoost,random_over,pr_auc,"{'colsample_bytree': 0.8, 'learning_rate': 0.1, 'max_depth': 7, 'min_child_weight': 5, 'n_estimators': 200, 'scale_pos_weight': 1, 'subsample': 0.8}",0.1668207030744771,1539,0.9070825211176088,0.8738732872980292,0.5142485073885645,0.6922089220577753,0.1668207030744771,0.9406189015890717,0.9406188969739251,0.940618896973925,0.9822163157870604,0.9783465703240898,7174.0,0.7674714104193139,0.7741928357132203,0.6260292433649345,0.719822256568779,0.3823439628038605,787.0,8.04427194595337,7.955554962158203,2026-04-30T03:23:18.266859+00:00
SR-ARE,morgan_4096,XGBoost,random_under,pr_auc,"{'colsample_bytree': 0.8, 'learning_rate': 0.1, 'max_depth': 7, 'min_child_weight': 1, 'n_estimators': 200, 'scale_pos_weight': 1, 'subsample': 0.8}",0.15529507550469301,1539,0.8979857050032488,0.8687045368534108,0.5085177402918102,0.6863732128631921,0.15529507550469301,0.9441602728047741,0.9431300816877506,0.9349926124603521,0.9890286399225542,0.9769359646069938,2346.0,0.7687420584498094,0.7740952290161891,0.6233142580631588,0.721588650916317,0.38101942523557614,787.0,3.0249228477478027,2.8719518184661865,2026-04-30T03:23:28.922215+00:00
SR-ARE,morgan_4096,LogisticRegression,smote,pr_auc,"{'C': 1, 'l1_ratio': 0.0}",0.151574662079742,1539,0.7829759584145549,0.8154182674917774,0.5413888968195055,0.6020109219739214,0.151574662079742,0.9867577362698634,0.9867573037347326,0.9867573037347326,0.998540209126458,0.9982917354656607,7174.0,0.7153748411689962,0.7219633587891561,0.5363867791546569,0.5619452417752263,0.2268202067008997,787.0,0.4494588375091553,0.2938511371612549,2026-04-21T08:54:23.413861+00:00
SR-ARE,morgan_4096,LogisticRegression,smoteenn,pr_auc,"{'C': 1, 'l1_ratio': 1.0}",0.1398257881742753,1539,0.8278102664067576,0.8390284504112712,0.5366148518215109,0.5964031906419017,0.1398257881742753,0.9773775216138328,0.9773806397544024,0.9773585293030914,0.9972257491782592,0.9967431935394244,6940.0,0.7522236340533672,0.7474238717999888,0.5602331439182278,0.5519651137116361,0.2406198634562383,787.0,0.2986822128295898,0.2558062076568603,2026-04-21T08:54:24.804888+00:00
SR-ARE,morgan_4096,LogisticRegression,smoten,pr_auc,"{'C': 1, 'l1_ratio': 1.0}",0.1615776089463097,1539,0.8953866146848602,0.874671754033503,0.5506504152030133,0.6450908766928011,0.1615776089463097,0.9729579035405632,0.9729572961259976,0.9729572961259976,0.9960210060661858,0.9958279595917772,7174.0,0.7458703939008895,0.7429139299282446,0.5555480256618777,0.598045926253036,0.2794550843436171,787.0,0.3994319438934326,0.3220601081848144,2026-04-21T08:54:29.682042+00:00
SR-ARE,morgan_4096,LogisticRegression,smoten_enn,pr_auc,"{'C': 1, 'l1_ratio': 1.0}",0.1292560549191054,1539,0.9057829759584144,0.874127001053067,0.5191878841939925,0.5697324011571842,0.1292560549191054,0.9845571095571096,0.9845580947600416,0.9845275534691535,0.9986948512663002,0.9985256714435332,6864.0,0.7890724269377383,0.7649830082604919,0.5614274204377602,0.5696180172223448,0.2565246764193511,787.0,0.3733971118927002,0.328873872756958,2026-04-21T08:54:41.484463+00:00
SR-ARE,pubchem,XGBoost,none,pr_auc,"{'colsample_bytree': 0.8, 'learning_rate': 0.1, 'max_depth': 5, 'min_child_weight': 1, 'n_estimators': 200, 'scale_pos_weight': 4, 'subsample': 0.8}",0.21918518778525656,1539,0.8966861598440545,0.8754849317054414,0.5518469069870939,0.6951411890486772,0.21918518778525656,0.940489814602884,0.9425951475266733,0.9061416978277266,0.9828454842258596,0.9332547546862379,4369.0,0.7966963151207116,0.8023432868752151,0.6722062559873381,0.7691874586001326,0.4063149775836647,787.0,0.994330883026123,1.104229211807251,2026-04-30T03:28:40.042394+00:00
SR-ARE,pubchem,LogisticRegression,random_over,pr_auc,"{'C': 1, 'l1_ratio': 1.0}",0.2141306649322058,1539,0.875893437296946,0.8711626831885235,0.5857405186470249,0.6604990356798457,0.2141306649322058,0.8387231669919153,0.8386960595753862,0.8386960595753862,0.9094279912539232,0.893544383188096,7174.0,0.7306226175349428,0.7545055435227249,0.6309479570349136,0.7391035548686244,0.3565552961552156,787.0,7.79269814491272,7.59904408454895,2026-04-21T08:54:51.464114+00:00
SR-ARE,pubchem,XGBoost,random_under,pr_auc,"{'colsample_bytree': 0.8, 'learning_rate': 0.1, 'max_depth': 7, 'min_child_weight': 10, 'n_estimators': 200, 'scale_pos_weight': 1, 'subsample': 0.8}",0.1842744838204725,1539,0.8960363872644574,0.8758182383913379,0.5556133056133056,0.7108192528615154,0.1842744838204725,0.9040920716112532,0.9026047200489392,0.8889210856756495,0.9621797345647922,0.9356609516018285,2346.0,0.7763659466327827,0.7854562379234803,0.6499039530886666,0.761133804371826,0.4068855626492638,787.0,0.7257919311523438,0.6685507297515869,2026-04-30T03:30:17.319571+00:00
SR-ARE,pubchem,LogisticRegression,smote,pr_auc,"{'C': 1, 'l1_ratio': 0.0}",0.2159353337425474,1539,0.8823911630929174,0.8754696672408804,0.5925814335463357,0.6701369963523541,0.2159353337425474,0.8562865904655701,0.8562624351099595,0.8562624351099595,0.925445664652325,0.9232959121623916,7174.0,0.7445997458703939,0.7567318183180777,0.6067083858552558,0.7113435637005961,0.370493566318004,787.0,0.6580500602722168,0.5713489055633545,2026-04-21T08:54:59.046262+00:00
SR-ARE,pubchem,LogisticRegression,smoteenn,pr_auc,"{'C': 1, 'l1_ratio': 0.0}",0.1903545809939893,1539,0.8589993502274204,0.8582883952967957,0.5580284295963188,0.667558488113706,0.1903545809939893,0.8857186921653301,0.8859652296195737,0.8849931676571272,0.9502529894753798,0.9326924370842702,6484.0,0.7636594663278272,0.7717886574544229,0.6245922324121377,0.6905221903289911,0.349655153220269,787.0,0.4961268901824951,0.4520688056945801,2026-04-21T08:55:00.535277+00:00
SR-ARE,pubchem,LogisticRegression,smoten,pr_auc,"{'C': 1, 'l1_ratio': 0.0}",0.1888709152092731,1539,0.8486029889538661,0.8570287808175762,0.5832985682196117,0.6384349712800302,0.1888709152092731,0.8935043211597435,0.8935006709089167,0.8935006709089168,0.948748807860122,0.9511141943282015,7174.0,0.7649301143583227,0.7722486228572883,0.6238292704982624,0.6987248840803709,0.3674390310022861,787.0,0.5765938758850098,0.6326608657836914,2026-04-21T08:55:07.152763+00:00
SR-ARE,pubchem,LogisticRegression,smoten_enn,pr_auc,"{'C': 1, 'l1_ratio': 1.0}",0.1696145753389932,1539,0.852501624431449,0.8576420636864505,0.5744709099435434,0.6003390843151232,0.1696145753389932,0.9413177247486118,0.9413908707461212,0.9411497249091704,0.980837961313122,0.9756773108584512,6663.0,0.7801778907242694,0.7737671903011453,0.6027027105893613,0.6562596599690881,0.3625706784678857,787.0,3.093630313873291,3.0945229530334473,2026-04-21T08:55:12.141040+00:00
SR-ARE,rdkit,XGBoost,none,pr_auc,"{'colsample_bytree': 0.8, 'learning_rate': 0.1, 'max_depth': 5, 'min_child_weight': 5, 'n_estimators': 200, 'scale_pos_weight': 4, 'subsample': 0.8}",0.24730779325736896,1539,0.9109811565951916,0.8739243170671094,0.5042312802003363,0.6822617500314452,0.24730779325736896,0.9794003204394598,0.9797491944562496,0.9661576442188192,0.9973845236813529,0.9868677227591803,4369.0,0.8106734434561627,0.8018112595540767,0.6468758375417454,0.743552660631486,0.41557335513057686,787.0,3.265399932861328,3.144780158996582,2026-04-30T03:31:25.084460+00:00
SR-ARE,rdkit,XGBoost,random_over,pr_auc,"{'colsample_bytree': 0.8, 'learning_rate': 0.1, 'max_depth': 3, 'min_child_weight': 10, 'n_estimators': 200, 'scale_pos_weight': 1, 'subsample': 0.8}",0.22858891681400384,1539,0.9090318388564003,0.8739332900151614,0.5094262295081967,0.668698377426523,0.22858891681400384,0.9233342626149986,0.9233341672785244,0.9233341672785244,0.9737358887206061,0.9732631343376373,7174.0,0.7547649301143583,0.764483792529327,0.6151667245175364,0.724409361890042,0.3866938475752227,787.0,3.583636999130249,3.515169858932495,2026-04-30T03:31:28.321977+00:00
SR-ARE,rdkit,XGBoost,random_under,pr_auc,"{'colsample_bytree': 0.8, 'learning_rate': 0.05, 'max_depth': 5, 'min_child_weight': 5, 'n_estimators': 200, 'scale_pos_weight': 1, 'subsample': 0.8}",0.2461723032556823,1539,0.9103313840155945,0.8724346274305016,0.4973159509202454,0.6872379564798122,0.2461723032556823,0.9518329070758739,0.951352991811803,0.9447688911713938,0.9887056763103329,0.981033864924568,2346.0,0.7649301143583227,0.7727623727591622,0.625689965010065,0.7497019209538529,0.40018517711946916,787.0,1.6849327087402344,1.7539241313934326,2026-04-30T03:31:49.795273+00:00
SR-ARE,rdkit,LogisticRegression,smote,pr_auc,"{'C': 0.01, 'l1_ratio': 1.0}",0.1548991491024547,1539,0.9018843404808315,0.8771603797480527,0.5474208192382521,0.5418535910444007,0.1548991491024547,0.7029551156955673,0.7027531499442546,0.7027531499442548,0.7847041818218983,0.7838042325314822,7174.0,0.7242693773824651,0.7470140772383123,0.6144673780783757,0.674315522190329,0.3775601176042804,787.0,0.3679208755493164,0.2807290554046631,2026-04-21T08:55:31.161929+00:00
SR-ARE,rdkit,LogisticRegression,smoteenn,pr_auc,"{'C': 0.1, 'l1_ratio': 1.0}",0.1569410199673529,1539,0.8044184535412605,0.8253242314572927,0.5277105166301842,0.5436276256760723,0.1569410199673529,0.8958102766798419,0.8961287185861587,0.8946350325173023,0.9618128364276242,0.943215860405184,6325.0,0.7509529860228716,0.7595192304358434,0.6044090191009622,0.6282623095606095,0.3309675050585448,787.0,0.4950809478759765,0.4471240043640136,2026-04-21T08:55:33.172391+00:00
SR-ARE,rdkit,LogisticRegression,smoten,pr_auc,"{'C': 0.1, 'l1_ratio': 0.0}",0.1569754399043196,1539,0.7102014294996751,0.7676393884537053,0.507732624186719,0.5567822103895015,0.1569754399043196,0.9488430443267354,0.9488358617417956,0.9488358617417952,0.9879352063475508,0.986620510861838,7174.0,0.7255400254129606,0.7393457009741634,0.5802666666666667,0.6277655111503644,0.3016496834618397,787.0,1.474268913269043,1.3992130756378174,2026-04-21T08:55:34.682488+00:00
SR-ARE,rdkit,LogisticRegression,smoten_enn,pr_auc,"{'C': 1, 'l1_ratio': 1.0}",0.1460747121816579,1539,0.7205977907732294,0.7730163292711152,0.4962901281176929,0.5220719257054212,0.1460747121816579,0.9885645501053264,0.9885730905262812,0.9885104607726144,0.9989204961106418,0.9984501766989778,6646.0,0.7458703939008895,0.7444204460578684,0.5606395569549586,0.5559284610289248,0.2494536801432,787.0,2.7619986534118652,2.4222421646118164,2026-04-21T08:55:46.634797+00:00
SR-ARE,topological_torsion,XGBoost,none,pr_auc,"{'colsample_bytree': 0.8, 'learning_rate': 0.1, 'max_depth': 7, 'min_child_weight': 10, 'n_estimators': 100, 'scale_pos_weight': 8, 'subsample': 0.8}",0.15372490402003963,1539,0.8960363872644574,0.8758182383913379,0.5556133056133056,0.6012562366357804,0.15372490402003963,0.7942320897230487,0.8162920672233163,0.7403678501825184,0.9441480923225886,0.8070635742552301,4369.0,0.6797966963151207,0.7143058555878614,0.5944692545517005,0.7095274895120337,0.37288604010453263,787.0,1.541599988937378,1.5283169746398926,2026-04-30T03:34:30.481115+00:00
SR-ARE,topological_torsion,XGBoost,random_over,pr_auc,"{'colsample_bytree': 0.8, 'learning_rate': 0.1, 'max_depth': 7, 'min_child_weight': 5, 'n_estimators': 100, 'scale_pos_weight': 1, 'subsample': 0.8}",0.14336225227710148,1539,0.9109811565951916,0.8727855921017702,0.4976400090539784,0.5799363758332984,0.14336225227710148,0.8914134374128798,0.8914121187352706,0.8914121187352706,0.9598413143395104,0.9585091566936865,7174.0,0.758576874205845,0.7736262342380432,0.6420740698186553,0.7103996467211305,0.3813964222260405,787.0,2.007457971572876,1.9672060012817383,2026-04-30T03:34:57.416977+00:00
SR-ARE,topological_torsion,XGBoost,random_under,pr_auc,"{'colsample_bytree': 0.8, 'learning_rate': 0.1, 'max_depth': 5, 'min_child_weight': 1, 'n_estimators': 200, 'scale_pos_weight': 1, 'subsample': 0.8}",0.15156854866593444,1539,0.907732293697206,0.8687370803995016,0.4827453987730061,0.5887515198524171,0.15156854866593444,0.9181585677749361,0.9162698033650369,0.9039613552938608,0.9695187760414965,0.9508156272857977,2346.0,0.761118170266836,0.7708282541455357,0.6260337680719846,0.7057352616471627,0.36630737091754123,787.0,1.1077029705047607,1.0586192607879639,2026-04-30T03:36:14.764591+00:00
SR-ARE,topological_torsion,XGBoost,smote,pr_auc,"{'colsample_bytree': 0.8, 'learning_rate': 0.05, 'max_depth': 7, 'min_child_weight': 5, 'n_estimators': 200, 'scale_pos_weight': 1, 'subsample': 0.8}",0.10859967829796399,1539,0.48797920727745286,0.5903861272879335,0.39438980152769343,0.536591757159029,0.10859967829796399,0.8805408419291887,0.8804630594877155,0.8804630594877154,0.9490025274026043,0.9472588385937271,7174.0,0.6975857687420585,0.7200224567062312,0.5663008243030472,0.6111393243541621,0.3225080221770396,787.0,3.1152570247650146,3.335529088973999,2026-04-30T03:36:27.977361+00:00
SR-ARE,topological_torsion,XGBoost,smoteenn,pr_auc,"{'colsample_bytree': 0.8, 'learning_rate': 0.05, 'max_depth': 5, 'min_child_weight': 5, 'n_estimators': 200, 'scale_pos_weight': 1, 'subsample': 0.8}",0.11204950972231725,1539,0.4834307992202729,0.5868243980727762,0.38864029860814425,0.5356641230975641,0.11204950972231725,0.8789827535808243,0.8790420477745507,0.8789579209697765,0.9480995761704774,0.9365793796670996,6842.0,0.7102922490470139,0.7259101315612942,0.5609462475042086,0.5787867078825348,0.30934454174940984,787.0,2.7590856552124023,2.9161670207977295,2026-04-30T03:36:39.375525+00:00
SR-ARE,topological_torsion,LogisticRegression,smoten,pr_auc,"{'C': 0.01, 'l1_ratio': 1.0}",0.1283563752829253,1539,0.9070825211176088,0.8777522426706157,0.5368213913647413,0.5205520732883316,0.1283563752829253,0.6586283802620574,0.6551059781312963,0.6551059781312963,0.7537521463569659,0.7382948549778969,7174.0,0.7344345616264295,0.7503403999841974,0.6037174900316817,0.6001214396113932,0.2598013037323123,787.0,0.1445231437683105,0.1067419052124023,2026-04-21T08:56:10.042173+00:00
SR-ARE,topological_torsion,DecisionTree,smoten_enn,pr_auc,"{'ccp_alpha': 0.0, 'criterion': 'entropy', 'max_depth': 5, 'min_samples_leaf': 10}",0.1234762423598076,1539,0.1215074723846653,0.0903773095086157,0.1200328857221156,0.5143861892583119,0.1234762423598076,0.673625404292855,0.6487954298271833,0.653377151305968,0.7536765518823156,0.6628847672025349,6802.0,0.3748411689961881,0.420725312540454,0.3616815034619188,0.5581198940163392,0.2374634201321862,787.0,0.6413071155548096,0.5952498912811279,2026-04-22T10:28:12.823933+00:00
SR-ATAD5,atom_pair,XGBoost,none,pr_auc,"{'colsample_bytree': 0.8, 'learning_rate': 0.05, 'max_depth': 5, 'min_child_weight': 1, 'n_estimators': 200, 'scale_pos_weight': 8, 'subsample': 0.8}",0.2557623650158912,1740,0.9810344827586207,0.972184432353593,0.5237818784988596,0.7950486173367355,0.2557623650158912,0.9936247723132969,0.9937442068530106,0.9581105606513955,0.9990699709801953,0.9801664630484835,5490.0,0.9282511210762332,0.9174386562554163,0.6406395568425028,0.7183832102603964,0.2836582305999327,892.0,3.430248975753784,3.336777925491333,2026-04-30T03:37:59.106908+00:00
SR-ATAD5,atom_pair,XGBoost,random_over,pr_auc,"{'colsample_bytree': 0.8, 'learning_rate': 0.1, 'max_depth': 5, 'min_child_weight': 5, 'n_estimators': 100, 'scale_pos_weight': 1, 'subsample': 0.8}",0.2536012657287556,1740,0.9810344827586207,0.972184432353593,0.5237818784988596,0.8348044962416385,0.2536012657287556,0.9793599697027078,0.9793570319116462,0.9793570319116462,0.9981458255113915,0.9979064105812036,10562.0,0.9091928251121076,0.9066670280983473,0.6295510128743482,0.7382044306257287,0.24812373242058913,892.0,3.2611188888549805,3.3159542083740234,2026-04-30T03:38:10.886400+00:00
SR-ATAD5,atom_pair,RandomForest,random_under,pr_auc,"{'max_depth': 15, 'max_features': 'sqrt', 'min_samples_leaf': 5, 'n_estimators': 100}",0.1837526422813506,1740,0.9793103448275862,0.9712335397792404,0.5210862717514297,0.7414747258809737,0.1837526422813506,0.9027113237639554,0.9025336147929022,0.8901532231428695,0.9667590027700832,0.9396176463724276,627.0,0.781390134529148,0.8284361625445614,0.5567718804705954,0.7385930820054412,0.2505110872223685,892.0,0.3344781398773193,0.1794061660766601,2026-04-21T19:03:47.601739+00:00
SR-ATAD5,atom_pair,DecisionTree,smote,pr_auc,"{'ccp_alpha': 0.001, 'criterion': 'gini', 'max_depth': 15, 'min_samples_leaf': 20}",0.1083618218085202,1740,0.6494252873563219,0.7708738235322233,0.4146247840829121,0.5450486173367354,0.1083618218085202,0.9208483241810264,0.9208017974082554,0.9208017974082554,0.9528910022858148,0.9326593984433236,10562.0,0.7757847533632287,0.8208772253360773,0.5116717032365435,0.5981441896618733,0.1175823730509201,892.0,1.947232007980347,1.888334274291992,2026-04-22T10:28:43.815834+00:00
SR-ATAD5,atom_pair,DecisionTree,smoteenn,pr_auc,"{'ccp_alpha': 0.001, 'criterion': 'entropy', 'max_depth': 15, 'min_samples_leaf': 20}",0.1134914499383561,1740,0.6603448275862069,0.7788899859741785,0.4178562795539808,0.5945624439693815,0.1134914499383561,0.92743312464428,0.9273517379997944,0.9273562221124384,0.9744000010653868,0.963481267123413,10542.0,0.7769058295964125,0.8212495794525487,0.5088092134937172,0.5787213369607462,0.103281832755429,892.0,1.7627153396606443,1.7716350555419922,2026-04-22T10:29:32.597021+00:00
SR-ATAD5,atom_pair,LogisticRegression,smoten,pr_auc,"{'C': 0.1, 'l1_ratio': 1.0}",0.1468873526200966,1740,0.9660919540229884,0.9663326941044283,0.5638152779371088,0.7125543065995449,0.1468873526200966,0.9746260177996592,0.9746259077107544,0.9746259077107546,0.9931682467482386,0.9947878496574758,10562.0,0.8968609865470852,0.8960776419656138,0.5952733226805548,0.5714146910221531,0.1434069192330857,892.0,0.6844339370727539,0.3988997936248779,2026-04-21T08:56:37.448774+00:00
SR-ATAD5,atom_pair,LogisticRegression,smoten_enn,pr_auc,"{'C': 0.1, 'l1_ratio': 1.0}",0.1390921912028975,1740,0.9666666666666668,0.9666666666666668,0.5650299979311771,0.6984776911937107,0.1390921912028975,0.9848224513172968,0.984822679922882,0.984822335009192,0.99709567722303,0.9976221224882588,10476.0,0.897982062780269,0.8924044032023843,0.5628934373704249,0.5641663427905169,0.1368188142939322,892.0,0.4249188899993896,0.4360010623931885,2026-04-21T08:56:38.743842+00:00
SR-ATAD5,avalon,XGBoost,none,pr_auc,"{'colsample_bytree': 0.8, 'learning_rate': 0.05, 'max_depth': 5, 'min_child_weight': 10, 'n_estimators': 100, 'scale_pos_weight': 8, 'subsample': 0.8}",0.26011193178212216,1740,0.9810344827586207,0.972184432353593,0.5237818784988596,0.7931435763050825,0.26011193178212216,0.9766848816029143,0.978000007839252,0.8588871458624006,0.9902045701435769,0.8282421385684829,5490.0,0.9192825112107623,0.9091974660697147,0.61130074805723,0.7519626894675475,0.2325846614800924,892.0,0.5484240055084229,0.5464131832122803,2026-04-30T03:41:47.251760+00:00
SR-ATAD5,avalon,XGBoost,random_over,pr_auc,"{'colsample_bytree': 0.8, 'learning_rate': 0.05, 'max_depth': 7, 'min_child_weight': 1, 'n_estimators': 100, 'scale_pos_weight': 1, 'subsample': 0.8}",0.24422908740645893,1740,0.9816091954022989,0.9759863440672251,0.6143937505194049,0.7848251844700366,0.24422908740645893,0.9879757621662564,0.9879740234229575,0.9879740234229575,0.9992130578116553,0.9990429840726416,10562.0,0.9159192825112108,0.9069202620604978,0.6064312313584299,0.6903225806451613,0.21418286499608313,892.0,1.1657090187072754,1.2084558010101318,2026-04-30T03:42:18.625315+00:00
SR-ATAD5,avalon,XGBoost,random_under,pr_auc,"{'colsample_bytree': 0.8, 'learning_rate': 0.1, 'max_depth': 3, 'min_child_weight': 5, 'n_estimators': 200, 'scale_pos_weight': 1, 'subsample': 0.8}",0.23186503524418545,1740,0.9781609195402299,0.9736747447954344,0.5986305361305361,0.8011688849044893,0.23186503524418545,0.9681020733652312,0.9678563683118009,0.96357700529789,0.9961882740779744,0.9928926856432345,627.0,0.8217488789237668,0.8543026216902853,0.5795633420783495,0.7503303536727556,0.22996448714129425,892.0,0.11509013175964355,0.10946989059448242,2026-04-30T03:42:26.837871+00:00
SR-ATAD5,avalon,LogisticRegression,smote,pr_auc,"{'C': 0.01, 'l1_ratio': 1.0}",0.0839913470005083,1740,0.964942528735632,0.9651914294977988,0.5490293551553159,0.6684280394455555,0.0839913470005083,0.84046582086726,0.8403201612631813,0.8403201612631814,0.9119878829476652,0.9026132081199192,10562.0,0.7780269058295964,0.8239621512061416,0.5299765807962529,0.6765157403808782,0.1248525806702574,892.0,0.2066490650177002,0.1777317523956298,2026-04-21T08:56:56.326057+00:00
SR-ATAD5,avalon,LogisticRegression,smoteenn,pr_auc,"{'C': 0.01, 'l1_ratio': 1.0}",0.0848362680017816,1740,0.9637931034482758,0.9650064976397617,0.5592474800069156,0.6682901179229018,0.0848362680017816,0.8436963570474919,0.8435608281408402,0.8435903415990221,0.9147334043835396,0.9039785415964964,10486.0,0.7836322869955157,0.8276347606467099,0.5337747626978646,0.6773902059852313,0.1259562437891848,892.0,0.1893701553344726,0.1816480159759521,2026-04-21T08:56:57.019284+00:00
SR-ATAD5,avalon,XGBoost,smoten,pr_auc,"{'colsample_bytree': 0.8, 'learning_rate': 0.05, 'max_depth': 7, 'min_child_weight': 1, 'n_estimators': 100, 'scale_pos_weight': 1, 'subsample': 0.8}",0.12179016042473771,1740,0.9804597701149426,0.9707860521277376,0.4950667440510737,0.8353130818564237,0.12179016042473771,0.9843779587199394,0.9843775944729819,0.9843775944729818,0.9990247395734821,0.9988679340308949,10562.0,0.9237668161434978,0.9023155631275744,0.5441729040791174,0.7299067236688691,0.1724961998733575,892.0,1.064220905303955,1.0451347827911377,2026-04-30T03:43:09.463431+00:00
SR-ATAD5,avalon,LogisticRegression,smoten_enn,pr_auc,"{'C': 1, 'l1_ratio': 1.0}",0.0925792924377418,1740,0.97816091954023,0.9722810782142002,0.5626521325007937,0.6217157437418109,0.0925792924377418,0.994822627037392,0.994822797052518,0.9948222064736596,0.9998547727631374,0.9998426789379188,10430.0,0.9159192825112108,0.896165676776911,0.5261469157051486,0.6331519626894675,0.1657397047563357,892.0,1.5487041473388672,1.636303186416626,2026-04-21T08:57:03.370510+00:00
SR-ATAD5,erg,XGBoost,none,pr_auc,"{'colsample_bytree': 0.8, 'learning_rate': 0.05, 'max_depth': 7, 'min_child_weight': 1, 'n_estimators': 100, 'scale_pos_weight': 8, 'subsample': 0.8}",0.1850021486242565,1740,0.9810344827586207,0.972184432353593,0.5237818784988596,0.6899179366940211,0.1850021486242565,0.9816029143897996,0.9826890073558847,0.8893218289832734,0.9893107819038913,0.8745592173726955,5490.0,0.9327354260089686,0.9138078498184481,0.59779962124628,0.6760785075787018,0.271803589751332,892.0,0.6307063102722168,0.6480457782745361,2026-04-30T03:43:24.735809+00:00
SR-ATAD5,erg,RandomForest,random_over,pr_auc,"{'max_depth': 15, 'max_features': 'log2', 'min_samples_leaf': 5, 'n_estimators': 200}",0.2064095759571684,1740,0.9810344827586208,0.972184432353593,0.5237818784988596,0.7172005378939383,0.2064095759571684,0.9388373414126112,0.9388368479661466,0.9388368479661466,0.9834577917764666,0.9844366952328804,10562.0,0.8946188340807175,0.895391633332964,0.5986367204702548,0.6395647104547221,0.1987616971676193,892.0,1.094911813735962,0.9860248565673828,2026-04-21T19:07:13.324733+00:00
SR-ATAD5,erg,RandomForest,random_under,pr_auc,"{'max_depth': 15, 'max_features': 'log2', 'min_samples_leaf': 5, 'n_estimators': 200}",0.1743268837635914,1740,0.9810344827586208,0.9731748494114916,0.5492617217856834,0.670065857527067,0.1743268837635914,0.8516746411483254,0.8534444528118751,0.8373622511735321,0.9323790664133148,0.8969495013111587,627.0,0.7253363228699552,0.7898678390016781,0.5129951887828891,0.694889234356782,0.182479779128195,892.0,0.3913848400115967,0.2809059619903564,2026-04-21T19:07:14.560911+00:00
SR-ATAD5,erg,XGBoost,smote,pr_auc,"{'colsample_bytree': 0.8, 'learning_rate': 0.05, 'max_depth': 5, 'min_child_weight': 5, 'n_estimators': 100, 'scale_pos_weight': 1, 'subsample': 0.8}",0.1855005493549034,1740,0.9810344827586207,0.972184432353593,0.5237818784988596,0.735509620026205,0.1855005493549034,0.9690399545540618,0.9690398543655627,0.9690398543655627,0.9947186809863587,0.9952454296808771,10562.0,0.9080717488789237,0.9043150423250738,0.6157999789893897,0.7450155460551886,0.2577852640282453,892.0,1.1254000663757324,1.071164846420288,2026-04-30T03:44:00.300210+00:00
SR-ATAD5,erg,XGBoost,smoteenn,pr_auc,"{'colsample_bytree': 0.8, 'learning_rate': 0.1, 'max_depth': 5, 'min_child_weight': 1, 'n_estimators': 100, 'scale_pos_weight': 1, 'subsample': 0.8}",0.19728504086690968,1740,0.9810344827586207,0.972184432353593,0.5237818784988596,0.719062478449762,0.19728504086690968,0.9899487583760347,0.9899459765054321,0.9899267815982735,0.9994614752803284,0.9994678140031318,10148.0,0.9327354260089686,0.9175113991785054,0.6252100840336134,0.7380684026428295,0.28155623073004565,892.0,1.1731820106506348,1.1515579223632812,2026-04-30T03:44:03.042896+00:00
SR-ATAD5,erg,LogisticRegression,smoten,pr_auc,"{'C': 1, 'l1_ratio': 0.0}",0.0889194646561777,1740,0.5712643678160919,0.7108699080964225,0.3802460223333734,0.5350234466588512,0.0889194646561777,0.8328914978223821,0.8309392170697003,0.8309392170697003,0.8986492720184163,0.8661765321097693,10562.0,0.6614349775784754,0.7438344428222152,0.4561854005167958,0.493198600855033,0.1103195987318308,892.0,0.0958662033081054,0.0799999237060546,2026-04-21T08:57:06.682074+00:00
SR-ATAD5,erg,LogisticRegression,smoten_enn,pr_auc,"{'C': 0.1, 'l1_ratio': 1.0}",0.0797598325988921,1740,0.4022988505747126,0.5563175819497659,0.3018518518518518,0.5433763188745604,0.0797598325988921,0.7875438410032947,0.7872944584943368,0.7875269063785959,0.8749358714654993,0.7994243946168574,9409.0,0.6177130044843049,0.7115821079265853,0.4435840728200006,0.5115915273999223,0.1007878622755938,892.0,0.0869557857513427,0.0598061084747314,2026-04-21T08:57:07.371273+00:00
SR-ATAD5,estate,RandomForest,none,pr_auc,"{'max_depth': 10, 'max_features': 'sqrt', 'min_samples_leaf': 5, 'n_estimators': 200}",0.3377366816028955,1740,0.9810344827586208,0.972184432353593,0.5237818784988596,0.7953761809530377,0.3377366816028955,0.907832422586521,0.929020889960026,0.6731449220590291,0.948026191211792,0.5199377225437646,5490.0,0.874439461883408,0.8876948900522373,0.6197957102190559,0.683793237465993,0.2623735641149553,892.0,0.7150149345397949,0.3942980766296386,2026-04-21T19:07:57.039847+00:00
SR-ATAD5,estate,XGBoost,random_over,pr_auc,"{'colsample_bytree': 0.8, 'learning_rate': 0.05, 'max_depth': 3, 'min_child_weight': 10, 'n_estimators': 100, 'scale_pos_weight': 1, 'subsample': 0.8}",0.2820884232088982,1740,0.9793103448275862,0.9761756048642944,0.6485952787002962,0.7781877111923315,0.2820884232088982,0.8060026510130657,0.8059994355199919,0.805999435519992,0.8921613465628928,0.8856324396850844,10562.0,0.773542600896861,0.8233961159123547,0.5537658375186979,0.726068791294209,0.2393170708339694,892.0,0.14796710014343262,0.11796402931213379,2026-04-30T03:44:42.366475+00:00
SR-ATAD5,estate,XGBoost,random_under,pr_auc,"{'colsample_bytree': 0.8, 'learning_rate': 0.05, 'max_depth': 5, 'min_child_weight': 5, 'n_estimators': 100, 'scale_pos_weight': 1, 'subsample': 0.8}",0.31234431705661686,1740,0.9833333333333333,0.9791298722303089,0.6735565259582726,0.7472501896420938,0.31234431705661686,0.8325358851674641,0.8242946732855075,0.7951012278053562,0.9138584281495388,0.8548008030986753,627.0,0.8262331838565022,0.8579679645408441,0.5901403649191457,0.7447532063738828,0.2765574439225645,892.0,0.025534868240356445,0.018308162689208984,2026-04-30T03:44:51.248992+00:00
SR-ATAD5,estate,RandomForest,smote,pr_auc,"{'max_depth': 10, 'max_features': 'sqrt', 'min_samples_leaf': 5, 'n_estimators': 100}",0.3991651784924874,1740,0.9810344827586208,0.972184432353593,0.5237818784988596,0.7916005792703951,0.3991651784924874,0.964400681689074,0.9643959313242416,0.9643959313242418,0.9946089063697996,0.9949215052986808,10562.0,0.905829596412556,0.9051143687512124,0.630466946795289,0.7368635833657208,0.2521164255718142,892.0,0.2986869812011719,0.2726829051971435,2026-04-21T19:08:10.714554+00:00
SR-ATAD5,estate,RandomForest,smoteenn,pr_auc,"{'max_depth': 15, 'max_features': 'log2', 'min_samples_leaf': 10, 'n_estimators': 200}",0.3855987850394489,1740,0.9810344827586208,0.972184432353593,0.5237818784988596,0.8155816840217915,0.3855987850394489,0.9672036823935558,0.9672041891389782,0.9671993388613636,0.995021817751442,0.9953142420426536,10428.0,0.9080717488789236,0.9026061765248804,0.6027804931030738,0.7602020987174505,0.256518924851397,892.0,0.6237599849700928,0.4973900318145752,2026-04-21T19:08:13.138386+00:00
SR-ATAD5,estate,DecisionTree,smoten,pr_auc,"{'ccp_alpha': 0.001, 'criterion': 'gini', 'max_depth': 10, 'min_samples_leaf': 50}",0.0825498847916141,1740,0.8919540229885058,0.9265202025893372,0.5360157952069716,0.7612147438107716,0.0825498847916141,0.897083885627722,0.8969426513368408,0.896942651336841,0.922782584119932,0.8741683867256881,10562.0,0.8228699551569507,0.8518377242188165,0.5511992561172889,0.6486688690244851,0.1197168460590112,892.0,0.0290188789367675,0.0280148983001709,2026-04-22T10:31:59.283920+00:00
SR-ATAD5,estate,DecisionTree,smoten_enn,pr_auc,"{'ccp_alpha': 0.001, 'criterion': 'gini', 'max_depth': 10, 'min_samples_leaf': 20}",0.0756774905483422,1740,0.8908045977011494,0.9259809860825304,0.5390407138873397,0.7719467622922558,0.0756774905483422,0.9173058013765978,0.9172877372087066,0.9173037217545608,0.9431154628395136,0.8949753124647174,10170.0,0.8239910313901345,0.8496514569575928,0.526582492436151,0.5955693742712787,0.0975992869420127,892.0,0.0285429954528808,0.0228879451751709,2026-04-22T10:32:00.975386+00:00
SR-ATAD5,fcfp,RandomForest,none,pr_auc,"{'max_depth': 15, 'max_features': 'sqrt', 'min_samples_leaf': 10, 'n_estimators': 200}",0.2982725018050243,1740,0.9810344827586208,0.972184432353593,0.5237818784988596,0.8078839390386869,0.2982725018050243,0.8918032786885246,0.918537867064489,0.6462530633639033,0.9223002204345452,0.4413155836535995,5490.0,0.8329596412556054,0.8582798687947908,0.5591116418702626,0.6806062961523512,0.1735373690278548,892.0,1.1877069473266602,0.915703058242798,2026-04-21T19:08:31.692572+00:00
SR-ATAD5,fcfp,XGBoost,random_over,pr_auc,"{'colsample_bytree': 0.8, 'learning_rate': 0.05, 'max_depth': 7, 'min_child_weight': 1, 'n_estimators': 100, 'scale_pos_weight': 1, 'subsample': 0.8}",0.2939351573063891,1740,0.9816091954022989,0.9744298131371026,0.574298908223493,0.8088752499827598,0.2939351573063891,0.9454648740768794,0.945451073016711,0.9454510730167109,0.9858353453898839,0.9831206828322787,10562.0,0.8632286995515696,0.8770995327928605,0.5811884236453202,0.6640205985231248,0.23566695418905326,892.0,3.123176336288452,2.8869268894195557,2026-04-30T03:45:06.197694+00:00
SR-ATAD5,fcfp,LogisticRegression,random_under,pr_auc,"{'C': 0.1, 'l1_ratio': 0.0}",0.2980129734929158,1740,0.9735632183908046,0.9735632183908046,0.6550237914626578,0.8057633956278877,0.2980129734929158,0.8851674641148325,0.8869651741293533,0.875223880597015,0.9568462260479385,0.9160744240333334,627.0,0.7096412556053812,0.7793115289169453,0.5104332881969388,0.7028565876408861,0.169192618680039,892.0,0.0368969440460205,0.0093488693237304,2026-04-21T08:57:11.177299+00:00
SR-ATAD5,fcfp,DecisionTree,smote,pr_auc,"{'ccp_alpha': 0.0, 'criterion': 'gini', 'max_depth': 15, 'min_samples_leaf': 50}",0.1793627943748633,1740,0.9132183908045975,0.9392626961786202,0.5733292626881523,0.7430608233914902,0.1793627943748633,0.8729407309221738,0.8729122911968417,0.8729122911968417,0.9350215484900996,0.9095347253052376,10562.0,0.8295964125560538,0.8546913088296096,0.543838400150726,0.5942965410027206,0.1011466491569768,892.0,2.3008370399475098,2.214621067047119,2026-04-22T10:32:03.275553+00:00
SR-ATAD5,fcfp,DecisionTree,smoteenn,pr_auc,"{'ccp_alpha': 0.0, 'criterion': 'gini', 'max_depth': 15, 'min_samples_leaf': 50}",0.177809870891613,1740,0.8959770114942529,0.9293149461260112,0.5552140957615832,0.7383714916212675,0.177809870891613,0.8723546234509056,0.8723205961400392,0.8723322073551215,0.9368428290525528,0.90952792959466,10490.0,0.8094170403587444,0.8428211504754834,0.5374121436938696,0.593198600855033,0.0954131422728654,892.0,2.267750024795532,2.372236967086792,2026-04-22T10:32:05.493316+00:00
SR-ATAD5,fcfp,XGBoost,smoten,pr_auc,"{'colsample_bytree': 0.8, 'learning_rate': 0.1, 'max_depth': 3, 'min_child_weight': 1, 'n_estimators': 200, 'scale_pos_weight': 1, 'subsample': 0.8}",0.12640341691683818,1740,0.9758620689655172,0.9715805770584096,0.5738775510204082,0.7425436176815392,0.12640341691683818,0.9635485703465253,0.9635459819363916,0.9635459819363916,0.9909810193359301,0.9924229211859509,10562.0,0.905829596412556,0.8916382363352339,0.5283394183557849,0.6712009327633113,0.13205260386330103,892.0,4.219983100891113,4.056169033050537,2026-04-30T03:45:21.593127+00:00
SR-ATAD5,fcfp,LogisticRegression,smoten_enn,pr_auc,"{'C': 1, 'l1_ratio': 0.0}",0.0918859433110036,1740,0.9747126436781608,0.971486320146666,0.5861711098138419,0.6163281842631543,0.0918859433110036,0.9947780678851176,0.994778298847502,0.9947761720688774,0.999552856724794,0.9993421838430284,10341.0,0.9248878923766816,0.8980150711256563,0.5086126801674026,0.5525262339681306,0.1115799154190697,892.0,0.2095811367034912,0.224229097366333,2026-04-21T08:57:14.668319+00:00
SR-ATAD5,klekota_roth,XGBoost,none,pr_auc,"{'colsample_bytree': 0.8, 'learning_rate': 0.05, 'max_depth': 7, 'min_child_weight': 5, 'n_estimators': 200, 'scale_pos_weight': 4, 'subsample': 0.8}",0.1361369615671746,1740,0.9798850574712644,0.970498640375023,0.4949201741654572,0.7520257223639749,0.1361369615671746,0.9788706739526412,0.9777324228101929,0.8402750467507243,0.9821980757957796,0.7551535957757126,5490.0,0.9282511210762332,0.9080617064730113,0.5709862626626988,0.6267294986397203,0.164414716639602,892.0,8.490342855453491,8.45425295829773,2026-04-30T03:47:49.655507+00:00
SR-ATAD5,klekota_roth,DecisionTree,random_over,pr_auc,"{'ccp_alpha': 0.0, 'criterion': 'gini', 'max_depth': 15, 'min_samples_leaf': 50}",0.1025939577663715,1740,0.9321839080459772,0.9491025919710464,0.566831787610022,0.6528170471001999,0.1025939577663715,0.840371141829199,0.8403335796057728,0.8403335796057728,0.9351323629446072,0.930271712132772,10562.0,0.7993273542600897,0.8351488208998984,0.5189317360795171,0.5796346677030704,0.0953897000790685,892.0,1.798069953918457,1.6834869384765625,2026-04-22T10:34:12.738653+00:00
SR-ATAD5,klekota_roth,XGBoost,random_under,pr_auc,"{'colsample_bytree': 0.8, 'learning_rate': 0.05, 'max_depth': 5, 'min_child_weight': 10, 'n_estimators': 200, 'scale_pos_weight': 1, 'subsample': 0.8}",0.19404913006052724,1740,0.9735632183908046,0.9723072230094205,0.6223031767304026,0.6983311495758914,0.19404913006052724,0.8245614035087719,0.8186274509803921,0.7904411764705883,0.8812927817586593,0.7998232176454196,627.0,0.8082959641255605,0.8421058761865937,0.5366233766233767,0.6817042363000388,0.1562703282656763,892.0,1.2357470989227295,1.1236200332641602,2026-04-30T03:48:12.720790+00:00
SR-ATAD5,klekota_roth,DecisionTree,smote,pr_auc,"{'ccp_alpha': 0.0, 'criterion': 'gini', 'max_depth': 15, 'min_samples_leaf': 50}",0.049159422027697,1740,0.8022988505747126,0.873463567075861,0.487140820355341,0.7088821460588925,0.049159422027697,0.865366407877296,0.8653255356244187,0.8653255356244187,0.9407459639676072,0.931249932608812,10562.0,0.7903587443946188,0.8263985564110932,0.4846877461808183,0.4755926933540614,0.0654983579723933,892.0,1.9623689651489256,1.5991299152374268,2026-04-22T10:34:26.721482+00:00
SR-ATAD5,klekota_roth,DecisionTree,smoteenn,pr_auc,"{'ccp_alpha': 0.001, 'criterion': 'entropy', 'max_depth': 15, 'min_samples_leaf': 10}",0.0465064315610937,1740,0.728735632183908,0.8260641768906651,0.4595476752021563,0.692064340390318,0.0465064315610937,0.8968541468064823,0.8962400750799256,0.8962924603456983,0.9466244878125776,0.9237830945714078,10490.0,0.7455156950672646,0.8002820969108484,0.4840370095734624,0.5510979401476875,0.0785150275618265,892.0,1.973106861114502,2.1284878253936768,2026-04-22T10:34:30.209567+00:00
SR-ATAD5,klekota_roth,LogisticRegression,smoten,pr_auc,"{'C': 1, 'l1_ratio': 1.0}",0.0603203799794829,1740,0.9,0.9297620303925708,0.5007782819755171,0.6552651541273016,0.0603203799794829,0.9757621662563908,0.9757618846700896,0.9757618846700896,0.9952764285481988,0.994991018233872,10562.0,0.8789237668161435,0.8822995807870778,0.5582214395773718,0.5361640108822386,0.1590050093547462,892.0,0.6167821884155273,0.5213370323181152,2026-04-21T08:57:27.909729+00:00
SR-ATAD5,klekota_roth,DecisionTree,smoten_enn,pr_auc,"{'ccp_alpha': 0.001, 'criterion': 'entropy', 'max_depth': 10, 'min_samples_leaf': 10}",0.0377384402475739,1740,0.8626436781609196,0.9094017883366408,0.5084809667273786,0.6758154610026894,0.0377384402475739,0.8880568356374808,0.8874300804174652,0.8875372306073039,0.93307659672464,0.884502325969029,10416.0,0.7645739910313901,0.8126248867306396,0.4944948186528497,0.4813738826272833,0.0711871452934458,892.0,1.2969071865081787,1.1805522441864014,2026-04-22T10:36:05.000522+00:00
SR-ATAD5,maccs,RUSBoost,none,pr_auc,"{'learning_rate': 0.01, 'n_estimators': 50, 'sampling_strategy': 'auto'}",0.2979702815628018,1740,0.982183908045977,0.9748006161138254,0.5765791931926117,0.847700158609751,0.2979702815628018,0.7848816029143898,0.8501088281778155,0.5412082805250656,0.8340679641469962,0.18740327398019,5490.0,0.7432735426008968,0.8046542025503737,0.5629088341339724,0.762883793237466,0.1715441974132562,892.0,0.1588139533996582,0.1434409618377685,2026-04-29T19:12:15.111291+00:00
SR-ATAD5,maccs,XGBoost,random_over,pr_auc,"{'colsample_bytree': 0.8, 'learning_rate': 0.05, 'max_depth': 5, 'min_child_weight': 10, 'n_estimators': 100, 'scale_pos_weight': 1, 'subsample': 0.8}",0.29003591809323437,1740,0.9816091954022989,0.9783471063302168,0.6753352769679299,0.8093493552168816,0.29003591809323437,0.9190494224578678,0.9189371910468447,0.9189371910468447,0.9735413592496327,0.9679099715938231,10562.0,0.8430493273542601,0.8674907140335459,0.5914468174204355,0.7200544111931597,0.23014559670083126,892.0,0.3250308036804199,0.31958580017089844,2026-04-30T03:56:51.210324+00:00
SR-ATAD5,maccs,XGBoost,random_under,pr_auc,"{'colsample_bytree': 0.8, 'learning_rate': 0.05, 'max_depth': 7, 'min_child_weight': 1, 'n_estimators': 200, 'scale_pos_weight': 1, 'subsample': 0.8}",0.2719264703970065,1740,0.9758620689655172,0.9747152905738188,0.6551463787538458,0.8300548238052547,0.2719264703970065,0.9920255183413078,0.9920207203412896,0.991017938337502,0.9998283006341431,0.9996356164959973,627.0,0.8408071748878924,0.8647119898783309,0.5778542099930678,0.7271570151574038,0.18758111903495286,892.0,0.10495209693908691,0.08991479873657227,2026-04-30T03:56:56.681796+00:00
SR-ATAD5,maccs,LogisticRegression,smote,pr_auc,"{'C': 0.1, 'l1_ratio': 0.0}",0.1349503472538878,1740,0.9747126436781608,0.971486320146666,0.5861711098138419,0.6822201917109165,0.1349503472538878,0.850880515053967,0.8507527738807024,0.8507527738807024,0.9280176303448524,0.91669893535445,10562.0,0.8217488789237668,0.852794395816017,0.5655298539696544,0.6726097940147687,0.1707773305264191,892.0,0.0916237831115722,0.0873219966888427,2026-04-21T08:57:34.847358+00:00
SR-ATAD5,maccs,LogisticRegression,smoteenn,pr_auc,"{'C': 0.1, 'l1_ratio': 0.0}",0.1536968210040678,1740,0.9729885057471264,0.970425534960736,0.5808539754293709,0.6886680228949728,0.1536968210040678,0.8577063690590725,0.8576189048059517,0.857660296339823,0.9317926876821664,0.9172750021690548,10394.0,0.8172645739910314,0.8498841218250472,0.5619322512902866,0.675816167897396,0.1707027447194214,892.0,0.0965869426727294,0.0812618732452392,2026-04-21T08:57:36.886899+00:00
SR-ATAD5,maccs,XGBoost,smoten,pr_auc,"{'colsample_bytree': 0.8, 'learning_rate': 0.1, 'max_depth': 5, 'min_child_weight': 10, 'n_estimators': 100, 'scale_pos_weight': 1, 'subsample': 0.8}",0.19441684195984926,1740,0.9816091954022989,0.9735209437480253,0.5509097948122338,0.7874198331149576,0.19441684195984926,0.967998485135391,0.9679957298426196,0.9679957298426195,0.9937658846451827,0.994210528892733,10562.0,0.9103139013452914,0.897978520675267,0.5596366508688784,0.6984356781966576,0.15734340240750186,892.0,0.3081851005554199,0.28192687034606934,2026-04-30T03:57:19.136809+00:00
SR-ATAD5,maccs,LogisticRegression,smoten_enn,pr_auc,"{'C': 0.01, 'l1_ratio': 0.0}",0.1132278967878584,1740,0.9770114942528736,0.9715878810740232,0.5593932794814008,0.6127767050548238,0.1132278967878584,0.8791630674728861,0.8790949286091276,0.8791245451973266,0.9535130714196894,0.944184990025336,10419.0,0.8452914798206278,0.8645753625367364,0.5560332390790005,0.6297415468324913,0.1417281934665444,892.0,0.0738239288330078,0.0632970333099365,2026-04-21T08:57:38.773419+00:00
SR-ATAD5,map4,XGBoost,none,pr_auc,"{'colsample_bytree': 0.8, 'learning_rate': 0.1, 'max_depth': 5, 'min_child_weight': 1, 'n_estimators': 200, 'scale_pos_weight': 1, 'subsample': 0.8}",0.1254259324594471,1740,0.9798850574712644,0.970498640375023,0.4949201741654572,0.7389317978070478,0.1254259324594471,0.9989071038251366,0.9988994560901131,0.9924345707503142,0.9998559428990268,0.9978245290523374,5490.0,0.9316143497757847,0.8997189590728127,0.49815076136982006,0.6692576758647493,0.214806079644747,892.0,1.876060962677002,1.8051362037658691,2026-04-30T03:57:37.206773+00:00
SR-ATAD5,map4,RandomForest,random_over,pr_auc,"{'max_depth': 5, 'max_features': 'sqrt', 'min_samples_leaf': 20, 'n_estimators': 200}",0.1046521741037919,1740,0.9810344827586208,0.972184432353593,0.5237818784988596,0.6887111233708021,0.1046521741037919,0.907687937890551,0.9076025930007342,0.907602593000734,0.976696944715868,0.9777711549135144,10562.0,0.9136771300448432,0.908124003342812,0.6238039161988225,0.6252623396813058,0.2239278536138932,892.0,1.38922381401062,2.172729969024658,2026-04-21T19:14:23.420166+00:00
SR-ATAD5,map4,XGBoost,random_under,pr_auc,"{'colsample_bytree': 0.8, 'learning_rate': 0.1, 'max_depth': 5, 'min_child_weight': 5, 'n_estimators': 100, 'scale_pos_weight': 1, 'subsample': 0.8}",0.13007549216604952,1740,0.9798850574712644,0.9733408070962923,0.5680820431350577,0.691426453348045,0.13007549216604952,0.9728867623604466,0.9726591923686545,0.969000567115997,0.9993360957853529,0.9986394620180756,627.0,0.8609865470852018,0.8767683325941523,0.5881871118590555,0.7000971628449281,0.22614190452614208,892.0,0.15388083457946777,0.13866782188415527,2026-04-30T03:58:02.438154+00:00
SR-ATAD5,map4,XGBoost,smote,pr_auc,"{'colsample_bytree': 0.8, 'learning_rate': 0.1, 'max_depth': 3, 'min_child_weight': 10, 'n_estimators': 200, 'scale_pos_weight': 1, 'subsample': 0.8}",0.05051682008324923,1740,0.7333333333333333,0.829443880060197,0.44128727588793637,0.5146627818771119,0.05051682008324923,0.9707441772391593,0.9707404630069999,0.9707404630069998,0.9955900472592004,0.9962102481204697,10562.0,0.8587443946188341,0.8635870788738736,0.4916689280868385,0.49863972017100655,0.07761528900828922,892.0,2.360072135925293,2.3960890769958496,2026-04-30T03:58:11.820348+00:00
SR-ATAD5,map4,XGBoost,smoteenn,pr_auc,"{'colsample_bytree': 0.8, 'learning_rate': 0.1, 'max_depth': 5, 'min_child_weight': 1, 'n_estimators': 200, 'scale_pos_weight': 1, 'subsample': 0.8}",0.05396366977478696,1740,0.7936781609195402,0.8679054277044888,0.4609939848702791,0.5292221226122337,0.05396366977478696,0.9968628196596635,0.996862831170778,0.9968628141025737,0.9999444723167386,0.9999417288339589,10519.0,0.8890134529147982,0.8807593082146381,0.5078661829368197,0.5216478818499806,0.08082460415063411,892.0,2.9657061100006104,2.9270899295806885,2026-04-30T03:59:32.957925+00:00
SR-ATAD5,map4,XGBoost,smoten,pr_auc,"{'colsample_bytree': 0.8, 'learning_rate': 0.1, 'max_depth': 7, 'min_child_weight': 10, 'n_estimators': 200, 'scale_pos_weight': 1, 'subsample': 0.8}",0.06496789590479335,1740,0.85,0.9014363431262857,0.47778331008613917,0.5846493345286532,0.06496789590479335,0.9910054913842076,0.9910053687475652,0.9910053687475653,0.9996592558611272,0.9996696195589624,10562.0,0.905829596412556,0.8875669184441077,0.4979631217838765,0.5365526622619511,0.086268602614676,892.0,3.161813974380493,3.0772640705108643,2026-04-30T03:59:46.989094+00:00
SR-ATAD5,map4,DecisionTree,smoten_enn,pr_auc,"{'ccp_alpha': 0.001, 'criterion': 'gini', 'max_depth': 10, 'min_samples_leaf': 20}",0.0376848607662069,1740,0.5982758620689655,0.7313514028446353,0.4007387666233576,0.683004620371009,0.0376848607662069,0.9314138128945858,0.9312449540053306,0.9312766701097472,0.95988306580572,0.9306102536246388,10454.0,0.7645739910313901,0.811555337954875,0.4835401157981803,0.5044111931597357,0.0829551991903087,892.0,0.7044589519500732,0.8591279983520508,2026-04-22T10:37:46.356513+00:00
SR-ATAD5,mhfp,XGBoost,none,pr_auc,"{'colsample_bytree': 0.8, 'learning_rate': 0.05, 'max_depth': 3, 'min_child_weight': 1, 'n_estimators': 200, 'scale_pos_weight': 8, 'subsample': 0.8}",0.15457023185521612,1740,0.9804597701149426,0.9707860521277376,0.4950667440510737,0.7662833597682919,0.15457023185521612,0.9974499089253187,0.9974840413027142,0.9830574231235534,0.9992711073098559,0.9705130451412409,5490.0,0.9304932735426009,0.9011257192059773,0.5122587928175821,0.6835600466381656,0.2088967104835749,892.0,3.3222880363464355,3.410139799118042,2026-04-30T04:00:14.310233+00:00
SR-ATAD5,mhfp,BernoulliNB,random_over,pr_auc,{'alpha': 0.1},0.149396664395926,1740,0.9804597701149426,0.971866002732277,0.5228416569879984,0.7605768567684987,0.149396664395926,0.8038250331376633,0.8037303360064688,0.8037303360064687,0.8858040104111443,0.8870894193232594,10562.0,0.8015695067264574,0.8393234186433326,0.5464445868033312,0.6278274387874078,0.1974139154779959,892.0,0.4955160617828369,0.4216451644897461,2026-04-21T14:31:32.496835+00:00
SR-ATAD5,mhfp,KNeighbors,random_under,pr_auc,"{'n_neighbors': 5, 'weights': 'distance'}",0.164575504031766,1740,0.8816091954022989,0.9206826888129636,0.5318083972496812,0.7730587545686505,0.164575504031766,1.0,1.0,1.0,1.0,1.0,627.0,0.8060538116591929,0.8436397718118742,0.5633871757219775,0.6456665371162068,0.174973098350826,892.0,4.022289752960205,0.9539830684661864,2026-04-24T06:04:23.709644+00:00
SR-ATAD5,mhfp,LogisticRegression,smote,pr_auc,"{'C': 0.1, 'l1_ratio': 0.0}",0.1154566056834704,1740,0.9758620689655172,0.9693632969735896,0.5166155148692984,0.7882818426315428,0.1154566056834704,0.9999053209619392,0.9999053209610904,0.9999053209610904,0.9999999103587977,0.9999998924305544,10562.0,0.9260089686098656,0.9004136806224942,0.5223909657320872,0.6411970462495142,0.1523907156783995,892.0,3.20068621635437,3.08895206451416,2026-04-21T08:58:07.041814+00:00
SR-ATAD5,mhfp,RandomForest,smoteenn,pr_auc,"{'max_depth': 5, 'max_features': 'sqrt', 'min_samples_leaf': 20, 'n_estimators': 100}",0.1228138275979514,1740,0.9764367816091954,0.9696727057166858,0.5172913100256443,0.75288773188056,0.1228138275979514,0.9856844899507016,0.9856819013009775,0.9856816328484136,0.9986888022794298,0.9987204370802228,10548.0,0.9304932735426008,0.8969911928459451,0.4819976771196283,0.6045277885736493,0.1439404212410838,892.0,1.029526948928833,1.281790256500244,2026-04-21T19:16:17.494242+00:00
SR-ATAD5,mhfp,LogisticRegression,smoten,pr_auc,"{'C': 0.1, 'l1_ratio': 0.0}",0.124591600959573,1740,0.9810344827586208,0.972184432353593,0.5237818784988596,0.7800755120336529,0.124591600959573,0.9999053209619392,0.9999053209610904,0.9999053209610904,0.9999999462152784,0.9999999282938264,10562.0,0.9260089686098656,0.9004136806224942,0.5223909657320872,0.6384764865915273,0.1615695509335388,892.0,3.463454008102417,3.4591879844665527,2026-04-21T08:58:10.267144+00:00
SR-ATAD5,mhfp,LogisticRegression,smoten_enn,pr_auc,"{'C': 1, 'l1_ratio': 0.0}",0.1140085202734,1740,0.9810344827586208,0.972184432353593,0.5237818784988596,0.775903385973381,0.1140085202734,0.999905042256196,0.9999050422818831,0.9999050414855816,0.9999999819658976,0.9999999637257304,10531.0,0.9282511210762332,0.903431447876358,0.5368639667705088,0.6181694520015546,0.1507653746359221,892.0,3.4595041275024414,3.4786767959594727,2026-04-21T08:58:19.941417+00:00
SR-ATAD5,morgan_2048,XGBoost,none,pr_auc,"{'colsample_bytree': 0.8, 'learning_rate': 0.1, 'max_depth': 7, 'min_child_weight': 1, 'n_estimators': 200, 'scale_pos_weight': 8, 'subsample': 0.8}",0.2939626608295984,1740,0.9810344827586207,0.972184432353593,0.5237818784988596,0.776317150541342,0.2939626608295984,0.9963570127504554,0.9964367302864202,0.9762203631657324,0.9997793842510254,0.993839203332296,5490.0,0.9304932735426009,0.9109347781457297,0.5843929419544894,0.7270792848814613,0.21382642297378301,892.0,2.675581216812134,2.603076934814453,2026-04-30T04:05:50.539380+00:00
SR-ATAD5,morgan_2048,RandomForest,random_over,pr_auc,"{'max_depth': 15, 'max_features': 'sqrt', 'min_samples_leaf': 10, 'n_estimators': 100}",0.2688424565752184,1740,0.9810344827586208,0.972184432353593,0.5237818784988596,0.8439245569271085,0.2688424565752184,0.9246354857034652,0.9245582260125484,0.9245582260125482,0.9853891294121714,0.9838253106392356,10562.0,0.9114349775784754,0.9065928335493229,0.6205338632116875,0.7369704624951419,0.2363081387387471,892.0,2.895496129989624,2.226644992828369,2026-04-21T19:17:47.517963+00:00
SR-ATAD5,morgan_2048,XGBoost,random_under,pr_auc,"{'colsample_bytree': 0.8, 'learning_rate': 0.1, 'max_depth': 5, 'min_child_weight': 1, 'n_estimators': 200, 'scale_pos_weight': 1, 'subsample': 0.8}",0.30353600395269303,1740,0.9827586206896551,0.9781166406954211,0.6547253677637845,0.7828770429625543,0.30353600395269303,0.9617224880382775,0.9613744903902155,0.9561793826441467,0.9955014766145464,0.991494509745104,627.0,0.820627802690583,0.8520669651533961,0.5646231940648184,0.7551593470656821,0.19199129530211181,892.0,0.4218580722808838,0.3853001594543457,2026-04-30T04:06:53.610274+00:00
SR-ATAD5,morgan_2048,DecisionTree,smote,pr_auc,"{'ccp_alpha': 0.001, 'criterion': 'entropy', 'max_depth': 15, 'min_samples_leaf': 50}",0.1105362458015491,1740,0.8747126436781609,0.9166910107306616,0.5267586234429895,0.7714985173436316,0.1105362458015491,0.8729407309221738,0.8727198421037565,0.8727198421037565,0.9398334344545858,0.9241560518175485,10562.0,0.8015695067264574,0.8374049189336681,0.5281734967411087,0.5564613291877187,0.0898280875375187,892.0,1.554792881011963,1.5538339614868164,2026-04-22T10:40:22.788339+00:00
SR-ATAD5,morgan_2048,DecisionTree,smoteenn,pr_auc,"{'ccp_alpha': 0.0, 'criterion': 'entropy', 'max_depth': 10, 'min_samples_leaf': 50}",0.1017233679378872,1740,0.8281609195402299,0.8893899819464253,0.5088138022320808,0.7674384525205157,0.1017233679378872,0.86084142394822,0.8604345835469438,0.8604728101618289,0.9336833588679828,0.916126525637568,10506.0,0.7645739910313901,0.8132931906731804,0.5014903129657228,0.5371259230470268,0.0865959343295146,892.0,1.466231107711792,1.5097441673278809,2026-04-22T10:40:23.041287+00:00
SR-ATAD5,morgan_2048,LogisticRegression,smoten,pr_auc,"{'C': 0.1, 'l1_ratio': 1.0}",0.0921622723778137,1740,0.9591954022988506,0.9610576738062686,0.5162408223201175,0.6993138404247983,0.0921622723778137,0.9569210376822572,0.9569119960485036,0.9569119960485036,0.985864389139488,0.9882746712774556,10562.0,0.8822869955156951,0.8790128142015613,0.5197883500223033,0.5676447726389429,0.0969863261018158,892.0,0.3005931377410888,0.2278840541839599,2026-04-21T08:58:42.235474+00:00
SR-ATAD5,morgan_2048,XGBoost,smoten_enn,pr_auc,"{'colsample_bytree': 0.8, 'learning_rate': 0.1, 'max_depth': 3, 'min_child_weight': 10, 'n_estimators': 200, 'scale_pos_weight': 1, 'subsample': 0.8}",0.0940136669880457,1740,0.9540229885057471,0.9614544415181396,0.5960018110263643,0.68443555616854,0.0940136669880457,0.9755676918654785,0.9755666489006309,0.9755674900013145,0.9956678647592574,0.9960651305132088,10437.0,0.8946188340807175,0.8814522473687941,0.49253153218582807,0.5315584920326467,0.0824377975895745,892.0,4.213059902191162,4.21357798576355,2026-04-30T04:09:49.146912+00:00
SR-ATAD5,morgan_4096,XGBoost,none,pr_auc,"{'colsample_bytree': 0.8, 'learning_rate': 0.1, 'max_depth': 7, 'min_child_weight': 1, 'n_estimators': 200, 'scale_pos_weight': 4, 'subsample': 0.8}",0.22454287557187189,1740,0.9798850574712644,0.970498640375023,0.4949201741654572,0.7939969657265016,0.22454287557187189,0.9985428051001821,0.9985527013087623,0.9901871063224349,0.9998518658112635,0.9955790368962434,5490.0,0.9304932735426009,0.9080274515724126,0.5629524261103209,0.7453264671589585,0.24427445230206032,892.0,6.846134185791016,6.818668842315674,2026-04-30T04:09:52.141219+00:00
SR-ATAD5,morgan_4096,XGBoost,random_over,pr_auc,"{'colsample_bytree': 0.8, 'learning_rate': 0.1, 'max_depth': 5, 'min_child_weight': 5, 'n_estimators': 200, 'scale_pos_weight': 1, 'subsample': 0.8}",0.22139495501276765,1740,0.9804597701149426,0.9728316764581714,0.5476925899874614,0.8149437969795186,0.22139495501276765,0.9858928233289149,0.9858900152665145,0.9858900152665147,0.9982015644110944,0.9976694840370532,10562.0,0.9147982062780269,0.907112879646512,0.611996336996337,0.7335697629226583,0.20304271560710047,892.0,11.494235754013062,11.371208190917969,2026-04-30T04:09:53.392201+00:00
SR-ATAD5,morgan_4096,XGBoost,random_under,pr_auc,"{'colsample_bytree': 0.8, 'learning_rate': 0.1, 'max_depth': 7, 'min_child_weight': 1, 'n_estimators': 200, 'scale_pos_weight': 1, 'subsample': 0.8}",0.21430434572707052,1740,0.9816091954022989,0.9752472600908848,0.5953488372093023,0.8004534170057238,0.21430434572707052,0.988835725677831,0.9888423630066835,0.9874551612764924,0.999462008653648,0.9989211221577252,627.0,0.8340807174887892,0.8612150834454739,0.5796043664896124,0.7621745044694909,0.19395481129467773,892.0,1.190093994140625,1.0382390022277832,2026-04-30T04:10:10.830392+00:00
SR-ATAD5,morgan_4096,LogisticRegression,smote,pr_auc,"{'C': 0.01, 'l1_ratio': 1.0}",0.0713867864327303,1740,0.917816091954023,0.9395951157774484,0.511188905980186,0.6772636369905524,0.0713867864327303,0.8084643060026511,0.8084016494965094,0.8084016494965094,0.8983945475774446,0.8955386903114717,10562.0,0.7791479820627802,0.8240624240798023,0.5241120634791675,0.5692382432957638,0.0951736222800256,892.0,0.5076117515563965,0.3505568504333496,2026-04-21T08:58:55.794963+00:00
SR-ATAD5,morgan_4096,XGBoost,smoteenn,pr_auc,"{'colsample_bytree': 0.8, 'learning_rate': 0.1, 'max_depth': 7, 'min_child_weight': 1, 'n_estimators': 100, 'scale_pos_weight': 1, 'subsample': 0.8}",0.07939095218708203,1740,0.8982758620689655,0.9295829408098698,0.5238043698424897,0.6470760637197435,0.07939095218708203,0.9772748882761244,0.9772736608348972,0.9772741970956276,0.9976654637341672,0.9975157982879933,10517.0,0.9035874439461884,0.8890581943432156,0.5171094045071132,0.5227263894286824,0.08318119167621194,892.0,7.89493203163147,7.827447891235352,2026-04-30T04:11:43.305186+00:00
SR-ATAD5,morgan_4096,XGBoost,smoten,pr_auc,"{'colsample_bytree': 0.8, 'learning_rate': 0.05, 'max_depth': 7, 'min_child_weight': 1, 'n_estimators': 100, 'scale_pos_weight': 1, 'subsample': 0.8}",0.09916187070404459,1740,0.9735632183908046,0.9707770322115312,0.5825684245660881,0.6866767809116612,0.09916187070404459,0.9752887710660859,0.9752879467834064,0.9752879467834064,0.9974138154519274,0.9976630782768867,10562.0,0.9181614349775785,0.8943113886961563,0.5045914835018526,0.5934415079673533,0.11880561495498113,892.0,8.678199052810669,8.565484762191772,2026-04-30T04:12:40.074331+00:00
SR-ATAD5,morgan_4096,XGBoost,smoten_enn,pr_auc,"{'colsample_bytree': 0.8, 'learning_rate': 0.1, 'max_depth': 7, 'min_child_weight': 1, 'n_estimators': 200, 'scale_pos_weight': 1, 'subsample': 0.8}",0.10852417453946687,1740,0.978735632183908,0.9709192550126923,0.5202646815550042,0.7212433625267223,0.10852417453946687,0.9956958393113343,0.9956957562933654,0.9956952337685014,0.9999066018921022,0.999906845983502,10455.0,0.9282511210762332,0.8979362262771378,0.496525205489117,0.5721434123591138,0.09434565825488311,892.0,13.36397910118103,13.332022905349731,2026-04-30T04:16:21.756365+00:00
SR-ATAD5,pubchem,XGBoost,none,pr_auc,"{'colsample_bytree': 0.8, 'learning_rate': 0.05, 'max_depth': 7, 'min_child_weight': 10, 'n_estimators': 200, 'scale_pos_weight': 4, 'subsample': 0.8}",0.3155182394126715,1740,0.9804597701149426,0.9707860521277376,0.4950667440510737,0.7423884559685539,0.3155182394126715,0.9821493624772313,0.9815321689375468,0.869731967748965,0.9908424078736718,0.8406358041603937,5490.0,0.9316143497757847,0.9087454016783392,0.5643659479756291,0.7330645161290323,0.22875215541422722,892.0,1.6087641716003418,1.5360682010650635,2026-04-30T04:17:41.588480+00:00
SR-ATAD5,pubchem,XGBoost,random_over,pr_auc,"{'colsample_bytree': 0.8, 'learning_rate': 0.1, 'max_depth': 7, 'min_child_weight': 1, 'n_estimators': 100, 'scale_pos_weight': 1, 'subsample': 0.8}",0.3516831661148672,1740,0.9810344827586207,0.972184432353593,0.5237818784988596,0.7958330459968278,0.3516831661148672,0.9872183298617686,0.9872162413651666,0.9872162413651666,0.998380649605412,0.9979455422231912,10562.0,0.9136771300448431,0.9034181551513324,0.5882624464226838,0.6930722891566266,0.2415562472112979,892.0,1.4652347564697266,1.465942144393921,2026-04-30T04:18:58.205115+00:00
SR-ATAD5,pubchem,XGBoost,random_under,pr_auc,"{'colsample_bytree': 0.8, 'learning_rate': 0.05, 'max_depth': 7, 'min_child_weight': 1, 'n_estimators': 100, 'scale_pos_weight': 1, 'subsample': 0.8}",0.2994362577760456,1740,0.9833333333333333,0.9785489869703388,0.6585719022132606,0.8050824081097855,0.2994362577760456,0.9681020733652312,0.9678996894265981,0.9636698651091642,0.9959994047755316,0.9922320092662691,627.0,0.8486547085201793,0.8728260933274663,0.6113666069613206,0.7554897007384376,0.20160739710943393,892.0,0.18377184867858887,0.16088128089904785,2026-04-30T04:19:40.896694+00:00
SR-ATAD5,pubchem,RandomForest,smote,pr_auc,"{'max_depth': 10, 'max_features': 'sqrt', 'min_samples_leaf': 5, 'n_estimators': 200}",0.219959703944267,1740,0.982183908045977,0.9763875719995732,0.6174440953481939,0.6544462450865458,0.219959703944267,0.9164930884302216,0.9162209209464156,0.9162209209464156,0.9748425192318926,0.9695525391453697,10562.0,0.8665919282511211,0.8792595818994248,0.5844487333570832,0.5858045083560046,0.1836742585008581,892.0,1.5843429565429688,1.848339319229126,2026-04-21T19:23:34.470334+00:00
SR-ATAD5,pubchem,RandomForest,smoteenn,pr_auc,"{'max_depth': 5, 'max_features': 'sqrt', 'min_samples_leaf': 5, 'n_estimators': 200}",0.1920305896298061,1740,0.9810344827586208,0.972184432353593,0.5237818784988596,0.6568943521136473,0.1920305896298061,0.8080759639363131,0.8072282300975083,0.807379333376771,0.9043634983140876,0.8953407960421795,10426.0,0.7802690582959642,0.8251165609485971,0.5281951640759931,0.581393315196269,0.135164995538621,892.0,1.0690739154815674,1.2862927913665771,2026-04-21T19:23:46.594585+00:00
SR-ATAD5,pubchem,XGBoost,smoten,pr_auc,"{'colsample_bytree': 0.8, 'learning_rate': 0.1, 'max_depth': 7, 'min_child_weight': 5, 'n_estimators': 200, 'scale_pos_weight': 1, 'subsample': 0.8}",0.19859949869783894,1740,0.9810344827586207,0.9748641895479327,0.5927630692416258,0.7000982690848907,0.19859949869783894,0.9865555765953418,0.9865553639992368,0.9865553639992369,0.9989354569358105,0.9989387472559624,10562.0,0.9349775784753364,0.9153578462070784,0.6014421299149513,0.7433443451224251,0.2752174626180019,892.0,2.7899367809295654,2.7722928524017334,2026-04-30T04:20:08.896458+00:00
SR-ATAD5,pubchem,LogisticRegression,smoten_enn,pr_auc,"{'C': 0.01, 'l1_ratio': 0.0}",0.1425563739873157,1740,0.9626436781609196,0.9655699701825504,0.5892037963235375,0.5575563754223848,0.1425563739873157,0.9420470927438732,0.941986082467019,0.9420086203810568,0.9821385518704394,0.9762677060120936,10405.0,0.8834080717488789,0.888127348113698,0.586093660765277,0.5994656043528954,0.1943416667497636,892.0,0.2605466842651367,0.2411110401153564,2026-04-21T08:59:23.844559+00:00
SR-ATAD5,rdkit,XGBoost,none,pr_auc,"{'colsample_bytree': 0.8, 'learning_rate': 0.05, 'max_depth': 3, 'min_child_weight': 1, 'n_estimators': 100, 'scale_pos_weight': 8, 'subsample': 0.8}",0.13279731772785702,1740,0.9804597701149426,0.9707860521277376,0.4950667440510737,0.6997189848975933,0.13279731772785702,0.9752276867030966,0.9743050758157648,0.8183223284641978,0.9778392159669629,0.7154949621681167,5490.0,0.9260089686098655,0.9079729787565195,0.5781720214381932,0.7209385930820054,0.24439584020458652,892.0,1.7041330337524414,1.7545318603515625,2026-04-30T04:21:08.088289+00:00
SR-ATAD5,rdkit,RandomForest,random_over,pr_auc,"{'max_depth': 10, 'max_features': 'log2', 'min_samples_leaf': 5, 'n_estimators': 200}",0.1325278884704334,1740,0.9804597701149426,0.971866002732277,0.5228416569879984,0.782437418109096,0.1325278884704334,0.9743419806854764,0.974341759652063,0.9743417596520628,0.9969953165340222,0.996513162684368,10562.0,0.9248878923766816,0.9085183783841692,0.5861648720700758,0.6419549164399534,0.2171786950527031,892.0,0.9687700271606444,1.7924840450286863,2026-04-21T19:24:43.149977+00:00
SR-ATAD5,rdkit,XGBoost,random_under,pr_auc,"{'colsample_bytree': 0.8, 'learning_rate': 0.05, 'max_depth': 3, 'min_child_weight': 5, 'n_estimators': 100, 'scale_pos_weight': 1, 'subsample': 0.8}",0.13157607627854068,1740,0.9804597701149426,0.971866002732277,0.5228416569879984,0.7896696779532446,0.13157607627854068,0.9234449760765551,0.9208556149732621,0.9085561497326203,0.987654815594881,0.9781239992297368,627.0,0.8553811659192825,0.8709424837142848,0.5645042255973174,0.734657986785853,0.17722784355451918,892.0,0.24514412879943848,0.23560094833374023,2026-04-30T04:21:32.521266+00:00
SR-ATAD5,rdkit,LogisticRegression,smote,pr_auc,"{'C': 0.01, 'l1_ratio': 0.0}",0.1115031193460109,1740,0.9333333333333332,0.9488577531588284,0.5432822852177691,0.6235173436314737,0.1115031193460109,0.957962507100928,0.9579194124994616,0.9579194124994616,0.9891650499278192,0.9859267534471128,10562.0,0.8721973094170403,0.8773703623553998,0.5462949743003997,0.5887874076952974,0.172858211606198,892.0,1.1233069896697998,1.0846052169799805,2026-04-21T08:59:35.762914+00:00
SR-ATAD5,rdkit,LogisticRegression,smoteenn,pr_auc,"{'C': 0.01, 'l1_ratio': 0.0}",0.1152067365549642,1740,0.9327586206896552,0.9485368583570132,0.5426720371289742,0.6279997931177161,0.1152067365549642,0.9602661780306684,0.9602473420318838,0.9602579717037124,0.990002187591925,0.986277586467691,10369.0,0.875560538116592,0.8786217731297437,0.5427605602582397,0.5698406529343178,0.1645890177766823,892.0,1.0591249465942385,1.078009843826294,2026-04-21T08:59:36.736292+00:00
SR-ATAD5,rdkit,LogisticRegression,smoten,pr_auc,"{'C': 0.001, 'l1_ratio': 0.0}",0.0649673873658277,1740,0.960919540229885,0.962469461179648,0.5305581565123549,0.5473157023653541,0.0649673873658277,0.9385533042984284,0.938463716465876,0.938463716465876,0.9793151491014672,0.9773483828809174,10562.0,0.8598654708520179,0.869115393465657,0.5308325093097137,0.4968907889623008,0.1251839973107115,892.0,0.6932351589202881,0.6480801105499268,2026-04-21T08:59:39.777126+00:00
SR-ATAD5,rdkit,LogisticRegression,smoten_enn,pr_auc,"{'C': 0.01, 'l1_ratio': 1.0}",0.0397823272274998,1740,0.9614942528735632,0.9627846879660956,0.5312631930232278,0.4334787256051307,0.0397823272274998,0.8989734241581119,0.8988187459798486,0.8988632599897421,0.9586259784697436,0.946299449986822,10423.0,0.8452914798206278,0.8616240609572211,0.5315340000913367,0.5114263505635445,0.1064254407204789,892.0,0.536024808883667,0.4253227710723877,2026-04-21T08:59:42.310252+00:00
SR-ATAD5,topological_torsion,XGBoost,none,pr_auc,"{'colsample_bytree': 0.8, 'learning_rate': 0.05, 'max_depth': 7, 'min_child_weight': 1, 'n_estimators': 200, 'scale_pos_weight': 1, 'subsample': 0.8}",0.31981069172297444,1740,0.9804597701149426,0.9707860521277376,0.4950667440510737,0.7001155092752225,0.31981069172297444,0.9750455373406193,0.9692509683557224,0.7515468654564819,0.9836907429269321,0.864133803621982,5490.0,0.9304932735426009,0.9011257192059773,0.5122587928175821,0.7169354838709677,0.21719154079039382,892.0,2.9107348918914795,2.8507869243621826,2026-04-30T04:25:23.646207+00:00
SR-ATAD5,topological_torsion,XGBoost,random_over,pr_auc,"{'colsample_bytree': 0.8, 'learning_rate': 0.1, 'max_depth': 3, 'min_child_weight': 1, 'n_estimators': 200, 'scale_pos_weight': 1, 'subsample': 0.8}",0.2348093478820196,1740,0.9793103448275862,0.9729846370756283,0.5661929693343306,0.7272515688573202,0.2348093478820196,0.9393107366029161,0.9392553254419581,0.939255325441958,0.9839081671059743,0.9814139057781263,10562.0,0.850896860986547,0.8697450710545513,0.5743282275397108,0.6309657986785853,0.17834420776152224,892.0,4.082763910293579,4.055539846420288,2026-04-30T04:25:30.349250+00:00
SR-ATAD5,topological_torsion,BernoulliNB,random_under,pr_auc,{'alpha': 1.0},0.1939046922086243,1740,0.9810344827586208,0.9740631193356444,0.5721279592247335,0.7410351010275154,0.1939046922086243,0.8165869218500797,0.8125199312130994,0.7851005427250699,0.9039284814908084,0.8362210356422317,627.0,0.7903587443946188,0.8329932654970714,0.5482688115259102,0.6342207539836766,0.1276939686750875,892.0,0.0547080039978027,0.0103380680084228,2026-04-21T14:32:55.911640+00:00
SR-ATAD5,topological_torsion,RandomForest,smote,pr_auc,"{'max_depth': 10, 'max_features': 'log2', 'min_samples_leaf': 20, 'n_estimators': 100}",0.0537703763755851,1740,0.2436781609195402,0.3680584607112837,0.209064682995844,0.5968553892834977,0.0537703763755851,0.8399924256769551,0.8373509332544882,0.8373509332544881,0.9533416644671704,0.9536784446575924,10562.0,0.6401345291479821,0.7282943995600956,0.4426117815157786,0.4582588418188884,0.0936716196940207,892.0,0.7383012771606445,0.4633932113647461,2026-04-21T19:26:49.727584+00:00
SR-ATAD5,topological_torsion,RandomForest,smoteenn,pr_auc,"{'max_depth': 15, 'max_features': 'sqrt', 'min_samples_leaf': 5, 'n_estimators': 200}",0.0532328983440518,1740,0.3902298850574712,0.5422223190572795,0.2985681007948832,0.5774084545893386,0.0532328983440518,0.8935502283105022,0.8926894578943861,0.892733965154785,0.975537894040636,0.9715056333801416,10512.0,0.7006726457399103,0.7702391426821188,0.4578001388714983,0.475048581422464,0.0770925704689509,892.0,4.968744993209839,6.371025085449219,2026-04-21T19:27:04.533010+00:00
SR-ATAD5,topological_torsion,RandomForest,smoten,pr_auc,"{'max_depth': 15, 'max_features': 'log2', 'min_samples_leaf': 20, 'n_estimators': 100}",0.0534696815498178,1740,0.4028735632183908,0.5559446960375387,0.3042879270369337,0.5710123439762774,0.0534696815498178,0.8993561825411854,0.8987798257736265,0.8987798257736264,0.9790554406096376,0.9824157019042212,10562.0,0.7242152466367713,0.7860058558038118,0.4696379368685648,0.4365235134084726,0.0882537653077771,892.0,0.8933281898498535,0.8725621700286865,2026-04-21T19:27:42.432282+00:00
SR-ATAD5,topological_torsion,XGBoost,smoten_enn,pr_auc,"{'colsample_bytree': 0.8, 'learning_rate': 0.1, 'max_depth': 3, 'min_child_weight': 1, 'n_estimators': 200, 'scale_pos_weight': 1, 'subsample': 0.8}",0.05559547530040633,1740,0.5413793103448276,0.685609016891577,0.3707890830192988,0.5725725812012965,0.05559547530040633,0.9673340358271865,0.9673204593797854,0.9673263600972072,0.9953889950137665,0.9948484576943084,10439.0,0.8262331838565022,0.8456221350938513,0.4824339753308252,0.425767586474932,0.06384034289806423,892.0,3.9900310039520264,3.9782021045684814,2026-04-30T04:28:19.446692+00:00
SR-HSE,atom_pair,XGBoost,none,pr_auc,"{'colsample_bytree': 0.8, 'learning_rate': 0.1, 'max_depth': 7, 'min_child_weight': 1, 'n_estimators': 200, 'scale_pos_weight': 4, 'subsample': 0.8}",0.14546326889966457,1634,0.9589963280293757,0.9422560847180597,0.5306107573906147,0.6741753898027413,0.14546326889966457,0.99919011945738,0.9991929234259397,0.9961092590025082,0.999983341662502,0.9996822731838381,4939.0,0.9588571428571429,0.9540652100840336,0.6294117647058823,0.8434872343678337,0.26063904094698875,875.0,3.48580265045166,3.399980068206787,2026-04-30T04:29:22.104353+00:00
SR-HSE,atom_pair,XGBoost,random_over,pr_auc,"{'colsample_bytree': 0.8, 'learning_rate': 0.1, 'max_depth': 7, 'min_child_weight': 1, 'n_estimators': 200, 'scale_pos_weight': 1, 'subsample': 0.8}",0.1300699329613555,1634,0.9577723378212974,0.9415529303889589,0.5291951143125587,0.6486774804979569,0.1300699329613555,0.9987149282501606,0.9987149261279775,0.9987149261279775,0.9998834380196923,0.9998712025900376,9338.0,0.952,0.9495135773317591,0.6126033057851239,0.8340085613820516,0.2637027209186881,875.0,5.879426717758179,5.880024194717407,2026-04-30T04:29:27.234459+00:00
SR-HSE,atom_pair,KNeighbors,random_under,pr_auc,"{'n_neighbors': 15, 'weights': 'distance'}",0.1038091058498192,1634,0.938188494492044,0.9326506593450528,0.5370910059885279,0.6883054415224453,0.1038091058498192,1.0,1.0,1.0,1.0,1.0,810.0,0.8651428571428571,0.9000968787681116,0.5535405424104054,0.7724736278856444,0.1334623161548394,875.0,5.359114170074463,4.087615013122559,2026-04-24T07:13:32.405082+00:00
SR-HSE,atom_pair,LogisticRegression,smote,pr_auc,"{'C': 1, 'l1_ratio': 0.0}",0.1209850413212437,1634,0.7778457772337821,0.8422031511176026,0.5010863284118409,0.6232129080189354,0.1209850413212437,0.9866138359391732,0.986613801398401,0.986613801398401,0.9989428686201524,0.9989740113750668,9338.0,0.8857142857142857,0.9121068353540678,0.5660238860453121,0.7129643785353922,0.0999980207967925,875.0,0.7963471412658691,0.7873940467834473,2026-04-21T09:00:09.488150+00:00
SR-HSE,atom_pair,LogisticRegression,smoteenn,pr_auc,"{'C': 1, 'l1_ratio': 1.0}",0.1028592500166911,1634,0.7784577723378213,0.8428456750555704,0.5074920150672932,0.6273133375877473,0.1028592500166911,0.9871794871794872,0.9871795965539122,0.9871793048887788,0.9990375890683376,0.9990332779079292,9282.0,0.8857142857142857,0.9113000292141396,0.5526584867075665,0.6937777098303011,0.1053383251100674,875.0,0.744121789932251,0.6345221996307373,2026-04-21T09:00:09.969026+00:00
SR-HSE,atom_pair,LogisticRegression,smoten,pr_auc,"{'C': 1, 'l1_ratio': 0.0}",0.1263915535558217,1634,0.8335373317013464,0.8760099745370458,0.5180944450227265,0.6457105030050768,0.1263915535558217,0.9895052473763118,0.9895051992340544,0.9895051992340544,0.9993160412725742,0.9993714304322956,9338.0,0.8948571428571429,0.9175926825885884,0.5752965010762673,0.7361641950772052,0.1092391503512156,875.0,0.7073590755462646,0.7117760181427002,2026-04-21T09:00:10.623929+00:00
SR-HSE,atom_pair,LogisticRegression,smoten_enn,pr_auc,"{'C': 0.1, 'l1_ratio': 0.0}",0.0904173301484866,1634,0.8843329253365974,0.9051674491270768,0.5374993822362598,0.6069731114688206,0.0904173301484866,0.985709610559616,0.9857104201999844,0.9857064645284704,0.99855469902094,0.9985750083073932,9167.0,0.9268571428571428,0.934691531223268,0.5808383233532934,0.6707689955664273,0.1645463000684779,875.0,0.3119380474090576,0.4379057884216308,2026-04-21T09:00:14.256721+00:00
SR-HSE,avalon,RandomForest,none,pr_auc,"{'max_depth': 10, 'max_features': 'sqrt', 'min_samples_leaf': 10, 'n_estimators': 200}",0.372602019413812,1634,0.96328029375765,0.9487388202842284,0.585201983448696,0.8031841431007057,0.372602019413812,0.9671998380238914,0.969088652607872,0.8597610821482555,0.985178045897686,0.7954775286800887,4939.0,0.9474285714285714,0.9503074829931972,0.6577380952380952,0.8052667787800031,0.2866611175810465,875.0,0.6067190170288086,0.7720661163330078,2026-04-21T19:30:13.000176+00:00
SR-HSE,avalon,RandomForest,random_over,pr_auc,"{'max_depth': 10, 'max_features': 'sqrt', 'min_samples_leaf': 10, 'n_estimators': 200}",0.4294332031749548,1634,0.9681762545899631,0.959535237608734,0.6895034569453174,0.8115469239634628,0.4294332031749548,0.9509530948811308,0.9509336277435292,0.9509336277435292,0.9923289510279588,0.9919217212739077,9338.0,0.9451428571428572,0.948788921051138,0.6523639253079062,0.8179941904907506,0.2952346208521891,875.0,1.5773448944091797,1.2581570148468018,2026-04-21T19:30:34.617474+00:00
SR-HSE,avalon,RandomForest,random_under,pr_auc,"{'max_depth': 15, 'max_features': 'sqrt', 'min_samples_leaf': 5, 'n_estimators': 200}",0.3508572613935816,1634,0.9638922888616892,0.9537626982678766,0.6436731902940253,0.7822581413290915,0.3508572613935816,0.9518518518518518,0.9518294577102558,0.9457830394793524,0.9862002743484224,0.97461722231319,810.0,0.8708571428571429,0.9053217674480798,0.5904932304544646,0.8186439382357439,0.2519411793778632,875.0,0.432905912399292,0.4090468883514404,2026-04-21T19:30:56.920007+00:00
SR-HSE,avalon,XGBoost,smote,pr_auc,"{'colsample_bytree': 0.8, 'learning_rate': 0.1, 'max_depth': 5, 'min_child_weight': 1, 'n_estimators': 200, 'scale_pos_weight': 1, 'subsample': 0.8}",0.12599942033979591,1634,0.8182374541003672,0.8669786483536714,0.5137815885471197,0.6388812161274038,0.12599942033979591,0.9860783893767402,0.9860775616775005,0.9860775616775005,0.9990390173453493,0.9990011025110199,9338.0,0.9302857142857143,0.9380652652424172,0.6051823743056017,0.6982112826784896,0.22785597671861266,875.0,1.402034044265747,1.390296220779419,2026-04-30T04:33:44.397986+00:00
SR-HSE,avalon,XGBoost,smoteenn,pr_auc,"{'colsample_bytree': 0.8, 'learning_rate': 0.1, 'max_depth': 5, 'min_child_weight': 1, 'n_estimators': 200, 'scale_pos_weight': 1, 'subsample': 0.8}",0.1324341237501891,1634,0.8231334149326806,0.8702784632587799,0.5219160372038588,0.6418291440055625,0.1324341237501891,0.9883708292576894,0.9883714364340106,0.9883704578086457,0.9993443260717392,0.9992866248943197,9201.0,0.9291428571428572,0.9360712270185954,0.5840234327076432,0.6761198593487235,0.21148047996475416,875.0,1.4081709384918213,1.3473548889160156,2026-04-30T04:33:56.700254+00:00
SR-HSE,avalon,XGBoost,smoten,pr_auc,"{'colsample_bytree': 0.8, 'learning_rate': 0.1, 'max_depth': 3, 'min_child_weight': 5, 'n_estimators': 200, 'scale_pos_weight': 1, 'subsample': 0.8}",0.2055628342976743,1634,0.9504283965728274,0.9432113598996974,0.5939999079740487,0.6789330310794464,0.2055628342976743,0.9604840436924394,0.9604801238037635,0.9604801238037635,0.9911280323489084,0.9919850577282477,9338.0,0.9268571428571428,0.9353384971465336,0.5905714452827981,0.7003516281914081,0.14099373982398808,875.0,1.078681230545044,1.0441467761993408,2026-04-30T04:34:20.988124+00:00
SR-HSE,avalon,XGBoost,smoten_enn,pr_auc,"{'colsample_bytree': 0.8, 'learning_rate': 0.1, 'max_depth': 7, 'min_child_weight': 5, 'n_estimators': 100, 'scale_pos_weight': 1, 'subsample': 0.8}",0.17964008889512176,1634,0.9620563035495716,0.947922514364246,0.5823934837092731,0.6525112154606674,0.17964008889512176,0.9890865437083924,0.9890873931661937,0.98908464029369,0.999557964675873,0.9995397684347382,9163.0,0.9531428571428572,0.9492886733684145,0.6011274057437653,0.7320363858737196,0.20169250316866996,875.0,0.7987368106842041,0.8036758899688721,2026-04-30T04:34:30.807696+00:00
SR-HSE,erg,XGBoost,none,pr_auc,"{'colsample_bytree': 0.8, 'learning_rate': 0.1, 'max_depth': 3, 'min_child_weight': 1, 'n_estimators': 100, 'scale_pos_weight': 8, 'subsample': 0.8}",0.08234775854430698,1634,0.9589963280293757,0.9389236151340405,0.4895345204623555,0.6205697739763213,0.08234775854430698,0.9489775258149423,0.9505504957105777,0.7684585333184507,0.9229428936325488,0.5831759125630334,4939.0,0.9325714285714286,0.9381535749822316,0.5890547263681591,0.7573192172450696,0.1979511100312705,875.0,0.26331210136413574,0.2742440700531006,2026-04-30T04:34:35.132201+00:00
SR-HSE,erg,XGBoost,random_over,pr_auc,"{'colsample_bytree': 0.8, 'learning_rate': 0.1, 'max_depth': 5, 'min_child_weight': 1, 'n_estimators': 100, 'scale_pos_weight': 1, 'subsample': 0.8}",0.09689993836145794,1634,0.9406364749082007,0.9334002141247334,0.5313857261543283,0.5884854603815638,0.09689993836145794,0.9193617476975798,0.9193615396239678,0.9193615396239678,0.977136351507262,0.9761977743773387,9338.0,0.8845714285714286,0.9110301182070561,0.558392172735495,0.7237425470111605,0.17035725754842346,875.0,0.5913558006286621,0.5708060264587402,2026-04-30T04:34:43.575006+00:00
SR-HSE,erg,LogisticRegression,random_under,pr_auc,"{'C': 0.01, 'l1_ratio': 0.0}",0.0881671031570303,1634,0.95593635250918,0.9373919051200784,0.4887359198998748,0.6638028745868615,0.0881671031570303,0.6469135802469136,0.6531139587617993,0.6182368296155671,0.6705727023319616,0.5038549727599078,810.0,0.6697142857142857,0.7727063393431998,0.459101322113585,0.6804769912857361,0.0801623976254215,875.0,0.0141668319702148,0.0041379928588867,2026-04-21T09:00:27.486202+00:00
SR-HSE,erg,XGBoost,smote,pr_auc,"{'colsample_bytree': 0.8, 'learning_rate': 0.1, 'max_depth': 3, 'min_child_weight': 5, 'n_estimators': 200, 'scale_pos_weight': 1, 'subsample': 0.8}",0.10474545073064306,1634,0.9589963280293757,0.9389236151340405,0.4895345204623555,0.6655125775081199,0.10474545073064306,0.9562004711929749,0.9561745729600938,0.9561745729600938,0.9899728026633197,0.9915139243815266,9338.0,0.9497142857142857,0.9461080163721673,0.579620894479385,0.689325026754319,0.1686845326977106,875.0,1.0662498474121094,1.0672948360443115,2026-04-30T04:35:04.487906+00:00
SR-HSE,erg,LogisticRegression,smoteenn,pr_auc,"{'C': 0.1, 'l1_ratio': 0.0}",0.084632969271268,1634,0.5844553243574051,0.7031127794958824,0.4236996198291387,0.6666031679509282,0.084632969271268,0.6788394757477316,0.6790075102688432,0.6787059286610839,0.7640926567515411,0.7345694572874769,8927.0,0.64,0.7506203285334234,0.4457582027785989,0.7074224124751567,0.1088522912303414,875.0,0.0574250221252441,0.0539000034332275,2026-04-21T09:00:28.525950+00:00
SR-HSE,erg,LogisticRegression,smoten,pr_auc,"{'C': 1, 'l1_ratio': 1.0}",0.0916372045115238,1634,0.3353733170134639,0.4597041166328723,0.284425733710774,0.665426854241873,0.0916372045115238,0.8408652816448918,0.839179703451988,0.8391797034519881,0.9060025107845062,0.8877352167108317,9338.0,0.7028571428571428,0.796495425486068,0.4535768499125723,0.628860266014371,0.1306398394225858,875.0,0.0649569034576416,0.0528697967529296,2026-04-21T09:00:29.674904+00:00
SR-HSE,erg,LogisticRegression,smoten_enn,pr_auc,"{'C': 1, 'l1_ratio': 1.0}",0.09881010866262,1634,0.4228886168910649,0.5555986661165275,0.3380412083698675,0.6832049071807522,0.09881010866262,0.8449449325578517,0.8455100330752416,0.8448170268797693,0.9264480031797868,0.8860919327618039,8081.0,0.7325714285714285,0.8166312559923299,0.4714765100671141,0.601972175508332,0.1285486568973679,875.0,0.0552320480346679,0.0509500503540039,2026-04-21T09:00:30.044008+00:00
SR-HSE,estate,KNeighbors,none,pr_auc,"{'n_neighbors': 15, 'weights': 'distance'}",0.2943401503359891,1634,0.9589963280293756,0.9389236151340404,0.4895345204623555,0.7516930345083771,0.2943401503359891,0.9957481271512452,0.9956749146527204,0.978724294599566,0.9997985134416918,0.9958080214328356,4939.0,0.9645714285714284,0.9511850062473968,0.5481049562682215,0.7740979972481271,0.2582327107634255,875.0,0.0803277492523193,0.0007381439208984,2026-04-24T07:22:39.745303+00:00
SR-HSE,estate,KNeighbors,random_over,pr_auc,"{'n_neighbors': 15, 'weights': 'distance'}",0.2638155097791902,1634,0.8886168910648715,0.9125157688393666,0.6087164750957854,0.7504548095514768,0.2638155097791902,0.9962518740629686,0.9962518214068764,0.9962518214068764,0.9998137577174144,0.999720708075401,9338.0,0.8057142857142857,0.864560016672296,0.5323268273051964,0.7684413698211282,0.1630986649153919,875.0,0.1539771556854248,0.0005359649658203,2026-04-24T07:22:40.055696+00:00
SR-HSE,estate,BernoulliNB,random_under,pr_auc,{'alpha': 1.0},0.2542561152596369,1634,0.9516523867809058,0.9462992447345088,0.6251107219506812,0.7901637314385317,0.2542561152596369,0.6851851851851852,0.5744135619948748,0.4571259609698403,0.7678600823045268,0.6447691441303174,810.0,0.9508571428571428,0.9445259811155504,0.5485848660451835,0.7414959486317076,0.1040920334581172,875.0,0.0048539638519287,0.0009870529174804,2026-04-21T14:33:33.776343+00:00
SR-HSE,estate,KNeighbors,smote,pr_auc,"{'n_neighbors': 15, 'weights': 'distance'}",0.3119401999947787,1634,0.8861689106487148,0.9107920974522574,0.6030022624079754,0.74345407614131,0.3119401999947787,0.9977511244377812,0.9977511213171412,0.9977511213171412,0.9999880502180756,0.9999847708288292,9338.0,0.776,0.8456176623142322,0.5165527817242856,0.777289405289711,0.212041282983275,875.0,0.1793208122253418,0.0006301403045654,2026-04-24T07:22:41.298683+00:00
SR-HSE,estate,KNeighbors,smoteenn,pr_auc,"{'n_neighbors': 15, 'weights': 'distance'}",0.3140619352434429,1634,0.8886168910648715,0.9123172089454298,0.6058475811795891,0.7454447608797112,0.3140619352434429,0.9994536713286714,0.9994536701084324,0.9994534431439632,0.9999994028032986,0.9999991051328048,9152.0,0.784,0.8508016117042355,0.5216518522160933,0.7795061917138053,0.2131104329703093,875.0,0.1749939918518066,0.0005130767822265,2026-04-24T07:22:41.536681+00:00
SR-HSE,estate,BernoulliNB,smoten,pr_auc,{'alpha': 0.1},0.1667856053950572,1634,0.5055079559363526,0.6389685861314953,0.3662288786482335,0.5210402994599435,0.1667856053950572,0.8035982008995503,0.8018464060454931,0.8018464060454931,0.893133100249129,0.8793945357656021,9338.0,0.7451428571428571,0.8248295613261916,0.4708115804461319,0.5967168628650052,0.141003245229333,875.0,0.0054590702056884,0.0015680789947509,2026-04-21T14:33:34.525670+00:00
SR-HSE,estate,BernoulliNB,smoten_enn,pr_auc,{'alpha': 0.1},0.1676554557372638,1634,0.6701346389228886,0.7695323518508553,0.4418475839564594,0.5313556658316585,0.1676554557372638,0.827087670599121,0.8273460917218733,0.8266448077338553,0.9123030621619396,0.8814469868532246,8646.0,0.8274285714285714,0.8762194679742483,0.5054998521645727,0.5902193854150741,0.1344373936888198,875.0,0.0060789585113525,0.0017669200897216,2026-04-21T14:33:34.742071+00:00
SR-HSE,fcfp,RandomForest,none,pr_auc,"{'max_depth': 5, 'max_features': 'log2', 'min_samples_leaf': 5, 'n_estimators': 100}",0.1512818496393834,1634,0.9277845777233782,0.9314507803886254,0.5877442805217019,0.7773719151530161,0.1512818496393834,0.8424782344604171,0.8769704598325921,0.5949420222634508,0.8191773161038528,0.3157259901716683,4939.0,0.8057142857142857,0.8637517400782707,0.5116289759146901,0.7280614584925852,0.1493597227266607,875.0,0.2588357925415039,0.2909371852874756,2026-04-21T19:33:09.665106+00:00
SR-HSE,fcfp,RandomForest,random_over,pr_auc,"{'max_depth': 10, 'max_features': 'log2', 'min_samples_leaf': 10, 'n_estimators': 100}",0.1481965608386788,1634,0.9290085679314566,0.9322069951506916,0.5895183645183646,0.7571983731629028,0.1481965608386788,0.8007067894624117,0.800163256951458,0.8001632569514578,0.8906630734444607,0.8902013091184746,9338.0,0.8228571428571428,0.8747839688159177,0.5315603143079182,0.7864432044029965,0.1907784967374336,875.0,0.4546771049499511,0.6707279682159424,2026-04-21T19:33:17.876165+00:00
SR-HSE,fcfp,RandomForest,random_under,pr_auc,"{'max_depth': 5, 'max_features': 'log2', 'min_samples_leaf': 5, 'n_estimators': 200}",0.1303753202770444,1634,0.7974296205630355,0.8553438562483037,0.5275274278411259,0.7606987398679861,0.1303753202770444,0.7382716049382716,0.7446014120626061,0.7226905412476019,0.8135871056241426,0.7158745431907192,810.0,0.6674285714285715,0.7710443098670458,0.4578859628392404,0.6997209906742089,0.1182176748638602,875.0,0.6673369407653809,0.3340821266174316,2026-04-21T19:33:20.290267+00:00
SR-HSE,fcfp,RandomForest,smote,pr_auc,"{'max_depth': 10, 'max_features': 'log2', 'min_samples_leaf': 20, 'n_estimators': 200}",0.1017375217489199,1634,0.6432068543451652,0.7489061731054691,0.4569191047068394,0.6958109897227328,0.1017375217489199,0.8319768687085028,0.8313594908340298,0.8313594908340298,0.90679952224726,0.8987028006601886,9338.0,0.7611428571428571,0.835424895924243,0.4863422512464012,0.6684948784589512,0.0925205254018172,875.0,0.8970611095428467,0.875438928604126,2026-04-21T19:33:23.802968+00:00
SR-HSE,fcfp,RandomForest,smoteenn,pr_auc,"{'max_depth': 15, 'max_features': 'log2', 'min_samples_leaf': 10, 'n_estimators': 200}",0.0990239564881982,1634,0.6003671970624235,0.7155489925448733,0.4355284200591768,0.701730657497452,0.0990239564881982,0.8567232375979112,0.8561198292842167,0.8562507321279007,0.9276731379422573,0.9156518365727612,9192.0,0.7794285714285715,0.847053210325226,0.4923510721124507,0.6633351169545941,0.0924434318432952,875.0,1.532969951629639,1.6930279731750488,2026-04-21T19:33:33.559939+00:00
SR-HSE,fcfp,LogisticRegression,smoten,pr_auc,"{'C': 0.1, 'l1_ratio': 1.0}",0.1358910808388804,1634,0.9479804161566708,0.9390723001528876,0.5572958999907563,0.7145224737829676,0.1358910808388804,0.9482758620689656,0.9482698103454392,0.9482698103454392,0.9788445739801824,0.984845573207863,9338.0,0.9268571428571428,0.934691531223268,0.5808383233532934,0.7302591346888855,0.1090341671122966,875.0,0.2535712718963623,0.2265481948852539,2026-04-21T09:00:35.732222+00:00
SR-HSE,fcfp,LogisticRegression,smoten_enn,pr_auc,"{'C': 0.1, 'l1_ratio': 0.0}",0.1357656849125301,1634,0.9492044063647492,0.93981293463661,0.5590775943066515,0.7040594728971605,0.1357656849125301,0.980971128608924,0.9809732681488436,0.9809688525026262,0.9980317821935,0.9981761040331238,9144.0,0.9462857142857144,0.9440091427623992,0.5738386130713671,0.6997974315853845,0.1162333680865566,875.0,0.1792669296264648,0.1526691913604736,2026-04-21T09:00:36.889874+00:00
SR-HSE,klekota_roth,BalancedRandomForest,none,pr_auc,"{'max_depth': 5, 'max_features': 'log2', 'min_samples_leaf': 20, 'n_estimators': 100}",0.1843340269324659,1634,0.5636474908200735,0.6853818949764979,0.4172444408874571,0.7410538246863957,0.1843340269324659,0.5092123911723021,0.629213320886622,0.3945981698584917,0.6367391700974909,0.1014254392705552,4939.0,0.4925714285714285,0.6288121804746277,0.3675769651508048,0.6510663507109005,0.0770976959863536,875.0,2.5026960372924805,2.088247060775757,2026-04-22T00:21:59.924113+00:00
SR-HSE,klekota_roth,XGBoost,random_over,pr_auc,"{'colsample_bytree': 0.8, 'learning_rate': 0.1, 'max_depth': 7, 'min_child_weight': 1, 'n_estimators': 200, 'scale_pos_weight': 1, 'subsample': 0.8}",0.1158172518740151,1634,0.8782129742962056,0.9023564526932992,0.5437899418453747,0.6874434464562953,0.1158172518740151,0.9814735489398158,0.9814708355950347,0.9814708355950346,0.9973213222046078,0.9965366382310612,9338.0,0.9085714285714286,0.9258665028774385,0.5910832788111039,0.7320554961015135,0.2237151568381795,875.0,11.866281986236572,12.411756038665771,2026-04-30T04:38:37.388408+00:00
SR-HSE,klekota_roth,LogisticRegression,random_under,pr_auc,"{'C': 1, 'l1_ratio': 0.0}",0.1019300814493243,1634,0.7711138310893513,0.8381800114779614,0.505069843984865,0.715613064225776,0.1019300814493243,0.9592592592592591,0.95948994239481,0.954698831117988,0.9929698216735254,0.9862207023586056,810.0,0.7165714285714285,0.8058879443097878,0.4787963799166074,0.747324568108852,0.133547379072047,875.0,0.1474518775939941,0.0336802005767822,2026-04-21T09:00:39.538071+00:00
SR-HSE,klekota_roth,RandomForest,smote,pr_auc,"{'max_depth': 15, 'max_features': 'log2', 'min_samples_leaf': 20, 'n_estimators': 200}",0.1052812968071556,1634,0.5587515299877601,0.6819922145081697,0.4097373886162487,0.6808046557258378,0.1052812968071556,0.745984150781752,0.7438919644573772,0.7438919644573773,0.8255430694223613,0.813492838676917,9338.0,0.6354285714285715,0.7477273442802652,0.4339854118801722,0.6641950772053202,0.077951629492493,875.0,0.722898006439209,0.5719821453094482,2026-04-21T19:35:31.500887+00:00
SR-HSE,klekota_roth,RandomForest,smoteenn,pr_auc,"{'max_depth': 10, 'max_features': 'log2', 'min_samples_leaf': 20, 'n_estimators': 200}",0.0986535716046634,1634,0.533047735618115,0.6604998935354226,0.3938635799008881,0.6493775538389737,0.0986535716046634,0.7418933623503808,0.7391031036835116,0.7395048140752398,0.8290440285592344,0.8110142716536334,9190.0,0.624,0.7389365115474011,0.4305425053162554,0.6615005350863782,0.0845479375460965,875.0,0.657141923904419,0.5737209320068359,2026-04-21T19:35:33.630834+00:00
SR-HSE,klekota_roth,XGBoost,smoten,pr_auc,"{'colsample_bytree': 0.8, 'learning_rate': 0.1, 'max_depth': 7, 'min_child_weight': 1, 'n_estimators': 200, 'scale_pos_weight': 1, 'subsample': 0.8}",0.11013142850545993,1634,0.8555691554467564,0.8890907397381342,0.5299309080448,0.6681271371286516,0.11013142850545993,0.9770828871278646,0.977082735744722,0.977082735744722,0.9971470297039468,0.9971323648864164,9338.0,0.9268571428571428,0.9353384971465336,0.5905714452827981,0.6883504051368292,0.11668385671282272,875.0,13.365982055664062,12.468676805496216,2026-04-30T04:40:44.337793+00:00
SR-HSE,klekota_roth,DecisionTree,smoten_enn,pr_auc,"{'ccp_alpha': 0.001, 'criterion': 'entropy', 'max_depth': 15, 'min_samples_leaf': 10}",0.0989158498015685,1634,0.7282741738066095,0.8101024779541278,0.496983967185563,0.7026640886188077,0.0989158498015685,0.9019543258673692,0.901560257367498,0.9016891844727192,0.9255404077962948,0.8706382449078911,9108.0,0.7668571428571429,0.839015225316906,0.4856144961615602,0.6589206543341996,0.0572064971868523,875.0,1.525597095489502,1.5607826709747314,2026-04-22T10:57:57.367009+00:00
SR-HSE,maccs,XGBoost,none,pr_auc,"{'colsample_bytree': 0.8, 'learning_rate': 0.1, 'max_depth': 5, 'min_child_weight': 1, 'n_estimators': 200, 'scale_pos_weight': 1, 'subsample': 0.8}",0.4052931911340834,1634,0.9651162790697675,0.9546782801315884,0.647678311361616,0.806508300869615,0.4052931911340834,0.9793480461631909,0.97716581925143,0.8792105520592168,0.9905067307616033,0.9265144048728302,4939.0,0.9668571428571429,0.9607620537168924,0.6692733789507983,0.8259440452530195,0.33549100241318086,875.0,0.3361930847167969,0.3097190856933594,2026-04-30T04:46:31.470934+00:00
SR-HSE,maccs,XGBoost,random_over,pr_auc,"{'colsample_bytree': 0.8, 'learning_rate': 0.1, 'max_depth': 7, 'min_child_weight': 1, 'n_estimators': 200, 'scale_pos_weight': 1, 'subsample': 0.8}",0.3983443031017858,1634,0.9522643818849449,0.9532415057449727,0.7089605407380344,0.7903351779710255,0.3983443031017858,0.9898265153137716,0.9898254622512447,0.9898254622512446,0.9993605605177096,0.999299502542929,9338.0,0.9405714285714286,0.9445213311387328,0.6233942524168985,0.8439841002904754,0.3581085743143443,875.0,0.6538810729980469,0.5889401435852051,2026-04-30T04:46:47.835693+00:00
SR-HSE,maccs,XGBoost,random_under,pr_auc,"{'colsample_bytree': 0.8, 'learning_rate': 0.1, 'max_depth': 3, 'min_child_weight': 1, 'n_estimators': 200, 'scale_pos_weight': 1, 'subsample': 0.8}",0.24350679500768152,1634,0.9204406364749081,0.9308906686352588,0.6294474332405294,0.7755336273323871,0.24350679500768152,0.9296296296296296,0.9282955201349731,0.9180038183190516,0.9761111111111112,0.9633275565948397,810.0,0.8171428571428572,0.8717663436030783,0.5403566832138261,0.8075982265708607,0.19235908687489423,875.0,0.06512999534606934,0.05108809471130371,2026-04-30T04:47:00.557704+00:00
SR-HSE,maccs,XGBoost,smote,pr_auc,"{'colsample_bytree': 0.8, 'learning_rate': 0.1, 'max_depth': 7, 'min_child_weight': 1, 'n_estimators': 100, 'scale_pos_weight': 1, 'subsample': 0.8}",0.1277897132498177,1634,0.894124847001224,0.9123900457448977,0.5655824746624867,0.6569307260760653,0.1277897132498177,0.9668023131291497,0.9667867711580331,0.9667867711580331,0.9940192602961134,0.9932878157087477,9338.0,0.9142857142857143,0.9298209107058154,0.6059718161021681,0.7428145543494878,0.2619820873045783,875.0,0.3210179805755615,0.30722713470458984,2026-04-30T04:47:04.050776+00:00
SR-HSE,maccs,DecisionTree,smoteenn,pr_auc,"{'ccp_alpha': 0.0, 'criterion': 'gini', 'max_depth': 10, 'min_samples_leaf': 10}",0.1313672873496522,1634,0.8194614443084456,0.8678744150314244,0.5170557866040415,0.5957624132051929,0.1313672873496522,0.8798938287989383,0.8796566731412215,0.8797785447986592,0.9280927714248786,0.883855405331887,9042.0,0.7988571428571428,0.8594645059190305,0.5075088904239261,0.6542386485246905,0.0721593409495309,875.0,0.0804102420806884,0.0643839836120605,2026-04-22T10:58:10.677785+00:00
SR-HSE,maccs,XGBoost,smoten,pr_auc,"{'colsample_bytree': 0.8, 'learning_rate': 0.1, 'max_depth': 7, 'min_child_weight': 1, 'n_estimators': 200, 'scale_pos_weight': 1, 'subsample': 0.8}",0.17748104309658852,1634,0.95593635250918,0.9431681488400211,0.5601220387652548,0.7068216670317843,0.17748104309658852,0.9898265153137716,0.989826505863432,0.9898265058634319,0.999451571524766,0.9994375699346879,9338.0,0.9554285714285714,0.9550764264707717,0.6687825757796348,0.7949472557712888,0.32354630857631717,875.0,0.6232271194458008,0.6051671504974365,2026-04-30T04:47:20.509738+00:00
SR-HSE,maccs,BernoulliNB,smoten_enn,pr_auc,{'alpha': 0.1},0.0772930635645337,1634,0.6113831089351285,0.7261593617210812,0.4148313704391119,0.5354227585747078,0.0772930635645337,0.7594978165938865,0.7584078885617306,0.7586807538074742,0.8277048373418024,0.8058389989949201,9160.0,0.7531428571428571,0.8301358561967833,0.478476821192053,0.6515441064057483,0.11896098707848,875.0,0.017204999923706,0.0097498893737792,2026-04-21T14:34:02.439051+00:00
SR-HSE,map4,BalancedRandomForest,none,pr_auc,"{'max_depth': 10, 'max_features': 'log2', 'min_samples_leaf': 5, 'n_estimators': 200}",0.0866901525350121,1634,0.952876376988984,0.9378512235438008,0.5126110316989931,0.6223604377601464,0.0866901525350121,0.9455355335088076,0.9518336389210562,0.7987653200896612,0.9566216891554222,0.8270209869693069,4939.0,0.872,0.9019857690202516,0.5210727969348659,0.6254013147836722,0.160801757423051,875.0,1.361199140548706,1.6167709827423096,2026-04-22T00:23:36.128580+00:00
SR-HSE,map4,RandomForest,random_over,pr_auc,"{'max_depth': 10, 'max_features': 'log2', 'min_samples_leaf': 10, 'n_estimators': 100}",0.1052778589958108,1634,0.9589963280293756,0.9389236151340404,0.4895345204623555,0.6220175446951586,0.1052778589958108,0.9558792032555152,0.955806787772746,0.955806787772746,0.9987815809685344,0.998522598821137,9338.0,0.9645714285714284,0.9528608438310714,0.5720326280746596,0.7287112062375782,0.2308236048758856,875.0,0.4313452243804931,0.5000777244567871,2026-04-21T19:38:13.594703+00:00
SR-HSE,map4,KNeighbors,random_under,pr_auc,"{'n_neighbors': 15, 'weights': 'distance'}",0.1081993137620045,1634,0.916156670746634,0.9219881291591832,0.5416756239929407,0.6761517873301012,0.1081993137620045,1.0,1.0,1.0,1.0,1.0,810.0,0.9017142857142856,0.9168499351909432,0.506673834373525,0.6316694695000765,0.0619169692854895,875.0,4.145581007003784,2.9680769443511963,2026-04-24T07:44:35.983747+00:00
SR-HSE,map4,RandomForest,smote,pr_auc,"{'max_depth': 10, 'max_features': 'log2', 'min_samples_leaf': 10, 'n_estimators': 200}",0.0821393536981029,1634,0.5104039167686658,0.6425431545856387,0.3725038402457757,0.5367990932383393,0.0821393536981029,0.9117584065110302,0.9117085046109558,0.9117085046109558,0.974852589921421,0.975768414205992,9338.0,0.8262857142857143,0.8747205996722189,0.4886660720327253,0.5810273658462008,0.0554283752620691,875.0,1.012155055999756,0.910175085067749,2026-04-21T19:38:24.819194+00:00
SR-HSE,map4,RandomForest,smoteenn,pr_auc,"{'max_depth': 15, 'max_features': 'log2', 'min_samples_leaf': 10, 'n_estimators': 100}",0.0803026813408543,1634,0.5752753977968176,0.6971889708135923,0.4050637958532695,0.5359418605758699,0.0803026813408543,0.9384366576819408,0.9384363614070298,0.938436631918905,0.9856671905967492,0.9853959722687884,9275.0,0.8594285714285714,0.8942579193080741,0.5063639490884073,0.5901620547316925,0.0558140233352068,875.0,0.6142230033874512,0.6815838813781738,2026-04-21T19:38:28.270573+00:00
SR-HSE,map4,RandomForest,smoten,pr_auc,"{'max_depth': 15, 'max_features': 'log2', 'min_samples_leaf': 20, 'n_estimators': 200}",0.0875407511813642,1634,0.642594859241126,0.7494281065745637,0.4339756046057517,0.5320176399432321,0.0875407511813642,0.9509530948811308,0.9509516886512258,0.950951688651226,0.9849235266710188,0.9874724785107638,9338.0,0.8948571428571429,0.914197383807892,0.521106986483914,0.5813331294909035,0.0515913040133749,875.0,1.2404677867889404,1.1778199672698977,2026-04-21T19:38:31.128789+00:00
SR-HSE,map4,RandomForest,smoten_enn,pr_auc,"{'max_depth': 15, 'max_features': 'log2', 'min_samples_leaf': 5, 'n_estimators': 200}",0.0898837869823593,1634,0.664014687882497,0.7651114565942759,0.4417742432303772,0.5360847326862814,0.0898837869823593,0.96841419732986,0.968415630096883,0.9684123738081944,0.9963260871450592,0.9965037451596962,9213.0,0.8971428571428571,0.9155012987012988,0.5227272727272727,0.6205090964684299,0.0559407209855351,875.0,1.1737310886383057,0.8940739631652832,2026-04-21T19:38:58.410506+00:00
SR-HSE,mhfp,BernoulliNB,none,pr_auc,{'alpha': 10.0},0.1063258846476068,1634,0.8990208078335373,0.9138127550815784,0.5500763473428621,0.6605215784510757,0.1063258846476068,0.9054464466491192,0.9192131373258324,0.6798468437018741,0.8745575624885971,0.4473665452702331,4939.0,0.8914285714285715,0.915533801503434,0.5717170988567101,0.7155633695153647,0.1792926777926649,875.0,0.0643138885498046,0.0209181308746337,2026-04-21T14:34:20.116185+00:00
SR-HSE,mhfp,RandomForest,random_over,pr_auc,"{'max_depth': 15, 'max_features': 'sqrt', 'min_samples_leaf': 10, 'n_estimators': 200}",0.1094481922668116,1634,0.9589963280293756,0.9389236151340404,0.4895345204623555,0.6505491051443484,0.1094481922668116,0.9993574641250804,0.9993574638598078,0.9993574638598076,0.9997899269622906,0.999742651402326,9338.0,0.9668571428571427,0.9525742624682636,0.5521610984627874,0.7311955358507873,0.2378838622641839,875.0,2.913767099380493,3.2107648849487305,2026-04-21T19:39:23.839646+00:00
SR-HSE,mhfp,BernoulliNB,random_under,pr_auc,{'alpha': 50.0},0.1005936446767461,1634,0.8188494492044064,0.8677749266448734,0.5216040956981718,0.6618360018668623,0.1005936446767461,0.7962962962962963,0.7766674440995832,0.7335797197653349,0.8606035665294925,0.7890583745473742,810.0,0.8868571428571429,0.912392623950635,0.5605223505775992,0.6982877235896653,0.0913932541274805,875.0,0.0494589805603027,0.0278229713439941,2026-04-21T14:34:24.175285+00:00
SR-HSE,mhfp,RandomForest,smote,pr_auc,"{'max_depth': 10, 'max_features': 'sqrt', 'min_samples_leaf': 5, 'n_estimators': 100}",0.1171998272032888,1634,0.9571603427172584,0.9421580262756982,0.5403102644481955,0.6482060025335987,0.1171998272032888,0.9899336046262583,0.9899325844717284,0.9899325844717284,0.99999878437919,0.9999986694606764,9338.0,0.9668571428571427,0.9525742624682636,0.5521610984627874,0.7128497171686287,0.2135987924929045,875.0,1.7723877429962158,1.4780490398406982,2026-04-21T19:39:47.483115+00:00
SR-HSE,mhfp,RandomForest,smoteenn,pr_auc,"{'max_depth': 15, 'max_features': 'sqrt', 'min_samples_leaf': 10, 'n_estimators': 200}",0.1255411973633329,1634,0.9571603427172584,0.9421580262756982,0.5403102644481955,0.6497680709407652,0.1255411973633329,0.983786105444003,0.983781135484066,0.9837803126430168,0.9999995618654312,0.9999995363229316,9313.0,0.9668571428571427,0.9525742624682636,0.5521610984627874,0.7557330683381747,0.2503964709336664,875.0,3.0189690589904785,3.57137393951416,2026-04-21T19:39:55.010627+00:00
SR-HSE,mhfp,XGBoost,smoten,pr_auc,"{'colsample_bytree': 0.8, 'learning_rate': 0.1, 'max_depth': 5, 'min_child_weight': 1, 'n_estimators': 100, 'scale_pos_weight': 1, 'subsample': 0.8}",0.12839586724872787,1634,0.9571603427172583,0.9421580262756982,0.5403102644481955,0.6063158997609273,0.12839586724872787,0.9992503748125937,0.9992503745976739,0.9992503745976739,0.9999989219966402,0.999998806812298,9338.0,0.9657142857142857,0.9518763589351824,0.550082270670506,0.7121999694236355,0.2239436217082086,875.0,4.325959920883179,4.239940166473389,2026-04-30T04:52:11.279732+00:00
SR-HSE,mhfp,XGBoost,smoten_enn,pr_auc,"{'colsample_bytree': 0.8, 'learning_rate': 0.05, 'max_depth': 7, 'min_child_weight': 1, 'n_estimators': 200, 'scale_pos_weight': 1, 'subsample': 0.8}",0.11916779876103063,1634,0.9571603427172583,0.9421580262756982,0.5403102644481955,0.6458533751154882,0.11916779876103063,1.0,1.0,1.0,1.0,1.0,9302.0,0.9668571428571429,0.9525742624682636,0.5521610984627874,0.7350558018651583,0.2211409440587031,875.0,9.312147855758667,9.091428995132446,2026-04-30T04:55:02.884330+00:00
SR-HSE,morgan_2048,XGBoost,none,pr_auc,"{'colsample_bytree': 0.8, 'learning_rate': 0.1, 'max_depth': 7, 'min_child_weight': 1, 'n_estimators': 100, 'scale_pos_weight': 8, 'subsample': 0.8}",0.2452795885852736,1634,0.9602203182374541,0.95044520566746,0.6246081200009896,0.7348103134614102,0.2452795885852736,0.9838023891476008,0.9842525135230529,0.9260143627108792,0.996140818479649,0.932613943559831,4939.0,0.9474285714285714,0.9482188188442637,0.6269832443653618,0.779315089435866,0.21713338301105806,875.0,1.411703109741211,1.4320330619812012,2026-04-30T04:55:16.162510+00:00
SR-HSE,morgan_2048,DecisionTree,random_over,pr_auc,"{'ccp_alpha': 0.001, 'criterion': 'gini', 'max_depth': 10, 'min_samples_leaf': 10}",0.2248397372488643,1634,0.7637698898408812,0.8338732870293464,0.515221481627232,0.6827239044090334,0.2248397372488643,0.8095952023988006,0.8090255526964091,0.809025552696409,0.8709718053496581,0.8557046055775772,9338.0,0.7428571428571429,0.8236186882122128,0.4869051683472287,0.6972557712887937,0.1657537669040276,875.0,1.4363720417022705,1.3682386875152588,2026-04-22T11:01:34.297389+00:00
SR-HSE,morgan_2048,LogisticRegression,random_under,pr_auc,"{'C': 1, 'l1_ratio': 1.0}",0.1419339577725363,1634,0.9228886168910648,0.9276482214836974,0.5706778770362585,0.6308089418891503,0.1419339577725363,0.9444444444444444,0.9447590123565592,0.9382256787972564,0.9850137174211248,0.9718778583234003,810.0,0.7462857142857143,0.8259468947217442,0.4921090612449799,0.7060846965295826,0.1233889728834444,875.0,0.0743179321289062,0.0386328697204589,2026-04-21T09:01:49.634086+00:00
SR-HSE,morgan_2048,LogisticRegression,smote,pr_auc,"{'C': 1, 'l1_ratio': 1.0}",0.1106094199485847,1634,0.7760097919216646,0.8411901816321176,0.5040502348539129,0.5937669660631114,0.1106094199485847,0.9763332619404584,0.9763332160715704,0.9763332160715704,0.9955906910235486,0.9959036995391368,9338.0,0.8811428571428571,0.9081797812289616,0.5418294598622467,0.6743234979360954,0.1222371544744463,875.0,0.2863368988037109,0.4023950099945068,2026-04-21T09:01:51.033436+00:00
SR-HSE,morgan_2048,LogisticRegression,smoteenn,pr_auc,"{'C': 1, 'l1_ratio': 1.0}",0.1442283320870275,1634,0.7784577723378213,0.8428456750555704,0.5074920150672932,0.635176066064064,0.1442283320870275,0.983601216333623,0.983601809980393,0.9835993204939384,0.9977871511793908,0.997694430071479,9208.0,0.8948571428571429,0.9162587266392144,0.5537694013303769,0.6758140957040208,0.169189765617564,875.0,0.2551422119140625,0.2328970432281494,2026-04-21T09:01:53.308491+00:00
SR-HSE,morgan_2048,LogisticRegression,smoten,pr_auc,"{'C': 1, 'l1_ratio': 1.0}",0.1159868212974192,1634,0.9534883720930232,0.9416683287459944,0.556232132647227,0.6007200754364743,0.1159868212974192,0.9814735489398158,0.9814725951417048,0.9814725951417048,0.9967796828569162,0.9974613984789996,9338.0,0.9382857142857144,0.941665306122449,0.5982142857142857,0.7120470876012842,0.1084962497603972,875.0,0.4230220317840576,0.3427557945251465,2026-04-21T09:01:54.164319+00:00
SR-HSE,morgan_2048,XGBoost,smoten_enn,pr_auc,"{'colsample_bytree': 0.8, 'learning_rate': 0.05, 'max_depth': 7, 'min_child_weight': 5, 'n_estimators': 100, 'scale_pos_weight': 1, 'subsample': 0.8}",0.15764685698272232,1634,0.9553243574051408,0.9443461540573014,0.5784060424626499,0.6635028431549972,0.15764685698272232,0.9808847624249044,0.9808866100270782,0.980882101877774,0.9978362516086074,0.9979821529028272,9155.0,0.9508571428571428,0.9418195968905645,0.5096122515477354,0.6595321816236048,0.08157107418248354,875.0,2.8788950443267822,3.012298822402954,2026-04-30T04:58:35.171343+00:00
SR-HSE,morgan_4096,XGBoost,none,pr_auc,"{'colsample_bytree': 0.8, 'learning_rate': 0.1, 'max_depth': 7, 'min_child_weight': 1, 'n_estimators': 200, 'scale_pos_weight': 8, 'subsample': 0.8}",0.1697105781824286,1634,0.9589963280293757,0.9432470483486993,0.5428416327382817,0.7458829020183066,0.1697105781824286,0.9943308362016603,0.9944620440538393,0.9738483532775601,0.9996243941521303,0.9924387136465858,4939.0,0.9531428571428572,0.9502577941232808,0.6151783319924913,0.6892294756153493,0.21157184144684563,875.0,6.404152154922485,6.357800006866455,2026-04-30T04:58:47.945197+00:00
SR-HSE,morgan_4096,XGBoost,random_over,pr_auc,"{'colsample_bytree': 0.8, 'learning_rate': 0.1, 'max_depth': 5, 'min_child_weight': 1, 'n_estimators': 100, 'scale_pos_weight': 1, 'subsample': 0.8}",0.1935297549320176,1634,0.9400244798041616,0.9361106616231815,0.5691902071563089,0.7584318357161226,0.1935297549320176,0.9510601841936175,0.9510593305209418,0.9510593305209417,0.9906239166926343,0.9885044497140629,9338.0,0.8925714285714286,0.9144382641748495,0.5440687361419069,0.6675011466136677,0.1305900107994384,875.0,6.114032745361328,5.815865755081177,2026-04-30T04:58:52.628967+00:00
SR-HSE,morgan_4096,KNeighbors,random_under,pr_auc,"{'n_neighbors': 15, 'weights': 'distance'}",0.110410925972217,1634,0.9253365973072216,0.9291270780289178,0.5737695103698952,0.6891626741849146,0.110410925972217,1.0,1.0,1.0,1.0,1.0,810.0,0.9268571428571428,0.933288130721068,0.5598314783374206,0.759249350252255,0.1264013811903143,875.0,18.548409938812256,11.929445028305054,2026-04-24T08:27:44.336091+00:00
SR-HSE,morgan_4096,RandomForest,smote,pr_auc,"{'max_depth': 15, 'max_features': 'sqrt', 'min_samples_leaf': 5, 'n_estimators': 200}",0.1052107058753174,1634,0.7607099143206855,0.8312131667907913,0.4933381549532231,0.5927763860975911,0.1052107058753174,0.9103662454487044,0.9103581024696972,0.9103581024696972,0.969804368996238,0.9715320562048936,9338.0,0.8834285714285715,0.909945554666866,0.5506404317879727,0.6930897416297203,0.0981789290851171,875.0,5.1260621547698975,6.648787260055542,2026-04-21T19:43:47.959974+00:00
SR-HSE,morgan_4096,RandomForest,smoteenn,pr_auc,"{'max_depth': 15, 'max_features': 'log2', 'min_samples_leaf': 5, 'n_estimators': 100}",0.1040368439154917,1634,0.5563035495716034,0.6809215065507372,0.401509046956267,0.5922525216927488,0.1040368439154917,0.8948845240664796,0.8945009486954713,0.8945472866597541,0.9693991299511684,0.9715267429793792,9266.0,0.7942857142857143,0.8562705174171902,0.4963159106608335,0.6181394282219845,0.0889107068582006,875.0,0.913843870162964,1.0724718570709229,2026-04-21T19:44:24.850348+00:00
SR-HSE,morgan_4096,RandomForest,smoten,pr_auc,"{'max_depth': 10, 'max_features': 'log2', 'min_samples_leaf': 10, 'n_estimators': 200}",0.1019401970041319,1634,0.6891064871481029,0.7829028734523326,0.454177220516948,0.5638352589318881,0.1019401970041319,0.9119725851360034,0.9117784898582172,0.9117784898582172,0.9748978889987738,0.982747898525198,9338.0,0.8377142857142857,0.8824130278526505,0.5115959119496856,0.5793074453447484,0.0884517192788102,875.0,1.2827599048614502,1.685963153839111,2026-04-21T19:44:27.355000+00:00
SR-HSE,morgan_4096,RandomForest,smoten_enn,pr_auc,"{'max_depth': 15, 'max_features': 'log2', 'min_samples_leaf': 5, 'n_estimators': 100}",0.1100630735100573,1634,0.6982864137086904,0.7892900182868975,0.4587684520222227,0.5762698949413748,0.1100630735100573,0.935427763887379,0.9353265945299748,0.9353585548497,0.9896923345328282,0.9919409711961338,9199.0,0.8548571428571429,0.8919545590501253,0.5101798835451296,0.577625745298884,0.0773636284910949,875.0,0.9438138008117676,0.9418349266052246,2026-04-21T19:45:07.022439+00:00
SR-HSE,pubchem,XGBoost,none,pr_auc,"{'colsample_bytree': 0.8, 'learning_rate': 0.05, 'max_depth': 7, 'min_child_weight': 1, 'n_estimators': 200, 'scale_pos_weight': 4, 'subsample': 0.8}",0.3496129921926884,1634,0.9583843329253366,0.9530721806568822,0.6684925948468249,0.8032508167522312,0.3496129921926884,0.9886616724033205,0.9887009279631551,0.9455296260351151,0.9961209871254849,0.9503280255731897,4939.0,0.9634285714285714,0.9615341541575307,0.704840613931523,0.8211282678489528,0.37725321807989837,875.0,1.3956000804901123,1.404473066329956,2026-04-30T05:06:12.033817+00:00
SR-HSE,pubchem,XGBoost,random_over,pr_auc,"{'colsample_bytree': 0.8, 'learning_rate': 0.1, 'max_depth': 5, 'min_child_weight': 1, 'n_estimators': 200, 'scale_pos_weight': 1, 'subsample': 0.8}",0.38936104472233996,1634,0.9339045287637698,0.9410744600363774,0.6722020373135992,0.8100324795931002,0.38936104472233996,0.9730134932533733,0.9730100154371625,0.9730100154371624,0.995008477464294,0.9939438298827997,9338.0,0.9165714285714286,0.9333635805294058,0.6428950796392892,0.8056107628802935,0.37148750312196516,875.0,2.0346577167510986,1.8575541973114014,2026-04-30T05:06:41.559239+00:00
SR-HSE,pubchem,XGBoost,random_under,pr_auc,"{'colsample_bytree': 0.8, 'learning_rate': 0.1, 'max_depth': 3, 'min_child_weight': 1, 'n_estimators': 100, 'scale_pos_weight': 1, 'subsample': 0.8}",0.32659091860835643,1634,0.9620563035495716,0.9567635398039639,0.6921253525235826,0.8196382478164379,0.32659091860835643,0.8716049382716049,0.8648675662168915,0.8421289355322339,0.9348216735253773,0.905988801224403,810.0,0.8662857142857143,0.9016900199599605,0.5708428876247648,0.7873796055648983,0.2163650485817053,875.0,0.12930703163146973,0.10532093048095703,2026-04-30T05:07:41.926071+00:00
SR-HSE,pubchem,LogisticRegression,smote,pr_auc,"{'C': 1, 'l1_ratio': 0.0}",0.2207711567715042,1634,0.8531211750305998,0.88981513699283,0.5621904766157735,0.7195134728400118,0.2207711567715042,0.924823302634397,0.9248033785778836,0.9248033785778836,0.9756462985653702,0.9757139916090276,9338.0,0.8857142857142857,0.912487293768082,0.5723864258347017,0.7373108087448402,0.2394486129138779,875.0,0.6509110927581787,0.6008760929107666,2026-04-21T09:02:30.033243+00:00
SR-HSE,pubchem,LogisticRegression,smoteenn,pr_auc,"{'C': 1, 'l1_ratio': 0.0}",0.220252432921267,1634,0.8543451652386781,0.8905697712908862,0.5632389937106919,0.7058263246625837,0.220252432921267,0.9339303265261548,0.9339308843911004,0.9339303139190374,0.9803053257557623,0.9789242357600172,9157.0,0.8857142857142857,0.9117113281047708,0.5594514037136988,0.7214110992203028,0.2076875939850173,875.0,0.6086118221282959,0.6269478797912598,2026-04-21T09:02:36.028269+00:00
SR-HSE,pubchem,LogisticRegression,smoten,pr_auc,"{'C': 1, 'l1_ratio': 0.0}",0.1944149653139436,1634,0.9143206854345164,0.9239618755048078,0.579633658708691,0.7301431578546324,0.1944149653139436,0.9659455986292568,0.965945442412544,0.965945442412544,0.9895336883160172,0.9915647206759268,9338.0,0.9142857142857144,0.9293425734370616,0.5984986142466457,0.7182770218621006,0.2284866705133203,875.0,0.5721442699432373,0.5559451580047607,2026-04-21T09:02:37.483328+00:00
SR-HSE,pubchem,RandomForest,smoten_enn,pr_auc,"{'max_depth': 15, 'max_features': 'sqrt', 'min_samples_leaf': 10, 'n_estimators': 100}",0.1390267333500124,1634,0.890452876376989,0.9093515502215992,0.5505159708935555,0.7252712188895979,0.1390267333500124,0.951667577911427,0.9516284405558848,0.95164863710567,0.99625180228729,0.9956858177629292,9145.0,0.896,0.9174003484875968,0.5623292603158375,0.7212964378535393,0.197734651230436,875.0,0.891381025314331,1.7055890560150146,2026-04-21T19:47:14.908442+00:00
SR-HSE,rdkit,XGBoost,none,pr_auc,"{'colsample_bytree': 0.8, 'learning_rate': 0.05, 'max_depth': 7, 'min_child_weight': 10, 'n_estimators': 200, 'scale_pos_weight': 8, 'subsample': 0.8}",0.3274807835193046,1634,0.9596083231334149,0.940423019115847,0.5043933823529412,0.7688948366019298,0.3274807835193046,0.9914962543024903,0.9917455410316764,0.9612840876514012,0.9995240475000595,0.9919599119544108,4939.0,0.9588571428571429,0.9540652100840336,0.6294117647058823,0.7871120623757835,0.31359311429863884,875.0,3.890990734100342,3.9033150672912598,2026-04-30T05:08:59.547900+00:00
SR-HSE,rdkit,RandomForest,random_over,pr_auc,"{'max_depth': 15, 'max_features': 'log2', 'min_samples_leaf': 5, 'n_estimators': 100}",0.3409036236693724,1634,0.9589963280293756,0.9389236151340404,0.4895345204623555,0.7393774585909,0.3409036236693724,0.9765474405654316,0.9765451141274368,0.9765451141274368,0.9982106520401948,0.998067744005442,9338.0,0.96,0.9548467288149828,0.6325690770135215,0.7696835346277328,0.2706615046460524,875.0,0.5875117778778076,0.8317520618438721,2026-04-21T19:48:03.592009+00:00
SR-HSE,rdkit,LogisticRegression,random_under,pr_auc,"{'C': 0.1, 'l1_ratio': 0.0}",0.237011736915024,1634,0.8733170134638923,0.9029884105918806,0.5917499791794155,0.8052034022611891,0.237011736915024,0.9814814814814816,0.9815554637155408,0.9793359966937596,0.9988134430727024,0.9978603518788032,810.0,0.7737142857142857,0.8438525008172605,0.504433638443936,0.7050145237731233,0.1585844624608361,875.0,0.1414909362792968,0.1131849288940429,2026-04-21T09:02:48.446362+00:00
SR-HSE,rdkit,LogisticRegression,smote,pr_auc,"{'C': 0.1, 'l1_ratio': 0.0}",0.1403734085279108,1634,0.708078335373317,0.7961480945320579,0.4896408120770432,0.6973444837078171,0.1403734085279108,0.970014992503748,0.970004577828406,0.970004577828406,0.9952219450657748,0.994674792926723,9338.0,0.8891428571428571,0.9137555657456116,0.5627006167273776,0.6115272894052898,0.2476629855949785,875.0,1.484433889389038,1.5019810199737549,2026-04-21T09:02:50.486542+00:00
SR-HSE,rdkit,LogisticRegression,smoteenn,pr_auc,"{'C': 0.1, 'l1_ratio': 0.0}",0.147386297165462,1634,0.715422276621787,0.8012637540173291,0.4909933537924783,0.7051738753583707,0.147386297165462,0.9745478901540524,0.974559340538877,0.9745359472795576,0.9967641000470352,0.996011638593628,8958.0,0.8925714285714286,0.9149113901971044,0.5516636141636142,0.6027748050756765,0.2388585144877369,875.0,1.5226528644561768,1.423846960067749,2026-04-21T09:02:50.897710+00:00
SR-HSE,rdkit,LogisticRegression,smoten,pr_auc,"{'C': 1, 'l1_ratio': 1.0}",0.1048672822821221,1634,0.799265605875153,0.8564179225192567,0.5266930188032739,0.6736277133794969,0.1048672822821221,0.9940029985007496,0.9940029850209492,0.9940029850209492,0.9997695595796632,0.9997733522543364,9338.0,0.9005714285714286,0.9196310898827617,0.5592705167173252,0.6069790551903378,0.0846151146591969,875.0,1.6072161197662354,1.725980281829834,2026-04-21T09:02:55.742271+00:00
SR-HSE,rdkit,LogisticRegression,smoten_enn,pr_auc,"{'C': 0.001, 'l1_ratio': 0.0}",0.0802569009025625,1634,0.8543451652386781,0.8889569823430867,0.5381615387173239,0.6331853813256627,0.0802569009025625,0.9143637356635718,0.9141457331618608,0.9142167197415992,0.9719535811993374,0.9655823030917998,9155.0,0.8651428571428571,0.9000968787681116,0.5535405424104054,0.6227258828925241,0.1152636435995631,875.0,0.5475282669067383,0.4892330169677734,2026-04-21T09:02:56.983332+00:00
SR-HSE,topological_torsion,XGBoost,none,pr_auc,"{'colsample_bytree': 0.8, 'learning_rate': 0.1, 'max_depth': 3, 'min_child_weight': 1, 'n_estimators': 200, 'scale_pos_weight': 1, 'subsample': 0.8}",0.18379913853270857,1634,0.9589963280293757,0.9389236151340405,0.4895345204623555,0.5658735677070931,0.18379913853270857,0.955659040291557,0.9410414254775861,0.6474209343056271,0.9427099942092446,0.7047896227650553,4939.0,0.9622857142857143,0.9498196079492052,0.544421829885928,0.7174170616113744,0.16399822912254855,875.0,2.0457441806793213,2.0352110862731934,2026-04-30T05:12:41.454659+00:00
SR-HSE,topological_torsion,XGBoost,random_over,pr_auc,"{'colsample_bytree': 0.8, 'learning_rate': 0.1, 'max_depth': 3, 'min_child_weight': 10, 'n_estimators': 200, 'scale_pos_weight': 1, 'subsample': 0.8}",0.18470525535504118,1634,0.9430844553243574,0.9379852605850485,0.5737570649201296,0.5963672384726019,0.18470525535504118,0.9017991004497751,0.9017985046970554,0.9017985046970554,0.9613501620514284,0.9587156356107064,9338.0,0.84,0.8848679566751857,0.534121333820129,0.6908538449778322,0.14686475979943453,875.0,3.582625150680542,3.5612621307373047,2026-04-30T05:12:47.303843+00:00
SR-HSE,topological_torsion,XGBoost,random_under,pr_auc,"{'colsample_bytree': 0.8, 'learning_rate': 0.1, 'max_depth': 3, 'min_child_weight': 1, 'n_estimators': 100, 'scale_pos_weight': 1, 'subsample': 0.8}",0.13589031164169726,1634,0.9608323133414932,0.9453214083031771,0.5575487823452758,0.6313375686976731,0.13589031164169726,0.8345679012345679,0.8224431927929599,0.7903483763298798,0.9210390946502058,0.8638796061903193,810.0,0.8697142857142857,0.9018140133842809,0.539354588443919,0.7012115884421342,0.12509196527997757,875.0,0.25017809867858887,0.21067309379577637,2026-04-30T05:14:05.382982+00:00
SR-HSE,topological_torsion,LogisticRegression,smote,pr_auc,"{'C': 1, 'l1_ratio': 0.0}",0.064375485935345,1634,0.5238678090575275,0.6530641435931634,0.3861295681063122,0.5691120022097553,0.064375485935345,0.9616620261297922,0.9616597467734244,0.9616597467734244,0.990138861053211,0.9905005560070068,9338.0,0.8502857142857143,0.8902402790769774,0.5252620636242022,0.6501681700045865,0.1109449908751787,875.0,0.2709839344024658,0.2156200408935547,2026-04-21T09:03:06.280717+00:00
SR-HSE,topological_torsion,LogisticRegression,smoteenn,pr_auc,"{'C': 1, 'l1_ratio': 1.0}",0.0589291765970717,1634,0.5391676866585068,0.666528168779762,0.3924381785618525,0.5383802112602272,0.0589291765970717,0.9726888479462448,0.9726896107891636,0.9726885781603344,0.9942105985808576,0.9938941627641678,9227.0,0.8571428571428571,0.8943357426760584,0.5300247072725319,0.6365616878153186,0.1242660753155598,875.0,0.3515889644622803,0.2337820529937744,2026-04-21T09:03:06.667990+00:00
SR-HSE,topological_torsion,LogisticRegression,smoten,pr_auc,"{'C': 1, 'l1_ratio': 0.0}",0.0703070965728806,1634,0.6682986536107711,0.7679874916422356,0.4551564099535397,0.5960195830039338,0.0703070965728806,0.9751552795031057,0.9751546230248792,0.9751546230248792,0.9941561896590486,0.9952814834429056,9338.0,0.8891428571428571,0.9137555657456116,0.5627006167273776,0.665379911328543,0.0975639874033797,875.0,0.2532949447631836,0.2196691036224365,2026-04-21T09:03:07.912554+00:00
SR-HSE,topological_torsion,RandomForest,smoten_enn,pr_auc,"{'max_depth': 15, 'max_features': 'log2', 'min_samples_leaf': 10, 'n_estimators': 200}",0.0513197549339269,1634,0.2968176254589963,0.416520565158389,0.2554852202713136,0.536079970282601,0.0513197549339269,0.9168944778567524,0.9166138417026766,0.9166990033028912,0.9888876894375486,0.989693399792004,9145.0,0.7737142857142857,0.8434112676625766,0.4892634781378236,0.6005197981959944,0.085243293961127,875.0,1.7099919319152832,1.2692418098449707,2026-04-21T19:50:43.840159+00:00
SR-MMP,atom_pair,RandomForest,none,pr_auc,"{'max_depth': 5, 'max_features': 'log2', 'min_samples_leaf': 5, 'n_estimators': 200}",0.6227799989393378,1553,0.948486799742434,0.936271161021911,0.7233011438548979,0.8431750850371236,0.6227799989393378,0.8203125,0.8311843487394958,0.7371428571428571,0.86300753319714,0.6391315316053989,4352.0,0.8241335044929397,0.8440511873702523,0.6922111893315184,0.8710499023914106,0.5355735414074673,779.0,0.4517881870269775,0.4181559085845947,2026-04-21T19:51:09.950905+00:00
SR-MMP,atom_pair,RandomForest,random_over,pr_auc,"{'max_depth': 10, 'max_features': 'log2', 'min_samples_leaf': 10, 'n_estimators': 100}",0.6121376951272602,1553,0.9471989697359948,0.9346779400474589,0.7163836724512703,0.8413493776135963,0.6121376951272602,0.833005617977528,0.8325056532468076,0.8325056532468076,0.929811340108572,0.9323067743103276,7120.0,0.8446726572528883,0.8579603890006392,0.7050212020216244,0.8774402147388971,0.5288744037801111,779.0,0.4362149238586426,0.505629301071167,2026-04-21T19:51:32.314750+00:00
SR-MMP,atom_pair,RandomForest,random_under,pr_auc,"{'max_depth': 5, 'max_features': 'log2', 'min_samples_leaf': 5, 'n_estimators': 200}",0.6299660098602525,1553,0.9504185447520928,0.9393561693214132,0.7385664782851084,0.8452476744327811,0.6299660098602525,0.8034511784511784,0.8032948469249295,0.778531933167098,0.867401126160596,0.776991437420991,2376.0,0.803594351732991,0.8296051373926773,0.6784335415289563,0.8662762323084431,0.5098008969432198,779.0,0.4560508728027344,0.3881170749664306,2026-04-21T19:51:34.161200+00:00
SR-MMP,atom_pair,RandomForest,smote,pr_auc,"{'max_depth': 15, 'max_features': 'sqrt', 'min_samples_leaf': 20, 'n_estimators': 100}",0.3745440831219495,1553,0.9368963296844816,0.9165298044393532,0.6232075658546247,0.7619752996110848,0.3745440831219495,0.8782303370786517,0.8781963123733494,0.8781963123733494,0.952083149223583,0.9505901287000398,7120.0,0.858793324775353,0.8639022648899879,0.6972940511516179,0.8399066617862372,0.4746963213803401,779.0,0.9200358390808104,0.6138162612915039,2026-04-21T19:51:57.238598+00:00
SR-MMP,atom_pair,RandomForest,smoteenn,pr_auc,"{'max_depth': 15, 'max_features': 'sqrt', 'min_samples_leaf': 20, 'n_estimators': 200}",0.3295901979216832,1553,0.9349645846748228,0.9127767297515248,0.6033145426634194,0.730563378564549,0.3295901979216832,0.8923455361018666,0.8923045614679854,0.8921748084606949,0.9595410057034792,0.954133411131188,6911.0,0.8664955070603337,0.8693078005132013,0.7042261748298724,0.8331808199121522,0.4611501594770857,779.0,1.0087990760803225,0.8562779426574707,2026-04-21T19:52:23.843148+00:00
SR-MMP,atom_pair,RandomForest,smoten,pr_auc,"{'max_depth': 10, 'max_features': 'sqrt', 'min_samples_leaf': 10, 'n_estimators': 100}",0.4576506287610458,1553,0.9349645846748228,0.9102065256960292,0.5854102074098744,0.7599423332479914,0.4576506287610458,0.9002808988764045,0.9002455657701633,0.9002455657701633,0.9669232104532256,0.9659881180026796,7120.0,0.8703465982028241,0.8706349957562155,0.7013456319155801,0.8318081991215227,0.4408295844097743,779.0,0.9785428047180176,0.647819995880127,2026-04-21T19:52:25.671785+00:00
SR-MMP,atom_pair,RandomForest,smoten_enn,pr_auc,"{'max_depth': 15, 'max_features': 'sqrt', 'min_samples_leaf': 20, 'n_estimators': 200}",0.4030958399751853,1553,0.9336767546683836,0.9074973834067792,0.5707239181482724,0.7534746351633079,0.4030958399751853,0.9197441116603664,0.9197133117926802,0.9195890856596792,0.974733916465178,0.9716311412377318,6878.0,0.883183568677792,0.8782275884409718,0.7071005061460593,0.8271717911176184,0.456745240154822,779.0,1.013300895690918,1.1125600337982178,2026-04-21T19:52:36.662584+00:00
SR-MMP,avalon,BalancedRandomForest,none,pr_auc,"{'max_depth': 15, 'max_features': 'sqrt', 'min_samples_leaf': 5, 'n_estimators': 200}",0.6634088627672461,1553,0.9420476497102382,0.9240288017830705,0.6587513184108754,0.9008631725247797,0.6634088627672461,0.9142922794117648,0.9183377478710438,0.8702782770758304,0.9709792801611622,0.8887401780711158,4352.0,0.8716302952503209,0.8776140793018253,0.7312606943754485,0.8969771839921913,0.5199717117760282,779.0,1.4150211811065674,1.1307001113891602,2026-04-22T00:34:23.558502+00:00
SR-MMP,avalon,RandomForest,random_over,pr_auc,"{'max_depth': 15, 'max_features': 'sqrt', 'min_samples_leaf': 10, 'n_estimators': 200}",0.6481583788514533,1553,0.9381841596909208,0.9167033724856384,0.6202237574127285,0.898534557380247,0.6481583788514533,0.9384831460674158,0.9384831412134784,0.9384831412134784,0.9842108398560788,0.9830729722771858,7120.0,0.8741976893453145,0.8736275326742187,0.7062865497076023,0.8949030014641288,0.5133829021278737,779.0,0.5680890083312988,0.593623161315918,2026-04-21T19:52:59.787289+00:00
SR-MMP,avalon,RandomForest,random_under,pr_auc,"{'max_depth': 15, 'max_features': 'sqrt', 'min_samples_leaf': 10, 'n_estimators': 200}",0.6586629855357454,1553,0.9420476497102382,0.9240288017830705,0.6587513184108754,0.8899211196859418,0.6586629855357454,0.8855218855218855,0.8863860109454267,0.8732247160330309,0.950913809815325,0.9087873652150272,2376.0,0.8485237483953787,0.8605228507554266,0.7074038706391648,0.8886957052220595,0.501095811759492,779.0,0.3643949031829834,0.371798038482666,2026-04-21T19:53:02.149177+00:00
SR-MMP,avalon,LogisticRegression,smote,pr_auc,"{'C': 0.01, 'l1_ratio': 1.0}",0.3039666614897359,1553,0.9220862846104314,0.912074281544547,0.6413415455793012,0.7038787900954611,0.3039666614897359,0.7528089887640449,0.7527877466431081,0.7527877466431081,0.849328919959601,0.8445823778370641,7120.0,0.7971758664955071,0.821048991562079,0.6501523523660095,0.7980417276720351,0.4225871241402504,779.0,0.1027958393096923,0.0759878158569336,2026-04-21T09:03:33.473788+00:00
SR-MMP,avalon,LogisticRegression,smoteenn,pr_auc,"{'C': 0.01, 'l1_ratio': 1.0}",0.300417582618398,1553,0.922730199613651,0.9114516149992302,0.6347085665898292,0.6983711885690599,0.300417582618398,0.7660931474339958,0.7661283477561036,0.765428046611013,0.8597270725781962,0.8421809727315819,6742.0,0.8048780487804879,0.8267968156946406,0.6575031817655906,0.7951058443142998,0.4237065538285656,779.0,0.0874147415161132,0.0797648429870605,2026-04-21T09:03:33.800403+00:00
SR-MMP,avalon,LogisticRegression,smoten,pr_auc,"{'C': 0.1, 'l1_ratio': 1.0}",0.3682541347188522,1553,0.9291693496458469,0.9166887928337922,0.6499672158019834,0.7137662606829792,0.3682541347188522,0.9009831460674156,0.9009564013417256,0.9009564013417256,0.9579409165509404,0.95144384207989,7120.0,0.8575096277278562,0.8682303777582191,0.7218796738553577,0.8557375549048316,0.5513139167085983,779.0,0.2936060428619385,0.3118200302124023,2026-04-21T09:03:36.426857+00:00
SR-MMP,avalon,LogisticRegression,smoten_enn,pr_auc,"{'C': 0.01, 'l1_ratio': 1.0}",0.3018155452668384,1553,0.918222794591114,0.9082623255660648,0.6274618690088303,0.6966369189129878,0.3018155452668384,0.7876792508047995,0.7877720952274458,0.7875782740239652,0.8767650556306754,0.8663450531436878,6834.0,0.8010269576379975,0.825282374876339,0.6616280079923551,0.8166483650561249,0.4432938935677574,779.0,0.0809729099273681,0.0798428058624267,2026-04-21T09:03:36.585899+00:00
SR-MMP,erg,BalancedRandomForest,none,pr_auc,"{'max_depth': 15, 'max_features': 'log2', 'min_samples_leaf': 5, 'n_estimators': 200}",0.5680545379376244,1553,0.943979394719897,0.9275183294907364,0.6768181981270855,0.8264114943369543,0.5680545379376244,0.8444393382352942,0.856312754278646,0.7824574383056173,0.9274231074792872,0.7773927799632109,4352.0,0.8421052631578947,0.8593958301172534,0.7203607231974785,0.90294808443143,0.5550071923009664,779.0,1.253067970275879,1.3010449409484863,2026-04-22T00:35:11.258027+00:00
SR-MMP,erg,RandomForest,random_over,pr_auc,"{'max_depth': 5, 'max_features': 'sqrt', 'min_samples_leaf': 20, 'n_estimators': 200}",0.5689386752438209,1553,0.9465550547327752,0.932007802328045,0.6997775681561449,0.8262865293880985,0.5689386752438209,0.7834269662921348,0.7834083552975413,0.7834083552975413,0.8731951852670117,0.8709229619781835,7120.0,0.8215661103979461,0.8454406256480008,0.709379067863709,0.8870104319180088,0.5046678757563124,779.0,0.7345588207244873,0.50130295753479,2026-04-21T19:54:06.335968+00:00
SR-MMP,erg,RandomForest,random_under,pr_auc,"{'max_depth': 5, 'max_features': 'sqrt', 'min_samples_leaf': 10, 'n_estimators': 200}",0.5765976998990096,1553,0.9465550547327752,0.932007802328045,0.6997775681561449,0.8279933677139341,0.5765976998990096,0.7861952861952862,0.7893820149750506,0.7672426360840559,0.8685832440567289,0.776818936576172,2376.0,0.8177150192554558,0.8427016822757968,0.706894541600424,0.8888558443142995,0.5416053559533309,779.0,0.5530819892883301,0.343278169631958,2026-04-21T19:54:16.173500+00:00
SR-MMP,erg,RandomForest,smote,pr_auc,"{'max_depth': 5, 'max_features': 'sqrt', 'min_samples_leaf': 10, 'n_estimators': 200}",0.5281437358590069,1553,0.9459111397295557,0.9309021810066378,0.6941537249606122,0.8014794630774293,0.5281437358590069,0.8192415730337078,0.8192291601578578,0.8192291601578578,0.9021665509405378,0.8998202967574261,7120.0,0.8292682926829268,0.8492155846431256,0.7046592836476104,0.8686173133235725,0.4776954898477614,779.0,0.6572580337524414,0.4748320579528808,2026-04-21T19:54:28.814176+00:00
SR-MMP,erg,RandomForest,smoteenn,pr_auc,"{'max_depth': 5, 'max_features': 'sqrt', 'min_samples_leaf': 20, 'n_estimators': 200}",0.5822495996610252,1553,0.9446233097231166,0.9286576850002956,0.6826756761893901,0.8170574107262596,0.5822495996610252,0.8344175960346965,0.8345945635918698,0.8330278108190268,0.916491266528028,0.8977987502571455,6456.0,0.8395378690629012,0.8580014324250714,0.7208101451643887,0.8777376159102002,0.4871779832515939,779.0,0.6530859470367432,0.6093611717224121,2026-04-21T19:54:31.827126+00:00
SR-MMP,erg,XGBoost,smoten,pr_auc,"{'colsample_bytree': 0.8, 'learning_rate': 0.1, 'max_depth': 3, 'min_child_weight': 5, 'n_estimators': 100, 'scale_pos_weight': 1, 'subsample': 0.8}",0.3051365578860642,1553,0.9375402446877013,0.9211868349507831,0.6536773546863828,0.6319172671080063,0.3051365578860642,0.8748595505617978,0.8748580077139649,0.8748580077139649,0.9447024128897866,0.9403882388240425,7120.0,0.8510911424903723,0.8559359833814262,0.6781908831908832,0.7791834431429966,0.386785510599471,779.0,0.3725419044494629,0.3636317253112793,2026-04-30T05:21:45.511170+00:00
SR-MMP,erg,DecisionTree,smoten_enn,pr_auc,"{'ccp_alpha': 0.0, 'criterion': 'gini', 'max_depth': 5, 'min_samples_leaf': 20}",0.3040677389046005,1553,0.9446233097231166,0.9292569948401294,0.6868716707930078,0.5944399741535911,0.3040677389046005,0.8166170142336975,0.8161209019400776,0.8095988403239529,0.8827375078090341,0.8021960558171184,6042.0,0.8498074454428755,0.8555104049730249,0.6793189710678812,0.6839083089311859,0.2939830311141205,779.0,0.0604729652404785,0.0506939888000488,2026-04-22T11:13:45.841082+00:00
SR-MMP,estate,RUSBoost,none,pr_auc,"{'learning_rate': 0.03, 'n_estimators': 50, 'sampling_strategy': 'auto'}",0.5628396743249935,1553,0.9433354797166774,0.9328953253602869,0.7167515047006351,0.8515904075686088,0.5628396743249935,0.7927389705882353,0.8089032432052174,0.7116364897186815,0.8394923604017706,0.5853285298965886,4352.0,0.8061617458279846,0.8323558946747545,0.6859181292170983,0.8525347730600292,0.5009277628933423,779.0,0.1702139377593994,0.1833148002624511,2026-04-29T19:18:24.922688+00:00
SR-MMP,estate,XGBoost,random_over,pr_auc,"{'colsample_bytree': 0.8, 'learning_rate': 0.1, 'max_depth': 7, 'min_child_weight': 1, 'n_estimators': 100, 'scale_pos_weight': 1, 'subsample': 0.8}",0.5412250618134066,1553,0.9401159047005795,0.928837133590797,0.6989237225067697,0.8610877436816502,0.5412250618134066,0.9389044943820225,0.9389008485171294,0.9389008485171294,0.9852552550183058,0.984433385491067,7120.0,0.8818998716302953,0.8892762256843733,0.7619256424566159,0.8989903611517813,0.5369045740209717,779.0,0.1474475860595703,0.13728094100952148,2026-04-30T05:22:18.705024+00:00
SR-MMP,estate,XGBoost,random_under,pr_auc,"{'colsample_bytree': 0.8, 'learning_rate': 0.05, 'max_depth': 7, 'min_child_weight': 1, 'n_estimators': 100, 'scale_pos_weight': 1, 'subsample': 0.8}",0.5563685198275721,1553,0.9459111397295557,0.9380161304994612,0.7442959966128805,0.8709935018226596,0.5563685198275721,0.9031986531986532,0.9011263249967872,0.8867290974890871,0.9661358694265891,0.9426740684042115,2376.0,0.8806161745827985,0.8859795470509345,0.7490969540598105,0.9049841386041971,0.537938474261662,779.0,0.07679915428161621,0.06847071647644043,2026-04-30T05:22:19.966183+00:00
SR-MMP,estate,RandomForest,smote,pr_auc,"{'max_depth': 10, 'max_features': 'sqrt', 'min_samples_leaf': 20, 'n_estimators': 100}",0.5535312182507719,1553,0.9407598197037992,0.9216402245757196,0.6462764903941375,0.814990917181766,0.5535312182507719,0.8882022471910113,0.8881755563579394,0.8881755563579395,0.9541964003913648,0.9569275341341722,7120.0,0.8741976893453145,0.8800617977157887,0.7366354804879395,0.8756863103953149,0.5317666807568351,779.0,0.2010152339935302,0.176462173461914,2026-04-21T19:55:04.757242+00:00
SR-MMP,estate,RandomForest,smoteenn,pr_auc,"{'max_depth': 15, 'max_features': 'sqrt', 'min_samples_leaf': 5, 'n_estimators': 200}",0.5388377396844859,1553,0.9401159047005796,0.9204264244569508,0.6399042596955757,0.8420443046462578,0.5388377396844859,0.9496100779844032,0.949603736954676,0.9493648915016202,0.989394440588261,0.988642817452831,6668.0,0.8985879332477535,0.8959114101990238,0.7530824075077136,0.8875213518789654,0.5199333020844762,779.0,0.423030138015747,0.3803458213806152,2026-04-21T19:55:07.965623+00:00
SR-MMP,estate,XGBoost,smoten,pr_auc,"{'colsample_bytree': 0.8, 'learning_rate': 0.1, 'max_depth': 3, 'min_child_weight': 1, 'n_estimators': 100, 'scale_pos_weight': 1, 'subsample': 0.8}",0.3826676977858817,1553,0.9117836445589182,0.9089061326362334,0.6547259127990666,0.7726796142545385,0.3826676977858817,0.8605337078651686,0.8605276303799929,0.8605276303799929,0.9339535727812144,0.9315747207517393,7120.0,0.8395378690629012,0.8502672954779092,0.6800463953262952,0.8248459614446071,0.41849580917776746,779.0,0.09475994110107422,0.07939410209655762,2026-04-30T05:22:25.876490+00:00
SR-MMP,estate,XGBoost,smoten_enn,pr_auc,"{'colsample_bytree': 0.8, 'learning_rate': 0.05, 'max_depth': 3, 'min_child_weight': 1, 'n_estimators': 200, 'scale_pos_weight': 1, 'subsample': 0.8}",0.26337584513541173,1553,0.9175788795878944,0.9098738050253636,0.6412100209371165,0.6131755727052168,0.26337584513541173,0.8878839856541401,0.8878376132042669,0.8864121644190379,0.9586966410283676,0.9443494180870682,6413.0,0.8549422336328626,0.8539499199041924,0.6597872003277409,0.7351680697901416,0.3347271777482048,779.0,0.15713810920715332,0.1417679786682129,2026-04-30T05:22:26.105216+00:00
SR-MMP,fcfp,BernoulliNB,none,pr_auc,{'alpha': 50.0},0.5642703384526907,1553,0.9265936896329684,0.8912889835440118,0.4809491978609626,0.8397004498738159,0.5642703384526907,0.8180147058823529,0.7361305239992862,0.4499494438827098,0.6860814961411872,0.2982045689122651,4352.0,0.8767650834403081,0.8191936415728187,0.4671682626538987,0.776949121522694,0.2875860065706844,779.0,0.0388662815093994,0.0127568244934082,2026-04-21T14:36:28.858880+00:00
SR-MMP,fcfp,RandomForest,random_over,pr_auc,"{'max_depth': 15, 'max_features': 'sqrt', 'min_samples_leaf': 20, 'n_estimators': 100}",0.4644880092147681,1553,0.93947198969736,0.9191992220193604,0.6334394648560695,0.8226899772015166,0.4644880092147681,0.7981741573033708,0.7975059690222986,0.7975059690222988,0.8825194498800656,0.8813179054397116,7120.0,0.8254172015404364,0.8433158422912729,0.6841264162194395,0.8551732552464617,0.4537468194715546,779.0,1.3758330345153809,1.3581790924072266,2026-04-21T19:55:22.612241+00:00
SR-MMP,fcfp,BernoulliNB,random_under,pr_auc,{'alpha': 50.0},0.603704295130731,1553,0.9265936896329684,0.8912889835440118,0.4809491978609626,0.8657663094497885,0.603704295130731,0.6666666666666666,0.5333333333333333,0.4,0.788914635623916,0.6340789659198152,2376.0,0.8767650834403081,0.8191936415728187,0.4671682626538987,0.8328757930697901,0.3955998421885751,779.0,0.1200208663940429,0.0894017219543457,2026-04-21T14:36:30.641754+00:00
SR-MMP,fcfp,LogisticRegression,smote,pr_auc,"{'C': 0.01, 'l1_ratio': 0.0}",0.2826149391407154,1553,0.8518995492594977,0.8690161409968171,0.5855225903474652,0.659531472879558,0.2826149391407154,0.8332865168539326,0.8332054167781484,0.8332054167781484,0.906443512498422,0.9040469171765642,7120.0,0.7958921694480102,0.8178476122305834,0.6363286697887458,0.7642447535383114,0.4095111566189871,779.0,0.1403770446777343,0.1281390190124511,2026-04-21T09:03:54.832875+00:00
SR-MMP,fcfp,DecisionTree,smoteenn,pr_auc,"{'ccp_alpha': 0.01, 'criterion': 'entropy', 'max_depth': 10, 'min_samples_leaf': 50}",0.2766605688558222,1553,0.918222794591114,0.9082623255660648,0.6274618690088303,0.6262999402606586,0.2766605688558222,0.7734489855924728,0.7735718957811984,0.773302341022476,0.8316605611739181,0.7704360309866282,6802.0,0.754813863928113,0.7894668020752682,0.6125861525763103,0.7058626159102,0.2618599510746042,779.0,0.907036066055298,0.8829398155212402,2026-04-22T11:14:09.031269+00:00
SR-MMP,fcfp,XGBoost,smoten,pr_auc,"{'colsample_bytree': 0.8, 'learning_rate': 0.1, 'max_depth': 5, 'min_child_weight': 5, 'n_estimators': 200, 'scale_pos_weight': 1, 'subsample': 0.8}",0.28334942701501986,1553,0.8989053444945267,0.8960762913176872,0.6077304867552066,0.6931683796008437,0.28334942701501986,0.9252808988764045,0.92527660070082,0.9252766007008199,0.9764572023734378,0.9771803566591295,7120.0,0.8613607188703466,0.8619737126383791,0.6820600417208331,0.7806551976573939,0.4125732371658763,779.0,3.295715808868408,3.2933833599090576,2026-04-30T05:23:16.607937+00:00
SR-MMP,fcfp,XGBoost,smoten_enn,pr_auc,"{'colsample_bytree': 0.8, 'learning_rate': 0.1, 'max_depth': 5, 'min_child_weight': 5, 'n_estimators': 200, 'scale_pos_weight': 1, 'subsample': 0.8}",0.2388804479126151,1553,0.9001931745009659,0.8934186503320561,0.5838929770973893,0.6300824159077332,0.2388804479126151,0.9507665094339622,0.9507944667144659,0.9507174696140623,0.9883893533749686,0.9863389862508462,6784.0,0.8600770218228498,0.8541407378029222,0.6491643425265985,0.7328498657881893,0.34068829941919954,779.0,3.188953161239624,3.005047082901001,2026-04-30T05:24:21.889913+00:00
SR-MMP,klekota_roth,LogisticRegression,none,pr_auc,"{'C': 1, 'l1_ratio': 1.0}",0.2727020904686351,1553,0.8686413393432066,0.8812370624052547,0.6120542711598747,0.7545048340099729,0.2727020904686351,0.9129136029411764,0.9178419237610316,0.8712835891898405,0.975655076041312,0.8886583723997181,4352.0,0.8395378690629012,0.8554804927713733,0.7069357290114817,0.8480051244509517,0.5119444386328225,779.0,0.7138669490814209,0.68267822265625,2026-04-21T09:03:58.383197+00:00
SR-MMP,klekota_roth,LogisticRegression,random_over,pr_auc,"{'C': 1, 'l1_ratio': 1.0}",0.2555369198881441,1553,0.8763683193818416,0.8854082027912322,0.6131844410311761,0.7549163039635225,0.2555369198881441,0.9501404494382022,0.9501278875575256,0.9501278875575256,0.985968746054791,0.9831280975904728,7120.0,0.8523748395378691,0.8653629716901274,0.7215132816264358,0.8393271107857492,0.4824409186491627,779.0,0.8545939922332764,0.6961672306060791,2026-04-21T09:04:05.048119+00:00
SR-MMP,klekota_roth,LogisticRegression,random_under,pr_auc,"{'C': 1, 'l1_ratio': 1.0}",0.2318754535728279,1553,0.8493238892466195,0.87084826568122,0.6115773677189862,0.7542518561866794,0.2318754535728279,0.9006734006734006,0.9020037761130398,0.8914672026310981,0.9695925479542904,0.9411522393070276,2376.0,0.8061617458279846,0.8307074854764754,0.6757789997381514,0.838320522205954,0.5009903988477801,779.0,0.3970739841461181,0.1496222019195556,2026-04-21T09:04:06.752995+00:00
SR-MMP,klekota_roth,DecisionTree,smote,pr_auc,"{'ccp_alpha': 0.001, 'criterion': 'entropy', 'max_depth': 15, 'min_samples_leaf': 10}",0.150097281616822,1553,0.7965228589826143,0.8335921944327265,0.544669432836264,0.6261444960559842,0.150097281616822,0.8547752808988764,0.8547730349320515,0.8547730349320515,0.9340181163994444,0.9270812219824136,7120.0,0.7753530166880617,0.7971845951610883,0.5871003891993397,0.6620683870180576,0.2447593286846129,779.0,0.788428783416748,0.7415971755981445,2026-04-22T11:15:32.061614+00:00
SR-MMP,klekota_roth,DecisionTree,smoteenn,pr_auc,"{'ccp_alpha': 0.0, 'criterion': 'gini', 'max_depth': 10, 'min_samples_leaf': 20}",0.1534850516925944,1553,0.7900837089504186,0.8276524205826624,0.5241247198953273,0.6176346878314619,0.1534850516925944,0.8350332594235034,0.8351021398577743,0.8347316466128321,0.9119538905151712,0.8928082803648765,6765.0,0.7894736842105263,0.8087429852641946,0.6067594188623492,0.6895741825280624,0.2962498274318974,779.0,0.7501890659332275,0.5746209621429443,2026-04-22T11:15:42.776635+00:00
SR-MMP,klekota_roth,DecisionTree,smoten,pr_auc,"{'ccp_alpha': 0.0, 'criterion': 'gini', 'max_depth': 10, 'min_samples_leaf': 20}",0.1927392301229287,1553,0.8300064391500322,0.8542903510249661,0.5617795943496255,0.6763011594308913,0.1927392301229287,0.8339887640449438,0.8334472072626632,0.8334472072626631,0.9107369255775786,0.9056883812982778,7120.0,0.8228498074454429,0.8265815045271326,0.607530885831946,0.7322626891166423,0.2845076875633883,779.0,0.8140261173248291,1.0315899848937988,2026-04-22T11:15:57.227605+00:00
SR-MMP,klekota_roth,DecisionTree,smoten_enn,pr_auc,"{'ccp_alpha': 0.001, 'criterion': 'entropy', 'max_depth': 15, 'min_samples_leaf': 20}",0.1872136860525101,1553,0.8325820991629105,0.8572938812438478,0.5750256807503831,0.6509728978457262,0.1872136860525101,0.8939913523184733,0.8939923269125847,0.8935898195445384,0.9612454165372408,0.9493252173304207,6707.0,0.8125802310654685,0.8200283659294877,0.6014256076705262,0.6543893362615911,0.2829542623586024,779.0,0.6544151306152344,0.6779160499572754,2026-04-22T11:16:17.362704+00:00
SR-MMP,maccs,RandomForest,none,pr_auc,"{'max_depth': 10, 'max_features': 'sqrt', 'min_samples_leaf': 20, 'n_estimators': 200}",0.6089441247109033,1553,0.9433354797166774,0.9263672369893162,0.6708794913784799,0.8471922509540006,0.6089441247109033,0.8488051470588235,0.8587787720282065,0.7820926778191736,0.916434889626603,0.7055805041782406,4352.0,0.8485237483953787,0.8575266740369041,0.6923792568001713,0.8617847120546609,0.5075375519737328,779.0,0.3949277400970459,0.3648710250854492,2026-04-21T19:58:10.086318+00:00
SR-MMP,maccs,RandomForest,random_over,pr_auc,"{'max_depth': 10, 'max_features': 'sqrt', 'min_samples_leaf': 20, 'n_estimators': 100}",0.5929161930925505,1553,0.9452672247263362,0.9297855542483696,0.6884536320918366,0.8474421808517123,0.5929161930925505,0.8727528089887641,0.8727443645065767,0.8727443645065767,0.9415709032950388,0.9335049584432286,7120.0,0.8575096277278562,0.8661951623977882,0.7116979244811203,0.8688842118106395,0.5157452962034306,779.0,0.263984203338623,0.1592631340026855,2026-04-21T19:58:23.484978+00:00
SR-MMP,maccs,RandomForest,random_under,pr_auc,"{'max_depth': 10, 'max_features': 'sqrt', 'min_samples_leaf': 10, 'n_estimators': 200}",0.5966222769261698,1553,0.9433354797166774,0.9263672369893162,0.6708794913784799,0.8430653597161772,0.5966222769261698,0.8539562289562289,0.8555222989480961,0.8394141504603195,0.9252870402254872,0.8503153345335429,2376.0,0.8510911424903723,0.862886870234148,0.7123631270690094,0.8636224987798927,0.5235607294700404,779.0,0.3031871318817138,0.2233510017395019,2026-04-21T19:58:38.023685+00:00
SR-MMP,maccs,RandomForest,smote,pr_auc,"{'max_depth': 15, 'max_features': 'sqrt', 'min_samples_leaf': 10, 'n_estimators': 100}",0.4204220956783228,1553,0.9388280746941404,0.9240282539290912,0.6693560134915566,0.7659345549419065,0.4204220956783228,0.9,0.8999938135296844,0.8999938135296843,0.962171087930817,0.9568368759182252,7120.0,0.8703465982028241,0.8728193376601027,0.7115417752798279,0.8286664226451929,0.4716094563221222,779.0,0.2131619453430175,0.1579279899597168,2026-04-21T19:58:42.160958+00:00
SR-MMP,maccs,RandomForest,smoteenn,pr_auc,"{'max_depth': 15, 'max_features': 'sqrt', 'min_samples_leaf': 10, 'n_estimators': 100}",0.3770115129426229,1553,0.936252414681262,0.9189008726563428,0.6419033644272089,0.7706588395937725,0.3770115129426229,0.9174902665468704,0.9175221236921997,0.917194661872768,0.9730923110464068,0.9637275337513204,6678.0,0.8780487804878049,0.8783200455132718,0.7190874755641595,0.8229319180087848,0.4715816566179447,779.0,0.1740069389343261,0.154081106185913,2026-04-21T19:58:49.573735+00:00
SR-MMP,maccs,XGBoost,smoten,pr_auc,"{'colsample_bytree': 0.8, 'learning_rate': 0.05, 'max_depth': 5, 'min_child_weight': 1, 'n_estimators': 100, 'scale_pos_weight': 1, 'subsample': 0.8}",0.5266123452709608,1553,0.9426915647134578,0.9252041495566363,0.6648578003118233,0.8040458164173463,0.5266123452709608,0.9106741573033708,0.9106290261462674,0.9106290261462675,0.9655253834743089,0.9602046890896849,7120.0,0.8600770218228498,0.8677399994247026,0.7126307631389245,0.8533735968765253,0.534978342917998,779.0,0.2358388900756836,0.2521979808807373,2026-04-30T05:31:49.973838+00:00
SR-MMP,maccs,XGBoost,smoten_enn,pr_auc,"{'colsample_bytree': 0.8, 'learning_rate': 0.1, 'max_depth': 5, 'min_child_weight': 10, 'n_estimators': 100, 'scale_pos_weight': 1, 'subsample': 0.8}",0.49560498104001327,1553,0.9375402446877013,0.9170039050787553,0.624416270865278,0.7953104616997672,0.49560498104001327,0.9385137127690947,0.9385474336063739,0.9384447521379018,0.9804544249855279,0.9733730639726058,6782.0,0.883183568677792,0.8839535985428202,0.7332844216189778,0.8561798438262568,0.5458080052170778,779.0,0.21706891059875488,0.20591211318969727,2026-04-30T05:32:02.160022+00:00
SR-MMP,map4,RandomForest,none,pr_auc,"{'max_depth': 15, 'max_features': 'sqrt', 'min_samples_leaf': 20, 'n_estimators': 200}",0.5885045472934648,1553,0.9388280746941404,0.9179583101623254,0.6268800153764835,0.8429007717347572,0.5885045472934648,0.9163602941176472,0.919141323381368,0.8691550311607225,0.9520345661672908,0.846191400073901,4352.0,0.8472400513478819,0.854102861280228,0.6789520164851339,0.8423926305514885,0.4428346445770434,779.0,0.6305069923400879,0.5510492324829102,2026-04-21T19:59:10.383385+00:00
SR-MMP,map4,RandomForest,random_over,pr_auc,"{'max_depth': 15, 'max_features': 'sqrt', 'min_samples_leaf': 10, 'n_estimators': 200}",0.5781725508986143,1553,0.9323889246619448,0.9047204756405006,0.5555709998937066,0.8414804384136156,0.5781725508986143,0.9637640449438202,0.9637587575702836,0.9637587575702836,0.992984274397172,0.993610453253668,7120.0,0.8921694480102695,0.8778230446872733,0.6864289821736631,0.8489964616886286,0.4821510198624176,779.0,1.6324141025543213,1.871443033218384,2026-04-21T19:59:19.518719+00:00
SR-MMP,map4,RandomForest,random_under,pr_auc,"{'max_depth': 15, 'max_features': 'log2', 'min_samples_leaf': 5, 'n_estimators': 200}",0.5725908269721904,1553,0.9356084996780424,0.9123980667637066,0.5985835401157982,0.8473141679772747,0.5725908269721904,0.959175084175084,0.9590352473222992,0.9537614003029848,0.9874048247627792,0.9740955879177544,2376.0,0.8806161745827985,0.8734808421500181,0.6913747491916623,0.8474408247925818,0.4861407912129737,779.0,0.4828660488128662,0.5281448364257812,2026-04-21T19:59:27.456788+00:00
SR-MMP,map4,LogisticRegression,smote,pr_auc,"{'C': 0.001, 'l1_ratio': 0.0}",0.2731709721875576,1553,0.7990985189954926,0.8370992366348443,0.5634527645036435,0.6203534374504711,0.2731709721875576,0.8258426966292135,0.8258425729534746,0.8258425729534746,0.9023696108445904,0.9024032534479997,7120.0,0.7715019255455713,0.8019198831772679,0.6268675191595625,0.7098127135187897,0.4058970746281568,779.0,0.1829340457916259,0.1625688076019287,2026-04-21T09:04:45.403278+00:00
SR-MMP,map4,LogisticRegression,smoteenn,pr_auc,"{'C': 0.001, 'l1_ratio': 0.0}",0.273521296581862,1553,0.8132646490663232,0.8460589423622477,0.5710435080768059,0.6091309754581031,0.273521296581862,0.8367495275476087,0.8367839278329133,0.8366275038940751,0.911928765602202,0.9053698476172204,6879.0,0.7740693196405648,0.8028497204993439,0.6231253023705854,0.7013024646168863,0.4048199629504958,779.0,0.1642119884490966,0.1411070823669433,2026-04-21T09:04:46.453751+00:00
SR-MMP,map4,LogisticRegression,smoten,pr_auc,"{'C': 0.001, 'l1_ratio': 0.0}",0.3265392339391308,1553,0.8570508692852543,0.8735721013099712,0.5999391959005969,0.6522164514831206,0.3265392339391308,0.836376404494382,0.8363666402815075,0.8363666402815075,0.922130491730842,0.9230620299583404,7120.0,0.7869062901155327,0.8137273470840986,0.6425973422955314,0.7244234992679356,0.4301576910977458,779.0,0.186708927154541,0.169274091720581,2026-04-21T09:04:47.635130+00:00
SR-MMP,map4,LogisticRegression,smoten_enn,pr_auc,"{'C': 0.001, 'l1_ratio': 0.0}",0.3123032639159252,1553,0.8673535093367676,0.880072719879816,0.608250881661442,0.6388360581788035,0.3123032639159252,0.8450152372659991,0.8449860097280718,0.8447891536637968,0.9332479786412288,0.9278904546748488,6891.0,0.7907573812580231,0.8155658195127227,0.6401133706511727,0.7178959248413861,0.4291847075159071,779.0,0.1805469989776611,0.1560511589050293,2026-04-21T09:04:49.875128+00:00
SR-MMP,mhfp,RandomForest,none,pr_auc,"{'max_depth': 5, 'max_features': 'sqrt', 'min_samples_leaf': 10, 'n_estimators': 200}",0.4276294629357376,1553,0.9317450096587252,0.9033055553425178,0.5478123763899266,0.7843226899772016,0.4276294629357376,0.9090073529411764,0.9111360400807552,0.8544802131350413,0.9545608827034388,0.7967471823181208,4352.0,0.8536585365853658,0.85674124287024,0.6757863839481293,0.8053776232308443,0.4165376054485399,779.0,0.437485933303833,0.4269161224365234,2026-04-21T20:00:24.402748+00:00
SR-MMP,mhfp,RandomForest,random_over,pr_auc,"{'max_depth': 5, 'max_features': 'sqrt', 'min_samples_leaf': 10, 'n_estimators': 200}",0.418495450223146,1553,0.9343206696716032,0.9097674235442827,0.5844369123572868,0.7863282250100582,0.418495450223146,0.9040730337078652,0.9040728047439042,0.9040728047439042,0.961664483651054,0.953318993667452,7120.0,0.8241335044929397,0.8368857836035432,0.6543104704834399,0.8068570034163007,0.4246201722341003,779.0,0.8736720085144043,1.470905065536499,2026-04-21T20:00:42.238967+00:00
SR-MMP,mhfp,RandomForest,random_under,pr_auc,"{'max_depth': 5, 'max_features': 'sqrt', 'min_samples_leaf': 5, 'n_estimators': 100}",0.4281509793010289,1553,0.9368963296844816,0.9141501054284324,0.6066118693134822,0.7863587042658767,0.4281509793010289,0.9111952861952862,0.911209279979494,0.9001262028868288,0.966463084124069,0.9265898499971404,2376.0,0.834403080872914,0.8473037693856748,0.6790214547858833,0.8176854563201562,0.4322693786429231,779.0,0.3489460945129394,0.2469568252563476,2026-04-21T20:01:07.758586+00:00
SR-MMP,mhfp,LogisticRegression,smote,pr_auc,"{'C': 0.001, 'l1_ratio': 0.0}",0.3646569545116198,1553,0.9265936896329684,0.8991518263141984,0.535547137340497,0.7810065469441498,0.3646569545116198,0.927247191011236,0.9271246203452276,0.9271246203452278,0.9794483808862516,0.9826595640447604,7120.0,0.8844672657252889,0.8709090145479579,0.6719416785206259,0.8258449243533431,0.4624636300172731,779.0,1.0217599868774414,0.9140079021453856,2026-04-21T09:05:15.816628+00:00
SR-MMP,mhfp,LogisticRegression,smoteenn,pr_auc,"{'C': 0.001, 'l1_ratio': 0.0}",0.3584381058067525,1553,0.9265936896329684,0.8991518263141984,0.535547137340497,0.7784340977530693,0.3584381058067525,0.932811387900356,0.932680306758202,0.9326334920645756,0.9836614134928742,0.98557206657014,7025.0,0.883183568677792,0.8681100140861753,0.6623384665215466,0.8236639824304539,0.453763292168177,779.0,0.87030029296875,0.8225011825561523,2026-04-21T09:05:21.035984+00:00
SR-MMP,mhfp,BernoulliNB,smoten,pr_auc,{'alpha': 0.1},0.3700550025420682,1553,0.9285254346426272,0.90322869284263,0.5576804156777214,0.7481742925764724,0.3700550025420682,0.8339887640449438,0.8327530984985331,0.8327530984985331,0.8905599040525186,0.9034536414660002,7120.0,0.8562259306803595,0.8513011830038595,0.6448135482820387,0.7927723889702294,0.3579625858514758,779.0,0.2392990589141845,0.2177891731262207,2026-04-21T14:38:19.910862+00:00
SR-MMP,mhfp,BernoulliNB,smoten_enn,pr_auc,{'alpha': 0.1},0.3698383907671357,1553,0.9278815196394076,0.9018858347753514,0.550413564929694,0.7464003998878364,0.3698383907671357,0.8425398633257403,0.8412686462423973,0.8410589609502994,0.8978683229753224,0.907744385943834,7024.0,0.8575096277278562,0.8506623826939818,0.6391185492790217,0.7928791483650561,0.3580977271991131,779.0,0.243211030960083,0.209536075592041,2026-04-21T14:38:25.699451+00:00
SR-MMP,morgan_2048,BernoulliNB,none,pr_auc,{'alpha': 10.0},0.5833707608503265,1553,0.9317450096587252,0.9033055553425178,0.5478123763899266,0.8784548236470258,0.5833707608503265,0.8288143382352942,0.7866785041144168,0.583132275760859,0.8072171859039837,0.469896461775475,4352.0,0.8806161745827985,0.8500006709218018,0.5895470383275261,0.8409285017081504,0.4233696464304521,779.0,0.0388951301574707,0.0118231773376464,2026-04-21T14:38:48.192876+00:00
SR-MMP,morgan_2048,RandomForest,random_over,pr_auc,"{'max_depth': 15, 'max_features': 'sqrt', 'min_samples_leaf': 5, 'n_estimators': 200}",0.5567888566562671,1553,0.9356084996780424,0.9115366897492968,0.5925852081934184,0.8402094534459845,0.5567888566562671,0.8717696629213483,0.8716151560933376,0.8716151560933376,0.949283747317258,0.9490528735967778,7120.0,0.8485237483953787,0.8584323453048539,0.6968671679197995,0.8534498535871156,0.4397905516785334,779.0,1.4016120433807373,1.514596939086914,2026-04-21T20:02:23.502914+00:00
SR-MMP,morgan_2048,BernoulliNB,random_under,pr_auc,{'alpha': 10.0},0.5929063731243287,1553,0.9317450096587252,0.9033055553425178,0.5478123763899266,0.8759555246699096,0.5929063731243287,0.7344276094276094,0.6755370283142021,0.5971482211850956,0.8828300364758698,0.7861649103781946,2376.0,0.8921694480102695,0.8676248013860337,0.6425043706293706,0.8704093460224499,0.5144470952562853,779.0,0.1306769847869873,0.1154630184173584,2026-04-21T14:38:52.818978+00:00
SR-MMP,morgan_2048,LogisticRegression,smote,pr_auc,"{'C': 0.01, 'l1_ratio': 1.0}",0.2244050211417586,1553,0.9336767546683836,0.9134385101610512,0.6121388026080652,0.6346604001316704,0.2244050211417586,0.7290730337078651,0.7288696634925023,0.7288696634925022,0.8077712331145058,0.8039124589273695,7120.0,0.7535301668806161,0.7863405481462665,0.5975200206664945,0.7192075402635433,0.3189621052583292,779.0,0.1288809776306152,0.1055078506469726,2026-04-21T09:05:51.259665+00:00
SR-MMP,morgan_2048,LogisticRegression,smoteenn,pr_auc,"{'C': 0.01, 'l1_ratio': 1.0}",0.2222004697969304,1553,0.9336767546683836,0.9134385101610512,0.6121388026080652,0.6294667349401997,0.2222004697969304,0.733391736019857,0.7333003143094332,0.7328048086389367,0.817144823910823,0.7975052077423448,6849.0,0.7535301668806161,0.785999709807627,0.5954034928260729,0.7176519033674963,0.325725097946983,779.0,0.1211259365081787,0.107025146484375,2026-04-21T09:05:54.056017+00:00
SR-MMP,morgan_2048,XGBoost,smoten,pr_auc,"{'colsample_bytree': 0.8, 'learning_rate': 0.1, 'max_depth': 7, 'min_child_weight': 10, 'n_estimators': 200, 'scale_pos_weight': 1, 'subsample': 0.8}",0.3409337449260218,1553,0.9356084996780425,0.9123980667637066,0.5985835401157982,0.7510850615071382,0.3409337449260218,0.9271067415730337,0.9271067401351379,0.927106740135138,0.9788263792450449,0.9792832127478903,7120.0,0.865211810012837,0.8623384713100404,0.6749329359165425,0.8161603221083457,0.38888129388215004,779.0,4.001956224441528,3.962692975997925,2026-04-30T05:42:20.375913+00:00
SR-MMP,morgan_2048,XGBoost,smoten_enn,pr_auc,"{'colsample_bytree': 0.8, 'learning_rate': 0.1, 'max_depth': 7, 'min_child_weight': 10, 'n_estimators': 200, 'scale_pos_weight': 1, 'subsample': 0.8}",0.28384072789731724,1553,0.9336767546683837,0.9074973834067791,0.5707239181482724,0.705088816551455,0.28384072789731724,0.9476225310899781,0.947633068055153,0.9475540408163405,0.9880794665065614,0.9861538781696167,6835.0,0.865211810012837,0.8571557895242138,0.6515521361841349,0.7981027330405075,0.34762846578882695,779.0,3.9378011226654053,3.994109869003296,2026-04-30T05:43:08.204084+00:00
SR-MMP,morgan_4096,BernoulliNB,none,pr_auc,{'alpha': 10.0},0.5380517792060465,1553,0.936252414681262,0.912851093472162,0.5996515924412746,0.8478170756982797,0.5380517792060465,0.8184742647058824,0.7812137489347565,0.5797740855471072,0.7482186684258313,0.3696925991452401,4352.0,0.8639281129653402,0.8344341429669528,0.555192846369317,0.7878080771107858,0.3195825131187346,779.0,0.0882720947265625,0.0195021629333496,2026-04-21T14:39:32.565996+00:00
SR-MMP,morgan_4096,RandomForest,random_over,pr_auc,"{'max_depth': 10, 'max_features': 'sqrt', 'min_samples_leaf': 5, 'n_estimators': 100}",0.5380460934364412,1553,0.9381841596909208,0.9167033724856384,0.6202237574127285,0.8256647525694012,0.5380460934364412,0.838061797752809,0.8374438204321879,0.837443820432188,0.9281363622017422,0.9285014495827716,7120.0,0.8523748395378691,0.8613733664481589,0.701308660498458,0.844161786237189,0.457535008407684,779.0,1.1527068614959717,1.7337191104888916,2026-04-21T20:04:14.751817+00:00
SR-MMP,morgan_4096,BernoulliNB,random_under,pr_auc,{'alpha': 10.0},0.55709942026058,1553,0.9323889246619448,0.9047204756405006,0.5555709998937066,0.8531570413176791,0.55709942026058,0.7154882154882155,0.6460037072783492,0.5580935946550041,0.8488423534588306,0.7162689809667735,2376.0,0.8818998716302953,0.8446868810428882,0.5646352723915051,0.8371766715470962,0.4084771352466622,779.0,0.2078847885131836,0.1935758590698242,2026-04-21T14:39:41.136991+00:00
SR-MMP,morgan_4096,LogisticRegression,smote,pr_auc,"{'C': 0.01, 'l1_ratio': 1.0}",0.199190408571485,1553,0.8860270444301352,0.8828376023135711,0.5577598481252967,0.6178602343245188,0.199190408571485,0.7543539325842696,0.7542806012343783,0.7542806012343783,0.8275778784244413,0.8281392729383137,7120.0,0.7625160462130937,0.7922231777536627,0.6005958567172451,0.7164089189848707,0.3172387976576587,779.0,0.3252501487731933,0.2494540214538574,2026-04-21T09:06:28.899936+00:00
SR-MMP,morgan_4096,LogisticRegression,smoteenn,pr_auc,"{'C': 0.01, 'l1_ratio': 1.0}",0.1905788869417028,1553,0.8853831294269157,0.8819114061817355,0.5533375990486162,0.5975336186191679,0.1905788869417028,0.7603852235158833,0.7604074103145891,0.7603040832234731,0.8392840841059361,0.8305528624334898,6957.0,0.766367137355584,0.7957733564416022,0.608148893360161,0.713007869692533,0.3249831495275553,779.0,0.2716932296752929,0.2202188968658447,2026-04-21T09:06:31.476466+00:00
SR-MMP,morgan_4096,XGBoost,smoten,pr_auc,"{'colsample_bytree': 0.8, 'learning_rate': 0.1, 'max_depth': 7, 'min_child_weight': 10, 'n_estimators': 200, 'scale_pos_weight': 1, 'subsample': 0.8}",0.26295877413024954,1553,0.9233741146168706,0.9055663286603521,0.5909621100951952,0.7232879802006754,0.26295877413024954,0.9297752808988764,0.9297736795064842,0.9297736795064842,0.9803436276985229,0.9807650320428631,7120.0,0.8690629011553274,0.8638691720010492,0.6733242336534666,0.8167703757930698,0.3892207242336832,779.0,10.374658107757568,10.310721158981323,2026-04-30T05:45:49.308170+00:00
SR-MMP,morgan_4096,XGBoost,smoten_enn,pr_auc,"{'colsample_bytree': 0.8, 'learning_rate': 0.1, 'max_depth': 7, 'min_child_weight': 5, 'n_estimators': 200, 'scale_pos_weight': 1, 'subsample': 0.8}",0.24394676438480942,1553,0.9240180296200902,0.9021117073259869,0.5646015091900933,0.6918760591541397,0.24394676438480942,0.9604880883207437,0.9604910261920305,0.9604476925905496,0.9929427537554589,0.9916477326795068,6884.0,0.8767650834403081,0.8623029488511551,0.6500711237553343,0.7968368716447047,0.37095881013850496,779.0,9.806143999099731,9.94226598739624,2026-04-30T05:48:43.358835+00:00
SR-MMP,pubchem,BalancedRandomForest,none,pr_auc,"{'max_depth': 15, 'max_features': 'sqrt', 'min_samples_leaf': 20, 'n_estimators': 100}",0.6555611544492802,1553,0.9491307147456536,0.936324751774678,0.7215411956159086,0.8582501249649489,0.6555611544492802,0.8196231617647058,0.8346837503214997,0.7534211594341604,0.8876354840540234,0.6764328804823864,4352.0,0.7958921694480102,0.8229229859178802,0.6658230921771506,0.8629438140556369,0.4866795253244754,779.0,1.5371150970458984,1.0613930225372314,2026-04-22T00:49:54.482224+00:00
SR-MMP,pubchem,RandomForest,random_over,pr_auc,"{'max_depth': 10, 'max_features': 'sqrt', 'min_samples_leaf': 20, 'n_estimators': 100}",0.6419863414122797,1553,0.9491307147456536,0.936324751774678,0.7215411956159086,0.8713440132645722,0.6419863414122797,0.8679775280898876,0.8679770176488025,0.8679770176488026,0.9331612170180532,0.929686622084262,7120.0,0.8472400513478819,0.8587334680470998,0.7018349656647529,0.877447840409956,0.4950992091435088,779.0,0.2860021591186523,0.2572250366210937,2026-04-21T20:06:20.157245+00:00
SR-MMP,pubchem,RandomForest,random_under,pr_auc,"{'max_depth': 10, 'max_features': 'sqrt', 'min_samples_leaf': 10, 'n_estimators': 100}",0.645428661993773,1553,0.948486799742434,0.9352609081864374,0.7162070792902436,0.8696036477573363,0.645428661993773,0.851010101010101,0.8530386073407572,0.837287852302721,0.9176642530098968,0.85500522578726,2376.0,0.8138639281129654,0.8352816616130828,0.6761397683906909,0.8616016959492435,0.5067877244954995,779.0,0.1686830520629882,0.1766629219055175,2026-04-21T20:06:31.682386+00:00
SR-MMP,pubchem,RandomForest,smote,pr_auc,"{'max_depth': 5, 'max_features': 'sqrt', 'min_samples_leaf': 5, 'n_estimators': 200}",0.5497391413742339,1553,0.9433354797166774,0.9263672369893162,0.6708794913784799,0.8539434061177962,0.5497391413742339,0.7992977528089887,0.7992025912577122,0.7992025912577122,0.8824429917308421,0.877999713849891,7120.0,0.7753530166880617,0.8012020053950999,0.6091342032301441,0.8080847364568082,0.4139686967652793,779.0,0.5049970149993896,0.6009111404418945,2026-04-21T20:06:37.839381+00:00
SR-MMP,pubchem,RandomForest,smoteenn,pr_auc,"{'max_depth': 15, 'max_features': 'log2', 'min_samples_leaf': 20, 'n_estimators': 100}",0.5672480150354186,1553,0.9388280746941404,0.9179583101623254,0.6268800153764835,0.8417090328322544,0.5672480150354186,0.8443808376016873,0.8445048017468212,0.8438334453653095,0.9140648385424652,0.9015030692504052,6638.0,0.834403080872914,0.8429415370137726,0.6573091757291784,0.8140175085407516,0.4086232579427478,779.0,0.1961398124694824,0.1461071968078613,2026-04-21T20:06:44.311807+00:00
SR-MMP,pubchem,RandomForest,smoten,pr_auc,"{'max_depth': 15, 'max_features': 'sqrt', 'min_samples_leaf': 20, 'n_estimators': 200}",0.5447293993246973,1553,0.9368963296844816,0.9141501054284324,0.6066118693134822,0.8537757702107944,0.5447293993246973,0.8870786516853932,0.8870563723749318,0.8870563723749318,0.9559869334679963,0.953972093300812,7120.0,0.8664955070603337,0.8676617559647634,0.6965147292397135,0.8383586505612494,0.4298983906414275,779.0,1.010110855102539,0.8715410232543945,2026-04-21T20:06:58.557032+00:00
SR-MMP,pubchem,RandomForest,smoten_enn,pr_auc,"{'max_depth': 15, 'max_features': 'sqrt', 'min_samples_leaf': 20, 'n_estimators': 200}",0.4906727284350424,1553,0.9356084996780424,0.9115366897492968,0.5925852081934184,0.8427666630091559,0.4906727284350424,0.9113131614249516,0.9113308038442656,0.9110155414817392,0.970201303427876,0.9624631028963918,6709.0,0.8754813863928113,0.8715466867840103,0.6938798659866068,0.8146733162518303,0.4093972779332514,779.0,0.7199230194091797,0.9419770240783693,2026-04-21T20:07:01.411752+00:00
SR-MMP,rdkit,RandomForest,none,pr_auc,"{'max_depth': 10, 'max_features': 'sqrt', 'min_samples_leaf': 20, 'n_estimators': 100}",0.6431390191664087,1553,0.9414037347070188,0.9228409205161155,0.6525581864178015,0.8884306840764176,0.6431390191664087,0.9041819852941176,0.907810742347483,0.8516967785278446,0.9453820153785042,0.8078331922847894,4352.0,0.8600770218228498,0.8633000854250181,0.691305691382037,0.857933748169839,0.4046771943830569,779.0,0.408221960067749,0.3340930938720703,2026-04-21T20:07:44.759885+00:00
SR-MMP,rdkit,RandomForest,random_over,pr_auc,"{'max_depth': 5, 'max_features': 'sqrt', 'min_samples_leaf': 10, 'n_estimators': 200}",0.6474082639318295,1553,0.9420476497102382,0.9240288017830705,0.6587513184108754,0.8978304865708399,0.6474082639318295,0.8514044943820225,0.8513774755163166,0.8513774755163166,0.9152291377351344,0.9186676593499572,7120.0,0.8292682926829268,0.8434487331669033,0.6735728441037565,0.8454428989751098,0.3855070175404543,779.0,0.9819958209991456,1.3457107543945312,2026-04-21T20:07:51.578363+00:00
SR-MMP,rdkit,RandomForest,random_under,pr_auc,"{'max_depth': 5, 'max_features': 'sqrt', 'min_samples_leaf': 20, 'n_estimators': 200}",0.6525155195337722,1553,0.9459111397295557,0.9309021810066378,0.6941537249606122,0.8942095509796032,0.6525155195337722,0.8324915824915825,0.8346602182539683,0.8167689732142858,0.8988324692633405,0.831439249590413,2376.0,0.8074454428754814,0.8304388836824892,0.6697585294716136,0.8399371644704734,0.385348430091514,779.0,0.524777889251709,0.4931280612945556,2026-04-21T20:08:02.658979+00:00
SR-MMP,rdkit,LogisticRegression,smote,pr_auc,"{'C': 0.01, 'l1_ratio': 1.0}",0.2795547299141563,1553,0.918222794591114,0.9077143285632848,0.6235568288311674,0.6712507467417674,0.2795547299141563,0.7716292134831461,0.7716003787878788,0.7716003787878788,0.8587773797500317,0.8586290073672823,7120.0,0.7702182284980744,0.7958164206078808,0.5954679036951294,0.7030258662762323,0.2876955845756841,779.0,0.3290722370147705,0.2833788394927978,2026-04-21T09:07:20.623666+00:00
SR-MMP,rdkit,LogisticRegression,smoteenn,pr_auc,"{'C': 0.01, 'l1_ratio': 1.0}",0.2873228286241894,1553,0.918222794591114,0.9077143285632848,0.6235568288311674,0.6690074735135266,0.2873228286241894,0.793886058360352,0.7941161412736355,0.7923336917165116,0.8781932145154518,0.856727468747904,6477.0,0.7766367137355584,0.7985875704813302,0.590762523549587,0.6846556246949733,0.2773851681012871,779.0,0.3065619468688965,0.2558519840240478,2026-04-21T09:07:22.289533+00:00
SR-MMP,rdkit,LogisticRegression,smoten,pr_auc,"{'C': 0.01, 'l1_ratio': 1.0}",0.2914788895947064,1553,0.8802318094011591,0.8838238535178237,0.5863577001065402,0.6463034758543336,0.2914788895947064,0.8102528089887641,0.8102388804063958,0.8102388804063958,0.8854838009720996,0.8860229431911819,7120.0,0.7792041078305519,0.800417451951696,0.5928802352998371,0.6971159712054661,0.2862712884383792,779.0,0.3207638263702392,0.3016490936279297,2026-04-21T09:07:33.975013+00:00
SR-MMP,rdkit,LogisticRegression,smoten_enn,pr_auc,"{'C': 0.01, 'l1_ratio': 1.0}",0.2897577275176817,1553,0.8795878943979395,0.8825623375241642,0.5793979419666457,0.6301829974519342,0.2897577275176817,0.826629063381327,0.8267664012580627,0.8264456670703202,0.9022584198929808,0.8906435745015666,6737.0,0.7804878048780488,0.8003228562473972,0.5886287625418061,0.6806521473889703,0.2770180689870074,779.0,0.357781171798706,0.3980391025543213,2026-04-21T09:07:51.404809+00:00
SR-MMP,topological_torsion,BalancedRandomForest,none,pr_auc,"{'max_depth': 5, 'max_features': 'sqrt', 'min_samples_leaf': 20, 'n_estimators': 200}",0.5950230884330072,1553,0.9478428847392144,0.934186944649623,0.7108027394803815,0.8323366616680687,0.5950230884330072,0.7821691176470589,0.8007984029688745,0.7042331187539196,0.8283152806151403,0.5274366841529952,4352.0,0.766367137355584,0.8014632558961717,0.6453918802649219,0.8405624694973157,0.4562556922317003,779.0,4.537959098815918,4.26003623008728,2026-04-22T00:55:28.560264+00:00
SR-MMP,topological_torsion,RandomForest,random_over,pr_auc,"{'max_depth': 15, 'max_features': 'sqrt', 'min_samples_leaf': 10, 'n_estimators': 100}",0.5832250434228798,1553,0.9452672247263362,0.9303694361190822,0.6925432926900278,0.837195055045536,0.5832250434228798,0.8566011235955057,0.8565649949189679,0.8565649949189678,0.9259990847115264,0.9303067384548422,7120.0,0.8382541720154044,0.8558105373544657,0.7126773921596178,0.8777604929233773,0.4949087784332574,779.0,0.6821558475494385,1.126352071762085,2026-04-21T20:09:18.054528+00:00
SR-MMP,topological_torsion,BernoulliNB,random_under,pr_auc,{'alpha': 50.0},0.6145037075054518,1553,0.9265936896329684,0.8912889835440118,0.4809491978609626,0.857841702936981,0.6145037075054518,0.6654040404040404,0.5327268132423553,0.3995451099317665,0.7131291609274565,0.5157571462449558,2376.0,0.8754813863928113,0.8185541230750036,0.4668035592060233,0.8141318936066374,0.3175109841933886,779.0,0.0971548557281494,0.0709807872772216,2026-04-21T14:41:20.579334+00:00
SR-MMP,topological_torsion,XGBoost,smote,pr_auc,"{'colsample_bytree': 0.8, 'learning_rate': 0.1, 'max_depth': 3, 'min_child_weight': 5, 'n_estimators': 100, 'scale_pos_weight': 1, 'subsample': 0.8}",0.30505395402135,1553,0.5595621377978107,0.6624745498932095,0.423248328794256,0.5801208197700645,0.30505395402135,0.8457865168539326,0.8453689363595905,0.8453689363595907,0.9183703525438708,0.9106389627839745,7120.0,0.7163029525032092,0.7602674951367291,0.5797976592914414,0.7311874694973157,0.4504734537015809,779.0,1.7432892322540283,1.7718801498413086,2026-04-30T05:58:38.043831+00:00
SR-MMP,topological_torsion,XGBoost,smoteenn,pr_auc,"{'colsample_bytree': 0.8, 'learning_rate': 0.05, 'max_depth': 3, 'min_child_weight': 10, 'n_estimators': 200, 'scale_pos_weight': 1, 'subsample': 0.8}",0.2834107899550065,1553,0.5685769478428847,0.6701094679965358,0.4255083967172855,0.551290491691355,0.2834107899550065,0.8596055514974434,0.8595500060947202,0.8595961540879192,0.927240435756674,0.9115094289451292,6845.0,0.748395378690629,0.7838080632064987,0.6014638017081166,0.698961383601757,0.4370362892059506,779.0,2.8891639709472656,2.950719118118286,2026-04-30T05:59:01.302240+00:00
SR-MMP,topological_torsion,DecisionTree,smoten,pr_auc,"{'ccp_alpha': 0.0, 'criterion': 'entropy', 'max_depth': 10, 'min_samples_leaf': 10}",0.2803918829798202,1553,0.9311010946555056,0.9186856188248892,0.6575664842920879,0.6385343135462005,0.2803918829798202,0.8349719101123596,0.8344415125064041,0.8344415125064042,0.9047219811261203,0.8802434367823884,7120.0,0.8061617458279846,0.827012512244139,0.6546265983528341,0.7353205832113225,0.3315293359114309,779.0,0.7237279415130615,0.8380701541900635,2026-04-22T11:27:07.163905+00:00
SR-MMP,topological_torsion,LogisticRegression,smoten_enn,pr_auc,"{'C': 0.001, 'l1_ratio': 0.0}",0.2504543144514577,1553,0.8718609143593046,0.8792184994960662,0.5838003083988176,0.4914566645940773,0.2504543144514577,0.8346595932802829,0.834631472424418,0.8346578554745834,0.9106352354813768,0.888612529493669,6786.0,0.7933247753530167,0.8174714971995732,0.6424822907313179,0.7123444363103952,0.4637418041466323,779.0,0.1494431495666504,0.1212790012359619,2026-04-21T09:07:59.498461+00:00
SR-p53,atom_pair,RandomForest,none,pr_auc,"{'max_depth': 5, 'max_features': 'log2', 'min_samples_leaf': 10, 'n_estimators': 100}",0.3386251089268654,1715,0.972594752186589,0.965066111997842,0.6710818938958055,0.7446193892451272,0.3386251089268654,0.8111282248748556,0.8516339613191153,0.6070730815224143,0.8285690105990569,0.4263756820633771,5194.0,0.753114382785957,0.8057872365735022,0.5502896925520979,0.7674575965355467,0.1872055363785819,883.0,0.2784268856048584,0.13067626953125,2026-04-21T20:10:43.965570+00:00
SR-p53,atom_pair,RandomForest,random_over,pr_auc,"{'max_depth': 5, 'max_features': 'log2', 'min_samples_leaf': 5, 'n_estimators': 100}",0.3326481765655052,1715,0.9731778425655976,0.9660884568184316,0.6823357922881165,0.7441379383319577,0.3326481765655052,0.7621900826446281,0.7617542948646205,0.7617542948646205,0.8443015120210368,0.8622369439359823,9680.0,0.7372593431483578,0.7952967611061353,0.5461361219425735,0.7686845904005775,0.1979396492435088,883.0,0.3011388778686523,0.4081048965454101,2026-04-21T20:11:02.968221+00:00
SR-p53,atom_pair,RandomForest,random_under,pr_auc,"{'max_depth': 10, 'max_features': 'sqrt', 'min_samples_leaf': 20, 'n_estimators': 200}",0.3238539524191755,1715,0.9690962099125364,0.963468136046334,0.6728053534724497,0.7162084946987493,0.3238539524191755,0.7467043314500942,0.752506079418867,0.7304220065054736,0.8300855437454115,0.7243080112516828,1062.0,0.6930917327293318,0.7642251203906197,0.5301430032849718,0.7707416095272466,0.1774666374209665,883.0,0.3016960620880127,0.2705543041229248,2026-04-21T20:11:03.328437+00:00
SR-p53,atom_pair,LogisticRegression,smote,pr_auc,"{'C': 0.001, 'l1_ratio': 0.0}",0.1379582651986571,1715,0.9300291545189504,0.9362499667691652,0.5531914893617021,0.596940934967092,0.1379582651986571,0.8608471074380165,0.8608448486379727,0.8608448486379727,0.9313214175944264,0.9243829156724463,9680.0,0.797281993204983,0.8341269864691213,0.5669113557088172,0.6449386503067484,0.166801756633845,883.0,0.3981852531433105,0.3103408813476562,2026-04-21T09:08:28.960504+00:00
SR-p53,atom_pair,LogisticRegression,smoteenn,pr_auc,"{'C': 0.001, 'l1_ratio': 0.0}",0.1378378679990524,1715,0.9306122448979592,0.936588599750676,0.5538628349826975,0.5935443252280278,0.1378378679990524,0.8634095634095634,0.8634091855675998,0.8634095397944407,0.9338042895674123,0.9254507855828464,9620.0,0.7995469988674971,0.8356389718122011,0.5687013105281022,0.6451371346084447,0.1674740494232783,883.0,0.3240299224853515,0.3723421096801758,2026-04-21T09:08:31.409846+00:00
SR-p53,atom_pair,XGBoost,smoten,pr_auc,"{'colsample_bytree': 0.8, 'learning_rate': 0.05, 'max_depth': 7, 'min_child_weight': 1, 'n_estimators': 100, 'scale_pos_weight': 1, 'subsample': 0.8}",0.17113493141965996,1715,0.967930029154519,0.9551922088365237,0.5553245553245554,0.7151926861786553,0.17113493141965996,0.9832644628099173,0.983264456380204,0.983264456380204,0.9988451523120006,0.9988605062270199,9680.0,0.89920724801812,0.8852688884968966,0.5493993864854791,0.7241880187657885,0.1888020445033372,883.0,4.145972013473511,3.776794910430908,2026-04-30T06:01:52.262553+00:00
SR-p53,atom_pair,LogisticRegression,smoten_enn,pr_auc,"{'C': 0.001, 'l1_ratio': 0.0}",0.1488902970783205,1715,0.9574344023323615,0.9503577266909324,0.5596764266244615,0.5597792732736545,0.1488902970783205,0.922266694754582,0.9222040796135516,0.9222348902385028,0.9723340270699338,0.9669166920778816,9494.0,0.8312570781426953,0.8526062200221569,0.5626460566774703,0.5945777697582101,0.1417966435673813,883.0,0.3110599517822265,0.2667460441589355,2026-04-21T09:08:37.021046+00:00
SR-p53,avalon,RandomForest,none,pr_auc,"{'max_depth': 10, 'max_features': 'sqrt', 'min_samples_leaf': 10, 'n_estimators': 200}",0.4983313402936349,1715,0.9696793002915453,0.9571982353150112,0.572925446325952,0.8823249317503651,0.4983313402936349,0.9674624566807856,0.969062150575129,0.8846359528101213,0.9850600574310128,0.8405355815251391,5194.0,0.8788221970554927,0.8800181522547257,0.5822253076457089,0.790896788163118,0.2407368402485702,883.0,0.9020681381225586,0.7794079780578613,2026-04-21T20:12:36.516491+00:00
SR-p53,avalon,RandomForest,random_over,pr_auc,"{'max_depth': 10, 'max_features': 'sqrt', 'min_samples_leaf': 20, 'n_estimators': 100}",0.5158022359391974,1715,0.9708454810495628,0.9596735339157308,0.6019477866904337,0.8869807208007958,0.5158022359391974,0.9463842975206612,0.9463820263970056,0.9463820263970056,0.9847600915238032,0.985631170533809,9680.0,0.8380520951302378,0.8599771210194688,0.5914854105398699,0.7825063154095995,0.215770250550605,883.0,1.1325020790100098,0.4287769794464111,2026-04-21T20:13:03.605363+00:00
SR-p53,avalon,RandomForest,random_under,pr_auc,"{'max_depth': 10, 'max_features': 'log2', 'min_samples_leaf': 5, 'n_estimators': 200}",0.4506167641613036,1715,0.972594752186589,0.9638417210168656,0.6524283231784881,0.8909381414936619,0.4506167641613036,0.9133709981167608,0.9134916340410182,0.9028153547442468,0.9646334067477416,0.9386296450251111,1062.0,0.7678369195922989,0.8183956274524501,0.5895025682310387,0.7897600144352219,0.2132772901222291,883.0,0.4210309982299804,0.3446831703186035,2026-04-21T20:13:17.343080+00:00
SR-p53,avalon,LogisticRegression,smote,pr_auc,"{'C': 0.001, 'l1_ratio': 0.0}",0.2147688685587978,1715,0.9481049562682216,0.94788315476815,0.5927789531536387,0.6643281908027003,0.2147688685587978,0.8382231404958678,0.8381965895298371,0.8381965895298371,0.9057261927122464,0.9000660448100372,9680.0,0.7938844847112118,0.8328229634165824,0.5731172170512984,0.6895615301335258,0.1820816294216777,883.0,0.1755740642547607,0.1330223083496093,2026-04-21T09:08:55.898219+00:00
SR-p53,avalon,LogisticRegression,smoteenn,pr_auc,"{'C': 0.001, 'l1_ratio': 0.0}",0.2122232776438977,1715,0.9481049562682216,0.94788315476815,0.5927789531536387,0.6644551668677121,0.2122232776438977,0.8430446194225721,0.843047588108217,0.8430443703020984,0.9089453548779736,0.9006600345369622,9525.0,0.7938844847112118,0.8328229634165824,0.5731172170512984,0.689308913749549,0.1812600932177535,883.0,0.1395680904388427,0.1380720138549804,2026-04-21T09:08:57.264226+00:00
SR-p53,avalon,XGBoost,smoten,pr_auc,"{'colsample_bytree': 0.8, 'learning_rate': 0.1, 'max_depth': 7, 'min_child_weight': 1, 'n_estimators': 100, 'scale_pos_weight': 1, 'subsample': 0.8}",0.30356215459183233,1715,0.9696793002915451,0.9571982353150111,0.572925446325952,0.7986424142382493,0.30356215459183233,0.9922520661157025,0.9922520660330159,0.9922520660330159,0.9996849813878833,0.99968175153512,9680.0,0.9082672706681767,0.8955817973960518,0.5899028124193687,0.7597347527968242,0.26962133601398625,883.0,1.0218331813812256,1.0440387725830078,2026-04-30T06:05:46.094594+00:00
SR-p53,avalon,XGBoost,smoten_enn,pr_auc,"{'colsample_bytree': 0.8, 'learning_rate': 0.05, 'max_depth': 3, 'min_child_weight': 10, 'n_estimators': 100, 'scale_pos_weight': 1, 'subsample': 0.8}",0.28671610342111736,1715,0.970262390670554,0.9592701140022001,0.6001142987770032,0.694865934438025,0.28671610342111736,0.9238867249184125,0.9238224188180598,0.9238529684352876,0.9769712801491471,0.9737936665695465,9499.0,0.8505096262740657,0.8687207408901138,0.6071110751557317,0.7211836881992061,0.2346545335003366,883.0,0.6545357704162598,0.623586893081665,2026-04-30T06:05:54.270152+00:00
SR-p53,erg,EasyEnsemble,none,pr_auc,"{'n_estimators': 30, 'replacement': True}",0.4365895621146356,1715,0.9760932944606414,0.9704813795795372,0.7276523059404062,0.7660466002158594,0.4365895621146356,0.7035040431266847,0.7768156003683351,0.5374592351674299,0.8056173250221786,0.2905275414911535,5194.0,0.6534541336353341,0.7343352764486756,0.5019575315195753,0.7259563334536268,0.1560710483473159,883.0,8.674581050872803,5.874126195907593,2026-04-22T01:01:44.452142+00:00
SR-p53,erg,LogisticRegression,random_over,pr_auc,"{'C': 0.001, 'l1_ratio': 0.0}",0.4086576570436381,1715,0.9743440233236152,0.9675628717393696,0.6961472795799375,0.7227742153937315,0.4086576570436381,0.6641528925619835,0.6641205421407864,0.6641205421407863,0.7212807356054914,0.7079831074839863,9680.0,0.6398640996602492,0.7238167814284202,0.4949384847830779,0.708083724287261,0.1284587101152609,883.0,0.0482459068298339,0.0420830249786376,2026-04-21T09:09:02.611123+00:00
SR-p53,erg,XGBoost,random_under,pr_auc,"{'colsample_bytree': 0.8, 'learning_rate': 0.05, 'max_depth': 3, 'min_child_weight': 10, 'n_estimators': 100, 'scale_pos_weight': 1, 'subsample': 0.8}",0.4268435742304135,1715,0.9720116618075801,0.9620337632713569,0.6292292725110799,0.7374822762575919,0.4268435742304135,0.7947269303201506,0.7808932925062733,0.7420273576958563,0.8591241341887709,0.7934144368869965,1062.0,0.8154020385050963,0.8414164636098254,0.5424506858677857,0.7358534824972933,0.17834115570740378,883.0,0.08568501472473145,0.07759213447570801,2026-04-30T06:06:35.326242+00:00
SR-p53,erg,LogisticRegression,smote,pr_auc,"{'C': 0.001, 'l1_ratio': 0.0}",0.4226753799731201,1715,0.9737609329446064,0.966552660423466,0.6850784090491755,0.7199913233022242,0.4226753799731201,0.6764462809917355,0.6764283796863292,0.6764283796863292,0.7196961443890445,0.696494622173486,9680.0,0.6409966024915063,0.7246709113890786,0.4973810614018549,0.7092565860700109,0.1303557433025612,883.0,0.0576560497283935,0.0480589866638183,2026-04-21T09:09:03.447225+00:00
SR-p53,erg,LogisticRegression,smoteenn,pr_auc,"{'C': 0.001, 'l1_ratio': 0.0}",0.4211889123662224,1715,0.9743440233236152,0.9675628717393696,0.6961472795799375,0.7238746746238334,0.4211889123662224,0.6831129743093626,0.6832292484371032,0.6830539070524704,0.7277531929195608,0.6885703936696372,9303.0,0.6432616081540203,0.7264795323389239,0.4953873785615152,0.7095813785636954,0.1306850495988502,883.0,0.0553419589996337,0.043144941329956,2026-04-21T09:09:04.456409+00:00
SR-p53,erg,DecisionTree,smoten,pr_auc,"{'ccp_alpha': 0.001, 'criterion': 'entropy', 'max_depth': 5, 'min_samples_leaf': 10}",0.2834614154866798,1715,0.9696793002915453,0.9571982353150112,0.572925446325952,0.6636933104776417,0.2834614154866798,0.7481404958677685,0.7413183662925199,0.7413183662925199,0.8422672631650843,0.7956452899868728,9680.0,0.8278595696489242,0.8499011638253363,0.5558820415078356,0.6729790689281848,0.1281724163007563,883.0,0.0971572399139404,0.0963420867919921,2026-04-22T11:30:12.589655+00:00
SR-p53,erg,LogisticRegression,smoten_enn,pr_auc,"{'C': 0.01, 'l1_ratio': 1.0}",0.3478883880984887,1715,0.9760932944606414,0.9713411946036976,0.7407923500289381,0.6744122066323831,0.3478883880984887,0.5054491224044969,0.4471753506489024,0.4637048476152168,0.6570525316712036,0.5853645827995352,8717.0,0.3884484711211778,0.4831743317782959,0.3506645604096307,0.6621075424034645,0.1103408631288516,883.0,0.0365130901336669,0.0304658412933349,2026-04-21T09:09:06.110715+00:00
SR-p53,estate,RandomForest,none,pr_auc,"{'max_depth': 5, 'max_features': 'sqrt', 'min_samples_leaf': 10, 'n_estimators': 100}",0.3224137352367964,1715,0.97201166180758,0.9640234278004576,0.6595195552908477,0.7658561361183417,0.3224137352367964,0.810165575664228,0.8511392544661538,0.6080070810462608,0.8363274501564177,0.3873595012884209,5194.0,0.7327293318233296,0.7914109054679029,0.5335571671591011,0.7369631901840491,0.2054265608697918,883.0,0.3083570003509521,0.1473839282989502,2026-04-21T20:14:56.909191+00:00
SR-p53,estate,LogisticRegression,random_over,pr_auc,"{'C': 0.01, 'l1_ratio': 1.0}",0.3298311680561949,1715,0.974927113702624,0.9680392088490896,0.6990749242025455,0.6572069498232918,0.3298311680561949,0.6257231404958677,0.620871779002658,0.620871779002658,0.6906204323475171,0.6827273899167987,9680.0,0.5186862967157417,0.6195786814387313,0.4325647573988475,0.7313334536268496,0.150118962562589,883.0,0.0228521823883056,0.0166852474212646,2026-04-21T09:09:07.330099+00:00
SR-p53,estate,LogisticRegression,random_under,pr_auc,"{'C': 0.1, 'l1_ratio': 1.0}",0.3310738581146744,1715,0.974927113702624,0.9680392088490896,0.6990749242025455,0.6572175311620427,0.3310738581146744,0.5903954802259888,0.6009374053131622,0.5846411543050425,0.6574160522199879,0.4830794673000018,1062.0,0.5605889014722537,0.6575710331564225,0.4574449216424056,0.737432334897149,0.1505315238780085,883.0,0.0087478160858154,0.0039150714874267,2026-04-21T09:09:07.670898+00:00
SR-p53,estate,RandomForest,smote,pr_auc,"{'max_depth': 5, 'max_features': 'sqrt', 'min_samples_leaf': 10, 'n_estimators': 200}",0.3572514781076471,1715,0.972594752186589,0.9638417210168656,0.6524283231784881,0.7256787928808753,0.3572514781076471,0.9083677685950412,0.9083670556953034,0.9083670556953034,0.9669993297930468,0.9701362361296518,9680.0,0.8210645526613817,0.8495830576494003,0.5832915173237754,0.7599783471670877,0.231004865525777,883.0,0.5337729454040527,0.4273641109466553,2026-04-21T20:15:10.856199+00:00
SR-p53,estate,RandomForest,smoteenn,pr_auc,"{'max_depth': 5, 'max_features': 'sqrt', 'min_samples_leaf': 5, 'n_estimators': 200}",0.3425301563366615,1715,0.972594752186589,0.9631739663981556,0.642265922838972,0.7132668825259773,0.3425301563366615,0.9100346020761244,0.9100327618143068,0.9100108320276452,0.9683690530442324,0.970213412228262,9537.0,0.8176670441676104,0.8461037732952205,0.5702305699403547,0.7637134608444605,0.2209073125414817,883.0,0.5503950119018555,0.4558405876159668,2026-04-21T20:15:12.319669+00:00
SR-p53,estate,LogisticRegression,smoten,pr_auc,"{'C': 0.001, 'l1_ratio': 0.0}",0.1475321795456596,1715,0.8979591836734694,0.9191676216714706,0.5460389487615807,0.5635568112077539,0.1475321795456596,0.7171487603305785,0.7165306981224516,0.7165306981224516,0.7885957029915989,0.7998732152163982,9680.0,0.6636466591166478,0.7415337065368226,0.4829487091018424,0.6205972573078311,0.1541340784436938,883.0,0.0144293308258056,0.0091872215270996,2026-04-21T09:09:09.019775+00:00
SR-p53,estate,LogisticRegression,smoten_enn,pr_auc,"{'C': 0.001, 'l1_ratio': 0.0}",0.1421510905207343,1715,0.9008746355685132,0.921357808910474,0.5569849142384791,0.556075804710812,0.1421510905207343,0.7208980634177484,0.7207569948362812,0.7208577070893794,0.8035354920419642,0.8046827517945824,9398.0,0.6795016987542469,0.7527857780903906,0.4857457426557596,0.6092656080837243,0.1498786695096502,883.0,0.0164151191711425,0.010571002960205,2026-04-21T09:09:09.344595+00:00
SR-p53,fcfp,RandomForest,none,pr_auc,"{'max_depth': 5, 'max_features': 'log2', 'min_samples_leaf': 5, 'n_estimators': 200}",0.3287386287199069,1715,0.97201166180758,0.9627364908740754,0.6399202155579662,0.7608881975747571,0.3287386287199069,0.8721601848286484,0.8922411761075335,0.6624367708088639,0.8503271349862259,0.4309464791543674,5194.0,0.7870894677236693,0.8273116325402059,0.5590441582727698,0.7186304583182966,0.1628268369957623,883.0,0.4772610664367676,0.561774730682373,2026-04-21T20:15:29.496618+00:00
SR-p53,fcfp,RandomForest,random_over,pr_auc,"{'max_depth': 10, 'max_features': 'sqrt', 'min_samples_leaf': 10, 'n_estimators': 200}",0.3351699650732183,1715,0.9714285714285714,0.9608673644334864,0.6157960909818265,0.7718134298351427,0.3351699650732183,0.7928719008264463,0.7904484081668199,0.7904484081668199,0.9080767621747148,0.9096042117383574,9680.0,0.796149490373726,0.8326763763070922,0.5598205383848455,0.7345092024539878,0.1563988145678291,883.0,3.0545198917388916,3.2198479175567627,2026-04-21T20:15:33.022645+00:00
SR-p53,fcfp,BernoulliNB,random_under,pr_auc,{'alpha': 10.0},0.3492221262482771,1715,0.9667638483965014,0.9504265998466644,0.4915505484731693,0.759263962076482,0.3492221262482771,0.6713747645951036,0.5457749816820464,0.417641485569014,0.7798246034025983,0.6417143536009623,1062.0,0.9229898074745186,0.8860267292010987,0.4799764428739694,0.7294749188018765,0.1499079050413245,883.0,0.0693848133087158,0.0265462398529052,2026-04-21T14:42:34.776020+00:00
SR-p53,fcfp,LogisticRegression,smote,pr_auc,"{'C': 0.001, 'l1_ratio': 0.0}",0.2093495921466686,1715,0.8425655976676385,0.8875220255651196,0.5240107070607392,0.6202780775823757,0.2093495921466686,0.7930785123966942,0.7930640228324333,0.7930640228324333,0.8655797290144116,0.8613444220204286,9680.0,0.7406568516421291,0.7943837845401482,0.5097453528038346,0.5798357993504151,0.1188271327114271,883.0,0.2699418067932129,0.211545705795288,2026-04-21T09:09:10.804967+00:00
SR-p53,fcfp,LogisticRegression,smoteenn,pr_auc,"{'C': 0.001, 'l1_ratio': 0.0}",0.2117645282070623,1715,0.8367346938775511,0.8843633693511371,0.5280385589155698,0.6184898313334602,0.2117645282070623,0.7946811852162077,0.7946573135025317,0.7946032880452647,0.8712831407414685,0.8632929645797978,9551.0,0.7417893544733862,0.7948718261259655,0.5075340991370032,0.5768946228798267,0.1174754218814054,883.0,0.2272577285766601,0.1817200183868408,2026-04-21T09:09:11.268340+00:00
SR-p53,fcfp,RandomForest,smoten,pr_auc,"{'max_depth': 5, 'max_features': 'sqrt', 'min_samples_leaf': 10, 'n_estimators': 200}",0.1310546973337662,1715,0.8367346938775511,0.8841254753314362,0.522827184342531,0.6035965970414577,0.1310546973337662,0.8631198347107438,0.8622865071774919,0.8622865071774918,0.9485242000204904,0.9557404016012142,9680.0,0.7485843714609286,0.7997127695582161,0.514691027926322,0.5949025622518946,0.1315349026045253,883.0,2.0262627601623535,2.722401857376098,2026-04-21T20:15:57.249906+00:00
SR-p53,fcfp,LogisticRegression,smoten_enn,pr_auc,"{'C': 0.01, 'l1_ratio': 1.0}",0.1207709631900913,1715,0.9183673469387756,0.9305029240611908,0.5568671745806757,0.6083000021162677,0.1207709631900913,0.8574452322997143,0.8574042495638622,0.8574344956085326,0.9398531932672152,0.9385887865461304,9449.0,0.7576443941109853,0.8037891572565343,0.501419525065963,0.5686845904005774,0.1148105124733667,883.0,0.225442886352539,0.1860110759735107,2026-04-21T09:09:12.260489+00:00
SR-p53,klekota_roth,LogisticRegression,none,pr_auc,"{'C': 0.01, 'l1_ratio': 0.0}",0.2270004502264874,1715,0.8932944606413994,0.9169082423401664,0.5498629559350622,0.7495714557805854,0.2270004502264874,0.800346553715826,0.8460016926736104,0.6186887588616006,0.8938060302563384,0.4512712984914302,5194.0,0.7451868629671574,0.8010449813716685,0.5541454875955162,0.7309545290508841,0.1989070816595783,883.0,0.5340299606323242,0.3379032611846924,2026-04-21T09:09:14.882731+00:00
SR-p53,klekota_roth,LogisticRegression,random_over,pr_auc,"{'C': 0.01, 'l1_ratio': 0.0}",0.226856407804386,1715,0.9119533527696791,0.9278855683006496,0.5686253279473619,0.7470636784966034,0.226856407804386,0.8362603305785123,0.8362554218619802,0.8362554218619802,0.9199060216173758,0.9114794692228736,9680.0,0.7644394110985278,0.8142751007983171,0.566093366093366,0.7301786358715265,0.2051700008284772,883.0,0.5770449638366699,0.5081849098205566,2026-04-21T09:09:16.750666+00:00
SR-p53,klekota_roth,BernoulliNB,random_under,pr_auc,{'alpha': 1.0},0.2006904259610304,1715,0.9661807580174928,0.9572419672928052,0.5994668685371903,0.6684020062218272,0.2006904259610304,0.7966101694915254,0.7796966203562364,0.7386870560145082,0.8538514635002713,0.7700348004364267,1062.0,0.8663646659116648,0.8760054096265286,0.5990194267417874,0.7076236015878745,0.2147103687543283,883.0,0.1327989101409912,0.0303857326507568,2026-04-21T14:42:47.819657+00:00
SR-p53,klekota_roth,RandomForest,smote,pr_auc,"{'max_depth': 15, 'max_features': 'log2', 'min_samples_leaf': 20, 'n_estimators': 100}",0.094482341378214,1715,0.5510204081632653,0.6827093401759353,0.3890686992953159,0.5785399868791399,0.094482341378214,0.7277892561983471,0.7232404709781662,0.7232404709781662,0.8211952522027184,0.8140841568022488,9680.0,0.5628539071347678,0.663217394264357,0.4244545761567038,0.5527156261277517,0.1043793736683315,883.0,0.4144790172576904,0.3882906436920166,2026-04-21T20:17:48.863248+00:00
SR-p53,klekota_roth,BernoulliNB,smoteenn,pr_auc,{'alpha': 0.1},0.1054955155437871,1715,0.5825072886297377,0.7088680354477501,0.4004784688995215,0.5543034304700231,0.1054955155437871,0.7870596999042248,0.7862567080248016,0.7865658872110285,0.8796717700676645,0.8727679367433177,9397.0,0.6443941109852774,0.7266999848391038,0.4522245930140667,0.5108895705521472,0.0984136591553921,883.0,0.461489200592041,0.4279067516326904,2026-04-21T14:42:56.548855+00:00
SR-p53,klekota_roth,BernoulliNB,smoten,pr_auc,{'alpha': 1.0},0.0754838884677079,1715,0.5941690962099125,0.718191594601756,0.4050054432999557,0.5479175925338073,0.0754838884677079,0.7860537190082645,0.7839597523944144,0.7839597523944144,0.9027717539785534,0.905951152498606,9680.0,0.622876557191393,0.7106994004802472,0.4384850272986119,0.5262991699747384,0.133921337403446,883.0,0.4905059337615967,0.4081361293792724,2026-04-21T14:42:59.959682+00:00
SR-p53,klekota_roth,BernoulliNB,smoten_enn,pr_auc,{'alpha': 1.0},0.0745636830613877,1715,0.6355685131195336,0.7501061019021755,0.4197012737201757,0.5419814614945083,0.0745636830613877,0.8189243661822425,0.8178105686656522,0.8181326152618777,0.9279806658054474,0.922037132269704,9427.0,0.6670441676104191,0.7428545407027853,0.4597027972027972,0.5237188740526886,0.1216479186900685,883.0,0.5102732181549072,0.4220631122589111,2026-04-21T14:43:04.518253+00:00
SR-p53,maccs,RandomForest,none,pr_auc,"{'max_depth': 5, 'max_features': 'log2', 'min_samples_leaf': 5, 'n_estimators': 200}",0.439620295828805,1715,0.9743440233236152,0.9670214754837526,0.6878929256832771,0.822508623791082,0.439620295828805,0.8032345013477089,0.8473055835301393,0.6125040696698275,0.8625668277536537,0.3723253741847668,5194.0,0.7429218573046432,0.7994533014532209,0.552500150698908,0.761178274990978,0.1983611388326459,883.0,0.4731709957122803,0.3984987735748291,2026-04-21T20:19:06.528357+00:00
SR-p53,maccs,RandomForest,random_over,pr_auc,"{'max_depth': 5, 'max_features': 'sqrt', 'min_samples_leaf': 5, 'n_estimators': 100}",0.449439807740624,1715,0.9743440233236152,0.9670214754837526,0.6878929256832771,0.8277675491503185,0.449439807740624,0.8080578512396694,0.8079084049364783,0.8079084049364784,0.8830298049996586,0.8813426329781935,9680.0,0.7089467723669309,0.7754980387605314,0.5329917168287287,0.7702453987730062,0.2062410912245396,883.0,0.3465940952301025,0.293069839477539,2026-04-21T20:19:22.847031+00:00
SR-p53,maccs,RandomForest,random_under,pr_auc,"{'max_depth': 15, 'max_features': 'log2', 'min_samples_leaf': 5, 'n_estimators': 100}",0.4314741271371775,1715,0.9731778425655976,0.9649236429265584,0.6645833333333333,0.815318604109792,0.4314741271371775,0.8728813559322034,0.8745935296015065,0.8611244300696558,0.9397403364295062,0.887055758013102,1062.0,0.7870894677236693,0.8313068611344073,0.5986984605863697,0.7931162035366294,0.2583246151669813,883.0,0.2361860275268554,0.1717796325683593,2026-04-21T20:19:35.709425+00:00
SR-p53,maccs,LogisticRegression,smote,pr_auc,"{'C': 0.001, 'l1_ratio': 0.0}",0.23973413517079,1715,0.9556851311953352,0.9526762447578776,0.6085885885885887,0.6793748545065922,0.23973413517079,0.7213842975206611,0.7213810594389656,0.7213810594389656,0.7942731883068096,0.7655323622964596,9680.0,0.6987542468856173,0.7673445844453771,0.5111596736596736,0.6825243594370263,0.1636470059579738,883.0,0.042734146118164,0.0345380306243896,2026-04-21T09:09:34.075951+00:00
SR-p53,maccs,LogisticRegression,smoteenn,pr_auc,"{'C': 0.001, 'l1_ratio': 0.0}",0.2384456642116101,1715,0.9527696793002915,0.950809443433657,0.6021052631578947,0.6801155482191606,0.2384456642116101,0.7252467367080547,0.725293945495359,0.7251634868035615,0.7970092039751651,0.7594360966833207,9423.0,0.695356738391846,0.7649012469859252,0.5089911587111604,0.6822536990256225,0.1623892618568224,883.0,0.0417561531066894,0.0364959239959716,2026-04-21T09:09:36.024443+00:00
SR-p53,maccs,XGBoost,smoten,pr_auc,"{'colsample_bytree': 0.8, 'learning_rate': 0.05, 'max_depth': 3, 'min_child_weight': 5, 'n_estimators': 100, 'scale_pos_weight': 1, 'subsample': 0.8}",0.2893207638158741,1715,0.9696793002915451,0.9610253801171622,0.6311461848984183,0.7139864135610438,0.2893207638158741,0.8841942148760331,0.883836722558306,0.883836722558306,0.9432713142886415,0.9299708266079793,9680.0,0.7870894677236693,0.8273116325402059,0.5590441582727698,0.7068206423673764,0.1775014728736145,883.0,0.22096610069274902,0.22609806060791016,2026-04-30T06:19:19.109045+00:00
SR-p53,maccs,XGBoost,smoten_enn,pr_auc,"{'colsample_bytree': 0.8, 'learning_rate': 0.05, 'max_depth': 3, 'min_child_weight': 10, 'n_estimators': 100, 'scale_pos_weight': 1, 'subsample': 0.8}",0.270192436421716,1715,0.9720116618075801,0.9627364908740754,0.6399202155579662,0.6912947326095698,0.270192436421716,0.8939345824071133,0.8937492865932509,0.8938310553898985,0.9532115609196928,0.9358814254089886,9447.0,0.8052095130237825,0.8401129818045548,0.5793840700121856,0.6933958859617466,0.1713005255512054,883.0,0.22081470489501953,0.23662424087524414,2026-04-30T06:19:30.416971+00:00
SR-p53,map4,RandomForest,none,pr_auc,"{'max_depth': 5, 'max_features': 'sqrt', 'min_samples_leaf': 5, 'n_estimators': 200}",0.3197266807292421,1715,0.9696793002915453,0.9571982353150112,0.572925446325952,0.7545182316466681,0.3197266807292421,0.9528301886792452,0.9546028576133944,0.8283775744611351,0.928764241023486,0.5606159517297885,5194.0,0.9082672706681768,0.8882391143370605,0.5403081194685999,0.7142638036809816,0.1668271436099707,883.0,0.8134250640869141,1.2490580081939695,2026-04-21T20:20:41.961878+00:00
SR-p53,map4,XGBoost,random_over,pr_auc,"{'colsample_bytree': 0.8, 'learning_rate': 0.1, 'max_depth': 7, 'min_child_weight': 10, 'n_estimators': 200, 'scale_pos_weight': 1, 'subsample': 0.8}",0.31617209975690275,1715,0.9685131195335277,0.9545962920988658,0.5419881305637982,0.7913889065244535,0.31617209975690275,0.9975206611570248,0.997520645916135,0.997520645916135,0.9999674928283587,0.9999627324814857,9680.0,0.9207248018120046,0.895893032053419,0.5523868837263194,0.6748917358354385,0.1863131815016855,883.0,3.7790417671203613,3.5999538898468018,2026-04-30T06:19:49.190417+00:00
SR-p53,map4,RandomForest,random_under,pr_auc,"{'max_depth': 15, 'max_features': 'sqrt', 'min_samples_leaf': 5, 'n_estimators': 100}",0.298807797825046,1715,0.970262390670554,0.9620930151465948,0.6430888635890656,0.7215943961229976,0.298807797825046,0.9651600753295668,0.9650718162221156,0.960608427073862,0.9867375275304032,0.9603351324728696,1062.0,0.8448471121177803,0.8608151390993192,0.5698854767771366,0.7151479610249009,0.179687950453316,883.0,0.2598068714141845,0.2094619274139404,2026-04-21T20:20:57.627186+00:00
SR-p53,map4,LogisticRegression,smote,pr_auc,"{'C': 0.001, 'l1_ratio': 0.0}",0.1183146573286506,1715,0.6454810495626823,0.757183024740676,0.4296466469751668,0.6242778236302458,0.1183146573286506,0.8526859504132231,0.8526823280949467,0.8526823280949467,0.9220663931766956,0.9122417515443458,9680.0,0.7191392978482446,0.7785587740287627,0.4826497826497826,0.5345272464814147,0.1155806838609095,883.0,0.237333059310913,0.2084920406341552,2026-04-21T09:09:47.347678+00:00
SR-p53,map4,LogisticRegression,smoteenn,pr_auc,"{'C': 0.001, 'l1_ratio': 0.0}",0.1157612745736313,1715,0.643731778425656,0.7558929359342478,0.4288073017425257,0.6207965631811737,0.1157612745736313,0.8559975010412328,0.8559991918554166,0.8559969374365048,0.925077587762211,0.9139431166490136,9604.0,0.72480181200453,0.782369301442503,0.4857974765448075,0.5290418621436305,0.1143950783905377,883.0,0.2689001560211181,0.2051718235015869,2026-04-21T09:09:48.387125+00:00
SR-p53,map4,LogisticRegression,smoten,pr_auc,"{'C': 0.001, 'l1_ratio': 0.0}",0.15848929348105,1715,0.8104956268221575,0.8678945021948469,0.5017765760128718,0.6613548346136753,0.15848929348105,0.8896694214876033,0.8893172822779735,0.8893172822779735,0.9418493229629123,0.9342123949567376,9680.0,0.7553793884484711,0.8036412933508582,0.512902237205026,0.5670064958498737,0.1226279297298362,883.0,0.2515180110931396,0.2519080638885498,2026-04-21T09:09:52.931853+00:00
SR-p53,map4,LogisticRegression,smoten_enn,pr_auc,"{'C': 0.001, 'l1_ratio': 0.0}",0.155239422390547,1715,0.8081632653061225,0.8664577299354257,0.5004599343608594,0.6556620743656487,0.155239422390547,0.8970727101038716,0.8967831053200045,0.8968568679059808,0.9500876480547416,0.938257761721823,9531.0,0.7553793884484711,0.8036412933508582,0.512902237205026,0.561412847347528,0.1216218885088498,883.0,0.3019678592681885,0.2317988872528076,2026-04-21T09:09:54.786283+00:00
SR-p53,mhfp,BernoulliNB,none,pr_auc,{'alpha': 0.1},0.2187559589167486,1715,0.965597667638484,0.9568530151681708,0.5978738201689021,0.7374664042494656,0.2187559589167486,0.8669618790912591,0.8897052171781454,0.6654708992489753,0.8805277349768875,0.4867498516074022,5194.0,0.79841449603624,0.833439749105487,0.5551007699275362,0.6650577408877661,0.1531743015284065,883.0,0.0762438774108886,0.0176308155059814,2026-04-21T14:43:25.841639+00:00
SR-p53,mhfp,RandomForest,random_over,pr_auc,"{'max_depth': 5, 'max_features': 'sqrt', 'min_samples_leaf': 5, 'n_estimators': 200}",0.252900588075111,1715,0.9690962099125364,0.9559138770383206,0.5577079349322901,0.7232239222906482,0.252900588075111,0.984297520661157,0.9842975039033194,0.9842975039033192,0.9986769815927872,0.9987174835999034,9680.0,0.9071347678369196,0.8875546493432049,0.5393082561335641,0.6563063875857091,0.1496751328832846,883.0,2.783115863800049,2.1089060306549072,2026-04-21T20:22:06.770282+00:00
SR-p53,mhfp,BernoulliNB,random_under,pr_auc,{'alpha': 0.1},0.2274744349541588,1715,0.9580174927113704,0.9546911475960644,0.6218487394957983,0.736831523924407,0.2274744349541588,0.8248587570621468,0.8267170123380702,0.8073692956416927,0.8972158383606244,0.8220257902224947,1062.0,0.7146092865232163,0.7781775454002144,0.5143692710606722,0.6672952002887045,0.1516387277884598,883.0,0.0645780563354492,0.0734899044036865,2026-04-21T14:43:29.537856+00:00
SR-p53,mhfp,BernoulliNB,smote,pr_auc,{'alpha': 10.0},0.1756708369609425,1715,0.9626822157434404,0.949378351028476,0.5056390300147732,0.7225678792880875,0.1756708369609425,0.9546487603305784,0.954555292613078,0.954555292613078,0.9797753739498668,0.9856487781937427,9680.0,0.9229898074745186,0.8860267292010987,0.4799764428739694,0.65401479610249,0.1479881080251299,883.0,0.3823790550231933,0.3967101573944092,2026-04-21T14:43:30.830810+00:00
SR-p53,mhfp,BernoulliNB,smoteenn,pr_auc,{'alpha': 10.0},0.1758258009210401,1715,0.9626822157434404,0.949378351028476,0.5056390300147732,0.7221023003830445,0.1758258009210401,0.9560132477747878,0.9559243492773996,0.955920584164569,0.9805987365072618,0.9862020876329058,9662.0,0.9229898074745186,0.8860267292010987,0.4799764428739694,0.6541591483219054,0.1479803956779017,883.0,0.3359968662261963,0.2999482154846191,2026-04-21T14:43:32.394766+00:00
SR-p53,mhfp,BernoulliNB,smoten,pr_auc,{'alpha': 0.1},0.1632357123607702,1715,0.963265306122449,0.950637444320932,0.5204841093373453,0.6080777940024971,0.1632357123607702,0.9216942148760332,0.9215986262193262,0.9215986262193264,0.964215238883956,0.9670294075251864,9680.0,0.9014722536806342,0.8854361913801494,0.5431808045669432,0.6622789606640203,0.1436893590827266,883.0,0.4105153083801269,0.3096189498901367,2026-04-21T14:43:36.046430+00:00
SR-p53,mhfp,RandomForest,smoten_enn,pr_auc,"{'max_depth': 10, 'max_features': 'sqrt', 'min_samples_leaf': 10, 'n_estimators': 200}",0.1718428349558405,1715,0.9626822157434404,0.949378351028476,0.5056390300147732,0.6664338772141452,0.1718428349558405,0.9749948122017016,0.974976436905128,0.9749732345712852,0.9999458710413086,0.9999450574060624,9638.0,0.9229898074745186,0.8860267292010987,0.4799764428739694,0.6470858895705521,0.1910615993251726,883.0,4.577620983123779,4.235382080078125,2026-04-21T20:23:21.356770+00:00
SR-p53,morgan_2048,RandomForest,none,pr_auc,"{'max_depth': 5, 'max_features': 'sqrt', 'min_samples_leaf': 10, 'n_estimators': 200}",0.414638915954156,1715,0.9708454810495628,0.9604518367409968,0.6137804921990415,0.7975684083550251,0.414638915954156,0.8669618790912591,0.8888007621676443,0.6571950187145398,0.8651342975206612,0.453634662810186,5194.0,0.7701019252548131,0.8137050996422632,0.525461106125226,0.6894532659689643,0.1498940480148093,883.0,0.5801551342010498,0.4705750942230224,2026-04-21T20:23:34.075404+00:00
SR-p53,morgan_2048,RandomForest,random_over,pr_auc,"{'max_depth': 15, 'max_features': 'log2', 'min_samples_leaf': 20, 'n_estimators': 200}",0.4092824586768703,1715,0.9714285714285714,0.9616069011385028,0.6270431961512686,0.8215457219647431,0.4092824586768703,0.8300619834710744,0.8292898888843732,0.8292898888843732,0.9233056357147736,0.9209695825476824,9680.0,0.7916194790486977,0.828958073558361,0.5500387725711754,0.7031847708408516,0.1519056258971747,883.0,1.4201860427856443,1.6116409301757812,2026-04-21T20:23:58.271284+00:00
SR-p53,morgan_2048,RandomForest,random_under,pr_auc,"{'max_depth': 10, 'max_features': 'log2', 'min_samples_leaf': 10, 'n_estimators': 200}",0.3679851375440512,1715,0.9743440233236152,0.9670214754837526,0.6878929256832771,0.7606659894609866,0.3679851375440512,0.7730696798493408,0.776454463410985,0.752960083394866,0.839994493919372,0.7198309982137797,1062.0,0.7146092865232163,0.7788039939355511,0.5237324703344121,0.7045200288704438,0.1510078118693942,883.0,0.5326991081237793,0.3465709686279297,2026-04-21T20:23:59.727693+00:00
SR-p53,morgan_2048,LogisticRegression,smote,pr_auc,"{'C': 0.01, 'l1_ratio': 1.0}",0.1480807087224815,1715,0.9236151603498542,0.9328959501320908,0.5519076311228387,0.7625283050811588,0.1480807087224815,0.787293388429752,0.7872254272015521,0.7872254272015521,0.8619827667167543,0.8567145737220349,9680.0,0.7349943374858438,0.7908127072022646,0.5090808005930318,0.6199386503067484,0.1194149477099364,883.0,0.2279951572418213,0.196692943572998,2026-04-21T09:10:38.990192+00:00
SR-p53,morgan_2048,LogisticRegression,smoteenn,pr_auc,"{'C': 0.01, 'l1_ratio': 1.0}",0.1458871768139012,1715,0.924198250728863,0.933234105984414,0.5525392569281655,0.755936131039299,0.1458871768139012,0.7911055433761353,0.7910371645096079,0.7910670617629381,0.8684586445513665,0.8612730833932005,9579.0,0.7383918459796149,0.7933702685367893,0.5139901212564542,0.620064958498737,0.1192688790017708,883.0,0.2150900363922119,0.1937689781188964,2026-04-21T09:10:39.400657+00:00
SR-p53,morgan_2048,XGBoost,smoten,pr_auc,"{'colsample_bytree': 0.8, 'learning_rate': 0.1, 'max_depth': 5, 'min_child_weight': 5, 'n_estimators': 100, 'scale_pos_weight': 1, 'subsample': 0.8}",0.18592196557558896,1715,0.967930029154519,0.9560756131396273,0.5687507143673562,0.720356379489133,0.18592196557558896,0.9508264462809918,0.9508256066116832,0.9508256066116831,0.9857513574892425,0.9888703579843507,9680.0,0.8901472253680635,0.8808158291167065,0.5488847338898691,0.579853843377842,0.13467281971202352,883.0,2.753261089324951,2.695019006729126,2026-04-30T06:31:23.828724+00:00
SR-p53,morgan_2048,XGBoost,smoten_enn,pr_auc,"{'colsample_bytree': 0.8, 'learning_rate': 0.1, 'max_depth': 3, 'min_child_weight': 5, 'n_estimators': 200, 'scale_pos_weight': 1, 'subsample': 0.8}",0.13875069711444432,1715,0.9661807580174927,0.9532212993422478,0.5382594325609031,0.6527257528622521,0.13875069711444432,0.9738562091503268,0.9738584060929866,0.9738505133730606,0.9940812411280654,0.9948286393818403,9486.0,0.8980747451868629,0.8808294325657783,0.5229891956782713,0.4994496571634789,0.10072661879733005,883.0,3.9967942237854004,3.93457293510437,2026-04-30T06:32:01.236479+00:00
SR-p53,morgan_4096,RandomForest,none,pr_auc,"{'max_depth': 5, 'max_features': 'log2', 'min_samples_leaf': 20, 'n_estimators': 200}",0.4169682235963492,1715,0.972594752186589,0.9631739663981556,0.642265922838972,0.7794954817683533,0.4169682235963492,0.892375818251829,0.9061879709572072,0.6887798410051842,0.8766225428398002,0.4436267540254516,5194.0,0.82559456398641,0.8484480765974874,0.5541105952099893,0.6750721761097077,0.1381161894467495,883.0,0.4776890277862549,0.5202319622039795,2026-04-21T20:25:31.980598+00:00
SR-p53,morgan_4096,RandomForest,random_over,pr_auc,"{'max_depth': 10, 'max_features': 'sqrt', 'min_samples_leaf': 5, 'n_estimators': 200}",0.4070292980169655,1715,0.9685131195335276,0.9545962920988658,0.5419881305637982,0.7720462192876643,0.4070292980169655,0.8760330578512396,0.8750560182727991,0.8750560182727991,0.9690321059012362,0.9688149224329876,9680.0,0.8505096262740657,0.8606044152096681,0.5464041095890411,0.6803771201732226,0.141224788602642,883.0,5.206194162368774,4.4163289070129395,2026-04-21T20:26:00.410460+00:00
SR-p53,morgan_4096,RandomForest,random_under,pr_auc,"{'max_depth': 10, 'max_features': 'sqrt', 'min_samples_leaf': 5, 'n_estimators': 200}",0.3952683361527928,1715,0.972594752186589,0.9631739663981556,0.642265922838972,0.7496666878293441,0.3952683361527928,0.8436911487758946,0.8413010600368173,0.8190354965201503,0.9103466436847648,0.8448057014749708,1062.0,0.7633069082672707,0.8104552327666498,0.5331339855143958,0.6992872609166367,0.1493022153173428,883.0,0.7353842258453369,0.6062381267547607,2026-04-21T20:26:24.604800+00:00
SR-p53,morgan_4096,LogisticRegression,smote,pr_auc,"{'C': 0.01, 'l1_ratio': 1.0}",0.130239304270436,1715,0.8979591836734694,0.918409593556118,0.5332201085899942,0.7202876007872516,0.130239304270436,0.7951446280991735,0.7951384867837897,0.7951384867837896,0.8817506061744416,0.8797493283276041,9680.0,0.766704416761042,0.8107776399110768,0.516824981937184,0.5985925658607001,0.1165107037187039,883.0,0.43865966796875,0.2983019351959228,2026-04-21T09:10:58.833285+00:00
SR-p53,morgan_4096,LogisticRegression,smoteenn,pr_auc,"{'C': 0.01, 'l1_ratio': 1.0}",0.1299642774726608,1715,0.8979591836734694,0.918409593556118,0.5332201085899942,0.719123653524644,0.1299642774726608,0.7990440565253533,0.7990351260769798,0.799040229190336,0.887118088186517,0.881692376170946,9624.0,0.766704416761042,0.8107776399110768,0.516824981937184,0.5966708769397329,0.1135396614919047,883.0,0.3522722721099853,0.2786941528320312,2026-04-21T09:11:01.062796+00:00
SR-p53,morgan_4096,XGBoost,smoten,pr_auc,"{'colsample_bytree': 0.8, 'learning_rate': 0.1, 'max_depth': 7, 'min_child_weight': 10, 'n_estimators': 200, 'scale_pos_weight': 1, 'subsample': 0.8}",0.27386358339686584,1715,0.967930029154519,0.9532437823303788,0.5257404884131349,0.7955367913148372,0.27386358339686584,0.9637396694214876,0.963732615460402,0.9637326154604019,0.9909582038453657,0.9926062305826694,9680.0,0.9150622876557192,0.8923824595404868,0.5466307941919452,0.6568837964633706,0.15171014097711863,883.0,13.959697008132935,13.785860776901245,2026-04-30T06:34:53.943049+00:00
SR-p53,morgan_4096,XGBoost,smoten_enn,pr_auc,"{'colsample_bytree': 0.8, 'learning_rate': 0.1, 'max_depth': 3, 'min_child_weight': 1, 'n_estimators': 100, 'scale_pos_weight': 1, 'subsample': 0.8}",0.23166092725067136,1715,0.9690962099125364,0.9568215830606501,0.5714945714945715,0.6985799843396185,0.23166092725067136,0.9696173254835997,0.9696191307271118,0.969612077682692,0.9912943427700102,0.9926326257584653,9512.0,0.8856172140430351,0.8747722545470379,0.5225468309161675,0.5218152291591484,0.09345450859466839,883.0,6.222379922866821,6.121387958526611,2026-04-30T06:38:17.453062+00:00
SR-p53,pubchem,BernoulliNB,none,pr_auc,{'alpha': 10.0},0.4298472495754882,1715,0.97201166180758,0.9627364908740754,0.6399202155579662,0.7984149154551035,0.4298472495754882,0.8271082017712745,0.8563426523418662,0.5622938961542547,0.6976963393565858,0.1490119998062356,5194.0,0.766704416761042,0.8107776399110768,0.516824981937184,0.6971219776254061,0.1318643522046166,883.0,0.0522358417510986,0.0076799392700195,2026-04-21T14:44:14.713234+00:00
SR-p53,pubchem,XGBoost,random_over,pr_auc,"{'colsample_bytree': 0.8, 'learning_rate': 0.05, 'max_depth': 3, 'min_child_weight': 1, 'n_estimators': 100, 'scale_pos_weight': 1, 'subsample': 0.8}",0.4270280153330643,1715,0.9731778425655977,0.9649236429265585,0.6645833333333333,0.7468097263665799,0.4270280153330643,0.8083677685950413,0.8082946871640448,0.8082946871640448,0.8974470664572093,0.8945274966431879,9680.0,0.7236693091732729,0.7853789866675229,0.5320980576114528,0.7489714904366656,0.22269894942123022,883.0,1.0751309394836426,1.0927000045776367,2026-04-30T06:40:58.657760+00:00
SR-p53,pubchem,XGBoost,random_under,pr_auc,"{'colsample_bytree': 0.8, 'learning_rate': 0.05, 'max_depth': 3, 'min_child_weight': 1, 'n_estimators': 200, 'scale_pos_weight': 1, 'subsample': 0.8}",0.4106696183979431,1715,0.9708454810495627,0.9604518367409969,0.6137804921990415,0.7736704547859394,0.4106696183979431,0.864406779661017,0.8582479452941303,0.8350540371464935,0.9379947492738356,0.8972743272738265,1062.0,0.840317100792752,0.8614757560494744,0.593585663222837,0.766600505232768,0.2154589155546542,883.0,0.25513386726379395,0.23172903060913086,2026-04-30T06:41:56.495456+00:00
SR-p53,pubchem,BernoulliNB,smote,pr_auc,{'alpha': 50.0},0.2819423953940254,1715,0.9731778425655976,0.9649236429265584,0.6645833333333333,0.6122415508010073,0.2819423953940254,0.6895661157024794,0.6863712375672752,0.6863712375672752,0.7688350992077043,0.7760341240002396,9680.0,0.6115515288788222,0.701878172279692,0.4651272858921491,0.6567123782028149,0.1559380114322264,883.0,0.1118867397308349,0.0593769550323486,2026-04-21T14:44:18.678982+00:00
SR-p53,pubchem,BernoulliNB,smoteenn,pr_auc,{'alpha': 50.0},0.2821455627683914,1715,0.9743440233236152,0.9670214754837526,0.6878929256832771,0.6122891668253867,0.2821455627683914,0.703664700926706,0.7011184321035735,0.7015994520865882,0.7723311562792876,0.770605527566469,9496.0,0.6240090600226501,0.7116266874647051,0.4744876740617516,0.6560086611331649,0.1516540556359308,883.0,0.09995698928833,0.115246295928955,2026-04-21T14:44:20.353071+00:00
SR-p53,pubchem,BernoulliNB,smoten,pr_auc,{'alpha': 50.0},0.238367079636112,1715,0.9714285714285714,0.9608673644334864,0.6157960909818265,0.5757094787632531,0.238367079636112,0.7221074380165289,0.7207374354046058,0.7207374354046058,0.8149184439245953,0.8341808918960032,9680.0,0.6602491506228766,0.7387229602427341,0.4722687066698542,0.6324612053410321,0.1497270584923784,883.0,0.1256828308105468,0.1072120666503906,2026-04-21T14:44:24.320125+00:00
SR-p53,pubchem,BernoulliNB,smoten_enn,pr_auc,{'alpha': 50.0},0.2231849093445234,1715,0.9714285714285714,0.9608673644334864,0.6157960909818265,0.5592607876748565,0.2231849093445234,0.7367251956843665,0.7357557777080729,0.736070108357488,0.8283115168710393,0.8376351722191895,9454.0,0.681766704416761,0.7540244001650788,0.4800320208554682,0.6217430530494407,0.1445081826226372,883.0,0.1125679016113281,0.1075828075408935,2026-04-21T14:44:27.382286+00:00
SR-p53,rdkit,RandomForest,none,pr_auc,"{'max_depth': 5, 'max_features': 'sqrt', 'min_samples_leaf': 5, 'n_estimators': 100}",0.4399023358582398,1715,0.9714285714285714,0.9608673644334864,0.6157960909818265,0.7917486720419867,0.4399023358582398,0.9372352714670774,0.9413895193109733,0.7860898874133366,0.927488093570528,0.6793729614763244,5194.0,0.8391845979614949,0.8548256211872552,0.547356033038757,0.764426199927824,0.1755188753300936,883.0,0.4598369598388672,0.2724149227142334,2026-04-21T20:30:19.513340+00:00
SR-p53,rdkit,RandomForest,random_over,pr_auc,"{'max_depth': 15, 'max_features': 'log2', 'min_samples_leaf': 10, 'n_estimators': 100}",0.4360976728826483,1715,0.970262390670554,0.9584509572847766,0.5876645876645876,0.8202653799758746,0.4360976728826483,0.971900826446281,0.9719001355132016,0.9719001355132016,0.9957489669421488,0.995741940084488,9680.0,0.8652321630804077,0.867414328601288,0.5413987997817785,0.7651299169974738,0.200282840234567,883.0,0.5786840915679932,0.5167300701141357,2026-04-21T20:30:48.765623+00:00
SR-p53,rdkit,RandomForest,random_under,pr_auc,"{'max_depth': 10, 'max_features': 'sqrt', 'min_samples_leaf': 20, 'n_estimators': 200}",0.4282505901158195,1715,0.974927113702624,0.9674951043515254,0.6907823840931867,0.798637123568874,0.4282505901158195,0.8041431261770244,0.8078613072978937,0.7890579342009267,0.8849508442656963,0.8145770676350733,1062.0,0.6976217440543602,0.7673436569600338,0.5273332010128532,0.7575694695055936,0.1726928425387435,883.0,0.5316708087921143,0.5164470672607422,2026-04-21T20:30:49.599399+00:00
SR-p53,rdkit,LogisticRegression,smote,pr_auc,"{'C': 0.001, 'l1_ratio': 0.0}",0.1272729325397491,1715,0.933527696793003,0.9374571550898082,0.5442657342657342,0.5796986434723721,0.1272729325397491,0.8730371900826446,0.8729845837322211,0.872984583732221,0.9414960342531248,0.9343998380498892,9680.0,0.8063420158550396,0.8382567745067607,0.5577823661204586,0.6404998195597258,0.1701541176980449,883.0,0.8203539848327637,0.7752871513366699,2026-04-21T09:11:37.439897+00:00
SR-p53,rdkit,LogisticRegression,smoteenn,pr_auc,"{'C': 0.001, 'l1_ratio': 0.0}",0.1290519865549358,1715,0.9358600583090378,0.940058202957177,0.5666565595310289,0.579751550166127,0.1290519865549358,0.8792992261392949,0.8793463992128555,0.8792682623156802,0.948285063797802,0.9372092852292894,9304.0,0.8131370328425821,0.842708749522987,0.5630875804057397,0.6414020209310719,0.176906030641484,883.0,0.7192530632019043,0.6748330593109131,2026-04-21T09:11:41.875347+00:00
SR-p53,rdkit,RandomForest,smoten,pr_auc,"{'max_depth': 15, 'max_features': 'sqrt', 'min_samples_leaf': 20, 'n_estimators': 100}",0.1877185769378208,1715,0.967930029154519,0.9532437823303788,0.5257404884131349,0.7449579920851587,0.1877185769378208,0.9446280991735536,0.9446276996995272,0.9446276996995274,0.9864296325387608,0.98624467593941,9680.0,0.8731596828992072,0.8664220341297533,0.5069203462167444,0.7097708408516782,0.1476830093683176,883.0,1.6300959587097168,2.0948541164398193,2026-04-21T20:31:09.102109+00:00
SR-p53,rdkit,LogisticRegression,smoten_enn,pr_auc,"{'C': 0.1, 'l1_ratio': 1.0}",0.1707346722029487,1715,0.9667638483965014,0.9569121150706268,0.5901068812398056,0.5556790045076503,0.1707346722029487,0.9717329395633372,0.9717324861045196,0.9717329241545424,0.9945346988127738,0.9929620722779532,9481.0,0.869762174405436,0.8756261209538472,0.5836015828429664,0.6516149404547096,0.166844502751957,883.0,0.7453210353851318,0.4978580474853515,2026-04-21T09:11:51.461159+00:00
SR-p53,topological_torsion,BalancedRandomForest,none,pr_auc,"{'max_depth': 15, 'max_features': 'sqrt', 'min_samples_leaf': 5, 'n_estimators': 100}",0.3909838498804873,1715,0.9731778425655976,0.9649236429265584,0.6645833333333333,0.6972361543182444,0.3909838498804873,0.8242202541393916,0.862142013849092,0.6368214654282766,0.8775788509128262,0.519389102793837,5194.0,0.7474518686296716,0.8028134704261424,0.5581086388168894,0.7339137495488991,0.1605269126932615,883.0,1.2212836742401123,1.180145263671875,2026-04-22T01:15:22.744886+00:00
SR-p53,topological_torsion,RandomForest,random_over,pr_auc,"{'max_depth': 15, 'max_features': 'sqrt', 'min_samples_leaf': 20, 'n_estimators': 200}",0.3983893619564262,1715,0.972594752186589,0.9631739663981556,0.642265922838972,0.7098596914481621,0.3983893619564262,0.8356404958677686,0.8353260434484943,0.8353260434484944,0.9241294139744554,0.9307729811929008,9680.0,0.7848244620611552,0.8269952482758574,0.568785598256328,0.7376669072536991,0.162432205747155,883.0,4.532137870788574,3.632943153381348,2026-04-21T20:32:12.589386+00:00
SR-p53,topological_torsion,RandomForest,random_under,pr_auc,"{'max_depth': 15, 'max_features': 'sqrt', 'min_samples_leaf': 5, 'n_estimators': 200}",0.3743587838114904,1715,0.9731778425655976,0.9649236429265584,0.6645833333333333,0.6926332719615687,0.3743587838114904,0.8107344632768362,0.8129948989859219,0.7924770979342206,0.8943630502090715,0.844823077412299,1062.0,0.72480181200453,0.7870404353118078,0.546147939920427,0.7421598700830025,0.1684276539409293,883.0,0.5869698524475098,0.4833600521087646,2026-04-21T20:32:24.798479+00:00
SR-p53,topological_torsion,DecisionTree,smote,pr_auc,"{'ccp_alpha': 0.001, 'criterion': 'entropy', 'max_depth': 10, 'min_samples_leaf': 10}",0.0925893216182198,1715,0.3387755102040816,0.4754109070861134,0.2754536215210925,0.5084015829682772,0.0925893216182198,0.7947314049586777,0.7903010998874205,0.7903010998874205,0.8156695879721331,0.7388085838838949,9680.0,0.5413363533408834,0.6442543357464633,0.4214145303639467,0.5629556116925298,0.0884177893810119,883.0,1.640561819076538,1.548627853393555,2026-04-22T11:47:23.160930+00:00
SR-p53,topological_torsion,LogisticRegression,smoteenn,pr_auc,"{'C': 0.001, 'l1_ratio': 0.0}",0.088198754665392,1715,0.5551020408163265,0.6872187882429466,0.3828750290630634,0.4508814255179565,0.088198754665392,0.8253471134773985,0.8253291401452875,0.8252983722377756,0.9009156916670008,0.8912630867671876,9579.0,0.7281993204983013,0.7857020393826736,0.4993384993384993,0.5183417538794659,0.1108925466976626,883.0,0.1535701751708984,0.1194791793823242,2026-04-21T09:12:00.090829+00:00
SR-p53,topological_torsion,DecisionTree,smoten,pr_auc,"{'ccp_alpha': 0.001, 'criterion': 'entropy', 'max_depth': 15, 'min_samples_leaf': 50}",0.114981562797336,1715,0.9399416909620992,0.9416153898205716,0.5588165509042456,0.5371722430321884,0.114981562797336,0.8981404958677686,0.8981160312937994,0.8981160312937995,0.9499483257632676,0.9406047559187052,9680.0,0.8006795016987542,0.8324469502930031,0.5358183990442055,0.5677282569469505,0.1114664960024821,883.0,1.4044370651245115,1.1393742561340332,2026-04-22T11:48:17.231716+00:00
SR-p53,topological_torsion,DecisionTree,smoten_enn,pr_auc,"{'ccp_alpha': 0.001, 'criterion': 'entropy', 'max_depth': 10, 'min_samples_leaf': 20}",0.1122855994196645,1715,0.9434402332361516,0.9445857576753788,0.5777888322347966,0.5390239773136096,0.1122855994196645,0.8381484605651623,0.8381348621459886,0.8381465009676395,0.9052826761270208,0.8547988928975443,9484.0,0.7848244620611552,0.8233806194352642,0.5353661238506702,0.5632804041862144,0.1045699027862657,883.0,1.2936482429504397,0.6505281925201416,2026-04-22T11:48:34.945555+00:00
