target,fingerprint,model,resampling,optimized_for,best_params,val_selection,val_n,val_accuracy,val_f1_weighted,val_f1_macro,val_roc_auc,val_pr_auc,final_train_accuracy,final_train_f1_weighted,final_train_f1_macro,final_train_roc_auc,final_train_pr_auc,final_train_n,final_test_accuracy,final_test_f1_weighted,final_test_f1_macro,final_test_roc_auc,final_test_pr_auc,final_test_n,training_time,refit_time,run_date
NR-AR,atom_pair,BalancedRandomForest,none,f1_macro,"{'max_depth': 10, 'max_features': 'log2', 'min_samples_leaf': 20, 'n_estimators': 100}",0.5985703793918532,1421,0.9831104855735396,0.98118253920473,0.7956865564342199,0.8533627558194031,0.5985703793918532,0.8842561707805203,0.913088593913634,0.6179552294440497,0.8569843022968022,0.5896319643402655,5996.0,0.9031890660592256,0.9338632732710184,0.5074415074415075,0.6252607184241019,0.1106137930762563,878.0,0.7522909641265869,0.5950450897216797,2026-04-21T21:46:48.739886+00:00
NR-AR,atom_pair,BernoulliNB,random_over,f1_macro,{'alpha': 50.0},0.4943598910555815,1421,0.9781843771991556,0.9780388943853434,0.7820735441804321,0.8293430713950947,0.4943598910555815,0.7738218988218988,0.7717074006464384,0.7717074006464384,0.8069687811111927,0.8027545765097927,11544.0,0.8826879271070615,0.9223866049384196,0.4962539618878918,0.5847817690227888,0.0281294626165411,878.0,0.4072661399841308,0.3624191284179687,2026-04-21T14:01:06.048839+00:00
NR-AR,atom_pair,RandomForest,random_under,f1_macro,"{'max_depth': 5, 'max_features': 'log2', 'min_samples_leaf': 5, 'n_estimators': 200}",0.5797113642225209,1421,0.984517945109078,0.9820797715328426,0.7996231155778895,0.8528745508514293,0.5797113642225209,0.8705357142857143,0.8644585388771436,0.8421423537702608,0.9013173628826532,0.88082078439038,672.0,0.9453302961275628,0.9570936688892516,0.5414544979762371,0.6197759752800309,0.0846422994893705,878.0,0.4433789253234863,0.3614451885223388,2026-04-21T16:05:07.905306+00:00
NR-AR,atom_pair,RandomForest,smote,f1_macro,"{'max_depth': 5, 'max_features': 'sqrt', 'min_samples_leaf': 5, 'n_estimators': 100}",0.3712931171011167,1421,0.9831104855735396,0.9791295931474062,0.755702005730659,0.5512127011404468,0.3712931171011167,0.8233714483714484,0.8183410915309624,0.8183410915309624,0.9630922802700348,0.9665765158145856,11544.0,0.9760820045558086,0.9737247486212164,0.5739341421143848,0.5946697566628042,0.0795643552859586,878.0,1.138922929763794,1.0968561172485352,2026-04-21T16:05:07.905197+00:00
NR-AR,atom_pair,RandomForest,smoteenn,f1_macro,"{'max_depth': 5, 'max_features': 'sqrt', 'min_samples_leaf': 5, 'n_estimators': 100}",0.3728356669449187,1421,0.9831104855735396,0.9791295931474062,0.755702005730659,0.5484689892204343,0.3728356669449187,0.8238414050952091,0.8186384005282001,0.8185222379132565,0.9661228020453017,0.9688142473387712,11501.0,0.9760820045558086,0.9737247486212164,0.5739341421143848,0.6155272305909618,0.0934959773835421,878.0,1.15805983543396,0.8370959758758545,2026-04-21T16:05:24.392997+00:00
NR-AR,atom_pair,LogisticRegression,smoten,f1_macro,"{'C': 0.001, 'l1_ratio': 1.0}",0.3789319524346747,1421,0.9831104855735396,0.98045065985401,0.7814070351758794,0.7151324011873145,0.3789319524346747,0.7778932778932779,0.7728746199334436,0.7728746199334435,0.7778932778932779,0.7488432902634086,11544.0,0.9362186788154896,0.9515999054454808,0.5168238993710692,0.5417535728080339,0.0207323040580443,878.0,0.2011561393737793,0.206317663192749,2026-04-21T08:28:35.638259+00:00
NR-AR,atom_pair,LogisticRegression,smoten_enn,f1_macro,"{'C': 0.001, 'l1_ratio': 1.0}",0.3789319524346747,1421,0.9831104855735396,0.98045065985401,0.7814070351758794,0.7151324011873145,0.3789319524346747,0.781751570132589,0.776877241998509,0.7766414824756998,0.7807340693848073,0.7495204720040821,11464.0,0.9362186788154896,0.9515999054454808,0.5168238993710692,0.5417535728080339,0.0207323040580443,878.0,0.1795039176940918,0.1916141510009765,2026-04-21T08:28:39.317202+00:00
NR-AR,avalon,BernoulliNB,none,f1_macro,{'alpha': 0.1},0.5932867844135828,1421,0.9859254046446164,0.9840245253868491,0.8239942528735632,0.8608908764255585,0.5932867844135828,0.8448965977318212,0.8884745697765043,0.5769145325292078,0.8062285757598258,0.1665600418043685,5996.0,0.8052391799544419,0.877143036930097,0.4733385951065509,0.5649285438393201,0.0304710068016981,878.0,0.0096569061279296,0.0028328895568847,2026-04-21T14:01:12.359505+00:00
NR-AR,avalon,BernoulliNB,random_over,f1_macro,{'alpha': 0.1},0.5919510994113907,1421,0.984517945109078,0.982750660937669,0.8127126767313684,0.8599925792844868,0.5919510994113907,0.7569300069300069,0.7550098452987084,0.7550098452987084,0.8041029194875349,0.7956362348711739,11544.0,0.7995444191343963,0.8736474972304296,0.4708307650160948,0.5647354190807261,0.0296480823540963,878.0,0.0764741897583007,0.0691587924957275,2026-04-21T14:01:12.933684+00:00
NR-AR,avalon,BernoulliNB,random_under,f1_macro,{'alpha': 10.0},0.5668787383192132,1421,0.984517945109078,0.982750660937669,0.8127126767313684,0.8659193875956883,0.5668787383192132,0.7901785714285714,0.7898213995575609,0.7631525665221033,0.8063865194515307,0.6749094865603061,672.0,0.7687927107061503,0.8544035446422817,0.4576932321950715,0.5565469293163383,0.0259941902548495,878.0,0.0215640068054199,0.0021719932556152,2026-04-21T14:01:14.168165+00:00
NR-AR,avalon,BernoulliNB,smote,f1_macro,{'alpha': 0.1},0.4640033685783193,1421,0.984517945109078,0.9813039353957836,0.7845188861317893,0.6986506014685205,0.4640033685783193,0.786036036036036,0.7808848613177874,0.7808848613177874,0.8193365682970674,0.8349390761556129,11544.0,0.9328018223234624,0.9501982117679048,0.5287085475139881,0.5404016994978755,0.0361448861733815,878.0,0.0676779747009277,0.0550000667572021,2026-04-21T14:01:14.589050+00:00
NR-AR,avalon,BernoulliNB,smoteenn,f1_macro,{'alpha': 10.0},0.4697494767776352,1421,0.984517945109078,0.9813039353957836,0.7845188861317893,0.7313212779253242,0.4697494767776352,0.7937050675083289,0.7890171725594269,0.7886205266348725,0.8164997450141221,0.8326290999245889,11406.0,0.9328018223234624,0.9501982117679048,0.5287085475139881,0.5589803012746234,0.0358361235168999,878.0,0.0663099288940429,0.0576589107513427,2026-04-21T14:01:23.621257+00:00
NR-AR,avalon,BernoulliNB,smoten,f1_macro,{'alpha': 50.0},0.4619919788185377,1421,0.983814215341309,0.9802311712809514,0.7703894169634891,0.689413763474457,0.4619919788185377,0.7908870408870409,0.7859914286649001,0.7859914286649001,0.8422270523362,0.8483800132178873,11544.0,0.9373576309794988,0.9527021184322986,0.532956139078292,0.5475859405175744,0.035998477804035,878.0,0.0794329643249511,0.0827481746673584,2026-04-21T14:01:18.964004+00:00
NR-AR,avalon,BernoulliNB,smoten_enn,f1_macro,{'alpha': 50.0},0.4578458406836253,1421,0.9831104855735396,0.9791295931474062,0.755702005730659,0.6740450710826433,0.4578458406836253,0.7974506722542344,0.7927586138888376,0.7925069540241858,0.8530721445188183,0.8557625302290595,11454.0,0.938496583143508,0.9533284802509993,0.5340801886792453,0.5448435689455389,0.0365332534833793,878.0,0.0863497257232666,0.0641539096832275,2026-04-21T14:01:26.718824+00:00
NR-AR,erg,BalancedRandomForest,none,f1_macro,"{'max_depth': 5, 'max_features': 'sqrt', 'min_samples_leaf': 20, 'n_estimators': 100}",0.5897284031580764,1421,0.983814215341309,0.9821273314349088,0.8073402066717362,0.8542024683643182,0.5897284031580764,0.9066044029352902,0.927390028620517,0.6515080877075066,0.8792995433620434,0.6263753549458605,5996.0,0.9236902050113897,0.9455617453002132,0.5334047194130478,0.6202780996523755,0.0915302168726333,878.0,0.7459793090820312,0.2832238674163818,2026-04-21T21:46:48.741387+00:00
NR-AR,erg,XGBoost,random_over,f1_macro,"{'colsample_bytree': 0.8, 'learning_rate': 0.05, 'max_depth': 3, 'min_child_weight': 10, 'n_estimators': 100, 'scale_pos_weight': 1, 'subsample': 0.8}",0.4672637136315661,1421,0.9831104855735397,0.9800433770368254,0.7734736170891121,0.7409877362912045,0.4672637136315661,0.8916320166320166,0.8911388401497067,0.8911388401497067,0.9529196105989245,0.9630538684262412,11544.0,0.958997722095672,0.9640035363269989,0.5395104895104895,0.7120509849362688,0.07401225206359022,878.0,0.5958020687103271,0.6026692390441895,2026-04-29T21:01:36.098266+00:00
NR-AR,erg,RandomForest,random_under,f1_macro,"{'max_depth': 10, 'max_features': 'sqrt', 'min_samples_leaf': 20, 'n_estimators': 100}",0.573223193182432,1421,0.9831104855735396,0.98118253920473,0.7956865564342199,0.8507655053897829,0.573223193182432,0.8497023809523809,0.8443701847210618,0.8199944305207463,0.8933304767219388,0.8692271699445109,672.0,0.9157175398633256,0.9411322001627198,0.5266777398956786,0.6357280803398996,0.0708336529831758,878.0,0.206334114074707,0.1309912204742431,2026-04-21T16:07:44.738730+00:00
NR-AR,erg,DecisionTree,smote,f1_macro,"{'ccp_alpha': 0.0, 'criterion': 'gini', 'max_depth': 10, 'min_samples_leaf': 10}",0.3992267436754818,1421,0.9831104855735396,0.9796042931590366,0.7649296939619521,0.6825203093266676,0.3992267436754818,0.967082467082467,0.967074102184732,0.9670741021847318,0.9929676097815392,0.992536429937422,11544.0,0.958997722095672,0.9640035363269988,0.5395104895104895,0.6168791039011201,0.0609405962929171,878.0,0.3205549716949463,0.3139131069183349,2026-04-22T07:17:20.858048+00:00
NR-AR,erg,RandomForest,smoteenn,f1_macro,"{'max_depth': 5, 'max_features': 'sqrt', 'min_samples_leaf': 5, 'n_estimators': 200}",0.4971232267259148,1421,0.9831104855735396,0.9791295931474062,0.755702005730659,0.828347133260428,0.4971232267259148,0.9050313909275798,0.9041435516729412,0.9039297789015888,0.9648900873616424,0.9732376615079916,11309.0,0.9726651480637812,0.9717047221318292,0.564484126984127,0.692275009656238,0.1138757302184214,878.0,0.94598388671875,0.7493009567260742,2026-04-21T16:07:59.117214+00:00
NR-AR,erg,RandomForest,smoten,f1_macro,"{'max_depth': 5, 'max_features': 'log2', 'min_samples_leaf': 5, 'n_estimators': 100}",0.3667323897652062,1421,0.9831104855735396,0.9791295931474062,0.755702005730659,0.4902554288392439,0.3667323897652062,0.8000693000693001,0.7923483070459827,0.7923483070459827,0.9667215592371518,0.966713019462643,11544.0,0.9726651480637812,0.9717047221318292,0.564484126984127,0.5956353804557745,0.1182641260057523,878.0,0.336683988571167,0.3009679317474365,2026-04-21T16:08:01.222784+00:00
NR-AR,erg,RandomForest,smoten_enn,f1_macro,"{'max_depth': 5, 'max_features': 'log2', 'min_samples_leaf': 5, 'n_estimators': 100}",0.371168471280825,1421,0.9831104855735396,0.9791295931474062,0.755702005730659,0.4938095610060928,0.371168471280825,0.8666544555362212,0.8634840090293906,0.8620397458611917,0.984627438411196,0.9837882382438976,10919.0,0.9749430523917996,0.9730445624529656,0.5705646954201867,0.6194669756662804,0.1563867269428832,878.0,0.417665958404541,0.2035582065582275,2026-04-21T16:08:08.548724+00:00
NR-AR,estate,RUSBoost,none,f1_macro,"{'learning_rate': 0.005, 'n_estimators': 50, 'sampling_strategy': 'auto'}",0.6149263383468293,1421,0.9831104855735396,0.9815124686249048,0.8021350661406359,0.896520074988283,0.6149263383468293,0.9169446297531688,0.9343053902259036,0.6725730557076087,0.9012945809820808,0.5625871750724651,5996.0,0.9316628701594531,0.949572418119816,0.5277030661646046,0.6642332947083815,0.0881484415441938,878.0,0.1554269790649414,0.2267210483551025,2026-04-29T18:00:31.294748+00:00
NR-AR,estate,DecisionTree,random_over,f1_macro,"{'ccp_alpha': 0.0, 'criterion': 'gini', 'max_depth': 5, 'min_samples_leaf': 10}",0.4763683406359061,1421,0.9831104855735396,0.98045065985401,0.7814070351758794,0.6768473675988127,0.4763683406359061,0.8504851004851005,0.850273476170459,0.8502734761704589,0.9060023711141174,0.8968409127044472,11544.0,0.8724373576309795,0.917114034973972,0.5140733712839974,0.702008497489378,0.063049391458241,878.0,0.0258598327636718,0.0189137458801269,2026-04-22T07:17:39.706364+00:00
NR-AR,estate,DecisionTree,random_under,f1_macro,"{'ccp_alpha': 0.0, 'criterion': 'gini', 'max_depth': 10, 'min_samples_leaf': 20}",0.485736167267175,1421,0.984517945109078,0.9817064289504231,0.7923508156650194,0.751581784096235,0.485736167267175,0.8318452380952381,0.8298674003592036,0.8065497344185869,0.8924435985331634,0.8394623641551846,672.0,0.878132118451025,0.920207528377408,0.5100931879455369,0.6246040942448823,0.0593538563538865,878.0,0.0054597854614257,0.001551866531372,2026-04-22T07:17:40.435323+00:00
NR-AR,estate,DecisionTree,smote,f1_macro,"{'ccp_alpha': 0.01, 'criterion': 'gini', 'max_depth': 5, 'min_samples_leaf': 10}",0.518339502117123,1421,0.983814215341309,0.9806685337101376,0.7788955262249944,0.8108010467114513,0.518339502117123,0.8666839916839917,0.8663500984386585,0.8663500984386585,0.9131489707763096,0.8999612503221843,11544.0,0.9168564920273348,0.9417655332550108,0.5275916712732633,0.7158362302047122,0.0518166674644706,878.0,0.0331661701202392,0.0386748313903808,2026-04-22T07:17:41.234158+00:00
NR-AR,estate,DecisionTree,smoteenn,f1_macro,"{'ccp_alpha': 0.0, 'criterion': 'entropy', 'max_depth': 10, 'min_samples_leaf': 10}",0.4438956883388393,1421,0.983814215341309,0.9806685337101376,0.7788955262249944,0.6386697391032651,0.4438956883388393,0.9677221833449964,0.967712573576518,0.9677053501263868,0.9959778105096126,0.9952562134784082,11432.0,0.9498861047835992,0.9596151329756692,0.5471043376318874,0.6889532638084201,0.0583728735268007,878.0,0.0547358989715576,0.0612609386444091,2026-04-22T07:17:42.023817+00:00
NR-AR,estate,RandomForest,smoten,f1_macro,"{'max_depth': 10, 'max_features': 'log2', 'min_samples_leaf': 10, 'n_estimators': 100}",0.3944647448855414,1421,0.9824067558057706,0.978987536641454,0.7596690502445591,0.5200945164817997,0.3944647448855414,0.9306133056133056,0.9304119307069676,0.9304119307069676,0.9885256728422008,0.9897140717203844,11544.0,0.9760820045558086,0.9737247486212164,0.5739341421143848,0.6219389725762843,0.1611774995770002,878.0,0.3046588897705078,0.2802579402923584,2026-04-21T16:08:49.970087+00:00
NR-AR,estate,RandomForest,smoten_enn,f1_macro,"{'max_depth': 5, 'max_features': 'sqrt', 'min_samples_leaf': 20, 'n_estimators': 200}",0.3945406387168345,1421,0.9831104855735396,0.9791295931474062,0.755702005730659,0.5517497266052179,0.3945406387168345,0.8929895814939078,0.8919991094897064,0.8917787800030577,0.984158916887581,0.9822133683871856,11326.0,0.9749430523917996,0.9730445624529656,0.5705646954201867,0.627114716106605,0.1342970944285035,878.0,0.5358920097351074,0.2216827869415283,2026-04-21T16:08:54.954493+00:00
NR-AR,fcfp,EasyEnsemble,none,f1_macro,"{'n_estimators': 30, 'replacement': True}",0.4149542313320383,1421,0.983814215341309,0.9802311712809514,0.7703894169634891,0.6786341977815967,0.4149542313320383,0.9629753168779186,0.9645600623108938,0.7647380699893955,0.9034489932927434,0.6555552650419213,5996.0,0.9658314350797268,0.968619219155586,0.5746124031007752,0.6809192738509077,0.1491951401554137,878.0,26.82607889175415,19.41498875617981,2026-04-21T21:47:49.191810+00:00
NR-AR,fcfp,RandomForest,random_over,f1_macro,"{'max_depth': 15, 'max_features': 'sqrt', 'min_samples_leaf': 10, 'n_estimators': 200}",0.4219982561591915,1421,0.983814215341309,0.9802311712809514,0.7703894169634891,0.7507225433526011,0.4219982561591915,0.8903326403326404,0.889301783462783,0.889301783462783,0.9776318028007216,0.9820451338207576,11544.0,0.9749430523917996,0.9740626619541768,0.6007771164021164,0.7346465816917729,0.1211889313278029,878.0,6.030242919921875,4.894334077835083,2026-04-21T16:09:10.817528+00:00
NR-AR,fcfp,BernoulliNB,random_under,f1_macro,{'alpha': 1.0},0.4170140578660164,1421,0.983814215341309,0.9802311712809514,0.7703894169634891,0.7219379784408686,0.4170140578660164,0.8601190476190477,0.8519283746556474,0.8264462809917356,0.8879195232780611,0.8572699189558082,672.0,0.9601366742596812,0.9653563519968796,0.562966650074664,0.6672846658941676,0.1172594378641075,878.0,0.0314760208129882,0.0065231323242187,2026-04-21T14:01:33.711785+00:00
NR-AR,fcfp,LogisticRegression,smote,f1_macro,"{'C': 0.001, 'l1_ratio': 1.0}",0.3682408657778116,1421,0.9831104855735396,0.9791295931474062,0.755702005730659,0.6756756756756757,0.3682408657778116,0.7811850311850311,0.7713687897922973,0.7713687897922972,0.7811850311850312,0.7756112450639078,11544.0,0.9749430523917996,0.9740626619541768,0.6007771164021164,0.5942062572421783,0.0598212721219554,878.0,0.1806929111480713,0.1115410327911377,2026-04-21T08:29:04.018914+00:00
NR-AR,fcfp,LogisticRegression,smoteenn,f1_macro,"{'C': 0.001, 'l1_ratio': 1.0}",0.3682408657778116,1421,0.9831104855735396,0.9791295931474062,0.755702005730659,0.6756756756756757,0.3682408657778116,0.7937136819862652,0.7848600631999936,0.7841145796806424,0.790472524495081,0.781183898832654,11358.0,0.9749430523917996,0.9740626619541768,0.6007771164021164,0.5942062572421783,0.0598212721219554,878.0,0.1573739051818847,0.1714560985565185,2026-04-21T08:28:57.120568+00:00
NR-AR,fcfp,BernoulliNB,smoten,f1_macro,{'alpha': 1.0},0.367409982807895,1421,0.9831104855735396,0.9791295931474062,0.755702005730659,0.4585806905171067,0.367409982807895,0.8685031185031185,0.8676216513598796,0.8676216513598796,0.968129472027601,0.9685050135804372,11544.0,0.9601366742596812,0.9646318129581436,0.541089855591894,0.5979915025106218,0.0830816064873347,878.0,0.5887839794158936,0.4207332134246826,2026-04-21T14:01:38.668008+00:00
NR-AR,fcfp,LogisticRegression,smoten_enn,f1_macro,"{'C': 0.001, 'l1_ratio': 1.0}",0.3682408657778116,1421,0.9831104855735396,0.9791295931474062,0.755702005730659,0.6756756756756757,0.3682408657778116,0.7897816593886463,0.7807695755043754,0.7803968804383299,0.7881376479034106,0.780682126661693,11450.0,0.9749430523917996,0.9740626619541768,0.6007771164021164,0.5942062572421783,0.0598212721219554,878.0,0.1448309421539306,0.1254041194915771,2026-04-21T08:28:59.432341+00:00
NR-AR,klekota_roth,XGBoost,none,f1_macro,"{'colsample_bytree': 0.8, 'learning_rate': 0.1, 'max_depth': 3, 'min_child_weight': 10, 'n_estimators': 200, 'scale_pos_weight': 4, 'subsample': 0.8}",0.41041241533484446,1421,0.983814215341309,0.9802311712809514,0.7703894169634891,0.6883494766442744,0.41041241533484446,0.9823215476984657,0.980897077874261,0.8574133499885137,0.9693184771309772,0.7943583003980759,5996.0,0.9783599088838268,0.9762271535144341,0.6145118428653957,0.829741212823484,0.15104136127990908,878.0,9.949464082717896,8.604346990585327,2026-04-29T21:07:28.406179+00:00
NR-AR,klekota_roth,RandomForest,random_over,f1_macro,"{'max_depth': 5, 'max_features': 'sqrt', 'min_samples_leaf': 5, 'n_estimators': 100}",0.4946317195143377,1421,0.9831104855735396,0.9791295931474062,0.755702005730659,0.7867520699890642,0.4946317195143377,0.79495841995842,0.788501790621475,0.7885017906214751,0.9211756134833058,0.9313288746650044,11544.0,0.9612756264236902,0.9660033398643876,0.56509324009324,0.7337195828505213,0.0761884591218309,878.0,1.6350340843200684,1.4708218574523926,2026-04-21T16:10:53.701525+00:00
NR-AR,klekota_roth,XGBoost,random_under,f1_macro,"{'colsample_bytree': 0.8, 'learning_rate': 0.05, 'max_depth': 5, 'min_child_weight': 10, 'n_estimators': 100, 'scale_pos_weight': 1, 'subsample': 0.8}",0.40141306498597545,1421,0.9831104855735397,0.9791295931474062,0.755702005730659,0.7502733947820653,0.40141306498597545,0.8556547619047619,0.8460510040997846,0.8188200958932667,0.8999422034438775,0.8769533970577337,672.0,0.9635535307517085,0.9673051432961071,0.5696342135898536,0.6302047122441097,0.08717007573693498,878.0,0.7594211101531982,0.7017500400543213,2026-04-29T21:08:02.446910+00:00
NR-AR,klekota_roth,LogisticRegression,smote,f1_macro,"{'C': 0.01, 'l1_ratio': 1.0}",0.3852022293840282,1421,0.9831104855735396,0.9791295931474062,0.755702005730659,0.568807608186221,0.3852022293840282,0.7927927927927928,0.7860457092698085,0.7860457092698085,0.9277928276109147,0.9375462364580996,11544.0,0.9624145785876992,0.9666528522176784,0.5673132924152144,0.7683275395905755,0.0847200784341011,878.0,0.420637845993042,0.3120319843292236,2026-04-21T08:29:07.939283+00:00
NR-AR,klekota_roth,BernoulliNB,smoteenn,f1_macro,{'alpha': 0.1},0.3676057647308892,1421,0.9831104855735396,0.9791295931474062,0.755702005730659,0.522769879706296,0.3676057647308892,0.7964320409785393,0.791643008926126,0.7909844052649044,0.9065042378409338,0.9007425541623147,11323.0,0.9476082004555808,0.9577794572018364,0.5265181711606096,0.6079181151023562,0.0390583863730441,878.0,0.7088179588317871,0.8222548961639404,2026-04-21T14:01:50.262625+00:00
NR-AR,klekota_roth,BernoulliNB,smoten,f1_macro,{'alpha': 0.1},0.3679578797830657,1421,0.9831104855735396,0.9791295931474062,0.755702005730659,0.5208365880331198,0.3679578797830657,0.7796257796257796,0.773302413633651,0.773302413633651,0.9305215628630388,0.9212265585479784,11544.0,0.94874715261959,0.9583986906931744,0.5276353071984505,0.5994206257242178,0.0396770599486356,878.0,0.8245980739593506,0.6117949485778809,2026-04-21T14:01:53.137760+00:00
NR-AR,klekota_roth,BernoulliNB,smoten_enn,f1_macro,{'alpha': 0.1},0.367355025401875,1421,0.9831104855735396,0.9791295931474062,0.755702005730659,0.5006639587564443,0.367355025401875,0.7892439322507421,0.7830339095942223,0.782738506825149,0.9495903587772648,0.9389515773965714,11454.0,0.9533029612756264,0.9608811091925178,0.5324631469575947,0.5555426805716492,0.0449724752446317,878.0,0.6477251052856445,0.61080002784729,2026-04-21T14:01:55.416346+00:00
NR-AR,maccs,BernoulliNB,none,f1_macro,{'alpha': 50.0},0.5506375950597499,1421,0.9852216748768472,0.982349530778821,0.7981220022054296,0.8481291985627246,0.5506375950597499,0.9379586390927284,0.9460951925506912,0.6836440379880409,0.8063902243589745,0.4324282359095505,5996.0,0.9453302961275628,0.9565421264224564,0.5243770314192849,0.5250675936655079,0.0423930755521777,878.0,0.0069801807403564,0.0014052391052246,2026-04-21T14:01:56.013785+00:00
NR-AR,maccs,LogisticRegression,random_over,f1_macro,"{'C': 0.01, 'l1_ratio': 1.0}",0.5209165400758908,1421,0.983814215341309,0.9814499457601206,0.7941163501212636,0.7918879862521482,0.5209165400758908,0.7853430353430353,0.7831838799949358,0.7831838799949358,0.8747346919124466,0.8953713294011966,11544.0,0.9043280182232346,0.9350551436913388,0.5279207312389584,0.650714561606798,0.0787534647187012,878.0,0.0595080852508544,0.0589377880096435,2026-04-21T08:29:16.423765+00:00
NR-AR,maccs,DecisionTree,random_under,f1_macro,"{'ccp_alpha': 0.0, 'criterion': 'gini', 'max_depth': 5, 'min_samples_leaf': 50}",0.4910886349847413,1421,0.983814215341309,0.9814499457601206,0.7941163501212636,0.7816747383221372,0.4910886349847413,0.8080357142857143,0.8103538252791984,0.7895835507775806,0.8763950892857143,0.8127640892127588,672.0,0.8041002277904328,0.8765498626630414,0.4877062527138515,0.6508304364619544,0.0487647290246983,878.0,0.009883165359497,0.0042390823364257,2026-04-22T07:22:19.643561+00:00
NR-AR,maccs,DecisionTree,smote,f1_macro,"{'ccp_alpha': 0.0, 'criterion': 'gini', 'max_depth': 5, 'min_samples_leaf': 10}",0.4157785879152412,1421,0.983814215341309,0.9802311712809514,0.7703894169634891,0.6839165755350727,0.4157785879152412,0.8196465696465697,0.8195419162574938,0.819541916257494,0.8993141400235994,0.8814271155328657,11544.0,0.8861047835990888,0.9249581156972708,0.5231578032672923,0.65681730397837,0.0400851699302373,878.0,0.0933389663696289,0.0608351230621337,2026-04-22T07:22:20.835231+00:00
NR-AR,maccs,DecisionTree,smoteenn,f1_macro,"{'ccp_alpha': 0.0, 'criterion': 'gini', 'max_depth': 5, 'min_samples_leaf': 10}",0.3938886891054483,1421,0.983814215341309,0.9802311712809514,0.7703894169634891,0.5544055616309952,0.3938886891054483,0.8270179767359888,0.8269488622196288,0.8268579464799874,0.9048390177784008,0.8849687356945595,11348.0,0.8804100227790432,0.9218797257674616,0.5267526680800604,0.7119351100811124,0.0542132280915752,878.0,0.0826201438903808,0.0743649005889892,2026-04-22T07:22:21.878728+00:00
NR-AR,maccs,DecisionTree,smoten,f1_macro,"{'ccp_alpha': 0.01, 'criterion': 'gini', 'max_depth': 5, 'min_samples_leaf': 10}",0.4187496908961292,1421,0.984517945109078,0.9813039353957836,0.7845188861317893,0.6093774410248399,0.4187496908961292,0.8599272349272349,0.8598839070453798,0.8598839070453798,0.902067082875295,0.8757358186791908,11544.0,0.8587699316628702,0.9090479087671168,0.4990890185324916,0.5647740440324449,0.0301726929185691,878.0,0.0782809257507324,0.0724952220916748,2026-04-22T07:22:27.881923+00:00
NR-AR,maccs,DecisionTree,smoten_enn,f1_macro,"{'ccp_alpha': 0.0, 'criterion': 'entropy', 'max_depth': 5, 'min_samples_leaf': 10}",0.4481569182113646,1421,0.984517945109078,0.9813039353957836,0.7845188861317893,0.6631776284955475,0.4481569182113646,0.8703816927242554,0.8703472751589889,0.8703608987785736,0.939784593607035,0.9120256981556104,11449.0,0.8621867881548975,0.9108757599702718,0.4938227488648437,0.5164156044804944,0.0222743789998915,878.0,0.070465087890625,0.0569489002227783,2026-04-22T07:22:30.612235+00:00
NR-AR,map4,RUSBoost,none,f1_macro,"{'learning_rate': 0.01, 'n_estimators': 200, 'sampling_strategy': 'auto'}",0.5584210269899378,1421,0.984517945109078,0.9817064289504231,0.7923508156650194,0.8259256366192782,0.5584210269899378,0.9351234156104068,0.9480323941225524,0.7342442962557341,0.9551204707454708,0.8101448517339749,5996.0,0.9328018223234624,0.9506205061471492,0.5422355363502205,0.6990343762070298,0.1622806473369479,878.0,7.436036109924316,8.384559154510498,2026-04-29T18:02:15.992196+00:00
NR-AR,map4,RandomForest,random_over,f1_macro,"{'max_depth': 5, 'max_features': 'log2', 'min_samples_leaf': 5, 'n_estimators': 100}",0.579874964768486,1421,0.9831104855735396,0.98045065985401,0.7814070351758794,0.8531479456334948,0.579874964768486,0.8588877338877339,0.8578864194004191,0.8578864194004192,0.930501272302208,0.946160740680987,11544.0,0.9396355353075172,0.953955086268946,0.535231665051986,0.657860177674778,0.1796666270396122,878.0,0.4915051460266113,0.5430872440338135,2026-04-21T16:14:18.060844+00:00
NR-AR,map4,RandomForest,random_under,f1_macro,"{'max_depth': 10, 'max_features': 'sqrt', 'min_samples_leaf': 5, 'n_estimators': 200}",0.5631253925838164,1421,0.9831104855735396,0.9808294304642188,0.7887931034482758,0.8500429620371817,0.5631253925838164,0.9434523809523808,0.9422524314765696,0.9338527851458888,0.9804986447704082,0.9763920583078884,672.0,0.8986332574031891,0.9313279585310112,0.504787857663424,0.6383159521050599,0.1670568874526384,878.0,0.4318547248840332,0.3468568325042724,2026-04-21T16:14:32.985654+00:00
NR-AR,map4,BernoulliNB,smote,f1_macro,{'alpha': 0.1},0.5232233015148222,1421,0.9831104855735396,0.9808294304642188,0.7887931034482758,0.8320184346195907,0.5232233015148222,0.7655058905058905,0.7606335476007839,0.7606335476007839,0.674324522427433,0.7757861462069056,11544.0,0.9009111617312072,0.9325966019356774,0.5061005179136034,0.567014291232136,0.0528670881018312,878.0,0.5932011604309082,0.2167329788208007,2026-04-21T14:02:08.084719+00:00
NR-AR,map4,BernoulliNB,smoteenn,f1_macro,{'alpha': 0.1},0.5225174006954729,1421,0.983814215341309,0.9814499457601206,0.7941163501212636,0.8316473988439307,0.5225174006954729,0.7688564476885644,0.7640273479101007,0.7639205619199136,0.675880715564293,0.7773433984799404,11508.0,0.9020501138952164,0.9332301792802128,0.5067673494983278,0.5657396678254152,0.0603988725401511,878.0,0.2557480335235595,0.2357099056243896,2026-04-21T14:02:11.833915+00:00
NR-AR,map4,BernoulliNB,smoten,f1_macro,{'alpha': 0.1},0.5122620893912275,1421,0.9802955665024632,0.9794475630293884,0.7890707833241444,0.8474457116075612,0.5122620893912275,0.7503465003465003,0.7472093867539386,0.7472093867539386,0.6403902703279003,0.7419018477274759,11544.0,0.856492027334852,0.907580939553683,0.4910098091539834,0.5776361529548087,0.0274111247073066,878.0,0.2657101154327392,0.2344820499420166,2026-04-21T14:02:12.730041+00:00
NR-AR,map4,BernoulliNB,smoten_enn,f1_macro,{'alpha': 0.1},0.5079202138249881,1421,0.9817030260380014,0.9806204830409484,0.7983473059121474,0.8467134041556007,0.5079202138249881,0.7566460385252332,0.7534736395443584,0.7532957245936143,0.6423614846479258,0.7452507679404277,11473.0,0.8667425968109339,0.913499523050688,0.4961324340895157,0.5768250289687138,0.0280997923233797,878.0,0.2638900279998779,0.1983239650726318,2026-04-21T14:02:19.609991+00:00
NR-AR,mhfp,BalancedRandomForest,none,f1_macro,"{'max_depth': 5, 'max_features': 'sqrt', 'min_samples_leaf': 5, 'n_estimators': 100}",0.3997414281261376,1421,0.9831104855735396,0.9791295931474062,0.755702005730659,0.682998750195282,0.3997414281261376,0.986324216144096,0.9868609233868962,0.9124196288105064,0.9968161413473912,0.9282447493717878,5996.0,0.9772209567198178,0.974413031927486,0.5775596612779061,0.5749710312862109,0.1455303357552414,878.0,1.2695870399475098,1.4024090766906738,2026-04-21T21:49:55.636042+00:00
NR-AR,mhfp,BernoulliNB,random_over,f1_macro,{'alpha': 0.1},0.4357548692776636,1421,0.9831104855735396,0.9791295931474062,0.755702005730659,0.7213326042805812,0.4357548692776636,0.796084546084546,0.7885293280585952,0.7885293280585953,0.894707027113472,0.913894122829684,11544.0,0.9726651480637812,0.9726651480637812,0.5930475086906142,0.4860563924295095,0.1093204541194294,878.0,0.4859519004821777,0.461512804031372,2026-04-21T14:02:20.292907+00:00
NR-AR,mhfp,BernoulliNB,random_under,f1_macro,{'alpha': 0.1},0.4316276696981587,1421,0.9831104855735396,0.9791295931474062,0.755702005730659,0.735568661146696,0.4316276696981587,0.8526785714285714,0.8425280079429048,0.814457313859086,0.9106046715561226,0.8849504638763279,672.0,0.9738041002277904,0.9733600310045688,0.596789329712677,0.5025106218617227,0.11055432708245,878.0,0.0394287109375,0.006786823272705,2026-04-21T14:02:21.622825+00:00
NR-AR,mhfp,LogisticRegression,smote,f1_macro,"{'C': 0.01, 'l1_ratio': 0.0}",0.3773005330182716,1421,0.9817030260380014,0.976832728253348,0.7245138391791935,0.6878026870801437,0.3773005330182716,0.9927234927234928,0.9927233090369746,0.9927233090369746,0.9999000629847824,0.99990142930625,11544.0,0.9817767653758542,0.9738774120912208,0.4954022988505747,0.6311317110853611,0.0536376595407979,878.0,1.6434717178344729,1.654360055923462,2026-04-21T08:29:40.358479+00:00
NR-AR,mhfp,LogisticRegression,smoteenn,f1_macro,"{'C': 0.01, 'l1_ratio': 0.0}",0.3679285421985476,1421,0.9817030260380014,0.976832728253348,0.7245138391791935,0.6784682080924855,0.3679285421985476,0.9944410666203424,0.9944409566532486,0.9944408669432512,0.99993211526481,0.9999331067710112,11513.0,0.9817767653758542,0.9738774120912208,0.4954022988505747,0.6321359598300502,0.0583844939770737,878.0,1.6853070259094238,1.86072301864624,2026-04-21T08:29:42.564551+00:00
NR-AR,mhfp,BernoulliNB,smoten,f1_macro,{'alpha': 0.1},0.3849293620790575,1421,0.9824067558057706,0.977997421421252,0.740422484783387,0.606233401031089,0.3849293620790575,0.8986486486486487,0.8976363305870387,0.8976363305870387,0.9935430542888962,0.9942040122171416,11544.0,0.9829157175398632,0.9764473491883324,0.5545107059500051,0.5420625724217846,0.1143434367137416,878.0,0.5002110004425049,0.4490370750427246,2026-04-21T14:02:28.248012+00:00
NR-AR,mhfp,BernoulliNB,smoten_enn,f1_macro,{'alpha': 0.1},0.3848848878623939,1421,0.9824067558057706,0.977997421421252,0.740422484783387,0.605374160287455,0.3848848878623939,0.8989565217391304,0.8979142108507361,0.8978739813076753,0.9952324443857266,0.9953800620841304,11500.0,0.9829157175398632,0.9764473491883324,0.5545107059500051,0.542371572035535,0.1143448640879461,878.0,0.4714362621307373,0.7347118854522705,2026-04-21T14:02:29.218385+00:00
NR-AR,morgan_2048,BalancedRandomForest,none,f1_macro,"{'max_depth': 5, 'max_features': 'sqrt', 'min_samples_leaf': 20, 'n_estimators': 200}",0.5301419184954141,1421,0.983814215341309,0.9802311712809514,0.7703894169634891,0.6972055147633183,0.5301419184954141,0.9479653102068044,0.953777480602992,0.7201113838055415,0.8485337157212156,0.6168443057055637,5996.0,0.9555808656036446,0.9627893477684926,0.5552698227157608,0.5790652761684048,0.0947787356462626,878.0,2.400629997253418,2.0402541160583496,2026-04-21T21:51:11.643541+00:00
NR-AR,morgan_2048,RandomForest,random_over,f1_macro,"{'max_depth': 10, 'max_features': 'log2', 'min_samples_leaf': 5, 'n_estimators': 100}",0.4282345062334124,1421,0.983814215341309,0.9802311712809514,0.7703894169634891,0.6515485861584126,0.4282345062334124,0.8046604296604296,0.7981773979435689,0.798177397943569,0.9438333413775202,0.950988429227388,11544.0,0.9703872437357632,0.9712954655962456,0.5862093967517401,0.6070297412128235,0.0860730874438973,878.0,0.6008057594299316,0.8481442928314209,2026-04-21T16:18:02.004201+00:00
NR-AR,morgan_2048,RandomForest,random_under,f1_macro,"{'max_depth': 15, 'max_features': 'sqrt', 'min_samples_leaf': 5, 'n_estimators': 100}",0.476526556485784,1421,0.984517945109078,0.9813039353957836,0.7845188861317893,0.7284799250117169,0.476526556485784,0.8675595238095238,0.8596573787409699,0.8354097007223942,0.9296576052295918,0.9083263896420014,672.0,0.9612756264236902,0.9660033398643876,0.56509324009324,0.5611432985708767,0.07504963855826,878.0,0.2679059505462646,0.2807106971740722,2026-04-21T16:18:21.606851+00:00
NR-AR,morgan_2048,RandomForest,smote,f1_macro,"{'max_depth': 5, 'max_features': 'sqrt', 'min_samples_leaf': 5, 'n_estimators': 100}",0.3926402858158768,1421,0.9831104855735396,0.9791295931474062,0.755702005730659,0.5628515075769411,0.3926402858158768,0.7828309078309078,0.773417257843343,0.7734172578433431,0.943995605832924,0.9503580225790508,11544.0,0.9749430523917996,0.9740626619541768,0.6007771164021164,0.615681730397837,0.0749655524966487,878.0,1.6505968570709229,0.8458130359649658,2026-04-21T16:18:33.844235+00:00
NR-AR,morgan_2048,RandomForest,smoteenn,f1_macro,"{'max_depth': 10, 'max_features': 'sqrt', 'min_samples_leaf': 5, 'n_estimators': 100}",0.4039266336370095,1421,0.983814215341309,0.9802311712809514,0.7703894169634891,0.5465064052491798,0.4039266336370095,0.8644423093719975,0.8620761256248689,0.8619213133273641,0.974261606968142,0.9764884709542372,11449.0,0.9772209567198178,0.9754950567754234,0.6096042685638061,0.6375434530706837,0.0738818537801625,878.0,2.6621110439300537,2.4195139408111572,2026-04-21T16:18:39.100151+00:00
NR-AR,morgan_2048,RandomForest,smoten,f1_macro,"{'max_depth': 5, 'max_features': 'sqrt', 'min_samples_leaf': 5, 'n_estimators': 100}",0.3821228743840823,1421,0.9831104855735396,0.9791295931474062,0.755702005730659,0.5511443524449304,0.3821228743840823,0.7855162855162855,0.7760449857186578,0.7760449857186578,0.974742844155526,0.9763081889360756,11544.0,0.9760820045558086,0.9747739771717712,0.605038236617184,0.6163769795287756,0.0855546524494462,878.0,1.4670991897583008,1.539214849472046,2026-04-21T16:19:34.976028+00:00
NR-AR,morgan_2048,RandomForest,smoten_enn,f1_macro,"{'max_depth': 5, 'max_features': 'sqrt', 'min_samples_leaf': 5, 'n_estimators': 100}",0.3795968882149313,1421,0.9831104855735396,0.9791295931474062,0.755702005730659,0.536234572723012,0.3795968882149313,0.7918999300209937,0.7829880282130627,0.7825461809344048,0.9810269021399762,0.9797063074240464,11432.0,0.9760820045558086,0.9747739771717712,0.605038236617184,0.6068752414059483,0.116422716912904,878.0,1.4945452213287354,1.200230836868286,2026-04-21T16:19:40.908466+00:00
NR-AR,morgan_4096,BernoulliNB,none,f1_macro,{'alpha': 1.0},0.5755729279635612,1421,0.984517945109078,0.9813039353957836,0.7845188861317893,0.8328386189657865,0.5755729279635612,0.956971314209473,0.9607694567349616,0.7541802927015302,0.9075671653796652,0.4872601659863331,5996.0,0.9669703872437356,0.9692816650351802,0.577288951606209,0.6322518346852066,0.0558713602582584,878.0,0.0826120376586914,0.0270168781280517,2026-04-21T14:02:46.464680+00:00
NR-AR,morgan_4096,BernoulliNB,random_over,f1_macro,{'alpha': 10.0},0.4380048105140033,1421,0.983814215341309,0.9802311712809514,0.7703894169634891,0.6882908920481174,0.4380048105140033,0.8154885654885655,0.8098024813134165,0.8098024813134166,0.96262109502754,0.9631759367618132,11544.0,0.9749430523917996,0.9740626619541768,0.6007771164021164,0.6147547315565856,0.0773567956730982,878.0,1.1256651878356934,1.074173927307129,2026-04-21T14:02:49.570548+00:00
NR-AR,morgan_4096,BernoulliNB,random_under,f1_macro,{'alpha': 1.0},0.5711494829144403,1421,0.983814215341309,0.9806685337101376,0.7788955262249944,0.8200085924074364,0.5711494829144403,0.8839285714285714,0.8771320555653245,0.8559873395463338,0.9609624123086736,0.942076962964097,672.0,0.9646924829157176,0.9679604946930734,0.5720642108076663,0.6107377365778293,0.0651750956657521,878.0,0.1227788925170898,0.0274686813354492,2026-04-21T14:02:53.317088+00:00
NR-AR,morgan_4096,RandomForest,smote,f1_macro,"{'max_depth': 5, 'max_features': 'sqrt', 'min_samples_leaf': 5, 'n_estimators': 100}",0.4066364319010135,1421,0.9831104855735396,0.9791295931474062,0.755702005730659,0.6290618653335416,0.4066364319010135,0.7453222453222453,0.729499328724863,0.7294993287248629,0.9546237325603232,0.957653902127668,11544.0,0.9760820045558086,0.9747739771717712,0.605038236617184,0.5877945152568559,0.0827339394740666,878.0,2.700892925262451,1.7352540493011477,2026-04-21T16:20:45.996200+00:00
NR-AR,morgan_4096,RandomForest,smoteenn,f1_macro,"{'max_depth': 5, 'max_features': 'sqrt', 'min_samples_leaf': 5, 'n_estimators': 100}",0.4025496147974514,1421,0.9831104855735396,0.9791295931474062,0.755702005730659,0.626952819871895,0.4025496147974514,0.7541782729805014,0.7396991552318736,0.7393966065027977,0.9591350245653956,0.9600828241747416,11488.0,0.9760820045558086,0.9747739771717712,0.605038236617184,0.6159907300115876,0.0837877173513192,878.0,1.9508919715881348,2.055609941482544,2026-04-21T16:21:22.293803+00:00
NR-AR,morgan_4096,RandomForest,smoten,f1_macro,"{'max_depth': 15, 'max_features': 'sqrt', 'min_samples_leaf': 5, 'n_estimators': 100}",0.4002369101772914,1421,0.983814215341309,0.9802311712809514,0.7703894169634891,0.626152163724418,0.4002369101772914,0.9717602217602218,0.9717589977229162,0.9717589977229162,0.9899710001061351,0.9922710717849756,11544.0,0.9681093394077448,0.9690874244882643,0.5543793503480279,0.5929702587871766,0.0589337699705021,878.0,6.418924808502197,6.834565162658691,2026-04-21T16:21:45.747177+00:00
NR-AR,morgan_4096,RandomForest,smoten_enn,f1_macro,"{'max_depth': 15, 'max_features': 'sqrt', 'min_samples_leaf': 5, 'n_estimators': 100}",0.4050576603268914,1421,0.983814215341309,0.9802311712809514,0.7703894169634891,0.636755975628808,0.4050576603268914,0.980641785838856,0.9806419271453106,0.9806417481571348,0.9957672938712264,0.996135898181323,11468.0,0.9715261958997722,0.971043511961488,0.5617275322963879,0.591425260718424,0.06073060751998,878.0,4.16749382019043,4.873665809631348,2026-04-21T16:22:24.328613+00:00
NR-AR,pubchem,EasyEnsemble,none,f1_macro,"{'n_estimators': 20, 'replacement': False}",0.5460437989137704,1421,0.983814215341309,0.9818003199560276,0.8009525143577532,0.8093657241056085,0.5460437989137704,0.8757505003335557,0.9083078596167092,0.6174411457633487,0.905865987897238,0.6273354159826218,5996.0,0.8872437357630979,0.9251823399522818,0.5073649847259455,0.6509849362688296,0.1002786531615498,878.0,8.720963716506958,4.603155851364136,2026-04-21T21:56:25.279463+00:00
NR-AR,pubchem,LogisticRegression,random_over,f1_macro,"{'C': 0.01, 'l1_ratio': 1.0}",0.5730348011157115,1421,0.9852216748768472,0.982349530778821,0.7981220022054296,0.831549757850336,0.5730348011157115,0.7911469161469161,0.7881766301637989,0.7881766301637989,0.888540602612848,0.9055307226339486,11544.0,0.917995444191344,0.9423986495669808,0.5285202863961814,0.6259173426033218,0.0893015771986349,878.0,0.1501550674438476,0.1411709785461425,2026-04-21T08:30:28.161181+00:00
NR-AR,pubchem,LogisticRegression,random_under,f1_macro,"{'C': 0.1, 'l1_ratio': 1.0}",0.5569390426705809,1421,0.9852216748768472,0.982349530778821,0.7981220022054296,0.7915071863771286,0.5569390426705809,0.8377976190476191,0.8339735537390692,0.8094995357643504,0.8589863679846939,0.8322632173482376,672.0,0.8997722095671982,0.9322330323572192,0.5151606425702812,0.6168018539976825,0.0909315543357374,878.0,0.0227928161621093,0.0416400432586669,2026-04-21T08:30:31.125527+00:00
NR-AR,pubchem,LogisticRegression,smote,f1_macro,"{'C': 0.001, 'l1_ratio': 1.0}",0.3426098419616698,1421,0.9824067558057706,0.977997421421252,0.740422484783387,0.608186220902984,0.3426098419616698,0.7721760221760222,0.7630962233502058,0.7630962233502057,0.7793387702431361,0.7925080210044487,11544.0,0.9567198177676538,0.9634283379426866,0.5570836873406967,0.5252993433758208,0.0332930288699257,878.0,0.0977160930633544,0.0890400409698486,2026-04-21T08:30:32.226326+00:00
NR-AR,pubchem,LogisticRegression,smoteenn,f1_macro,"{'C': 0.001, 'l1_ratio': 1.0}",0.3426098419616698,1421,0.9824067558057706,0.977997421421252,0.740422484783387,0.608186220902984,0.3426098419616698,0.7776420281001832,0.7689568494518283,0.7686178961987934,0.7832345743370888,0.7944731834662583,11459.0,0.9567198177676538,0.9634283379426866,0.5570836873406967,0.5252993433758208,0.0332930288699257,878.0,0.0951271057128906,0.0881860256195068,2026-04-21T08:30:32.496742+00:00
NR-AR,pubchem,DecisionTree,smoten,f1_macro,"{'ccp_alpha': 0.01, 'criterion': 'entropy', 'max_depth': 5, 'min_samples_leaf': 50}",0.3704576655528647,1421,0.9831104855735396,0.9791295931474062,0.755702005730659,0.6280268708014373,0.3704576655528647,0.8453742203742204,0.8452745458042208,0.8452745458042208,0.9244889780232816,0.9063786589372091,11544.0,0.8838268792710706,0.9236559612416017,0.5215718956343356,0.6972190034762457,0.0704994458891824,878.0,0.324589729309082,0.3434138298034668,2026-04-22T07:36:41.109807+00:00
NR-AR,pubchem,DecisionTree,smoten_enn,f1_macro,"{'ccp_alpha': 0.0, 'criterion': 'entropy', 'max_depth': 5, 'min_samples_leaf': 10}",0.368489009769798,1421,0.9831104855735396,0.9791295931474062,0.755702005730659,0.5931104514919544,0.368489009769798,0.8587402812964096,0.8586860044551011,0.8586569168661127,0.936924450712997,0.9158845932155424,11447.0,0.8883826879271071,0.9258258607912624,0.5080388793596341,0.5962533796832753,0.0394911466665452,878.0,0.3376960754394531,0.3077449798583984,2026-04-22T07:36:54.913103+00:00
NR-AR,rdkit,BalancedRandomForest,none,f1_macro,"{'max_depth': 10, 'max_features': 'sqrt', 'min_samples_leaf': 20, 'n_estimators': 100}",0.5752445388134808,1421,0.9859254046446164,0.983708883211675,0.8178391959798995,0.8456393532260584,0.5752445388134808,0.9151100733822548,0.9326801138408946,0.6626563341607488,0.8915256688694189,0.6382239237411819,5996.0,0.9066059225512528,0.9360555156003176,0.5198346005068694,0.7145616067979916,0.119714081613342,878.0,1.0487852096557615,1.0877418518066406,2026-04-21T21:56:51.936952+00:00
NR-AR,rdkit,BernoulliNB,random_over,f1_macro,{'alpha': 0.1},0.5430695347265347,1421,0.983814215341309,0.9818003199560276,0.8009525143577532,0.8644938290892048,0.5430695347265347,0.7596153846153846,0.757520491590935,0.757520491590935,0.806950261472091,0.7815459602856485,11544.0,0.8314350797266514,0.8928721307166637,0.4793910256410256,0.5871765160293551,0.0258555230847256,878.0,0.4936501979827881,0.3681209087371826,2026-04-21T14:03:27.708797+00:00
NR-AR,rdkit,RandomForest,random_under,f1_macro,"{'max_depth': 5, 'max_features': 'log2', 'min_samples_leaf': 20, 'n_estimators': 200}",0.5960890107622753,1421,0.9859254046446164,0.983708883211675,0.8178391959798995,0.8618575222621466,0.5960890107622753,0.8511904761904762,0.8468249883586991,0.8235423865892213,0.8825733418367347,0.8587666549625881,672.0,0.876993166287016,0.9193653478833116,0.501555929352397,0.6609501738122827,0.1074016654196764,878.0,0.5127999782562256,0.3379302024841308,2026-04-21T16:25:55.134199+00:00
NR-AR,rdkit,BernoulliNB,smote,f1_macro,{'alpha': 1.0},0.3668920232566982,1421,0.9831104855735396,0.9791295931474062,0.755702005730659,0.4662357444149351,0.3668920232566982,0.7776334026334026,0.7702681170791115,0.7702681170791115,0.8387944957591528,0.8467708528796866,11544.0,0.9544419134396356,0.9615035136238808,0.5337723024638913,0.5354190807261492,0.0319477743058746,878.0,0.412822961807251,0.3865289688110351,2026-04-21T14:03:30.674372+00:00
NR-AR,rdkit,BernoulliNB,smoteenn,f1_macro,{'alpha': 50.0},0.3669891845511969,1421,0.9831104855735396,0.9791295931474062,0.755702005730659,0.4675636619278237,0.3669891845511969,0.7850205617289352,0.7781059778019679,0.7777000680768013,0.8422944129590761,0.8476013098944766,11429.0,0.9544419134396356,0.9615035136238808,0.5337723024638913,0.5330243337195828,0.0327585077620938,878.0,0.3937358856201172,0.4110720157623291,2026-04-21T14:03:38.123464+00:00
NR-AR,rdkit,BernoulliNB,smoten,f1_macro,{'alpha': 50.0},0.367881005585397,1421,0.9824067558057706,0.977997421421252,0.740422484783387,0.4662455085142947,0.367881005585397,0.7943520443520443,0.7886632216890158,0.7886632216890158,0.8830763936013416,0.8774528690387062,11544.0,0.9555808656036446,0.9621268369563978,0.5351280902537369,0.5286210892236385,0.0280617491228056,878.0,0.4584300518035888,0.4543991088867187,2026-04-21T14:03:32.897580+00:00
NR-AR,rdkit,RandomForest,smoten_enn,f1_macro,"{'max_depth': 5, 'max_features': 'log2', 'min_samples_leaf': 5, 'n_estimators': 100}",0.36800324650209,1421,0.9831104855735396,0.9791295931474062,0.755702005730659,0.4764001718481487,0.36800324650209,0.8187931185049341,0.8132758870358698,0.8130087852520995,0.9809479417244868,0.9803950940577242,11451.0,0.9760820045558086,0.9737247486212164,0.5739341421143848,0.5955195056006181,0.067272197394056,878.0,0.4591119289398193,0.5934488773345947,2026-04-21T16:27:23.814686+00:00
NR-AR,topological_torsion,BalancedRandomForest,none,f1_macro,"{'max_depth': 5, 'max_features': 'sqrt', 'min_samples_leaf': 20, 'n_estimators': 200}",0.5481804502831229,1421,0.9852216748768472,0.982349530778821,0.7981220022054296,0.8337857366036556,0.5481804502831229,0.9559706470980652,0.9595444400871328,0.7440291846159817,0.8614996349371349,0.6177780983320704,5996.0,0.9601366742596812,0.9653563519968796,0.562966650074664,0.5881035148706064,0.0668737260815567,878.0,2.1379337310791016,2.821516752243042,2026-04-21T21:59:13.637954+00:00
NR-AR,topological_torsion,RandomForest,random_over,f1_macro,"{'max_depth': 15, 'max_features': 'log2', 'min_samples_leaf': 20, 'n_estimators': 100}",0.5423673207041735,1421,0.984517945109078,0.9813039353957836,0.7845188861317893,0.8396246680206216,0.5423673207041735,0.8147089397089398,0.8099699811314565,0.8099699811314565,0.9270755442792864,0.9418716595723484,11544.0,0.9669703872437356,0.9692816650351802,0.577288951606209,0.6037079953650057,0.0834025126626291,878.0,1.0449059009552002,1.0124218463897705,2026-04-21T16:28:04.089215+00:00
NR-AR,topological_torsion,RandomForest,random_under,f1_macro,"{'max_depth': 5, 'max_features': 'log2', 'min_samples_leaf': 10, 'n_estimators': 100}",0.5351526315205731,1421,0.9859254046446164,0.9833694808640212,0.8112280142409267,0.8049425870957663,0.5351526315205731,0.8571428571428571,0.8481348732244791,0.8215850258861012,0.8614875637755102,0.842047012871166,672.0,0.9612756264236902,0.9660033398643876,0.56509324009324,0.5610660486674391,0.1296450639432651,878.0,0.3801329135894775,0.1673181056976318,2026-04-21T16:28:08.439522+00:00
NR-AR,topological_torsion,BernoulliNB,smote,f1_macro,{'alpha': 0.1},0.366860672157869,1421,0.9831104855735396,0.9791295931474062,0.755702005730659,0.48865411654429,0.366860672157869,0.7843901593901594,0.7748439869049593,0.7748439869049593,0.9489900103205716,0.9468336065090672,11544.0,0.9738041002277904,0.972371498807178,0.5674228305807253,0.5171108536114329,0.0603513933867374,878.0,0.5039329528808594,0.4766178131103515,2026-04-21T14:03:47.614301+00:00
NR-AR,topological_torsion,BernoulliNB,smoteenn,f1_macro,{'alpha': 0.1},0.3672113269150134,1421,0.9831104855735396,0.9791295931474062,0.755702005730659,0.4941415403843149,0.3672113269150134,0.8596941198822077,0.8553136738413003,0.8520690171598707,0.9627075267453816,0.9550472875631324,10527.0,0.9749430523917996,0.9730445624529656,0.5705646954201867,0.5371958285052143,0.0613443316879218,878.0,0.3814132213592529,0.4034390449523926,2026-04-21T14:03:50.317653+00:00
NR-AR,topological_torsion,BernoulliNB,smoten,f1_macro,{'alpha': 0.1},0.366826487417296,1421,0.9831104855735396,0.9791295931474062,0.755702005730659,0.4829909389157943,0.366826487417296,0.7856895356895357,0.7761925541144213,0.7761925541144213,0.9693837048306904,0.9660405964626164,11544.0,0.9738041002277904,0.972371498807178,0.5674228305807253,0.4983391270760911,0.0688348403553212,878.0,0.4874520301818847,0.4689760208129883,2026-04-21T14:03:50.623526+00:00
NR-AR,topological_torsion,BernoulliNB,smoten_enn,f1_macro,{'alpha': 0.1},0.3664486172220666,1421,0.9831104855735396,0.9791295931474062,0.755702005730659,0.4759217309795345,0.3664486172220666,0.7923688116650659,0.7832185452429004,0.782857454937429,0.9814204361159125,0.975476160697911,11453.0,0.9783599088838268,0.9751105562826502,0.5814746983115482,0.4889146388567014,0.0817632999018509,878.0,0.5167012214660645,0.5034987926483154,2026-04-21T14:03:52.261269+00:00
NR-AR-LBD,atom_pair,BalancedRandomForest,none,f1_macro,"{'max_depth': 10, 'max_features': 'sqrt', 'min_samples_leaf': 5, 'n_estimators': 200}",0.4432566305705315,1343,0.985107967237528,0.9819675088480788,0.7581226136445501,0.7859101294744859,0.4432566305705315,0.9527318475916606,0.9602602122358148,0.7580475577524196,0.952958689988835,0.7347857409884425,5564.0,0.960431654676259,0.9672251593392792,0.5439375611049431,0.7179643146796432,0.0874631553446557,834.0,1.714054822921753,1.8142869472503664,2026-04-21T21:59:37.468686+00:00
NR-AR-LBD,atom_pair,RandomForest,random_over,f1_macro,"{'max_depth': 10, 'max_features': 'log2', 'min_samples_leaf': 10, 'n_estimators': 100}",0.3892901597590797,1343,0.9843633655994044,0.9802155291863782,0.7268024759524571,0.7542015740035543,0.3892901597590797,0.9198920729438036,0.919537982126687,0.9195379821266872,0.9824139307246332,0.9849323245675,10748.0,0.9772182254196644,0.9756117042353626,0.5418509844739353,0.769566098945661,0.0758539909442871,834.0,0.8406789302825928,1.1152989864349363,2026-04-21T16:30:12.948532+00:00
NR-AR-LBD,atom_pair,RandomForest,random_under,f1_macro,"{'max_depth': 5, 'max_features': 'sqrt', 'min_samples_leaf': 5, 'n_estimators': 200}",0.4382268903860979,1343,0.985107967237528,0.9819675088480788,0.7581226136445501,0.7817212490479817,0.4382268903860979,0.8947368421052632,0.8904919689157665,0.8729587970461063,0.9410941828254848,0.9297957065759656,570.0,0.9664268585131894,0.9705414152785352,0.553942542787286,0.6929237631792377,0.067416822554523,834.0,0.5669920444488525,0.3842060565948486,2026-04-21T16:30:20.805783+00:00
NR-AR-LBD,atom_pair,BernoulliNB,smote,f1_macro,{'alpha': 50.0},0.2849464461679964,1343,0.9828741623231572,0.9783312938707956,0.7007836641384053,0.5057121096725057,0.2849464461679964,0.808057312988463,0.8034532380656392,0.8034532380656393,0.8270545725334831,0.8593795293856337,10748.0,0.9616306954436452,0.9671558310986752,0.5196198430412556,0.4237631792376318,0.0249020730343914,834.0,0.4572319984436035,0.5178968906402588,2026-04-21T14:04:03.330349+00:00
NR-AR-LBD,atom_pair,BernoulliNB,smoteenn,f1_macro,{'alpha': 50.0},0.284922920097079,1343,0.9828741623231572,0.9783312938707956,0.7007836641384053,0.5056867225184056,0.284922920097079,0.8094128611369991,0.8048644096315204,0.8048141504988633,0.828688502548575,0.8602585013299023,10730.0,0.9616306954436452,0.9671558310986752,0.5196198430412556,0.4242700729927007,0.0248205656627572,834.0,0.4250857830047607,0.4920439720153808,2026-04-21T14:04:03.560539+00:00
NR-AR-LBD,atom_pair,BernoulliNB,smoten,f1_macro,{'alpha': 10.0},0.252363777557908,1343,0.9828741623231572,0.977625614557687,0.6848479283360371,0.4670982482863671,0.252363777557908,0.8189430591737997,0.8141957597533509,0.8141957597533509,0.8913519746414424,0.899070440071393,10748.0,0.9808153477218226,0.97765278686142,0.5507070707070707,0.3975060827250608,0.0278352256202151,834.0,0.4727952480316162,0.4118337631225586,2026-04-21T14:04:06.115113+00:00
NR-AR-LBD,atom_pair,BernoulliNB,smoten_enn,f1_macro,{'alpha': 10.0},0.2526073321121112,1343,0.9828741623231572,0.977625614557687,0.6848479283360371,0.4662858593551663,0.2526073321121112,0.8237329343557135,0.8191050076895452,0.8189565180638927,0.9013410608303416,0.9048672533554534,10694.0,0.9796163069544364,0.9754628762162892,0.4948516050878255,0.3987226277372262,0.0250831950634461,834.0,0.4200432300567627,0.3779032230377197,2026-04-21T14:04:08.031890+00:00
NR-AR-LBD,avalon,RUSBoost,none,f1_macro,"{'learning_rate': 0.03, 'n_estimators': 50, 'sampling_strategy': 'auto'}",0.5090544239206402,1343,0.9865971705137752,0.9842008763148066,0.7920480352350148,0.8620588981975121,0.5090544239206402,0.9545291157440692,0.9619612794309652,0.7702780129987775,0.9571136857775252,0.7491898462819493,5564.0,0.9448441247002398,0.9582245314859223,0.5066358024691359,0.6673763179237632,0.06550422358658,834.0,0.4602019786834717,0.4343769550323486,2026-04-29T18:10:09.581594+00:00
NR-AR-LBD,avalon,LogisticRegression,random_over,f1_macro,"{'C': 0.01, 'l1_ratio': 0.0}",0.4814791979358525,1343,0.9865971705137752,0.9842008763148066,0.7920480352350148,0.8408098502157908,0.4814791979358525,0.9385001860811314,0.9384923905757976,0.9384923905757976,0.9855311013108228,0.983297306180964,10748.0,0.9436450839328536,0.9575862321323942,0.5058930304672826,0.6320965125709652,0.0412707052464761,834.0,0.224877119064331,0.1824629306793213,2026-04-21T08:31:16.272319+00:00
NR-AR-LBD,avalon,XGBoost,random_under,f1_macro,"{'colsample_bytree': 0.8, 'learning_rate': 0.1, 'max_depth': 3, 'min_child_weight': 1, 'n_estimators': 200, 'scale_pos_weight': 1, 'subsample': 0.8}",0.5385610138508854,1343,0.9865971705137752,0.9845931473104578,0.8009387351778656,0.8900863163239401,0.5385610138508854,0.987719298245614,0.9876601034868859,0.9860533886071214,0.9995013850415513,0.9991188008551004,570.0,0.9400479616306955,0.9556695085667947,0.5037604722010662,0.7155312246553122,0.07279069097521623,834.0,0.13192296028137207,0.11855292320251465,2026-04-29T22:07:22.642083+00:00
NR-AR-LBD,avalon,BernoulliNB,smote,f1_macro,{'alpha': 0.1},0.3897774874717271,1343,0.9858525688756516,0.982625318646004,0.7647010005071695,0.6014597613607514,0.3897774874717271,0.7974506885001861,0.7929594943051772,0.7929594943051773,0.8402007508619496,0.8523247169612309,10748.0,0.948441247002398,0.9601380633016692,0.5089751489012118,0.4714618815896188,0.0207679525110448,834.0,0.0881919860839843,0.0812170505523681,2026-04-21T14:04:11.635931+00:00
NR-AR-LBD,avalon,BernoulliNB,smoteenn,f1_macro,{'alpha': 0.1},0.3891666876803236,1343,0.9858525688756516,0.982625318646004,0.7647010005071695,0.5998349834983497,0.3891666876803236,0.7998133457769482,0.7953651239259113,0.7952712075336629,0.8446440826444105,0.8548052081711899,10715.0,0.948441247002398,0.9601380633016692,0.5089751489012118,0.4564578264395782,0.0199159833118775,834.0,0.0931789875030517,0.071444034576416,2026-04-21T14:04:13.276190+00:00
NR-AR-LBD,avalon,BernoulliNB,smoten,f1_macro,{'alpha': 50.0},0.3864600140045143,1343,0.9858525688756516,0.982625318646004,0.7647010005071695,0.5756410256410257,0.3864600140045143,0.812430219575735,0.808864575570761,0.8088645755707609,0.8670679022306051,0.8718230331669153,10748.0,0.9508393285371702,0.9614130062676156,0.5106404293381037,0.4833738848337388,0.0209551525135021,834.0,0.0876779556274414,0.0940480232238769,2026-04-21T14:04:14.908384+00:00
NR-AR-LBD,avalon,BernoulliNB,smoten_enn,f1_macro,{'alpha': 50.0},0.3860296405697339,1343,0.9858525688756516,0.982625318646004,0.7647010005071695,0.5662731657781163,0.3860296405697339,0.8172032946461999,0.8137380925340426,0.813582462404093,0.876597651943479,0.8772003696164734,10684.0,0.9520383693045564,0.9620503913158348,0.5115094008082938,0.4768349553933496,0.0208343957604234,834.0,0.0679628849029541,0.0752489566802978,2026-04-21T14:04:17.086182+00:00
NR-AR-LBD,erg,RUSBoost,none,f1_macro,"{'learning_rate': 0.005, 'n_estimators': 75, 'sampling_strategy': 'auto'}",0.4972158450495776,1343,0.9873417721518988,0.9848802737186256,0.7991095390192611,0.7979817212490479,0.4972158450495776,0.946980589503954,0.95591428917056,0.7364247201104415,0.9098706246449768,0.7140860057734733,5564.0,0.9520383693045564,0.9626434096788848,0.5331392745185849,0.6144566098945661,0.0757106816589734,834.0,0.7818911075592041,0.7522590160369873,2026-04-29T18:11:38.547100+00:00
NR-AR-LBD,erg,LogisticRegression,random_over,f1_macro,"{'C': 1, 'l1_ratio': 0.0}",0.4598868764589911,1343,0.985107967237528,0.9828812747893976,0.7788208168642952,0.7103071845646103,0.4598868764589911,0.8701153703014515,0.8695964586073575,0.8695964586073575,0.9430608877960556,0.9431893200077568,10748.0,0.9376498800959232,0.9548453403176076,0.5195852534562212,0.5870843471208435,0.0751049062621184,834.0,0.0823850631713867,0.0674612522125244,2026-04-21T08:31:34.675464+00:00
NR-AR-LBD,erg,RandomForest,random_under,f1_macro,"{'max_depth': 15, 'max_features': 'log2', 'min_samples_leaf': 5, 'n_estimators': 100}",0.4718978027296565,1343,0.9873417721518988,0.9848802737186256,0.7991095390192611,0.7487433358720488,0.4718978027296565,0.9192982456140352,0.9172181585974688,0.9048676419366076,0.9537396121883656,0.9365479686680812,570.0,0.9556354916067148,0.9646012363958654,0.5374098670304466,0.6110097323600974,0.1228706294082934,834.0,0.2316670417785644,0.1783709526062011,2026-04-21T16:34:25.070158+00:00
NR-AR-LBD,erg,DecisionTree,smote,f1_macro,"{'ccp_alpha': 0.01, 'criterion': 'gini', 'max_depth': 5, 'min_samples_leaf': 10}",0.4599971413456294,1343,0.9873417721518988,0.9848802737186256,0.7991095390192611,0.6698654480832698,0.4599971413456294,0.8729065872720506,0.8722577485052389,0.872257748505239,0.922523386180744,0.9108000491121684,10748.0,0.947242206235012,0.960040856203926,0.5280864197530865,0.5550486618004866,0.0315697839237011,834.0,0.2119960784912109,0.1696741580963134,2026-04-22T07:45:46.264317+00:00
NR-AR-LBD,erg,DecisionTree,smoteenn,f1_macro,"{'ccp_alpha': 0.01, 'criterion': 'gini', 'max_depth': 5, 'min_samples_leaf': 10}",0.4620367253849528,1343,0.9873417721518988,0.9848802737186256,0.7991095390192611,0.7390454430058391,0.4620367253849528,0.887208749405611,0.8867161644828366,0.8865203073377745,0.9398866913949584,0.9209997887802238,10515.0,0.947242206235012,0.960040856203926,0.5280864197530865,0.4863138686131387,0.0298751182340862,834.0,0.2011139392852783,0.1714091300964355,2026-04-22T07:45:49.350961+00:00
NR-AR-LBD,erg,RandomForest,smoten,f1_macro,"{'max_depth': 5, 'max_features': 'sqrt', 'min_samples_leaf': 5, 'n_estimators': 100}",0.2576276591627052,1343,0.9828741623231572,0.977625614557687,0.6848479283360371,0.607032241685707,0.2576276591627052,0.8792333457387421,0.877708935340392,0.8777089353403921,0.9723076546450544,0.9690949303372436,10748.0,0.973621103117506,0.9724380884114092,0.4933171324422843,0.596918085969181,0.0255239763099147,834.0,0.7613048553466797,0.2791581153869629,2026-04-21T16:34:42.440397+00:00
NR-AR-LBD,erg,RandomForest,smoten_enn,f1_macro,"{'max_depth': 10, 'max_features': 'sqrt', 'min_samples_leaf': 20, 'n_estimators': 200}",0.3803610930933502,1343,0.9836187639612808,0.9789448761544788,0.7063722372396247,0.7211221122112211,0.3803610930933502,0.9656534954407296,0.965550271796564,0.9651948586217514,0.9976465455130608,0.9971491958875512,9870.0,0.9808153477218226,0.97765278686142,0.5507070707070707,0.5692416869424168,0.0613365087815726,834.0,1.4074382781982422,0.8767468929290771,2026-04-21T16:34:42.988842+00:00
NR-AR-LBD,estate,DecisionTree,none,f1_macro,"{'ccp_alpha': 0.0, 'criterion': 'entropy', 'max_depth': 5, 'min_samples_leaf': 50}",0.3558055673886265,1343,0.9828741623231572,0.9805478772766014,0.7509614376819072,0.7198273673521198,0.3558055673886265,0.9164270309130124,0.9357184772913756,0.6704482968525561,0.8906998609288387,0.4091413410122341,5564.0,0.9160671462829736,0.9434102546050966,0.5174887595874107,0.6489253852392538,0.0789328265894072,834.0,0.0156271457672119,0.0112378597259521,2026-04-22T07:46:02.891231+00:00
NR-AR-LBD,estate,RandomForest,random_over,f1_macro,"{'max_depth': 5, 'max_features': 'log2', 'min_samples_leaf': 5, 'n_estimators': 100}",0.4306449686537039,1343,0.9828741623231572,0.98006849056946,0.7400900332365686,0.7314419903528815,0.4306449686537039,0.8443431336062523,0.8423012744491226,0.8423012744491225,0.9383436584007494,0.9428817513915544,10748.0,0.9664268585131894,0.9705414152785352,0.553942542787286,0.5662003244120032,0.1222257789694324,834.0,0.2404561042785644,0.2045919895172119,2026-04-21T16:35:17.736379+00:00
NR-AR-LBD,estate,RandomForest,random_under,f1_macro,"{'max_depth': 5, 'max_features': 'sqrt', 'min_samples_leaf': 5, 'n_estimators': 200}",0.4300635369823467,1343,0.9821295606850337,0.9794575297472772,0.7345849802371542,0.7134551916730134,0.4300635369823467,0.868421052631579,0.8635495231162074,0.8420241601413099,0.92553324099723,0.8935480433937246,570.0,0.9592326139088728,0.9665673208930434,0.5422021310946077,0.5732968369829683,0.1170144669077737,834.0,0.3916008472442627,0.3294038772583008,2026-04-21T16:35:20.485657+00:00
NR-AR-LBD,estate,DecisionTree,smote,f1_macro,"{'ccp_alpha': 0.0, 'criterion': 'entropy', 'max_depth': 5, 'min_samples_leaf': 10}",0.3397092524537368,1343,0.985107967237528,0.9819675088480788,0.7581226136445501,0.6608530083777608,0.3397092524537368,0.9221250465202828,0.9219876863164548,0.9219876863164548,0.9500240755881362,0.9425113889834064,10748.0,0.9592326139088728,0.9671857599915152,0.5645577395577396,0.5997566909975669,0.0684400027712437,834.0,0.0378150939941406,0.034775972366333,2026-04-22T07:46:04.607728+00:00
NR-AR-LBD,estate,DecisionTree,smoteenn,f1_macro,"{'ccp_alpha': 0.0, 'criterion': 'entropy', 'max_depth': 5, 'min_samples_leaf': 10}",0.3397092524537368,1343,0.985107967237528,0.9819675088480788,0.7581226136445501,0.6608530083777608,0.3397092524537368,0.9234078369026466,0.9232659970090608,0.923247980394402,0.9508304137242304,0.9427766974346212,10693.0,0.9592326139088728,0.9671857599915152,0.5645577395577396,0.5997566909975669,0.0684400027712437,834.0,0.0403330326080322,0.0318968296051025,2026-04-22T07:46:05.000892+00:00
NR-AR-LBD,estate,RandomForest,smoten,f1_macro,"{'max_depth': 10, 'max_features': 'log2', 'min_samples_leaf': 20, 'n_estimators': 200}",0.396810460731707,1343,0.985107967237528,0.9819675088480788,0.7581226136445501,0.7232546331556232,0.396810460731707,0.9174730182359508,0.9172710928069684,0.9172710928069684,0.9830780263737976,0.9832162644874238,10748.0,0.974820143884892,0.9742804091601835,0.537095282146161,0.5763381995133819,0.0519121615736155,834.0,0.6662149429321289,0.5540719032287598,2026-04-21T16:35:35.304884+00:00
NR-AR-LBD,estate,DecisionTree,smoten_enn,f1_macro,"{'ccp_alpha': 0.01, 'criterion': 'gini', 'max_depth': 5, 'min_samples_leaf': 10}",0.3494888852949684,1343,0.985107967237528,0.9819675088480788,0.7581226136445501,0.6891977659304392,0.3494888852949684,0.8570058501966049,0.8553055353837341,0.8547480266452951,0.9121794280220288,0.8832510370504953,10427.0,0.9532374100719424,0.9638461504363978,0.5546518792359828,0.7189274128142741,0.0509408081003168,834.0,0.0217640399932861,0.0175490379333496,2026-04-22T07:46:06.939326+00:00
NR-AR-LBD,fcfp,EasyEnsemble,none,f1_macro,"{'n_estimators': 10, 'replacement': False}",0.4721993373623753,1343,0.9865971705137752,0.9837707579632708,0.7823103522800952,0.7462427011931961,0.4721993373623753,0.9631560028756292,0.9664980427698476,0.7718336066841218,0.9111207960354925,0.6547122218301492,5564.0,0.9652278177458034,0.9690793643682803,0.5234003980530869,0.6134935117599352,0.1092474753016949,834.0,7.985427141189575,5.005157947540283,2026-04-21T22:05:12.050079+00:00
NR-AR-LBD,fcfp,RandomForest,random_over,f1_macro,"{'max_depth': 15, 'max_features': 'sqrt', 'min_samples_leaf': 10, 'n_estimators': 200}",0.5215200405478151,1343,0.9873417721518988,0.9848802737186256,0.7991095390192611,0.8047854785478548,0.5215200405478151,0.9197059918124302,0.9193823466943324,0.9193823466943324,0.9844545558298105,0.9853747414796152,10748.0,0.973621103117506,0.973621103117506,0.5349756690997567,0.6730535279805352,0.0619338690086532,834.0,7.557889938354492,8.529757022857666,2026-04-21T16:35:56.303774+00:00
NR-AR-LBD,fcfp,BernoulliNB,random_under,f1_macro,{'alpha': 0.1},0.4251989526486233,1343,0.9858525688756516,0.9831014823914054,0.7754753671391741,0.6944021325209444,0.4251989526486233,0.8807017543859649,0.8758908981045354,0.856019969985587,0.95297783933518,0.9218497949357612,570.0,0.947242206235012,0.960040856203926,0.5280864197530865,0.4629967558799675,0.042372815212934,834.0,0.036755084991455,0.0066149234771728,2026-04-21T14:04:27.995877+00:00
NR-AR-LBD,fcfp,RandomForest,smote,f1_macro,"{'max_depth': 5, 'max_features': 'sqrt', 'min_samples_leaf': 20, 'n_estimators': 100}",0.4103970678075352,1343,0.9858525688756516,0.982625318646004,0.7647010005071695,0.7428408225437929,0.4103970678075352,0.7921473762560476,0.7852219057012805,0.7852219057012806,0.9369977038682576,0.9420740805871288,10748.0,0.9712230215827338,0.9732434261649914,0.5641114982578397,0.565389294403893,0.0494291607101615,834.0,1.553372859954834,1.687161207199097,2026-04-21T16:36:06.256048+00:00
NR-AR-LBD,fcfp,RandomForest,smoteenn,f1_macro,"{'max_depth': 5, 'max_features': 'log2', 'min_samples_leaf': 5, 'n_estimators': 100}",0.4117772388227854,1343,0.9858525688756516,0.982625318646004,0.7647010005071695,0.7183295252602183,0.4117772388227854,0.785988933695958,0.7800289880500308,0.7797330795337319,0.9082538046713156,0.9164100200698984,10663.0,0.9448441247002398,0.9582245314859223,0.5066358024691359,0.4627939983779399,0.0207388588533659,834.0,0.6696150302886963,0.3859357833862304,2026-04-21T16:36:14.769046+00:00
NR-AR-LBD,fcfp,RandomForest,smoten,f1_macro,"{'max_depth': 5, 'max_features': 'log2', 'min_samples_leaf': 20, 'n_estimators': 100}",0.4204852397711224,1343,0.9858525688756516,0.982625318646004,0.7647010005071695,0.6911652703731912,0.4204852397711224,0.790007443245255,0.7847033378335027,0.7847033378335028,0.9462333564036078,0.9465362176119746,10748.0,0.946043165467626,0.9588625790404204,0.5073962749550448,0.4863138686131387,0.0177259251502108,834.0,0.7283570766448975,0.4029567241668701,2026-04-21T16:36:19.992112+00:00
NR-AR-LBD,fcfp,RandomForest,smoten_enn,f1_macro,"{'max_depth': 5, 'max_features': 'log2', 'min_samples_leaf': 5, 'n_estimators': 100}",0.4073175965736525,1343,0.9858525688756516,0.982625318646004,0.7647010005071695,0.7003935008885503,0.4073175965736525,0.7980526167961801,0.7928099881996127,0.7925990235653964,0.9501187209539697,0.9489888912886896,10681.0,0.9568345323741008,0.9646006927102814,0.5152728446884082,0.4693836171938361,0.031216277785104,834.0,0.64748215675354,0.7154550552368164,2026-04-21T16:37:52.305785+00:00
NR-AR-LBD,klekota_roth,BalancedRandomForest,none,f1_macro,"{'max_depth': 5, 'max_features': 'sqrt', 'min_samples_leaf': 5, 'n_estimators': 100}",0.4003791596266861,1343,0.9858525688756516,0.982625318646004,0.7647010005071695,0.7583396801218583,0.4003791596266861,0.9484184040258806,0.9553850091950584,0.7162136105393151,0.8829877774077919,0.5982849271395614,5564.0,0.9628297362110312,0.9685455869404732,0.547651124136121,0.4624898621248986,0.1113154774246771,834.0,1.2091681957244873,1.785285234451294,2026-04-21T22:05:13.477316+00:00
NR-AR-LBD,klekota_roth,RandomForest,random_over,f1_macro,"{'max_depth': 5, 'max_features': 'sqrt', 'min_samples_leaf': 10, 'n_estimators': 100}",0.3980908605350863,1343,0.9858525688756516,0.982625318646004,0.7647010005071695,0.6953541507996953,0.3980908605350863,0.8076851507257164,0.8023676526926755,0.8023676526926755,0.9296141022212144,0.9391463036150433,10748.0,0.9712230215827338,0.9732434261649914,0.5641114982578397,0.5031934306569343,0.1098604305424256,834.0,0.9456892013549804,1.720628023147583,2026-04-21T16:38:24.320570+00:00
NR-AR-LBD,klekota_roth,RandomForest,random_under,f1_macro,"{'max_depth': 5, 'max_features': 'sqrt', 'min_samples_leaf': 5, 'n_estimators': 100}",0.3971587309799254,1343,0.9858525688756516,0.982625318646004,0.7647010005071695,0.7351865955826352,0.3971587309799254,0.8508771929824561,0.8440078605096839,0.8184162297287674,0.8922991689750692,0.855627126769574,570.0,0.9628297362110312,0.9685455869404732,0.547651124136121,0.5607258718572588,0.1127183506742981,834.0,0.3526499271392822,0.2528839111328125,2026-04-21T16:38:24.413713+00:00
NR-AR-LBD,klekota_roth,RandomForest,smote,f1_macro,"{'max_depth': 5, 'max_features': 'sqrt', 'min_samples_leaf': 5, 'n_estimators': 100}",0.4045895590172634,1343,0.985107967237528,0.9814412403498672,0.7462207105064248,0.7293602437166793,0.4045895590172634,0.7990323781168589,0.7924788715443313,0.7924788715443314,0.9396010218326424,0.9486740236339514,10748.0,0.973621103117506,0.9746196109728912,0.5702239295418345,0.7454886455798865,0.0825362840851692,834.0,2.024900197982788,1.884138107299805,2026-04-21T16:38:36.997659+00:00
NR-AR-LBD,klekota_roth,RandomForest,smoteenn,f1_macro,"{'max_depth': 10, 'max_features': 'sqrt', 'min_samples_leaf': 5, 'n_estimators': 200}",0.4043950496077629,1343,0.9843633655994044,0.9813226910641848,0.7518411952590872,0.7400228484386899,0.4043950496077629,0.8740942881339983,0.8725124509545366,0.8723421642119078,0.9757014989432022,0.975957428313073,10627.0,0.974820143884892,0.975316078239052,0.5736092513694461,0.7524330900243309,0.1070337620635916,834.0,2.8225557804107666,3.9088618755340576,2026-04-21T16:38:45.367326+00:00
NR-AR-LBD,klekota_roth,RandomForest,smoten,f1_macro,"{'max_depth': 5, 'max_features': 'sqrt', 'min_samples_leaf': 5, 'n_estimators': 100}",0.3923697243171004,1343,0.985107967237528,0.9814412403498672,0.7462207105064248,0.7074892104595074,0.3923697243171004,0.805731298846297,0.7997336852974639,0.7997336852974637,0.9678353362736044,0.9700686381539668,10748.0,0.9712230215827338,0.9732434261649914,0.5641114982578397,0.7599351175993512,0.0893144968412189,834.0,1.2342219352722168,1.3308351039886477,2026-04-21T16:40:08.782869+00:00
NR-AR-LBD,klekota_roth,RandomForest,smoten_enn,f1_macro,"{'max_depth': 10, 'max_features': 'sqrt', 'min_samples_leaf': 20, 'n_estimators': 200}",0.3939382304727675,1343,0.9843633655994044,0.9813226910641848,0.7518411952590872,0.702005585173902,0.3939382304727675,0.9199513154199044,0.919775896917514,0.9197507298090342,0.9833923729807812,0.9829931185213804,10681.0,0.9592326139088728,0.9665673208930434,0.5422021310946077,0.7403690186536902,0.0808010967079574,834.0,3.885731935501098,3.856764078140259,2026-04-21T16:40:09.584982+00:00
NR-AR-LBD,maccs,RUSBoost,none,f1_macro,"{'learning_rate': 0.01, 'n_estimators': 50, 'sampling_strategy': 'auto'}",0.513399593001737,1343,0.9865971705137752,0.9837707579632708,0.7823103522800952,0.8564991114496066,0.513399593001737,0.9487778576563624,0.956545140956606,0.7315976737584907,0.9261801461226568,0.663451966946808,5564.0,0.9424460431654677,0.9574427282241228,0.5236100533130236,0.6501419302514193,0.0604251867599424,834.0,0.3235809803009033,0.2916758060455322,2026-04-29T18:13:10.339580+00:00
NR-AR-LBD,maccs,LogisticRegression,random_over,f1_macro,"{'C': 0.001, 'l1_ratio': 1.0}",0.4459915611814347,1343,0.9873417721518988,0.9848802737186256,0.7991095390192611,0.7166666666666667,0.4459915611814347,0.7631187197618161,0.7628376631194768,0.7628376631194769,0.8276035361093654,0.8131986466649355,10748.0,0.6630695443645084,0.7845777960568822,0.4213981507770933,0.635999594484996,0.032251583891897,834.0,0.0394768714904785,0.0263140201568603,2026-04-21T08:31:54.849757+00:00
NR-AR-LBD,maccs,RandomForest,random_under,f1_macro,"{'max_depth': 5, 'max_features': 'sqrt', 'min_samples_leaf': 10, 'n_estimators': 100}",0.4690208707527173,1343,0.9858525688756516,0.982625318646004,0.7647010005071695,0.7425488702716425,0.4690208707527173,0.8526315789473684,0.845668629100084,0.8202270815811606,0.9424653739612188,0.907069057623158,570.0,0.9640287769784172,0.9692085916550076,0.5496436028511772,0.6822789943227899,0.0705423898018806,834.0,0.2647249698638916,0.1958661079406738,2026-04-21T16:40:59.453316+00:00
NR-AR-LBD,maccs,LogisticRegression,smote,f1_macro,"{'C': 0.001, 'l1_ratio': 1.0}",0.3506190291401586,1343,0.985107967237528,0.9814412403498672,0.7462207105064248,0.6651942117288652,0.3506190291401586,0.796706363974693,0.7932331801844977,0.7932331801844978,0.8347837608444024,0.8431630674854165,10748.0,0.9412470023980816,0.9580347225311472,0.5695189137373461,0.696573398215734,0.0610408956192929,834.0,0.0345280170440673,0.03721284866333,2026-04-21T08:31:55.647359+00:00
NR-AR-LBD,maccs,RandomForest,smoteenn,f1_macro,"{'max_depth': 5, 'max_features': 'sqrt', 'min_samples_leaf': 5, 'n_estimators': 100}",0.3353870460657437,1343,0.9843633655994044,0.9802155291863782,0.7268024759524571,0.68995938055344,0.3353870460657437,0.8467236467236468,0.8434551555043036,0.8429512438453102,0.97495914948941,0.9734046773722984,10530.0,0.9760191846522782,0.9749437167376448,0.5393792113111675,0.7019464720194646,0.0520349542065999,834.0,0.5003149509429932,0.4277071952819824,2026-04-21T16:41:16.216387+00:00
NR-AR-LBD,maccs,LogisticRegression,smoten,f1_macro,"{'C': 0.001, 'l1_ratio': 1.0}",0.4485974392079442,1343,0.9873417721518988,0.9848802737186256,0.7991095390192611,0.7134044173648133,0.4485974392079442,0.7631187197618161,0.7628376631194768,0.7628376631194769,0.8564984143283718,0.8582716666871402,10748.0,0.6630695443645084,0.7845777960568822,0.4213981507770933,0.6872465531224656,0.0602407485115017,834.0,0.0391068458557128,0.0329630374908447,2026-04-21T08:31:57.645073+00:00
NR-AR-LBD,maccs,LogisticRegression,smoten_enn,f1_macro,"{'C': 0.001, 'l1_ratio': 1.0}",0.3506190291401586,1343,0.985107967237528,0.9814412403498672,0.7462207105064248,0.6651942117288652,0.3506190291401586,0.8029764133283415,0.7998030203548334,0.7996483385952717,0.8449655942646361,0.8502694186132123,10684.0,0.9412470023980816,0.9580347225311472,0.5695189137373461,0.696573398215734,0.0610408956192929,834.0,0.0319581031799316,0.0279161930084228,2026-04-21T08:31:57.720348+00:00
NR-AR-LBD,map4,BalancedRandomForest,none,f1_macro,"{'max_depth': 5, 'max_features': 'sqrt', 'min_samples_leaf': 10, 'n_estimators': 100}",0.406792887369316,1343,0.9828741623231572,0.9805478772766014,0.7509614376819072,0.7354658542777355,0.406792887369316,0.8734723220704529,0.9088231158780832,0.6132448657187993,0.9076244295144262,0.6750380874007953,5564.0,0.8884892086330936,0.9278586567246692,0.4910195751606108,0.6085766423357664,0.0744328732964976,834.0,0.5415029525756836,0.7152290344238281,2026-04-21T22:06:12.054869+00:00
NR-AR-LBD,map4,RandomForest,random_over,f1_macro,"{'max_depth': 5, 'max_features': 'log2', 'min_samples_leaf': 20, 'n_estimators': 100}",0.4083499842306774,1343,0.9828741623231572,0.9795438997369644,0.7282070233790002,0.7336379791825336,0.4083499842306774,0.8767212504652029,0.8760802709838568,0.8760802709838567,0.9348690416814808,0.9518277344883344,10748.0,0.948441247002398,0.9606909088608464,0.5292897738459317,0.6206407137064072,0.0545512497526949,834.0,0.4954078197479248,0.3856081962585449,2026-04-21T16:42:00.440943+00:00
NR-AR-LBD,map4,RandomForest,random_under,f1_macro,"{'max_depth': 10, 'max_features': 'sqrt', 'min_samples_leaf': 10, 'n_estimators': 200}",0.4242536367633756,1343,0.9828741623231572,0.9805478772766014,0.7509614376819072,0.765092663112465,0.4242536367633756,0.887719298245614,0.8865873116730913,0.8712246367602829,0.94404432132964,0.9234773190001468,570.0,0.9112709832134293,0.9404781544865704,0.5023705853894533,0.625506893755069,0.0544882362460816,834.0,0.3859319686889648,0.3508279323577881,2026-04-21T16:42:21.444529+00:00
NR-AR-LBD,map4,BernoulliNB,smote,f1_macro,{'alpha': 0.1},0.3713447801909187,1343,0.9821295606850337,0.9799364011974596,0.7454510993176648,0.7248032495557248,0.3713447801909187,0.7629326386304429,0.759713686790071,0.7597136867900711,0.6819335200746707,0.7708720835681949,10748.0,0.8920863309352518,0.9298673473019688,0.4926870150585309,0.5287915652879156,0.0257219475812209,834.0,0.2120649814605713,0.2344551086425781,2026-04-21T14:05:07.840395+00:00
NR-AR-LBD,map4,BernoulliNB,smoteenn,f1_macro,{'alpha': 0.1},0.3714651072422937,1343,0.9828741623231572,0.9805478772766014,0.7509614376819072,0.7247270880934249,0.3714651072422937,0.7652814014163251,0.7620056136517319,0.761963717085598,0.6827186821427266,0.7721721933486516,10732.0,0.8932853717026379,0.9305354978689858,0.4932514080901177,0.528588807785888,0.0261819832348923,834.0,0.221663236618042,0.2004358768463134,2026-04-21T14:05:08.093733+00:00
NR-AR-LBD,map4,BernoulliNB,smoten,f1_macro,{'alpha': 0.1},0.3530458906326945,1343,0.9769173492181684,0.9758900711625724,0.7122905220966794,0.7258695100279259,0.3530458906326945,0.7641421659843692,0.7621033445895621,0.762103344589562,0.6706094236692707,0.7555560034710491,10748.0,0.8621103117505995,0.9129219336391616,0.4796859996419484,0.5504866180048662,0.0198778329056816,834.0,0.1936421394348144,0.1848440170288086,2026-04-21T14:05:11.517093+00:00
NR-AR-LBD,map4,BernoulliNB,smoten_enn,f1_macro,{'alpha': 0.1},0.3532568688125811,1343,0.9784065524944154,0.9770092738971096,0.7209080681337738,0.725920284336126,0.3532568688125811,0.7673984119570294,0.7653447670651867,0.7652546581566672,0.6719031872685461,0.7576380918602433,10705.0,0.8657074340527577,0.9149810617201226,0.4811589050835407,0.5488645579886455,0.0199173384188314,834.0,0.1807560920715332,0.1862099170684814,2026-04-21T14:05:13.858021+00:00
NR-AR-LBD,mhfp,BalancedRandomForest,none,f1_macro,"{'max_depth': 5, 'max_features': 'sqrt', 'min_samples_leaf': 20, 'n_estimators': 200}",0.4506560770663438,1343,0.985107967237528,0.9814412403498672,0.7462207105064248,0.8217060167555217,0.4506560770663438,0.9780733285406182,0.978448589578468,0.8394947881346715,0.9897949190057392,0.8215475819129406,5564.0,0.9856115107913668,0.9805162606829376,0.5678010019001555,0.5517031630170316,0.0718182551971408,834.0,1.6479849815368652,2.039736032485962,2026-04-21T22:06:37.684650+00:00
NR-AR-LBD,mhfp,BernoulliNB,random_over,f1_macro,{'alpha': 0.1},0.4406343106417676,1343,0.985107967237528,0.9814412403498672,0.7462207105064248,0.7303884234577304,0.4406343106417676,0.8084294752512096,0.8023367091455617,0.8023367091455615,0.9098655236608356,0.9262414909686408,10748.0,0.9796163069544364,0.9769651451925818,0.5474769397721106,0.5902270884022709,0.0434665513610892,834.0,0.4426403045654297,0.4287159442901611,2026-04-21T14:05:17.188517+00:00
NR-AR-LBD,mhfp,BernoulliNB,random_under,f1_macro,{'alpha': 0.1},0.4416201735235844,1343,0.985107967237528,0.9814412403498672,0.7462207105064248,0.7452652957603453,0.4416201735235844,0.8736842105263158,0.8654554988356132,0.8417667833623788,0.923684210526316,0.8925389486903067,570.0,0.9772182254196644,0.9756117042353626,0.5418509844739353,0.559610705596107,0.0356194839356854,834.0,0.0373399257659912,0.0118961334228515,2026-04-21T14:05:17.575337+00:00
NR-AR-LBD,mhfp,KNeighbors,smote,f1_macro,"{'n_neighbors': 5, 'weights': 'uniform'}",0.3374421997811995,1343,0.9843633655994044,0.9813226910641848,0.7518411952590872,0.7415460776846915,0.3374421997811995,0.9936732415333084,0.9936731854505012,0.9936731854505012,0.9982295457224264,0.996806493789742,10748.0,0.9832134292565948,0.9790574320204852,0.5582627118644068,0.518552311435523,0.0340227817745803,834.0,22.47910714149475,17.8158860206604,2026-04-23T18:44:13.396396+00:00
NR-AR-LBD,mhfp,KNeighbors,smoteenn,f1_macro,"{'n_neighbors': 5, 'weights': 'uniform'}",0.3387026021054315,1343,0.9843633655994044,0.9813226910641848,0.7518411952590872,0.7427773546585428,0.3387026021054315,0.9930141579731744,0.9930141019099796,0.9930141200926376,0.9976918582529584,0.9959151342122058,10736.0,0.9808153477218226,0.97765278686142,0.5507070707070707,0.5239253852392538,0.0270783373301358,834.0,22.490509271621704,18.191213846206665,2026-04-23T18:44:34.881872+00:00
NR-AR-LBD,mhfp,KNeighbors,smoten,f1_macro,"{'n_neighbors': 15, 'weights': 'uniform'}",0.4357275508683678,1343,0.98138495904691,0.9793343411297788,0.7401577240680117,0.7675425234831177,0.4357275508683678,0.9893933755117232,0.9893922236374328,0.9893922236374328,0.9992124100532842,0.9984588970640754,10748.0,0.974820143884892,0.9742804091601835,0.537095282146161,0.5504866180048661,0.0230006692320562,834.0,85.97429895401001,67.81785011291504,2026-04-23T18:47:21.339784+00:00
NR-AR-LBD,mhfp,KNeighbors,smoten_enn,f1_macro,"{'n_neighbors': 15, 'weights': 'uniform'}",0.4077718206175832,1343,0.98138495904691,0.9793343411297788,0.7401577240680117,0.756029449098756,0.4077718206175832,0.9894599384385784,0.9894590472340258,0.9894592601767064,0.9990677498883062,0.9981301213518252,10721.0,0.974820143884892,0.9742804091601835,0.537095282146161,0.5708637469586375,0.0245010443258296,834.0,83.44719099998474,66.95030188560486,2026-04-23T18:48:05.039483+00:00
NR-AR-LBD,morgan_2048,LogisticRegression,none,f1_macro,"{'C': 0.01, 'l1_ratio': 0.0}",0.5017719494091668,1343,0.9865971705137752,0.9845931473104578,0.8009387351778656,0.8697638994668697,0.5017719494091668,0.9703450754852624,0.9734982622821596,0.8235338553545036,0.9894472411023838,0.7987886193759721,5564.0,0.9712230215827338,0.9723123028795178,0.5311533776820013,0.579176804541768,0.1282411591759971,834.0,0.1407828330993652,0.1063067913055419,2026-04-21T08:32:38.656632+00:00
NR-AR-LBD,morgan_2048,XGBoost,random_over,f1_macro,"{'colsample_bytree': 0.8, 'learning_rate': 0.05, 'max_depth': 7, 'min_child_weight': 5, 'n_estimators': 100, 'scale_pos_weight': 1, 'subsample': 0.8}",0.5271971282979775,1343,0.9865971705137752,0.9842008763148066,0.7920480352350148,0.8302614876872303,0.5271971282979775,0.980647562337179,0.980646832569526,0.9806468325695259,0.997269430796725,0.9966348262535474,10748.0,0.9748201438848921,0.9742804091601835,0.537095282146161,0.661293592862936,0.10579799657203053,834.0,3.432508945465088,3.340473175048828,2026-04-29T22:34:23.677605+00:00
NR-AR-LBD,morgan_2048,LogisticRegression,random_under,f1_macro,"{'C': 0.01, 'l1_ratio': 0.0}",0.4513319242732865,1343,0.9865971705137752,0.9837707579632708,0.7823103522800952,0.7864432597105865,0.4513319242732865,0.8543859649122807,0.84801770614325,0.8233244578551716,0.9267036011080332,0.8962617752631037,570.0,0.9436450839328536,0.958092066126647,0.5246826003128524,0.5633617193836172,0.1080199021720976,834.0,0.0383789539337158,0.0091710090637207,2026-04-21T08:32:44.700857+00:00
NR-AR-LBD,morgan_2048,BernoulliNB,smote,f1_macro,{'alpha': 10.0},0.3677192350517171,1343,0.985107967237528,0.9814412403498672,0.7462207105064248,0.6818227976643818,0.3677192350517171,0.8860253070338667,0.88500378646495,0.8850037864649501,0.9785945064307064,0.9772829979812095,10748.0,0.973621103117506,0.973621103117506,0.5349756690997567,0.5620437956204379,0.0436732179254836,834.0,0.5321838855743408,0.4955658912658691,2026-04-21T14:05:34.494788+00:00
NR-AR-LBD,morgan_2048,RandomForest,smoteenn,f1_macro,"{'max_depth': 15, 'max_features': 'log2', 'min_samples_leaf': 20, 'n_estimators': 100}",0.4142537967391548,1343,0.9858525688756516,0.982625318646004,0.7647010005071695,0.7419141914191418,0.4142537967391548,0.7928331466965286,0.7855373485151776,0.785418233442829,0.9614401543992688,0.9616531120616296,10716.0,0.9700239808153476,0.971661914831328,0.5294197305166226,0.6436536901865368,0.1098404079048292,834.0,0.9054911136627196,0.7744913101196289,2026-04-21T16:46:12.192962+00:00
NR-AR-LBD,morgan_2048,DecisionTree,smoten,f1_macro,"{'ccp_alpha': 0.01, 'criterion': 'gini', 'max_depth': 5, 'min_samples_leaf': 10}",0.3471594274840737,1343,0.9843633655994044,0.9813226910641848,0.7518411952590872,0.7689261233815688,0.3471594274840737,0.8956084852995906,0.8955897434334539,0.8955897434334538,0.9337655050873488,0.9144956048696952,10748.0,0.9184652278177458,0.944081695130218,0.4930091185410334,0.572029602595296,0.0218254559988151,834.0,1.1987509727478027,1.1744890213012695,2026-04-22T07:56:08.625425+00:00
NR-AR-LBD,morgan_2048,DecisionTree,smoten_enn,f1_macro,"{'ccp_alpha': 0.01, 'criterion': 'gini', 'max_depth': 5, 'min_samples_leaf': 10}",0.3552612535973568,1343,0.9843633655994044,0.9813226910641848,0.7518411952590872,0.7397816704747399,0.3552612535973568,0.8996258185219832,0.899613049118348,0.8996052530613918,0.9463801059248288,0.9235859025151528,10690.0,0.9184652278177458,0.944081695130218,0.4930091185410334,0.5138888888888888,0.0200851830923213,834.0,1.168687105178833,1.1759209632873535,2026-04-22T07:56:10.664153+00:00
NR-AR-LBD,morgan_4096,LogisticRegression,none,f1_macro,"{'C': 0.01, 'l1_ratio': 0.0}",0.4926037937821457,1343,0.9865971705137752,0.9842008763148066,0.7920480352350148,0.8431327748159431,0.4926037937821457,0.9816678648454348,0.983161892258485,0.8838665318834589,0.99538127044444,0.8908393301939949,5564.0,0.973621103117506,0.973621103117506,0.5349756690997567,0.5627534468775344,0.1137755889492717,834.0,0.3702757358551025,0.3189010620117187,2026-04-21T08:32:55.778953+00:00
NR-AR-LBD,morgan_4096,LogisticRegression,random_over,f1_macro,"{'C': 0.001, 'l1_ratio': 0.0}",0.4967094446992762,1343,0.9873417721518988,0.9848802737186256,0.7991095390192611,0.8164254887027164,0.4967094446992762,0.8913286192780052,0.8906479071501492,0.8906479071501493,0.9721157390010956,0.9729981532328724,10748.0,0.9652278177458034,0.9690793643682803,0.5234003980530869,0.5517031630170316,0.0608972178456284,834.0,0.4404211044311523,0.3419778347015381,2026-04-21T08:32:56.460536+00:00
NR-AR-LBD,morgan_4096,LogisticRegression,random_under,f1_macro,"{'C': 0.1, 'l1_ratio': 0.0}",0.4952871935644847,1343,0.9873417721518988,0.9852680147687314,0.8078926332618116,0.8126681898959126,0.4952871935644847,0.9789473684210528,0.9788609486044596,0.9761243210790131,0.9988642659279778,0.9975839498585451,570.0,0.9592326139088728,0.9658772981614708,0.517361111111111,0.5341646390916464,0.1049183687310175,834.0,0.0679531097412109,0.0197999477386474,2026-04-21T08:32:58.408534+00:00
NR-AR-LBD,morgan_4096,XGBoost,smote,f1_macro,"{'colsample_bytree': 0.8, 'learning_rate': 0.05, 'max_depth': 7, 'min_child_weight': 10, 'n_estimators': 100, 'scale_pos_weight': 1, 'subsample': 0.8}",0.43302284173094796,1343,0.9851079672375279,0.9819675088480787,0.7581226136445501,0.7566641279512567,0.43302284173094796,0.9632489765537774,0.9632488617059772,0.9632488617059771,0.9918984762953968,0.9919605342231863,10748.0,0.9688249400479616,0.9710137116787407,0.527787456445993,0.6277372262773722,0.06999665534733449,834.0,9.921373844146729,9.850818872451782,2026-04-29T22:39:45.454960+00:00
NR-AR-LBD,morgan_4096,LogisticRegression,smoteenn,f1_macro,"{'C': 0.001, 'l1_ratio': 1.0}",0.3482253660958054,1343,0.985107967237528,0.9814412403498672,0.7462207105064248,0.6666666666666666,0.3482253660958054,0.7371071528490162,0.7207367445831139,0.72057830083296,0.7365441147258881,0.7258151763492124,10723.0,0.9712230215827338,0.9723123028795178,0.5311533776820013,0.5337591240875912,0.0191418293936279,834.0,0.2719056606292724,0.2998051643371582,2026-04-21T08:33:02.481417+00:00
NR-AR-LBD,morgan_4096,LogisticRegression,smoten,f1_macro,"{'C': 0.001, 'l1_ratio': 0.0}",0.3744946295409475,1343,0.985107967237528,0.9814412403498672,0.7462207105064248,0.7376745366844376,0.3744946295409475,0.9591551916635652,0.9591542719942898,0.9591542719942898,0.982834067570096,0.9844793901848244,10748.0,0.9640287769784172,0.9684372306555732,0.5220812958435208,0.4977696674776966,0.055852879749204,834.0,0.3688569068908691,0.2931809425354004,2026-04-21T08:33:02.894017+00:00
NR-AR-LBD,morgan_4096,LogisticRegression,smoten_enn,f1_macro,"{'C': 0.001, 'l1_ratio': 0.0}",0.3737157677263024,1343,0.985107967237528,0.9814412403498672,0.7462207105064248,0.7337649149530338,0.3737157677263024,0.9644494339975676,0.9644494339975676,0.9644483508450324,0.9884991707748644,0.987862533232678,10689.0,0.9652278177458034,0.9690793643682803,0.5234003980530869,0.4965531224655312,0.0418563084789052,834.0,0.3911120891571045,0.2725160121917724,2026-04-21T08:33:04.567612+00:00
NR-AR-LBD,pubchem,EasyEnsemble,none,f1_macro,"{'n_estimators': 10, 'replacement': True}",0.4688650050634469,1343,0.9873417721518988,0.9848802737186256,0.7991095390192611,0.7851358212744352,0.4688650050634469,0.9085190510424156,0.9306952263050324,0.6576280230712868,0.9298116663075628,0.5975291292272498,5564.0,0.9184652278177458,0.9444173984120974,0.5064745196324143,0.6271796431467964,0.0684723705722117,834.0,4.282864809036255,2.5673999786376953,2026-04-21T22:09:50.594109+00:00
NR-AR-LBD,pubchem,XGBoost,random_over,f1_macro,"{'colsample_bytree': 0.8, 'learning_rate': 0.1, 'max_depth': 5, 'min_child_weight': 5, 'n_estimators': 100, 'scale_pos_weight': 1, 'subsample': 0.8}",0.6684231689442146,1343,0.9895755770662695,0.9882962340318513,0.8515131412686379,0.8389312008123889,0.6684231689442146,0.9849274283587645,0.9849267138360027,0.9849267138360027,0.9978013582883805,0.9972338727204583,10748.0,0.9628297362110312,0.9677961050675723,0.5208229079788713,0.6479115977291161,0.027820883880828484,834.0,1.409132719039917,1.4144182205200195,2026-04-29T22:48:24.957700+00:00
NR-AR-LBD,pubchem,DecisionTree,random_under,f1_macro,"{'ccp_alpha': 0.0, 'criterion': 'gini', 'max_depth': 5, 'min_samples_leaf': 20}",0.4981415984115165,1343,0.9880863737900224,0.9859563345020504,0.815153809097791,0.7806169078446306,0.4981415984115165,0.8263157894736842,0.8290281257212044,0.8112576468581405,0.901724376731302,0.8505303121544285,570.0,0.7973621103117506,0.8745459792858684,0.4659254964817151,0.5624493106244931,0.036974454648683,834.0,0.0155689716339111,0.0097270011901855,2026-04-22T08:01:58.768683+00:00
NR-AR-LBD,pubchem,LogisticRegression,smote,f1_macro,"{'C': 0.001, 'l1_ratio': 1.0}",0.4485974392079442,1343,0.9873417721518988,0.9848802737186256,0.7991095390192611,0.7134044173648133,0.4485974392079442,0.774004465947153,0.7737319539826423,0.7737319539826422,0.8463997386969391,0.8571028698307743,10748.0,0.802158273381295,0.8774970087146784,0.4679374407949426,0.671279399837794,0.0292959261978931,834.0,0.1355619430541992,0.1029729843139648,2026-04-21T08:33:13.884891+00:00
NR-AR-LBD,pubchem,LogisticRegression,smoteenn,f1_macro,"{'C': 0.001, 'l1_ratio': 1.0}",0.4485974392079442,1343,0.9873417721518988,0.9848802737186256,0.7991095390192611,0.7134044173648133,0.4485974392079442,0.7751007781006843,0.7748128725410177,0.7747448831814463,0.8471684695524794,0.8566548104355798,10667.0,0.802158273381295,0.8774970087146784,0.4679374407949426,0.6709752635847527,0.0291143720947703,834.0,0.1135740280151367,0.0983290672302246,2026-04-21T08:33:14.984678+00:00
NR-AR-LBD,pubchem,RandomForest,smoten,f1_macro,"{'max_depth': 5, 'max_features': 'sqrt', 'min_samples_leaf': 5, 'n_estimators': 100}",0.4794878745082924,1343,0.9865971705137752,0.9837707579632708,0.7823103522800952,0.813874079715664,0.4794878745082924,0.8727205061406773,0.8711994399207816,0.8711994399207816,0.982783790345914,0.9833401320425712,10748.0,0.9676258992805756,0.9693948680178344,0.4917733089579524,0.6587591240875913,0.0346317401393292,834.0,0.6000828742980957,0.4066259860992431,2026-04-21T16:52:14.533919+00:00
NR-AR-LBD,pubchem,RandomForest,smoten_enn,f1_macro,"{'max_depth': 5, 'max_features': 'sqrt', 'min_samples_leaf': 5, 'n_estimators': 100}",0.4593308394593327,1343,0.9865971705137752,0.9837707579632708,0.7823103522800952,0.8038588474232038,0.4593308394593327,0.8817577063618477,0.8804332688158166,0.8803418021344608,0.9841651769758328,0.9836796743979056,10673.0,0.973621103117506,0.9724380884114092,0.4933171324422843,0.6008718572587186,0.0260393082803851,834.0,0.8791921138763428,0.8423309326171875,2026-04-21T16:52:30.609849+00:00
NR-AR-LBD,rdkit,LogisticRegression,none,f1_macro,"{'C': 0.001, 'l1_ratio': 0.0}",0.5340395183179955,1343,0.9873417721518988,0.9848802737186256,0.7991095390192611,0.8271896420411272,0.5340395183179955,0.9572250179726816,0.9640604053023144,0.7814075809888286,0.9820740211153116,0.7573022160220199,5564.0,0.9568345323741008,0.9652555105792516,0.538943488943489,0.658860502838605,0.0651859377818556,834.0,0.4000751972198486,0.3463218212127685,2026-04-21T08:33:20.577368+00:00
NR-AR-LBD,rdkit,BernoulliNB,random_over,f1_macro,{'alpha': 0.1},0.446429241667943,1343,0.9865971705137752,0.9837707579632708,0.7823103522800952,0.7762376237623763,0.446429241667943,0.785355414960923,0.7832189546490735,0.7832189546490735,0.8078596493973866,0.8057598051472858,10748.0,0.8729016786570744,0.9192391221066482,0.4927240176276166,0.6124290348742902,0.0228659336650476,834.0,0.4213466644287109,0.3811757564544678,2026-04-21T14:06:17.775835+00:00
NR-AR-LBD,rdkit,RandomForest,random_under,f1_macro,"{'max_depth': 15, 'max_features': 'sqrt', 'min_samples_leaf': 5, 'n_estimators': 100}",0.522629435470821,1343,0.9873417721518988,0.9848802737186256,0.7991095390192611,0.8473216552424473,0.522629435470821,0.9403508771929824,0.9396548468713416,0.931389486801858,0.9877562326869808,0.9795008738514296,570.0,0.9688249400479616,0.9718853488637662,0.5587301587301587,0.6464922952149229,0.0683788297111401,834.0,0.2666091918945312,0.208972692489624,2026-04-21T16:53:07.062071+00:00
NR-AR-LBD,rdkit,BernoulliNB,smote,f1_macro,{'alpha': 0.1},0.3768517127954978,1343,0.985107967237528,0.9814412403498672,0.7462207105064248,0.6074384361513074,0.3768517127954978,0.777074804614812,0.7697264309144097,0.7697264309144098,0.8378920671266039,0.8451778478782361,10748.0,0.9592326139088728,0.9658772981614708,0.517361111111111,0.4482968369829683,0.0159055807054045,834.0,0.4076688289642334,0.517146110534668,2026-04-21T14:06:19.937881+00:00
NR-AR-LBD,rdkit,BernoulliNB,smoteenn,f1_macro,{'alpha': 0.1},0.3764968210584137,1343,0.985107967237528,0.9814412403498672,0.7462207105064248,0.6067275958365068,0.3764968210584137,0.7819696686013855,0.7748868159414196,0.7746356239610018,0.8409645586259331,0.8463634660370645,10682.0,0.9592326139088728,0.9658772981614708,0.517361111111111,0.4487023519870235,0.0159155957835038,834.0,0.3721599578857422,0.5220122337341309,2026-04-21T14:06:23.011897+00:00
NR-AR-LBD,rdkit,LogisticRegression,smoten,f1_macro,"{'C': 0.01, 'l1_ratio': 1.0}",0.4651112979341441,1343,0.9858525688756516,0.9831014823914054,0.7754753671391741,0.7129093678598629,0.4651112979341441,0.8596017863788612,0.8580241056624842,0.8580241056624842,0.9770024982101724,0.977117346021145,10748.0,0.9532374100719424,0.963295298644805,0.5345116279069767,0.6739659367396593,0.0534378912530284,834.0,0.4198160171508789,0.4213387966156006,2026-04-21T08:33:29.636083+00:00
NR-AR-LBD,rdkit,LogisticRegression,smoten_enn,f1_macro,"{'C': 0.01, 'l1_ratio': 1.0}",0.4537819281252123,1343,0.9858525688756516,0.9831014823914054,0.7754753671391741,0.704061944656004,0.4537819281252123,0.8619262603461249,0.8602416164366311,0.8600655635596031,0.9820359866327356,0.9800359438468336,10632.0,0.9616306954436452,0.9678845159166783,0.545751633986928,0.6785279805352799,0.0520006037414945,834.0,0.3691062927246094,0.3807458877563476,2026-04-21T08:33:31.784806+00:00
NR-AR-LBD,topological_torsion,BalancedRandomForest,none,f1_macro,"{'max_depth': 15, 'max_features': 'sqrt', 'min_samples_leaf': 5, 'n_estimators': 100}",0.4996008498139052,1343,0.9865971705137752,0.9837707579632708,0.7823103522800952,0.8274181264280275,0.4996008498139052,0.9593817397555716,0.9641980435638092,0.7660415440248928,0.933472567723738,0.6853222293915759,5564.0,0.9676258992805756,0.9703673891586696,0.5262460289074499,0.6514598540145985,0.1098695901713524,834.0,0.9771361351013184,1.1508800983428955,2026-04-21T22:11:51.534695+00:00
NR-AR-LBD,topological_torsion,XGBoost,random_over,f1_macro,"{'colsample_bytree': 0.8, 'learning_rate': 0.1, 'max_depth': 3, 'min_child_weight': 10, 'n_estimators': 100, 'scale_pos_weight': 1, 'subsample': 0.8}",0.5171498419937748,1343,0.9865971705137752,0.9842008763148066,0.7920480352350148,0.7859609037826859,0.5171498419937748,0.9301265351693339,0.929973163493867,0.9299731634938669,0.9803322562742305,0.9814737882495809,10748.0,0.9664268585131894,0.969722683391748,0.5247863247863248,0.6391423357664233,0.11297316854662011,834.0,2.6556761264801025,2.6081531047821045,2026-04-29T22:55:09.533854+00:00
NR-AR-LBD,topological_torsion,BernoulliNB,random_under,f1_macro,{'alpha': 1.0},0.463908582102207,1343,0.9858525688756516,0.982625318646004,0.7647010005071695,0.8463823305407463,0.463908582102207,0.856140350877193,0.848644396030017,0.8232116920842412,0.9077700831024932,0.8488135093739263,570.0,0.9628297362110312,0.9685455869404732,0.547651124136121,0.4824107866991078,0.03000029218165,834.0,0.0417568683624267,0.0072941780090332,2026-04-21T14:06:34.545334+00:00
NR-AR-LBD,topological_torsion,BernoulliNB,smote,f1_macro,{'alpha': 1.0},0.4144641636185026,1343,0.985107967237528,0.9814412403498672,0.7462207105064248,0.6590759075907591,0.4144641636185026,0.7968924451060663,0.7893866863846872,0.7893866863846872,0.9552846071776764,0.9502651975019576,10748.0,0.974820143884892,0.9742804091601835,0.537095282146161,0.4755170316301703,0.0336536960862323,834.0,0.5380778312683105,0.4908092021942138,2026-04-21T14:06:35.726738+00:00
NR-AR-LBD,topological_torsion,BernoulliNB,smoteenn,f1_macro,{'alpha': 10.0},0.4151604390701663,1343,0.985107967237528,0.9814412403498672,0.7462207105064248,0.6675044427519675,0.4151604390701663,0.794436146377894,0.7868523720545288,0.7867160004882746,0.9441928115652805,0.9392268504746354,10712.0,0.973621103117506,0.973621103117506,0.5349756690997567,0.464669505271695,0.0333515383244009,834.0,0.4672210216522217,0.4747161865234375,2026-04-21T14:06:38.464219+00:00
NR-AR-LBD,topological_torsion,BernoulliNB,smoten,f1_macro,{'alpha': 10.0},0.4104114354299042,1343,0.985107967237528,0.9814412403498672,0.7462207105064248,0.6529068291444529,0.4104114354299042,0.8075921101600297,0.8014927706380907,0.8014927706380907,0.9583176361283546,0.952413627022171,10748.0,0.973621103117506,0.973621103117506,0.5349756690997567,0.4404399837793998,0.0327867801515345,834.0,0.4982566833496094,0.4814279079437256,2026-04-21T14:06:39.194714+00:00
NR-AR-LBD,topological_torsion,BernoulliNB,smoten_enn,f1_macro,{'alpha': 10.0},0.404676183816483,1343,0.985107967237528,0.9814412403498672,0.7462207105064248,0.6753490733688754,0.404676183816483,0.9081718618365628,0.9067074453709464,0.904103113815617,0.9738781953181952,0.961736543760625,9496.0,0.973621103117506,0.973621103117506,0.5349756690997567,0.4524026763990267,0.0330384311737091,834.0,0.4468238353729248,0.4383096694946289,2026-04-21T14:06:41.906731+00:00
NR-AhR,atom_pair,XGBoost,none,f1_macro,"{'colsample_bytree': 0.8, 'learning_rate': 0.1, 'max_depth': 3, 'min_child_weight': 10, 'n_estimators': 100, 'scale_pos_weight': 8, 'subsample': 0.8}",0.8325859833569935,1732,0.9815242494226328,0.9799653973174353,0.8938944917947422,0.9332532950199112,0.8325859833569935,0.8140947752126367,0.8404719514018831,0.7256239593817193,0.9423387883362355,0.7361145637066427,4938.0,0.7375,0.783271408881165,0.6308503625576796,0.8593805131307023,0.42500212278277877,880.0,1.5068271160125732,1.5373220443725586,2026-04-29T22:58:45.633911+00:00
NR-AhR,atom_pair,XGBoost,random_over,f1_macro,"{'colsample_bytree': 0.8, 'learning_rate': 0.1, 'max_depth': 3, 'min_child_weight': 5, 'n_estimators': 100, 'scale_pos_weight': 1, 'subsample': 0.8}",0.8192681126706225,1732,0.98094688221709,0.9791308189506259,0.8885619863714795,0.9309800757083719,0.8192681126706225,0.875495453485661,0.8752608596789105,0.8752608596789104,0.9470564601024346,0.9435987584030783,8578.0,0.7863636363636364,0.8205801188029289,0.6703830919914886,0.8644840969806946,0.44834713480152694,880.0,2.370122194290161,2.1832919120788574,2026-04-29T22:59:03.285085+00:00
NR-AhR,atom_pair,LogisticRegression,random_under,f1_macro,"{'C': 0.1, 'l1_ratio': 1.0}",0.790661747813063,1732,0.9780600461893764,0.975886624626185,0.8708831953544944,0.9154874136471884,0.790661747813063,0.7919876733436055,0.7972810041594294,0.7806850056112664,0.878266552073713,0.7719446476966867,1947.0,0.7306818181818182,0.7780220849603212,0.6263537421059704,0.8554362619083624,0.431090446545264,880.0,0.0919301509857177,0.0707850456237793,2026-04-21T08:33:54.970960+00:00
NR-AhR,atom_pair,DecisionTree,smote,f1_macro,"{'ccp_alpha': 0.001, 'criterion': 'entropy', 'max_depth': 10, 'min_samples_leaf': 50}",0.4591815927305898,1732,0.960161662817552,0.9566570026567884,0.7698223609829757,0.7702145945272162,0.4591815927305898,0.8442527395663325,0.844252527901395,0.844252527901395,0.9181438514299212,0.8988569534461988,8578.0,0.7670454545454546,0.800312486473348,0.6113333807317015,0.742653359544332,0.2946073690200476,880.0,1.4243531227111816,1.241718053817749,2026-04-22T08:09:41.812167+00:00
NR-AhR,atom_pair,LogisticRegression,smoteenn,f1_macro,"{'C': 0.001, 'l1_ratio': 0.0}",0.6038018269090277,1732,0.9497690531177828,0.9508590825131468,0.7636162552650776,0.7737441529387838,0.6038018269090277,0.8510486177311726,0.850794069425986,0.8508988171798902,0.9276703118071744,0.9210576690115332,8392.0,0.7863636363636364,0.8179718108492028,0.6510411393473052,0.8070593275870759,0.3650688664505111,880.0,0.1929931640625,0.1729159355163574,2026-04-21T08:33:57.247341+00:00
NR-AhR,atom_pair,LogisticRegression,smoten,f1_macro,"{'C': 0.001, 'l1_ratio': 0.0}",0.6053835690129233,1732,0.9670900692840648,0.9641949152382164,0.8098532547250669,0.7654582193443418,0.6053835690129233,0.8756120307764047,0.8753738538881696,0.8753738538881697,0.9417514730895636,0.9433772202787372,8578.0,0.8011363636363636,0.8282727531658336,0.6599773465426982,0.8041988003427593,0.3675806997250359,880.0,0.272061824798584,0.1830148696899414,2026-04-21T08:33:58.668603+00:00
NR-AhR,atom_pair,LogisticRegression,smoten_enn,f1_macro,"{'C': 0.001, 'l1_ratio': 0.0}",0.5746971431044431,1732,0.9659353348729792,0.9624314519835542,0.7982798475274535,0.7464130370603632,0.5746971431044431,0.8927459899449366,0.8926018456162522,0.8926755632637986,0.9556147093296534,0.9521885711705012,8354.0,0.8181818181818182,0.8404300824881608,0.6733208972538538,0.7901607943948789,0.3541196956314868,880.0,0.1985301971435547,0.1757800579071045,2026-04-21T08:33:58.985983+00:00
NR-AhR,avalon,BalancedRandomForest,none,f1_macro,"{'max_depth': 5, 'max_features': 'log2', 'min_samples_leaf': 5, 'n_estimators': 200}",0.8483173745901958,1732,0.9803695150115472,0.978424874665534,0.8844744379487581,0.9508289213853188,0.8483173745901958,0.8086269744835966,0.8342203081077783,0.7071265367680493,0.9013012468560956,0.626341159188266,4938.0,0.7465909090909091,0.7891906307050798,0.62649338883401,0.8370381571651797,0.3548138368897988,880.0,1.3850281238555908,1.5739610195159912,2026-04-21T22:15:12.673913+00:00
NR-AhR,avalon,RandomForest,random_over,f1_macro,"{'max_depth': 5, 'max_features': 'sqrt', 'min_samples_leaf': 10, 'n_estimators': 100}",0.8468508530311288,1732,0.9803695150115472,0.978424874665534,0.8844744379487581,0.948444173276388,0.8468508530311288,0.8318955467474936,0.831826350210181,0.831826350210181,0.9084675829513064,0.8973898849440941,8578.0,0.7602272727272728,0.7996141120485776,0.6382474248897774,0.8441201673471446,0.3736174687617657,880.0,0.3135449886322021,0.2927460670471191,2026-04-21T16:58:06.337094+00:00
NR-AhR,avalon,RandomForest,random_under,f1_macro,"{'max_depth': 5, 'max_features': 'sqrt', 'min_samples_leaf': 5, 'n_estimators': 100}",0.8395107342065274,1732,0.9803695150115472,0.978713234649775,0.8872628975319136,0.945560825837942,0.8395107342065274,0.8310220852593734,0.8342418925376757,0.8180430171607901,0.9061819653799492,0.8088730011602718,1947.0,0.7534090909090909,0.7944090580899246,0.6323273164861613,0.8432506678764051,0.3796409427343227,880.0,0.1976368427276611,0.1424667835235595,2026-04-21T16:58:09.494341+00:00
NR-AhR,avalon,XGBoost,smote,f1_macro,"{'colsample_bytree': 0.8, 'learning_rate': 0.05, 'max_depth': 5, 'min_child_weight': 10, 'n_estimators': 200, 'scale_pos_weight': 1, 'subsample': 0.8}",0.5963290982263575,1732,0.9665127020785219,0.9618409550441953,0.789876171352075,0.8789158088790043,0.5963290982263575,0.9462578689671252,0.9462445546800365,0.9462445546800365,0.9862749742179088,0.9847197890020823,8578.0,0.8511363636363637,0.861577974123943,0.6894187377921466,0.836849135541106,0.3835253674822316,880.0,1.3552160263061523,1.3819050788879395,2026-04-29T23:03:54.081314+00:00
NR-AhR,avalon,XGBoost,smoteenn,f1_macro,"{'colsample_bytree': 0.8, 'learning_rate': 0.05, 'max_depth': 3, 'min_child_weight': 1, 'n_estimators': 100, 'scale_pos_weight': 1, 'subsample': 0.8}",0.6388727331548211,1732,0.9670900692840647,0.9631875971936823,0.8001275471468918,0.8860962952757714,0.6388727331548211,0.8937914406268836,0.8938196920903231,0.89377600266872,0.9536847386881907,0.9427681141240215,8295.0,0.825,0.844584401001929,0.6748529256518776,0.822199959675387,0.3648683060184453,880.0,0.6342358589172363,0.6031210422515869,2026-04-29T23:04:11.416623+00:00
NR-AhR,avalon,RandomForest,smoten,f1_macro,"{'max_depth': 5, 'max_features': 'sqrt', 'min_samples_leaf': 5, 'n_estimators': 100}",0.6880162267474449,1732,0.9693995381062356,0.9635458976764818,0.7927963108010194,0.8773773675267504,0.6880162267474449,0.8729307530892982,0.8728545509216027,0.8728545509216026,0.9410849521467752,0.9344037646072708,8578.0,0.8136363636363636,0.8364408345503648,0.6651539196852001,0.8230127526589042,0.334823306830381,880.0,0.5191059112548828,0.5644018650054932,2026-04-21T16:58:53.559989+00:00
NR-AhR,avalon,RandomForest,smoten_enn,f1_macro,"{'max_depth': 5, 'max_features': 'sqrt', 'min_samples_leaf': 20, 'n_estimators': 100}",0.6312039500676672,1732,0.9676674364896074,0.960975038959165,0.7762170642794518,0.8463034764182199,0.6312039500676672,0.8837041491280818,0.8837014342928917,0.883704088574137,0.9511797992461452,0.94100154963198,8315.0,0.8227272727272728,0.8422341172341172,0.6687258687258687,0.812074701345834,0.3367979371407965,880.0,0.4234082698822021,0.3803253173828125,2026-04-21T16:58:57.114804+00:00
NR-AhR,erg,RUSBoost,none,f1_macro,"{'learning_rate': 0.01, 'n_estimators': 75, 'sampling_strategy': 'auto'}",0.8332776026744313,1732,0.98094688221709,0.979130818950626,0.8885619863714795,0.9272241794432744,0.8332776026744313,0.7055488051842851,0.7528356803370361,0.6185734139126887,0.8584442733606341,0.5015879082575488,4938.0,0.6681818181818182,0.7278706329789921,0.5750310920589559,0.8156094057160139,0.3096856085055742,880.0,1.6026809215545654,1.5286619663238523,2026-04-29T18:21:28.075818+00:00
NR-AhR,erg,DecisionTree,random_over,f1_macro,"{'ccp_alpha': 0.0, 'criterion': 'gini', 'max_depth': 5, 'min_samples_leaf': 10}",0.7472752609685607,1732,0.98094688221709,0.979130818950626,0.8885619863714795,0.8491966646329062,0.7472752609685607,0.7839822802518069,0.7813849256653259,0.781384925665326,0.8382214616264471,0.7794678557299515,8578.0,0.6556818181818181,0.7175632322221325,0.5522200073555219,0.703217148041736,0.2222029160060907,880.0,0.1214950084686279,0.1147091388702392,2026-04-22T08:11:40.164042+00:00
NR-AhR,erg,DecisionTree,random_under,f1_macro,"{'ccp_alpha': 0.01, 'criterion': 'entropy', 'max_depth': 5, 'min_samples_leaf': 10}",0.7693126504302247,1732,0.9821016166281756,0.980527059164644,0.8965868578329311,0.8653716205134262,0.7693126504302247,0.66974833076528,0.6769521454667917,0.6671507288184035,0.7741950992519011,0.5462456447232641,1947.0,0.5693181818181818,0.6426028191585125,0.5022617006257546,0.7618516558294268,0.2344091532306871,880.0,0.0326809883117675,0.0275940895080566,2026-04-22T08:11:44.090564+00:00
NR-AhR,erg,DecisionTree,smote,f1_macro,"{'ccp_alpha': 0.01, 'criterion': 'gini', 'max_depth': 5, 'min_samples_leaf': 10}",0.7889999118860029,1732,0.9797921478060048,0.9777135732105828,0.8803355027705233,0.8922172580973187,0.7889999118860029,0.7245278619724878,0.7193693741401974,0.7193693741401974,0.8000865808584601,0.7324791427932563,8578.0,0.6431818181818182,0.7072975852272726,0.5502604166666667,0.7572962346892484,0.2196830182671245,880.0,0.1657750606536865,0.1590878963470459,2026-04-22T08:11:46.698571+00:00
NR-AhR,erg,DecisionTree,smoteenn,f1_macro,"{'ccp_alpha': 0.0, 'criterion': 'entropy', 'max_depth': 5, 'min_samples_leaf': 10}",0.7992477879697442,1732,0.9849884526558892,0.9839310405675812,0.9158160785457372,0.897596882442087,0.7992477879697442,0.7720883534136547,0.7663705972590262,0.7685586971676356,0.8777684730009974,0.8142848797563057,7968.0,0.6215909090909091,0.6888359432118532,0.5397944905372363,0.7676861232925047,0.2409608505464249,880.0,0.158700942993164,0.1530561447143554,2026-04-22T08:11:50.382912+00:00
NR-AhR,erg,LogisticRegression,smoten,f1_macro,"{'C': 0.1, 'l1_ratio': 1.0}",0.5204289198092592,1732,0.9717090069284064,0.9671259486879924,0.816372586141613,0.6306822282141615,0.5204289198092592,0.7761716017719749,0.7761530934000218,0.7761530934000218,0.8598290040276653,0.8408853357296338,8578.0,0.7579545454545454,0.7977147197457205,0.634818490528543,0.8000907303795555,0.3766103963463021,880.0,0.0412969589233398,0.031081199645996,2026-04-21T08:34:17.020311+00:00
NR-AhR,erg,LogisticRegression,smoten_enn,f1_macro,"{'C': 0.1, 'l1_ratio': 1.0}",0.4779901496219539,1732,0.96824480369515,0.9621702711737072,0.7849773036614351,0.6002217454912844,0.4779901496219539,0.8017909649826249,0.8024615176896426,0.7989784571830487,0.884597062077024,0.8294378580074961,7482.0,0.7727272727272727,0.8077393963282807,0.6386808566548416,0.779077826503352,0.3483352950530942,880.0,0.0339241027832031,0.028437852859497,2026-04-21T08:34:26.929115+00:00
NR-AhR,estate,BalancedRandomForest,none,f1_macro,"{'max_depth': 5, 'max_features': 'sqrt', 'min_samples_leaf': 5, 'n_estimators': 100}",0.8270440006966691,1732,0.9803695150115472,0.978424874665534,0.8844744379487581,0.9359103046048272,0.8270440006966691,0.6871202916160389,0.7376671048355349,0.6016801128776893,0.8511595398843423,0.5224482314576864,4938.0,0.6977272727272728,0.7519349362527716,0.6017530487804879,0.8371263672564142,0.4463087298381414,880.0,0.5541131496429443,0.3621749877929687,2026-04-21T22:18:29.620766+00:00
NR-AhR,estate,RandomForest,random_over,f1_macro,"{'max_depth': 5, 'max_features': 'sqrt', 'min_samples_leaf': 10, 'n_estimators': 100}",0.8601337383445503,1732,0.9803695150115472,0.978424874665534,0.8844744379487581,0.945219678928274,0.8601337383445503,0.7565866169270227,0.7542749567635334,0.7542749567635334,0.8633900610915016,0.8623997567979287,8578.0,0.6806818181818182,0.7381117763189866,0.5882173682080761,0.844101265184737,0.4125268485422335,880.0,0.3396017551422119,0.1833407878875732,2026-04-21T17:00:12.734439+00:00
NR-AhR,estate,DecisionTree,random_under,f1_macro,"{'ccp_alpha': 0.0, 'criterion': 'gini', 'max_depth': 5, 'min_samples_leaf': 50}",0.7960107990283383,1732,0.9815242494226328,0.9798315125313012,0.8925991380646761,0.8976756086520105,0.7960107990283383,0.6646122239342578,0.6717578293743914,0.6621563843834044,0.7856795211787246,0.5964116492701718,1947.0,0.6125,0.6801433811780285,0.5411557651404989,0.8179595745753314,0.3125968403417019,880.0,0.0073699951171875,0.0036909580230712,2026-04-22T08:12:03.985320+00:00
NR-AhR,estate,DecisionTree,smote,f1_macro,"{'ccp_alpha': 0.01, 'criterion': 'entropy', 'max_depth': 5, 'min_samples_leaf': 10}",0.8049484715289676,1732,0.9774826789838336,0.9746280623857392,0.8614681326253746,0.8977084112394785,0.8049484715289676,0.7497085567731406,0.7477019387916404,0.7477019387916404,0.8270660830970757,0.7960054363508653,8578.0,0.6920454545454545,0.7454985894130592,0.56391909609396,0.7376442865063764,0.2168085292210181,880.0,0.0299358367919921,0.0265369415283203,2026-04-22T08:12:04.581033+00:00
NR-AhR,estate,DecisionTree,smoteenn,f1_macro,"{'ccp_alpha': 0.01, 'criterion': 'entropy', 'max_depth': 5, 'min_samples_leaf': 10}",0.8049484715289676,1732,0.979214780600462,0.9768334492481334,0.8745684972842487,0.8977084112394785,0.8049484715289676,0.7621582385676264,0.7619040110992783,0.762073496078177,0.8313728689322429,0.7832804826266742,8266.0,0.7034090909090909,0.7555433087537714,0.588516146369866,0.7674971016684309,0.2581428653861096,880.0,0.0320127010345459,0.0308301448822021,2026-04-22T08:12:04.957166+00:00
NR-AhR,estate,RandomForest,smoten,f1_macro,"{'max_depth': 5, 'max_features': 'log2', 'min_samples_leaf': 5, 'n_estimators': 200}",0.7421257934906155,1732,0.9740184757505772,0.9705057021932384,0.8380484358604067,0.8934768774560937,0.7421257934906155,0.8076474702727908,0.8064020799701923,0.8064020799701923,0.8960178947908026,0.8907729490545431,8578.0,0.775,0.8096620023649981,0.6422940480882933,0.8021888704067746,0.3230062390459737,880.0,0.4161081314086914,0.6637330055236816,2026-04-21T17:00:30.314120+00:00
NR-AhR,estate,DecisionTree,smoten_enn,f1_macro,"{'ccp_alpha': 0.001, 'criterion': 'gini', 'max_depth': 5, 'min_samples_leaf': 10}",0.6100153562408652,1732,0.97459584295612,0.9710517589990448,0.8405957161981259,0.8142553484618866,0.6100153562408652,0.7869785864587201,0.7866449788854074,0.7868991318305724,0.8294253385509104,0.7329676332891821,8079.0,0.7375,0.7800514088631483,0.5991410164638511,0.7454067745350068,0.2334167627727804,880.0,0.0194401741027832,0.0162141323089599,2026-04-22T08:12:07.829944+00:00
NR-AhR,fcfp,EasyEnsemble,none,f1_macro,"{'n_estimators': 20, 'replacement': True}",0.8270306842929922,1732,0.9815242494226328,0.9798315125313012,0.8925991380646761,0.929822144370748,0.8270306842929922,0.6688942891859052,0.722504640702074,0.5828183990994582,0.8260788967800599,0.4711159207795182,4938.0,0.6693181818181818,0.7288020123511529,0.5770621276708193,0.8289039266092041,0.3915214186172557,880.0,43.37818789482117,37.502326011657715,2026-04-21T22:19:02.036025+00:00
NR-AhR,fcfp,BernoulliNB,random_over,f1_macro,{'alpha': 50.0},0.7719914061828129,1732,0.979214780600462,0.9771557496458596,0.8776788166516263,0.9014183838821208,0.7719914061828129,0.7501748659361156,0.7461281816487534,0.7461281816487533,0.8607053042966275,0.86128081982158,8578.0,0.6431818181818182,0.7066969886087839,0.5645239581166355,0.8559466202933615,0.4371721835248588,880.0,0.4217450618743896,0.3799879550933838,2026-04-21T14:07:25.251128+00:00
NR-AhR,fcfp,DecisionTree,random_under,f1_macro,"{'ccp_alpha': 0.0, 'criterion': 'entropy', 'max_depth': 10, 'min_samples_leaf': 50}",0.7951331525540548,1732,0.9815242494226328,0.9798315125313012,0.8925991380646761,0.9075065441162,0.7951331525540548,0.714432460195172,0.722598333126732,0.705720462003858,0.8116991650067307,0.655122269150438,1947.0,0.6829545454545455,0.7398607457496201,0.5841174607315209,0.8153258732799032,0.3376828291886552,880.0,0.2193930149078369,0.2134671211242675,2026-04-22T08:12:10.446348+00:00
NR-AhR,fcfp,RandomForest,smote,f1_macro,"{'max_depth': 5, 'max_features': 'sqrt', 'min_samples_leaf': 5, 'n_estimators': 100}",0.6563081632118496,1732,0.9751732101616628,0.9724270737979812,0.8511263075622222,0.836928496919837,0.6563081632118496,0.8043833061319655,0.8022931107233433,0.8022931107233433,0.8938567708954805,0.8805907411226466,8578.0,0.7363636363636363,0.7813342861518044,0.6178925697173873,0.8200388124401432,0.353924898595111,880.0,1.1062469482421875,0.6115083694458008,2026-04-21T17:00:59.182434+00:00
NR-AhR,fcfp,LogisticRegression,smoteenn,f1_macro,"{'C': 0.01, 'l1_ratio': 1.0}",0.6766056036265573,1732,0.9757505773672056,0.97257490756318,0.8498352696375933,0.8680450313920762,0.6766056036265573,0.7703389830508475,0.7700020673297785,0.7702109156714938,0.8613789152986572,0.8409040254959544,8260.0,0.7193181818181819,0.7682599047344056,0.6052815565010686,0.8026173194213418,0.3781414282368169,880.0,0.1419179439544677,0.1168582439422607,2026-04-21T08:34:34.832223+00:00
NR-AhR,fcfp,RandomForest,smoten,f1_macro,"{'max_depth': 5, 'max_features': 'sqrt', 'min_samples_leaf': 10, 'n_estimators': 100}",0.6922998728987599,1732,0.9751732101616628,0.9718165598735388,0.8452462831554997,0.8647483713515323,0.6922998728987599,0.8346934017253439,0.8332429876832146,0.8332429876832146,0.9240010108982508,0.9167098278886816,8578.0,0.7545454545454545,0.7954344204559429,0.6347312753658837,0.8382226926760421,0.4110396589646271,880.0,1.2457470893859863,0.8736898899078369,2026-04-21T17:01:11.152526+00:00
NR-AhR,fcfp,LogisticRegression,smoten_enn,f1_macro,"{'C': 0.01, 'l1_ratio': 1.0}",0.6304904279539799,1732,0.9734411085450346,0.969502237412361,0.8311046289779617,0.8456933482913132,0.6304904279539799,0.829733317243876,0.8295262419639703,0.8296547257730376,0.9057119490031796,0.8856229755729934,8287.0,0.7647727272727273,0.8019618346221872,0.6332380992649057,0.8152754675134836,0.3986293631659525,880.0,0.1420779228210449,0.1214478015899658,2026-04-21T08:34:44.571979+00:00
NR-AhR,klekota_roth,XGBoost,none,f1_macro,"{'colsample_bytree': 0.8, 'learning_rate': 0.1, 'max_depth': 5, 'min_child_weight': 1, 'n_estimators': 200, 'scale_pos_weight': 4, 'subsample': 0.8}",0.6044218306474637,1732,0.9607390300230947,0.9596833649793394,0.7964775492147755,0.8684583439941742,0.6044218306474637,0.93681652490887,0.9402223666876541,0.8769710193673764,0.9809397027764076,0.8921301485707155,4938.0,0.8397727272727272,0.853849732563923,0.6808305402575889,0.8367987297746862,0.4351345564908057,880.0,7.064528226852417,7.0007359981536865,2026-04-29T23:08:14.047367+00:00
NR-AhR,klekota_roth,XGBoost,random_over,f1_macro,"{'colsample_bytree': 0.8, 'learning_rate': 0.1, 'max_depth': 5, 'min_child_weight': 10, 'n_estimators': 200, 'scale_pos_weight': 1, 'subsample': 0.8}",0.5679822018120088,1732,0.9532332563510393,0.9544601949673401,0.7820195494399462,0.8729916615822656,0.5679822018120088,0.8964793658195384,0.8964509898599711,0.8964509898599711,0.9639455713159741,0.9594233825771993,8578.0,0.8204545454545454,0.8435519862181623,0.6842267825834174,0.8259740914360603,0.4120047327608007,880.0,11.351022720336914,11.293549060821533,2026-04-29T23:08:17.100081+00:00
NR-AhR,klekota_roth,XGBoost,random_under,f1_macro,"{'colsample_bytree': 0.8, 'learning_rate': 0.1, 'max_depth': 3, 'min_child_weight': 1, 'n_estimators': 200, 'scale_pos_weight': 1, 'subsample': 0.8}",0.6440122718994259,1732,0.9607390300230947,0.9594568040253162,0.7942633546448661,0.8784500121369573,0.6440122718994259,0.8736517719568567,0.8718337447676291,0.8539564774068906,0.9426093480309876,0.9004227068138118,1947.0,0.8284090909090909,0.8454000900752039,0.6686936987476283,0.825243207822975,0.4165531670182511,880.0,2.471796989440918,2.403913974761963,2026-04-29T23:09:13.038092+00:00
NR-AhR,klekota_roth,LogisticRegression,smote,f1_macro,"{'C': 0.001, 'l1_ratio': 0.0}",0.2242551668682623,1732,0.7915704387990762,0.8450882270263183,0.5627042659365022,0.7198495017286963,0.2242551668682623,0.7872464443926324,0.7870612090972187,0.7870612090972187,0.863843377961407,0.8564333864383509,8578.0,0.7306818181818182,0.7765521454070895,0.6089394902488003,0.7806341045415595,0.3354852497326694,880.0,0.4455242156982422,0.2812128067016601,2026-04-21T08:34:55.016154+00:00
NR-AhR,klekota_roth,XGBoost,smoteenn,f1_macro,"{'colsample_bytree': 0.8, 'learning_rate': 0.1, 'max_depth': 7, 'min_child_weight': 5, 'n_estimators': 200, 'scale_pos_weight': 1, 'subsample': 0.8}",0.179185803264924,1732,0.8187066974595842,0.861162156155841,0.5600789490713778,0.674289987994253,0.179185803264924,0.9445464561145795,0.9445805127638964,0.9445009175092072,0.9842900683359251,0.9800095008895031,8169.0,0.8,0.8195910527790005,0.6126605578008083,0.7260572609506527,0.292969020242495,880.0,12.485602855682373,12.116991996765137,2026-04-29T23:10:43.294079+00:00
NR-AhR,klekota_roth,XGBoost,smoten,f1_macro,"{'colsample_bytree': 0.8, 'learning_rate': 0.1, 'max_depth': 7, 'min_child_weight': 5, 'n_estimators': 200, 'scale_pos_weight': 1, 'subsample': 0.8}",0.18851797351334096,1732,0.8672055427251733,0.8915738828052563,0.597250025275503,0.7026773471891463,0.18851797351334096,0.9501049195616694,0.9501041356803762,0.9501041356803763,0.9881666575249487,0.9887105912867374,8578.0,0.825,0.8334043762432509,0.6148905939187269,0.7382680578658198,0.32407023085655445,880.0,13.32377815246582,13.184406995773315,2026-04-29T23:10:55.443471+00:00
NR-AhR,klekota_roth,XGBoost,smoten_enn,f1_macro,"{'colsample_bytree': 0.8, 'learning_rate': 0.1, 'max_depth': 7, 'min_child_weight': 5, 'n_estimators': 200, 'scale_pos_weight': 1, 'subsample': 0.8}",0.1351872187630977,1732,0.875866050808314,0.8928362782658004,0.5607353713129692,0.6482086506983671,0.1351872187630977,0.9710057018075943,0.9710168362977498,0.9709865106538302,0.9956597219151038,0.9949223476857506,8243.0,0.8579545454545454,0.8515171015171014,0.6224796224796225,0.7249861384142346,0.29962067865664144,880.0,13.281889915466309,13.132168054580688,2026-04-29T23:14:39.416573+00:00
NR-AhR,maccs,DecisionTree,none,f1_macro,"{'ccp_alpha': 0.01, 'criterion': 'gini', 'max_depth': 5, 'min_samples_leaf': 10}",0.804686896203406,1732,0.9861431870669746,0.985259956063764,0.9231929046563192,0.9028748187657042,0.804686896203406,0.5805994329688133,0.6456996389949357,0.5201221350547738,0.7615155550749562,0.2931205117451461,4938.0,0.5840909090909091,0.6554485349361383,0.5160330578512397,0.7965749281717829,0.2947352546304164,880.0,0.0336430072784423,0.0290279388427734,2026-04-22T08:16:04.800946+00:00
NR-AhR,maccs,DecisionTree,random_over,f1_macro,"{'ccp_alpha': 0.01, 'criterion': 'gini', 'max_depth': 5, 'min_samples_leaf': 10}",0.804686896203406,1732,0.9861431870669746,0.985259956063764,0.9231929046563192,0.9028748187657042,0.804686896203406,0.7084401958498484,0.6988210424262299,0.69882104242623,0.7722795945817463,0.7192307099499597,8578.0,0.5795454545454546,0.651349286822642,0.512665313624417,0.7931221331720348,0.2928705668423075,880.0,0.0444188117980957,0.0409870147705078,2026-04-22T08:16:07.729189+00:00
NR-AhR,maccs,DecisionTree,random_under,f1_macro,"{'ccp_alpha': 0.0, 'criterion': 'gini', 'max_depth': 5, 'min_samples_leaf': 50}",0.7927327955073031,1732,0.98094688221709,0.979130818950626,0.8885619863714795,0.902897780576932,0.7927327955073031,0.7288135593220338,0.7362990483065844,0.7171727398381857,0.813012670910088,0.6522500937506079,1947.0,0.7272727272727273,0.774666847215695,0.6144747218084641,0.8327158626946923,0.3964784630816819,880.0,0.0141949653625488,0.0092918872833251,2026-04-22T08:16:08.024565+00:00
NR-AhR,maccs,XGBoost,smote,f1_macro,"{'colsample_bytree': 0.8, 'learning_rate': 0.05, 'max_depth': 3, 'min_child_weight': 5, 'n_estimators': 100, 'scale_pos_weight': 1, 'subsample': 0.8}",0.7360907483593672,1732,0.9763279445727483,0.9733269373798796,0.8543639342984707,0.9108688093316801,0.7360907483593672,0.8475169037071578,0.8470053780358119,0.8470053780358118,0.9163986439960032,0.9017947973118549,8578.0,0.7965909090909091,0.8274304295469125,0.6730043863746291,0.8566838046272494,0.3998263533262489,880.0,0.23129606246948242,0.217818021774292,2026-04-29T23:17:15.244570+00:00
NR-AhR,maccs,XGBoost,smoteenn,f1_macro,"{'colsample_bytree': 0.8, 'learning_rate': 0.05, 'max_depth': 3, 'min_child_weight': 1, 'n_estimators': 100, 'scale_pos_weight': 1, 'subsample': 0.8}",0.7265403499279351,1732,0.9757505773672055,0.97257490756318,0.8498352696375933,0.9081461945718279,0.7265403499279351,0.8574053656743844,0.8574114773755812,0.8574052608167658,0.9292216055455402,0.9095245569212299,8163.0,0.8147727272727273,0.8400483358058909,0.6832931856369132,0.8573075759866928,0.4109345689124671,880.0,0.2212049961090088,0.19579696655273438,2026-04-29T23:17:15.644579+00:00
NR-AhR,maccs,DecisionTree,smoten,f1_macro,"{'ccp_alpha': 0.0, 'criterion': 'gini', 'max_depth': 5, 'min_samples_leaf': 50}",0.7334935155074909,1732,0.9797921478060048,0.9775569205332406,0.8788237387134368,0.8497871112073321,0.7334935155074909,0.7701095826532991,0.7690683293782191,0.7690683293782191,0.8487093950750294,0.8003420266651493,8578.0,0.740909090909091,0.7839039748130658,0.6129360835243188,0.7941554513836383,0.3106406308896374,880.0,0.066741943359375,0.0601110458374023,2026-04-22T08:16:14.526276+00:00
NR-AhR,maccs,DecisionTree,smoten_enn,f1_macro,"{'ccp_alpha': 0.01, 'criterion': 'entropy', 'max_depth': 10, 'min_samples_leaf': 10}",0.7841707586900708,1732,0.979214780600462,0.9768334492481334,0.8745684972842487,0.8708398118443583,0.7841707586900708,0.7904425210288919,0.7904516645654647,0.7904423217147432,0.8600984348381792,0.8070124734436128,8203.0,0.7602272727272728,0.7987251355568654,0.6308247789581258,0.801016936337517,0.2995421150287919,880.0,0.0805282592773437,0.0732431411743164,2026-04-22T08:16:17.960555+00:00
NR-AhR,map4,XGBoost,none,f1_macro,"{'colsample_bytree': 0.8, 'learning_rate': 0.05, 'max_depth': 3, 'min_child_weight': 1, 'n_estimators': 100, 'scale_pos_weight': 8, 'subsample': 0.8}",0.7235716407929599,1732,0.9740184757505773,0.971346022699321,0.8461456464192443,0.8940214004080642,0.7235716407929599,0.795868772782503,0.8255954614220602,0.7042892432068268,0.9154891881298812,0.6371198983443063,4938.0,0.7238636363636364,0.7707493043889325,0.5975541591151612,0.7951635667120318,0.3687776733326407,880.0,0.7950949668884277,0.8144330978393555,2026-04-29T23:17:49.022985+00:00
NR-AhR,map4,XGBoost,random_over,f1_macro,"{'colsample_bytree': 0.8, 'learning_rate': 0.05, 'max_depth': 3, 'min_child_weight': 10, 'n_estimators': 100, 'scale_pos_weight': 1, 'subsample': 0.8}",0.7568051598659549,1732,0.9745958429561201,0.9714800590810809,0.8447168519544876,0.8973967866585317,0.7568051598659549,0.8456516670552576,0.8456183578199382,0.8456183578199382,0.9188609009769279,0.9103569920980906,8578.0,0.7772727272727272,0.8086710858585859,0.6256944444444444,0.7956298200514139,0.34476376850497154,880.0,1.2927050590515137,1.252453088760376,2026-04-29T23:17:49.746194+00:00
NR-AhR,map4,RandomForest,random_under,f1_macro,"{'max_depth': 10, 'max_features': 'log2', 'min_samples_leaf': 20, 'n_estimators': 100}",0.7229785848362105,1732,0.97459584295612,0.9710517589990448,0.8405957161981259,0.8691570391072447,0.7229785848362105,0.8305084745762712,0.8328255920064156,0.8149231013854195,0.8998744067559193,0.825307231730806,1947.0,0.7738636363636363,0.8058822296471104,0.6208859128981488,0.7927062855990726,0.3733015107737279,880.0,0.2738008499145508,0.1860783100128173,2026-04-21T17:05:37.900366+00:00
NR-AhR,map4,DecisionTree,smote,f1_macro,"{'ccp_alpha': 0.0, 'criterion': 'entropy', 'max_depth': 5, 'min_samples_leaf': 50}",0.1665531519641355,1732,0.9330254041570438,0.9326818308724306,0.6670996818663839,0.652768210356433,0.1665531519641355,0.7815341571461879,0.7814421504024113,0.7814421504024114,0.8635789929515995,0.8275115875374874,8578.0,0.7363636363636363,0.7747829156808582,0.5653358768224553,0.6308533696254852,0.1911781657967218,880.0,0.545220136642456,0.6417551040649414,2026-04-22T08:16:57.787909+00:00
NR-AhR,map4,DecisionTree,smoteenn,f1_macro,"{'ccp_alpha': 0.0, 'criterion': 'gini', 'max_depth': 5, 'min_samples_leaf': 50}",0.1465001527819801,1732,0.9324480369515012,0.929639085099388,0.640129780874902,0.6175644734856686,0.1465001527819801,0.7863441372735939,0.7863691674504049,0.7863053919314069,0.8680133394197116,0.8259653824536602,8392.0,0.7568181818181818,0.7884641674115358,0.5745373048004627,0.6181259136045164,0.1884207128876373,880.0,0.5575900077819824,0.5567171573638916,2026-04-22T08:17:22.648557+00:00
NR-AhR,map4,LogisticRegression,smoten,f1_macro,"{'C': 0.1, 'l1_ratio': 1.0}",0.3391317069848979,1732,0.8874133949191686,0.903320311358494,0.6070300364766044,0.6318106372230642,0.3391317069848979,0.9083702494754022,0.9083700054013292,0.9083700054013292,0.969875357158952,0.971143247639155,8578.0,0.7897727272727273,0.809210597713459,0.5864987262230418,0.6557538182368062,0.2990213456123699,880.0,0.2672500610351562,0.2228338718414306,2026-04-21T08:35:24.189475+00:00
NR-AhR,map4,DecisionTree,smoten_enn,f1_macro,"{'ccp_alpha': 0.0, 'criterion': 'gini', 'max_depth': 5, 'min_samples_leaf': 50}",0.1320357611433626,1732,0.9191685912240184,0.918329591394092,0.5940561571274551,0.5747734981335328,0.1320357611433626,0.8270730829233169,0.8271090894494948,0.8270199823897617,0.9035877554870312,0.8569846378999573,8333.0,0.7909090909090909,0.8095235431235431,0.5848205128205128,0.6127703009224255,0.1829134583052099,880.0,0.4901778697967529,0.4283111095428467,2026-04-22T08:18:11.458756+00:00
NR-AhR,mhfp,LogisticRegression,none,f1_macro,"{'C': 0.001, 'l1_ratio': 0.0}",0.7657479487490028,1732,0.9757505773672056,0.9729723574561556,0.8536632468316234,0.9338503021118306,0.7657479487490028,0.8564196030781693,0.8728496251078186,0.7639146885177939,0.9396104486303696,0.7119160660713894,4938.0,0.7886363636363637,0.8196757787666878,0.6531468531468532,0.8244997227682846,0.3454127172955896,880.0,0.749492883682251,0.6917128562927246,2026-04-21T08:35:29.586733+00:00
NR-AhR,mhfp,BernoulliNB,random_over,f1_macro,{'alpha': 50.0},0.7804286506872761,1732,0.9757505773672056,0.9723675881354518,0.8478413654618474,0.9161565864315376,0.7804286506872761,0.7543716484028912,0.7543305121154189,0.7543305121154189,0.8362919158419052,0.8277888715873518,8578.0,0.7454545454545455,0.7878579175098668,0.6212028040831385,0.8209650183981047,0.33389698865532,880.0,0.3744080066680908,0.4694957733154297,2026-04-21T14:08:48.583888+00:00
NR-AhR,mhfp,BernoulliNB,random_under,f1_macro,{'alpha': 0.1},0.775341135189838,1732,0.9751732101616628,0.9716012384763206,0.8431763960219245,0.9147788777578776,0.775341135189838,0.7560349255264509,0.7610289731947898,0.7383636799307904,0.8382120412819534,0.7112808524218205,1947.0,0.75,0.7911530235271242,0.6235660120552207,0.8232080750037805,0.3399015713135622,880.0,0.0895249843597412,0.0529658794403076,2026-04-21T14:08:53.338818+00:00
NR-AhR,mhfp,LogisticRegression,smote,f1_macro,"{'C': 0.1, 'l1_ratio': 0.0}",0.5247075894936475,1732,0.9526558891454964,0.9468492010147416,0.7106086786424543,0.8847120260846175,0.5247075894936475,0.9954534856609932,0.9954534678040948,0.9954534678040948,0.999939550502538,0.9999393597697916,8578.0,0.8420454545454545,0.8365314966524388,0.5880357942738592,0.7547507434850547,0.2666922242648304,880.0,2.6202900409698486,2.559643030166626,2026-04-21T08:35:49.432633+00:00
NR-AhR,mhfp,LogisticRegression,smoteenn,f1_macro,"{'C': 0.1, 'l1_ratio': 0.0}",0.5051374793182917,1732,0.9515011547344112,0.9447351762709034,0.6956827309236948,0.8811037414631266,0.5051374793182917,0.9965986394557824,0.996598584566384,0.996598416669401,0.9999414224564566,0.9999435773771636,8526.0,0.8477272727272728,0.8420225070257554,0.6009961561366466,0.7553178083572761,0.2644412970399317,880.0,2.3609371185302734,2.349622964859009,2026-04-21T08:35:49.783682+00:00
NR-AhR,mhfp,KNeighbors,smoten,f1_macro,"{'n_neighbors': 15, 'weights': 'uniform'}",0.4150845134577178,1732,0.957852193995381,0.9550254100030072,0.7650163642547434,0.8519881648264416,0.4150845134577178,0.951737001632082,0.9516671936428382,0.9516671936428382,0.9971604500899974,0.9966941817091074,8578.0,0.8465909090909091,0.854681093420269,0.6660961069841564,0.7819950602348908,0.3341205686697914,880.0,79.24673295021057,56.797383069992065,2026-04-23T20:32:33.676750+00:00
NR-AhR,mhfp,KNeighbors,smoten_enn,f1_macro,"{'n_neighbors': 15, 'weights': 'uniform'}",0.4141192362803609,1732,0.957852193995381,0.9550254100030072,0.7650163642547434,0.8547534229500022,0.4141192362803609,0.9526044110746128,0.952546510884705,0.952556101713708,0.9974792879178308,0.9970077334050744,8524.0,0.8465909090909091,0.854681093420269,0.6660961069841564,0.7858384999243913,0.3342225917923513,880.0,82.42522287368774,55.45274496078491,2026-04-23T20:34:39.234086+00:00
NR-AhR,morgan_2048,DecisionTree,none,f1_macro,"{'ccp_alpha': 0.01, 'criterion': 'entropy', 'max_depth': 10, 'min_samples_leaf': 50}",0.7023837956493838,1732,0.9826789838337182,0.9813398029681986,0.90171004842615,0.8168172305431451,0.7023837956493838,0.5496152288375861,0.6171634043112937,0.4960425379446455,0.754088018908154,0.2800539980715695,4938.0,0.6056818181818182,0.6751988921106329,0.5269542801993434,0.7427415696355664,0.2320177201489486,880.0,0.3242280483245849,0.2872130870819092,2026-04-22T08:21:00.403189+00:00
NR-AhR,morgan_2048,XGBoost,random_over,f1_macro,"{'colsample_bytree': 0.8, 'learning_rate': 0.1, 'max_depth': 3, 'min_child_weight': 5, 'n_estimators': 100, 'scale_pos_weight': 1, 'subsample': 0.8}",0.8714246010927562,1732,0.9797921478060047,0.9775569205332406,0.8788237387134368,0.9435237851561731,0.8714246010927562,0.8458848216367452,0.8458803896190876,0.8458803896190876,0.9270118253242189,0.9212077342228141,8578.0,0.7784090909090909,0.812005216545519,0.6437757281734787,0.8439626493270831,0.4275582906634585,880.0,2.1804568767547607,2.2112090587615967,2026-04-29T23:26:30.440373+00:00
NR-AhR,morgan_2048,DecisionTree,random_under,f1_macro,"{'ccp_alpha': 0.01, 'criterion': 'entropy', 'max_depth': 10, 'min_samples_leaf': 50}",0.7023837956493838,1732,0.9826789838337182,0.9813398029681986,0.90171004842615,0.8168172305431451,0.7023837956493838,0.6142783769902413,0.6195042140964577,0.6134152225669525,0.7486562235132395,0.5362018199054263,1947.0,0.6056818181818182,0.6751988921106329,0.5269542801993434,0.7430251020716769,0.2320965215609001,880.0,0.1894481182098388,0.1616137027740478,2026-04-22T08:21:21.783635+00:00
NR-AhR,morgan_2048,LogisticRegression,smote,f1_macro,"{'C': 0.01, 'l1_ratio': 1.0}",0.5341065668706951,1732,0.96824480369515,0.9621702711737072,0.7849773036614351,0.8046769929212017,0.5341065668706951,0.7950571228724644,0.7947496633404952,0.7947496633404952,0.8688551142422114,0.8565548489434465,8578.0,0.7681818181818182,0.8014251146563125,0.6141545445166615,0.7642396290135592,0.2585552844706576,880.0,0.1862902641296386,0.1480209827423095,2026-04-21T08:36:19.357139+00:00
NR-AhR,morgan_2048,LogisticRegression,smoteenn,f1_macro,"{'C': 0.01, 'l1_ratio': 1.0}",0.516761334914358,1732,0.9670900692840648,0.9604530301239844,0.7738918930060945,0.7983821763860733,0.516761334914358,0.8021218262009775,0.8019111681504595,0.8020148514096987,0.8752753498740397,0.8571368556028383,8389.0,0.7727272727272727,0.8047664141414141,0.6180555555555556,0.7615366197893039,0.2564940896892348,880.0,0.1696100234985351,0.136786937713623,2026-04-21T08:36:19.760767+00:00
NR-AhR,morgan_2048,LogisticRegression,smoten,f1_macro,"{'C': 0.01, 'l1_ratio': 1.0}",0.5520223824393645,1732,0.96824480369515,0.9621702711737072,0.7849773036614351,0.8045425023125823,0.5520223824393645,0.8105619025413849,0.8104383457459606,0.8104383457459607,0.8902524152482552,0.8833977339436159,8578.0,0.7818181818181819,0.8098859579359948,0.6162755838988363,0.7761164877261958,0.2848827400039184,880.0,0.178642988204956,0.1443257331848144,2026-04-21T08:36:23.358435+00:00
NR-AhR,morgan_2048,LogisticRegression,smoten_enn,f1_macro,"{'C': 0.01, 'l1_ratio': 1.0}",0.5380871967989113,1732,0.9676674364896074,0.961315956153614,0.7794754265342501,0.7975030670419283,0.5380871967989113,0.817876424715057,0.817855745830038,0.8178742199809925,0.9034232924308204,0.8890203166983217,8335.0,0.7840909090909091,0.8112026952472604,0.6162285735271165,0.7707482736025002,0.2786140951347338,880.0,0.175832986831665,0.1451079845428466,2026-04-21T08:36:23.676390+00:00
NR-AhR,morgan_4096,XGBoost,none,f1_macro,"{'colsample_bytree': 0.8, 'learning_rate': 0.05, 'max_depth': 3, 'min_child_weight': 5, 'n_estimators': 100, 'scale_pos_weight': 8, 'subsample': 0.8}",0.8904772982733777,1732,0.9815242494226328,0.9798315125313011,0.8925991380646761,0.9591115747210139,0.8904772982733777,0.7306601863102471,0.7734226232339481,0.6432760760748581,0.8985804514433131,0.6126074170822678,4938.0,0.7034090909090909,0.7562465617836308,0.6002721936125001,0.8440886637431322,0.4243792827053466,880.0,3.998842239379883,3.7405121326446533,2026-04-29T23:29:14.464041+00:00
NR-AhR,morgan_4096,DecisionTree,random_over,f1_macro,"{'ccp_alpha': 0.01, 'criterion': 'entropy', 'max_depth': 5, 'min_samples_leaf': 10}",0.6689093739442128,1732,0.9803695150115472,0.9785709820645074,0.8858865841937185,0.7741968286458436,0.6689093739442128,0.6748659361156447,0.6645962489101396,0.6645962489101396,0.7491315956748386,0.703211334043092,8578.0,0.5727272727272728,0.6469649309798009,0.49671146697169,0.7190382579767125,0.2331954934790123,880.0,1.961972951889038,2.3343539237976074,2026-04-22T08:23:05.526105+00:00
NR-AhR,morgan_4096,DecisionTree,random_under,f1_macro,"{'ccp_alpha': 0.01, 'criterion': 'entropy', 'max_depth': 5, 'min_samples_leaf': 50}",0.6762200851150412,1732,0.9815242494226328,0.9798315125313012,0.8925991380646761,0.7850085614753292,0.6762200851150412,0.6522855675398048,0.6622153213321129,0.6425076448452385,0.7427605822398332,0.5636974251006259,1947.0,0.6556818181818181,0.7176080719738539,0.5559781586015909,0.7348278643076767,0.2727270733262805,880.0,0.3433558940887451,0.3423500061035156,2026-04-22T08:23:24.919137+00:00
NR-AhR,morgan_4096,LogisticRegression,smote,f1_macro,"{'C': 0.01, 'l1_ratio': 1.0}",0.5164324229026872,1732,0.966512702078522,0.9592168427498188,0.7647444544364508,0.8183786337066268,0.5164324229026872,0.8127768710655164,0.8125536741078254,0.8125536741078254,0.8879707728854214,0.8814512912570727,8578.0,0.7738636363636363,0.8027836780590338,0.6012378204704902,0.7481097837592621,0.2401538921308848,880.0,0.3472959995269775,0.2608869075775146,2026-04-21T08:36:38.516174+00:00
NR-AhR,morgan_4096,LogisticRegression,smoteenn,f1_macro,"{'C': 0.01, 'l1_ratio': 1.0}",0.4913720156317053,1732,0.9647806004618936,0.9565087775723532,0.7468655286013777,0.8108996437639001,0.4913720156317053,0.8115375503435205,0.8115493318351473,0.8115295505652553,0.8943266298630879,0.8800867131723319,8442.0,0.7829545454545455,0.8074443425380406,0.597886078886866,0.7451799485861181,0.2291488745714673,880.0,0.3095960617065429,0.2279272079467773,2026-04-21T08:36:40.527528+00:00
NR-AhR,morgan_4096,LogisticRegression,smoten,f1_macro,"{'C': 0.01, 'l1_ratio': 1.0}",0.5444356170143415,1732,0.96824480369515,0.9618406431020904,0.7818255107953543,0.803253360625086,0.5444356170143415,0.8247843320121241,0.824650478678164,0.824650478678164,0.895798819723562,0.8907702723177986,8578.0,0.7829545454545455,0.8096900455939039,0.6110834731300978,0.7549082615051161,0.2420047138722152,880.0,0.3762621879577636,0.3052699565887451,2026-04-21T08:36:45.337907+00:00
NR-AhR,morgan_4096,LogisticRegression,smoten_enn,f1_macro,"{'C': 0.01, 'l1_ratio': 1.0}",0.5180290177790224,1732,0.966512702078522,0.9592168427498188,0.7647444544364508,0.7950264716880867,0.5180290177790224,0.83629003452792,0.83619058944806,0.8362470995093139,0.9067483501902394,0.8973935444748243,8399.0,0.7829545454545455,0.8086021368562258,0.6046283511205097,0.7520603357024044,0.2413048761824038,880.0,0.346052885055542,0.3021578788757324,2026-04-21T08:36:51.661300+00:00
NR-AhR,pubchem,BalancedRandomForest,none,f1_macro,"{'max_depth': 10, 'max_features': 'sqrt', 'min_samples_leaf': 20, 'n_estimators': 200}",0.8676511136421252,1732,0.9838337182448036,0.982583816103652,0.9082627118644068,0.9449113346060738,0.8676511136421252,0.7511138112596193,0.7885859851301932,0.6492614571538,0.8643676211873927,0.5459532400701206,4938.0,0.7272727272727273,0.7747749118400572,0.6158072050701807,0.845071576188316,0.3519160981106976,880.0,2.364044189453125,1.8753337860107424,2026-04-21T22:29:55.154822+00:00
NR-AhR,pubchem,RandomForest,random_over,f1_macro,"{'max_depth': 5, 'max_features': 'sqrt', 'min_samples_leaf': 5, 'n_estimators': 100}",0.8787661479453724,1732,0.9815242494226328,0.9796939996852084,0.8912700592458901,0.9548439580914144,0.8787661479453724,0.7710422009792492,0.7707191228987021,0.7707191228987023,0.8621666926421927,0.8494542002946791,8578.0,0.7261363636363637,0.7734387484977222,0.6094571476450126,0.8340327133424065,0.344017977586168,880.0,0.6300051212310791,0.2732229232788086,2026-04-21T17:12:54.704601+00:00
NR-AhR,pubchem,RandomForest,random_under,f1_macro,"{'max_depth': 10, 'max_features': 'log2', 'min_samples_leaf': 20, 'n_estimators': 100}",0.866306058970385,1732,0.9838337182448036,0.9824697226527558,0.9071576803203996,0.9473518471137004,0.866306058970385,0.7211093990755008,0.7288166129520712,0.709200998026996,0.8352603626297183,0.7288174597394357,1947.0,0.7102272727272727,0.7615070403585498,0.6032188078528726,0.8278454055143908,0.3768842248344764,880.0,0.1494638919830322,0.1074450016021728,2026-04-21T17:13:11.066669+00:00
NR-AhR,pubchem,RandomForest,smote,f1_macro,"{'max_depth': 5, 'max_features': 'sqrt', 'min_samples_leaf': 10, 'n_estimators': 200}",0.8011406647178236,1732,0.9763279445727484,0.9731274175538392,0.8524441304505928,0.9143852467082604,0.8011406647178236,0.8121939846117976,0.811178717894515,0.811178717894515,0.8918790883933104,0.8841288544140301,8578.0,0.7522727272727273,0.7941307148520086,0.6369307170542636,0.8346249810978376,0.3293847811183453,880.0,0.6298322677612305,0.6434321403503418,2026-04-21T17:13:18.352256+00:00
NR-AhR,pubchem,RandomForest,smoteenn,f1_macro,"{'max_depth': 5, 'max_features': 'sqrt', 'min_samples_leaf': 10, 'n_estimators': 200}",0.7832779343795212,1732,0.9757505773672056,0.9723675881354518,0.8478413654618474,0.9102061970648244,0.7832779343795212,0.8342703495477878,0.8340944849456114,0.8342258856672375,0.9011508122050343,0.8852771414493461,8182.0,0.7670454545454546,0.8054718180742061,0.6499255800775829,0.8362883713896869,0.3374627166069898,880.0,0.706740140914917,0.6564209461212158,2026-04-21T17:13:24.406323+00:00
NR-AhR,pubchem,DecisionTree,smoten,f1_macro,"{'ccp_alpha': 0.01, 'criterion': 'entropy', 'max_depth': 5, 'min_samples_leaf': 10}",0.5753378457831309,1732,0.9757505773672056,0.97257490756318,0.8498352696375933,0.7229034226219764,0.5753378457831309,0.7810678479832128,0.7810571362138965,0.7810571362138965,0.859114862797308,0.8166338268613849,8578.0,0.7477272727272727,0.7887149383567721,0.615542051072137,0.7423824285498261,0.2594709660768619,880.0,0.2046539783477783,0.1880497932434082,2026-04-22T08:27:26.422564+00:00
NR-AhR,pubchem,BernoulliNB,smoten_enn,f1_macro,{'alpha': 50.0},0.8464763315731375,1732,0.9705542725173212,0.9652178548047796,0.8034511531657822,0.9348409402533672,0.8464763315731375,0.7576271186440678,0.7570564079131802,0.7573640113240654,0.8492487707715867,0.8287388488084076,8260.0,0.7034090909090909,0.755009504640501,0.5814678146781468,0.7815288068955089,0.27085993526058,880.0,0.0939130783081054,0.1017320156097412,2026-04-21T14:10:25.185605+00:00
NR-AhR,rdkit,BalancedRandomForest,none,f1_macro,"{'max_depth': 5, 'max_features': 'sqrt', 'min_samples_leaf': 20, 'n_estimators': 100}",0.8560398760652254,1732,0.9815242494226328,0.9798315125313012,0.8925991380646761,0.9356839667512972,0.8560398760652254,0.811462130417173,0.8363392474978794,0.709336854547288,0.8853046511285365,0.5687596540786701,4938.0,0.7852272727272728,0.818613761098939,0.6607867251601535,0.832615051161853,0.3384252607827839,880.0,1.269996166229248,1.4063987731933594,2026-04-21T22:31:04.246552+00:00
NR-AhR,rdkit,DecisionTree,random_over,f1_macro,"{'ccp_alpha': 0.01, 'criterion': 'gini', 'max_depth': 5, 'min_samples_leaf': 10}",0.7819646516606109,1732,0.9803695150115472,0.978986745357606,0.8899133334828873,0.906145236736274,0.7819646516606109,0.7048262998367918,0.694810168644058,0.694810168644058,0.7449597649340837,0.675356899138102,8578.0,0.625,0.691822111010009,0.5412496208674553,0.7691856948434901,0.2334653567980149,880.0,1.13930082321167,1.021127223968506,2026-04-22T08:28:04.630679+00:00
NR-AhR,rdkit,BernoulliNB,random_under,f1_macro,{'alpha': 50.0},0.846502282400673,1732,0.9815242494226328,0.9799653973174351,0.8938944917947422,0.9379047019228878,0.846502282400673,0.7205957883923986,0.727283510472827,0.7036947516130548,0.7809952967822964,0.559962138502369,1947.0,0.6806818181818182,0.73779720586284,0.5748858047135963,0.7955542114017843,0.2690110481141582,880.0,0.0760650634765625,0.1024210453033447,2026-04-21T14:10:43.452691+00:00
NR-AhR,rdkit,LogisticRegression,smote,f1_macro,"{'C': 0.01, 'l1_ratio': 1.0}",0.5952365498239325,1732,0.9630484988452656,0.9599307946348706,0.7877889835894845,0.8426787905029949,0.5952365498239325,0.8118442527395663,0.8117955429791918,0.8117955429791918,0.8979936746559122,0.8906451791978998,8578.0,0.7693181818181818,0.8022606573370226,0.6151252501879776,0.7972050002520288,0.3496898198436428,880.0,0.4294390678405761,0.408750057220459,2026-04-21T08:37:30.933310+00:00
NR-AhR,rdkit,LogisticRegression,smoteenn,f1_macro,"{'C': 0.01, 'l1_ratio': 1.0}",0.5493271874781219,1732,0.9607390300230948,0.9568497493310678,0.7689488758975164,0.8336187158443058,0.5493271874781219,0.8227529855436833,0.823006778872239,0.8223193299866289,0.9119076038793972,0.8914679714359466,7955.0,0.7784090909090909,0.8095089181798603,0.6266960204838594,0.7939790312011694,0.362741987159266,880.0,0.3839490413665771,0.3170506954193115,2026-04-21T08:37:33.441955+00:00
NR-AhR,rdkit,DecisionTree,smoten,f1_macro,"{'ccp_alpha': 0.01, 'criterion': 'gini', 'max_depth': 5, 'min_samples_leaf': 10}",0.528445550515485,1732,0.96824480369515,0.9658995137274886,0.8208667821272964,0.7755614162845167,0.528445550515485,0.8018186057356027,0.8015560781735092,0.8015560781735092,0.8418970030802608,0.7919571217863779,8578.0,0.7238636363636364,0.7701194673488277,0.5914398002288885,0.7158059882050507,0.2441222188166805,880.0,0.9950530529022216,0.954636812210083,2026-04-22T08:29:25.711086+00:00
NR-AhR,rdkit,DecisionTree,smoten_enn,f1_macro,"{'ccp_alpha': 0.0, 'criterion': 'gini', 'max_depth': 5, 'min_samples_leaf': 20}",0.5091420140322528,1732,0.96824480369515,0.9647323036950924,0.8095801608354005,0.7554337486140907,0.5091420140322528,0.8456775133559981,0.845568193270127,0.8456514615760689,0.897704269138952,0.8343748064152412,8236.0,0.7613636363636364,0.7978975037285483,0.6189345012743424,0.7396668178839658,0.2783587881525262,880.0,0.9153010845184326,0.8931918144226074,2026-04-22T08:29:48.609539+00:00
NR-AhR,topological_torsion,BalancedRandomForest,none,f1_macro,"{'max_depth': 5, 'max_features': 'log2', 'min_samples_leaf': 10, 'n_estimators': 200}",0.751731472543071,1732,0.9803695150115472,0.9785709820645074,0.8858865841937185,0.8640037526160064,0.751731472543071,0.7170919400567031,0.7615994971255032,0.620108223998488,0.8407338657209236,0.4592112774674781,4938.0,0.7147727272727272,0.7653231188287368,0.6106983917162371,0.8386763445738192,0.4152560302145694,880.0,2.860988140106201,3.37581205368042,2026-04-21T22:34:20.746004+00:00
NR-AhR,topological_torsion,RandomForest,random_over,f1_macro,"{'max_depth': 5, 'max_features': 'sqrt', 'min_samples_leaf': 10, 'n_estimators': 200}",0.7692703574023144,1732,0.9803695150115472,0.978424874665534,0.8844744379487581,0.8766917934486671,0.7692703574023144,0.7528561436232222,0.752819810037799,0.752819810037799,0.8534166278845814,0.8465764194858407,8578.0,0.7136363636363636,0.7639259054789774,0.602041475547516,0.8369373456323403,0.4326989999519962,880.0,0.8445312976837158,1.0567030906677246,2026-04-21T17:16:22.751925+00:00
NR-AhR,topological_torsion,RandomForest,random_under,f1_macro,"{'max_depth': 5, 'max_features': 'log2', 'min_samples_leaf': 20, 'n_estimators': 100}",0.7153342756423227,1732,0.979214780600462,0.9776077635618384,0.8820520581113802,0.8307189671121258,0.7153342756423227,0.7478171545968156,0.754716804369001,0.7365877650890484,0.8289302494533488,0.678295970421612,1947.0,0.7068181818181818,0.7590178897407814,0.6042503346720214,0.8383865114169061,0.4195625746620889,880.0,0.2288720607757568,0.203071117401123,2026-04-21T17:16:36.011921+00:00
NR-AhR,topological_torsion,LogisticRegression,smote,f1_macro,"{'C': 0.01, 'l1_ratio': 1.0}",0.5331083793176188,1732,0.9636258660508084,0.9611863127423212,0.7972059033979293,0.706977766406214,0.5331083793176188,0.7606668221030544,0.760610991192093,0.7606109911920931,0.844157200005371,0.8256648199905886,8578.0,0.7284090909090909,0.7733896241711052,0.593467491123048,0.7284956399012047,0.2853057782575171,880.0,0.1802380084991455,0.1427440643310547,2026-04-21T08:37:52.368976+00:00
NR-AhR,topological_torsion,LogisticRegression,smoteenn,f1_macro,"{'C': 0.01, 'l1_ratio': 1.0}",0.5299144389090764,1732,0.9659353348729792,0.9631821966078964,0.8055395389109317,0.7035039723933424,0.5299144389090764,0.7671134514121589,0.7671524663488803,0.7670887802021733,0.8536879041042716,0.8277209796541141,8356.0,0.7318181818181818,0.7755868775484458,0.5929471348715416,0.7231211250567064,0.2810547636421862,880.0,0.1573560237884521,0.135862112045288,2026-04-21T08:37:52.859925+00:00
NR-AhR,topological_torsion,DecisionTree,smoten,f1_macro,"{'ccp_alpha': 0.0, 'criterion': 'gini', 'max_depth': 5, 'min_samples_leaf': 50}",0.6045847806401408,1732,0.9722863741339492,0.9703342287401496,0.8445835296228997,0.8007472429425233,0.6045847806401408,0.7836325483795756,0.780991411755902,0.780991411755902,0.8475951292708699,0.7928609248716437,8578.0,0.6829545454545455,0.7371161835909192,0.5413233099000708,0.6793248147588083,0.2100121193508717,880.0,0.7283997535705566,0.7315518856048584,2026-04-22T08:31:10.355465+00:00
NR-AhR,topological_torsion,DecisionTree,smoten_enn,f1_macro,"{'ccp_alpha': 0.0, 'criterion': 'entropy', 'max_depth': 5, 'min_samples_leaf': 10}",0.5922353828295792,1732,0.9740184757505772,0.9711446121141664,0.8442019497744186,0.7731045024831559,0.5922353828295792,0.7890107241836366,0.7874411172021214,0.7879462156425399,0.8611953736549277,0.792984407664419,8299.0,0.7022727272727273,0.7510755985643542,0.5499125437281359,0.6261656333484551,0.1942341048476498,880.0,0.7150528430938721,0.6869561672210693,2026-04-22T08:31:20.422223+00:00
NR-Aromatase,atom_pair,RandomForest,none,f1_macro,"{'max_depth': 5, 'max_features': 'log2', 'min_samples_leaf': 20, 'n_estimators': 200}",0.5017099105551704,1586,0.9823455233291298,0.9801841564136644,0.7767454954954955,0.8776924320827942,0.5017099105551704,0.8384650735294118,0.8760859698283481,0.6251500432195535,0.8843040503272164,0.5460264735179886,4352.0,0.7978436657681941,0.8345372446280577,0.566588785046729,0.7083621462415163,0.2275370245214278,742.0,0.3981759548187256,0.3007969856262207,2026-04-21T17:18:10.558629+00:00
NR-Aromatase,atom_pair,RandomForest,random_over,f1_macro,"{'max_depth': 5, 'max_features': 'sqrt', 'min_samples_leaf': 20, 'n_estimators': 100}",0.4758415945691783,1586,0.9823455233291298,0.9798338668410308,0.769691940670055,0.8655320181112549,0.4758415945691783,0.8485512539566593,0.8484993748840937,0.8484993748840937,0.9259531776263262,0.9342843485220254,8214.0,0.8086253369272237,0.842149932264515,0.5789818588667786,0.7299526187732105,0.2595538748065168,742.0,0.4205601215362549,0.5491368770599365,2026-04-21T17:18:16.867874+00:00
NR-Aromatase,atom_pair,RandomForest,random_under,f1_macro,"{'max_depth': 10, 'max_features': 'sqrt', 'min_samples_leaf': 5, 'n_estimators': 200}",0.4378957188207973,1586,0.9791929382093316,0.9772179001187205,0.7484173336217463,0.8721943725743855,0.4378957188207973,0.9346938775510204,0.9345578640971596,0.9262270400481782,0.9721116201582674,0.9499938735923008,735.0,0.8153638814016172,0.8462064772110065,0.5808756529877669,0.7170956588551672,0.2561792854274641,742.0,0.4405901432037353,0.3023800849914551,2026-04-21T17:18:30.701231+00:00
NR-Aromatase,atom_pair,RandomForest,smote,f1_macro,"{'max_depth': 10, 'max_features': 'sqrt', 'min_samples_leaf': 10, 'n_estimators': 200}",0.2241784451226763,1586,0.967843631778058,0.9658522156482944,0.6326219166011873,0.58750808538163,0.2241784451226763,0.9346238130021912,0.9346237887779404,0.9346237887779404,0.979009214730692,0.9749333585519364,8214.0,0.8746630727762803,0.8761324250827502,0.568548008928404,0.5949801511076963,0.160997541554511,742.0,2.39346981048584,3.0625011920928955,2026-04-21T17:18:45.344552+00:00
NR-Aromatase,atom_pair,RandomForest,smoteenn,f1_macro,"{'max_depth': 10, 'max_features': 'sqrt', 'min_samples_leaf': 20, 'n_estimators': 100}",0.2220578767246857,1586,0.9615384615384616,0.9626385352675868,0.6312963280550316,0.6277086028460543,0.2220578767246857,0.9212366580787632,0.9212220147354246,0.9212110322279208,0.9740566213819882,0.968247163165826,8151.0,0.8746630727762803,0.8779666727753193,0.5815865585758202,0.5735689588935844,0.1635561244937982,742.0,1.2108149528503418,0.8613972663879395,2026-04-21T17:18:48.363940+00:00
NR-Aromatase,atom_pair,XGBoost,smoten,f1_macro,"{'colsample_bytree': 0.8, 'learning_rate': 0.1, 'max_depth': 3, 'min_child_weight': 5, 'n_estimators': 200, 'scale_pos_weight': 1, 'subsample': 0.8}",0.2201180934416963,1586,0.978562421185372,0.9734909031221295,0.6797329722281614,0.6405967011642949,0.2201180934416963,0.9803993182371561,0.9803985021592857,0.9803985021592857,0.9960495804670879,0.9965496529956839,8214.0,0.9070080862533693,0.8906709449177491,0.5597120817316374,0.6387757715456525,0.17760088230465976,742.0,3.900737762451172,4.039415121078491,2026-04-29T23:48:58.135312+00:00
NR-Aromatase,atom_pair,RandomForest,smoten_enn,f1_macro,"{'max_depth': 5, 'max_features': 'sqrt', 'min_samples_leaf': 5, 'n_estimators': 200}",0.2510017559558467,1586,0.9766708701134932,0.9714623511622518,0.6577011695394757,0.5427474126778784,0.2510017559558467,0.909853249475891,0.9098439925267308,0.9098223929786908,0.9724195304344416,0.9675825170715068,8109.0,0.862533692722372,0.869341747072013,0.5639518805309734,0.551107696247919,0.1649150765640884,742.0,1.685516119003296,1.7602691650390625,2026-04-21T17:19:48.301298+00:00
NR-Aromatase,avalon,BalancedRandomForest,none,f1_macro,"{'max_depth': 10, 'max_features': 'sqrt', 'min_samples_leaf': 20, 'n_estimators': 100}",0.5867188793009183,1586,0.9861286254728878,0.9846886810352552,0.8297918008156256,0.8967658473479948,0.5867188793009183,0.7272518382352942,0.8004330635072106,0.5394673275883357,0.8509220196478884,0.3612156946836499,4352.0,0.7210242587601078,0.78395018502212,0.5354125643142984,0.7422973492124473,0.2218259240998878,742.0,0.5659787654876709,0.5848226547241211,2026-04-21T22:37:26.605027+00:00
NR-Aromatase,avalon,BernoulliNB,random_over,f1_macro,{'alpha': 0.1},0.576919977154422,1586,0.9854981084489282,0.983581152176821,0.8137613788948623,0.8713130659767141,0.576919977154422,0.6380569758948137,0.6370483848004797,0.6370483848004795,0.7025284914156253,0.6613485310994417,8214.0,0.692722371967655,0.7633183110458885,0.5114191647894646,0.6709053656037904,0.1172083518452021,742.0,0.0576162338256835,0.0546340942382812,2026-04-21T14:11:54.621342+00:00
NR-Aromatase,avalon,RandomForest,random_under,f1_macro,"{'max_depth': 5, 'max_features': 'sqrt', 'min_samples_leaf': 20, 'n_estimators': 200}",0.5685178744310659,1586,0.9867591424968474,0.9855023000755494,0.8399019395774749,0.8788163001293662,0.5685178744310659,0.7646258503401361,0.7703280131934762,0.7506515357418095,0.8677509371095377,0.7921824004405564,735.0,0.683288409703504,0.7568744924771386,0.5174337671826179,0.7369957741067998,0.2471222501128179,742.0,0.4046826362609863,0.3246006965637207,2026-04-21T17:20:14.334945+00:00
NR-Aromatase,avalon,DecisionTree,smote,f1_macro,"{'ccp_alpha': 0.001, 'criterion': 'gini', 'max_depth': 15, 'min_samples_leaf': 50}",0.1812734550298392,1586,0.953341740226986,0.9578556838482556,0.6179557291666666,0.6574223803363519,0.1812734550298392,0.8553688823959095,0.8553380073552604,0.8553380073552603,0.9218321335964912,0.9076344036946764,8214.0,0.7978436657681941,0.8332569707019525,0.5552625269719492,0.6558714304008195,0.1324602519695975,742.0,0.2583849430084228,0.2589309215545654,2026-04-22T08:33:26.908164+00:00
NR-Aromatase,avalon,LogisticRegression,smoteenn,f1_macro,"{'C': 0.001, 'l1_ratio': 0.0}",0.2557733163619896,1586,0.9590163934426228,0.9597371596357888,0.5979125306665315,0.673091849935317,0.2557733163619896,0.8496611213801601,0.8496471813648011,0.8496569001079035,0.9241489324734996,0.9135374244734774,8115.0,0.8584905660377359,0.873255808990187,0.6083251640147802,0.7353054168267383,0.221790837275409,742.0,0.1256680488586425,0.0997939109802246,2026-04-21T08:38:34.116892+00:00
NR-Aromatase,avalon,RandomForest,smoten,f1_macro,"{'max_depth': 5, 'max_features': 'log2', 'min_samples_leaf': 20, 'n_estimators': 100}",0.3275129735346134,1586,0.980453972257251,0.9760900780008056,0.7132090879925336,0.6277086028460543,0.3275129735346134,0.8984660336011687,0.8984586591521612,0.898458659152161,0.9632140876785814,0.9600454974136636,8214.0,0.8867924528301887,0.8794405060530047,0.5496531791907514,0.642130874631835,0.1554909054500507,742.0,0.3748722076416015,0.2929668426513672,2026-04-21T17:20:58.123592+00:00
NR-Aromatase,avalon,DecisionTree,smoten_enn,f1_macro,"{'ccp_alpha': 0.01, 'criterion': 'entropy', 'max_depth': 5, 'min_samples_leaf': 10}",0.3416759010201247,1586,0.9766708701134932,0.9748526521644484,0.7259220856861289,0.5981565329883571,0.3416759010201247,0.8012115218197552,0.8001193500029568,0.8003249546371431,0.869595306955319,0.8114067837552267,8089.0,0.7668463611859838,0.8111497085969894,0.5182812646589736,0.5471891407350493,0.1070256740878737,742.0,0.1257600784301757,0.1422269344329834,2026-04-22T08:33:55.051608+00:00
NR-Aromatase,erg,BalancedRandomForest,none,f1_macro,"{'max_depth': 5, 'max_features': 'sqrt', 'min_samples_leaf': 20, 'n_estimators': 100}",0.516581407029786,1586,0.9854981084489282,0.9838598194452504,0.8193756034760219,0.8613761319534281,0.516581407029786,0.7704503676470589,0.830512587107659,0.5695898744452997,0.8377359709406043,0.3577000163734244,4352.0,0.7654986522911051,0.8151793839540306,0.567564308681672,0.7504674093994109,0.2510933078143249,742.0,0.4572651386260986,0.4724259376525879,2026-04-21T22:38:50.025220+00:00
NR-Aromatase,erg,DecisionTree,random_over,f1_macro,"{'ccp_alpha': 0.0, 'criterion': 'gini', 'max_depth': 5, 'min_samples_leaf': 10}",0.4378741859506989,1586,0.9842370744010088,0.9821534262791534,0.7975667161900677,0.7739893272962485,0.4378741859506989,0.792427562697833,0.7917886850067476,0.7917886850067477,0.8528901436132992,0.8004568333061466,8214.0,0.7816711590296496,0.824439659203959,0.5611198738170347,0.6818798821872198,0.1752671931709137,742.0,0.1001739501953125,0.0822651386260986,2026-04-22T08:33:59.349908+00:00
NR-Aromatase,erg,RandomForest,random_under,f1_macro,"{'max_depth': 5, 'max_features': 'sqrt', 'min_samples_leaf': 20, 'n_estimators': 200}",0.5122030976066654,1586,0.9854981084489282,0.9838598194452504,0.8193756034760219,0.8713939197930142,0.5122030976066654,0.7891156462585034,0.7930326273749003,0.7726143215553839,0.8483340274885465,0.767362466286041,735.0,0.7749326145552561,0.8219735115958798,0.5778273682776007,0.7492636701242157,0.2277930672659652,742.0,0.4083411693572998,0.3089358806610107,2026-04-21T17:21:21.774108+00:00
NR-Aromatase,erg,DecisionTree,smote,f1_macro,"{'ccp_alpha': 0.0, 'criterion': 'entropy', 'max_depth': 5, 'min_samples_leaf': 10}",0.4602636317666296,1586,0.9842370744010088,0.9821534262791534,0.7975667161900677,0.7780320181112548,0.4602636317666296,0.799853907962016,0.7993637318854361,0.7993637318854361,0.8792517766023777,0.8464010942796373,8214.0,0.7601078167115903,0.8103883477944078,0.5515672533681009,0.6471123063132282,0.1507274213595607,742.0,0.1583588123321533,0.1449441909790039,2026-04-22T08:34:02.291649+00:00
NR-Aromatase,erg,DecisionTree,smoteenn,f1_macro,"{'ccp_alpha': 0.0, 'criterion': 'entropy', 'max_depth': 5, 'min_samples_leaf': 10}",0.4716075013532925,1586,0.9854981084489282,0.9838598194452504,0.8193756034760219,0.7554010349288487,0.4716075013532925,0.8059177532597793,0.8040092617657153,0.8045051361932123,0.8894479937454935,0.8540199405374259,7976.0,0.7210242587601078,0.7841127588175673,0.5380284231897136,0.6554104238698937,0.1391274320492384,742.0,0.1439380645751953,0.1451637744903564,2026-04-22T08:34:03.575676+00:00
NR-Aromatase,erg,DecisionTree,smoten,f1_macro,"{'ccp_alpha': 0.0, 'criterion': 'entropy', 'max_depth': 15, 'min_samples_leaf': 20}",0.1966138565204212,1586,0.9791929382093316,0.9727143816595726,0.6579819247583759,0.521838615782665,0.1966138565204212,0.9276844411979548,0.9276813156322036,0.9276813156322036,0.9844686354172464,0.983294127102494,8214.0,0.9029649595687332,0.8933401767431612,0.5911219960202051,0.5828915354078628,0.1491219890259498,742.0,0.1152708530426025,0.1044948101043701,2026-04-22T08:34:06.873589+00:00
NR-Aromatase,erg,DecisionTree,smoten_enn,f1_macro,"{'ccp_alpha': 0.01, 'criterion': 'entropy', 'max_depth': 10, 'min_samples_leaf': 10}",0.265235379955322,1586,0.974779319041614,0.9716916520195208,0.6810649935649935,0.5827377102199224,0.265235379955322,0.8709926612591734,0.8704998271919121,0.8697751665732745,0.944961121954919,0.9042326934632324,7767.0,0.9016172506738545,0.8946967706588986,0.6049593406994129,0.6301959277756434,0.1702340280554622,742.0,0.0869612693786621,0.0807139873504638,2026-04-22T08:34:08.855281+00:00
NR-Aromatase,estate,BalancedRandomForest,none,f1_macro,"{'max_depth': 5, 'max_features': 'sqrt', 'min_samples_leaf': 20, 'n_estimators': 100}",0.5660224239727012,1586,0.9854981084489282,0.9838598194452504,0.8193756034760219,0.8887047218628719,0.5660224239727012,0.73828125,0.8079584420364725,0.5385957637132922,0.8249906829057407,0.3122424568048997,4352.0,0.7479784366576819,0.8027560318772827,0.5516587340823245,0.7457805096683314,0.2386671230980379,742.0,0.3796286582946777,0.3957419395446777,2026-04-21T22:39:26.521547+00:00
NR-Aromatase,estate,RandomForest,random_over,f1_macro,"{'max_depth': 5, 'max_features': 'sqrt', 'min_samples_leaf': 5, 'n_estimators': 200}",0.4842281751514898,1586,0.9836065573770492,0.9812743049238142,0.7861425163364797,0.8729543984476067,0.4842281751514898,0.7923058193328464,0.7922797610933624,0.7922797610933623,0.8910057768664366,0.896308515893723,8214.0,0.8045822102425876,0.840631582048223,0.5862607338017174,0.7549238058650275,0.2429077917495539,742.0,0.6237940788269043,0.3921129703521728,2026-04-21T17:21:57.756113+00:00
NR-Aromatase,estate,DecisionTree,random_under,f1_macro,"{'ccp_alpha': 0.01, 'criterion': 'entropy', 'max_depth': 5, 'min_samples_leaf': 50}",0.4433505271006617,1586,0.9842370744010088,0.9821534262791534,0.7975667161900677,0.8009459896507116,0.4433505271006617,0.6789115646258503,0.6874378573204077,0.6631478374347501,0.7320283215326947,0.5270042593439437,735.0,0.692722371967655,0.763652221199391,0.5189052689052689,0.6457805096683313,0.1787215992073756,742.0,0.0047521591186523,0.0024778842926025,2026-04-22T08:34:15.250701+00:00
NR-Aromatase,estate,RandomForest,smote,f1_macro,"{'max_depth': 5, 'max_features': 'sqrt', 'min_samples_leaf': 20, 'n_estimators': 200}",0.4515983391018697,1586,0.9848675914249684,0.9827147430065978,0.8025930920029043,0.8528298835705045,0.4515983391018697,0.8953007061115169,0.8952991170492921,0.8952991170492921,0.963369357156497,0.9657681370452348,8214.0,0.8908355795148248,0.8929290148570314,0.6299935358758888,0.6957869125368166,0.2270669538206481,742.0,0.5742490291595459,0.4325418472290039,2026-04-21T17:22:01.778154+00:00
NR-Aromatase,estate,RandomForest,smoteenn,f1_macro,"{'max_depth': 5, 'max_features': 'sqrt', 'min_samples_leaf': 5, 'n_estimators': 100}",0.4438320107991773,1586,0.9829760403530896,0.9810528315226856,0.7879626649501127,0.8541639715394567,0.4438320107991773,0.9001109877913429,0.9001103253490012,0.9000929362375274,0.9667368348939726,0.9681912193216818,8109.0,0.8854447439353099,0.8884641632892704,0.617579112676825,0.6946728134204122,0.2203042531715039,742.0,0.2343459129333496,0.1689317226409912,2026-04-21T17:22:11.622321+00:00
NR-Aromatase,estate,LogisticRegression,smoten,f1_macro,"{'C': 0.001, 'l1_ratio': 0.0}",0.496644612282056,1586,0.9848675914249684,0.9830149912117124,0.8086389961389961,0.6806435963777491,0.496644612282056,0.7086681275870466,0.7080917292328412,0.7080917292328414,0.7590383999382478,0.7388772576071796,8214.0,0.7102425876010782,0.7756004337186271,0.517457494336107,0.6881803047765399,0.1516941372345024,742.0,0.0159790515899658,0.0070357322692871,2026-04-21T08:38:43.358853+00:00
NR-Aromatase,estate,LogisticRegression,smoten_enn,f1_macro,"{'C': 0.01, 'l1_ratio': 1.0}",0.5027595423603394,1586,0.9854981084489282,0.9838598194452504,0.8193756034760219,0.7615297542043983,0.5027595423603394,0.5159259725544505,0.4576280537853652,0.463358462195384,0.668860903571892,0.6484650863564079,7943.0,0.3894878706199461,0.4871364199146152,0.3480813429144968,0.6841977205788193,0.1287548885552913,742.0,0.011664867401123,0.0088591575622558,2026-04-21T08:38:43.775021+00:00
NR-Aromatase,fcfp,BalancedRandomForest,none,f1_macro,"{'max_depth': 5, 'max_features': 'log2', 'min_samples_leaf': 5, 'n_estimators': 200}",0.5039814362069951,1586,0.9842370744010088,0.982456325483968,0.8036691342130673,0.8351794954721863,0.5039814362069951,0.8288143382352942,0.8683307644030244,0.5982202549166976,0.8397693335917275,0.3428352027269311,4352.0,0.8153638814016172,0.8466514261662509,0.5846703846703847,0.7085542322960686,0.2396509326309272,742.0,1.355638027191162,1.326995849609375,2026-04-21T22:40:25.716941+00:00
NR-Aromatase,fcfp,BernoulliNB,random_over,f1_macro,{'alpha': 10.0},0.5245864757808132,1586,0.9842370744010088,0.982456325483968,0.8036691342130673,0.8282098965071152,0.5245864757808132,0.8158022887752617,0.8147296423803448,0.8147296423803448,0.9194988821368304,0.9125341853273816,8214.0,0.8436657681940701,0.8628400451691028,0.5891708192527254,0.7033551030861825,0.2284258546257894,742.0,0.3439600467681885,0.3177938461303711,2026-04-21T14:12:16.905984+00:00
NR-Aromatase,fcfp,RandomForest,random_under,f1_macro,"{'max_depth': 15, 'max_features': 'sqrt', 'min_samples_leaf': 5, 'n_estimators': 200}",0.495547405452208,1586,0.9829760403530896,0.9816492326605432,0.7999971976628508,0.8396749676584736,0.495547405452208,0.8408163265306122,0.8402273027619929,0.8196114708603145,0.9099416909620992,0.8396054821923311,735.0,0.8032345013477089,0.8377034514832338,0.5671221929193639,0.7141887565629402,0.2329091114353743,742.0,0.5839428901672363,0.4405989646911621,2026-04-21T17:22:32.901138+00:00
NR-Aromatase,fcfp,LogisticRegression,smote,f1_macro,"{'C': 0.01, 'l1_ratio': 1.0}",0.2452328011483946,1586,0.8883984867591425,0.92024361684918,0.5426155387736149,0.6550048512289779,0.2452328011483946,0.7237643048453859,0.7231175091666536,0.7231175091666535,0.8130446103616498,0.810828455314581,8214.0,0.6630727762803235,0.741392207458823,0.4878633271490414,0.6254834165706237,0.1480853128825937,742.0,0.2003889083862304,0.1497769355773925,2026-04-21T08:38:44.870793+00:00
NR-Aromatase,fcfp,XGBoost,smoteenn,f1_macro,"{'colsample_bytree': 0.8, 'learning_rate': 0.1, 'max_depth': 7, 'min_child_weight': 10, 'n_estimators': 200, 'scale_pos_weight': 1, 'subsample': 0.8}",0.17150368675734307,1586,0.8959646910466582,0.9242579258880537,0.5403875504723633,0.6433457309184993,0.17150368675734307,0.951969378935671,0.9519680565003263,0.9519692354155561,0.987646037143681,0.9861465973523091,8099.0,0.8773584905660378,0.8700421263834729,0.5166054566411088,0.5888718145729287,0.1328967730806313,742.0,4.419967889785767,4.425485134124756,2026-04-29T23:53:49.019076+00:00
NR-Aromatase,fcfp,DecisionTree,smoten,f1_macro,"{'ccp_alpha': 0.01, 'criterion': 'gini', 'max_depth': 10, 'min_samples_leaf': 10}",0.1596275526534425,1586,0.9779319041614124,0.9710607078207588,0.637253556561914,0.580651681759379,0.1596275526534425,0.7966885804723642,0.7943170646042145,0.7943170646042144,0.8707370628480928,0.8263290069670883,8214.0,0.8517520215633423,0.855132162420659,0.5013440860215054,0.532129594058138,0.0829494234543006,742.0,1.6265642642974854,1.529740810394287,2026-04-22T08:34:32.482773+00:00
NR-Aromatase,fcfp,XGBoost,smoten_enn,f1_macro,"{'colsample_bytree': 0.8, 'learning_rate': 0.1, 'max_depth': 7, 'min_child_weight': 10, 'n_estimators': 200, 'scale_pos_weight': 1, 'subsample': 0.8}",0.1942296241145225,1586,0.9558638083228247,0.9578127534688101,0.5909238297370593,0.631815976714101,0.1942296241145225,0.9824017846077581,0.9824027172960319,0.9823982093027086,0.9970501355278358,0.9971822156052821,8069.0,0.9029649595687331,0.8835199391803165,0.5243589743589744,0.5812395953387117,0.10983345720545902,742.0,4.743736982345581,4.82490611076355,2026-04-29T23:55:58.794782+00:00
NR-Aromatase,klekota_roth,RUSBoost,none,f1_macro,"{'learning_rate': 0.2, 'n_estimators': 50, 'sampling_strategy': 'auto'}",0.2300398361451507,1586,0.9798234552332912,0.9750502617620044,0.6985722091559167,0.6796733505821475,0.2300398361451507,0.8885569852941176,0.9020075452361302,0.6051729024015444,0.7579657429078278,0.2023379413773092,4352.0,0.898921832884097,0.8895053355300309,0.5782653177219507,0.6383531822256371,0.1275181653069814,742.0,0.2747821807861328,0.2292311191558838,2026-04-29T18:35:39.766220+00:00
NR-Aromatase,klekota_roth,LogisticRegression,random_over,f1_macro,"{'C': 1, 'l1_ratio': 1.0}",0.1815233584615696,1586,0.9445145018915512,0.9533984840045904,0.6189165574486676,0.7527894566623545,0.1815233584615696,0.9808862916971024,0.9808822791453968,0.9808822791453968,0.9967145298616288,0.9962038844288208,8214.0,0.8490566037735849,0.8600335268758418,0.5466922674114156,0.6595466769112562,0.1435177844117747,742.0,0.8522419929504395,0.6536142826080322,2026-04-21T08:38:48.577429+00:00
NR-Aromatase,klekota_roth,XGBoost,random_under,f1_macro,"{'colsample_bytree': 0.8, 'learning_rate': 0.05, 'max_depth': 3, 'min_child_weight': 1, 'n_estimators': 100, 'scale_pos_weight': 1, 'subsample': 0.8}",0.2152974697862485,1586,0.9218158890290038,0.9396418636388654,0.5768591911733065,0.7116348641655886,0.2152974697862485,0.8340136054421768,0.8192046500920811,0.7849764042357275,0.9088338192419825,0.8649403030504518,735.0,0.8854447439353099,0.8761084296862868,0.531213997428255,0.6390703034959662,0.1945429010210865,742.0,0.691702127456665,0.5786378383636475,2026-04-29T23:56:28.007276+00:00
NR-Aromatase,klekota_roth,LogisticRegression,smote,f1_macro,"{'C': 0.001, 'l1_ratio': 1.0}",0.0252206809583858,1586,0.974779319041614,0.9623300301649652,0.4936143039591315,0.5,0.0252206809583858,0.5,0.3333333333333333,0.3333333333333333,0.5,0.5,8214.0,0.9231805929919138,0.886305124315993,0.4800280308339173,0.5,0.0768194070080862,742.0,0.4901859760284424,0.2690298557281494,2026-04-21T08:38:51.822123+00:00
NR-Aromatase,klekota_roth,LogisticRegression,smoteenn,f1_macro,"{'C': 0.001, 'l1_ratio': 1.0}",0.0252206809583858,1586,0.974779319041614,0.9623300301649652,0.4936143039591315,0.5,0.0252206809583858,0.5110751617720258,0.3457112228275896,0.3382195503582311,0.5,0.4889248382279741,8036.0,0.9231805929919138,0.886305124315993,0.4800280308339173,0.5,0.0768194070080862,742.0,0.3614208698272705,0.3144657611846924,2026-04-21T08:38:55.666179+00:00
NR-Aromatase,klekota_roth,XGBoost,smoten,f1_macro,"{'colsample_bytree': 0.8, 'learning_rate': 0.1, 'max_depth': 7, 'min_child_weight': 10, 'n_estimators': 200, 'scale_pos_weight': 1, 'subsample': 0.8}",0.04988622539328958,1586,0.907313997477932,0.9301150477621027,0.5354210049119731,0.6481161060802071,0.04988622539328958,0.9705381056732408,0.9705355832634935,0.9705355832634937,0.9933542410592142,0.9941690017046222,8214.0,0.8746630727762803,0.8697004939318895,0.5234227701232778,0.5763478038161096,0.11044589798233952,742.0,13.091810941696167,13.023674011230469,2026-04-29T23:58:22.560212+00:00
NR-Aromatase,klekota_roth,XGBoost,smoten_enn,f1_macro,"{'colsample_bytree': 0.8, 'learning_rate': 0.1, 'max_depth': 7, 'min_child_weight': 1, 'n_estimators': 200, 'scale_pos_weight': 1, 'subsample': 0.8}",0.034461251452452414,1586,0.926860025220681,0.9393085591551594,0.5132291931250529,0.5680142302716689,0.034461251452452414,0.9973909802459933,0.9973910484902215,0.9973900248267964,0.9997569765248402,0.9996846898336635,8049.0,0.9123989218328841,0.8872047598923939,0.519252813412677,0.49839928287872964,0.107161321820028,742.0,12.651609659194946,12.66243314743042,2026-04-30T00:02:12.673430+00:00
NR-Aromatase,maccs,BalancedRandomForest,none,f1_macro,"{'max_depth': 10, 'max_features': 'sqrt', 'min_samples_leaf': 20, 'n_estimators': 200}",0.6151718087694722,1586,0.9848675914249684,0.9835616296934137,0.8196634323832626,0.9003961836998706,0.6151718087694722,0.7451746323529411,0.8129674930015679,0.5493058335604841,0.8475554429222384,0.3658699287066581,4352.0,0.7439353099730458,0.8003571666321205,0.5542951806467115,0.7385836854911,0.2143180617058498,742.0,0.8111739158630371,0.743596076965332,2026-04-21T22:43:17.115333+00:00
NR-Aromatase,maccs,RandomForest,random_over,f1_macro,"{'max_depth': 5, 'max_features': 'sqrt', 'min_samples_leaf': 5, 'n_estimators': 100}",0.6234230767740718,1586,0.9842370744010088,0.9821534262791534,0.7975667161900677,0.9022881630012936,0.6234230767740718,0.8289505721938154,0.828874662519723,0.828874662519723,0.9082046727990698,0.9093119688766008,8214.0,0.793800539083558,0.8343558471666476,0.5870865901163531,0.7621462415161993,0.2219915563580514,742.0,0.4384300708770752,0.2336468696594238,2026-04-21T17:25:53.402234+00:00
NR-Aromatase,maccs,DecisionTree,random_under,f1_macro,"{'ccp_alpha': 0.0, 'criterion': 'gini', 'max_depth': 5, 'min_samples_leaf': 50}",0.570183738235634,1586,0.9880201765447668,0.9868830334016876,0.8551493739034297,0.8436287192755497,0.570183738235634,0.7156462585034014,0.7224272081699392,0.6983499231220875,0.78314035818409,0.5973137645013578,735.0,0.692722371967655,0.763842609455817,0.5237162162162162,0.7214496094250223,0.1482738983479256,742.0,0.0082778930664062,0.0029749870300292,2026-04-22T08:37:21.927078+00:00
NR-Aromatase,maccs,RandomForest,smote,f1_macro,"{'max_depth': 10, 'max_features': 'sqrt', 'min_samples_leaf': 5, 'n_estimators': 100}",0.3071924577948189,1586,0.9709962168978562,0.9694223198506644,0.6731362007168459,0.7301342173350582,0.3071924577948189,0.9366934502069636,0.9366717644210036,0.9366717644210036,0.9823478938635,0.9794002430114565,8214.0,0.9002695417789758,0.8994517810974985,0.6426749271137027,0.7213471635292612,0.260354862958298,742.0,0.3817160129547119,0.3044588565826416,2026-04-21T17:26:14.229681+00:00
NR-Aromatase,maccs,RandomForest,smoteenn,f1_macro,"{'max_depth': 15, 'max_features': 'log2', 'min_samples_leaf': 5, 'n_estimators': 100}",0.2924251878647579,1586,0.9728877679697352,0.9703142334880296,0.6721801619919725,0.7154673350582148,0.2924251878647579,0.9663074445683142,0.96630972861238,0.9663063025462812,0.9928176633107736,0.9907487717095254,8073.0,0.912398921832884,0.9031697365609004,0.6271731484272938,0.737162248687412,0.2779427155771019,742.0,0.3969347476959228,0.2865002155303955,2026-04-21T17:26:15.415937+00:00
NR-Aromatase,maccs,RandomForest,smoten,f1_macro,"{'max_depth': 10, 'max_features': 'log2', 'min_samples_leaf': 20, 'n_estimators': 200}",0.4038777749102364,1586,0.980453972257251,0.976582635726997,0.7230942524851454,0.826204721862872,0.4038777749102364,0.9220842464085708,0.922080088819592,0.922080088819592,0.9774145159709688,0.9776580265472848,8214.0,0.8962264150943396,0.8940349662454561,0.6187889908256881,0.7383147650147266,0.2163545727824547,742.0,0.59548020362854,0.3574869632720947,2026-04-21T17:26:39.706063+00:00
NR-Aromatase,maccs,RandomForest,smoten_enn,f1_macro,"{'max_depth': 5, 'max_features': 'sqrt', 'min_samples_leaf': 5, 'n_estimators': 100}",0.3882359102521263,1586,0.9817150063051704,0.9776326536136568,0.7317117274768863,0.79376617076326,0.3882359102521263,0.8914941381890746,0.8914414699541999,0.8914758798676514,0.9548120753729328,0.9473850118014254,8018.0,0.8706199460916442,0.8793168032255614,0.6062354892205638,0.7003329491612242,0.186322813953514,742.0,0.3556480407714844,0.1848289966583252,2026-04-21T17:26:40.441003+00:00
NR-Aromatase,map4,RandomForest,none,f1_macro,"{'max_depth': 5, 'max_features': 'log2', 'min_samples_leaf': 10, 'n_estimators': 100}",0.3741978840992391,1586,0.9791929382093316,0.973983085664808,0.6833890881813838,0.8426584734799483,0.3741978840992391,0.9682904411764706,0.9684110953386617,0.8519195017432084,0.9396565346372296,0.7553910260148754,4352.0,0.9191374663072776,0.8931003485500374,0.5376370887337986,0.6925598668203355,0.2000623818343506,742.0,0.2772419452667236,0.2218701839447021,2026-04-21T17:26:49.906105+00:00
NR-Aromatase,map4,RandomForest,random_over,f1_macro,"{'max_depth': 5, 'max_features': 'sqrt', 'min_samples_leaf': 5, 'n_estimators': 100}",0.4245111909262699,1586,0.980453972257251,0.976582635726997,0.7230942524851454,0.8503880983182405,0.4245111909262699,0.9130752373995618,0.9129060782118444,0.9129060782118446,0.9573522647081962,0.9639199007828634,8214.0,0.8854447439353099,0.8809090535936623,0.5644186608653614,0.6916890767063645,0.2162274311637916,742.0,0.7738509178161621,0.47878098487854,2026-04-21T17:26:55.144233+00:00
NR-Aromatase,map4,XGBoost,random_under,f1_macro,"{'colsample_bytree': 0.8, 'learning_rate': 0.05, 'max_depth': 5, 'min_child_weight': 1, 'n_estimators': 200, 'scale_pos_weight': 1, 'subsample': 0.8}",0.45801592896967275,1586,0.9779319041614124,0.9762119682636673,0.7407371080814733,0.8533796895213454,0.45801592896967275,1.0,1.0,1.0,1.0,1.0,735.0,0.8773584905660378,0.8797103747159241,0.5843137254901961,0.6859777180176719,0.21764241950405988,742.0,0.41068410873413086,0.38549089431762695,2026-04-30T00:05:03.647715+00:00
NR-Aromatase,map4,LogisticRegression,smote,f1_macro,"{'C': 0.001, 'l1_ratio': 1.0}",0.0252206809583858,1586,0.974779319041614,0.9623300301649652,0.4936143039591315,0.5,0.0252206809583858,0.5,0.3333333333333333,0.3333333333333333,0.5,0.5,8214.0,0.9231805929919138,0.886305124315993,0.4800280308339173,0.5,0.0768194070080862,742.0,0.1226277351379394,0.0883009433746337,2026-04-21T08:39:08.110297+00:00
NR-Aromatase,map4,LogisticRegression,smoteenn,f1_macro,"{'C': 0.001, 'l1_ratio': 1.0}",0.0252206809583858,1586,0.974779319041614,0.9623300301649652,0.4936143039591315,0.5,0.0252206809583858,0.5039263803680981,0.3377050900174233,0.3350738353593864,0.5,0.4960736196319018,8150.0,0.9231805929919138,0.886305124315993,0.4800280308339173,0.5,0.0768194070080862,742.0,0.0995068550109863,0.0913569927215576,2026-04-21T08:39:10.097933+00:00
NR-Aromatase,map4,LogisticRegression,smoten,f1_macro,"{'C': 0.01, 'l1_ratio': 1.0}",0.1064630514160277,1586,0.8865069356872636,0.9193090935280852,0.5450662927078022,0.6269728331177231,0.1064630514160277,0.7943754565376187,0.7941893539784362,0.7941893539784362,0.882118007293219,0.871769244428023,8214.0,0.7587601078167115,0.8079610776301843,0.5345255993747788,0.652926110897682,0.1233588072323459,742.0,0.2157957553863525,0.200869083404541,2026-04-21T08:39:13.037468+00:00
NR-Aromatase,map4,LogisticRegression,smoten_enn,f1_macro,"{'C': 0.1, 'l1_ratio': 1.0}",0.1156610700192644,1586,0.9262295081967212,0.9408831866428504,0.5537175771714427,0.5384864165588616,0.1156610700192644,0.9495622148230362,0.9495574789540154,0.9495608617176016,0.989640923390265,0.9879999999319102,8109.0,0.8450134770889488,0.8575107188470408,0.5435800058837688,0.5964400051222948,0.1222903478232599,742.0,0.5768527984619141,0.5335788726806641,2026-04-21T08:39:13.825283+00:00
NR-Aromatase,mhfp,BalancedRandomForest,none,f1_macro,"{'max_depth': 10, 'max_features': 'sqrt', 'min_samples_leaf': 5, 'n_estimators': 200}",0.2751025924550604,1586,0.978562421185372,0.9728869596145764,0.6676282051282052,0.7297703751617077,0.2751025924550604,0.9926470588235294,0.992858057565415,0.9673931469041004,0.9972346864238756,0.8964441175032909,4352.0,0.9231805929919138,0.8934655561267169,0.527562749237626,0.6025611473940324,0.1745039378885241,742.0,1.773833990097046,2.198601245880127,2026-04-21T22:44:35.343990+00:00
NR-Aromatase,mhfp,LogisticRegression,random_over,f1_macro,"{'C': 0.01, 'l1_ratio': 0.0}",0.2859883796094515,1586,0.9621689785624212,0.9645625222959509,0.6641727837380011,0.7675776196636481,0.2859883796094515,0.9926953981008036,0.9926950083268368,0.9926950083268368,0.9988181378227378,0.9981275544091716,8214.0,0.9029649595687332,0.8866769349249134,0.5457142857142857,0.6191573825073633,0.1814594473431048,742.0,2.123094081878662,2.080909013748169,2026-04-21T08:39:19.455874+00:00
NR-Aromatase,mhfp,RandomForest,random_under,f1_macro,"{'max_depth': 5, 'max_features': 'log2', 'min_samples_leaf': 10, 'n_estimators': 200}",0.2170800286779422,1586,0.9754098360655736,0.9721593449954792,0.6842040772565057,0.6741914618369987,0.2170800286779422,0.9727891156462584,0.972580581528386,0.9689312344656172,0.997030403998334,0.9844373379488998,735.0,0.9204851752021564,0.8939143474421044,0.5388828616269394,0.6494813676527084,0.1818287001388805,742.0,0.4364550113677978,0.5443971157073975,2026-04-21T17:28:14.917780+00:00
NR-Aromatase,mhfp,LogisticRegression,smote,f1_macro,"{'C': 0.1, 'l1_ratio': 1.0}",0.2419396715506976,1586,0.971626733921816,0.9672945894707914,0.6239151398264223,0.8085866752910738,0.2419396715506976,0.9817384952520088,0.9817347257774682,0.9817347257774682,0.9988575332286465,0.9989119910351204,8214.0,0.921832884097035,0.8947314760445132,0.5401547206906868,0.6566013574081189,0.169551277529952,742.0,1.6334190368652344,1.5725901126861572,2026-04-21T08:39:22.729979+00:00
NR-Aromatase,mhfp,LogisticRegression,smoteenn,f1_macro,"{'C': 0.1, 'l1_ratio': 0.0}",0.2900470286262925,1586,0.9728877679697352,0.9681541579880046,0.6286866992981864,0.7939683053040105,0.2900470286262925,0.99951171875,0.9995117192738716,0.9995117163925784,0.9999535080417676,0.9999477168756654,8192.0,0.9245283018867924,0.8963758968907787,0.5427816901408451,0.6294275835574337,0.1892652354770476,742.0,2.69176983833313,2.50532603263855,2026-04-21T08:39:23.168465+00:00
NR-Aromatase,mhfp,LogisticRegression,smoten,f1_macro,"{'C': 0.1, 'l1_ratio': 1.0}",0.2478364562034181,1586,0.9766708701134932,0.9708295202908456,0.6450120079609454,0.7824062095730918,0.2478364562034181,0.9834429023618212,0.983440144586543,0.9834401445865432,0.9987171741263304,0.998847955672038,8214.0,0.9177897574123988,0.8903182236265824,0.5232517721905645,0.6643616340120375,0.1635947250473522,742.0,1.459428787231445,1.4611079692840576,2026-04-21T08:39:27.499257+00:00
NR-Aromatase,mhfp,LogisticRegression,smoten_enn,f1_macro,"{'C': 1, 'l1_ratio': 1.0}",0.249291534293283,1586,0.9722572509457756,0.9677226070879408,0.6262639245929734,0.7698091849935316,0.249291534293283,0.9996329377217668,0.9996329383482232,0.9996329297866496,0.9999597881605564,0.9999512139360124,8173.0,0.9191374663072776,0.8949816429467359,0.5502121640735502,0.6236650019208606,0.2008334484104298,742.0,1.96317195892334,1.7126116752624512,2026-04-21T08:39:36.861742+00:00
NR-Aromatase,morgan_2048,BalancedRandomForest,none,f1_macro,"{'max_depth': 10, 'max_features': 'sqrt', 'min_samples_leaf': 10, 'n_estimators': 200}",0.4527872327897296,1586,0.9836065573770492,0.9812743049238142,0.7861425163364797,0.8379123544631306,0.4527872327897296,0.8713235294117647,0.8962381876378473,0.6416868382486127,0.864424104192444,0.4019565260485562,4352.0,0.8517520215633423,0.8625329281816304,0.5547870483504975,0.6880010244589576,0.2285582983759575,742.0,1.880857229232788,1.7701890468597412,2026-04-21T22:45:08.593053+00:00
NR-Aromatase,morgan_2048,RandomForest,random_over,f1_macro,"{'max_depth': 5, 'max_features': 'sqrt', 'min_samples_leaf': 20, 'n_estimators': 200}",0.4658868474507622,1586,0.9836065573770492,0.9809269950974197,0.7791559554413025,0.8377829883570505,0.4658868474507622,0.7494521548575602,0.7398256357109608,0.7398256357109608,0.871538517768751,0.8760017805211097,8214.0,0.889487870619946,0.8834669492950771,0.5683720666269402,0.6982968369829683,0.2316007258703631,742.0,1.6649999618530271,1.3695149421691897,2026-04-21T17:29:34.293316+00:00
NR-Aromatase,morgan_2048,XGBoost,random_under,f1_macro,"{'colsample_bytree': 0.8, 'learning_rate': 0.05, 'max_depth': 5, 'min_child_weight': 10, 'n_estimators': 100, 'scale_pos_weight': 1, 'subsample': 0.8}",0.5236781522638349,1586,0.9842370744010088,0.9824563254839679,0.8036691342130673,0.8145617723156533,0.5236781522638349,0.7945578231292517,0.7774847466601983,0.7360698581956628,0.8587963348604748,0.7756968605180414,735.0,0.8692722371967655,0.8769332972794609,0.5939247248128277,0.7242924830323985,0.21610948556356807,742.0,0.3196239471435547,0.2607240676879883,2026-04-30T00:12:20.292928+00:00
NR-Aromatase,morgan_2048,LogisticRegression,smote,f1_macro,"{'C': 0.001, 'l1_ratio': 0.0}",0.1304352783239204,1586,0.8814627994955864,0.91621264399197,0.5369860801401303,0.6458926261319534,0.1304352783239204,0.8407596785975164,0.8407405589091622,0.8407405589091623,0.904451882439366,0.9028711174741478,8214.0,0.8180592991913747,0.8407160657071658,0.5245283018867924,0.6019464720194646,0.1068740401174278,742.0,0.1924800872802734,0.1535942554473877,2026-04-21T08:39:45.137088+00:00
NR-Aromatase,morgan_2048,LogisticRegression,smoteenn,f1_macro,"{'C': 0.001, 'l1_ratio': 0.0}",0.1261257785258323,1586,0.8890290037831021,0.920609630861175,0.5431459453089709,0.6408958602846055,0.1261257785258323,0.8475804470646033,0.8475683392279911,0.8475489666894116,0.9111142791540662,0.9064957050177044,8142.0,0.8247978436657682,0.8449167515701774,0.5290498974709501,0.5981559738762965,0.1057152884181975,742.0,0.1539349555969238,0.1196889877319336,2026-04-21T08:39:45.786190+00:00
NR-Aromatase,morgan_2048,LogisticRegression,smoten,f1_macro,"{'C': 0.01, 'l1_ratio': 1.0}",0.1776493677179473,1586,0.974779319041614,0.9706569155344914,0.6602399314481576,0.6914456662354463,0.1776493677179473,0.8287070854638422,0.8286220210724173,0.8286220210724173,0.9061952106687858,0.90206133864359,8214.0,0.7789757412398922,0.8186411532460419,0.522094977771494,0.6283903188628506,0.1293692530584663,742.0,0.1972279548645019,0.1420519351959228,2026-04-21T08:39:47.167150+00:00
NR-Aromatase,morgan_2048,LogisticRegression,smoten_enn,f1_macro,"{'C': 0.01, 'l1_ratio': 1.0}",0.1643945816982983,1586,0.9741488020176544,0.9696353599420507,0.6459570853773405,0.6835705045278136,0.1643945816982983,0.8394694434114293,0.8393903897088484,0.8394339136574603,0.9179256037364144,0.9062988463115909,8067.0,0.784366576819407,0.8211609043605778,0.5171235662572196,0.6212703291074402,0.1177105476491453,742.0,0.1398131847381591,0.133847951889038,2026-04-21T08:39:49.114432+00:00
NR-Aromatase,morgan_4096,XGBoost,none,f1_macro,"{'colsample_bytree': 0.8, 'learning_rate': 0.1, 'max_depth': 5, 'min_child_weight': 1, 'n_estimators': 200, 'scale_pos_weight': 8, 'subsample': 0.8}",0.4110948831265313,1586,0.9817150063051703,0.9780934334220294,0.7409591394215876,0.8240782664941786,0.4110948831265313,0.9951746323529411,0.9952675996394104,0.978170472956366,0.9990643152805315,0.9723320280929779,4352.0,0.9123989218328841,0.8908350056146567,0.5436006624083274,0.7094122166730695,0.19767657100216596,742.0,5.5572967529296875,5.3271660804748535,2026-04-30T00:14:52.295265+00:00
NR-Aromatase,morgan_4096,XGBoost,random_over,f1_macro,"{'colsample_bytree': 0.8, 'learning_rate': 0.05, 'max_depth': 7, 'min_child_weight': 1, 'n_estimators': 200, 'scale_pos_weight': 1, 'subsample': 0.8}",0.45395246035537673,1586,0.980453972257251,0.97787024858615,0.748982728075684,0.8246280724450193,0.45395246035537673,0.9942780618456294,0.9942778744999432,0.9942778744999432,0.9984321280591985,0.9971502627048852,8214.0,0.9083557951482479,0.8915198673232854,0.561114783758394,0.6916762709693943,0.2010516424662779,742.0,10.841227054595947,10.353426933288574,2026-04-30T00:14:56.706684+00:00
NR-Aromatase,morgan_4096,XGBoost,random_under,f1_macro,"{'colsample_bytree': 0.8, 'learning_rate': 0.1, 'max_depth': 5, 'min_child_weight': 10, 'n_estimators': 200, 'scale_pos_weight': 1, 'subsample': 0.8}",0.48046607820280857,1586,0.9848675914249685,0.9830149912117125,0.8086389961389961,0.8348399094437258,0.48046607820280857,0.8435374149659864,0.8369977764790445,0.8107320153429664,0.9173885880882965,0.860667200619845,735.0,0.8557951482479784,0.8695408627100044,0.5910792923179934,0.7115123575361761,0.19017122349654003,742.0,1.3799192905426025,1.2726130485534668,2026-04-30T00:14:58.815939+00:00
NR-Aromatase,morgan_4096,LogisticRegression,smote,f1_macro,"{'C': 0.1, 'l1_ratio': 1.0}",0.1779586599625804,1586,0.9092055485498108,0.931878364501553,0.5524865775757338,0.6487225097024579,0.1779586599625804,0.9206233260287314,0.9206069413793954,0.9206069413793954,0.9694976104566848,0.9720713790787596,8214.0,0.8611859838274932,0.8617388239719348,0.5145552132626163,0.5531950313740556,0.0990151407976037,742.0,0.4031541347503662,0.3158009052276611,2026-04-21T08:39:59.744511+00:00
NR-Aromatase,morgan_4096,LogisticRegression,smoteenn,f1_macro,"{'C': 0.1, 'l1_ratio': 1.0}",0.1683580570096971,1586,0.9029003783102144,0.9280409106844072,0.5416976274646672,0.6161465071151359,0.1683580570096971,0.927319524451526,0.9273047570433776,0.9273102822641136,0.9759975684977686,0.9765290289933926,8159.0,0.8706199460916442,0.8673081343112058,0.520671834625323,0.531809450633884,0.0951648591323393,742.0,0.3725581169128418,0.3160600662231445,2026-04-21T08:40:00.533023+00:00
NR-Aromatase,morgan_4096,LogisticRegression,smoten,f1_macro,"{'C': 0.01, 'l1_ratio': 1.0}",0.1372945271194528,1586,0.9760403530895334,0.9681765167796108,0.5980847204438754,0.6308053040103493,0.1372945271194528,0.8550036523009495,0.8548702861442062,0.8548702861442063,0.9256357911620186,0.9308582873239158,8214.0,0.7789757412398922,0.8156245273238785,0.4959656709246649,0.5857087975412985,0.1107933210687713,742.0,0.381800889968872,0.2893989086151123,2026-04-21T08:40:01.807680+00:00
NR-Aromatase,morgan_4096,LogisticRegression,smoten_enn,f1_macro,"{'C': 0.01, 'l1_ratio': 1.0}",0.1367637519159826,1586,0.9760403530895334,0.9681765167796108,0.5980847204438754,0.6255336351875809,0.1367637519159826,0.8592418817137918,0.8591774892008225,0.8592083439466203,0.9367497168673846,0.9362799860591776,8099.0,0.7830188679245284,0.8170111388562773,0.4885935058541493,0.5752593161736457,0.1082683253439295,742.0,0.3616299629211426,0.2413239479064941,2026-04-21T08:40:04.937971+00:00
NR-Aromatase,pubchem,BalancedRandomForest,none,f1_macro,"{'max_depth': 15, 'max_features': 'sqrt', 'min_samples_leaf': 5, 'n_estimators': 100}",0.5395083088540268,1586,0.9867591424968474,0.9852633134065332,0.8350820727389765,0.8320585381630012,0.5395083088540268,0.8327205882352942,0.8733768137172621,0.6347531924234012,0.929299404202879,0.6128202218339938,4352.0,0.8045822102425876,0.8420552991397146,0.5994460225686236,0.7756947112306314,0.3162523972626767,742.0,0.6859009265899658,0.6024379730224609,2026-04-21T22:47:01.951186+00:00
NR-Aromatase,pubchem,RandomForest,random_over,f1_macro,"{'max_depth': 5, 'max_features': 'sqrt', 'min_samples_leaf': 20, 'n_estimators': 100}",0.5365823296427321,1586,0.9854981084489282,0.9838598194452504,0.8193756034760219,0.8381387451487711,0.5365823296427321,0.8007061115169223,0.8006747694720957,0.8006747694720957,0.8815054665349812,0.8878428252455632,8214.0,0.7722371967654986,0.8206138784030895,0.5813969014864987,0.7869893712383148,0.3063874319863048,742.0,0.6072371006011963,0.3589119911193847,2026-04-21T17:33:29.688136+00:00
NR-Aromatase,pubchem,RandomForest,random_under,f1_macro,"{'max_depth': 5, 'max_features': 'sqrt', 'min_samples_leaf': 20, 'n_estimators': 200}",0.5693143747621319,1586,0.9861286254728878,0.9846886810352552,0.8297918008156256,0.85619340232859,0.5693143747621319,0.7482993197278912,0.7532543158193541,0.7294509032231107,0.8302498958767179,0.7454615674027304,735.0,0.7048517520215634,0.7731211582365777,0.5413742009229076,0.7636445127417082,0.2692539100988013,742.0,0.4206588268280029,0.3497469425201416,2026-04-21T17:33:54.455558+00:00
NR-Aromatase,pubchem,BernoulliNB,smote,f1_macro,{'alpha': 50.0},0.4871339657904533,1586,0.9836065573770492,0.9812743049238142,0.7861425163364797,0.8033230918499352,0.4871339657904533,0.7243730216703189,0.7243702600537845,0.7243702600537846,0.7993610355661962,0.807364425415711,8214.0,0.7358490566037735,0.7938370989797799,0.5373829397394136,0.712754514022282,0.1822531343711159,742.0,0.0690722465515136,0.0707788467407226,2026-04-21T14:13:41.911984+00:00
NR-Aromatase,pubchem,BernoulliNB,smoteenn,f1_macro,{'alpha': 50.0},0.4877835047132533,1586,0.9836065573770492,0.9812743049238142,0.7861425163364797,0.7990378395860285,0.4877835047132533,0.7297430830039525,0.7297565093086914,0.7297205024005282,0.8019626715127179,0.8063425213106179,8096.0,0.7412398921832885,0.797598627787307,0.5411255411255411,0.71260084517864,0.1817385589797377,742.0,0.0922458171844482,0.0955448150634765,2026-04-21T14:13:43.362916+00:00
NR-Aromatase,pubchem,BernoulliNB,smoten,f1_macro,{'alpha': 50.0},0.4828891561058268,1586,0.9829760403530896,0.9807257003814857,0.7813720534852732,0.7695666235446312,0.4828891561058268,0.7756269783296811,0.7756241815217088,0.7756241815217088,0.8561268511913094,0.857908192922025,8214.0,0.7722371967654986,0.8173852623154206,0.5473568321692205,0.6948136765270841,0.1806363276442241,742.0,0.1443440914154052,0.1041748523712158,2026-04-21T14:13:45.349130+00:00
NR-Aromatase,pubchem,BernoulliNB,smoten_enn,f1_macro,{'alpha': 50.0},0.480378422568802,1586,0.9829760403530896,0.9807257003814857,0.7813720534852732,0.750663001293661,0.480378422568802,0.7849182763744428,0.7849287022972016,0.7848790892854527,0.8676876606949537,0.8626764988874991,8076.0,0.7857142857142857,0.8264323911382734,0.5572642837039121,0.6892687924190037,0.1714737795937782,742.0,0.1062550544738769,0.0888707637786865,2026-04-21T14:13:47.359437+00:00
NR-Aromatase,rdkit,BalancedRandomForest,none,f1_macro,"{'max_depth': 15, 'max_features': 'sqrt', 'min_samples_leaf': 10, 'n_estimators': 100}",0.5658344988607307,1586,0.9861286254728878,0.9844304086107364,0.8245857464607464,0.8835866752910738,0.5658344988607307,0.8028492647058824,0.853079250857049,0.6050124906066576,0.9165630605785046,0.6272586976885162,4352.0,0.7654986522911051,0.8134818102219856,0.549153536708012,0.7084645921372774,0.1979485948711086,742.0,0.977592945098877,0.7712099552154541,2026-04-21T22:47:54.977542+00:00
NR-Aromatase,rdkit,LogisticRegression,random_over,f1_macro,"{'C': 0.01, 'l1_ratio': 1.0}",0.5488863130383423,1586,0.9854981084489282,0.9838598194452504,0.8193756034760219,0.8397396507115136,0.5488863130383423,0.8122717311906501,0.8122124027109284,0.8122124027109284,0.89059537100127,0.8884020434137758,8214.0,0.7924528301886793,0.832072509700542,0.5728937728937729,0.7269048533743117,0.2486773220941503,742.0,0.432358980178833,0.4189891815185547,2026-04-21T08:40:23.901048+00:00
NR-Aromatase,rdkit,RandomForest,random_under,f1_macro,"{'max_depth': 10, 'max_features': 'log2', 'min_samples_leaf': 20, 'n_estimators': 100}",0.55382398856445,1586,0.9854981084489282,0.983581152176821,0.8137613788948623,0.8651196636481242,0.55382398856445,0.7482993197278912,0.7550732812678697,0.7364258590510749,0.8654685547688463,0.7975676095113083,735.0,0.6792452830188679,0.7532860905502415,0.4978046228046228,0.6906133948008707,0.1503324749873453,742.0,0.2128770351409912,0.1648609638214111,2026-04-21T17:35:09.839846+00:00
NR-Aromatase,rdkit,LogisticRegression,smote,f1_macro,"{'C': 0.01, 'l1_ratio': 1.0}",0.1866523155221993,1586,0.8978562421185372,0.9249453540903018,0.5326741749607125,0.6002587322121604,0.1866523155221993,0.793036279522766,0.7928090843389497,0.7928090843389497,0.8806361293874372,0.8769252412377239,8214.0,0.7587601078167115,0.8072915315237872,0.5276792921839383,0.6351005250352157,0.1489883463793239,742.0,0.440209150314331,0.3468329906463623,2026-04-21T08:40:29.058238+00:00
NR-Aromatase,rdkit,LogisticRegression,smoteenn,f1_macro,"{'C': 0.01, 'l1_ratio': 1.0}",0.1824187763479121,1586,0.8972257250945775,0.9245850202564267,0.5321745582207584,0.5998140362225097,0.1824187763479121,0.7994495183285375,0.7993460809496368,0.7994168538930951,0.8870874463229556,0.8781635147637153,7993.0,0.7695417789757413,0.8148682997744886,0.5385085418947476,0.6248559354590857,0.1444402268715864,742.0,0.4478237628936767,0.2852480411529541,2026-04-21T08:40:30.548588+00:00
NR-Aromatase,rdkit,XGBoost,smoten,f1_macro,"{'colsample_bytree': 0.8, 'learning_rate': 0.1, 'max_depth': 7, 'min_child_weight': 5, 'n_estimators': 200, 'scale_pos_weight': 1, 'subsample': 0.8}",0.20314419990227922,1586,0.9773013871374527,0.9712920748860221,0.6480769230769231,0.6398124191461837,0.20314419990227922,0.9976868760652544,0.9976868719169019,0.9976868719169019,0.9998102854794463,0.9997614596520694,8214.0,0.9177897574123989,0.8922892996179042,0.5364162441747324,0.6179792547061084,0.16711661316319817,742.0,6.134721040725708,6.236315965652466,2026-04-30T00:26:16.858274+00:00
NR-Aromatase,rdkit,XGBoost,smoten_enn,f1_macro,"{'colsample_bytree': 0.8, 'learning_rate': 0.1, 'max_depth': 5, 'min_child_weight': 1, 'n_estimators': 200, 'scale_pos_weight': 1, 'subsample': 0.8}",0.12756527444438626,1586,0.9754098360655737,0.9685327595406983,0.6113990613868104,0.49418661060802066,0.12756527444438626,0.9996284369581372,0.9996284393014049,0.999628329948914,0.9999005982457294,0.9998619174414406,8074.0,0.9272237196765498,0.8980352836682336,0.5455287872601062,0.5055320783711101,0.14488279198973067,742.0,5.814805030822754,5.7245941162109375,2026-04-30T00:27:26.169431+00:00
NR-Aromatase,topological_torsion,RandomForest,none,f1_macro,"{'max_depth': 10, 'max_features': 'log2', 'min_samples_leaf': 20, 'n_estimators': 200}",0.555824943274342,1586,0.9861286254728878,0.9841551810893812,0.8190436676693289,0.833675614489004,0.555824943274342,0.859375,0.8896964935889512,0.643684711571032,0.8867081091019315,0.4681769773265989,4352.0,0.8530997304582211,0.8664068052443386,0.5782398064277259,0.7409143296196696,0.2303061143792872,742.0,0.5658738613128662,0.5596919059753418,2026-04-21T17:36:02.765892+00:00
NR-Aromatase,topological_torsion,RandomForest,random_over,f1_macro,"{'max_depth': 10, 'max_features': 'log2', 'min_samples_leaf': 20, 'n_estimators': 100}",0.5554027349027597,1586,0.9861286254728878,0.9841551810893812,0.8190436676693289,0.8123625485122897,0.5554027349027597,0.8069150231312393,0.8059136646368411,0.8059136646368411,0.9038460113322412,0.9067516981721524,8214.0,0.8598382749326146,0.870031132098996,0.5790713911677431,0.7459854014598539,0.2338877699156388,742.0,0.5290100574493408,0.5677180290222168,2026-04-21T17:36:11.088271+00:00
NR-Aromatase,topological_torsion,BernoulliNB,random_under,f1_macro,{'alpha': 1.0},0.5449667350606184,1586,0.9842370744010088,0.9821534262791534,0.7975667161900677,0.8644404915912031,0.5449667350606184,0.8285714285714286,0.8243137254901961,0.798235294117647,0.8950937109537692,0.8128975169440625,735.0,0.8584905660377359,0.865934596160354,0.554277868360079,0.7426302983736714,0.194053096834718,742.0,0.0537209510803222,0.018212080001831,2026-04-21T14:14:03.859833+00:00
NR-Aromatase,topological_torsion,LogisticRegression,smote,f1_macro,"{'C': 0.001, 'l1_ratio': 1.0}",0.0252206809583858,1586,0.974779319041614,0.9623300301649652,0.4936143039591315,0.5,0.0252206809583858,0.5,0.3333333333333333,0.3333333333333333,0.5,0.5,8214.0,0.9231805929919138,0.886305124315993,0.4800280308339173,0.5,0.0768194070080862,742.0,0.1508400440216064,0.1257510185241699,2026-04-21T08:40:43.655076+00:00
NR-Aromatase,topological_torsion,LogisticRegression,smoteenn,f1_macro,"{'C': 0.001, 'l1_ratio': 1.0}",0.0252206809583858,1586,0.974779319041614,0.9623300301649652,0.4936143039591315,0.5,0.0252206809583858,0.5058504741963296,0.3398540647021635,0.3359234418452478,0.5,0.4941495258036704,8119.0,0.9231805929919138,0.886305124315993,0.4800280308339173,0.5,0.0768194070080862,742.0,0.1344039440155029,0.0927779674530029,2026-04-21T08:40:44.255805+00:00
NR-Aromatase,topological_torsion,LogisticRegression,smoten,f1_macro,"{'C': 0.001, 'l1_ratio': 1.0}",0.0252206809583858,1586,0.974779319041614,0.9623300301649652,0.4936143039591315,0.5,0.0252206809583858,0.5,0.3333333333333333,0.3333333333333333,0.5,0.5,8214.0,0.9231805929919138,0.886305124315993,0.4800280308339173,0.5,0.0768194070080862,742.0,0.1503322124481201,0.2031161785125732,2026-04-21T08:40:44.626966+00:00
NR-Aromatase,topological_torsion,LogisticRegression,smoten_enn,f1_macro,"{'C': 0.001, 'l1_ratio': 1.0}",0.0252206809583858,1586,0.974779319041614,0.9623300301649652,0.4936143039591315,0.5,0.0252206809583858,0.5097430805510736,0.3442148687641005,0.3376356461690233,0.5,0.4902569194489264,8057.0,0.9231805929919138,0.886305124315993,0.4800280308339173,0.5,0.0768194070080862,742.0,0.1104929447174072,0.0927948951721191,2026-04-21T08:40:47.278387+00:00
NR-ER,atom_pair,RUSBoost,none,f1_macro,"{'learning_rate': 0.005, 'n_estimators': 100, 'sampling_strategy': 'auto'}",0.2838264686305602,1596,0.950501253132832,0.9372747587124995,0.6495476339378778,0.6648972290168305,0.2838264686305602,0.8025657751685149,0.8277699904827275,0.6732824508706121,0.8336086970888543,0.5103767569098904,4599.0,0.7794871794871795,0.8160691674580564,0.6078843995510662,0.7681457944615839,0.3409534417113862,780.0,7.571440935134888,7.329034090042114,2026-04-29T18:40:59.060035+00:00
NR-ER,atom_pair,RandomForest,random_over,f1_macro,"{'max_depth': 5, 'max_features': 'log2', 'min_samples_leaf': 10, 'n_estimators': 200}",0.2763689784013595,1596,0.9511278195488722,0.9349709119317966,0.6262429744920017,0.652276295133438,0.2763689784013595,0.7742055610724925,0.7730003517799136,0.7730003517799136,0.8531125591564117,0.8614087737629307,8056.0,0.8025641025641026,0.8315064102564104,0.6208333333333333,0.7594169699432858,0.361539045190436,780.0,0.7804431915283203,0.5812869071960449,2026-04-21T17:38:08.482410+00:00
NR-ER,atom_pair,RandomForest,random_under,f1_macro,"{'max_depth': 15, 'max_features': 'log2', 'min_samples_leaf': 10, 'n_estimators': 100}",0.2988235379064628,1596,0.9517543859649122,0.9361699300729602,0.6343011543028207,0.6562337994231682,0.2988235379064628,0.8114419147694104,0.8095936245641793,0.7838528024376666,0.8647424710389184,0.8007203796077944,1713.0,0.8025641025641026,0.8303579946113883,0.6128707893413776,0.7532837006521217,0.3165885044521278,780.0,0.2233188152313232,0.2029051780700683,2026-04-21T17:38:12.643001+00:00
NR-ER,atom_pair,DecisionTree,smote,f1_macro,"{'ccp_alpha': 0.0, 'criterion': 'gini', 'max_depth': 5, 'min_samples_leaf': 10}",0.1022415839605765,1596,0.9348370927318296,0.9249182150730032,0.6061615557643575,0.5412325216311927,0.1022415839605765,0.7872393247269116,0.7872345907154911,0.7872345907154911,0.8343386574514644,0.7790177627639958,8056.0,0.7576923076923077,0.7943082772740568,0.5424225964149919,0.5849882691987955,0.1426976462049047,780.0,0.8511910438537598,0.886967658996582,2026-04-22T08:52:39.716785+00:00
NR-ER,atom_pair,DecisionTree,smoteenn,f1_macro,"{'ccp_alpha': 0.0, 'criterion': 'gini', 'max_depth': 5, 'min_samples_leaf': 10}",0.0812568796649839,1596,0.9085213032581454,0.9089880582874856,0.5789922525439408,0.5486072067467417,0.0812568796649839,0.8061016083737554,0.8060803673550071,0.8060993051307586,0.8558604612692758,0.7953816451679225,7834.0,0.7538461538461538,0.7939881656804735,0.556923076923077,0.6385897175370859,0.1725789916979534,780.0,0.7428770065307617,0.8374581336975098,2026-04-22T08:52:44.683335+00:00
NR-ER,atom_pair,LogisticRegression,smoten,f1_macro,"{'C': 0.01, 'l1_ratio': 1.0}",0.1787484216452175,1596,0.9273182957393484,0.9187870421698656,0.5836983603018555,0.5280055492680077,0.1787484216452175,0.8450844091360477,0.8450555207977137,0.8450555207977137,0.91346451823334,0.9184839546212438,8056.0,0.7961538461538461,0.8188263604407591,0.5607719251024404,0.6338881602039497,0.2060892762678161,780.0,0.1553878784179687,0.1532700061798095,2026-04-21T08:40:56.597544+00:00
NR-ER,atom_pair,LogisticRegression,smoten_enn,f1_macro,"{'C': 0.01, 'l1_ratio': 1.0}",0.1633688019844701,1596,0.924812030075188,0.9171874459323852,0.580276134122288,0.5204337191048155,0.1633688019844701,0.8646366427840327,0.8646543697078088,0.8646330973992775,0.9377410856318338,0.9314268696245585,7816.0,0.8051282051282052,0.8242428355957767,0.5641176470588235,0.6276902329533908,0.1999777693404069,780.0,0.1670398712158203,0.145026683807373,2026-04-21T08:40:58.360562+00:00
NR-ER,avalon,DecisionTree,none,f1_macro,"{'ccp_alpha': 0.0, 'criterion': 'gini', 'max_depth': 15, 'min_samples_leaf': 50}",0.1412386163051057,1596,0.9411027568922306,0.9285523550123406,0.6116547075451184,0.5990872914460955,0.1412386163051057,0.7625570776255708,0.799085019889192,0.64911222130803,0.8557781605817073,0.4837735692869423,4599.0,0.8,0.8235797308744497,0.5775645387510241,0.6731447784079363,0.2328065361928415,780.0,0.1488721370697021,0.1019263267517089,2026-04-22T08:53:51.752947+00:00
NR-ER,avalon,DecisionTree,random_over,f1_macro,"{'ccp_alpha': 0.0, 'criterion': 'entropy', 'max_depth': 5, 'min_samples_leaf': 10}",0.1926782763425562,1596,0.9442355889724312,0.9320394922748672,0.62949070753179,0.6281771384761418,0.1926782763425562,0.718098311817279,0.7180980989763384,0.7180980989763385,0.8023720685588172,0.7894032526948058,8056.0,0.75,0.7923038824691387,0.5620236178980014,0.6555578134525503,0.2309938455290578,780.0,0.2727351188659668,0.1555919647216797,2026-04-22T08:53:57.393236+00:00
NR-ER,avalon,LogisticRegression,random_under,f1_macro,"{'C': 0.01, 'l1_ratio': 1.0}",0.1495083863504916,1596,0.9429824561403508,0.9317628456034056,0.6324321041082994,0.5980833120368003,0.1495083863504916,0.5960303561004087,0.6069727537197116,0.5888096460434848,0.6208406304728545,0.4032404084484128,1713.0,0.5615384615384615,0.6479111859412817,0.4601704724823739,0.6006354953723375,0.1235675283620489,780.0,0.0220749378204345,0.0139698982238769,2026-04-21T08:41:02.764418+00:00
NR-ER,avalon,LogisticRegression,smote,f1_macro,"{'C': 0.1, 'l1_ratio': 1.0}",0.0937024787022289,1596,0.906641604010025,0.9043523626974064,0.5446871164704463,0.5058778430871453,0.0937024787022289,0.8673038728897716,0.8672698391145409,0.8672698391145408,0.9395256355955186,0.9414328741659992,8056.0,0.8384615384615385,0.8492463994641063,0.6081277213352685,0.6373242689032163,0.2503638274031216,780.0,0.2993390560150146,0.2705419063568115,2026-04-21T08:41:03.098845+00:00
NR-ER,avalon,XGBoost,smoteenn,f1_macro,"{'colsample_bytree': 0.8, 'learning_rate': 0.1, 'max_depth': 3, 'min_child_weight': 5, 'n_estimators': 200, 'scale_pos_weight': 1, 'subsample': 0.8}",0.08819352675502971,1596,0.8984962406015038,0.9004979136715874,0.5467021985343105,0.4727647767514877,0.08819352675502971,0.9288697468024014,0.9289105381442228,0.9287819638348018,0.9789055723857052,0.9742174672549252,7662.0,0.8666666666666667,0.8586858338841155,0.5811302048909451,0.6354030038240565,0.2860615722241328,780.0,0.9471449851989746,0.914851188659668,2026-04-30T00:35:35.382494+00:00
NR-ER,avalon,DecisionTree,smoten,f1_macro,"{'ccp_alpha': 0.0, 'criterion': 'gini', 'max_depth': 10, 'min_samples_leaf': 50}",0.1155436653377113,1596,0.925438596491228,0.914430797837638,0.5524534188567913,0.5229966047241794,0.1155436653377113,0.8469463753723933,0.8469162559216793,0.8469162559216792,0.9279546649126424,0.9228133328081042,8056.0,0.7974358974358975,0.8202431149097816,0.5652910052910053,0.6111562690510058,0.2043174366835636,780.0,0.5361490249633789,0.1986391544342041,2026-04-22T08:54:16.949849+00:00
NR-ER,avalon,DecisionTree,smoten_enn,f1_macro,"{'ccp_alpha': 0.0, 'criterion': 'entropy', 'max_depth': 10, 'min_samples_leaf': 50}",0.1081009822499406,1596,0.9291979949874688,0.9174174760129342,0.5629993094173664,0.5440436639772188,0.1081009822499406,0.8609749806551458,0.8607523439753674,0.8608879009860388,0.9448460881185432,0.932750725616614,7754.0,0.7858974358974359,0.8129953354352599,0.559811975574397,0.6287801814117604,0.2368277668356636,780.0,0.1762199401855468,0.184471845626831,2026-04-22T08:54:26.027502+00:00
NR-ER,erg,EasyEnsemble,none,f1_macro,"{'n_estimators': 10, 'replacement': True}",0.1964818711301313,1596,0.949874686716792,0.9361526546288146,0.6421685126227523,0.5909386294768355,0.1964818711301313,0.7290715372907154,0.771833466963497,0.608667914117133,0.7932528343626141,0.4643139925038966,4599.0,0.7384615384615385,0.7860314526664295,0.5702432911283004,0.7042729674308623,0.2739348895696205,780.0,4.518644094467163,2.7291719913482666,2026-04-21T22:52:56.035347+00:00
NR-ER,erg,DecisionTree,random_over,f1_macro,"{'ccp_alpha': 0.01, 'criterion': 'entropy', 'max_depth': 5, 'min_samples_leaf': 10}",0.1541564343801482,1596,0.943609022556391,0.9309538408413264,0.6224292383395719,0.576875616078274,0.1541564343801482,0.6705561072492552,0.6684106907476813,0.6684106907476813,0.7328775840713811,0.6927764801598911,8056.0,0.6230769230769231,0.6990853935795669,0.4903954701819571,0.6354307143780829,0.1749565080908853,780.0,0.1080400943756103,0.1097872257232666,2026-04-22T08:54:37.320093+00:00
NR-ER,erg,DecisionTree,random_under,f1_macro,"{'ccp_alpha': 0.0, 'criterion': 'gini', 'max_depth': 10, 'min_samples_leaf': 50}",0.1749350701196763,1596,0.93796992481203,0.9293681545859248,0.6327119814222055,0.6086123179146435,0.1749350701196763,0.6865148861646234,0.6954640269436694,0.6777825065809178,0.7817429403050536,0.6328263334700424,1713.0,0.632051282051282,0.7062562110012021,0.5118951837097798,0.6865751602593707,0.211418675876349,780.0,0.0297451019287109,0.0267229080200195,2026-04-22T08:54:37.832455+00:00
NR-ER,erg,RandomForest,smote,f1_macro,"{'max_depth': 5, 'max_features': 'sqrt', 'min_samples_leaf': 20, 'n_estimators': 100}",0.179381371815352,1596,0.9467418546365914,0.9295382344961248,0.5963064690355813,0.5960059873681136,0.179381371815352,0.8229890764647467,0.8224251086129539,0.8224251086129539,0.9127625674400348,0.9161847380352292,8056.0,0.8525641025641025,0.8648521658992864,0.656951418660772,0.7121520016256859,0.339851415590503,780.0,0.4368629455566406,0.368333101272583,2026-04-21T17:40:49.841595+00:00
NR-ER,erg,RandomForest,smoteenn,f1_macro,"{'max_depth': 15, 'max_features': 'sqrt', 'min_samples_leaf': 20, 'n_estimators': 100}",0.2067525411828168,1596,0.9479949874686716,0.9304010833670158,0.5986973447037974,0.588273520499434,0.2067525411828168,0.9190431139343156,0.918894201426012,0.918123843016914,0.9733775835541008,0.9706334403160136,7399.0,0.867948717948718,0.8683276964874944,0.6310871312134083,0.7131680552733184,0.3445814004170573,780.0,0.5281238555908203,0.4490389823913574,2026-04-21T17:40:53.550506+00:00
NR-ER,erg,KNeighbors,smoten,f1_macro,"{'n_neighbors': 5, 'weights': 'distance'}",0.0640446240886069,1596,0.8646616541353384,0.8793009845494696,0.509657891592656,0.5448504983388704,0.0640446240886069,0.9314796425024826,0.931216796018359,0.931216796018359,0.9640978271266972,0.9669599714129192,8056.0,0.8653846153846154,0.8641906859585078,0.6150574123773848,0.656592340802867,0.2299462346615625,780.0,0.1389069557189941,0.0008671283721923,2026-04-23T22:56:29.689776+00:00
NR-ER,erg,DecisionTree,smoten_enn,f1_macro,"{'ccp_alpha': 0.0, 'criterion': 'gini', 'max_depth': 10, 'min_samples_leaf': 50}",0.0812078814721627,1596,0.9135338345864662,0.9073087728374448,0.5405488847909348,0.472217151619145,0.0812078814721627,0.8673198040587824,0.8673435991827959,0.865175863385151,0.9507523769290296,0.9298222731317216,7145.0,0.8423076923076923,0.8484556255556642,0.5918818780069679,0.5587833219412166,0.1697673645593417,780.0,0.1338920593261718,0.0883557796478271,2026-04-22T08:54:46.863966+00:00
NR-ER,estate,DecisionTree,none,f1_macro,"{'ccp_alpha': 0.0, 'criterion': 'entropy', 'max_depth': 5, 'min_samples_leaf': 10}",0.2113706033014523,1596,0.9486215538847118,0.9338656908678452,0.627030539311241,0.6001423825344092,0.2113706033014523,0.6738421395955643,0.7290402639434579,0.5744049998667413,0.7868154094717016,0.3716754320052244,4599.0,0.7102564102564103,0.7661821941024018,0.5577920709619804,0.6933919565498513,0.2498529696751144,780.0,0.013071060180664,0.009383201599121,2026-04-22T08:54:54.516417+00:00
NR-ER,estate,XGBoost,random_over,f1_macro,"{'colsample_bytree': 0.8, 'learning_rate': 0.1, 'max_depth': 3, 'min_child_weight': 5, 'n_estimators': 100, 'scale_pos_weight': 1, 'subsample': 0.8}",0.2425578160301307,1596,0.9505012531328321,0.9359434341918569,0.6376136373434658,0.630002555583951,0.2425578160301307,0.7753227408142999,0.7750509960269503,0.7750509960269504,0.861107827383095,0.8610600217506014,8056.0,0.7923076923076923,0.8238736539104062,0.6090878717006348,0.7262104893683841,0.32583999991718077,780.0,0.09703969955444336,0.08580994606018066,2026-04-30T00:37:18.877371+00:00
NR-ER,estate,DecisionTree,random_under,f1_macro,"{'ccp_alpha': 0.0, 'criterion': 'gini', 'max_depth': 5, 'min_samples_leaf': 20}",0.2010738875890399,1596,0.9467418546365914,0.9303224969447488,0.6033228944621349,0.6150158811288381,0.2010738875890399,0.7297139521307647,0.7345811069405797,0.7081130555462527,0.7901145868157686,0.6614622093785059,1713.0,0.7487179487179487,0.7934292678343188,0.5781270696277981,0.7362047625205519,0.2690160551490724,780.0,0.0072638988494873,0.0032589435577392,2026-04-22T08:54:55.868006+00:00
NR-ER,estate,LogisticRegression,smote,f1_macro,"{'C': 0.001, 'l1_ratio': 0.0}",0.1253301758723578,1596,0.9179197994987468,0.9139219117258864,0.5813917169714989,0.5568434887371764,0.1253301758723578,0.64746772591857,0.6438133005196062,0.6438133005196061,0.708630019358039,0.6994674314507675,8056.0,0.632051282051282,0.7061944448804273,0.4980616200775352,0.6408619829672462,0.1776012661409663,780.0,0.0154712200164794,0.0095350742340087,2026-04-21T08:41:18.252211+00:00
NR-ER,estate,LogisticRegression,smoteenn,f1_macro,"{'C': 0.1, 'l1_ratio': 0.0}",0.1497586241540392,1596,0.9160401002506264,0.9146924800849484,0.597103327706776,0.5930451608192472,0.1497586241540392,0.7104744381653305,0.7107241057274082,0.7102050294471816,0.7558976302991597,0.716042000635394,7609.0,0.7307692307692307,0.778951817413356,0.5504495504495505,0.6325857641647116,0.1727907018677854,780.0,0.0114669799804687,0.0073399543762207,2026-04-21T08:41:19.391480+00:00
NR-ER,estate,DecisionTree,smoten,f1_macro,"{'ccp_alpha': 0.001, 'criterion': 'gini', 'max_depth': 10, 'min_samples_leaf': 20}",0.1198729190291088,1596,0.9342105263157896,0.9198218729085512,0.5628822954026736,0.5201927640465845,0.1198729190291088,0.820506454816286,0.8204666194526861,0.8204666194526861,0.8989978849641389,0.87844328750628,8056.0,0.7782051282051282,0.8051989699985281,0.5369744467815709,0.5703940440782547,0.1712453291798474,780.0,0.0258309841156005,0.0246961116790771,2026-04-22T08:54:57.362246+00:00
NR-ER,estate,RandomForest,smoten_enn,f1_macro,"{'max_depth': 15, 'max_features': 'sqrt', 'min_samples_leaf': 10, 'n_estimators': 200}",0.0952020901394359,1596,0.8847117794486216,0.8931268209352533,0.5431600955794504,0.4826585374758132,0.0952020901394359,0.9048777192271314,0.9050642656588044,0.9046824284314738,0.970064941201686,0.9606538832992028,7401.0,0.8525641025641025,0.8538150965320225,0.5927743552260625,0.6119321645637436,0.2230864529978967,780.0,0.6184701919555664,0.6043720245361328,2026-04-21T17:41:34.698766+00:00
NR-ER,fcfp,DecisionTree,none,f1_macro,"{'ccp_alpha': 0.001, 'criterion': 'gini', 'max_depth': 15, 'min_samples_leaf': 50}",0.1996143631717084,1596,0.949248120300752,0.933601438264996,0.6219900523697992,0.5890036873425579,0.1996143631717084,0.6623178951946075,0.7197375997092906,0.5683265253330441,0.7935963144155536,0.3636587686475037,4599.0,0.691025641025641,0.7510815736691313,0.5337693549707211,0.6888197151355046,0.2330565367880615,780.0,0.3620071411132812,0.5756871700286865,2026-04-22T08:54:59.338441+00:00
NR-ER,fcfp,XGBoost,random_over,f1_macro,"{'colsample_bytree': 0.8, 'learning_rate': 0.05, 'max_depth': 3, 'min_child_weight': 10, 'n_estimators': 100, 'scale_pos_weight': 1, 'subsample': 0.8}",0.21507009918125347,1596,0.9461152882205514,0.9291097042352208,0.5951389298566456,0.5904895768683145,0.21507009918125347,0.7369662363455809,0.7332171474345826,0.7332171474345826,0.8302696664559602,0.8411329844305622,8056.0,0.8358974358974359,0.8519939668174963,0.6329411764705882,0.6997284365705418,0.30541810176527306,780.0,1.9032540321350098,1.9237349033355713,2026-04-30T00:37:30.559960+00:00
NR-ER,fcfp,DecisionTree,random_under,f1_macro,"{'ccp_alpha': 0.01, 'criterion': 'entropy', 'max_depth': 5, 'min_samples_leaf': 10}",0.1696935248659386,1596,0.9479949874686716,0.9327000637711914,0.6192649607532614,0.5804607352780111,0.1696935248659386,0.649737302977233,0.6597192088576587,0.6403325821307093,0.723246462868167,0.5609605228925567,1713.0,0.6641025641025641,0.7312218658442854,0.5232184851991488,0.6623746097430309,0.1808626939548975,780.0,0.1900122165679931,0.1351490020751953,2026-04-22T08:55:00.198665+00:00
NR-ER,fcfp,LogisticRegression,smote,f1_macro,"{'C': 0.01, 'l1_ratio': 1.0}",0.1502913954079101,1596,0.8972431077694235,0.8997478070175439,0.5455833333333333,0.490091635938812,0.1502913954079101,0.7694885799404171,0.7694726346226985,0.7694726346226985,0.833457012432338,0.8349019281306143,8056.0,0.7974358974358975,0.8202431149097816,0.5652910052910053,0.5769429716798138,0.2449317490428913,780.0,0.1414637565612793,0.113440990447998,2026-04-21T08:41:22.326588+00:00
NR-ER,fcfp,LogisticRegression,smoteenn,f1_macro,"{'C': 0.01, 'l1_ratio': 1.0}",0.1537247093310174,1596,0.8834586466165414,0.8919651559454191,0.5381944444444444,0.4964477383082035,0.1537247093310174,0.7770585189021233,0.7771040351528705,0.7770519268933944,0.8525832229050327,0.8411333280723173,7724.0,0.7935897435897435,0.8181905198919119,0.5657300942335957,0.5757883652620495,0.2487283504425457,780.0,0.1138391494750976,0.1142401695251464,2026-04-21T08:41:22.969655+00:00
NR-ER,fcfp,LogisticRegression,smoten,f1_macro,"{'C': 0.01, 'l1_ratio': 1.0}",0.1635219485664054,1596,0.9398496240601504,0.924163816464178,0.5776055048906631,0.5257274287174619,0.1635219485664054,0.8218718967229395,0.821536961963625,0.821536961963625,0.8906011321938092,0.8846892029603495,8056.0,0.7974358974358975,0.8196849871036261,0.5617603550295858,0.5956937799043062,0.2478304689118631,780.0,0.1408438682556152,0.1052169799804687,2026-04-21T08:41:23.588113+00:00
NR-ER,fcfp,LogisticRegression,smoten_enn,f1_macro,"{'C': 0.01, 'l1_ratio': 1.0}",0.1614180803838231,1596,0.9398496240601504,0.924163816464178,0.5776055048906631,0.5282684093315323,0.1614180803838231,0.8286232823437905,0.8286565529160398,0.8286191235222593,0.9182055306290584,0.8968121427478576,7714.0,0.8102564102564103,0.8263977920227921,0.5604897660818714,0.5956198850935693,0.23475665955681,780.0,0.1047360897064209,0.1018569469451904,2026-04-21T08:41:24.667741+00:00
NR-ER,klekota_roth,DecisionTree,none,f1_macro,"{'ccp_alpha': 0.001, 'criterion': 'entropy', 'max_depth': 15, 'min_samples_leaf': 20}",0.1230807653884577,1596,0.9461152882205514,0.9291097042352208,0.5951389298566456,0.5541856814282062,0.1230807653884577,0.7788649706457925,0.8103821078445885,0.6549545139840498,0.819165578255191,0.4727206173147538,4599.0,0.7756410256410257,0.8083192852196303,0.5676535146760252,0.6167168535589589,0.2145302746413719,780.0,0.4993090629577636,0.4551770687103271,2026-04-22T08:56:34.060674+00:00
NR-ER,klekota_roth,DecisionTree,random_over,f1_macro,"{'ccp_alpha': 0.0, 'criterion': 'entropy', 'max_depth': 10, 'min_samples_leaf': 10}",0.1521210987155259,1596,0.9448621553884712,0.92663384935895,0.5783254071191815,0.5525135993574533,0.1521210987155259,0.7512413108242304,0.7469590365216554,0.7469590365216554,0.7973157916925119,0.7976781207383603,8056.0,0.8320512820512821,0.8408549476997131,0.5784218669417225,0.5849420849420849,0.1866411146086109,780.0,2.277132987976074,1.4799087047576904,2026-04-22T08:56:36.714687+00:00
NR-ER,klekota_roth,XGBoost,random_under,f1_macro,"{'colsample_bytree': 0.8, 'learning_rate': 0.1, 'max_depth': 7, 'min_child_weight': 1, 'n_estimators': 200, 'scale_pos_weight': 1, 'subsample': 0.8}",0.1813097146876606,1596,0.9473684210526315,0.9274099011091406,0.5746430611079383,0.559592566901537,0.1813097146876606,0.9416228838295388,0.9409117018371517,0.9327900034840908,0.9847036108955621,0.9745715159158845,1713.0,0.8641025641025641,0.8641025641025641,0.6181485655169865,0.7042544937281778,0.31620659630647363,780.0,2.950622081756592,2.795275926589966,2026-04-30T00:40:25.325639+00:00
NR-ER,klekota_roth,XGBoost,smote,f1_macro,"{'colsample_bytree': 0.8, 'learning_rate': 0.1, 'max_depth': 7, 'min_child_weight': 5, 'n_estimators': 200, 'scale_pos_weight': 1, 'subsample': 0.8}",0.08009745761625542,1596,0.7907268170426065,0.8375062168083409,0.4965470865570599,0.47974882260596546,0.08009745761625542,0.922914597815293,0.9228960344023307,0.9228960344023307,0.9731880868182899,0.9736300106745076,8056.0,0.8384615384615385,0.844379973474801,0.5797413793103448,0.5966082281871756,0.23627739965385994,780.0,11.201037883758545,11.28195595741272,2026-04-30T00:41:03.538062+00:00
NR-ER,klekota_roth,DecisionTree,smoteenn,f1_macro,"{'ccp_alpha': 0.001, 'criterion': 'gini', 'max_depth': 10, 'min_samples_leaf': 20}",0.0757818240163078,1596,0.8558897243107769,0.876575409816407,0.5283663704716337,0.5088313679675806,0.0757818240163078,0.773674492218412,0.7724970763188291,0.7709293933514072,0.8578198600231692,0.811333927575254,7582.0,0.7589743589743589,0.7924132871006573,0.5240444536767761,0.5311743732796365,0.1545709801416216,780.0,1.414098024368286,1.0117928981781006,2026-04-22T08:57:17.407205+00:00
NR-ER,klekota_roth,XGBoost,smoten,f1_macro,"{'colsample_bytree': 0.8, 'learning_rate': 0.1, 'max_depth': 5, 'min_child_weight': 5, 'n_estimators': 200, 'scale_pos_weight': 1, 'subsample': 0.8}",0.08495885181060944,1596,0.8759398496240601,0.8862810178599654,0.5207207207207207,0.5003942900952868,0.08495885181060944,0.9247765640516385,0.9247765594153092,0.9247765594153092,0.9732185032478707,0.9777782129212073,8056.0,0.8628205128205129,0.861603841881527,0.6077251726131444,0.6373981637139532,0.2856324947516852,780.0,10.405606031417847,10.09627914428711,2026-04-30T00:41:52.745107+00:00
NR-ER,klekota_roth,LogisticRegression,smoten_enn,f1_macro,"{'C': 0.1, 'l1_ratio': 0.0}",0.0662526518499835,1596,0.8765664160401002,0.8874667344690228,0.5290237052016628,0.4689131466540105,0.0662526518499835,0.954262762373672,0.9542846525142622,0.9542428510028528,0.9901607110658992,0.9892143768029906,7718.0,0.8589743589743589,0.8564153606646525,0.589426537018605,0.6236537289168869,0.2410145006185141,780.0,0.4665908813476562,0.3257942199707031,2026-04-21T08:41:37.727995+00:00
NR-ER,maccs,DecisionTree,none,f1_macro,"{'ccp_alpha': 0.001, 'criterion': 'entropy', 'max_depth': 10, 'min_samples_leaf': 50}",0.1636354216214979,1596,0.9486215538847118,0.93083552312469,0.599921740300077,0.5804789894490892,0.1636354216214979,0.7101543813872581,0.7582782410175487,0.6060694736415975,0.830212375021087,0.4381894513390294,4599.0,0.732051282051282,0.7809110285813471,0.5608664147121334,0.6780772570246254,0.2299982448202741,780.0,0.0393941402435302,0.0400929450988769,2026-04-22T08:58:30.197933+00:00
NR-ER,maccs,DecisionTree,random_over,f1_macro,"{'ccp_alpha': 0.0, 'criterion': 'entropy', 'max_depth': 5, 'min_samples_leaf': 10}",0.2061976384260007,1596,0.949874686716792,0.9317107535678576,0.6024312475089677,0.5764484684750466,0.2061976384260007,0.7133813306852036,0.7111819721494289,0.7111819721494289,0.7952325590282125,0.7619710366574162,8056.0,0.7,0.7580726357425387,0.5442286947141316,0.7081524449945503,0.2395479057621251,780.0,0.0469000339508056,0.0370669364929199,2026-04-22T08:58:33.121586+00:00
NR-ER,maccs,LogisticRegression,random_under,f1_macro,"{'C': 0.01, 'l1_ratio': 1.0}",0.1887965442830328,1596,0.950501253132832,0.9359434341918568,0.6376136373434658,0.5790807199445073,0.1887965442830328,0.6182136602451839,0.6291021827897363,0.6078099006906286,0.689278342294374,0.5185768439061347,1713.0,0.5846153846153846,0.6677765409077051,0.4705837990933391,0.5912600912600913,0.1369168300432777,780.0,0.0097959041595458,0.005347728729248,2026-04-21T08:41:59.823454+00:00
NR-ER,maccs,LogisticRegression,smote,f1_macro,"{'C': 0.1, 'l1_ratio': 0.0}",0.142791912161703,1596,0.9216791979949874,0.9146303308678498,0.5709372923239714,0.5425176152750903,0.142791912161703,0.8133068520357497,0.8132803369151942,0.8132803369151942,0.8901096310434703,0.885570991597948,8056.0,0.8064102564102564,0.8262793635776636,0.5724413822144618,0.6594188173135542,0.2551471330487206,780.0,0.066857099533081,0.0656120777130127,2026-04-21T08:41:51.382823+00:00
NR-ER,maccs,LogisticRegression,smoteenn,f1_macro,"{'C': 0.1, 'l1_ratio': 0.0}",0.131961609874686,1596,0.924185463659148,0.9155956393446671,0.5685667370396434,0.5357708736446278,0.131961609874686,0.8285978591251487,0.8287509431213056,0.8282551942860688,0.9080781449884716,0.8905277693451707,7567.0,0.8153846153846154,0.8317141221670964,0.5761573410212676,0.6525650736177051,0.2506344271329299,780.0,0.0561940670013427,0.0504331588745117,2026-04-21T08:41:52.673465+00:00
NR-ER,maccs,DecisionTree,smoten,f1_macro,"{'ccp_alpha': 0.0, 'criterion': 'gini', 'max_depth': 5, 'min_samples_leaf': 50}",0.1571994392577258,1596,0.9479949874686716,0.929575071465512,0.5913184321347587,0.5493264210872184,0.1571994392577258,0.7706057596822244,0.7674938473082957,0.7674938473082957,0.8450222511436823,0.8016780003459072,8056.0,0.7064102564102565,0.7611960076125107,0.5310223146419654,0.6388391125233231,0.1972214216751798,780.0,0.0425870418548584,0.0339739322662353,2026-04-22T08:58:41.999185+00:00
NR-ER,maccs,DecisionTree,smoten_enn,f1_macro,"{'ccp_alpha': 0.01, 'criterion': 'entropy', 'max_depth': 5, 'min_samples_leaf': 10}",0.2540107186784677,1596,0.9511278195488722,0.9342094000454372,0.619437752968366,0.6029462232120039,0.2540107186784677,0.752442996742671,0.7482302295672129,0.7495633394458254,0.8273447942820874,0.7824470148945448,7675.0,0.6935897435897436,0.7514579623331457,0.5177450272791476,0.6020302599249968,0.1654309885977171,780.0,0.0414652824401855,0.0327420234680175,2026-04-22T08:58:42.711476+00:00
NR-ER,map4,BalancedRandomForest,none,f1_macro,"{'max_depth': 10, 'max_features': 'sqrt', 'min_samples_leaf': 20, 'n_estimators': 100}",0.3042711868894971,1596,0.949248120300752,0.9328540822845428,0.6153038116692011,0.6909057719688949,0.3042711868894971,0.8460534898891063,0.8638646026835684,0.7345095250985776,0.8868581053466367,0.7004886629207798,4599.0,0.7730769230769231,0.8081436112342346,0.5770725924292134,0.7055107055107055,0.3139864742922147,780.0,1.2465031147003174,0.9390151500701904,2026-04-21T22:55:55.582806+00:00
NR-ER,map4,BernoulliNB,random_over,f1_macro,{'alpha': 0.1},0.2518326754224522,1596,0.9404761904761904,0.9311387737385564,0.6377363900271185,0.6693439450914535,0.2518326754224522,0.6333167825223436,0.6302809441894349,0.630280944189435,0.7067464195517179,0.6783451231989751,8056.0,0.6666666666666666,0.7317073170731707,0.500369549150037,0.6309046572204466,0.1414574723092496,780.0,0.1303408145904541,0.113520860671997,2026-04-21T14:15:33.858741+00:00
NR-ER,map4,BernoulliNB,random_under,f1_macro,{'alpha': 0.1},0.2642433083601067,1596,0.9442355889724312,0.9320394922748672,0.62949070753179,0.6777919754663941,0.2642433083601067,0.7028604786923526,0.7004054717850613,0.6603537876689677,0.7549188598979883,0.6206668545697366,1713.0,0.708974358974359,0.762305338974462,0.5255309171300329,0.6406125879810091,0.1849207690934209,780.0,0.0246350765228271,0.0132880210876464,2026-04-21T14:15:34.136958+00:00
NR-ER,map4,LogisticRegression,smote,f1_macro,"{'C': 0.001, 'l1_ratio': 1.0}",0.0570175438596491,1596,0.9429824561403508,0.9153102847411982,0.4853273137697517,0.5,0.0570175438596491,0.5,0.3333333333333333,0.3333333333333333,0.5,0.5,8056.0,0.9012820512820512,0.8544858827394228,0.4740391099123398,0.5,0.0987179487179487,780.0,0.0825350284576416,0.0777149200439453,2026-04-21T08:41:59.463088+00:00
NR-ER,map4,LogisticRegression,smoteenn,f1_macro,"{'C': 0.001, 'l1_ratio': 1.0}",0.0570175438596491,1596,0.9429824561403508,0.9153102847411982,0.4853273137697517,0.5,0.0570175438596491,0.5119471276054905,0.3466918342291386,0.3386012104909213,0.5,0.4880528723945094,7868.0,0.9012820512820512,0.8544858827394228,0.4740391099123398,0.5,0.0987179487179487,780.0,0.0763552188873291,0.0641200542449951,2026-04-21T08:42:01.063089+00:00
NR-ER,map4,DecisionTree,smoten,f1_macro,"{'ccp_alpha': 0.0, 'criterion': 'gini', 'max_depth': 5, 'min_samples_leaf': 10}",0.0764685758801501,1596,0.9166666666666666,0.9091666720433924,0.5434772790327056,0.4859552407725165,0.0764685758801501,0.785501489572989,0.7854421266690895,0.7854421266690895,0.8391708635381525,0.7689747879778492,8056.0,0.7576923076923077,0.7934371496459586,0.536238631680608,0.5299273983484509,0.1160345365294702,780.0,0.5231888294219971,0.458873987197876,2026-04-22T09:00:04.165678+00:00
NR-ER,map4,DecisionTree,smoten_enn,f1_macro,"{'ccp_alpha': 0.01, 'criterion': 'entropy', 'max_depth': 5, 'min_samples_leaf': 10}",0.0662709600905515,1596,0.9210526315789472,0.9124252546342594,0.5536278722875306,0.4961118615603665,0.0662709600905515,0.7768245838668374,0.7768761989154843,0.7767942808382768,0.8316472030529813,0.7526796433387014,7810.0,0.7692307692307693,0.8007644529383661,0.5410264792415822,0.5603535866693762,0.1256677463485268,780.0,0.6010510921478271,0.3778140544891357,2026-04-22T09:00:21.707910+00:00
NR-ER,mhfp,LogisticRegression,none,f1_macro,"{'C': 0.001, 'l1_ratio': 0.0}",0.2117720101266624,1596,0.9467418546365914,0.9287240010385102,0.589027401202684,0.5676536088496221,0.2117720101266624,0.8743205044574908,0.8869436081575981,0.7727078241490337,0.9378744584754356,0.7187963610165834,4599.0,0.841025641025641,0.849698013932118,0.602929584866001,0.6684339842234578,0.2911256488281946,780.0,0.621453046798706,0.850532054901123,2026-04-21T08:42:11.883603+00:00
NR-ER,mhfp,BernoulliNB,random_over,f1_macro,{'alpha': 0.1},0.242181032588922,1596,0.9486215538847118,0.93083552312469,0.599921740300077,0.6226643788105581,0.242181032588922,0.73733862959285,0.736239681370219,0.736239681370219,0.8049455080573029,0.8209318565298667,8056.0,0.7974358974358975,0.8223399350937328,0.5787473167530319,0.656185919343814,0.241944635910399,780.0,0.293508768081665,0.2713470458984375,2026-04-21T14:15:52.154356+00:00
NR-ER,mhfp,LogisticRegression,random_under,f1_macro,"{'C': 0.001, 'l1_ratio': 0.0}",0.2192432318587558,1596,0.9486215538847118,0.9324069272940476,0.6139696773051737,0.5857544448906575,0.2192432318587558,0.8464681844716871,0.8467647498750887,0.8279493226148309,0.9176652629577262,0.8602903005514297,1713.0,0.808974358974359,0.8280049630153415,0.5745335134482115,0.662466978256452,0.284630084654042,780.0,0.2410540580749511,0.1840748786926269,2026-04-21T08:42:38.985871+00:00
NR-ER,mhfp,KNeighbors,smote,f1_macro,"{'n_neighbors': 15, 'weights': 'distance'}",0.1009308205531288,1596,0.9360902255639098,0.9185946346517384,0.5437648535940092,0.5538096455039977,0.1009308205531288,0.9977656405163852,0.9977656370735616,0.9977656370735616,0.9999893064832172,0.9999884306713408,8056.0,0.8897435897435897,0.8706695353449497,0.5863752959747435,0.7209085366980104,0.2852623327476909,780.0,76.63875412940979,53.94422507286072,2026-04-23T23:23:23.509415+00:00
NR-ER,mhfp,KNeighbors,smoteenn,f1_macro,"{'n_neighbors': 15, 'weights': 'distance'}",0.1012704589332632,1596,0.9360902255639098,0.9185946346517384,0.5437648535940092,0.5539228213646818,0.1012704589332632,0.9989933308166604,0.9989933375125064,0.9989931550507014,0.9999975294145372,0.9999969406085624,7947.0,0.8910256410256411,0.8715349367523281,0.5877865443082835,0.713223476381371,0.2869759258180628,780.0,73.3551857471466,53.18944811820984,2026-04-23T23:24:22.460895+00:00
NR-ER,mhfp,KNeighbors,smoten,f1_macro,"{'n_neighbors': 15, 'weights': 'distance'}",0.1044929495634792,1596,0.925438596491228,0.913742253419876,0.5462171622444957,0.5611259172720967,0.1044929495634792,0.9976415094339622,0.9976415032923406,0.9976415032923404,0.9998504140332468,0.999708640582744,8056.0,0.8641025641025641,0.864876908466652,0.6225071225071225,0.7242338031811716,0.2664929902406128,780.0,78.2426917552948,55.40498995780945,2026-04-23T23:26:19.310691+00:00
NR-ER,mhfp,KNeighbors,smoten_enn,f1_macro,"{'n_neighbors': 15, 'weights': 'distance'}",0.1064305454623076,1596,0.9266917293233082,0.9144942008275514,0.5475302584232908,0.5767368843780804,0.1064305454623076,0.9994969186265878,0.9994969218420706,0.9994968374356492,0.9998625160455956,0.9997164461939264,7951.0,0.8641025641025641,0.864876908466652,0.6225071225071225,0.7148214516635569,0.2676726945398082,780.0,76.05704808235168,53.75191903114319,2026-04-23T23:28:22.609134+00:00
NR-ER,morgan_2048,EasyEnsemble,none,f1_macro,"{'n_estimators': 20, 'replacement': False}",0.2401761980606482,1596,0.950501253132832,0.9352409089251196,0.6313236313236313,0.6231718447665292,0.2401761980606482,0.6634050880626223,0.7203695523896486,0.560785959862477,0.7725072913423896,0.4657464336940303,4599.0,0.7448717948717949,0.7886816886816888,0.5582195582195583,0.6820491031017346,0.2764777444181903,780.0,36.711328983306885,31.106374979019165,2026-04-21T22:59:20.617805+00:00
NR-ER,morgan_2048,DecisionTree,random_over,f1_macro,"{'ccp_alpha': 0.0, 'criterion': 'entropy', 'max_depth': 10, 'min_samples_leaf': 10}",0.1412951599825459,1596,0.9429824561403508,0.9311477142458592,0.6268872589947464,0.5934467525829652,0.1412951599825459,0.6931479642502483,0.6744226317825676,0.6744226317825676,0.7980208858250439,0.7697154174439791,8056.0,0.5448717948717948,0.6324382201978312,0.4561791132714685,0.6408435092645619,0.1756962798165829,780.0,1.5435819625854492,1.4519898891448977,2026-04-22T09:03:06.337225+00:00
NR-ER,morgan_2048,XGBoost,random_under,f1_macro,"{'colsample_bytree': 0.8, 'learning_rate': 0.1, 'max_depth': 7, 'min_child_weight': 1, 'n_estimators': 200, 'scale_pos_weight': 1, 'subsample': 0.8}",0.24932977729299263,1596,0.9479949874686717,0.9347620357338476,0.6377557856855727,0.6229016830345734,0.24932977729299263,0.9229422066549913,0.9212969903826218,0.9098406673152681,0.9823043727629348,0.9690327147098701,1713.0,0.867948717948718,0.8718297950556014,0.6509612251547735,0.7088174982911823,0.302439562994052,780.0,0.9997596740722656,0.9733302593231201,2026-04-30T00:56:05.105354+00:00
NR-ER,morgan_2048,LogisticRegression,smote,f1_macro,"{'C': 0.001, 'l1_ratio': 0.0}",0.1139688648423117,1596,0.9179197994987468,0.9072519920511496,0.5204755886946769,0.5041400460005111,0.1139688648423117,0.8361469712015889,0.836137265550789,0.836137265550789,0.9019342876922122,0.906569332550834,8056.0,0.8307692307692308,0.83775904163547,0.5642826914938638,0.6333154754207385,0.1838492979705328,780.0,0.144590139389038,0.1254708766937255,2026-04-21T08:43:00.102295+00:00
NR-ER,morgan_2048,LogisticRegression,smoteenn,f1_macro,"{'C': 0.001, 'l1_ratio': 0.0}",0.1109397126759917,1596,0.9210526315789472,0.9090355297999846,0.5228495771760485,0.5009492168960608,0.1109397126759917,0.8504338948443083,0.8504445120339332,0.8503383401376827,0.9183740340724176,0.9146364924877228,7836.0,0.8307692307692308,0.8369694960212202,0.5597290640394088,0.6301379985590512,0.1796607710446322,780.0,0.135944128036499,0.0939180850982666,2026-04-21T08:43:02.141540+00:00
NR-ER,morgan_2048,LogisticRegression,smoten,f1_macro,"{'C': 0.01, 'l1_ratio': 1.0}",0.1202623987148064,1596,0.9429824561403508,0.9227871265465252,0.5519274376417234,0.5126209338833924,0.1202623987148064,0.8165342601787487,0.8164342904898314,0.8164342904898314,0.9055240119067224,0.90456919782069,8056.0,0.7884615384615384,0.8113993347291333,0.5404736656062212,0.6001736528052317,0.162912582153575,780.0,0.1521379947662353,0.1363141536712646,2026-04-21T08:43:13.855031+00:00
NR-ER,morgan_2048,LogisticRegression,smoten_enn,f1_macro,"{'C': 0.01, 'l1_ratio': 1.0}",0.117923320079377,1596,0.943609022556391,0.9231745977638396,0.5527351534475887,0.5062100690007667,0.117923320079377,0.8330119552641728,0.8330056634897596,0.8330117786529612,0.9308472391473496,0.9180691153296452,7779.0,0.7974358974358975,0.8160205386011837,0.5390208869471542,0.5934307513254881,0.1577760469174763,780.0,0.1738638877868652,0.1343350410461425,2026-04-21T08:43:15.798245+00:00
NR-ER,morgan_4096,XGBoost,none,f1_macro,"{'colsample_bytree': 0.8, 'learning_rate': 0.1, 'max_depth': 3, 'min_child_weight': 1, 'n_estimators': 100, 'scale_pos_weight': 8, 'subsample': 0.8}",0.21315807970030232,1596,0.9461152882205514,0.9313641037259756,0.6153311510694588,0.5780037238508998,0.21315807970030232,0.8258317025440313,0.8486353542257749,0.7152474965882331,0.9021923157859955,0.6624846028103918,4599.0,0.8217948717948718,0.841118227438482,0.6128838758743318,0.7029059134322293,0.30439893473329604,780.0,3.2863097190856934,2.995129108428955,2026-04-30T00:58:45.053504+00:00
NR-ER,morgan_4096,XGBoost,random_over,f1_macro,"{'colsample_bytree': 0.8, 'learning_rate': 0.05, 'max_depth': 7, 'min_child_weight': 1, 'n_estimators': 100, 'scale_pos_weight': 1, 'subsample': 0.8}",0.22932024891545658,1596,0.949874686716792,0.9325224615850636,0.6096797466342215,0.5937972326676646,0.22932024891545658,0.8920059582919563,0.8918808849677111,0.8918808849677111,0.9614635239519985,0.9607569025916729,8056.0,0.8717948717948718,0.8710424717826034,0.6355412679425837,0.7070070754281281,0.3053221657222588,780.0,5.902645111083984,5.770380020141602,2026-04-30T00:59:23.498738+00:00
NR-ER,morgan_4096,XGBoost,random_under,f1_macro,"{'colsample_bytree': 0.8, 'learning_rate': 0.1, 'max_depth': 7, 'min_child_weight': 5, 'n_estimators': 200, 'scale_pos_weight': 1, 'subsample': 0.8}",0.2537044770805176,1596,0.9479949874686717,0.9347620357338476,0.6377557856855727,0.6423241210616627,0.2537044770805176,0.8762405137186223,0.8727355467123673,0.8534919297837937,0.9414368131615348,0.9071713614927182,1713.0,0.8628205128205129,0.8705926217121481,0.6590560927485078,0.7195507195507198,0.3242992233971473,780.0,2.5925087928771973,2.5029289722442627,2026-04-30T00:59:30.012662+00:00
NR-ER,morgan_4096,LogisticRegression,smote,f1_macro,"{'C': 0.001, 'l1_ratio': 0.0}",0.0931277774115695,1596,0.8953634085213033,0.8966752413613425,0.5256889141982614,0.4710780913438721,0.0931277774115695,0.8474428997020854,0.8473788755814516,0.8473788755814515,0.914342403572214,0.9170498653960572,8056.0,0.8384615384615385,0.8384615384615385,0.5461011250484935,0.6133269291164029,0.1692211869997405,780.0,0.4035072326660156,0.2713978290557861,2026-04-21T08:43:20.783452+00:00
NR-ER,morgan_4096,LogisticRegression,smoteenn,f1_macro,"{'C': 0.001, 'l1_ratio': 0.0}",0.0912257348286849,1596,0.8984962406015038,0.8984962406015038,0.5280347559417327,0.4687342557774451,0.0912257348286849,0.8614993646759848,0.861446993933204,0.8613337269778877,0.9312369697903328,0.9257505190882565,7870.0,0.8384615384615385,0.8375135144460802,0.5407819976076556,0.6083759767970294,0.1660194912307848,780.0,0.2893390655517578,0.3261668682098388,2026-04-21T08:43:22.026433+00:00
NR-ER,morgan_4096,DecisionTree,smoten,f1_macro,"{'ccp_alpha': 0.0, 'criterion': 'entropy', 'max_depth': 15, 'min_samples_leaf': 50}",0.0781813708386226,1596,0.8859649122807017,0.8925953036075444,0.5320040214477212,0.5523310576466722,0.0781813708386226,0.8735104270109235,0.8734846459965708,0.8734846459965708,0.9461134582746988,0.9476243188263876,8056.0,0.8320512820512821,0.8361469086603137,0.5512733245209938,0.5751140751140751,0.1533312977386665,780.0,3.917034149169922,3.507468938827514,2026-04-22T09:06:41.790260+00:00
NR-ER,morgan_4096,LogisticRegression,smoten_enn,f1_macro,"{'C': 0.001, 'l1_ratio': 0.0}",0.0902724301581835,1596,0.8966165413533834,0.8968818307803078,0.5217625811091315,0.4480413274433208,0.0902724301581835,0.9211841599384852,0.9212035978270232,0.9211518316607064,0.969431233024458,0.967975735599268,7803.0,0.8602564102564103,0.8502522680481595,0.5520335526974409,0.5961463856200698,0.1683547012999808,780.0,0.2966399192810058,0.2326500415802002,2026-04-21T08:43:40.549106+00:00
NR-ER,pubchem,LogisticRegression,none,f1_macro,"{'C': 0.01, 'l1_ratio': 1.0}",0.177051520578664,1596,0.949874686716792,0.9347801321485532,0.6298701298701299,0.5601913037128986,0.177051520578664,0.720808871493803,0.7644781032928425,0.5933164997449067,0.7168859141873785,0.3119855883568428,4599.0,0.717948717948718,0.7678357225854978,0.5238570905337462,0.5786333154754207,0.1909755181527641,780.0,0.1032040119171142,0.0703868865966796,2026-04-21T08:43:43.599925+00:00
NR-ER,pubchem,LogisticRegression,random_over,f1_macro,"{'C': 0.01, 'l1_ratio': 1.0}",0.1981979966431242,1596,0.949874686716792,0.9347801321485532,0.6298701298701299,0.5669124895038516,0.1981979966431242,0.6896722939424031,0.688373914662357,0.6883739146623571,0.7270773527709212,0.7528952784619439,8056.0,0.7371794871794872,0.7823102823102823,0.5448995448995448,0.6031109715320243,0.2216121044780281,780.0,0.1422328948974609,0.1205446720123291,2026-04-21T08:43:45.557914+00:00
NR-ER,pubchem,LogisticRegression,random_under,f1_macro,"{'C': 0.01, 'l1_ratio': 1.0}",0.167591040767895,1596,0.949248120300752,0.933601438264996,0.6219900523697992,0.5565769778394363,0.167591040767895,0.6748394629305312,0.6792397905720183,0.6448207894310714,0.6958066623522808,0.5534118631761998,1713.0,0.6961538461538461,0.7530890310133991,0.5170530990790935,0.5800465537307643,0.1614888503697736,780.0,0.0341989994049072,0.0208950042724609,2026-04-21T08:43:46.182407+00:00
NR-ER,pubchem,RandomForest,smote,f1_macro,"{'max_depth': 10, 'max_features': 'log2', 'min_samples_leaf': 20, 'n_estimators': 100}",0.1533225504202758,1596,0.9473684210526316,0.9274099011091406,0.5746430611079383,0.4934504034171808,0.1533225504202758,0.7825223435948362,0.7824137166389873,0.7824137166389873,0.8749598145651738,0.8796166579639507,8056.0,0.8,0.8176902990143545,0.5408371194397066,0.6040808409229461,0.2085013901683813,780.0,0.314863920211792,0.3337798118591308,2026-04-21T17:53:20.627278+00:00
NR-ER,pubchem,XGBoost,smoteenn,f1_macro,"{'colsample_bytree': 0.8, 'learning_rate': 0.05, 'max_depth': 3, 'min_child_weight': 5, 'n_estimators': 100, 'scale_pos_weight': 1, 'subsample': 0.8}",0.14281528891519377,1596,0.9404761904761905,0.9245709123757904,0.5785699395455492,0.4913657770800628,0.14281528891519377,0.8526938239159001,0.8527720508256867,0.8523615896284537,0.9244159878616298,0.9159492642034058,7610.0,0.8525641025641025,0.8561594999689779,0.60607963602988,0.6180284864495391,0.2328406555326811,780.0,0.8298180103302002,0.8093969821929932,2026-04-30T01:07:24.217753+00:00
NR-ER,pubchem,DecisionTree,smoten,f1_macro,"{'ccp_alpha': 0.0, 'criterion': 'entropy', 'max_depth': 5, 'min_samples_leaf': 50}",0.1597524289046324,1596,0.9486215538847118,0.93083552312469,0.599921740300077,0.5424007885801906,0.1597524289046324,0.7554617676266137,0.7531115561685552,0.7531115561685553,0.8362638910940201,0.7931675815374006,8056.0,0.7448717948717949,0.7895764634527195,0.5656954831994494,0.6790563632668897,0.2203879373219748,780.0,0.2137289047241211,0.1996040344238281,2026-04-22T09:10:08.747245+00:00
NR-ER,pubchem,RandomForest,smoten_enn,f1_macro,"{'max_depth': 5, 'max_features': 'sqrt', 'min_samples_leaf': 5, 'n_estimators': 100}",0.160367706678011,1596,0.9467418546365914,0.9269986428290252,0.5736201428809399,0.536314847942755,0.160367706678011,0.8394709543568465,0.8393793909039357,0.8394536782336557,0.9126244545510418,0.9021393400023996,7712.0,0.8192307692307692,0.8316504893489786,0.5635558412800457,0.6492490439858861,0.2103090827580494,780.0,0.5606539249420166,0.4101009368896484,2026-04-21T17:53:54.052687+00:00
NR-ER,rdkit,BernoulliNB,none,f1_macro,{'alpha': 50.0},0.2522671225620847,1596,0.9461152882205514,0.9313641037259756,0.6153311510694588,0.621872147785769,0.2522671225620847,0.6908023483365949,0.7359530214337887,0.5250261607621686,0.6246867374960217,0.1748617086568711,4599.0,0.691025641025641,0.7486822612865289,0.5064470647542081,0.6186935397461714,0.1314912507951254,780.0,0.0354077816009521,0.0094358921051025,2026-04-21T14:17:21.025245+00:00
NR-ER,rdkit,LogisticRegression,random_over,f1_macro,"{'C': 0.001, 'l1_ratio': 0.0}",0.1454663511013442,1596,0.9367167919799498,0.9221474061218976,0.5729760230153621,0.5193056113321894,0.1454663511013442,0.8164101290963257,0.8164027709645822,0.8164027709645822,0.8973389106443573,0.8987909146903845,8056.0,0.8051282051282052,0.8286011056844389,0.5916005291005291,0.6442519074098021,0.2579713945607784,780.0,0.6504702568054199,0.6769492626190186,2026-04-21T08:44:00.155241+00:00
NR-ER,rdkit,DecisionTree,random_under,f1_macro,"{'ccp_alpha': 0.0, 'criterion': 'gini', 'max_depth': 5, 'min_samples_leaf': 10}",0.1405906277013048,1596,0.924185463659148,0.9173621602800788,0.5846672989696042,0.6093753422657077,0.1405906277013048,0.7168709865732633,0.7246893998093,0.7112020464625419,0.8189514508911456,0.6460808963448804,1713.0,0.6307692307692307,0.7049256370122999,0.4859543619738034,0.6127450074818496,0.1429025185683668,780.0,0.1654388904571533,0.1473200321197509,2026-04-22T09:10:40.861721+00:00
NR-ER,rdkit,LogisticRegression,smote,f1_macro,"{'C': 0.001, 'l1_ratio': 0.0}",0.0945337067656096,1596,0.9091478696741856,0.902921280894165,0.5201214315485633,0.4421707860246066,0.0945337067656096,0.8301886792452831,0.8301373795274984,0.8301373795274984,0.9139673908755888,0.9161805690078904,8056.0,0.8282051282051283,0.840982659168319,0.5910222097008968,0.5858934806303226,0.2259352761638996,780.0,0.5494279861450195,0.4782960414886474,2026-04-21T08:44:14.757526+00:00
NR-ER,rdkit,LogisticRegression,smoteenn,f1_macro,"{'C': 0.01, 'l1_ratio': 1.0}",0.0878109994653349,1596,0.8859649122807017,0.8907534712449574,0.5145855614973263,0.4425431711145997,0.0878109994653349,0.800109155410015,0.8005651098133589,0.7993047339531649,0.8882149401327935,0.8762871531469224,7329.0,0.7923076923076923,0.8145331013796975,0.5469733690897879,0.6023812602759971,0.1844856191802137,780.0,0.326456069946289,0.2703878879547119,2026-04-21T08:44:15.792014+00:00
NR-ER,rdkit,LogisticRegression,smoten,f1_macro,"{'C': 0.01, 'l1_ratio': 0.0}",0.1019897732222703,1596,0.926065162907268,0.914811051717446,0.5531448421172518,0.4670913803804169,0.1019897732222703,0.9113704071499504,0.9113538796871534,0.9113538796871536,0.9687571495558894,0.9693721065534509,8056.0,0.85,0.8468001213224142,0.5606395424411803,0.565110565110565,0.2118087187964944,780.0,0.8734557628631592,0.7295589447021484,2026-04-21T08:44:18.218210+00:00
NR-ER,rdkit,LogisticRegression,smoten_enn,f1_macro,"{'C': 0.001, 'l1_ratio': 0.0}",0.0872316266664837,1596,0.9348370927318296,0.9161223396372672,0.5269655620532814,0.4229966047241795,0.0872316266664837,0.8829027651564325,0.8828888167039579,0.8829020527354728,0.9554630511588946,0.9484577627100818,7703.0,0.8371794871794872,0.8385610196484075,0.5502812444670429,0.5609539820066136,0.2024392153590903,780.0,0.4621472358703613,0.3967628479003906,2026-04-21T08:44:19.179885+00:00
NR-ER,topological_torsion,RUSBoost,none,f1_macro,"{'learning_rate': 0.005, 'n_estimators': 50, 'sampling_strategy': 'auto'}",0.2620004972824074,1596,0.9448621553884712,0.9343027719527428,0.6471687685273577,0.6347632434011172,0.2620004972824074,0.6564470537073277,0.7148536742618576,0.5602505446623094,0.7868993229529894,0.4621044287932682,4599.0,0.6743589743589744,0.7392580446595347,0.5340720951234196,0.7194398773346142,0.237464845886289,780.0,3.765914916992187,3.63934588432312,2026-04-29T18:46:33.932030+00:00
NR-ER,topological_torsion,XGBoost,random_over,f1_macro,"{'colsample_bytree': 0.8, 'learning_rate': 0.1, 'max_depth': 3, 'min_child_weight': 5, 'n_estimators': 100, 'scale_pos_weight': 1, 'subsample': 0.8}",0.25799334116973144,1596,0.9461152882205514,0.9340225590261562,0.6392101610800354,0.6581650907232302,0.25799334116973144,0.8064796425024826,0.80647928169634,0.8064792816963401,0.8876569019347191,0.8897753995876493,8056.0,0.7871794871794872,0.8195248552415274,0.599435720384601,0.6886534518113465,0.3022192179818508,780.0,1.949660062789917,1.906078815460205,2026-04-30T01:11:49.290154+00:00
NR-ER,topological_torsion,RandomForest,random_under,f1_macro,"{'max_depth': 15, 'max_features': 'sqrt', 'min_samples_leaf': 20, 'n_estimators': 100}",0.2802401466041964,1596,0.949874686716792,0.9340555388234612,0.6233850510294379,0.6618816399547296,0.2802401466041964,0.7454757734967893,0.7488810968676671,0.721874990690289,0.805101198928969,0.7259125721568522,1713.0,0.7858974358974359,0.8182512291257539,0.5956855746100722,0.7198740093476934,0.3018434367555432,780.0,0.2789669036865234,0.2821180820465088,2026-04-21T17:56:20.179594+00:00
NR-ER,topological_torsion,DecisionTree,smote,f1_macro,"{'ccp_alpha': 0.01, 'criterion': 'gini', 'max_depth': 5, 'min_samples_leaf': 10}",0.0999340736844042,1596,0.93796992481203,0.9229503037366068,0.57479056274237,0.5382132817348765,0.0999340736844042,0.6649702085402185,0.663541276796304,0.663541276796304,0.695338655972246,0.65175403641678,8056.0,0.7576923076923077,0.7980551523947751,0.5704232534421214,0.6178345125713546,0.1759810580018864,780.0,0.7880089282989502,0.747750997543335,2026-04-22T09:12:38.979579+00:00
NR-ER,topological_torsion,DecisionTree,smoteenn,f1_macro,"{'ccp_alpha': 0.0, 'criterion': 'entropy', 'max_depth': 10, 'min_samples_leaf': 10}",0.0881925652731676,1596,0.9172932330827068,0.9113388261923384,0.5605250202348072,0.4851995180898835,0.0881925652731676,0.7644718264664356,0.7645233347450484,0.764319607971431,0.8479274166669086,0.7832597978247688,7791.0,0.764102564102564,0.7986829836829837,0.546969696969697,0.5700984648353069,0.145474501396528,780.0,1.3664190769195557,1.3726332187652588,2026-04-22T09:13:27.410699+00:00
NR-ER,topological_torsion,DecisionTree,smoten,f1_macro,"{'ccp_alpha': 0.0, 'criterion': 'entropy', 'max_depth': 5, 'min_samples_leaf': 10}",0.0830788233571376,1596,0.8966165413533834,0.9002935696996107,0.5536723642619256,0.5279836442627142,0.0830788233571376,0.7521102284011917,0.7505208869062681,0.7505208869062681,0.796414115590075,0.7415760146424061,8056.0,0.6974358974358974,0.755479519821877,0.5339227660802722,0.6194047772995142,0.1547960282711703,780.0,1.0141119956970217,0.7932679653167725,2026-04-22T09:13:51.554016+00:00
NR-ER,topological_torsion,DecisionTree,smoten_enn,f1_macro,"{'ccp_alpha': 0.0, 'criterion': 'entropy', 'max_depth': 5, 'min_samples_leaf': 10}",0.083951159167062,1596,0.9060150375939848,0.9055241024207266,0.5584329349269589,0.5281260267971232,0.083951159167062,0.7340548898337843,0.7313021599265168,0.7321587583681243,0.7805157295662214,0.7068000752026689,7761.0,0.7230769230769231,0.7734450675291606,0.5449634847240827,0.5995455469139679,0.1549344513019793,780.0,0.8565819263458252,1.0497310161590576,2026-04-22T09:13:51.591816+00:00
NR-ER-LBD,atom_pair,BalancedRandomForest,none,f1_macro,"{'max_depth': 10, 'max_features': 'sqrt', 'min_samples_leaf': 20, 'n_estimators': 100}",0.2231119949701529,1718,0.9720605355064028,0.9691552934651838,0.6292419746425681,0.6541045887961859,0.2231119949701529,0.8504847129008203,0.8870710256206313,0.622094108048107,0.8776401108259544,0.4776778703917297,5364.0,0.8397291196388262,0.8860790298145111,0.5380333406770949,0.7630451713395638,0.2349646130575639,886.0,0.9775328636169434,1.097161054611206,2026-04-21T23:10:10.207873+00:00
NR-ER-LBD,atom_pair,RandomForest,random_over,f1_macro,"{'max_depth': 5, 'max_features': 'sqrt', 'min_samples_leaf': 5, 'n_estimators': 100}",0.1797305630580088,1718,0.979627473806752,0.9718099616258444,0.6059503915593565,0.6414034564958284,0.1797305630580088,0.8652225053910998,0.8643353412376588,0.8643353412376588,0.9525172576491628,0.9533137316980472,10202.0,0.91196388261851,0.9294257596180392,0.6016187050359711,0.8006230529595015,0.2300531315583256,886.0,0.9977788925170898,0.8658790588378906,2026-04-21T17:57:51.885503+00:00
NR-ER-LBD,atom_pair,XGBoost,random_under,f1_macro,"{'colsample_bytree': 0.8, 'learning_rate': 0.1, 'max_depth': 3, 'min_child_weight': 5, 'n_estimators': 100, 'scale_pos_weight': 1, 'subsample': 0.8}",0.23019094372863497,1718,0.9778812572759022,0.9726413965469047,0.6425301706200582,0.6112410607866507,0.23019094372863497,0.9378960709759189,0.9370673694393942,0.9283494292751544,0.9814946001821625,0.969106691047672,789.0,0.9255079006772009,0.937258933388447,0.613713832738803,0.7431464174454829,0.2534775153756367,886.0,0.27272510528564453,0.2690749168395996,2026-04-30T01:15:45.869132+00:00
NR-ER-LBD,atom_pair,RandomForest,smote,f1_macro,"{'max_depth': 15, 'max_features': 'log2', 'min_samples_leaf': 10, 'n_estimators': 100}",0.1185432548711324,1718,0.938882421420256,0.948859100658544,0.5502785984069407,0.4663587604290823,0.1185432548711324,0.9339345226426192,0.9339328062291682,0.9339328062291684,0.980772304564442,0.981528480284468,10202.0,0.9221218961625284,0.9329975126717884,0.57366714320583,0.6487149532710281,0.2340912904589281,886.0,0.7694950103759766,0.6918001174926758,2026-04-21T17:58:22.743700+00:00
NR-ER-LBD,atom_pair,RandomForest,smoteenn,f1_macro,"{'max_depth': 15, 'max_features': 'log2', 'min_samples_leaf': 20, 'n_estimators': 100}",0.1635962096655351,1718,0.9749708963911524,0.9686954383421076,0.5879843167000374,0.4963721692491061,0.1635962096655351,0.921342784012601,0.9213423228115796,0.9213404780074932,0.974107718567825,0.9754477091749624,10158.0,0.9221218961625284,0.933582480316734,0.5829734984139978,0.6707554517133957,0.2384108308350909,886.0,0.5288121700286865,0.7086780071258545,2026-04-21T17:58:37.262307+00:00
NR-ER-LBD,atom_pair,XGBoost,smoten,f1_macro,"{'colsample_bytree': 0.8, 'learning_rate': 0.1, 'max_depth': 5, 'min_child_weight': 5, 'n_estimators': 100, 'scale_pos_weight': 1, 'subsample': 0.8}",0.17077275441316173,1718,0.9796274738067521,0.9718099616258443,0.6059503915593565,0.5889973182359953,0.17077275441316173,0.9827484806900608,0.9827484747230151,0.9827484747230151,0.9981571625830253,0.9983203977347799,10202.0,0.9424379232505643,0.9445675462964517,0.5927538191158578,0.6655763239875389,0.1635384870149568,886.0,3.188707113265991,3.1965999603271484,2026-04-30T01:16:20.720302+00:00
NR-ER-LBD,atom_pair,XGBoost,smoten_enn,f1_macro,"{'colsample_bytree': 0.8, 'learning_rate': 0.1, 'max_depth': 3, 'min_child_weight': 10, 'n_estimators': 200, 'scale_pos_weight': 1, 'subsample': 0.8}",0.18412318698545854,1718,0.9796274738067521,0.9725746043111105,0.6224958093456301,0.5411129320619785,0.18412318698545854,0.988019801980198,0.9880200280562932,0.9880197285788683,0.9991228200550911,0.9991280494802901,10100.0,0.945823927765237,0.9474534919988792,0.6109484777517564,0.6673286604361369,0.14833114992979024,886.0,4.541021347045898,4.531086206436157,2026-04-30T01:18:41.568458+00:00
NR-ER-LBD,avalon,BernoulliNB,none,f1_macro,{'alpha': 50.0},0.2539367387815854,1718,0.981373690337602,0.9758683121007063,0.6752746603662139,0.7286352800953515,0.2539367387815854,0.7716256524981358,0.8325968773811109,0.5037465028171934,0.6495170185820569,0.0899746038411469,5364.0,0.7595936794582393,0.8353311200940743,0.4737176752085267,0.6083722741433022,0.0466198353525056,886.0,0.0122148990631103,0.0040199756622314,2026-04-21T14:18:33.820798+00:00
NR-ER-LBD,avalon,XGBoost,random_over,f1_macro,"{'colsample_bytree': 0.8, 'learning_rate': 0.1, 'max_depth': 3, 'min_child_weight': 5, 'n_estimators': 100, 'scale_pos_weight': 1, 'subsample': 0.8}",0.25686573929634965,1718,0.9714784633294529,0.9705489605078776,0.6660438361598731,0.6433849821215734,0.25686573929634965,0.9254067829837287,0.9254003143349746,0.9254003143349745,0.9789828295331001,0.9777566645385746,10202.0,0.909706546275395,0.9271609483197991,0.5838910414465187,0.6973520249221183,0.18831608700019375,886.0,0.7077507972717285,0.7205350399017334,2026-04-30T01:19:13.646072+00:00
NR-ER-LBD,avalon,BernoulliNB,random_under,f1_macro,{'alpha': 50.0},0.2569567680256281,1718,0.980791618160652,0.9754126926631594,0.671596142149622,0.5832240762812873,0.2569567680256281,0.7084917617237009,0.6921127476683031,0.6395800562467229,0.7790411889719383,0.6413669862569358,789.0,0.8747178329571106,0.9052133648271634,0.5292535241605438,0.6443146417445483,0.1040613846152976,886.0,0.0129170417785644,0.0053379535675048,2026-04-21T14:18:36.210904+00:00
NR-ER-LBD,avalon,LogisticRegression,smote,f1_macro,"{'C': 0.001, 'l1_ratio': 0.0}",0.1549944368022661,1718,0.9674039580908032,0.9640145090427144,0.5674489704163295,0.5265345649582837,0.1549944368022661,0.8610076455596942,0.8610076241928529,0.861007624192853,0.9405177154473172,0.9447881629347924,10202.0,0.8747178329571106,0.9066485013373488,0.5549854069096586,0.6767523364485982,0.1853319178955036,886.0,0.1910169124603271,0.1360969543457031,2026-04-21T08:45:13.136281+00:00
NR-ER-LBD,avalon,LogisticRegression,smoteenn,f1_macro,"{'C': 0.001, 'l1_ratio': 0.0}",0.1540001251095163,1718,0.970314318975553,0.9657746988386124,0.5744116575591985,0.5235101311084625,0.1540001251095163,0.8650391981740597,0.8650422101424756,0.8650250966855672,0.9449937626504102,0.9469546466904182,10077.0,0.8792325056433409,0.909346993341629,0.5590009815277409,0.6759345794392523,0.1854968707516795,886.0,0.1348798274993896,0.1324920654296875,2026-04-21T08:45:15.420950+00:00
NR-ER-LBD,avalon,LogisticRegression,smoten,f1_macro,"{'C': 0.001, 'l1_ratio': 0.0}",0.1712576107482861,1718,0.979627473806752,0.9725746043111104,0.6224958093456301,0.5134237187127533,0.1712576107482861,0.8865908645363654,0.8865551560638195,0.8865551560638195,0.9600549588375586,0.9629082633952668,10202.0,0.8882618510158014,0.9143630404894868,0.5609272617146633,0.6677959501557633,0.1826545360039479,886.0,0.149644136428833,0.1990797519683838,2026-04-21T08:45:17.018229+00:00
NR-ER-LBD,avalon,LogisticRegression,smoten_enn,f1_macro,"{'C': 0.001, 'l1_ratio': 0.0}",0.1680942022981709,1718,0.979045401629802,0.9714063929844962,0.6033859176606388,0.5070768772348033,0.1680942022981709,0.896435309303942,0.8964117196634755,0.8964250973383721,0.96662012853439,0.9668923387072056,10071.0,0.8939051918735892,0.9177204099229544,0.5664459436948193,0.6612538940809968,0.1767659851687065,886.0,0.1402981281280517,0.1062262058258056,2026-04-21T08:45:18.495495+00:00
NR-ER-LBD,erg,RUSBoost,none,f1_macro,"{'learning_rate': 0.08, 'n_estimators': 50, 'sampling_strategy': 'auto'}",0.2066662125645865,1718,0.9685681024447031,0.9673218838269024,0.627104201167259,0.6617923122765197,0.2066662125645865,0.8223340790454884,0.8685151853343228,0.5923418945736545,0.8486791153304019,0.3830380389665449,5364.0,0.8171557562076749,0.8721951706009465,0.5224831991483132,0.6880646417445482,0.1150256406400219,886.0,0.0791459083557128,0.0710210800170898,2026-04-29T18:48:47.151957+00:00
NR-ER-LBD,erg,DecisionTree,random_over,f1_macro,"{'ccp_alpha': 0.0, 'criterion': 'gini', 'max_depth': 5, 'min_samples_leaf': 50}",0.19505934487459,1718,0.980209545983702,0.9737061893903888,0.6408156237701692,0.5899508343265791,0.19505934487459,0.8045481278180748,0.8036394655215763,0.8036394655215764,0.8596931476432484,0.8443895632897006,10202.0,0.8115124153498872,0.8688548005819494,0.5231262589638224,0.6425623052959502,0.1062898871345722,886.0,0.1381008625030517,0.1283609867095947,2026-04-22T09:17:31.847135+00:00
NR-ER-LBD,erg,XGBoost,random_under,f1_macro,"{'colsample_bytree': 0.8, 'learning_rate': 0.05, 'max_depth': 7, 'min_child_weight': 1, 'n_estimators': 100, 'scale_pos_weight': 1, 'subsample': 0.8}",0.18730226899043784,1718,0.9784633294528522,0.9717492679003442,0.6169869187710514,0.6290449940405245,0.18730226899043784,0.9632446134347274,0.9627541574233149,0.9575945601832547,0.9881522069135017,0.9792318348232758,789.0,0.9221218961625283,0.9361147903636504,0.6237328819818433,0.7205023364485981,0.22098348188093583,886.0,0.15523290634155273,0.15814709663391113,2026-04-30T01:21:01.569625+00:00
NR-ER-LBD,erg,DecisionTree,smote,f1_macro,"{'ccp_alpha': 0.0, 'criterion': 'entropy', 'max_depth': 15, 'min_samples_leaf': 10}",0.1175917466381525,1718,0.9784633294528522,0.971007438843174,0.6009241413082376,0.5099597735399285,0.1175917466381525,0.967163301313468,0.9671632858543348,0.9671632858543348,0.9962201675536634,0.9959407876456208,10202.0,0.9221218961625284,0.933582480316734,0.5829734984139978,0.6358839563862928,0.1275070308602924,886.0,0.3130650520324707,0.2850100994110107,2026-04-22T09:17:36.732416+00:00
NR-ER-LBD,erg,RandomForest,smoteenn,f1_macro,"{'max_depth': 15, 'max_features': 'sqrt', 'min_samples_leaf': 5, 'n_estimators': 200}",0.1485090288060258,1718,0.979045401629802,0.9705842636836882,0.585602487135506,0.6520113230035756,0.1485090288060258,0.9857546979187716,0.9857520619861118,0.9857363497600612,0.9983355808253844,0.9978501295626682,9898.0,0.9571106094808126,0.9548027597258028,0.6370887767860993,0.7474104361370716,0.2549377091524272,886.0,1.5824108123779297,1.070084810256958,2026-04-21T18:01:29.843358+00:00
NR-ER-LBD,erg,KNeighbors,smoten,f1_macro,"{'n_neighbors': 5, 'weights': 'uniform'}",0.025730639621345,1718,0.9650756693830036,0.9607929853052668,0.5223532028469751,0.4049016686531585,0.025730639621345,0.9287394628504216,0.9285820254472732,0.9285820254472732,0.9850688701443928,0.9797229469939848,10202.0,0.948081264108352,0.947216404467297,0.5900293727115439,0.6206580996884734,0.1430214920529372,886.0,0.3791699409484863,0.0011529922485351,2026-04-24T00:26:49.220886+00:00
NR-ER-LBD,erg,XGBoost,smoten_enn,f1_macro,"{'colsample_bytree': 0.8, 'learning_rate': 0.1, 'max_depth': 5, 'min_child_weight': 1, 'n_estimators': 100, 'scale_pos_weight': 1, 'subsample': 0.8}",0.11292402433027583,1718,0.9772991850989523,0.9694402733752373,0.5793524732708449,0.5152562574493444,0.11292402433027583,0.9928139614463328,0.9928162757770224,0.9926209190394093,0.999324341161778,0.998644679546678,8767.0,0.9582392776523702,0.951460515348885,0.5781766711703017,0.6452686915887851,0.18850620936782822,886.0,0.5983548164367676,0.5893590450286865,2026-04-30T01:21:36.949120+00:00
NR-ER-LBD,estate,XGBoost,none,f1_macro,"{'colsample_bytree': 0.8, 'learning_rate': 0.05, 'max_depth': 7, 'min_child_weight': 10, 'n_estimators': 200, 'scale_pos_weight': 8, 'subsample': 0.8}",0.18845666648306733,1718,0.9790454016298021,0.9734904705924944,0.6485270049099836,0.6090807508939213,0.18845666648306733,0.9673750932140194,0.9704154657996585,0.8581305606903316,0.9890355503245094,0.8225023612007049,5364.0,0.9288939051918735,0.9376698397527031,0.5924830803600762,0.7050623052959502,0.1796557730686052,886.0,0.21667909622192383,0.20958900451660156,2026-04-30T01:21:54.111068+00:00
NR-ER-LBD,estate,XGBoost,random_over,f1_macro,"{'colsample_bytree': 0.8, 'learning_rate': 0.1, 'max_depth': 7, 'min_child_weight': 10, 'n_estimators': 200, 'scale_pos_weight': 1, 'subsample': 0.8}",0.20647679492659124,1718,0.9743888242142026,0.9701961574040868,0.6268167456556082,0.5856004171632896,0.20647679492659124,0.9785336208586551,0.9785257754408885,0.9785257754408886,0.9958956504601943,0.9944620002491974,10202.0,0.9198645598194131,0.9327750979165071,0.5887717279745834,0.7078271028037383,0.1814903823359121,886.0,0.34035682678222656,0.3108088970184326,2026-04-30T01:22:08.140839+00:00
NR-ER-LBD,estate,XGBoost,random_under,f1_macro,"{'colsample_bytree': 0.8, 'learning_rate': 0.1, 'max_depth': 5, 'min_child_weight': 1, 'n_estimators': 200, 'scale_pos_weight': 1, 'subsample': 0.8}",0.2009320630419224,1718,0.9580908032596042,0.9611239198068674,0.6062492837770732,0.5915896901072706,0.2009320630419224,0.9721166032953105,0.9720065078555645,0.9683871202739127,0.9958073703537711,0.9913283407021525,789.0,0.8769751693002258,0.9076525446190428,0.5507580092198483,0.6560747663551402,0.20356501383772332,886.0,0.05881309509277344,0.04414510726928711,2026-04-30T01:22:10.714631+00:00
NR-ER-LBD,estate,RandomForest,smote,f1_macro,"{'max_depth': 15, 'max_features': 'sqrt', 'min_samples_leaf': 5, 'n_estimators': 100}",0.1729981740713421,1718,0.979045401629802,0.9721594946486468,0.6196871310507674,0.6404797377830751,0.1729981740713421,0.9709860811605568,0.970984939300732,0.970984939300732,0.9953642172095442,0.995168652993711,10202.0,0.9367945823927766,0.9411235752387976,0.5835487661574618,0.6612928348909658,0.2030381036307291,886.0,0.4483020305633545,0.2774379253387451,2026-04-21T18:02:08.450728+00:00
NR-ER-LBD,estate,RandomForest,smoteenn,f1_macro,"{'max_depth': 15, 'max_features': 'sqrt', 'min_samples_leaf': 5, 'n_estimators': 100}",0.1747240374524285,1718,0.979627473806752,0.9718099616258444,0.6059503915593565,0.6650476758045292,0.1747240374524285,0.976514091545073,0.9765154719130996,0.9765081596932824,0.9965531932836418,0.9961370116070964,10006.0,0.9401805869074492,0.9431826851720756,0.5889350899461636,0.7008566978193147,0.1993176157261193,886.0,0.4891729354858398,0.2366869449615478,2026-04-21T18:02:17.086311+00:00
NR-ER-LBD,estate,XGBoost,smoten,f1_macro,"{'colsample_bytree': 0.8, 'learning_rate': 0.1, 'max_depth': 7, 'min_child_weight': 5, 'n_estimators': 200, 'scale_pos_weight': 1, 'subsample': 0.8}",0.11249430579340043,1718,0.9429569266589057,0.9508313615725895,0.5477587244283995,0.5572780095351609,0.11249430579340043,0.976965300921388,0.9769652033208225,0.9769652033208224,0.9957425578687882,0.9958983448074934,10202.0,0.9503386004514672,0.9495113434035016,0.6078541825936506,0.5958722741433022,0.17013298505131505,886.0,0.3185248374938965,0.3083992004394531,2026-04-30T01:22:14.514950+00:00
NR-ER-LBD,estate,LogisticRegression,smoten_enn,f1_macro,"{'C': 0.01, 'l1_ratio': 1.0}",0.0330652436134793,1718,0.9743888242142026,0.9659727156816796,0.5351731601731602,0.4815703218116806,0.0330652436134793,0.567283693843594,0.4473424239798273,0.4303200010832016,0.6368530001825798,0.5665775770481192,9616.0,0.9593679458239278,0.9461047944991732,0.4896313364055299,0.5389408099688473,0.0371416635949267,886.0,0.0131459236145019,0.0066771507263183,2026-04-21T08:45:26.916583+00:00
NR-ER-LBD,fcfp,RandomForest,none,f1_macro,"{'max_depth': 10, 'max_features': 'sqrt', 'min_samples_leaf': 20, 'n_estimators': 200}",0.1854415582640547,1718,0.980209545983702,0.9729949267075798,0.6254200333461588,0.621208283671037,0.1854415582640547,0.8847874720357942,0.9081092338187428,0.6444861415152252,0.8839491697370903,0.5416986484034966,5364.0,0.881489841986456,0.9106959222023656,0.5610695126611842,0.7149922118380062,0.223742378470968,886.0,0.6440119743347168,0.7259290218353271,2026-04-21T18:02:28.026865+00:00
NR-ER-LBD,fcfp,RandomForest,random_over,f1_macro,"{'max_depth': 10, 'max_features': 'sqrt', 'min_samples_leaf': 5, 'n_estimators': 100}",0.1968173631116185,1718,0.980209545983702,0.9729949267075798,0.6254200333461588,0.6099746722288439,0.1968173631116185,0.8263085669476573,0.8242955032611082,0.8242955032611081,0.954708651174524,0.9532998925929452,10202.0,0.9085778781038376,0.9264834399606664,0.5825300889434404,0.7062694704049844,0.2520236700654932,886.0,1.7925519943237305,2.146358013153076,2026-04-21T18:02:39.437964+00:00
NR-ER-LBD,fcfp,XGBoost,random_under,f1_macro,"{'colsample_bytree': 0.8, 'learning_rate': 0.05, 'max_depth': 3, 'min_child_weight': 1, 'n_estimators': 100, 'scale_pos_weight': 1, 'subsample': 0.8}",0.19775470341278628,1718,0.980209545983702,0.9729949267075798,0.6254200333461588,0.6315256257449344,0.19775470341278628,0.8390367553865653,0.830434550406779,0.8017968300310351,0.9099090633087078,0.8649681344171319,789.0,0.9108352144469526,0.9278391346881364,0.5852723512925799,0.7539135514018691,0.23367717647656117,886.0,0.24657011032104492,0.2326967716217041,2026-04-30T01:22:25.091818+00:00
NR-ER-LBD,fcfp,LogisticRegression,smote,f1_macro,"{'C': 0.01, 'l1_ratio': 0.0}",0.1689935023911846,1718,0.9132712456344588,0.9344836062692812,0.5257089389770527,0.6111069725864124,0.1689935023911846,0.907469123701235,0.90746159834592,0.9074615983459198,0.962377135364942,0.962948195844784,10202.0,0.8871331828442438,0.9136919279760564,0.5598609041231992,0.653309968847352,0.2186240064531533,886.0,0.2345080375671386,0.1894478797912597,2026-04-21T08:45:28.343098+00:00
NR-ER-LBD,fcfp,LogisticRegression,smoteenn,f1_macro,"{'C': 0.01, 'l1_ratio': 0.0}",0.1681196113996667,1718,0.9155995343422584,0.9357869764310306,0.5275520364136361,0.6037172228843861,0.1681196113996667,0.9111770524233432,0.9111748729454988,0.9111766318223558,0.9664736585301136,0.9652404877424062,10110.0,0.891647855530474,0.9163770068598172,0.5641997827557231,0.6509735202492212,0.2113790160399247,886.0,0.224517822265625,0.1655879020690918,2026-04-21T08:45:28.639025+00:00
NR-ER-LBD,fcfp,LogisticRegression,smoten,f1_macro,"{'C': 0.01, 'l1_ratio': 1.0}",0.1503843322722403,1718,0.979627473806752,0.9718099616258444,0.6059503915593565,0.5332613230035756,0.1503843322722403,0.8959027641638895,0.8958276221094285,0.8958276221094285,0.9539221660893396,0.94757139716224,10202.0,0.8803611738148984,0.9103637264568828,0.5661677753141168,0.6542056074766356,0.1762179663498245,886.0,0.1712648868560791,0.160287857055664,2026-04-21T08:45:29.042894+00:00
NR-ER-LBD,fcfp,LogisticRegression,smoten_enn,f1_macro,"{'C': 0.01, 'l1_ratio': 1.0}",0.1501308748660413,1718,0.979627473806752,0.9718099616258444,0.6059503915593565,0.5289556019070322,0.1501308748660413,0.902095124615232,0.9020506038609029,0.902070714960272,0.9628940078423884,0.952775740168012,10071.0,0.8860045146726863,0.9137527013292206,0.5716631165785128,0.646923676012461,0.1755508919620136,886.0,0.1831111907958984,0.1472349166870117,2026-04-21T08:45:30.918213+00:00
NR-ER-LBD,klekota_roth,XGBoost,none,f1_macro,"{'colsample_bytree': 0.8, 'learning_rate': 0.1, 'max_depth': 5, 'min_child_weight': 5, 'n_estimators': 100, 'scale_pos_weight': 8, 'subsample': 0.8}",0.23248597322990855,1718,0.9790454016298021,0.9734904705924944,0.6485270049099836,0.6055423122765196,0.23248597322990855,0.9699850857568978,0.9712804535720687,0.8530353688589243,0.9828479914845594,0.8069291718401503,5364.0,0.9424379232505643,0.9445675462964517,0.5927538191158578,0.717601246105919,0.17784829420935636,886.0,4.954448938369751,5.14476203918457,2026-04-30T01:25:14.015884+00:00
NR-ER-LBD,klekota_roth,XGBoost,random_over,f1_macro,"{'colsample_bytree': 0.8, 'learning_rate': 0.1, 'max_depth': 7, 'min_child_weight': 5, 'n_estimators': 200, 'scale_pos_weight': 1, 'subsample': 0.8}",0.20292488978365755,1718,0.9639115250291036,0.9643408685508714,0.6127085242229882,0.6130289034564959,0.20292488978365755,0.984806900607724,0.9848043951334665,0.9848043951334666,0.9976262865917138,0.9968941723062306,10202.0,0.9356659142212189,0.9424451095758953,0.6130559705780945,0.7036993769470405,0.14931936899833498,886.0,14.652937173843384,14.441550731658936,2026-04-30T01:25:21.482559+00:00
NR-ER-LBD,klekota_roth,XGBoost,random_under,f1_macro,"{'colsample_bytree': 0.8, 'learning_rate': 0.05, 'max_depth': 7, 'min_child_weight': 1, 'n_estimators': 100, 'scale_pos_weight': 1, 'subsample': 0.8}",0.24340824959247734,1718,0.9738067520372526,0.9708427304812829,0.6471715765693814,0.603292610250298,0.24340824959247734,0.9150823827629911,0.9128518463067233,0.8998155999067576,0.982662030678483,0.9656766507358799,789.0,0.9209932279909706,0.9323269258708281,0.5722640624568953,0.6929127725856699,0.15403304297963621,886.0,1.0565471649169922,0.9202122688293457,2026-04-30T01:25:35.022971+00:00
NR-ER-LBD,klekota_roth,DecisionTree,smote,f1_macro,"{'ccp_alpha': 0.0, 'criterion': 'gini', 'max_depth': 5, 'min_samples_leaf': 50}",0.0418954293771414,1718,0.9359720605355064,0.947800945996628,0.5602866582902881,0.5830825387365912,0.0418954293771414,0.8233679670652814,0.8225610009163432,0.8225610009163433,0.893481203315839,0.8816548393711321,10202.0,0.8893905191873589,0.9150342426445268,0.5620056497175141,0.5875194704049844,0.1080979830909284,886.0,1.262143850326538,1.1618092060089111,2026-04-22T09:20:03.084413+00:00
NR-ER-LBD,klekota_roth,DecisionTree,smoteenn,f1_macro,"{'ccp_alpha': 0.0, 'criterion': 'entropy', 'max_depth': 10, 'min_samples_leaf': 10}",0.0739985729844961,1718,0.920256111757858,0.9388748380182736,0.5428037521148866,0.5399731823599523,0.0739985729844961,0.8780850431162652,0.8774026220890859,0.8772921441864052,0.959938512300134,0.948353065348222,10089.0,0.90744920993228,0.9248523010789852,0.5654784688995216,0.6153232087227414,0.1045326916830915,886.0,1.5054209232330322,1.234367847442627,2026-04-22T09:20:05.961338+00:00
NR-ER-LBD,klekota_roth,XGBoost,smoten,f1_macro,"{'colsample_bytree': 0.8, 'learning_rate': 0.1, 'max_depth': 7, 'min_child_weight': 5, 'n_estimators': 200, 'scale_pos_weight': 1, 'subsample': 0.8}",0.057231961960475086,1718,0.9452852153667055,0.9521477022659357,0.5506922186609686,0.5945917759237187,0.057231961960475086,0.9797098608116056,0.9797098450209651,0.9797098450209651,0.9965062914002855,0.9964456060002523,10202.0,0.9446952595936795,0.9459634978102472,0.5967752421819128,0.707398753894081,0.1136434034180658,886.0,16.699963808059692,16.808879852294922,2026-04-30T01:27:53.831039+00:00
NR-ER-LBD,klekota_roth,XGBoost,smoten_enn,f1_macro,"{'colsample_bytree': 0.8, 'learning_rate': 0.05, 'max_depth': 7, 'min_child_weight': 1, 'n_estimators': 200, 'scale_pos_weight': 1, 'subsample': 0.8}",0.04489712034918121,1718,0.9470314318975553,0.9531384425442396,0.5530071049734815,0.5251266388557807,0.04489712034918121,0.9906813627254509,0.9906824198925235,0.9906794491192308,0.998856105239443,0.9984516074520504,9980.0,0.945823927765237,0.9449214655310927,0.5722045628294371,0.6286604361370717,0.11630947634939451,886.0,15.180101871490479,15.148828983306885,2026-04-30T01:32:59.513413+00:00
NR-ER-LBD,maccs,RUSBoost,none,f1_macro,"{'learning_rate': 0.005, 'n_estimators': 50, 'sampling_strategy': 'auto'}",0.2081379912685846,1718,0.9767171129220024,0.9729055976400788,0.6607424960505529,0.6430646603098927,0.2081379912685846,0.8307233407904548,0.8744914201020385,0.6078038033395177,0.8982593437654438,0.4760430562814316,5364.0,0.8747178329571106,0.9066485013373488,0.5549854069096586,0.7485591900311526,0.16279172793745,886.0,0.3626420497894287,0.3036930561065674,2026-04-29T18:49:56.730525+00:00
NR-ER-LBD,maccs,XGBoost,random_over,f1_macro,"{'colsample_bytree': 0.8, 'learning_rate': 0.05, 'max_depth': 3, 'min_child_weight': 1, 'n_estimators': 200, 'scale_pos_weight': 1, 'subsample': 0.8}",0.24380378835472838,1718,0.9732246798603027,0.9721630862229168,0.6823480232165539,0.7010056615017879,0.24380378835472838,0.8803175847872966,0.8803067644091829,0.8803067644091828,0.9556359307139864,0.9491568417678059,10202.0,0.8792325056433409,0.910012519307174,0.5710219688228241,0.7364096573208723,0.12379565233307484,886.0,0.45772385597229004,0.4279811382293701,2026-04-30T01:34:30.443886+00:00
NR-ER-LBD,maccs,XGBoost,random_under,f1_macro,"{'colsample_bytree': 0.8, 'learning_rate': 0.05, 'max_depth': 3, 'min_child_weight': 1, 'n_estimators': 200, 'scale_pos_weight': 1, 'subsample': 0.8}",0.2668725268416104,1718,0.9772991850989523,0.9738277108765858,0.6745500910746812,0.7259535160905841,0.2668725268416104,0.8871989860583016,0.88469846312716,0.8678359623351031,0.9625807804074079,0.929301191367662,789.0,0.9119638826185101,0.9285180424897664,0.5866746411483253,0.7178738317757009,0.12601338595678302,886.0,0.06454586982727051,0.055283308029174805,2026-04-30T01:34:42.822661+00:00
NR-ER-LBD,maccs,DecisionTree,smote,f1_macro,"{'ccp_alpha': 0.01, 'criterion': 'gini', 'max_depth': 5, 'min_samples_leaf': 10}",0.1436329676594629,1718,0.979627473806752,0.9718099616258444,0.6059503915593565,0.4993966030989273,0.1436329676594629,0.7446579102136835,0.7360437697470867,0.7360437697470867,0.8283248657456566,0.7897163096406189,10202.0,0.9300225733634312,0.9383561735213912,0.594178486997636,0.6081191588785048,0.0820894814181475,886.0,0.0724351406097412,0.0640881061553955,2026-04-22T09:21:48.587267+00:00
NR-ER-LBD,maccs,DecisionTree,smoteenn,f1_macro,"{'ccp_alpha': 0.01, 'criterion': 'gini', 'max_depth': 5, 'min_samples_leaf': 10}",0.1436329676594629,1718,0.979627473806752,0.9718099616258444,0.6059503915593565,0.4993966030989273,0.1436329676594629,0.7586586586586587,0.7509707780668283,0.7499824028785518,0.8327667393954054,0.7894205144559971,9990.0,0.9300225733634312,0.9383561735213912,0.594178486997636,0.6081191588785048,0.0820894814181475,886.0,0.061155080795288,0.0730290412902832,2026-04-22T09:21:50.783502+00:00
NR-ER-LBD,maccs,XGBoost,smoten,f1_macro,"{'colsample_bytree': 0.8, 'learning_rate': 0.05, 'max_depth': 5, 'min_child_weight': 1, 'n_estimators': 100, 'scale_pos_weight': 1, 'subsample': 0.8}",0.1880242952914115,1718,0.9772991850989523,0.9727964554858894,0.6521237986947244,0.6044919547079857,0.1880242952914115,0.9507939619682415,0.9507742793994124,0.9507742793994125,0.9908466502622326,0.9905750261555841,10202.0,0.9209932279909706,0.9323269258708281,0.5722640624568953,0.7083528037383178,0.16007115383877094,886.0,0.31847095489501953,0.2982919216156006,2026-04-30T01:35:04.889809+00:00
NR-ER-LBD,maccs,DecisionTree,smoten_enn,f1_macro,"{'ccp_alpha': 0.0, 'criterion': 'entropy', 'max_depth': 5, 'min_samples_leaf': 10}",0.1180928750187222,1718,0.9767171129220024,0.9729055976400788,0.6607424960505529,0.5778679976162098,0.1180928750187222,0.8585858585858586,0.8578954684765913,0.8579901921855146,0.9119340845832729,0.8606376653983969,10098.0,0.7957110609480813,0.858794378666076,0.5090841744039036,0.624357476635514,0.0747184143206335,886.0,0.0564701557159423,0.063054084777832,2026-04-22T09:21:58.704813+00:00
NR-ER-LBD,map4,RUSBoost,none,f1_macro,"{'learning_rate': 0.2, 'n_estimators': 50, 'sampling_strategy': 'auto'}",0.2157170467533541,1718,0.9708963911525028,0.969314129950132,0.6453461487646981,0.7575983313468415,0.2157170467533541,0.8708053691275168,0.9008077978373764,0.6509769026595785,0.9132813740390872,0.6525720320589261,5364.0,0.8408577878103838,0.8865357321474433,0.5339190777323857,0.725778816199377,0.1793361237826256,886.0,0.4541671276092529,0.4294106960296631,2026-04-29T18:50:32.008125+00:00
NR-ER-LBD,map4,BernoulliNB,random_over,f1_macro,{'alpha': 50.0},0.1854722643896852,1718,0.9674039580908032,0.9674039580908032,0.6416567342073898,0.6808924314660308,0.1854722643896852,0.6799647128014115,0.6773003873467222,0.6773003873467223,0.7509614164779127,0.7309399757353552,10202.0,0.7539503386004515,0.831685134609319,0.4709607441412027,0.6264408099688473,0.0504462909110486,886.0,0.1791968345642089,0.147191047668457,2026-04-21T14:19:22.944851+00:00
NR-ER-LBD,map4,BernoulliNB,random_under,f1_macro,{'alpha': 1.0},0.195097622589093,1718,0.9679860302677532,0.9673766777123316,0.6346701824522605,0.6767356972586414,0.195097622589093,0.7414448669201521,0.740423981933416,0.7068623879944635,0.7813905073081873,0.6176212518125709,789.0,0.7832957110609481,0.8502849644553139,0.481397475763673,0.6395833333333333,0.0582140940579388,886.0,0.0324969291687011,0.0065891742706298,2026-04-21T14:19:26.591368+00:00
NR-ER-LBD,map4,DecisionTree,smote,f1_macro,"{'ccp_alpha': 0.0, 'criterion': 'gini', 'max_depth': 5, 'min_samples_leaf': 20}",0.0310377996176505,1718,0.9330616996507568,0.9449725352511484,0.5298672434757985,0.5105259237187127,0.0310377996176505,0.7628896294844149,0.75863180260774,0.75863180260774,0.8563991492609915,0.7998845966032696,10202.0,0.8679458239277652,0.9016024743826108,0.5309305640399105,0.5669003115264798,0.0591446286724532,886.0,0.671105146408081,0.5578861236572266,2026-04-22T09:22:23.054014+00:00
NR-ER-LBD,map4,DecisionTree,smoteenn,f1_macro,"{'ccp_alpha': 0.0, 'criterion': 'gini', 'max_depth': 5, 'min_samples_leaf': 20}",0.0308915712089055,1718,0.9336437718277066,0.9452953310794052,0.5303985038124011,0.5056764004767581,0.0308915712089055,0.7655634357762018,0.7614367909480461,0.7612792854202538,0.8588130533370444,0.8008415383205847,10152.0,0.8679458239277652,0.9016024743826108,0.5309305640399105,0.583547507788162,0.0614525222272021,886.0,0.6126821041107178,0.6699321269989014,2026-04-22T09:22:59.547688+00:00
NR-ER-LBD,map4,LogisticRegression,smoten,f1_macro,"{'C': 0.001, 'l1_ratio': 0.0}",0.0636954168764556,1718,0.89988358556461,0.9269759309707908,0.5160753589770464,0.5356600119189512,0.0636954168764556,0.922172123113115,0.9221505067317172,0.9221505067317172,0.9638363477668754,0.9715688783740196,10202.0,0.891647855530474,0.915969780346847,0.5572213893053473,0.6179517133956386,0.2165160562035612,886.0,0.2703237533569336,0.2733521461486816,2026-04-21T08:46:03.970304+00:00
NR-ER-LBD,map4,LogisticRegression,smoten_enn,f1_macro,"{'C': 0.001, 'l1_ratio': 0.0}",0.0611133065426421,1718,0.89988358556461,0.9269759309707908,0.5160753589770464,0.534065852205006,0.0611133065426421,0.9247450242598276,0.9247145757361224,0.9246947263820612,0.9692273302185016,0.9750123083186923,10099.0,0.8939051918735892,0.9173051895519048,0.5593718917317418,0.6146028037383178,0.2182302930439442,886.0,0.3352918624877929,0.2776100635528564,2026-04-21T08:46:05.567944+00:00
NR-ER-LBD,mhfp,BernoulliNB,none,f1_macro,{'alpha': 10.0},0.166576235053863,1718,0.9761350407450524,0.9707994182502314,0.6212094323895566,0.5928262812872467,0.166576235053863,0.9168530947054436,0.9295799408738892,0.6945704684962568,0.8735038906111752,0.4617792051872224,5364.0,0.91196388261851,0.9280328942664714,0.5787433252871041,0.6715732087227414,0.1461518956138343,886.0,0.0670650005340576,0.0176692008972167,2026-04-21T14:19:38.512838+00:00
NR-ER-LBD,mhfp,BernoulliNB,random_over,f1_macro,{'alpha': 0.1},0.17345062226806,1718,0.979627473806752,0.9718099616258444,0.6059503915593565,0.5453292610250298,0.17345062226806,0.7954322681827093,0.7922276945863603,0.7922276945863604,0.8773953168155773,0.8875996493855208,10202.0,0.8972911963882618,0.919737157411638,0.5699189724058101,0.6972546728971962,0.1476919856975762,886.0,0.5083520412445068,0.3740391731262207,2026-04-21T14:19:40.547733+00:00
NR-ER-LBD,mhfp,RandomForest,random_under,f1_macro,"{'max_depth': 5, 'max_features': 'log2', 'min_samples_leaf': 20, 'n_estimators': 200}",0.2002748797117636,1718,0.979045401629802,0.9721594946486468,0.6196871310507674,0.6272571513706794,0.2002748797117636,0.9100126742712294,0.9076489714593634,0.8938344416922357,0.9840607786725268,0.9665834167443508,789.0,0.9367945823927766,0.9411235752387976,0.5835487661574618,0.6950155763239876,0.1831625407569274,886.0,0.436985969543457,0.3177669048309326,2026-04-21T18:09:38.267388+00:00
NR-ER-LBD,mhfp,KNeighbors,smote,f1_macro,"{'n_neighbors': 15, 'weights': 'uniform'}",0.1256585857392278,1718,0.9720605355064028,0.9691552934651838,0.6292419746425681,0.7153679976162098,0.1256585857392278,0.987257400509704,0.987255331108854,0.987255331108854,0.9998793821769478,0.9998226426362288,10202.0,0.9559819413092552,0.9531647121147284,0.6207316671605914,0.6411020249221183,0.1791532999849553,886.0,94.10911083221436,68.22507905960083,2026-04-24T01:07:04.723536+00:00
NR-ER-LBD,mhfp,KNeighbors,smoteenn,f1_macro,"{'n_neighbors': 15, 'weights': 'uniform'}",0.122278990926298,1718,0.9714784633294528,0.9687664767726556,0.6270561706161977,0.7148167461263409,0.122278990926298,0.987042308824973,0.987040620978579,0.987040825153546,0.9997994502400316,0.9996541431607066,10187.0,0.9559819413092552,0.9531647121147284,0.6207316671605914,0.6455996884735202,0.1797201959684246,886.0,93.97085690498352,70.4146728515625,2026-04-24T01:07:40.846048+00:00
NR-ER-LBD,mhfp,KNeighbors,smoten,f1_macro,"{'n_neighbors': 15, 'weights': 'uniform'}",0.1154932466333,1718,0.9726426076833528,0.9690204718952836,0.6200170353742841,0.7145485697258641,0.1154932466333,0.9791217408351304,0.9791133073562888,0.9791133073562888,0.9985382318914446,0.9972307196108876,10202.0,0.9401805869074492,0.9431826851720756,0.5889350899461636,0.6461643302180685,0.1215471083572372,886.0,97.95725274086,68.49325895309448,2026-04-24T01:07:55.335498+00:00
NR-ER-LBD,mhfp,KNeighbors,smoten_enn,f1_macro,"{'n_neighbors': 15, 'weights': 'uniform'}",0.1067584204666875,1718,0.9726426076833528,0.9690204718952836,0.6200170353742841,0.6785384386174016,0.1067584204666875,0.9794453186467348,0.9794380449921825,0.9794392282661288,0.9985026367127464,0.9970038419992056,10168.0,0.9401805869074492,0.9431826851720756,0.5889350899461636,0.6192757009345795,0.1365865314880649,886.0,98.70605087280272,70.33586692810059,2026-04-24T01:13:48.780366+00:00
NR-ER-LBD,morgan_2048,XGBoost,none,f1_macro,"{'colsample_bytree': 0.8, 'learning_rate': 0.05, 'max_depth': 7, 'min_child_weight': 5, 'n_estimators': 200, 'scale_pos_weight': 8, 'subsample': 0.8}",0.2647025456189495,1718,0.9778812572759022,0.9737583500042865,0.666789163144893,0.6766537544696067,0.2647025456189495,0.9781879194630873,0.9792866737944379,0.8949093173646919,0.9929474053771609,0.8918246374580412,5364.0,0.9435665914221218,0.9444438056961866,0.5821543105074514,0.7103971962616823,0.18963436324182734,886.0,2.8772599697113037,2.8294997215270996,2026-04-30T01:44:11.111797+00:00
NR-ER-LBD,morgan_2048,XGBoost,random_over,f1_macro,"{'colsample_bytree': 0.8, 'learning_rate': 0.05, 'max_depth': 7, 'min_child_weight': 1, 'n_estimators': 200, 'scale_pos_weight': 1, 'subsample': 0.8}",0.21496057445292438,1718,0.9726426076833528,0.9700413144554044,0.6422783677339039,0.5811606078665077,0.21496057445292438,0.9866692805332288,0.9866676736980131,0.9866676736980132,0.9966933768113474,0.9959148787474791,10202.0,0.9300225733634312,0.9363535779316394,0.5628243084073472,0.6292445482866044,0.20187628368565785,886.0,5.095723867416382,5.155196905136108,2026-04-30T01:44:40.538794+00:00
NR-ER-LBD,morgan_2048,RandomForest,random_under,f1_macro,"{'max_depth': 15, 'max_features': 'sqrt', 'min_samples_leaf': 5, 'n_estimators': 100}",0.2712361527749763,1718,0.981373690337602,0.9752528841321306,0.6619441164895711,0.6370008939213349,0.2712361527749763,0.8491761723700887,0.8452144732910458,0.8220605431179725,0.9305902933395016,0.875118023923179,789.0,0.9040632054176072,0.9250292129669148,0.5982759632361963,0.776518691588785,0.2875503350988354,886.0,0.2602012157440185,0.2061250209808349,2026-04-21T18:11:21.540386+00:00
NR-ER-LBD,morgan_2048,LogisticRegression,smote,f1_macro,"{'C': 0.001, 'l1_ratio': 0.0}",0.1878513615659103,1718,0.9516880093131548,0.9575875291344526,0.5996833266423921,0.6348927294398093,0.1878513615659103,0.893746324250147,0.8937062867160828,0.8937062867160828,0.9579498059988084,0.957954033037476,10202.0,0.901805869074492,0.9232651944484892,0.5888236329594009,0.7440420560747664,0.209526814366425,886.0,0.2529809474945068,0.143655776977539,2026-04-21T08:46:44.188400+00:00
NR-ER-LBD,morgan_2048,LogisticRegression,smoteenn,f1_macro,"{'C': 0.001, 'l1_ratio': 0.0}",0.18782266335384,1718,0.9516880093131548,0.9575875291344526,0.5996833266423921,0.6341924910607866,0.18782266335384,0.8975749211356467,0.8975359232731809,0.8975226959280171,0.9618739533989266,0.9601401868664856,10144.0,0.901805869074492,0.9232651944484892,0.5888236329594009,0.7436137071651091,0.209598069741996,886.0,0.1884400844573974,0.1980319023132324,2026-04-21T08:46:44.617618+00:00
NR-ER-LBD,morgan_2048,XGBoost,smoten,f1_macro,"{'colsample_bytree': 0.8, 'learning_rate': 0.1, 'max_depth': 3, 'min_child_weight': 1, 'n_estimators': 100, 'scale_pos_weight': 1, 'subsample': 0.8}",0.2013191245572828,1718,0.9796274738067521,0.9725746043111105,0.6224958093456301,0.628292610250298,0.2013191245572828,0.9594197216232111,0.9594025200952155,0.9594025200952156,0.9891402260881843,0.9895884145195841,10202.0,0.9300225733634312,0.9383561735213913,0.594178486997636,0.7454244548286604,0.16356581353318292,886.0,2.5134341716766357,2.468369245529175,2026-04-30T01:47:19.764111+00:00
NR-ER-LBD,morgan_2048,XGBoost,smoten_enn,f1_macro,"{'colsample_bytree': 0.8, 'learning_rate': 0.05, 'max_depth': 3, 'min_child_weight': 10, 'n_estimators': 200, 'scale_pos_weight': 1, 'subsample': 0.8}",0.16941532295480355,1718,0.9784633294528522,0.9717492679003442,0.6169869187710514,0.6141090584028606,0.16941532295480355,0.967553085929748,0.9675378481073745,0.9675443861349673,0.9943093454355827,0.9931610623360028,10078.0,0.9243792325056434,0.9349396137537657,0.586024617315806,0.7437694704049844,0.15402901984885908,886.0,4.226356029510498,4.1809680461883545,2026-04-30T01:47:58.116348+00:00
NR-ER-LBD,morgan_4096,XGBoost,none,f1_macro,"{'colsample_bytree': 0.8, 'learning_rate': 0.1, 'max_depth': 5, 'min_child_weight': 5, 'n_estimators': 200, 'scale_pos_weight': 4, 'subsample': 0.8}",0.2588833088958913,1718,0.980209545983702,0.9749632222262444,0.6680532824149845,0.655870083432658,0.2588833088958913,0.9794929157345265,0.9796384801254214,0.8916084147317325,0.9930681600491367,0.894035205956277,5364.0,0.9525959367945824,0.9500451554864136,0.5988875953951623,0.7169003115264798,0.19944667606187091,886.0,7.031746864318848,6.639648914337158,2026-04-30T01:48:04.090711+00:00
NR-ER-LBD,morgan_4096,XGBoost,random_over,f1_macro,"{'colsample_bytree': 0.8, 'learning_rate': 0.1, 'max_depth': 7, 'min_child_weight': 5, 'n_estimators': 100, 'scale_pos_weight': 1, 'subsample': 0.8}",0.26816141161396706,1718,0.9778812572759022,0.9732200547728442,0.6550929839391378,0.6544249106078666,0.26816141161396706,0.9802979807880807,0.9802961995464747,0.9802961995464747,0.9957100638845948,0.994694134904114,10202.0,0.9356659142212189,0.9404415232582126,0.5818366992075912,0.6751947040498443,0.22485710895855143,886.0,7.356439590454102,7.395656108856201,2026-04-30T01:48:18.477224+00:00
NR-ER-LBD,morgan_4096,XGBoost,random_under,f1_macro,"{'colsample_bytree': 0.8, 'learning_rate': 0.05, 'max_depth': 7, 'min_child_weight': 1, 'n_estimators': 100, 'scale_pos_weight': 1, 'subsample': 0.8}",0.22228136177204416,1718,0.9772991850989523,0.9727964554858894,0.6521237986947244,0.6443087008343267,0.22228136177204416,0.9188846641318125,0.9162248035880304,0.903270297606277,0.985145079443103,0.9723195862538558,789.0,0.9300225733634312,0.9395218787396208,0.6125874520424284,0.7425623052959502,0.21109825425862533,886.0,0.875769853591919,0.7837622165679932,2026-04-30T01:48:35.676955+00:00
NR-ER-LBD,morgan_4096,LogisticRegression,smote,f1_macro,"{'C': 0.001, 'l1_ratio': 0.0}",0.191516731473008,1718,0.9383003492433062,0.9494213942141884,0.5699157345828295,0.5791418355184745,0.191516731473008,0.912762203489512,0.9127614491266248,0.9127614491266248,0.9658979959455346,0.9657992535722248,10202.0,0.8984198645598194,0.9204099532603164,0.5711058519793459,0.7093068535825545,0.1922196194723835,886.0,0.4743258953094482,0.3270261287689209,2026-04-21T08:47:00.420504+00:00
NR-ER-LBD,morgan_4096,LogisticRegression,smoteenn,f1_macro,"{'C': 0.001, 'l1_ratio': 0.0}",0.1912393156890237,1718,0.939464493597206,0.9500939862478784,0.5715916175130676,0.5792461263408821,0.1912393156890237,0.915665024630542,0.9156642682053704,0.915661458626162,0.969342824169444,0.9678678125804788,10150.0,0.899548532731377,0.9210830703961524,0.5723080093941021,0.7079828660436137,0.1915549900897765,886.0,0.3947856426239013,0.3495888710021972,2026-04-21T08:47:02.049016+00:00
NR-ER-LBD,morgan_4096,XGBoost,smoten,f1_macro,"{'colsample_bytree': 0.8, 'learning_rate': 0.1, 'max_depth': 3, 'min_child_weight': 10, 'n_estimators': 200, 'scale_pos_weight': 1, 'subsample': 0.8}",0.1839386403647658,1718,0.9796274738067521,0.9718099616258443,0.6059503915593565,0.6210518474374255,0.1839386403647658,0.9711821211527152,0.9711808408033424,0.9711808408033422,0.990940500421192,0.9930637484330671,10202.0,0.9435665914221218,0.9474317636060693,0.6281685412120195,0.7441588785046729,0.25348460589817906,886.0,11.403139114379883,11.481297969818115,2026-04-30T01:50:51.899132+00:00
NR-ER-LBD,morgan_4096,XGBoost,smoten_enn,f1_macro,"{'colsample_bytree': 0.8, 'learning_rate': 0.05, 'max_depth': 5, 'min_child_weight': 10, 'n_estimators': 200, 'scale_pos_weight': 1, 'subsample': 0.8}",0.18349827005023725,1718,0.9796274738067521,0.9718099616258443,0.6059503915593565,0.6039928486293206,0.18349827005023725,0.9806930693069307,0.9806928340501586,0.980693046405829,0.9969953018245288,0.9970894006042754,10100.0,0.9480812641083521,0.9480812641083521,0.6032320872274143,0.7526869158878505,0.22570712294084558,886.0,13.33328890800476,13.462172269821167,2026-04-30T01:54:43.606078+00:00
NR-ER-LBD,pubchem,RUSBoost,none,f1_macro,"{'learning_rate': 0.25, 'n_estimators': 50, 'sampling_strategy': 'auto'}",0.3401871715852596,1718,0.9825378346915018,0.9773765425944124,0.6955699940933255,0.6371275327771156,0.3401871715852596,0.8780760626398211,0.904642902632844,0.6475821588603543,0.8883675235527515,0.5005846785786281,5364.0,0.8803611738148984,0.9116113714108668,0.588953081232493,0.7788746105919004,0.1696257059142602,886.0,0.1095647811889648,0.0796589851379394,2026-04-29T18:51:27.978017+00:00
NR-ER-LBD,pubchem,XGBoost,random_over,f1_macro,"{'colsample_bytree': 0.8, 'learning_rate': 0.1, 'max_depth': 3, 'min_child_weight': 1, 'n_estimators': 100, 'scale_pos_weight': 1, 'subsample': 0.8}",0.3022277192766031,1718,0.980209545983702,0.9755212495419673,0.6801585737126836,0.6830080452920144,0.3022277192766031,0.8920799843168006,0.8920735127179924,0.8920735127179924,0.9683915393274632,0.966400081396547,10202.0,0.8848758465011287,0.9134168855864855,0.5766326243792748,0.7671728971962617,0.16004473330874114,886.0,1.0856430530548096,1.048612117767334,2026-04-30T01:57:30.644069+00:00
NR-ER-LBD,pubchem,XGBoost,random_under,f1_macro,"{'colsample_bytree': 0.8, 'learning_rate': 0.1, 'max_depth': 3, 'min_child_weight': 1, 'n_estimators': 200, 'scale_pos_weight': 1, 'subsample': 0.8}",0.2898439290545398,1718,0.9738067520372526,0.9721816447206263,0.6764121130946152,0.6876564362336114,0.2898439290545398,0.9518377693282636,0.9514430491297644,0.9449548358669311,0.9904436958753198,0.9811414957830799,789.0,0.8803611738148984,0.9103637264568829,0.5661677753141168,0.7576908099688473,0.1988052331484596,886.0,0.20817875862121582,0.18971896171569824,2026-04-30T01:58:17.488510+00:00
NR-ER-LBD,pubchem,RandomForest,smote,f1_macro,"{'max_depth': 15, 'max_features': 'log2', 'min_samples_leaf': 10, 'n_estimators': 100}",0.1958371511118832,1718,0.9755529685681024,0.969761543551842,0.6049017675274329,0.563811084624553,0.1958371511118832,0.8994314840227406,0.8994272748431998,0.8994272748432,0.9614365200330312,0.9612311981393508,10202.0,0.9130925507900676,0.929665992037804,0.5957717854370715,0.6848520249221184,0.2173218031226995,886.0,0.5311050415039062,0.4413459300994873,2026-04-21T18:16:28.533549+00:00
NR-ER-LBD,pubchem,RandomForest,smoteenn,f1_macro,"{'max_depth': 15, 'max_features': 'log2', 'min_samples_leaf': 20, 'n_estimators': 100}",0.2126490651145928,1718,0.9784633294528522,0.9730635167129762,0.6454748771604972,0.5908820023837902,0.2126490651145928,0.8672008012018027,0.8672132183990102,0.8671961644003139,0.9462747665060938,0.9458791617737582,9985.0,0.8972911963882618,0.9201474154177062,0.5768885623573247,0.6686915887850468,0.205588951213778,886.0,0.390510082244873,0.2951443195343017,2026-04-21T18:16:34.563291+00:00
NR-ER-LBD,pubchem,XGBoost,smoten,f1_macro,"{'colsample_bytree': 0.8, 'learning_rate': 0.05, 'max_depth': 3, 'min_child_weight': 1, 'n_estimators': 200, 'scale_pos_weight': 1, 'subsample': 0.8}",0.23132944848630108,1718,0.980791618160652,0.9741417697790471,0.6440674773830226,0.5811978545887961,0.23132944848630108,0.9511860419525583,0.9511538266295018,0.9511538266295018,0.9864447434514438,0.9865335472368559,10202.0,0.9300225733634312,0.9400609914855906,0.6211481696046788,0.7293808411214953,0.22964087179271675,886.0,1.9153368473052979,1.8688969612121582,2026-04-30T01:58:43.188965+00:00
NR-ER-LBD,pubchem,XGBoost,smoten_enn,f1_macro,"{'colsample_bytree': 0.8, 'learning_rate': 0.05, 'max_depth': 5, 'min_child_weight': 1, 'n_estimators': 100, 'scale_pos_weight': 1, 'subsample': 0.8}",0.21679311188229153,1718,0.980209545983702,0.9729949267075798,0.6254200333461588,0.5474970202622169,0.21679311188229153,0.9647480581557458,0.9647389682573687,0.9647445620409855,0.9933064503426255,0.992116612797161,10042.0,0.9356659142212189,0.9424451095758953,0.6130559705780945,0.6911799065420561,0.21970843804358303,886.0,1.323509931564331,1.2742516994476318,2026-04-30T01:59:01.551046+00:00
NR-ER-LBD,rdkit,BernoulliNB,none,f1_macro,{'alpha': 50.0},0.2832372171760909,1718,0.980209545983702,0.9765206289512036,0.7018639880770094,0.678434147794994,0.2832372171760909,0.697800149142431,0.7833705709922612,0.4685495056618597,0.6235599819017072,0.0692207240051638,5364.0,0.7020316027088036,0.7970876710495093,0.4527178796046721,0.606113707165109,0.0427922056185524,886.0,0.0625920295715332,0.0226612091064453,2026-04-21T14:20:49.569787+00:00
NR-ER-LBD,rdkit,RandomForest,random_over,f1_macro,"{'max_depth': 10, 'max_features': 'sqrt', 'min_samples_leaf': 20, 'n_estimators': 200}",0.2456402072083851,1718,0.980209545983702,0.9729949267075798,0.6254200333461588,0.7560041716328963,0.2456402072083851,0.9649088414036464,0.964908537963294,0.964908537963294,0.9933440560278533,0.9921095929163384,10202.0,0.945823927765237,0.9481912079119122,0.6222956410529681,0.7908489096573209,0.1961476102015266,886.0,1.9536187648773191,3.8903868198394775,2026-04-21T18:17:53.360283+00:00
NR-ER-LBD,rdkit,BernoulliNB,random_under,f1_macro,{'alpha': 50.0},0.2798558550230193,1718,0.980209545983702,0.9755212495419672,0.6801585737126836,0.6187723480333731,0.2798558550230193,0.7313054499366286,0.7265687636633451,0.6876391233547963,0.7777978574216773,0.591582736450196,789.0,0.8103837471783296,0.8664428235988066,0.4805695142378559,0.6708528037383178,0.0549727260110356,886.0,0.0515000820159912,0.0170350074768066,2026-04-21T14:20:55.469396+00:00
NR-ER-LBD,rdkit,XGBoost,smote,f1_macro,"{'colsample_bytree': 0.8, 'learning_rate': 0.05, 'max_depth': 5, 'min_child_weight': 1, 'n_estimators': 200, 'scale_pos_weight': 1, 'subsample': 0.8}",0.09970350356361703,1718,0.9685681024447031,0.9647136867747402,0.5701178825622776,0.49457687723480337,0.09970350356361703,0.9798078808076848,0.979803968147803,0.979803968147803,0.9966868242101589,0.9960028306200716,10202.0,0.9492099322799097,0.9459592832093021,0.5623826928776055,0.5897196261682242,0.12530452990530558,886.0,6.447623014450073,6.4295971393585205,2026-04-30T02:00:21.809132+00:00
NR-ER-LBD,rdkit,LogisticRegression,smoteenn,f1_macro,"{'C': 0.001, 'l1_ratio': 0.0}",0.136169910948731,1718,0.9540162980209546,0.957543364372598,0.5723877187731375,0.5036278307508939,0.136169910948731,0.9219015280135824,0.9219033102727474,0.9219013963694394,0.9730928725095098,0.9711447513897574,10013.0,0.9209932279909706,0.9334564445028984,0.590302549874488,0.6429906542056074,0.1703241028820201,886.0,0.6832349300384521,0.6638069152832031,2026-04-21T08:47:34.205803+00:00
NR-ER-LBD,rdkit,XGBoost,smoten,f1_macro,"{'colsample_bytree': 0.8, 'learning_rate': 0.1, 'max_depth': 3, 'min_child_weight': 5, 'n_estimators': 200, 'scale_pos_weight': 1, 'subsample': 0.8}",0.13219926428129924,1718,0.9749708963911525,0.9686954383421075,0.5879843167000374,0.5125372467222884,0.13219926428129924,0.9845128406194864,0.9845127924083363,0.9845127924083363,0.9973909117765847,0.9973760203726745,10202.0,0.9548532731376975,0.9493670554592448,0.5717324052590874,0.5976635514018691,0.1307622132717855,886.0,5.000768184661865,4.951133966445923,2026-04-30T02:02:26.168919+00:00
NR-ER-LBD,rdkit,DecisionTree,smoten_enn,f1_macro,"{'ccp_alpha': 0.0, 'criterion': 'entropy', 'max_depth': 10, 'min_samples_leaf': 50}",0.0563938637457417,1718,0.9679860302677532,0.9649419637244092,0.5813895792630791,0.5897943980929679,0.0563938637457417,0.9568288073211976,0.9568301315622936,0.9568285403371056,0.9911951242415328,0.9874303491267484,10053.0,0.927765237020316,0.9369850991042,0.5908211863183721,0.647429906542056,0.1024137392900461,886.0,2.011976957321167,2.2918541431427,2026-04-22T09:37:13.176856+00:00
NR-ER-LBD,topological_torsion,BalancedRandomForest,none,f1_macro,"{'max_depth': 5, 'max_features': 'log2', 'min_samples_leaf': 20, 'n_estimators': 100}",0.2536641387130685,1718,0.980791618160652,0.9748034011003068,0.6583937383633701,0.6507374851013111,0.2536641387130685,0.8970917225950783,0.9113896723071636,0.6053123240457949,0.7905193419913936,0.3031801352111601,5364.0,0.9221218961625284,0.933582480316734,0.5829734984139978,0.688785046728972,0.1430351406570152,886.0,0.9241008758544922,0.7035181522369385,2026-04-21T23:24:41.591688+00:00
NR-ER-LBD,topological_torsion,DecisionTree,random_over,f1_macro,"{'ccp_alpha': 0.0, 'criterion': 'entropy', 'max_depth': 10, 'min_samples_leaf': 50}",0.16275000798256,1718,0.9755529685681024,0.9709960710573692,0.6317143382127763,0.6419919547079859,0.16275000798256,0.8639482454420702,0.863618032761623,0.863618032761623,0.913537543387924,0.917155452340107,10202.0,0.8950338600451467,0.9170807623853474,0.5454329800791098,0.6457165109034269,0.1080229923735172,886.0,1.5506839752197266,1.960165023803711,2026-04-22T09:37:27.386223+00:00
NR-ER-LBD,topological_torsion,RandomForest,random_under,f1_macro,"{'max_depth': 10, 'max_features': 'sqrt', 'min_samples_leaf': 20, 'n_estimators': 100}",0.222812765130378,1718,0.980209545983702,0.9737061893903888,0.6408156237701692,0.634207389749702,0.222812765130378,0.8086185044359949,0.8053648208772863,0.7777609893953384,0.8438281600138791,0.766636000596461,789.0,0.8498871331828443,0.8922666384964153,0.5456778128626563,0.765303738317757,0.2184964356008874,886.0,0.2016150951385498,0.1764872074127197,2026-04-21T18:19:44.944411+00:00
NR-ER-LBD,topological_torsion,DecisionTree,smote,f1_macro,"{'ccp_alpha': 0.0, 'criterion': 'entropy', 'max_depth': 5, 'min_samples_leaf': 50}",0.1286681911403732,1718,0.9767171129220024,0.9705449673249936,0.6094744498999818,0.5672824791418356,0.1286681911403732,0.7236816310527348,0.7141705681506663,0.7141705681506663,0.7924210308752035,0.7703895985962442,10202.0,0.891647855530474,0.915969780346847,0.5572213893053473,0.6261292834890966,0.1640553803320585,886.0,1.1078178882598877,1.4624998569488523,2026-04-22T09:37:42.096431+00:00
NR-ER-LBD,topological_torsion,DecisionTree,smoteenn,f1_macro,"{'ccp_alpha': 0.0, 'criterion': 'entropy', 'max_depth': 5, 'min_samples_leaf': 50}",0.1286681911403732,1718,0.9767171129220024,0.9705449673249936,0.6094744498999818,0.5672824791418356,0.1286681911403732,0.7273176517098241,0.7179499258857527,0.7175130080794105,0.795782654989503,0.7707812955881664,10118.0,0.891647855530474,0.915969780346847,0.5572213893053473,0.6210085669781933,0.1638727906945609,886.0,1.3288118839263916,1.0049078464508057,2026-04-22T09:39:08.092291+00:00
NR-ER-LBD,topological_torsion,DecisionTree,smoten,f1_macro,"{'ccp_alpha': 0.0, 'criterion': 'entropy', 'max_depth': 5, 'min_samples_leaf': 10}",0.0796892458271573,1718,0.9767171129220024,0.9690661051651632,0.5774301456119638,0.5604216328963052,0.0796892458271573,0.8016075279356989,0.7983941318777066,0.7983941318777066,0.8932554556361806,0.8624314330243849,10202.0,0.899548532731377,0.9206471812074828,0.5649842497531266,0.7080412772585669,0.0854340994568243,886.0,1.1068882942199707,1.0257339477539062,2026-04-22T09:39:17.178451+00:00
NR-ER-LBD,topological_torsion,DecisionTree,smoten_enn,f1_macro,"{'ccp_alpha': 0.0, 'criterion': 'gini', 'max_depth': 5, 'min_samples_leaf': 10}",0.0683860003731355,1718,0.9743888242142026,0.967599464057493,0.57042189488998,0.5574344457687724,0.0683860003731355,0.8077687264057223,0.8047073776890465,0.8043583890675311,0.8989317498513906,0.8643923385454255,10066.0,0.9006772009029346,0.9203777800818904,0.5505441800405829,0.6416277258566978,0.0615213546224034,886.0,1.1044559478759766,1.130861759185791,2026-04-22T09:39:27.156830+00:00
NR-PPAR-gamma,atom_pair,EasyEnsemble,none,f1_macro,"{'n_estimators': 30, 'replacement': False}",0.078387981976482,1678,0.9594755661501788,0.9618846799523568,0.5749810033225561,0.6830931113817837,0.078387981976482,0.7472013026663953,0.8316428058620889,0.5081829981661883,0.9062917240568668,0.3394513527273419,4913.0,0.7045977011494253,0.785563121195305,0.4782894782894783,0.6051867876741243,0.101346482671073,870.0,15.7011821269989,9.596708059310911,2026-04-21T23:26:36.890704+00:00
NR-PPAR-gamma,atom_pair,DecisionTree,random_over,f1_macro,"{'ccp_alpha': 0.0, 'criterion': 'gini', 'max_depth': 5, 'min_samples_leaf': 10}",0.0504893900242915,1678,0.9624553039332538,0.9631890332571794,0.5703992685156964,0.560486872377859,0.0504893900242915,0.8245705906996229,0.8245705887753018,0.8245705887753016,0.890784138493505,0.8606311626782079,9548.0,0.7563218390804598,0.8207476374359318,0.5113447292843442,0.6036961798227101,0.0869099610739094,870.0,1.028597116470337,1.5340261459350586,2026-04-22T09:39:55.864908+00:00
NR-PPAR-gamma,atom_pair,DecisionTree,random_under,f1_macro,"{'ccp_alpha': 0.0, 'criterion': 'entropy', 'max_depth': 10, 'min_samples_leaf': 20}",0.0335074040926497,1678,0.9624553039332538,0.9616562481539468,0.5338950542982236,0.5457352145080526,0.0335074040926497,0.7769784172661871,0.781158387306703,0.759639282283306,0.8479115987785312,0.7141995128516158,417.0,0.6505747126436782,0.7468966721774035,0.4586717317264868,0.5762980160405236,0.0878410708325341,870.0,0.0325500965118408,0.0205960273742675,2026-04-22T09:40:49.978685+00:00
NR-PPAR-gamma,atom_pair,LogisticRegression,smote,f1_macro,"{'C': 0.001, 'l1_ratio': 0.0}",0.0297149809418897,1678,0.9183551847437426,0.9382288519420766,0.5126673916684156,0.5497530112329138,0.0297149809418897,0.9037494763301216,0.9037125421797492,0.9037125421797492,0.961046814990218,0.960102153632741,9548.0,0.8528735632183908,0.879132209051248,0.5386451014185337,0.5022688898269312,0.0993034662473729,870.0,0.3270950317382812,0.2484660148620605,2026-04-21T08:48:07.850805+00:00
NR-PPAR-gamma,atom_pair,LogisticRegression,smoteenn,f1_macro,"{'C': 0.001, 'l1_ratio': 0.0}",0.0295280670075668,1678,0.9183551847437426,0.9382288519420766,0.5126673916684156,0.5462511841927189,0.0295280670075668,0.9041771620486986,0.9041411303511488,0.9041448259098718,0.9619798924866304,0.9606422341896098,9528.0,0.8574712643678161,0.8819293734906282,0.5421363574629907,0.5001055297593922,0.1000282530527841,870.0,0.2796921730041504,0.2352237701416015,2026-04-21T08:48:08.561359+00:00
NR-PPAR-gamma,atom_pair,KNeighbors,smoten,f1_macro,"{'n_neighbors': 15, 'weights': 'uniform'}",0.0343740695423768,1678,0.9284862932061978,0.9440739582613548,0.5268441236183171,0.6319106103667614,0.0343740695423768,0.9486803519061584,0.9485989350197512,0.9485989350197512,0.9787735778688116,0.961216804050086,9548.0,0.8390804597701149,0.870277835780509,0.5235412852649861,0.6153704094554663,0.0750047107263037,870.0,69.46928286552429,56.85032820701599,2026-04-24T02:12:18.352062+00:00
NR-PPAR-gamma,atom_pair,KNeighbors,smoten_enn,f1_macro,"{'n_neighbors': 15, 'weights': 'uniform'}",0.0254025447895789,1678,0.9255065554231228,0.942159845185616,0.5176331252084123,0.5449570307213426,0.0254025447895789,0.951727051864371,0.9516465320361992,0.9516617350806792,0.980649432776142,0.963415429073559,9467.0,0.8310344827586207,0.8649477378627229,0.5131542382495022,0.5947657239341494,0.0672897837404309,870.0,67.77782702445984,56.04216408729553,2026-04-24T02:12:30.962282+00:00
NR-PPAR-gamma,avalon,XGBoost,none,f1_macro,"{'colsample_bytree': 0.8, 'learning_rate': 0.1, 'max_depth': 7, 'min_child_weight': 1, 'n_estimators': 100, 'scale_pos_weight': 8, 'subsample': 0.8}",0.34419605960611216,1678,0.9809296781883194,0.9742051660571208,0.6142196166336178,0.8177358235214509,0.34419605960611216,0.9995929167514757,0.9995943279758408,0.996323815509862,0.9999977395544812,0.9998968553831138,4913.0,0.9471264367816092,0.9274169149475571,0.5440667152752461,0.6734645420008443,0.20942080296380733,870.0,0.6237537860870361,0.6706929206848145,2026-04-30T02:11:47.273988+00:00
NR-PPAR-gamma,avalon,XGBoost,random_over,f1_macro,"{'colsample_bytree': 0.8, 'learning_rate': 0.05, 'max_depth': 3, 'min_child_weight': 1, 'n_estimators': 200, 'scale_pos_weight': 1, 'subsample': 0.8}",0.21554907671304158,1678,0.9702026221692491,0.9705962104068145,0.6545448556417478,0.7812203951820273,0.21554907671304158,0.953288646837034,0.9532866771405059,0.9532866771405059,0.9916876895149663,0.9913043244963133,9548.0,0.8873563218390804,0.8981767736821246,0.5474137931034483,0.559650696496412,0.15633641400628348,870.0,1.241326093673706,1.2363479137420654,2026-04-30T02:12:07.739815+00:00
NR-PPAR-gamma,avalon,XGBoost,random_under,f1_macro,"{'colsample_bytree': 0.8, 'learning_rate': 0.05, 'max_depth': 7, 'min_child_weight': 1, 'n_estimators': 100, 'scale_pos_weight': 1, 'subsample': 0.8}",0.0684001243343386,1678,0.9582836710369488,0.9607636411274261,0.562480444596749,0.7449925565029099,0.0684001243343386,0.9928057553956835,0.9927992274238604,0.9918918393404585,0.999792971378293,0.999587690194891,417.0,0.8425287356321839,0.8741349665795446,0.5462729975522572,0.7110859012241452,0.17261389419671672,870.0,0.10326600074768066,0.0928342342376709,2026-04-30T02:12:17.370820+00:00
NR-PPAR-gamma,avalon,XGBoost,smote,f1_macro,"{'colsample_bytree': 0.8, 'learning_rate': 0.1, 'max_depth': 7, 'min_child_weight': 1, 'n_estimators': 100, 'scale_pos_weight': 1, 'subsample': 0.8}",0.05357996943779393,1678,0.9046483909415971,0.9318111570748274,0.5352347715296676,0.6526424414670455,0.05357996943779393,0.9941348973607038,0.9941347838706557,0.9941347838706557,0.9997971355104076,0.9997693092092975,9548.0,0.9321839080459771,0.9186456048669122,0.5285419058553387,0.539731954411144,0.1011959728084979,870.0,1.022615909576416,1.0130939483642578,2026-04-30T02:12:21.751166+00:00
NR-PPAR-gamma,avalon,XGBoost,smoteenn,f1_macro,"{'colsample_bytree': 0.8, 'learning_rate': 0.05, 'max_depth': 7, 'min_child_weight': 1, 'n_estimators': 200, 'scale_pos_weight': 1, 'subsample': 0.8}",0.05981571204307548,1678,0.9052443384982122,0.9321492248326294,0.5357341105842433,0.6657023954526999,0.05981571204307548,0.9949431099873578,0.9949431396222032,0.9949431019051271,0.9998213883915863,0.9997868798100183,9492.0,0.9298850574712644,0.9173277828349032,0.5265453961513413,0.5380962431405657,0.09840724000824601,870.0,1.8402149677276611,1.8405630588531494,2026-04-30T02:12:59.798999+00:00
NR-PPAR-gamma,avalon,XGBoost,smoten,f1_macro,"{'colsample_bytree': 0.8, 'learning_rate': 0.1, 'max_depth': 5, 'min_child_weight': 1, 'n_estimators': 200, 'scale_pos_weight': 1, 'subsample': 0.8}",0.2686727363555753,1678,0.9785458879618594,0.9750286783969552,0.6612154249949526,0.747310190824198,0.2686727363555753,0.9986384583158777,0.9986384571061391,0.9986384571061391,0.9999926067553809,0.9999926190085251,9548.0,0.9471264367816092,0.9274169149475571,0.5440667152752461,0.5858220768256648,0.15372626804292855,870.0,1.5582537651062012,1.5144338607788086,2026-04-30T02:13:05.311413+00:00
NR-PPAR-gamma,avalon,XGBoost,smoten_enn,f1_macro,"{'colsample_bytree': 0.8, 'learning_rate': 0.1, 'max_depth': 5, 'min_child_weight': 10, 'n_estimators': 100, 'scale_pos_weight': 1, 'subsample': 0.8}",0.13167954907887494,1678,0.968414779499404,0.9677425579707806,0.6078799663143786,0.7015157666802003,0.13167954907887494,0.9933361540088851,0.993336275768828,0.9933357781412355,0.9998428990364474,0.9998459604435647,9454.0,0.9390804597701149,0.9210105395436878,0.5193420270819651,0.528440270156184,0.10907888437127933,870.0,0.803023099899292,0.7907660007476807,2026-04-30T02:13:06.658413+00:00
NR-PPAR-gamma,erg,RandomForest,none,f1_macro,"{'max_depth': 5, 'max_features': 'sqrt', 'min_samples_leaf': 5, 'n_estimators': 100}",0.0730874364090234,1678,0.9469606674612634,0.9550262259348564,0.5625023802200055,0.66481425091352,0.0730874364090234,0.916751475676776,0.9377190240791416,0.6386895260946344,0.9107824758207675,0.3670007611218372,4913.0,0.8919540229885058,0.9042367020911112,0.5857058906968733,0.5751371886872096,0.1737154941587379,870.0,0.3007087707519531,0.1996741294860839,2026-04-21T18:24:32.749551+00:00
NR-PPAR-gamma,erg,RandomForest,random_over,f1_macro,"{'max_depth': 10, 'max_features': 'sqrt', 'min_samples_leaf': 20, 'n_estimators': 200}",0.0616570169508476,1678,0.9499404052443384,0.9567335045523364,0.567100737100737,0.6832284476925159,0.0616570169508476,0.8962086300795978,0.8958693590901956,0.8958693590901957,0.9721465322655236,0.9732262711260898,9548.0,0.9091954022988504,0.9113975580870112,0.5687421174492222,0.5855186787674124,0.1636634582697871,870.0,0.6014611721038818,0.8631770610809326,2026-04-21T18:24:38.200510+00:00
NR-PPAR-gamma,erg,XGBoost,random_under,f1_macro,"{'colsample_bytree': 0.8, 'learning_rate': 0.05, 'max_depth': 7, 'min_child_weight': 5, 'n_estimators': 200, 'scale_pos_weight': 1, 'subsample': 0.8}",0.04114793496902912,1678,0.9475566150178785,0.9553668040576986,0.5633929416217239,0.5383001759372039,0.04114793496902912,0.9448441247002398,0.943995702733958,0.936133659179746,0.978960716319031,0.9729961979685473,417.0,0.8379310344827586,0.8728001736608388,0.5609818945740984,0.6823949978894048,0.21086417753013675,870.0,0.11485981941223145,0.10385417938232422,2026-04-30T02:13:56.393399+00:00
NR-PPAR-gamma,erg,RandomForest,smote,f1_macro,"{'max_depth': 5, 'max_features': 'sqrt', 'min_samples_leaf': 10, 'n_estimators': 200}",0.0573506676678445,1678,0.9499404052443384,0.9563812170374836,0.5585372270455143,0.6085989308431452,0.0573506676678445,0.8845831587767071,0.8844517421471543,0.8844517421471543,0.9544980895153876,0.9546138563385712,9548.0,0.8804597701149425,0.8965203112729349,0.5677018633540373,0.6146976572393414,0.1715183386272624,870.0,0.6913468837738037,0.8553998470306396,2026-04-21T18:24:54.103289+00:00
NR-PPAR-gamma,erg,LogisticRegression,smoteenn,f1_macro,"{'C': 0.1, 'l1_ratio': 0.0}",0.0493215648791396,1678,0.971990464839094,0.96705044805565,0.5494890294129408,0.6404706320205711,0.0493215648791396,0.7424032412837189,0.73939292006253,0.7388435201852288,0.83082665469447,0.8147549007278757,9379.0,0.8126436781609195,0.8558797524314766,0.5293004729897934,0.5335452722667793,0.1254783019550192,870.0,0.0607509613037109,0.0544929504394531,2026-04-21T08:48:29.463033+00:00
NR-PPAR-gamma,erg,LogisticRegression,smoten,f1_macro,"{'C': 0.001, 'l1_ratio': 1.0}",0.0214541120381406,1678,0.9785458879618594,0.9679351494176948,0.494578313253012,0.5,0.0214541120381406,0.5,0.3333333333333333,0.3333333333333333,0.5,0.5,9548.0,0.9471264367816092,0.9214075370815183,0.48642266824085,0.5,0.0528735632183908,870.0,0.0281653404235839,0.0208251476287841,2026-04-21T08:48:29.858263+00:00
NR-PPAR-gamma,erg,XGBoost,smoten_enn,f1_macro,"{'colsample_bytree': 0.8, 'learning_rate': 0.1, 'max_depth': 7, 'min_child_weight': 1, 'n_estimators': 200, 'scale_pos_weight': 1, 'subsample': 0.8}",0.05876192080514106,1678,0.9344457687723481,0.9479451274895506,0.5464641997149737,0.6227923264311814,0.05876192080514106,0.9998800959232614,0.9998800980484724,0.9998775307934795,1.0,1.0,8340.0,0.9425287356321839,0.9229550243989644,0.5222090417819956,0.4412858801181933,0.06049134377427296,870.0,1.162869930267334,1.1892309188842773,2026-04-30T02:14:10.338837+00:00
NR-PPAR-gamma,estate,KNeighbors,none,f1_macro,"{'n_neighbors': 5, 'weights': 'distance'}",0.1860061309345866,1678,0.9791418355184744,0.9736732446558096,0.6223709676382271,0.6373409798348897,0.1860061309345866,0.9969468756360677,0.9968622038340677,0.970698617016074,0.9998153969493028,0.9912676982256466,4913.0,0.942528735632184,0.9191049445691356,0.4852071005917159,0.5593341072182356,0.0713805609546617,870.0,0.084686279296875,0.0020341873168945,2026-04-24T02:21:14.000319+00:00
NR-PPAR-gamma,estate,BernoulliNB,random_over,f1_macro,{'alpha': 50.0},0.2130863531011688,1678,0.9624553039332538,0.965943350468924,0.6364255424521001,0.7232626201109759,0.2130863531011688,0.6913489736070382,0.6855465219047453,0.6855465219047453,0.7730276095784158,0.768353345391661,9548.0,0.803448275862069,0.8517446987524155,0.546260007624857,0.7272847192908399,0.1133104130883328,870.0,0.0055649280548095,0.0030908584594726,2026-04-21T14:21:44.697947+00:00
NR-PPAR-gamma,estate,BernoulliNB,random_under,f1_macro,{'alpha': 0.1},0.2136034248787982,1678,0.9767580452920144,0.9726588824291564,0.6261717478107381,0.7181367573419949,0.2136034248787982,0.7026378896882494,0.6245843950976823,0.5294139060793592,0.7731613270534652,0.6445696814361206,417.0,0.9298850574712644,0.9158878287607056,0.5125602755453502,0.667634022794428,0.0993606253342158,870.0,0.0070412158966064,0.0010268688201904,2026-04-21T14:21:45.036989+00:00
NR-PPAR-gamma,estate,LogisticRegression,smote,f1_macro,"{'C': 1, 'l1_ratio': 1.0}",0.1676087691387022,1678,0.9380214541120382,0.9515307638265076,0.5899315738025416,0.7616135471647043,0.1676087691387022,0.7598449937159615,0.7598113515038446,0.7598113515038447,0.8357930533863343,0.7990337626478036,9548.0,0.7689655172413793,0.8298064913639253,0.53210663056304,0.7076561840439004,0.1156683343966165,870.0,0.0430159568786621,0.0360622406005859,2026-04-21T08:48:33.085072+00:00
NR-PPAR-gamma,estate,LogisticRegression,smoteenn,f1_macro,"{'C': 0.1, 'l1_ratio': 0.0}",0.1251676417040929,1678,0.969606674612634,0.9674772563444204,0.5874943964831605,0.7248866558397618,0.1251676417040929,0.7433290978398983,0.7432788297686745,0.7432207422197047,0.8176677470488343,0.7831073404733491,9444.0,0.7701149425287356,0.8305700840854741,0.5328859060402684,0.7137769100886451,0.1143502881313392,870.0,0.0155987739562988,0.0110929012298583,2026-04-21T08:48:33.418597+00:00
NR-PPAR-gamma,estate,LogisticRegression,smoten,f1_macro,"{'C': 0.001, 'l1_ratio': 0.0}",0.0235794593313377,1678,0.9624553039332538,0.96108292051672,0.5202733671260602,0.3671251184192718,0.0235794593313377,0.7790113112693758,0.7774013711513712,0.7774013711513712,0.8562531887480872,0.8315484357171186,9548.0,0.7528735632183908,0.8177718854325231,0.4961738301293706,0.5281764457577037,0.0903007735884355,870.0,0.0120079517364501,0.0080881118774414,2026-04-21T08:48:33.641267+00:00
NR-PPAR-gamma,estate,LogisticRegression,smoten_enn,f1_macro,"{'C': 0.001, 'l1_ratio': 0.0}",0.0234126428620456,1678,0.9630512514898688,0.9614054547891692,0.5208805379018145,0.3648413181756665,0.0234126428620456,0.7873234881966152,0.786011909739762,0.7864181243246846,0.8640764882249053,0.8305713294933953,9277.0,0.764367816091954,0.8248656755950856,0.4957234749416837,0.5274113550021106,0.0905206735305361,870.0,0.0123178958892822,0.0070631504058837,2026-04-21T08:48:33.737389+00:00
NR-PPAR-gamma,fcfp,LogisticRegression,none,f1_macro,"{'C': 1, 'l1_ratio': 1.0}",0.1394622856776836,1678,0.965435041716329,0.9663235696876132,0.6095795892169448,0.755827919880904,0.1394622856776836,0.974760838591492,0.978487398460364,0.8391921969101859,0.9983129541611788,0.9205140104900396,4913.0,0.8977011494252873,0.90362724273512,0.5489733508082132,0.51841494301393,0.1135768809686127,870.0,0.3620727062225342,0.3492727279663086,2026-04-21T08:48:33.959175+00:00
NR-PPAR-gamma,fcfp,XGBoost,random_over,f1_macro,"{'colsample_bytree': 0.8, 'learning_rate': 0.05, 'max_depth': 7, 'min_child_weight': 10, 'n_estimators': 200, 'scale_pos_weight': 1, 'subsample': 0.8}",0.16098391257823383,1678,0.967222884386174,0.9682620862749691,0.6344704395939529,0.7592789958045745,0.16098391257823383,0.9733975701717638,0.9733879008260401,0.97338790082604,0.9947748846960976,0.9934594442702238,9548.0,0.9022988505747126,0.9071876454795597,0.5614165149367479,0.5491109117771211,0.13290207211432653,870.0,4.651741981506348,4.6220550537109375,2026-04-30T02:15:01.340174+00:00
NR-PPAR-gamma,fcfp,XGBoost,random_under,f1_macro,"{'colsample_bytree': 0.8, 'learning_rate': 0.05, 'max_depth': 3, 'min_child_weight': 10, 'n_estimators': 100, 'scale_pos_weight': 1, 'subsample': 0.8}",0.05290783350021022,1678,0.9570917759237187,0.9596426023024955,0.5499798858709417,0.670185410745703,0.05290783350021022,0.7697841726618705,0.7461627130983438,0.6964144876539464,0.789607163190311,0.7001854025579849,417.0,0.8574712643678161,0.8824272392105834,0.5476729559748428,0.6279284508231322,0.13203928830982428,870.0,0.18736505508422852,0.1587841510772705,2026-04-30T02:15:06.071209+00:00
NR-PPAR-gamma,fcfp,LogisticRegression,smote,f1_macro,"{'C': 0.001, 'l1_ratio': 1.0}",0.0214541120381406,1678,0.9785458879618594,0.9679351494176948,0.494578313253012,0.5,0.0214541120381406,0.5,0.3333333333333333,0.3333333333333333,0.5,0.5,9548.0,0.9471264367816092,0.9214075370815183,0.48642266824085,0.5,0.0528735632183908,870.0,0.1680340766906738,0.1223278045654296,2026-04-21T08:48:34.607954+00:00
NR-PPAR-gamma,fcfp,LogisticRegression,smoteenn,f1_macro,"{'C': 0.001, 'l1_ratio': 1.0}",0.0214541120381406,1678,0.9785458879618594,0.9679351494176948,0.494578313253012,0.5,0.0214541120381406,0.5022091310751104,0.3357908111698287,0.334313725490196,0.5,0.4977908689248895,9506.0,0.9471264367816092,0.9214075370815183,0.48642266824085,0.5,0.0528735632183908,870.0,0.150958776473999,0.1297688484191894,2026-04-21T08:48:34.912837+00:00
NR-PPAR-gamma,fcfp,LogisticRegression,smoten,f1_macro,"{'C': 0.001, 'l1_ratio': 1.0}",0.0214541120381406,1678,0.9785458879618594,0.9679351494176948,0.494578313253012,0.5,0.0214541120381406,0.5,0.3333333333333333,0.3333333333333333,0.5,0.5,9548.0,0.9471264367816092,0.9214075370815183,0.48642266824085,0.5,0.0528735632183908,870.0,0.156369924545288,0.1309828758239746,2026-04-21T08:48:35.228922+00:00
NR-PPAR-gamma,fcfp,LogisticRegression,smoten_enn,f1_macro,"{'C': 0.001, 'l1_ratio': 1.0}",0.0214541120381406,1678,0.9785458879618594,0.9679351494176948,0.494578313253012,0.5,0.0214541120381406,0.5051317320918421,0.3390508104051254,0.3356063268892794,0.5,0.4948682679081578,9451.0,0.9471264367816092,0.9214075370815183,0.48642266824085,0.5,0.0528735632183908,870.0,0.1605701446533203,0.13185715675354,2026-04-21T08:48:35.649975+00:00
NR-PPAR-gamma,klekota_roth,XGBoost,none,f1_macro,"{'colsample_bytree': 0.8, 'learning_rate': 0.1, 'max_depth': 7, 'min_child_weight': 5, 'n_estimators': 200, 'scale_pos_weight': 8, 'subsample': 0.8}",0.18295251669894871,1678,0.9743742550655542,0.9721065114642259,0.6410159456702903,0.767839017458384,0.18295251669894871,0.9940972928963974,0.9943156849783363,0.9503049328136308,0.9990664360007595,0.9586190344414643,4913.0,0.9402298850574713,0.9289211482018305,0.590528945367655,0.6069016462642466,0.14714250172003723,870.0,8.729757070541382,8.578021049499512,2026-04-30T02:17:38.036536+00:00
NR-PPAR-gamma,klekota_roth,XGBoost,random_over,f1_macro,"{'colsample_bytree': 0.8, 'learning_rate': 0.1, 'max_depth': 7, 'min_child_weight': 5, 'n_estimators': 200, 'scale_pos_weight': 1, 'subsample': 0.8}",0.11503925745742928,1678,0.9618593563766389,0.9645137480084779,0.6092676679473745,0.7630853295439166,0.11503925745742928,0.9919354838709677,0.9919349593495935,0.9919349593495934,0.9992499257165393,0.998919220053408,9548.0,0.9252873563218391,0.9204619666814728,0.5791753175719421,0.5557724778387505,0.12326037493042896,870.0,14.416279792785645,14.291303157806396,2026-04-30T02:17:46.103312+00:00
NR-PPAR-gamma,klekota_roth,XGBoost,random_under,f1_macro,"{'colsample_bytree': 0.8, 'learning_rate': 0.05, 'max_depth': 3, 'min_child_weight': 1, 'n_estimators': 100, 'scale_pos_weight': 1, 'subsample': 0.8}",0.05013564850160551,1678,0.9088200238379023,0.9337971446317401,0.5286127406428158,0.6927696575991338,0.05013564850160551,0.841726618705036,0.8302864462040056,0.7997059850954821,0.936079913047979,0.8877834588790963,417.0,0.8816091954022989,0.894736197922305,0.5425704061786941,0.5583579569438581,0.10529756655016323,870.0,0.48246073722839355,0.35152316093444824,2026-04-30T02:17:56.229519+00:00
NR-PPAR-gamma,klekota_roth,XGBoost,smote,f1_macro,"{'colsample_bytree': 0.8, 'learning_rate': 0.1, 'max_depth': 7, 'min_child_weight': 5, 'n_estimators': 200, 'scale_pos_weight': 1, 'subsample': 0.8}",0.0699267397717258,1678,0.867699642431466,0.9112174377455405,0.5272087604136524,0.7566991473812423,0.0699267397717258,0.9750733137829912,0.9750701241346383,0.9750701241346383,0.9954656375153152,0.9948745971644762,9548.0,0.9011494252873563,0.9048623493131484,0.543780487804878,0.4820335584634867,0.06611590334965241,870.0,14.887351751327515,14.614987850189209,2026-04-30T02:18:25.540188+00:00
NR-PPAR-gamma,klekota_roth,XGBoost,smoteenn,f1_macro,"{'colsample_bytree': 0.8, 'learning_rate': 0.1, 'max_depth': 7, 'min_child_weight': 5, 'n_estimators': 200, 'scale_pos_weight': 1, 'subsample': 0.8}",0.06698692816963063,1678,0.8688915375446961,0.9117016864719583,0.5210590775106904,0.7440282852889429,0.06698692816963063,0.9793575566087415,0.9793547675676341,0.9793558234189104,0.9962621440165154,0.9953879188519561,9495.0,0.9080459770114943,0.9089683461570577,0.5501667485328714,0.47894681300126635,0.07004195135369237,870.0,14.824657917022705,14.30957579612732,2026-04-30T02:18:52.768617+00:00
NR-PPAR-gamma,klekota_roth,LogisticRegression,smoten,f1_macro,"{'C': 1, 'l1_ratio': 1.0}",0.1102587485000579,1678,0.8682955899880811,0.911668080464643,0.5310330001074922,0.7379212342671538,0.1102587485000579,0.9837662337662336,0.9837662335881622,0.9837662335881624,0.99677536067187,0.9972259289737172,9548.0,0.913793103448276,0.911446273233619,0.5462794918330308,0.4984830097087379,0.0743730614698325,870.0,0.6055128574371338,0.3998091220855713,2026-04-21T08:48:47.985417+00:00
NR-PPAR-gamma,klekota_roth,XGBoost,smoten_enn,f1_macro,"{'colsample_bytree': 0.8, 'learning_rate': 0.1, 'max_depth': 5, 'min_child_weight': 5, 'n_estimators': 100, 'scale_pos_weight': 1, 'subsample': 0.8}",0.0474077552971896,1678,0.9153754469606674,0.9368217855806439,0.5167873974869602,0.6715895249695494,0.0474077552971896,0.9874060747169012,0.9874061534257913,0.9874060696389084,0.9987052192244534,0.9984988586940221,9449.0,0.9206896551724137,0.9121060370715542,0.5192792792792793,0.40663254537779653,0.05244210802385307,870.0,7.5852391719818115,7.48384690284729,2026-04-30T02:25:01.712476+00:00
NR-PPAR-gamma,maccs,XGBoost,none,f1_macro,"{'colsample_bytree': 0.8, 'learning_rate': 0.1, 'max_depth': 7, 'min_child_weight': 10, 'n_estimators': 200, 'scale_pos_weight': 8, 'subsample': 0.8}",0.16439166125156515,1678,0.9725864123957092,0.9698949570107734,0.6096885113268609,0.797173162809582,0.16439166125156515,0.9934866680236109,0.9937936109903677,0.9463709226264385,0.9994672883394164,0.9764476941116861,4913.0,0.9436781609195403,0.9298868194467779,0.5837686366787412,0.7011661038412833,0.195006741874143,870.0,0.37595582008361816,0.36310601234436035,2026-04-30T02:25:43.782489+00:00
NR-PPAR-gamma,maccs,XGBoost,random_over,f1_macro,"{'colsample_bytree': 0.8, 'learning_rate': 0.1, 'max_depth': 7, 'min_child_weight': 5, 'n_estimators': 200, 'scale_pos_weight': 1, 'subsample': 0.8}",0.19997995176513578,1678,0.9761620977353993,0.972254087107728,0.6235726944388361,0.8072895520368115,0.19997995176513578,0.9957059069962296,0.9957058278149807,0.9957058278149807,0.9998194907515556,0.9997869584005692,9548.0,0.9367816091954023,0.9278301296106772,0.5961991240432408,0.7013771633600676,0.18539831451777306,870.0,0.726747989654541,0.7240140438079834,2026-04-30T02:26:13.305983+00:00
NR-PPAR-gamma,maccs,XGBoost,random_under,f1_macro,"{'colsample_bytree': 0.8, 'learning_rate': 0.1, 'max_depth': 3, 'min_child_weight': 1, 'n_estimators': 200, 'scale_pos_weight': 1, 'subsample': 0.8}",0.10105229085742887,1678,0.9451728247914184,0.9543220501530612,0.5676468940794265,0.7392999729327379,0.10105229085742887,0.973621103117506,0.9735480023852116,0.9701610017889087,0.996881631385539,0.9937735921208765,417.0,0.8494252873563218,0.8788295645253456,0.5566249499126633,0.6946760236386661,0.1299756939672165,870.0,0.045317888259887695,0.03420090675354004,2026-04-30T02:26:33.480369+00:00
NR-PPAR-gamma,maccs,XGBoost,smote,f1_macro,"{'colsample_bytree': 0.8, 'learning_rate': 0.1, 'max_depth': 7, 'min_child_weight': 5, 'n_estimators': 200, 'scale_pos_weight': 1, 'subsample': 0.8}",0.06125777209983975,1678,0.9052443384982122,0.9324948995733358,0.5451993147357386,0.7570966977940181,0.06125777209983975,0.9873271889400922,0.9873261366809595,0.9873261366809595,0.9988685922507565,0.9987328181026365,9548.0,0.9287356321839081,0.918006351828363,0.5385799828913601,0.5495462220346138,0.09762574074623831,870.0,0.6762087345123291,0.6394822597503662,2026-04-30T02:26:33.837100+00:00
NR-PPAR-gamma,maccs,XGBoost,smoteenn,f1_macro,"{'colsample_bytree': 0.8, 'learning_rate': 0.05, 'max_depth': 7, 'min_child_weight': 1, 'n_estimators': 200, 'scale_pos_weight': 1, 'subsample': 0.8}",0.05843306926466722,1678,0.9213349225268176,0.9410541728428825,0.545190222747881,0.7341910272025984,0.05843306926466722,0.9831852791878173,0.9831835240384863,0.9831845794223977,0.9987822717993861,0.9985679736847975,9456.0,0.9229885057471264,0.9146536881709295,0.5332132132132132,0.5371728577458843,0.08576733681674437,870.0,0.6467320919036865,0.6419968605041504,2026-04-30T02:26:35.636307+00:00
NR-PPAR-gamma,maccs,XGBoost,smoten,f1_macro,"{'colsample_bytree': 0.8, 'learning_rate': 0.1, 'max_depth': 7, 'min_child_weight': 1, 'n_estimators': 200, 'scale_pos_weight': 1, 'subsample': 0.8}",0.09624983960369111,1678,0.9767580452920143,0.9690223649736129,0.5406257238924884,0.8188946406820949,0.09624983960369111,0.9963343108504399,0.9963343075934513,0.9963343075934514,0.999783051050332,0.9997090910230929,9548.0,0.9482758620689655,0.9262382168960899,0.527510590279873,0.6716441536513296,0.17408416490375653,870.0,0.6890051364898682,0.6743831634521484,2026-04-30T02:26:52.878727+00:00
NR-PPAR-gamma,maccs,LogisticRegression,smoten_enn,f1_macro,"{'C': 1, 'l1_ratio': 0.0}",0.0331654334040127,1678,0.9553039332538736,0.9577256336302457,0.5255866553576477,0.571753620246312,0.0331654334040127,0.9788410419989368,0.9788403487700544,0.9788409644950866,0.9954423645607184,0.9944974561356178,9405.0,0.9264367816091954,0.9166606944329592,0.5363709032773781,0.5777226677923174,0.0851073080071951,870.0,0.0909709930419921,0.0919280052185058,2026-04-21T08:48:56.367913+00:00
NR-PPAR-gamma,map4,RUSBoost,none,f1_macro,"{'learning_rate': 0.005, 'n_estimators': 50, 'sampling_strategy': 'auto'}",0.0480388406492097,1678,0.9630512514898688,0.9619869985003652,0.5346894232145413,0.6453089051292461,0.0480388406492097,0.7801750457968655,0.8534429893816129,0.5243762078745352,0.9100191987172724,0.6748165252476601,4913.0,0.771264367816092,0.8307963355877831,0.5240687135588049,0.7100042211903758,0.1464245200932508,870.0,0.6904568672180176,0.5637741088867188,2026-04-29T18:56:44.116578+00:00
NR-PPAR-gamma,map4,XGBoost,random_over,f1_macro,"{'colsample_bytree': 0.8, 'learning_rate': 0.05, 'max_depth': 3, 'min_child_weight': 1, 'n_estimators': 100, 'scale_pos_weight': 1, 'subsample': 0.8}",0.023068366756124822,1678,0.9696066746126341,0.9649877864478199,0.5286387045247997,0.4343280552172148,0.023068366756124822,0.9378927524088815,0.9378858020247317,0.9378858020247317,0.9855099645141808,0.9862321468856894,9548.0,0.9114942528735632,0.9119432214480143,0.5626456705250994,0.5391515407344871,0.12596205400655724,870.0,1.4747169017791748,1.4000530242919922,2026-04-30T02:27:15.652309+00:00
NR-PPAR-gamma,map4,RandomForest,random_under,f1_macro,"{'max_depth': 10, 'max_features': 'sqrt', 'min_samples_leaf': 5, 'n_estimators': 100}",0.0372801722687707,1678,0.9749702026221692,0.9671119784673706,0.5163866930171278,0.6347188388144539,0.0372801722687707,0.9640287769784172,0.9634754583047552,0.9583480385954866,0.9917447337094352,0.9869124186942294,417.0,0.828735632183908,0.8644028893550908,0.5218210859084219,0.6739130434782609,0.1327684152920251,870.0,0.1923866271972656,0.1420681476593017,2026-04-21T18:31:17.828914+00:00
NR-PPAR-gamma,map4,LogisticRegression,smote,f1_macro,"{'C': 0.001, 'l1_ratio': 1.0}",0.0214541120381406,1678,0.9785458879618594,0.9679351494176948,0.494578313253012,0.5,0.0214541120381406,0.5,0.3333333333333333,0.3333333333333333,0.5,0.5,9548.0,0.9471264367816092,0.9214075370815183,0.48642266824085,0.5,0.0528735632183908,870.0,0.123323917388916,0.1041700839996337,2026-04-21T08:49:00.697705+00:00
NR-PPAR-gamma,map4,LogisticRegression,smoteenn,f1_macro,"{'C': 0.001, 'l1_ratio': 1.0}",0.0214541120381406,1678,0.9785458879618594,0.9679351494176948,0.494578313253012,0.5,0.0214541120381406,0.5008918266708635,0.3343247228978263,0.3337294652219503,0.5,0.4991081733291365,9531.0,0.9471264367816092,0.9214075370815183,0.48642266824085,0.5,0.0528735632183908,870.0,0.1169776916503906,0.1108050346374511,2026-04-21T08:49:03.032782+00:00
NR-PPAR-gamma,map4,DecisionTree,smoten,f1_macro,"{'ccp_alpha': 0.01, 'criterion': 'entropy', 'max_depth': 5, 'min_samples_leaf': 10}",0.0198672411507779,1678,0.964839094159714,0.9617275389857984,0.5074404835941192,0.4511858844227906,0.0198672411507779,0.7461248428990365,0.7461154744564942,0.7461154744564942,0.8041063089781282,0.7297815174651305,9548.0,0.7586206896551724,0.819498131365923,0.4660455220303714,0.5066747572815533,0.0540768489627169,870.0,0.6160399913787842,0.5990140438079834,2026-04-22T09:49:50.303047+00:00
NR-PPAR-gamma,map4,DecisionTree,smoten_enn,f1_macro,"{'ccp_alpha': 0.01, 'criterion': 'entropy', 'max_depth': 5, 'min_samples_leaf': 10}",0.01988225452821,1678,0.965435041716329,0.962041467535323,0.5078681229773463,0.4517272296657192,0.01988225452821,0.7487881981032666,0.7487858548969488,0.7487745293997459,0.8079529553458389,0.7301009379838905,9490.0,0.7620689655172413,0.8214073136741649,0.4635372759525646,0.4932592866188264,0.0530693015231554,870.0,0.5944027900695801,0.7487750053405762,2026-04-22T09:49:54.255103+00:00
NR-PPAR-gamma,mhfp,LogisticRegression,none,f1_macro,"{'C': 1, 'l1_ratio': 0.0}",0.0616905124457737,1678,0.968414779499404,0.9662018546324368,0.5713177061491668,0.640089998646637,0.0616905124457737,1.0,1.0,1.0,1.0,0.9999999999999996,4913.0,0.9390804597701148,0.9226416001811656,0.5350830316901763,0.575955044322499,0.1145192033854796,870.0,1.8355352878570557,1.7503318786621094,2026-04-21T08:49:07.628542+00:00
NR-PPAR-gamma,mhfp,LogisticRegression,random_over,f1_macro,"{'C': 0.1, 'l1_ratio': 0.0}",0.064293467860593,1678,0.968414779499404,0.9662018546324368,0.5713177061491668,0.64824401136825,0.064293467860593,1.0,1.0,1.0,1.0,1.0,9548.0,0.9344827586206896,0.9199698813171148,0.5306244143453446,0.5747150696496411,0.1185275000493102,870.0,3.0104472637176514,3.0003907680511475,2026-04-21T08:49:11.775771+00:00
NR-PPAR-gamma,mhfp,RandomForest,random_under,f1_macro,"{'max_depth': 10, 'max_features': 'sqrt', 'min_samples_leaf': 10, 'n_estimators': 200}",0.037991607482216,1678,0.971990464839094,0.966312782255708,0.5321052475453116,0.564656922452294,0.037991607482216,0.9976019184652278,0.99759974247462,0.9972972797801528,1.0,1.0,417.0,0.9275862068965516,0.9208594959066688,0.5719674192314,0.5662199240185734,0.1124238680358989,870.0,0.3892707824707031,0.3760633468627929,2026-04-21T18:32:34.060336+00:00
NR-PPAR-gamma,mhfp,LogisticRegression,smote,f1_macro,"{'C': 1, 'l1_ratio': 0.0}",0.0651866389029522,1678,0.9743742550655542,0.9684491624329882,0.554723129045994,0.6657869806469076,0.0651866389029522,1.0,1.0,1.0,1.0,1.0,9548.0,0.9459770114942528,0.9229599154248048,0.5065110609589785,0.5773269311945969,0.116102839317175,870.0,2.6549630165100098,2.5311572551727295,2026-04-21T08:49:14.523160+00:00
NR-PPAR-gamma,mhfp,LogisticRegression,smoteenn,f1_macro,"{'C': 1, 'l1_ratio': 1.0}",0.0703222005391167,1678,0.9731823599523242,0.9677462808831244,0.5520156625433834,0.6646027879280011,0.0703222005391167,1.0,1.0,1.0,1.0,1.0,9544.0,0.9471264367816092,0.9274169149475572,0.5440667152752461,0.6071390882228789,0.1508977325776568,870.0,1.6586098670959473,1.513636827468872,2026-04-21T08:49:19.158229+00:00
NR-PPAR-gamma,mhfp,XGBoost,smoten,f1_macro,"{'colsample_bytree': 0.8, 'learning_rate': 0.05, 'max_depth': 3, 'min_child_weight': 1, 'n_estimators': 100, 'scale_pos_weight': 1, 'subsample': 0.8}",0.07841117299958812,1678,0.9755661501787842,0.9691600865968056,0.5576345620904947,0.5704594667749356,0.07841117299958812,0.9885839966485128,0.9885829134791474,0.9885829134791473,0.9976091080561531,0.9981552064298441,9548.0,0.9448275862068966,0.9223407467863702,0.5057988165680474,0.5523955255382018,0.10282394263193417,870.0,3.2013702392578125,3.1694529056549072,2026-04-30T02:33:07.813915+00:00
NR-PPAR-gamma,mhfp,XGBoost,smoten_enn,f1_macro,"{'colsample_bytree': 0.8, 'learning_rate': 0.05, 'max_depth': 3, 'min_child_weight': 1, 'n_estimators': 100, 'scale_pos_weight': 1, 'subsample': 0.8}",0.07879479233398198,1678,0.9755661501787842,0.9691600865968056,0.5576345620904947,0.5943463256191637,0.07879479233398198,0.9906551868962621,0.9906544573186603,0.990654217457531,0.9980606354596168,0.9985361838623613,9524.0,0.9459770114942528,0.9229599154248049,0.5065110609589785,0.5671433094132545,0.09162325588126494,870.0,3.250767946243286,3.274627685546875,2026-04-30T02:34:27.040299+00:00
NR-PPAR-gamma,morgan_2048,LogisticRegression,none,f1_macro,"{'C': 1, 'l1_ratio': 0.0}",0.2085500529646885,1678,0.967222884386174,0.9693397827530404,0.6602726211905366,0.777304100690215,0.2085500529646885,0.9955220842662325,0.9956811037064164,0.962178598922248,0.9996895654820928,0.9826806410163618,4913.0,0.9206896551724136,0.9166050838945652,0.5635165889872101,0.6210162515829465,0.1632354356024107,870.0,0.1795289516448974,0.1704840660095214,2026-04-21T08:49:32.513437+00:00
NR-PPAR-gamma,morgan_2048,LogisticRegression,random_over,f1_macro,"{'C': 1, 'l1_ratio': 0.0}",0.2106123200564978,1678,0.9731823599523242,0.9729975851648496,0.6762492764808026,0.7777439437000948,0.2106123200564978,0.9988479262672812,0.9988479247381618,0.9988479247381616,0.999977578943618,0.9999770488964436,9548.0,0.9241379310344828,0.917649311972728,0.5570674812552069,0.6197498944702406,0.1610399658100066,870.0,0.3526070117950439,0.2948410511016845,2026-04-21T08:49:37.032991+00:00
NR-PPAR-gamma,morgan_2048,XGBoost,random_under,f1_macro,"{'colsample_bytree': 0.8, 'learning_rate': 0.05, 'max_depth': 3, 'min_child_weight': 10, 'n_estimators': 200, 'scale_pos_weight': 1, 'subsample': 0.8}",0.05577375864364751,1678,0.9636471990464839,0.9633967265567963,0.5611379081184213,0.6250845851942076,0.05577375864364751,0.7697841726618705,0.7549093003167291,0.7118341491505902,0.8129755188654831,0.6867438489928234,417.0,0.8942528735632184,0.9056761742585498,0.5882716049382716,0.6309492401857324,0.10641741357479467,870.0,0.31125402450561523,0.29949307441711426,2026-04-30T02:35:39.147082+00:00
NR-PPAR-gamma,morgan_2048,LogisticRegression,smote,f1_macro,"{'C': 1, 'l1_ratio': 0.0}",0.0624361760569447,1678,0.901668653158522,0.9297705087254022,0.5231796975505417,0.7094329408580322,0.0624361760569447,0.9901550062840384,0.9901549907332006,0.9901549907332003,0.999527885388123,0.999552934568092,9548.0,0.9149425287356322,0.913112379535524,0.5571483601144618,0.5181511186154495,0.0978485167369744,870.0,0.2822279930114746,0.2527220249176025,2026-04-21T08:49:41.741794+00:00
NR-PPAR-gamma,morgan_2048,LogisticRegression,smoteenn,f1_macro,"{'C': 1, 'l1_ratio': 1.0}",0.0789545084302384,1678,0.8927294398092968,0.9253367806268276,0.5345353675450762,0.6588340776830424,0.0789545084302384,0.9907475554620964,0.9907475873745012,0.9907475381762104,0.999426185165424,0.9994864574720228,9511.0,0.9080459770114944,0.9080459770114944,0.5409455466441536,0.5477522161249472,0.0973940908135311,870.0,0.2718498706817627,0.2324090003967285,2026-04-21T08:49:42.527037+00:00
NR-PPAR-gamma,morgan_2048,LogisticRegression,smoten,f1_macro,"{'C': 1, 'l1_ratio': 1.0}",0.0998190188624422,1678,0.9618593563766388,0.9641267576022184,0.5999821207741705,0.7146095547435377,0.0998190188624422,0.9913070800167576,0.9913068319928162,0.991306831992816,0.9993120552974332,0.9994128915070192,9548.0,0.9321839080459772,0.9186456048669122,0.5285419058553387,0.5910985647952722,0.0861774240600283,870.0,0.3668630123138428,0.2653031349182129,2026-04-21T08:49:43.869965+00:00
NR-PPAR-gamma,morgan_2048,DecisionTree,smoten_enn,f1_macro,"{'ccp_alpha': 0.0, 'criterion': 'gini', 'max_depth': 15, 'min_samples_leaf': 10}",0.0387253329498766,1678,0.9123957091775924,0.935807600875512,0.5315119227372439,0.6234690079848424,0.0387253329498766,0.9775780010576416,0.9775765342687645,0.9775775372935112,0.98518576956807,0.9710248417820438,9455.0,0.906896551724138,0.9043619750923086,0.5099818511796733,0.5439531447868299,0.0592515885919917,870.0,2.2517223358154297,3.71755313873291,2026-04-22T09:55:04.627874+00:00
NR-PPAR-gamma,morgan_4096,LogisticRegression,none,f1_macro,"{'C': 1, 'l1_ratio': 0.0}",0.2605694421544992,1678,0.9690107270560192,0.9698073383406188,0.6499679075738125,0.7943818514007306,0.2605694421544992,0.9995929167514755,0.9995943279758408,0.996323815509862,1.0,0.9999999999999998,4913.0,0.928735632183908,0.9166710340298468,0.5255769772023642,0.4761502743773744,0.1188903944556532,870.0,0.4315488338470459,0.3357610702514648,2026-04-21T08:49:52.676151+00:00
NR-PPAR-gamma,morgan_4096,LogisticRegression,random_over,f1_macro,"{'C': 1, 'l1_ratio': 0.0}",0.2649087930151801,1678,0.9702026221692492,0.9705962104068144,0.6545448556417478,0.7929100690215185,0.2649087930151801,1.0,1.0,1.0,1.0,1.0,9548.0,0.9298850574712644,0.9173277828349032,0.5265453961513413,0.4738550021105953,0.1104215411875754,870.0,0.5330862998962402,0.4732811450958252,2026-04-21T08:49:53.570006+00:00
NR-PPAR-gamma,morgan_4096,XGBoost,random_under,f1_macro,"{'colsample_bytree': 0.8, 'learning_rate': 0.1, 'max_depth': 5, 'min_child_weight': 10, 'n_estimators': 200, 'scale_pos_weight': 1, 'subsample': 0.8}",0.06094227907744694,1678,0.9487485101311085,0.9560492393723476,0.5652168673246803,0.6293730545405333,0.06094227907744694,0.8009592326139089,0.7898933210196664,0.7541221184243243,0.8336913203250349,0.7395863232866631,417.0,0.8632183908045977,0.8837626321190599,0.5285755267268033,0.5570388349514563,0.07590854592169925,870.0,0.9131240844726562,0.7948799133300781,2026-04-30T02:39:27.138546+00:00
NR-PPAR-gamma,morgan_4096,LogisticRegression,smote,f1_macro,"{'C': 0.001, 'l1_ratio': 0.0}",0.0248563656160304,1678,0.9046483909415972,0.9304560499626024,0.498715420923702,0.4993317769657598,0.0248563656160304,0.8909719312945119,0.890931865362995,0.890931865362995,0.9514012414332698,0.951818232450941,9548.0,0.871264367816092,0.8858990493000475,0.5063729761494661,0.4622467285774588,0.0810326387517414,870.0,0.431006908416748,0.2688229084014892,2026-04-21T08:49:57.947768+00:00
NR-PPAR-gamma,morgan_4096,LogisticRegression,smoteenn,f1_macro,"{'C': 0.001, 'l1_ratio': 0.0}",0.024812494380805,1678,0.9052443384982122,0.930784418132498,0.4990226508413089,0.4985028420625253,0.024812494380805,0.8924595673177904,0.8924200344000646,0.8924252785626201,0.9540666076321156,0.9533443817757936,9522.0,0.8724137931034482,0.8872687327090788,0.5144576677677724,0.4618246095398902,0.080949931159661,870.0,0.3812589645385742,0.5426878929138184,2026-04-21T08:49:59.287263+00:00
NR-PPAR-gamma,morgan_4096,LogisticRegression,smoten,f1_macro,"{'C': 1, 'l1_ratio': 1.0}",0.0740036933966359,1678,0.9690107270560192,0.9653364170752078,0.5438405721335815,0.6977771010962242,0.0740036933966359,0.9945538332635108,0.9945537988529825,0.9945537988529825,0.999752095951942,0.9997871151661936,9548.0,0.9298850574712644,0.9158878287607056,0.5125602755453502,0.4621675812579147,0.0733089971299528,870.0,0.4479539394378662,0.3567268848419189,2026-04-21T08:50:01.116248+00:00
NR-PPAR-gamma,morgan_4096,LogisticRegression,smoten_enn,f1_macro,"{'C': 1, 'l1_ratio': 1.0}",0.0465896572465613,1678,0.9547079856972588,0.9574005246526344,0.5249787684193274,0.7124357152524023,0.0465896572465613,0.9968361105252056,0.9968360896913544,0.9968359178120808,0.9999789108307212,0.9999786225537188,9482.0,0.9321839080459772,0.9155780070889774,0.4988234604907293,0.4682355424229633,0.0578400845730562,870.0,0.4970858097076416,0.3268971443176269,2026-04-21T08:50:02.422828+00:00
NR-PPAR-gamma,pubchem,XGBoost,none,f1_macro,"{'colsample_bytree': 0.8, 'learning_rate': 0.1, 'max_depth': 3, 'min_child_weight': 1, 'n_estimators': 200, 'scale_pos_weight': 4, 'subsample': 0.8}",0.25043126750387296,1678,0.9797377830750894,0.9753475134962473,0.6548578342407744,0.8437796048179727,0.25043126750387296,0.9875839609200081,0.987190640751449,0.8799530536178156,0.9909672597071064,0.85967852981418,4913.0,0.9402298850574713,0.9216569353599414,0.5202748557855447,0.602957471506965,0.1533234788085859,870.0,0.9799840450286865,0.9536631107330322,2026-04-30T02:46:29.541915+00:00
NR-PPAR-gamma,pubchem,XGBoost,random_over,f1_macro,"{'colsample_bytree': 0.8, 'learning_rate': 0.1, 'max_depth': 7, 'min_child_weight': 1, 'n_estimators': 200, 'scale_pos_weight': 1, 'subsample': 0.8}",0.27072258442696934,1678,0.9749702026221693,0.9725127868359236,0.643628640776699,0.8476620652321017,0.27072258442696934,0.9972769166317553,0.997276896439444,0.9972768964394441,0.9999501998062751,0.9999453725707179,9548.0,0.9390804597701149,0.9281700408237683,0.5886378032134605,0.6306590333474039,0.17105982792736057,870.0,2.471313953399658,2.5346949100494385,2026-04-30T02:47:14.516011+00:00
NR-PPAR-gamma,pubchem,XGBoost,random_under,f1_macro,"{'colsample_bytree': 0.8, 'learning_rate': 0.05, 'max_depth': 3, 'min_child_weight': 1, 'n_estimators': 200, 'scale_pos_weight': 1, 'subsample': 0.8}",0.09014805616402624,1678,0.9696066746126341,0.9669170252250122,0.5742282146322047,0.7314081743131682,0.09014805616402624,0.9280575539568345,0.9263354238754326,0.9154546929065743,0.9787019305418974,0.9659137880258469,417.0,0.8850574712643678,0.9005002993008991,0.5843287147634973,0.6538755804136767,0.1481348089479289,870.0,0.13790392875671387,0.12432408332824707,2026-04-30T02:47:31.573371+00:00
NR-PPAR-gamma,pubchem,BernoulliNB,smote,f1_macro,{'alpha': 0.1},0.0707509370871843,1678,0.9779499404052444,0.9697170420919232,0.5431997939888902,0.6648396264717824,0.0707509370871843,0.7736698785085881,0.7736147475113669,0.7736147475113669,0.8555918772768779,0.846524927010807,9548.0,0.8241379310344827,0.861974656525591,0.523618651559128,0.5061602997045167,0.0955822015733892,870.0,0.1359097957611084,0.1349737644195556,2026-04-21T14:23:15.661888+00:00
NR-PPAR-gamma,pubchem,BernoulliNB,smoteenn,f1_macro,{'alpha': 0.1},0.0705001364960874,1678,0.9791418355184744,0.9704209837887504,0.5460061996088527,0.6596291785085937,0.0705001364960874,0.7783743946093914,0.7783451105105481,0.7783557981378633,0.861899140915352,0.8509642523528277,9498.0,0.828735632183908,0.8648082385096818,0.5266818804198996,0.504893942591811,0.0958291469827147,870.0,0.1532998085021972,0.1505689620971679,2026-04-21T14:23:17.755963+00:00
NR-PPAR-gamma,pubchem,DecisionTree,smoten,f1_macro,"{'ccp_alpha': 0.0, 'criterion': 'entropy', 'max_depth': 15, 'min_samples_leaf': 50}",0.0958373809066122,1678,0.9404052443384984,0.952421505655506,0.5813038965186841,0.7239223846257952,0.0958373809066122,0.9370548806032676,0.9370503501825402,0.93705035018254,0.9857773059946796,0.9847782785918726,9548.0,0.8735632183908046,0.8879365662768324,0.5151877444325113,0.5030999366821444,0.0573331392492011,870.0,0.4507050514221191,0.559718132019043,2026-04-22T10:02:06.135874+00:00
NR-PPAR-gamma,pubchem,DecisionTree,smoten_enn,f1_macro,"{'ccp_alpha': 0.0, 'criterion': 'gini', 'max_depth': 10, 'min_samples_leaf': 50}",0.0620257450028931,1678,0.9392133492252682,0.9517309363994014,0.5794486215538848,0.6982592367032074,0.0620257450028931,0.937361125806793,0.937351374596508,0.9373567488430856,0.986490212870854,0.9838785468694784,9451.0,0.8862068965517241,0.89604621733604,0.5315228092313885,0.5449952511608274,0.1016888002874489,870.0,0.4779751300811767,0.5774919986724854,2026-04-22T10:02:08.621854+00:00
NR-PPAR-gamma,rdkit,LogisticRegression,none,f1_macro,"{'C': 0.01, 'l1_ratio': 0.0}",0.1837598332744716,1678,0.9410011918951132,0.9535147506135926,0.6009397453174884,0.7617488834754365,0.1837598332744716,0.969672297984938,0.9747232764548424,0.8176005569380169,0.997137522491433,0.8941365729771724,4913.0,0.8954022988505748,0.9014615627965834,0.5388379204892967,0.4759655972984382,0.1140534595662223,870.0,0.7239809036254883,0.6902952194213867,2026-04-21T08:50:28.100407+00:00
NR-PPAR-gamma,rdkit,LogisticRegression,random_over,f1_macro,"{'C': 0.1, 'l1_ratio': 1.0}",0.1416066740416095,1678,0.964839094159714,0.9659538743676944,0.6078864715644222,0.7905078495060225,0.1416066740416095,0.988165060745706,0.988163402843408,0.988163402843408,0.9987953179569056,0.9980799472282168,9548.0,0.8931034482758621,0.9016288530862736,0.5525359613757403,0.4502427184466019,0.1141316652654341,870.0,1.4533178806304932,1.410161018371582,2026-04-21T08:50:31.393110+00:00
NR-PPAR-gamma,rdkit,XGBoost,random_under,f1_macro,"{'colsample_bytree': 0.8, 'learning_rate': 0.1, 'max_depth': 5, 'min_child_weight': 1, 'n_estimators': 100, 'scale_pos_weight': 1, 'subsample': 0.8}",0.11706677136429153,1678,0.9749702026221693,0.9695469284365408,0.5736479128856624,0.7416345242928678,0.11706677136429153,1.0,1.0,1.0,1.0,0.9999999999999999,417.0,0.8471264367816091,0.8751561087269533,0.5290119059733388,0.6252902068383285,0.1033463713156167,870.0,0.2896420955657959,0.26952409744262695,2026-04-30T02:49:44.862202+00:00
NR-PPAR-gamma,rdkit,LogisticRegression,smote,f1_macro,"{'C': 0.001, 'l1_ratio': 1.0}",0.0214541120381406,1678,0.9785458879618594,0.9679351494176948,0.494578313253012,0.5,0.0214541120381406,0.5,0.3333333333333333,0.3333333333333333,0.5,0.5,9548.0,0.9471264367816092,0.9214075370815183,0.48642266824085,0.5,0.0528735632183908,870.0,0.324502944946289,0.280923843383789,2026-04-21T08:50:33.514076+00:00
NR-PPAR-gamma,rdkit,LogisticRegression,smoteenn,f1_macro,"{'C': 0.001, 'l1_ratio': 1.0}",0.0214541120381406,1678,0.9785458879618594,0.9679351494176948,0.494578313253012,0.5,0.0214541120381406,0.5031088628938771,0.3367933410159671,0.3347121923858935,0.5,0.4968911371061228,9489.0,0.9471264367816092,0.9214075370815183,0.48642266824085,0.5,0.0528735632183908,870.0,0.2627770900726318,0.2337849140167236,2026-04-21T08:50:34.175268+00:00
NR-PPAR-gamma,rdkit,XGBoost,smoten,f1_macro,"{'colsample_bytree': 0.8, 'learning_rate': 0.1, 'max_depth': 7, 'min_child_weight': 5, 'n_estimators': 200, 'scale_pos_weight': 1, 'subsample': 0.8}",0.04263249025261809,1678,0.9117997616209773,0.935057182024268,0.5200414357166601,0.7118436188929489,0.04263249025261809,0.9963343108504399,0.9963343088801635,0.9963343088801636,0.999831666569845,0.9997951394936959,9548.0,0.9379310344827586,0.9219704433497538,0.5339285714285714,0.5279126213592232,0.0894793246940776,870.0,6.405561923980713,6.3015220165252686,2026-04-30T02:52:08.106309+00:00
NR-PPAR-gamma,rdkit,LogisticRegression,smoten_enn,f1_macro,"{'C': 1, 'l1_ratio': 1.0}",0.0398366952851886,1678,0.8605482717520858,0.9066295025346852,0.5087453270677256,0.6124898497766951,0.0398366952851886,0.997778483021263,0.9977785189221836,0.99777833941758,0.9997939120080604,0.999629360732248,9453.0,0.9195402298850576,0.9114576062171345,0.5184400303643725,0.4144945124525116,0.085720654837645,870.0,0.7623322010040283,0.7148501873016357,2026-04-21T08:50:39.821668+00:00
NR-PPAR-gamma,topological_torsion,XGBoost,none,f1_macro,"{'colsample_bytree': 0.8, 'learning_rate': 0.1, 'max_depth': 5, 'min_child_weight': 1, 'n_estimators': 100, 'scale_pos_weight': 8, 'subsample': 0.8}",0.3920169290101838,1678,0.9833134684147795,0.9786632457152914,0.6914225666622882,0.79659798348897,0.3920169290101838,0.9916547934052514,0.9916980293193577,0.9248985420251329,0.9977794890187556,0.9253349241778065,4913.0,0.9425287356321839,0.9277504105090312,0.5684523809523809,0.6203039257070494,0.12693099996574392,870.0,1.4990198612213135,1.4533500671386719,2026-04-30T02:53:13.587279+00:00
NR-PPAR-gamma,topological_torsion,XGBoost,random_over,f1_macro,"{'colsample_bytree': 0.8, 'learning_rate': 0.1, 'max_depth': 5, 'min_child_weight': 5, 'n_estimators': 200, 'scale_pos_weight': 1, 'subsample': 0.8}",0.42460440835436847,1678,0.9839094159713945,0.9796907887344817,0.7086861750352038,0.7572912437406956,0.42460440835436847,0.9879555927943025,0.9879538452858029,0.987953845285803,0.9987531523303244,0.9983753765468288,9548.0,0.9149425287356322,0.9121296835904762,0.5473974297685666,0.5715755593077247,0.11717896679442885,870.0,4.2417120933532715,4.23225998878479,2026-04-30T02:53:31.536480+00:00
NR-PPAR-gamma,topological_torsion,LogisticRegression,random_under,f1_macro,"{'C': 1, 'l1_ratio': 0.0}",0.0470453983061284,1678,0.9576877234803336,0.9590292386458692,0.52813456747583,0.6383729192042225,0.0470453983061284,0.9928057553956836,0.9928121670057156,0.9919209532112758,0.9996376999120128,0.999310875557884,417.0,0.7540229885057471,0.8196785161634182,0.519207924883017,0.6754432249894471,0.1041193065227458,870.0,0.036790132522583,0.01298189163208,2026-04-21T08:50:45.658912+00:00
NR-PPAR-gamma,topological_torsion,LogisticRegression,smote,f1_macro,"{'C': 0.001, 'l1_ratio': 1.0}",0.0214541120381406,1678,0.9785458879618594,0.9679351494176948,0.494578313253012,0.5,0.0214541120381406,0.5,0.3333333333333333,0.3333333333333333,0.5,0.5,9548.0,0.9471264367816092,0.9214075370815183,0.48642266824085,0.5,0.0528735632183908,870.0,0.1904430389404297,0.1449463367462158,2026-04-21T08:50:46.723167+00:00
NR-PPAR-gamma,topological_torsion,LogisticRegression,smoteenn,f1_macro,"{'C': 0.001, 'l1_ratio': 1.0}",0.0214541120381406,1678,0.9785458879618594,0.9679351494176948,0.494578313253012,0.5,0.0214541120381406,0.5025263157894737,0.3361441266048686,0.3344542524870393,0.5,0.4974736842105263,9500.0,0.9471264367816092,0.9214075370815183,0.48642266824085,0.5,0.0528735632183908,870.0,0.1584298610687255,0.1471490859985351,2026-04-21T08:50:49.788305+00:00
NR-PPAR-gamma,topological_torsion,DecisionTree,smoten,f1_macro,"{'ccp_alpha': 0.0, 'criterion': 'entropy', 'max_depth': 5, 'min_samples_leaf': 10}",0.0221668423814786,1678,0.9541120381406436,0.9565983171937188,0.5129356328338517,0.4890208417918528,0.0221668423814786,0.7478005865102639,0.7477068915539623,0.7477068915539623,0.8111959917995972,0.7297211308595103,9548.0,0.7816091954022989,0.8359456635318704,0.5056818181818181,0.5630144575770367,0.0657956906255719,870.0,1.012016773223877,1.0457520484924316,2026-04-22T10:06:50.386668+00:00
NR-PPAR-gamma,topological_torsion,DecisionTree,smoten_enn,f1_macro,"{'ccp_alpha': 0.0, 'criterion': 'entropy', 'max_depth': 5, 'min_samples_leaf': 10}",0.0289569658382687,1678,0.9737783075089392,0.967318005398838,0.5350161225312374,0.5015056164568954,0.0289569658382687,0.7607913669064749,0.7606496154638321,0.7606977007588629,0.811359467602141,0.7242150985341254,9452.0,0.7816091954022989,0.8354107795912485,0.4978492271799358,0.5255382017728999,0.0596567796140502,870.0,1.001443862915039,1.0653371810913086,2026-04-22T10:06:54.357125+00:00
SR-ARE,atom_pair,XGBoost,none,f1_macro,"{'colsample_bytree': 0.8, 'learning_rate': 0.1, 'max_depth': 5, 'min_child_weight': 5, 'n_estimators': 200, 'scale_pos_weight': 8, 'subsample': 0.8}",0.15527388210494578,1539,0.8908382066276803,0.8732524986144273,0.5549511835745466,0.6308514318057943,0.15527388210494578,0.9434653238727397,0.9461435282156168,0.9133384488192422,0.9937303790257088,0.9680706341109009,4369.0,0.7801778907242694,0.7910320946039381,0.6630534581622628,0.7923493044822256,0.4323203422062195,787.0,2.7487218379974365,2.7300689220428467,2026-04-30T02:56:27.576146+00:00
SR-ARE,atom_pair,DecisionTree,random_over,f1_macro,"{'ccp_alpha': 0.0, 'criterion': 'entropy', 'max_depth': 15, 'min_samples_leaf': 20}",0.128416883766542,1539,0.8719948018193632,0.8655514330474764,0.5631903873444895,0.5966075845876483,0.128416883766542,0.8388625592417062,0.8388472162112416,0.8388472162112416,0.9270188113085936,0.9294828386326144,7174.0,0.7293519695044473,0.7446501847599192,0.5925679272202278,0.620611614042835,0.2798506840898602,787.0,1.6118199825286863,1.326591968536377,2026-04-22T10:07:26.382940+00:00
SR-ARE,atom_pair,DecisionTree,random_under,f1_macro,"{'ccp_alpha': 0.0, 'criterion': 'entropy', 'max_depth': 10, 'min_samples_leaf': 20}",0.1227086855753593,1539,0.8869395711500975,0.8694336940317237,0.5432580130173155,0.5123134250136263,0.1227086855753593,0.777919863597613,0.7805944108755812,0.7565542272966013,0.8366380550885985,0.7446617410618891,2346.0,0.7306226175349428,0.7530027522919809,0.6240626577258634,0.7121715610510047,0.3394171365442422,787.0,1.3212621212005615,0.2617199420928955,2026-04-22T10:08:28.209820+00:00
SR-ARE,atom_pair,LogisticRegression,smote,f1_macro,"{'C': 0.01, 'l1_ratio': 1.0}",0.1157480410276878,1539,0.894087069525666,0.8707757563204165,0.53128801113592,0.5673216007714561,0.1157480410276878,0.7139671034290493,0.7139553429027112,0.7139553429027113,0.7765715553229458,0.7675962164081437,7174.0,0.7115628970775095,0.7392312522608623,0.6150909329868809,0.7214396113932435,0.404302651804387,787.0,0.1994211673736572,0.1721768379211425,2026-04-21T08:51:01.634488+00:00
SR-ARE,atom_pair,LogisticRegression,smoteenn,f1_macro,"{'C': 0.01, 'l1_ratio': 1.0}",0.1159716320806597,1539,0.8901884340480831,0.8692175321094672,0.5328867377268522,0.5677670747557755,0.1159716320806597,0.7303403330919623,0.7304405238513945,0.7302655153170616,0.7934937007978546,0.7720311650098586,6905.0,0.7090216010165185,0.7369337302543503,0.61169966367399,0.7143629940384191,0.3965333612704848,787.0,0.1584880352020263,0.1454360485076904,2026-04-21T08:51:02.758549+00:00
SR-ARE,atom_pair,DecisionTree,smoten,f1_macro,"{'ccp_alpha': 0.01, 'criterion': 'entropy', 'max_depth': 10, 'min_samples_leaf': 10}",0.130962008671474,1539,0.8999350227420403,0.878289547973339,0.559396332485611,0.570618108255419,0.130962008671474,0.7535545023696683,0.7533851418442116,0.7533851418442116,0.7892091512508114,0.7631685600194003,7174.0,0.7229987293519695,0.7393595683576488,0.5857494688043269,0.6028096710090527,0.2972783403194045,787.0,1.1852269172668457,1.1584570407867432,2026-04-22T10:08:39.220722+00:00
SR-ARE,atom_pair,DecisionTree,smoten_enn,f1_macro,"{'ccp_alpha': 0.01, 'criterion': 'gini', 'max_depth': 10, 'min_samples_leaf': 10}",0.1258035153598562,1539,0.8992852501624431,0.877876121238765,0.5587541642234706,0.5651728439059158,0.1258035153598562,0.7459016393442623,0.7445682325381595,0.7452253292639335,0.7848586940600001,0.7126835980153663,6832.0,0.6747141041931385,0.7054773471546025,0.5636867636867637,0.5875745197615367,0.2783341425395327,787.0,1.5394370555877686,0.9743039608001708,2026-04-22T10:08:46.234850+00:00
SR-ARE,avalon,DecisionTree,none,f1_macro,"{'ccp_alpha': 0.0, 'criterion': 'gini', 'max_depth': 15, 'min_samples_leaf': 10}",0.1377126135758386,1539,0.8219623131903834,0.8414439933916591,0.5731473758371326,0.594008112867385,0.1377126135758386,0.8155184252689403,0.8340398126246971,0.7596093089959035,0.9382355080187976,0.7670558957998389,4369.0,0.6416772554002541,0.6806839698524342,0.5488412750040658,0.5976319275778317,0.2677141213706197,787.0,0.2250177860260009,0.1804530620574951,2026-04-22T10:09:34.431063+00:00
SR-ARE,avalon,KNeighbors,random_over,f1_macro,"{'n_neighbors': 15, 'weights': 'uniform'}",0.1765510954904689,1539,0.8304093567251462,0.8476500882049312,0.5844692835677303,0.704794872332397,0.1765510954904689,0.812238639531642,0.8118134578202003,0.8118134578202003,0.9068278808437588,0.89516996136273,7174.0,0.6709021601016518,0.7058897338291666,0.5800833517025707,0.7188893795539855,0.3443694522865282,787.0,13.880652904510498,12.211134910583496,2026-04-24T03:55:51.259488+00:00
SR-ARE,avalon,DecisionTree,random_under,f1_macro,"{'ccp_alpha': 0.001, 'criterion': 'gini', 'max_depth': 15, 'min_samples_leaf': 10}",0.1331747487513962,1539,0.8239116309291747,0.8430322930039491,0.576813844116707,0.6238496289463754,0.1331747487513962,0.8000852514919011,0.8052445911901687,0.7895457443261795,0.8929645443187839,0.7793564695307951,2346.0,0.6518424396442185,0.6883083246774974,0.5523656503254949,0.6218425701037757,0.2666354135745408,787.0,0.0841281414031982,0.0778989791870117,2026-04-22T10:09:42.947907+00:00
SR-ARE,avalon,KNeighbors,smote,f1_macro,"{'n_neighbors': 15, 'weights': 'distance'}",0.1412109952767604,1539,0.8083170890188434,0.8297676686119654,0.5436846755121179,0.6625220116556957,0.1412109952767604,0.9986060775020908,0.9986060747936664,0.9986060747936664,0.9997702961838544,0.9994535850220692,7174.0,0.7153748411689962,0.7390217760066212,0.602783185521667,0.7148818723780085,0.3505584947350844,787.0,13.60554313659668,11.915123224258425,2026-04-24T03:57:11.672379+00:00
SR-ARE,avalon,DecisionTree,smoteenn,f1_macro,"{'ccp_alpha': 0.01, 'criterion': 'gini', 'max_depth': 5, 'min_samples_leaf': 10}",0.1098436866149103,1539,0.898635477582846,0.8751478912136079,0.5444948697711128,0.5546648987463838,0.1098436866149103,0.6602641056422569,0.6605229738590749,0.6588303739798806,0.6974445690432871,0.6013590086301553,6664.0,0.6747141041931385,0.7087844201366398,0.5817722864354988,0.6314694192978583,0.2560506714509279,787.0,0.1619510650634765,0.1460192203521728,2026-04-22T10:09:51.197258+00:00
SR-ARE,avalon,KNeighbors,smoten,f1_macro,"{'n_neighbors': 15, 'weights': 'distance'}",0.1465106167086349,1539,0.8427550357374919,0.8484515643066225,0.5477223269279344,0.6677602616242505,0.1465106167086349,0.9986060775020908,0.9986060747936664,0.9986060747936664,0.9990431792655836,0.997963146969531,7174.0,0.7153748411689962,0.7411967808702085,0.612846551178889,0.7356259659969089,0.3337053817082162,787.0,13.633428812026978,12.55591106414795,2026-04-24T03:57:28.173773+00:00
SR-ARE,avalon,KNeighbors,smoten_enn,f1_macro,"{'n_neighbors': 15, 'weights': 'distance'}",0.1287716473936481,1539,0.8453541260558805,0.8482891967576842,0.538394648492242,0.5999617416460524,0.1287716473936481,0.998074644549763,0.9980748361926574,0.9980674840743458,0.9990926511436992,0.9978635651147956,6752.0,0.7255400254129606,0.746636714965738,0.6095082328726845,0.715908589092515,0.3255529158945144,787.0,12.715388059616089,11.886045932769775,2026-04-24T03:57:41.306527+00:00
SR-ARE,erg,LogisticRegression,none,f1_macro,"{'C': 1, 'l1_ratio': 0.0}",0.1071553095509408,1539,0.8914879792072774,0.8684213693346695,0.5245931962923844,0.5298153117269716,0.1071553095509408,0.7479972533760586,0.770007491450285,0.6550378121240186,0.7712184593840931,0.4015938911509696,4369.0,0.7229987293519695,0.7489382530797491,0.627166600024339,0.7384963568116582,0.3692895234026269,787.0,0.0453150272369384,0.0434300899505615,2026-04-21T08:51:14.487741+00:00
SR-ARE,erg,LogisticRegression,random_over,f1_macro,"{'C': 1, 'l1_ratio': 1.0}",0.106211024260005,1539,0.8869395711500975,0.86726462972808,0.5303977272727273,0.5321868055846715,0.106211024260005,0.7276275439085587,0.7272179224686874,0.7272179224686874,0.7877208368446942,0.761908387709894,7174.0,0.7306226175349428,0.7547865500623337,0.6322754121484616,0.7330370942812984,0.3716816318605976,787.0,0.0857338905334472,0.0839550495147705,2026-04-21T08:51:15.470912+00:00
SR-ARE,erg,LogisticRegression,random_under,f1_macro,"{'C': 1, 'l1_ratio': 0.0}",0.1083667593454308,1539,0.8927875243664717,0.867520190634224,0.5157211594390845,0.5505272315626178,0.1083667593454308,0.7284739982949702,0.7315499258659255,0.7018539337611462,0.7690282801656191,0.6018485139646987,2346.0,0.7229987293519695,0.7496919473842613,0.6309773724511745,0.7376131596378891,0.3646443366058884,787.0,0.017960786819458,0.0122671127319335,2026-04-21T08:51:16.490322+00:00
SR-ARE,erg,LogisticRegression,smote,f1_macro,"{'C': 1, 'l1_ratio': 0.0}",0.1101962136125625,1539,0.8908382066276803,0.868037431837383,0.5241257454170655,0.542084189342166,0.1101962136125625,0.7258154446612768,0.72567032778268,0.7256703277826801,0.7840744879229264,0.7491714696708492,7174.0,0.7395171537484116,0.7627481252011317,0.6437773926099293,0.7422168249061604,0.3849761649624696,787.0,0.0739138126373291,0.0660438537597656,2026-04-21T08:51:17.046013+00:00
SR-ARE,erg,LogisticRegression,smoteenn,f1_macro,"{'C': 1, 'l1_ratio': 1.0}",0.106206603588198,1539,0.8914879792072774,0.8676046092362548,0.5197858764398688,0.5424510502704288,0.106206603588198,0.7647335423197492,0.7652410223498753,0.7621651510222407,0.8240135665141586,0.7459921864702861,6380.0,0.7662007623888183,0.7828952504339304,0.6619794584500467,0.7258279973504085,0.3827780945537558,787.0,0.1138010025024414,0.1155860424041748,2026-04-21T08:51:17.218678+00:00
SR-ARE,erg,KNeighbors,smoten,f1_macro,"{'n_neighbors': 5, 'weights': 'distance'}",0.0961468116083925,1539,0.8200129954515919,0.8333503014556325,0.526107270417096,0.5226405601442288,0.0961468116083925,0.9212433788681348,0.920955423536052,0.920955423536052,0.9766454444848508,0.9707280163246184,7174.0,0.7916137229987293,0.7851847587100238,0.6222105139913359,0.6697063369397217,0.3213979840358646,787.0,0.147378921508789,0.0010359287261962,2026-04-24T03:58:58.668285+00:00
SR-ARE,erg,KNeighbors,smoten_enn,f1_macro,"{'n_neighbors': 5, 'weights': 'distance'}",0.0958495213549058,1539,0.8232618583495777,0.8353805512966745,0.5282928720172363,0.5236808729193743,0.0958495213549058,0.9628246477677812,0.9624637525064996,0.9602693040694176,0.9565728406785304,0.9489105336298314,5891.0,0.806861499364676,0.781764908459554,0.5889774601429356,0.6462353720468095,0.3032724655067575,787.0,0.1206879615783691,0.0006988048553466,2026-04-24T03:58:58.627806+00:00
SR-ARE,estate,XGBoost,none,f1_macro,"{'colsample_bytree': 0.8, 'learning_rate': 0.05, 'max_depth': 5, 'min_child_weight': 1, 'n_estimators': 200, 'scale_pos_weight': 8, 'subsample': 0.8}",0.20800770459968398,1539,0.8797920727745289,0.8752099287428108,0.5987539054958095,0.7062020460358056,0.20800770459968398,0.7759212634470131,0.8004204986355771,0.720605917097921,0.9342747717139971,0.8042989160030354,4369.0,0.6785260482846251,0.7149951342373977,0.6068674934300545,0.7706336939721792,0.4271572468011676,787.0,0.152724027633667,0.14191317558288574,2026-04-30T03:02:47.449204+00:00
SR-ARE,estate,XGBoost,random_over,f1_macro,"{'colsample_bytree': 0.8, 'learning_rate': 0.1, 'max_depth': 5, 'min_child_weight': 1, 'n_estimators': 100, 'scale_pos_weight': 1, 'subsample': 0.8}",0.21032323595461272,1539,0.8999350227420403,0.8850549679627168,0.5994030072747925,0.6643772797786256,0.21032323595461272,0.85321996097017,0.8532160565256632,0.8532160565256632,0.9277558764889071,0.9320093630589551,7174.0,0.7280813214739518,0.7509894385725477,0.6219403789171232,0.7661956281739899,0.41543741551806457,787.0,0.1196742057800293,0.10833501815795898,2026-04-30T03:03:01.174523+00:00
SR-ARE,estate,LogisticRegression,random_under,f1_macro,"{'C': 1, 'l1_ratio': 1.0}",0.1859537955688128,1539,0.8888888888888888,0.8776351072472266,0.5866444676556746,0.6516524464383044,0.1859537955688128,0.7071611253196931,0.7124668028129755,0.6838527352285145,0.7574392010779627,0.5948099798218425,2346.0,0.6759847522236341,0.7113412217647861,0.5926277776762823,0.709659969088099,0.3274530600339478,787.0,0.0131652355194091,0.0103850364685058,2026-04-21T08:51:26.248398+00:00
SR-ARE,estate,BernoulliNB,smote,f1_macro,{'alpha': 1.0},0.2243830539658076,1539,0.8739441195581547,0.8703622251878745,0.5867209647413183,0.6456490293908013,0.2243830539658076,0.6279620853080569,0.6217825258303705,0.6217825258303704,0.7108181287490083,0.6885871495545113,7174.0,0.6797966963151207,0.7085198613948496,0.5628934144406241,0.6651026716714505,0.271438630416847,787.0,0.0048861503601074,0.0013830661773681,2026-04-21T14:24:39.721205+00:00
SR-ARE,estate,LogisticRegression,smoteenn,f1_macro,"{'C': 1, 'l1_ratio': 1.0}",0.2227536708127609,1539,0.8888888888888888,0.8781991665693034,0.590031545741325,0.6246593434237557,0.2227536708127609,0.7195012019230769,0.7197439521156983,0.7183310914440371,0.7825291050018335,0.707124606666875,6656.0,0.7052096569250318,0.7368119555575476,0.6255455291222314,0.7251379995584014,0.3453745627224551,787.0,0.0479729175567626,0.0405230522155761,2026-04-21T08:51:26.926091+00:00
SR-ARE,estate,LogisticRegression,smoten,f1_macro,"{'C': 1, 'l1_ratio': 0.0}",0.1308116942496412,1539,0.8505523066926576,0.8524736244285296,0.5481849280098029,0.5220168965661818,0.1308116942496412,0.7387789238918316,0.7385285393591285,0.7385285393591285,0.8156407508481864,0.808358606655316,7174.0,0.7217280813214739,0.7421827101321433,0.6001211100361242,0.66269595937293,0.3257539972533482,787.0,0.0210227966308593,0.0123577117919921,2026-04-21T08:51:27.522197+00:00
SR-ARE,estate,XGBoost,smoten_enn,f1_macro,"{'colsample_bytree': 0.8, 'learning_rate': 0.1, 'max_depth': 5, 'min_child_weight': 1, 'n_estimators': 200, 'scale_pos_weight': 1, 'subsample': 0.8}",0.1042356643666662,1539,0.8700454840805718,0.8603618128872897,0.5374878286270691,0.5073555616116725,0.1042356643666662,0.9562055091303002,0.9562463324571233,0.955753684852073,0.9910354541157077,0.9879954118271154,6462.0,0.8017789072426937,0.7738283768123503,0.5713866778382908,0.6414661073084567,0.310589295555438,787.0,0.18189787864685059,0.16826391220092773,2026-04-30T03:03:10.536665+00:00
SR-ARE,fcfp,LogisticRegression,none,f1_macro,"{'C': 1, 'l1_ratio': 1.0}",0.1953867554700724,1539,0.8771929824561403,0.8725117650399524,0.5900783142632864,0.6902278730451553,0.1953867554700724,0.8830395971618219,0.8914822275180418,0.8321299013295788,0.9573520320965806,0.8029915055229988,4369.0,0.7255400254129606,0.7492813024482058,0.6212299465240642,0.7165985868845219,0.3893184984654753,787.0,0.3034019470214844,0.2725601196289062,2026-04-21T08:51:29.149344+00:00
SR-ARE,fcfp,DecisionTree,random_over,f1_macro,"{'ccp_alpha': 0.001, 'criterion': 'entropy', 'max_depth': 15, 'min_samples_leaf': 10}",0.1452215532749953,1539,0.8752436647173489,0.8730843320035766,0.5994968771686329,0.5821427822732799,0.1452215532749953,0.788681349316978,0.7883589506598794,0.7883589506598794,0.8731897757669508,0.877412252659648,7174.0,0.7280813214739518,0.7478804887561544,0.6084613524773099,0.6449602561271804,0.3069111161730449,787.0,1.6243269443511963,1.6994099617004397,2026-04-22T10:10:47.783158+00:00
SR-ARE,fcfp,DecisionTree,random_under,f1_macro,"{'ccp_alpha': 0.0, 'criterion': 'gini', 'max_depth': 15, 'min_samples_leaf': 20}",0.1407423873362932,1539,0.8648473034437947,0.8643948692031864,0.5777777777777777,0.6256498679300658,0.1407423873362932,0.7280477408354646,0.7326398510382818,0.7054350769579565,0.7944013644599396,0.661066956596707,2346.0,0.6836086404066074,0.7130872299296209,0.5734083057411362,0.6394292338264518,0.2762093216841885,787.0,0.3491489887237549,0.3727600574493408,2026-04-22T10:10:48.834050+00:00
SR-ARE,fcfp,DecisionTree,smote,f1_macro,"{'ccp_alpha': 0.0, 'criterion': 'gini', 'max_depth': 15, 'min_samples_leaf': 50}",0.1432264212043291,1539,0.7907732293697206,0.8218120196682103,0.5560948081264109,0.6626739968974047,0.1432264212043291,0.7779481460830778,0.7779458636828881,0.777945863682888,0.8561967840843974,0.853785708107119,7174.0,0.6988564167725541,0.7218059575698508,0.5706966434889487,0.6360510046367851,0.2568021570141418,787.0,1.5482909679412842,2.1093859672546387,2026-04-22T10:10:50.548573+00:00
SR-ARE,fcfp,DecisionTree,smoteenn,f1_macro,"{'ccp_alpha': 0.0, 'criterion': 'entropy', 'max_depth': 10, 'min_samples_leaf': 50}",0.127064819858755,1539,0.7615334632878492,0.8044510771266904,0.5538675898741016,0.6187292985619053,0.127064819858755,0.7539788784768704,0.754147179834989,0.7532435618288995,0.8306913108845433,0.7853478540997817,6723.0,0.6912325285895807,0.7126114102300457,0.5508339028910043,0.5878560388606757,0.2238724755028781,787.0,1.2609131336212158,1.1696598529815674,2026-04-22T10:11:03.721214+00:00
SR-ARE,fcfp,DecisionTree,smoten,f1_macro,"{'ccp_alpha': 0.0, 'criterion': 'entropy', 'max_depth': 10, 'min_samples_leaf': 20}",0.1489566448435086,1539,0.8719948018193632,0.8666032614904696,0.56959971380751,0.6196543121881682,0.1489566448435086,0.8141901310287148,0.8141602291344621,0.8141602291344621,0.8641609507554034,0.8197593963954775,7174.0,0.7420584498094028,0.7489288489796084,0.5830577832989277,0.630475822477368,0.2692711511070089,787.0,1.4328219890594482,1.6446819305419922,2026-04-22T10:11:07.069416+00:00
SR-ARE,fcfp,XGBoost,smoten_enn,f1_macro,"{'colsample_bytree': 0.8, 'learning_rate': 0.1, 'max_depth': 7, 'min_child_weight': 1, 'n_estimators': 200, 'scale_pos_weight': 1, 'subsample': 0.8}",0.12828673428809098,1539,0.8421052631578947,0.8480409614798987,0.5472197705207414,0.5649815521361788,0.12828673428809098,0.9706235011990407,0.9706317100880084,0.9704732153856325,0.9961203318845879,0.9950545857892945,6672.0,0.8030495552731893,0.7724169521185801,0.5653405547934223,0.6460200927357034,0.30868625283939755,787.0,3.3210980892181396,3.361401081085205,2026-04-30T03:04:57.976744+00:00
SR-ARE,klekota_roth,RUSBoost,none,f1_macro,"{'learning_rate': 0.01, 'n_estimators': 50, 'sampling_strategy': 'auto'}",0.1213772053393436,1539,0.8641975308641975,0.8556113177242566,0.5259527708059146,0.6185773133201963,0.1213772053393436,0.8116273746852827,0.7989431245767927,0.6379507193536516,0.7309617280931353,0.4211246490996815,4369.0,0.758576874205845,0.7449836691421216,0.5422849936330688,0.6568944579377346,0.2534836361521822,787.0,2.0169899463653564,2.0143141746520996,2026-04-29T19:00:27.704786+00:00
SR-ARE,klekota_roth,DecisionTree,random_over,f1_macro,"{'ccp_alpha': 0.001, 'criterion': 'gini', 'max_depth': 10, 'min_samples_leaf': 20}",0.1191204937553656,1539,0.8317089018843404,0.8410749108658895,0.5367996960037744,0.6072255880256592,0.1191204937553656,0.7143852801784221,0.7126279738709801,0.7126279738709801,0.7622103064150203,0.7566237038972142,7174.0,0.6899618805590851,0.7145886069929871,0.562323359407764,0.62325016559947,0.26597186028809,787.0,1.4679217338562012,1.4879438877105713,2026-04-22T10:12:18.964532+00:00
SR-ARE,klekota_roth,DecisionTree,random_under,f1_macro,"{'ccp_alpha': 0.001, 'criterion': 'gini', 'max_depth': 15, 'min_samples_leaf': 20}",0.1300628185380908,1539,0.7394411955815464,0.7897382535931021,0.543690483320357,0.6173640518217266,0.1300628185380908,0.7387041773231031,0.7430907800622648,0.7169051056956661,0.8000405544181423,0.6704139872331474,2346.0,0.6493011435832274,0.6860332029598148,0.5490982463132723,0.6156767498344005,0.2457712450909563,787.0,0.4203660488128662,0.3922717571258545,2026-04-22T10:12:31.280427+00:00
SR-ARE,klekota_roth,LogisticRegression,smote,f1_macro,"{'C': 1, 'l1_ratio': 0.0}",0.1336103096495156,1539,0.6757634827810266,0.7438456351641085,0.4966820618994532,0.6229639218481404,0.1336103096495156,0.9176191803735712,0.9176081518421508,0.9176081518421508,0.972925843711715,0.972264780253189,7174.0,0.7255400254129606,0.7398456093683757,0.5821731949032563,0.64686465003312,0.2836565845054358,787.0,0.7066280841827393,0.6339941024780273,2026-04-21T08:52:01.647422+00:00
SR-ARE,klekota_roth,LogisticRegression,smoteenn,f1_macro,"{'C': 1, 'l1_ratio': 1.0}",0.1438635760921875,1539,0.6842105263157895,0.7499013442478637,0.5007089301163126,0.5958240744622867,0.1438635760921875,0.932914985806066,0.9329863631211854,0.9327393668005206,0.9796260679483813,0.974916475950718,6693.0,0.7382465057179162,0.7436824049562745,0.5714323478407985,0.6325237359240451,0.2629683679637474,787.0,1.0974831581115725,0.4488179683685303,2026-04-21T08:52:03.980037+00:00
SR-ARE,klekota_roth,DecisionTree,smoten,f1_macro,"{'ccp_alpha': 0.0, 'criterion': 'gini', 'max_depth': 15, 'min_samples_leaf': 50}",0.1122821445010942,1539,0.691358024691358,0.7554297349764458,0.5101763907734057,0.5755602490461615,0.1122821445010942,0.8105659325341511,0.8105643093131589,0.8105643093131589,0.8781855908906252,0.8610879912380701,7174.0,0.7179161372299873,0.7331230228359971,0.5725002936225189,0.6089037315080592,0.2342012218857641,787.0,1.251924991607666,1.7559292316436768,2026-04-22T10:13:50.172782+00:00
SR-ARE,klekota_roth,XGBoost,smoten_enn,f1_macro,"{'colsample_bytree': 0.8, 'learning_rate': 0.1, 'max_depth': 7, 'min_child_weight': 5, 'n_estimators': 200, 'scale_pos_weight': 1, 'subsample': 0.8}",0.11390025011784526,1539,0.7751786874593892,0.8077431402077558,0.5171856639247944,0.5886729067963608,0.11390025011784526,0.9542064439140812,0.9542354112602072,0.9540436555886684,0.9919453460742412,0.989975451601757,6704.0,0.7814485387547649,0.7597159228604766,0.5556708069641029,0.6421064252594392,0.25343610706998604,787.0,9.677890062332153,9.56042194366455,2026-04-30T03:10:00.754005+00:00
SR-ARE,maccs,XGBoost,none,f1_macro,"{'colsample_bytree': 0.8, 'learning_rate': 0.05, 'max_depth': 7, 'min_child_weight': 5, 'n_estimators': 200, 'scale_pos_weight': 8, 'subsample': 0.8}",0.20621317364612016,1539,0.8999350227420403,0.8862451210416661,0.6064853556485356,0.6738920799966458,0.20621317364612016,0.910276951247425,0.9164904539542492,0.8701370627504148,0.9875097770650908,0.9317657711880383,4369.0,0.7674714104193139,0.7825174983486,0.6574623085101069,0.771676970633694,0.4381431186676961,787.0,0.3436272144317627,0.38918399810791016,2026-04-30T03:11:44.022128+00:00
SR-ARE,maccs,XGBoost,random_over,f1_macro,"{'colsample_bytree': 0.8, 'learning_rate': 0.1, 'max_depth': 5, 'min_child_weight': 1, 'n_estimators': 200, 'scale_pos_weight': 1, 'subsample': 0.8}",0.19600095482179689,1539,0.9025341130604289,0.8807089118219699,0.5664756167182476,0.6650481111903064,0.19600095482179689,0.9429885698355172,0.9429646225526156,0.9429646225526156,0.9834574780580588,0.9795160220086945,7174.0,0.7916137229987293,0.7954356885702184,0.6570259353741497,0.7556469419297858,0.43212380078344825,787.0,0.4182140827178955,0.38262104988098145,2026-04-30T03:12:09.822290+00:00
SR-ARE,maccs,DecisionTree,random_under,f1_macro,"{'ccp_alpha': 0.0, 'criterion': 'gini', 'max_depth': 5, 'min_samples_leaf': 50}",0.1487065018949696,1539,0.8310591293047433,0.8458553385058838,0.5701671464787522,0.6721599723282043,0.1487065018949696,0.6837169650468883,0.6910562258026545,0.663726216702611,0.7425820572863862,0.5479276704802072,2346.0,0.6899618805590851,0.723872614093965,0.6107624700006486,0.7217266504747184,0.3159873377221901,787.0,0.0161199569702148,0.0117731094360351,2026-04-22T10:14:20.482828+00:00
SR-ARE,maccs,RandomForest,smote,f1_macro,"{'max_depth': 5, 'max_features': 'log2', 'min_samples_leaf': 10, 'n_estimators': 100}",0.1295918492791066,1539,0.8460038986354775,0.8500638637654135,0.5474770508460698,0.5867678504045951,0.1295918492791066,0.747560635628659,0.7475044663934057,0.7475044663934056,0.8257748821772145,0.8110945979045431,7174.0,0.7522236340533672,0.7670640095546339,0.6302627299338658,0.7204404945904175,0.3712667092535886,787.0,0.2059788703918457,0.1421530246734619,2026-04-21T18:51:01.689601+00:00
SR-ARE,maccs,RandomForest,smoteenn,f1_macro,"{'max_depth': 5, 'max_features': 'sqrt', 'min_samples_leaf': 10, 'n_estimators': 200}",0.1229371306576414,1539,0.8362573099415205,0.8439309039240737,0.5401045421773613,0.5896765334786802,0.1229371306576414,0.7746117895371627,0.7749860944953701,0.7741919808389377,0.8566214338968636,0.827227809627141,6633.0,0.7433290978398983,0.7609117626322011,0.6258449285458756,0.7230238463236918,0.3721012898072008,787.0,0.4292051792144775,0.3806102275848388,2026-04-21T18:51:09.776932+00:00
SR-ARE,maccs,DecisionTree,smoten,f1_macro,"{'ccp_alpha': 0.01, 'criterion': 'entropy', 'max_depth': 5, 'min_samples_leaf': 10}",0.1192508421471716,1539,0.7875243664717348,0.8189230999163908,0.5482959211791179,0.5997049389962685,0.1192508421471716,0.6936158349595762,0.6929179499035936,0.6929179499035936,0.7550508220178977,0.7178060489877927,7174.0,0.7064803049555273,0.7313764688037764,0.5926692702206747,0.6673217045705454,0.3271964699432643,787.0,0.037560224533081,0.0351259708404541,2026-04-22T10:14:24.885673+00:00
SR-ARE,maccs,LogisticRegression,smoten_enn,f1_macro,"{'C': 1, 'l1_ratio': 1.0}",0.0992479241570457,1539,0.866146848602989,0.8573871428702168,0.5309592851224997,0.4927230514443839,0.0992479241570457,0.8615659422447157,0.8617220868650237,0.8613550665203822,0.9338348931523456,0.9230997525706482,6718.0,0.770012706480305,0.7756063642559351,0.6263440225588564,0.6829708544932658,0.3825336094651743,787.0,0.3798460960388183,0.3870961666107178,2026-04-21T08:52:28.218874+00:00
SR-ARE,map4,LogisticRegression,none,f1_macro,"{'C': 0.01, 'l1_ratio': 0.0}",0.1864342884376449,1539,0.8473034437946718,0.8538619586968449,0.5673227041777678,0.6419122887929227,0.1864342884376449,0.833829251544976,0.848100581455437,0.7714126879710627,0.9201986499985384,0.7062738530333813,4369.0,0.6975857687420585,0.7269890971726617,0.5984762737733875,0.6963126517995142,0.3468213663345185,787.0,0.1697838306427002,0.1504039764404297,2026-04-21T08:52:31.744509+00:00
SR-ARE,map4,LogisticRegression,random_over,f1_macro,"{'C': 0.001, 'l1_ratio': 0.0}",0.1709772638172844,1539,0.8330084470435347,0.8450172436014994,0.5579390315460058,0.6256970357636997,0.1709772638172844,0.7971842765542236,0.7968170244861476,0.7968170244861474,0.8760191236684777,0.8653654035424451,7174.0,0.662007623888183,0.7006301717155415,0.589370900417412,0.7085670125855599,0.3660365862861069,787.0,0.2493579387664795,0.1940329074859619,2026-04-21T08:52:34.811192+00:00
SR-ARE,map4,LogisticRegression,random_under,f1_macro,"{'C': 0.01, 'l1_ratio': 0.0}",0.1739312881466762,1539,0.8323586744639376,0.846706984952796,0.5712629032954692,0.62400947549369,0.1739312881466762,0.8380221653878943,0.8411447029333208,0.8256901183730452,0.9236440434063096,0.8591990736593277,2346.0,0.6848792884371029,0.7198019246938583,0.6077400475914849,0.7112386840362112,0.3730099411604731,787.0,0.0912539958953857,0.075106143951416,2026-04-21T08:52:35.590771+00:00
SR-ARE,map4,KNeighbors,smote,f1_macro,"{'n_neighbors': 15, 'weights': 'uniform'}",0.1283186093167538,1539,0.7076023391812866,0.7660686001474432,0.50885765346647,0.6565474193954131,0.1283186093167538,0.8640925564538612,0.8635723363282021,0.8635723363282021,0.9536693503917012,0.954320604699025,7174.0,0.6899618805590851,0.7189951089516459,0.5827002312199023,0.6891697946566572,0.3011857571984344,787.0,27.53472113609314,24.40851402282715,2026-04-24T04:20:17.247846+00:00
SR-ARE,map4,KNeighbors,smoteenn,f1_macro,"{'n_neighbors': 15, 'weights': 'uniform'}",0.1279738791523132,1539,0.7322936972059779,0.7825179713016267,0.5173756576383477,0.6420930988218525,0.1279738791523132,0.8876896149358227,0.8875994727278489,0.8876693879037895,0.9677959130311754,0.9638585406965424,6856.0,0.7153748411689962,0.7352896895719493,0.5868069228028726,0.6740671229852064,0.282925905709006,787.0,26.579544067382812,23.14709711074829,2026-04-24T04:20:23.357991+00:00
SR-ARE,map4,KNeighbors,smoten,f1_macro,"{'n_neighbors': 15, 'weights': 'uniform'}",0.1265664540810418,1539,0.7472384665367121,0.7925458317400075,0.5255484749373325,0.636587564462706,0.1265664540810418,0.8102871480345692,0.8059790934715112,0.8059790934715112,0.9583066394778592,0.9591858484566486,7174.0,0.5730622617534943,0.6225532259557234,0.5229821194060006,0.6632976374475602,0.2555655978506648,787.0,30.213151931762695,26.493124961853027,2026-04-24T04:21:04.089839+00:00
SR-ARE,map4,LogisticRegression,smoten_enn,f1_macro,"{'C': 0.001, 'l1_ratio': 0.0}",0.1233400286130764,1539,0.732943469785575,0.7826302352385084,0.5147445678816291,0.5817208922057775,0.1233400286130764,0.8459746688018634,0.8460458031333056,0.84585548759743,0.904370885656393,0.8977724946969265,6869.0,0.7217280813214739,0.7383949645767429,0.5847566043872647,0.613380437182601,0.3247508036404303,787.0,0.1518750190734863,0.1303789615631103,2026-04-21T08:52:43.100680+00:00
SR-ARE,mhfp,XGBoost,none,f1_macro,"{'colsample_bytree': 0.8, 'learning_rate': 0.1, 'max_depth': 3, 'min_child_weight': 10, 'n_estimators': 200, 'scale_pos_weight': 8, 'subsample': 0.8}",0.13217296645208343,1539,0.8719948018193632,0.8639015769936771,0.5531707935347616,0.5902818540103141,0.13217296645208343,0.9018081940947585,0.9092304000737625,0.8604732858557149,0.9958683210256987,0.9707030532472375,4369.0,0.7318932655654383,0.7488199186283272,0.6033654592574015,0.6685250607198058,0.32227052308979187,787.0,2.965704917907715,2.8084871768951416,2026-04-30T03:15:28.230426+00:00
SR-ARE,mhfp,LogisticRegression,random_over,f1_macro,"{'C': 0.001, 'l1_ratio': 0.0}",0.1220256126132894,1539,0.8453541260558805,0.8492064157473199,0.5441532258064516,0.5528515575866839,0.1220256126132894,0.8771954279342069,0.8771479712038133,0.8771479712038133,0.9438034335338348,0.9367810812020232,7174.0,0.7433290978398983,0.757165993751673,0.6110137806835532,0.7124310002207994,0.3440299016509158,787.0,0.947273015975952,1.0730690956115725,2026-04-21T08:52:47.145718+00:00
SR-ARE,mhfp,XGBoost,random_under,f1_macro,"{'colsample_bytree': 0.8, 'learning_rate': 0.1, 'max_depth': 3, 'min_child_weight': 5, 'n_estimators': 200, 'scale_pos_weight': 1, 'subsample': 0.8}",0.14110257462071724,1539,0.8869395711500975,0.868002931427093,0.5347706740792217,0.601418703618297,0.14110257462071724,0.9812446717817562,0.981116943715369,0.9786198600174978,0.9987073279217169,0.993775339288496,2346.0,0.7916137229987293,0.7782252938773673,0.5995954632318269,0.6986420843453301,0.3325240406235005,787.0,1.5001192092895508,1.4628710746765137,2026-04-30T03:16:05.942292+00:00
SR-ARE,mhfp,DecisionTree,smote,f1_macro,"{'ccp_alpha': 0.001, 'criterion': 'entropy', 'max_depth': 10, 'min_samples_leaf': 10}",0.1038156464122066,1539,0.8193632228719948,0.8344586376116697,0.5356165989371678,0.5365838958534233,0.1038156464122066,0.9326735433509896,0.9326412829049904,0.9326412829049906,0.984423158963357,0.9848553258327172,7174.0,0.7382465057179162,0.7367530594396046,0.5474587436636074,0.551363435637006,0.2220106218823658,787.0,1.7802529335021973,2.5516626834869385,2026-04-22T10:17:04.175917+00:00
SR-ARE,mhfp,LogisticRegression,smoteenn,f1_macro,"{'C': 1, 'l1_ratio': 0.0}",0.1112612264629414,1539,0.8674463937621832,0.8593567938325181,0.5390591966173361,0.5456715651335373,0.1112612264629414,0.9997175141242938,0.9997175151613956,0.9997174664176114,0.9999663990053468,0.9999622304840003,7080.0,0.7636594663278272,0.7555584227294295,0.5688661907118117,0.6337160521086334,0.2607841686069887,787.0,2.9315972328186035,2.945185899734497,2026-04-21T08:53:13.942376+00:00
SR-ARE,mhfp,LogisticRegression,smoten,f1_macro,"{'C': 1, 'l1_ratio': 1.0}",0.1177288544342277,1539,0.8544509421702404,0.8539637052957391,0.5452991452991452,0.5590043394406943,0.1177288544342277,0.9988848620016728,0.9988848620016728,0.9988848620016728,0.9998923955562669,0.999880355533987,7174.0,0.7433290978398983,0.739560100554714,0.5484719381958646,0.6120666813866196,0.2544674347455371,787.0,7.272710800170898,6.799461126327515,2026-04-21T08:53:21.742995+00:00
SR-ARE,mhfp,DecisionTree,smoten_enn,f1_macro,"{'ccp_alpha': 0.001, 'criterion': 'gini', 'max_depth': 10, 'min_samples_leaf': 10}",0.1083083079572287,1539,0.8271604938271605,0.8386194146769443,0.5361516497461929,0.5539337973250598,0.1083083079572287,0.9072791519434628,0.907185981726284,0.9071347381068356,0.9394422999209684,0.9368501919264994,7075.0,0.7318932655654383,0.726699676665629,0.5241497095730566,0.5349028483108854,0.2043277138997019,787.0,1.7064597606658936,1.4317479133605957,2026-04-22T10:18:20.857230+00:00
SR-ARE,morgan_2048,XGBoost,none,f1_macro,"{'colsample_bytree': 0.8, 'learning_rate': 0.1, 'max_depth': 5, 'min_child_weight': 1, 'n_estimators': 200, 'scale_pos_weight': 8, 'subsample': 0.8}",0.2536536042153817,1539,0.8992852501624431,0.8885632415773834,0.6221949106505099,0.6799819714058111,0.2536536042153817,0.8546578164339665,0.8683070368952085,0.8056457220117658,0.9783273571728542,0.9042233002791447,4369.0,0.7166454891994918,0.744551519109759,0.6256577614248386,0.7275391918745862,0.38115120331690394,787.0,2.1557066440582275,2.1325910091400146,2026-04-30T03:19:31.361069+00:00
SR-ARE,morgan_2048,XGBoost,random_over,f1_macro,"{'colsample_bytree': 0.8, 'learning_rate': 0.1, 'max_depth': 7, 'min_child_weight': 5, 'n_estimators': 200, 'scale_pos_weight': 1, 'subsample': 0.8}",0.2209169657636279,1539,0.8921377517868746,0.8814881229651512,0.6003822955250776,0.6663976353192739,0.2209169657636279,0.9273766378589351,0.9273765235607566,0.9273765235607567,0.9781259868112471,0.9754084000730983,7174.0,0.7649301143583227,0.7732664249222095,0.6275247195466698,0.7181000220799293,0.3730749408374855,787.0,3.29343318939209,3.092010974884033,2026-04-30T03:19:51.519290+00:00
SR-ARE,morgan_2048,XGBoost,random_under,f1_macro,"{'colsample_bytree': 0.8, 'learning_rate': 0.1, 'max_depth': 7, 'min_child_weight': 1, 'n_estimators': 200, 'scale_pos_weight': 1, 'subsample': 0.8}",0.20084040516230797,1539,0.898635477582846,0.8847677849512982,0.6013747758517634,0.6949813425013627,0.20084040516230797,0.9386189258312021,0.9373935881872391,0.9283538331157379,0.9834556779455916,0.9705001962070634,2346.0,0.7509529860228716,0.7600481850071834,0.6063393221723152,0.7093232501655994,0.3456497933811132,787.0,1.2087738513946533,1.1690177917480469,2026-04-30T03:21:08.302919+00:00
SR-ARE,morgan_2048,LogisticRegression,smote,f1_macro,"{'C': 1, 'l1_ratio': 0.0}",0.1996499378597738,1539,0.8115659519168291,0.8348523421668264,0.5666354653782217,0.6423289379900214,0.1996499378597738,0.947727906328408,0.9477270521467466,0.9477270521467468,0.9868877243031924,0.986839961316065,7174.0,0.7420584498094028,0.7489288489796084,0.5830577832989277,0.6153897107529257,0.2881776845025465,787.0,0.1751258373260498,0.1393771171569824,2026-04-21T08:53:54.022651+00:00
SR-ARE,morgan_2048,XGBoost,smoteenn,f1_macro,"{'colsample_bytree': 0.8, 'learning_rate': 0.1, 'max_depth': 7, 'min_child_weight': 5, 'n_estimators': 200, 'scale_pos_weight': 1, 'subsample': 0.8}",0.13668030001818868,1539,0.8187134502923976,0.8374636210764569,0.5579757812717149,0.6186768898578676,0.13668030001818868,0.9320473476545375,0.9320592822757915,0.9319129726596775,0.9784569192326371,0.9746306812229777,6843.0,0.7890724269377383,0.7728778534492231,0.5862721998429227,0.5976043276661516,0.30864066094198694,787.0,3.214656114578247,3.282252073287964,2026-04-30T03:21:40.471699+00:00
SR-ARE,morgan_2048,LogisticRegression,smoten,f1_macro,"{'C': 1, 'l1_ratio': 1.0}",0.1906151840045871,1539,0.8810916179337231,0.8746044351848986,0.5911816578483244,0.649231164311769,0.1906151840045871,0.941734039587399,0.941726793123248,0.941726793123248,0.9864719957589316,0.9875119168362662,7174.0,0.7636594663278272,0.7643146272170114,0.59823134180884,0.6383528372709207,0.2950643908690958,787.0,0.224703311920166,0.1817491054534912,2026-04-21T08:53:57.012665+00:00
SR-ARE,morgan_2048,DecisionTree,smoten_enn,f1_macro,"{'ccp_alpha': 0.01, 'criterion': 'entropy', 'max_depth': 10, 'min_samples_leaf': 10}",0.1161301592415916,1539,0.8187134502923976,0.837143197736306,0.5558119927792979,0.5591170181543752,0.1161301592415916,0.8497708117699246,0.8482850788623716,0.8470439483237451,0.8889839481222075,0.8590734880499897,6763.0,0.7712833545108005,0.7496196353328592,0.5383983733479315,0.5867244424817841,0.2262332882957977,787.0,0.978226900100708,1.120826244354248,2026-04-22T10:20:18.353407+00:00
SR-ARE,morgan_4096,XGBoost,none,f1_macro,"{'colsample_bytree': 0.8, 'learning_rate': 0.1, 'max_depth': 7, 'min_child_weight': 1, 'n_estimators': 200, 'scale_pos_weight': 8, 'subsample': 0.8}",0.23458104577637828,1539,0.8914879792072774,0.8793633244286342,0.5895154450976727,0.7005235629533353,0.23458104577637828,0.9331654840924697,0.9369440773085074,0.8998847976896758,0.9940838506770329,0.9639489280803214,4369.0,0.7306226175349428,0.7506082387467271,0.6136797258497731,0.7058732612055643,0.3760800217338089,787.0,5.630481958389282,5.501392841339111,2026-04-30T03:22:58.251823+00:00
SR-ARE,morgan_4096,LogisticRegression,random_over,f1_macro,"{'C': 1, 'l1_ratio': 0.0}",0.1588368410582868,1539,0.8992852501624431,0.88074550251498,0.575682382133995,0.6261032032199908,0.1588368410582868,0.9959576247560636,0.9959576020566748,0.9959576020566748,0.9993212642779904,0.9988916724082086,7174.0,0.7598475222363406,0.7678491267647658,0.6175967750643367,0.6924045043055863,0.3320557413671378,787.0,0.4659121036529541,0.376054048538208,2026-04-21T08:54:13.392512+00:00
SR-ARE,morgan_4096,DecisionTree,random_under,f1_macro,"{'ccp_alpha': 0.0, 'criterion': 'gini', 'max_depth': 15, 'min_samples_leaf': 10}",0.1160329663076723,1539,0.8466536712150747,0.8530370295522557,0.5641900647948164,0.5610325562869481,0.1160329663076723,0.7885763000852515,0.7899607023249511,0.7653560988830168,0.8284294647470909,0.7478618667010916,2346.0,0.6861499364675985,0.7134706848393709,0.5676641645815957,0.6167421064252595,0.2629921437941226,787.0,1.0536150932312012,0.9562788009643556,2026-04-22T10:20:55.168181+00:00
SR-ARE,morgan_4096,LogisticRegression,smote,f1_macro,"{'C': 0.1, 'l1_ratio': 0.0}",0.1290752520362121,1539,0.847953216374269,0.85129343502892,0.5490036467830164,0.5941338937570751,0.1290752520362121,0.9192918873710622,0.919291810530428,0.919291810530428,0.9758793117263816,0.9759792514965738,7174.0,0.758576874205845,0.750301614616084,0.5595944958884098,0.5943144181938619,0.279758686118642,787.0,0.3757400512695312,0.2386329174041748,2026-04-21T08:54:23.413861+00:00
SR-ARE,morgan_4096,XGBoost,smoteenn,f1_macro,"{'colsample_bytree': 0.8, 'learning_rate': 0.1, 'max_depth': 7, 'min_child_weight': 10, 'n_estimators': 100, 'scale_pos_weight': 1, 'subsample': 0.8}",0.11954208573496568,1539,0.8401559454191033,0.8459466314852444,0.5402466629102143,0.605810553016645,0.11954208573496568,0.8988472622478386,0.8987993002377944,0.8986476365844112,0.9567814184019886,0.955307001179332,6940.0,0.783989834815756,0.7604056448499807,0.55424729463191,0.631833738132038,0.28917204341692626,787.0,5.1478431224823,4.9910759925842285,2026-04-30T03:25:03.628157+00:00
SR-ARE,morgan_4096,DecisionTree,smoten,f1_macro,"{'ccp_alpha': 0.0, 'criterion': 'entropy', 'max_depth': 10, 'min_samples_leaf': 20}",0.1192634824550683,1539,0.8427550357374919,0.8493006828459571,0.553110151187905,0.5776959037356925,0.1192634824550683,0.8674379704488431,0.8669885649891865,0.8669885649891864,0.9293312770482948,0.9269309271057348,7174.0,0.7687420584498094,0.7446312767659654,0.5263425925925926,0.6167641863546036,0.2345958213202731,787.0,2.4870431423187256,2.7863502502441406,2026-04-22T10:21:49.519593+00:00
SR-ARE,morgan_4096,DecisionTree,smoten_enn,f1_macro,"{'ccp_alpha': 0.0, 'criterion': 'gini', 'max_depth': 10, 'min_samples_leaf': 20}",0.1097540575061016,1539,0.8356075373619233,0.846693756812572,0.5600357967315144,0.5119911114837952,0.1097540575061016,0.903846153846154,0.9038422761669392,0.9036419294075206,0.9497189142734688,0.9281588119499314,6864.0,0.7573062261753494,0.7381477136563075,0.5222951392751021,0.5992658423493045,0.2228966614174212,787.0,2.814210891723633,2.687201976776123,2026-04-22T10:23:05.813491+00:00
SR-ARE,pubchem,XGBoost,none,f1_macro,"{'colsample_bytree': 0.8, 'learning_rate': 0.1, 'max_depth': 7, 'min_child_weight': 1, 'n_estimators': 200, 'scale_pos_weight': 8, 'subsample': 0.8}",0.21761971348884734,1539,0.9005847953216374,0.8822842702244641,0.5811574481709758,0.6821543121881681,0.21761971348884734,0.9624628061341268,0.9637765310578323,0.940745290989119,0.9975194596571735,0.9849219154742628,4369.0,0.7966963151207116,0.7999222887924761,0.6636249011604299,0.759273570324575,0.42370835154666764,787.0,1.326796054840088,1.325423240661621,2026-04-30T03:28:40.042394+00:00
SR-ARE,pubchem,LogisticRegression,random_over,f1_macro,"{'C': 1, 'l1_ratio': 0.0}",0.2051054395847855,1539,0.8817413905133203,0.876520649665926,0.6009090390972301,0.6746965536036225,0.2051054395847855,0.8394201282408698,0.8393925543128458,0.8393925543128458,0.9094243772368532,0.8942314652307994,7174.0,0.7204574332909784,0.7463690458337935,0.6224333141431586,0.7388882755575182,0.3542493076942938,787.0,0.712343692779541,0.6490252017974854,2026-04-21T08:54:51.464114+00:00
SR-ARE,pubchem,XGBoost,random_under,f1_macro,"{'colsample_bytree': 0.8, 'learning_rate': 0.1, 'max_depth': 7, 'min_child_weight': 10, 'n_estimators': 200, 'scale_pos_weight': 1, 'subsample': 0.8}",0.1842744838204725,1539,0.8960363872644574,0.8758182383913379,0.5556133056133056,0.7108192528615154,0.1842744838204725,0.9040920716112532,0.9026047200489392,0.8889210856756495,0.9621797345647922,0.9356609516018285,2346.0,0.7763659466327827,0.7854562379234803,0.6499039530886666,0.761133804371826,0.4068855626492638,787.0,0.7257919311523438,0.7440600395202637,2026-04-30T03:30:17.319571+00:00
SR-ARE,pubchem,LogisticRegression,smote,f1_macro,"{'C': 1, 'l1_ratio': 0.0}",0.2159353337425474,1539,0.8823911630929174,0.8754696672408804,0.5925814335463357,0.6701369963523541,0.2159353337425474,0.8562865904655701,0.8562624351099595,0.8562624351099595,0.925445664652325,0.9232959121623916,7174.0,0.7445997458703939,0.7567318183180777,0.6067083858552558,0.7113435637005961,0.370493566318004,787.0,0.6580500602722168,0.5952069759368896,2026-04-21T08:54:59.046262+00:00
SR-ARE,pubchem,XGBoost,smoteenn,f1_macro,"{'colsample_bytree': 0.8, 'learning_rate': 0.1, 'max_depth': 7, 'min_child_weight': 5, 'n_estimators': 100, 'scale_pos_weight': 1, 'subsample': 0.8}",0.15814140957337328,1539,0.866796621182586,0.8647304120471976,0.5738540815430644,0.6560521571422582,0.15814140957337328,0.9415484268969772,0.941580628249316,0.9409458015889225,0.9847128033682017,0.9795886793980106,6484.0,0.8157560355781448,0.8091204679890823,0.6628494780910512,0.7428626628394789,0.4192349152268191,787.0,0.9828932285308838,0.9647300243377686,2026-04-30T03:30:38.480566+00:00
SR-ARE,pubchem,LogisticRegression,smoten,f1_macro,"{'C': 1, 'l1_ratio': 0.0}",0.1888709152092731,1539,0.8486029889538661,0.8570287808175762,0.5832985682196117,0.6384349712800302,0.1888709152092731,0.8935043211597435,0.8935006709089167,0.8935006709089168,0.948748807860122,0.9511141943282015,7174.0,0.7649301143583227,0.7722486228572883,0.6238292704982624,0.6987248840803709,0.3674390310022861,787.0,0.5765938758850098,0.5611581802368164,2026-04-21T08:55:07.152763+00:00
SR-ARE,pubchem,LogisticRegression,smoten_enn,f1_macro,"{'C': 1, 'l1_ratio': 1.0}",0.1696145753389932,1539,0.852501624431449,0.8576420636864505,0.5744709099435434,0.6003390843151232,0.1696145753389932,0.9413177247486118,0.9413908707461212,0.9411497249091704,0.980837961313122,0.9756773108584512,6663.0,0.7801778907242694,0.7737671903011453,0.6027027105893613,0.6562596599690881,0.3625706784678857,787.0,3.093630313873291,3.076817750930786,2026-04-21T08:55:12.141040+00:00
SR-ARE,rdkit,XGBoost,none,f1_macro,"{'colsample_bytree': 0.8, 'learning_rate': 0.1, 'max_depth': 3, 'min_child_weight': 1, 'n_estimators': 100, 'scale_pos_weight': 8, 'subsample': 0.8}",0.21892927578407395,1539,0.9129304743339831,0.8891176649129287,0.5874093695481681,0.6689735231227203,0.21892927578407395,0.7766079194323644,0.8011542867397797,0.7223756136307409,0.9405762996099156,0.8139426504203721,4369.0,0.6797966963151207,0.7156973505423427,0.6047117914374551,0.7354051667034666,0.3511723503053686,787.0,1.5070409774780273,1.3905160427093506,2026-04-30T03:31:25.084460+00:00
SR-ARE,rdkit,LogisticRegression,random_over,f1_macro,"{'C': 0.01, 'l1_ratio': 0.0}",0.1734769854370342,1539,0.8784925276153346,0.8680015778767023,0.5588845239500262,0.6181632845582994,0.1734769854370342,0.9126010593810984,0.9125612886233576,0.9125612886233576,0.9702041002539216,0.9653330830701828,7174.0,0.7407878017789072,0.7585445523612329,0.622140422887914,0.7001876793994259,0.3767672292588467,787.0,0.8754251003265381,0.8913452625274658,2026-04-21T08:55:18.209416+00:00
SR-ARE,rdkit,LogisticRegression,random_under,f1_macro,"{'C': 1, 'l1_ratio': 1.0}",0.1619299471153975,1539,0.8622482131254061,0.8631480905774466,0.5781119076436085,0.613284034212402,0.1619299471153975,0.9791133844842284,0.9792057742134584,0.9767144373769804,0.9976869264329772,0.9951197248662292,2346.0,0.6925031766200762,0.7212984277307308,0.5861207211279359,0.6627511591962906,0.303755572476207,787.0,0.95713210105896,0.9049921035766602,2026-04-21T08:55:25.952621+00:00
SR-ARE,rdkit,LogisticRegression,smote,f1_macro,"{'C': 0.01, 'l1_ratio': 1.0}",0.1548991491024547,1539,0.9018843404808315,0.8771603797480527,0.5474208192382521,0.5418535910444007,0.1548991491024547,0.7029551156955673,0.7027531499442546,0.7027531499442548,0.7847041818218983,0.7838042325314822,7174.0,0.7242693773824651,0.7470140772383123,0.6144673780783757,0.674315522190329,0.3775601176042804,787.0,0.3679208755493164,0.2829329967498779,2026-04-21T08:55:31.161929+00:00
SR-ARE,rdkit,LogisticRegression,smoteenn,f1_macro,"{'C': 0.01, 'l1_ratio': 1.0}",0.1411224477287784,1539,0.9018843404808315,0.8810277052067971,0.5701411535338327,0.535816108339273,0.1411224477287784,0.7312252964426877,0.7314567789543751,0.726777525325265,0.8119678479404667,0.7659355483446653,6325.0,0.7191867852604829,0.7402115184348935,0.5980843221758773,0.6725325678957828,0.3817821956808416,787.0,0.2842161655426025,0.2639238834381103,2026-04-21T08:55:33.172391+00:00
SR-ARE,rdkit,LogisticRegression,smoten,f1_macro,"{'C': 0.01, 'l1_ratio': 1.0}",0.1383803594709441,1539,0.8908382066276803,0.8739359804444228,0.5590077367063736,0.5051858412645172,0.1383803594709441,0.7499303038751045,0.7498855161954453,0.7498855161954453,0.8244997170574377,0.8233877989091213,7174.0,0.7217280813214739,0.7429346190202419,0.6033019617049779,0.6583793331861338,0.3627035518122109,787.0,0.3372139930725097,0.277299165725708,2026-04-21T08:55:34.682488+00:00
SR-ARE,rdkit,LogisticRegression,smoten_enn,f1_macro,"{'C': 0.01, 'l1_ratio': 1.0}",0.1231124117452749,1539,0.884990253411306,0.8702458925158953,0.5536169898975002,0.4894606096180454,0.1231124117452749,0.7792657237436051,0.779428646604768,0.7782170512428814,0.8518835907480002,0.8237236511248829,6646.0,0.7331639135959339,0.7497974167894161,0.6043976561153559,0.6554592625303599,0.3511931486478727,787.0,0.3301811218261719,0.2456042766571045,2026-04-21T08:55:46.634797+00:00
SR-ARE,topological_torsion,XGBoost,none,f1_macro,"{'colsample_bytree': 0.8, 'learning_rate': 0.1, 'max_depth': 7, 'min_child_weight': 10, 'n_estimators': 200, 'scale_pos_weight': 8, 'subsample': 0.8}",0.1482454063276607,1539,0.8908382066276803,0.8746054195956908,0.5629850988452281,0.6013767766550668,0.1482454063276607,0.8521400778210116,0.8658658408381641,0.8014832902309522,0.9687875441081998,0.8711926826753449,4369.0,0.7115628970775095,0.7394834575175863,0.6163902040991615,0.7171119452417752,0.3613183529721913,787.0,2.3637819290161133,2.4653987884521484,2026-04-30T03:34:30.481115+00:00
SR-ARE,topological_torsion,DecisionTree,random_over,f1_macro,"{'ccp_alpha': 0.0, 'criterion': 'entropy', 'max_depth': 5, 'min_samples_leaf': 50}",0.1201500750312838,1539,0.9109811565951916,0.881071718236346,0.5457154492039792,0.5345085111735358,0.1201500750312838,0.6579314190131029,0.6578388486497176,0.6578388486497178,0.7177772100705324,0.7137242390879744,7174.0,0.6747141041931385,0.7060602684879397,0.566652327282113,0.6310278207109737,0.2680624199687239,787.0,0.5006918907165527,0.5445082187652588,2026-04-22T10:26:55.027464+00:00
SR-ARE,topological_torsion,DecisionTree,random_under,f1_macro,"{'ccp_alpha': 0.01, 'criterion': 'gini', 'max_depth': 5, 'min_samples_leaf': 10}",0.1096776498408112,1539,0.9070825211176088,0.8786612498876337,0.5421215242018538,0.5337276214833759,0.1096776498408112,0.587382779198636,0.5984336539731152,0.5804299371530262,0.6312679469652867,0.4199976274937979,2346.0,0.6010165184243964,0.6479195828618182,0.537827667723981,0.6285051887833959,0.2368177096030103,787.0,0.1372151374816894,0.1381399631500244,2026-04-22T10:26:59.257818+00:00
SR-ARE,topological_torsion,LogisticRegression,smote,f1_macro,"{'C': 0.01, 'l1_ratio': 1.0}",0.1058443366255317,1539,0.9064327485380116,0.8773579355198963,0.5362673050203391,0.5231646471846044,0.1058443366255317,0.6572344577641483,0.6561601661421125,0.6561601661421125,0.7127946074823832,0.6829835099100334,7174.0,0.7191867852604829,0.7420127820940632,0.6058624245102372,0.6097758887171562,0.2509734859267141,787.0,0.1265521049499511,0.1032991409301757,2026-04-21T08:55:55.324611+00:00
SR-ARE,topological_torsion,LogisticRegression,smoteenn,f1_macro,"{'C': 0.01, 'l1_ratio': 1.0}",0.1023828766353299,1539,0.9064327485380116,0.8773579355198963,0.5362673050203391,0.5223758961888391,0.1023828766353299,0.6704180064308681,0.6693563497778378,0.6679741144491864,0.7319654478516678,0.6785269069112073,6842.0,0.7255400254129606,0.746636714965738,0.6095082328726845,0.6075789357474057,0.2492080127196373,787.0,0.1134006977081298,0.0853018760681152,2026-04-21T08:55:55.693116+00:00
SR-ARE,topological_torsion,LogisticRegression,smoten,f1_macro,"{'C': 0.01, 'l1_ratio': 1.0}",0.1283563752829253,1539,0.9070825211176088,0.8777522426706157,0.5368213913647413,0.5205520732883316,0.1283563752829253,0.6586283802620574,0.6551059781312963,0.6551059781312963,0.7537521463569659,0.7382948549778969,7174.0,0.7344345616264295,0.7503403999841974,0.6037174900316817,0.6001214396113932,0.2598013037323123,787.0,0.1445231437683105,0.1123859882354736,2026-04-21T08:56:10.042173+00:00
SR-ARE,topological_torsion,LogisticRegression,smoten_enn,f1_macro,"{'C': 0.01, 'l1_ratio': 1.0}",0.120157217260931,1539,0.9012345679012346,0.8750878106503324,0.5370475919065261,0.5320662655653852,0.120157217260931,0.6945016171714201,0.6926819749975318,0.6908425541043619,0.7884732364712559,0.7458437458612766,6802.0,0.7217280813214739,0.7369744245032797,0.5792214450507196,0.5759935968204901,0.2519339730412127,787.0,0.1358859539031982,0.1024050712585449,2026-04-21T08:56:03.727543+00:00
SR-ATAD5,atom_pair,LogisticRegression,none,f1_macro,"{'C': 0.001, 'l1_ratio': 0.0}",0.1120437558442983,1740,0.9701149425287356,0.9686951216628232,0.5730383736952378,0.6820391697124336,0.1120437558442983,0.7970856102003643,0.8583250677203272,0.5579319066552866,0.8948396753188509,0.3388973718127674,5490.0,0.7365470852017937,0.7972158606073497,0.5148302878105797,0.6805479984453945,0.1837768731282765,892.0,0.2037513256072998,0.1918339729309082,2026-04-21T08:56:07.718591+00:00
SR-ATAD5,atom_pair,LogisticRegression,random_over,f1_macro,"{'C': 0.001, 'l1_ratio': 0.0}",0.1169020009491754,1740,0.971264367816092,0.9693822679303624,0.5760233918128655,0.6936418178056685,0.1169020009491754,0.8514485892823329,0.8513979366831054,0.8513979366831053,0.9254805512474992,0.9174343028011168,10562.0,0.7567264573991032,0.8111196669215147,0.5307573520677425,0.6793043140303148,0.1823659331703731,892.0,0.4605858325958252,0.3593161106109619,2026-04-21T08:56:15.635727+00:00
SR-ATAD5,atom_pair,KNeighbors,random_under,f1_macro,"{'n_neighbors': 15, 'weights': 'uniform'}",0.0871035084356371,1740,0.9695402298850576,0.9701703434988366,0.6189870227525316,0.7301048203572167,0.0871035084356371,0.7751196172248804,0.7749843136243694,0.7467058611175575,0.8386712758407545,0.7429516394657585,627.0,0.7533632286995515,0.8094842683014469,0.5366933922618542,0.7432277497085115,0.2060216103814219,892.0,4.735598087310791,3.320745944976806,2026-04-24T05:10:39.582952+00:00
SR-ATAD5,atom_pair,LogisticRegression,smote,f1_macro,"{'C': 0.01, 'l1_ratio': 1.0}",0.0841917369838663,1740,0.9597701149425288,0.9627163624070316,0.5522058823529412,0.6954347976001656,0.0841917369838663,0.8601590607839424,0.8600736154598834,0.8600736154598834,0.924983311497334,0.9216982513943626,10562.0,0.7881165919282511,0.8315157027368041,0.5466394881986107,0.6076564321803343,0.1400486341199399,892.0,0.3227629661560058,0.2723278999328613,2026-04-21T08:56:30.306858+00:00
SR-ATAD5,atom_pair,LogisticRegression,smoteenn,f1_macro,"{'C': 0.01, 'l1_ratio': 1.0}",0.0847360035277828,1740,0.9597701149425288,0.9627163624070316,0.5522058823529412,0.6941590235156195,0.0847360035277828,0.8609372035666857,0.8608699483598775,0.8608755066414318,0.9271017477703636,0.9232336656392256,10542.0,0.7926008968609866,0.8344694504486683,0.5499114933217688,0.6064127477652546,0.1403012633398294,892.0,0.4495439529418945,0.2626919746398926,2026-04-21T08:56:32.175268+00:00
SR-ATAD5,atom_pair,LogisticRegression,smoten,f1_macro,"{'C': 0.001, 'l1_ratio': 0.0}",0.0745643408977096,1740,0.9729885057471264,0.969847500934337,0.5658659588586595,0.6148541479897939,0.0745643408977096,0.928801363378148,0.9287359482583598,0.9287359482583598,0.976515600563248,0.9760420403135648,10562.0,0.8553811659192825,0.8736625125265948,0.5871303861099451,0.5774970851146521,0.1484406033500527,892.0,0.3956401348114013,0.4788680076599121,2026-04-21T08:56:37.448774+00:00
SR-ATAD5,atom_pair,LogisticRegression,smoten_enn,f1_macro,"{'C': 0.1, 'l1_ratio': 1.0}",0.1390921912028975,1740,0.9666666666666668,0.9666666666666668,0.5650299979311771,0.6984776911937107,0.1390921912028975,0.9848224513172968,0.984822679922882,0.984822335009192,0.99709567722303,0.9976221224882588,10476.0,0.897982062780269,0.8924044032023843,0.5628934373704249,0.5641663427905169,0.1368188142939322,892.0,0.4249188899993896,0.4067189693450928,2026-04-21T08:56:38.743842+00:00
SR-ATAD5,avalon,RUSBoost,none,f1_macro,"{'learning_rate': 0.2, 'n_estimators': 50, 'sampling_strategy': 'auto'}",0.1272695645345301,1740,0.975287356321839,0.9743247765166568,0.6524380896637262,0.6608423556996069,0.1272695645345301,0.7996357012750456,0.8595371126131968,0.5469651390462187,0.8442928472478298,0.2585533153391901,5490.0,0.7107623318385651,0.7807455446305472,0.524806937848441,0.7385542168674699,0.1736770038252389,892.0,0.1124789714813232,0.0975971221923828,2026-04-29T19:11:10.117497+00:00
SR-ATAD5,avalon,XGBoost,random_over,f1_macro,"{'colsample_bytree': 0.8, 'learning_rate': 0.1, 'max_depth': 3, 'min_child_weight': 1, 'n_estimators': 200, 'scale_pos_weight': 1, 'subsample': 0.8}",0.2070219813731489,1740,0.982183908045977,0.9770696067613965,0.6350251368486579,0.7609820012412938,0.2070219813731489,0.964495360727135,0.9644819804799261,0.9644819804799261,0.9938438187066201,0.9926706945767964,10562.0,0.8834080717488789,0.8895031103338523,0.5969412582551268,0.7114457831325302,0.20616762569509664,892.0,1.2684080600738525,1.242621898651123,2026-04-30T03:42:18.625315+00:00
SR-ATAD5,avalon,XGBoost,random_under,f1_macro,"{'colsample_bytree': 0.8, 'learning_rate': 0.1, 'max_depth': 5, 'min_child_weight': 1, 'n_estimators': 200, 'scale_pos_weight': 1, 'subsample': 0.8}",0.21121908148062737,1740,0.9804597701149426,0.9758496989129198,0.6254842875591907,0.8107371905385836,0.21121908148062737,0.9984051036682615,0.9984060518580975,0.998207880182356,0.9999942766878048,0.9999772157666895,627.0,0.8396860986547086,0.8648669240090648,0.5845933896301411,0.7635833657209484,0.25546306415890324,892.0,0.18161511421203613,0.1651928424835205,2026-04-30T03:42:26.837871+00:00
SR-ATAD5,avalon,XGBoost,smote,f1_macro,"{'colsample_bytree': 0.8, 'learning_rate': 0.1, 'max_depth': 7, 'min_child_weight': 1, 'n_estimators': 100, 'scale_pos_weight': 1, 'subsample': 0.8}",0.08146991298722774,1740,0.9724137931034482,0.9700759789596727,0.5791934541203974,0.7294152127439488,0.08146991298722774,0.9914788865745124,0.9914784682736322,0.9914784682736323,0.9996978015781943,0.999680017806504,10562.0,0.922645739910314,0.9070401300323595,0.5831182817548209,0.6825301204819278,0.19118967197946915,892.0,1.168138027191162,1.1608891487121582,2026-04-30T03:42:32.297442+00:00
SR-ATAD5,avalon,XGBoost,smoteenn,f1_macro,"{'colsample_bytree': 0.8, 'learning_rate': 0.1, 'max_depth': 7, 'min_child_weight': 1, 'n_estimators': 100, 'scale_pos_weight': 1, 'subsample': 0.8}",0.07498843130029428,1740,0.9718390804597701,0.9697282567253871,0.5775841140711161,0.7005809944141784,0.07498843130029428,0.9924661453366393,0.9924661603418358,0.9924661447199874,0.9997632751198222,0.9997425478882763,10486.0,0.92152466367713,0.9063057653700898,0.5816359348198971,0.6688495919160513,0.19877780490230665,892.0,1.064399003982544,1.1008009910583496,2026-04-30T03:42:50.719488+00:00
SR-ATAD5,avalon,LogisticRegression,smoten,f1_macro,"{'C': 0.1, 'l1_ratio': 0.0}",0.0849885548055305,1740,0.9793103448275862,0.9729846370756284,0.5661929693343306,0.6718157368457348,0.0849885548055305,0.9701761030107934,0.970173041863735,0.9701730418637352,0.9943933372060724,0.9949068400346752,10562.0,0.897982062780269,0.8903949196720412,0.5476345721944504,0.6666342790516907,0.1606763571213855,892.0,0.3710091114044189,0.2906391620635986,2026-04-21T08:57:02.376730+00:00
SR-ATAD5,avalon,LogisticRegression,smoten_enn,f1_macro,"{'C': 1, 'l1_ratio': 1.0}",0.0925792924377418,1740,0.97816091954023,0.9722810782142002,0.5626521325007937,0.6217157437418109,0.0925792924377418,0.994822627037392,0.994822797052518,0.9948222064736596,0.9998547727631374,0.9998426789379188,10430.0,0.9159192825112108,0.896165676776911,0.5261469157051486,0.6331519626894675,0.1657397047563357,892.0,1.5487041473388672,1.6887669563293457,2026-04-21T08:57:03.370510+00:00
SR-ATAD5,erg,DecisionTree,none,f1_macro,"{'ccp_alpha': 0.0, 'criterion': 'gini', 'max_depth': 15, 'min_samples_leaf': 10}",0.0735867978022852,1740,0.9706896551724138,0.9708977525309463,0.6229589690642805,0.624129370388249,0.0735867978022852,0.8666666666666667,0.9040536595030292,0.6428596820016096,0.967551817520424,0.5641146149708908,5490.0,0.8408071748878924,0.8668414989814681,0.5966474327130065,0.674698795180723,0.2183365242036519,892.0,0.1108880043029785,0.0983507633209228,2026-04-22T10:31:31.030718+00:00
SR-ATAD5,erg,DecisionTree,random_over,f1_macro,"{'ccp_alpha': 0.0, 'criterion': 'entropy', 'max_depth': 10, 'min_samples_leaf': 20}",0.0799944880138606,1740,0.9672413793103448,0.9687364423515116,0.6116299559471365,0.5723312185366526,0.0799944880138606,0.8678280628668813,0.8673470698708936,0.8673470698708936,0.9459528449267076,0.93244553485748,10562.0,0.7791479820627802,0.8258727599875202,0.543316622615864,0.6110376991838321,0.175898913037704,892.0,0.1871109008789062,0.1935229301452636,2026-04-22T10:31:31.288083+00:00
SR-ATAD5,erg,DecisionTree,random_under,f1_macro,"{'ccp_alpha': 0.0, 'criterion': 'gini', 'max_depth': 10, 'min_samples_leaf': 10}",0.0842594809909059,1740,0.9448275862068966,0.9561063920998292,0.5789431230401597,0.6369646920902007,0.0842594809909059,0.8054226475279107,0.8099318403115872,0.7931028886725089,0.9077745472860052,0.8331863081614497,627.0,0.6849775784753364,0.7616856697844219,0.4951163750994551,0.6356296152351341,0.1014554494356601,892.0,0.0190448760986328,0.0088262557983398,2026-04-22T10:31:36.446002+00:00
SR-ATAD5,erg,LogisticRegression,smote,f1_macro,"{'C': 1, 'l1_ratio': 1.0}",0.0886932442063542,1740,0.9741379310344828,0.9716840228347472,0.5986899764749296,0.6015619612440521,0.0886932442063542,0.7911380420374929,0.791087673489039,0.7910876734890389,0.8723928080361258,0.8478497912545597,10562.0,0.7488789237668162,0.8062241310343377,0.5309671361502347,0.6314613291877187,0.140480462152316,892.0,0.2443797588348388,0.2347931861877441,2026-04-21T08:57:05.877187+00:00
SR-ATAD5,erg,LogisticRegression,smoteenn,f1_macro,"{'C': 1, 'l1_ratio': 0.0}",0.1012638038550555,1740,0.9770114942528736,0.9722892050478258,0.5775058275058275,0.5966571270946831,0.1012638038550555,0.7688214426487978,0.7688408311346708,0.7684759750823316,0.8538871143404914,0.8149394556124953,10148.0,0.7242152466367713,0.7885833736942516,0.5044757784060628,0.6276914108045084,0.1293615008013132,892.0,0.1185388565063476,0.1098301410675048,2026-04-21T08:57:06.324075+00:00
SR-ATAD5,erg,DecisionTree,smoten,f1_macro,"{'ccp_alpha': 0.0, 'criterion': 'gini', 'max_depth': 5, 'min_samples_leaf': 10}",0.0374284852402221,1740,0.9798850574712644,0.9724911871741684,0.5461963203898688,0.4830184125232742,0.0374284852402221,0.8326074607081992,0.8320582484406925,0.8320582484406925,0.900356865212727,0.8540079370875581,10562.0,0.7567264573991032,0.8072367432449251,0.4866425322565673,0.4661581811115429,0.1000588003652323,892.0,0.1311898231506347,0.1072888374328613,2026-04-22T10:31:45.948845+00:00
SR-ATAD5,erg,XGBoost,smoten_enn,f1_macro,"{'colsample_bytree': 0.8, 'learning_rate': 0.1, 'max_depth': 3, 'min_child_weight': 5, 'n_estimators': 100, 'scale_pos_weight': 1, 'subsample': 0.8}",0.02371893722165426,1740,0.9367816091954023,0.9497052409477211,0.517538995150183,0.5051117164333494,0.02371893722165426,0.9578063556169625,0.95791832166911,0.9574236976916157,0.991083794251441,0.9872899096915871,9409.0,0.8845291479820628,0.8822766694040765,0.5362959598253716,0.46031869413136417,0.12248572549187009,892.0,0.44653797149658203,0.41417980194091797,2026-04-30T03:44:23.918245+00:00
SR-ATAD5,estate,LogisticRegression,none,f1_macro,"{'C': 1, 'l1_ratio': 1.0}",0.1123642699104062,1740,0.964367816091954,0.966977349560514,0.6033823529411765,0.7576201641266119,0.1123642699104062,0.734608378870674,0.8164672450741134,0.5059300951983878,0.8006295023506675,0.1372788943634467,5490.0,0.6917040358744395,0.7666172554064931,0.5014865982607918,0.6847260007773027,0.1365611366580059,892.0,0.0348038673400878,0.0297157764434814,2026-04-21T08:57:07.874664+00:00
SR-ATAD5,estate,XGBoost,random_over,f1_macro,"{'colsample_bytree': 0.8, 'learning_rate': 0.1, 'max_depth': 3, 'min_child_weight': 1, 'n_estimators': 100, 'scale_pos_weight': 1, 'subsample': 0.8}",0.24692237146734924,1740,0.9770114942528736,0.9759193243560178,0.6715679797655675,0.7843510792359147,0.24692237146734924,0.8426434387426623,0.8426195966137173,0.8426195966137173,0.9215646111735751,0.9157049891087566,10562.0,0.7914798206278026,0.8349157377640941,0.5614830790700625,0.7390400310921104,0.23555854986825198,892.0,0.12307000160217285,0.11875510215759277,2026-04-30T03:44:42.366475+00:00
SR-ATAD5,estate,XGBoost,random_under,f1_macro,"{'colsample_bytree': 0.8, 'learning_rate': 0.1, 'max_depth': 7, 'min_child_weight': 5, 'n_estimators': 100, 'scale_pos_weight': 1, 'subsample': 0.8}",0.2959208512372442,1740,0.9816091954022989,0.9788227598793727,0.6876402477335967,0.7345958899386249,0.2959208512372442,0.8787878787878788,0.8753623188405796,0.8565217391304347,0.9508424715551383,0.912168643577721,627.0,0.8172645739910314,0.8535863389485701,0.5976678482385723,0.7619315973571706,0.2568439165579304,892.0,0.03169727325439453,0.021101951599121094,2026-04-30T03:44:51.248992+00:00
SR-ATAD5,estate,DecisionTree,smote,f1_macro,"{'ccp_alpha': 0.0, 'criterion': 'entropy', 'max_depth': 5, 'min_samples_leaf': 10}",0.1701290910151875,1740,0.9816091954022989,0.9778313640382604,0.662004662004662,0.6549893110819944,0.1701290910151875,0.7785457299753834,0.7778874411566679,0.7778874411566679,0.8374925476786317,0.7838667077537567,10562.0,0.7130044843049327,0.7825353960428163,0.5306498289923705,0.7107170617955694,0.1276008855700395,892.0,0.0459122657775878,0.0457570552825927,2026-04-22T10:31:58.162577+00:00
SR-ATAD5,estate,DecisionTree,smoteenn,f1_macro,"{'ccp_alpha': 0.0, 'criterion': 'gini', 'max_depth': 5, 'min_samples_leaf': 20}",0.1842211849588528,1740,0.9798850574712644,0.9765824291120698,0.6517592163724633,0.7445952003310117,0.1842211849588528,0.7856731875719217,0.7843235995825106,0.784525660801037,0.851852138677511,0.7968660550208267,10428.0,0.702914798206278,0.7751816903201142,0.5217525892085793,0.7024776525456666,0.1359291948422403,892.0,0.0409338474273681,0.0373809337615966,2026-04-22T10:31:58.624067+00:00
SR-ATAD5,estate,XGBoost,smoten,f1_macro,"{'colsample_bytree': 0.8, 'learning_rate': 0.1, 'max_depth': 5, 'min_child_weight': 10, 'n_estimators': 200, 'scale_pos_weight': 1, 'subsample': 0.8}",0.05037091297802369,1740,0.9408045977011494,0.9533018725322002,0.5590482212582946,0.6815736845734777,0.05037091297802369,0.9688505964779398,0.96884948818655,0.9688494881865499,0.9925345730878966,0.993593394356239,10562.0,0.899103139013453,0.8910775875413631,0.5486540580655318,0.6417217256121259,0.1456637589678525,892.0,0.2659180164337158,0.2602839469909668,2026-04-30T03:44:58.165596+00:00
SR-ATAD5,estate,XGBoost,smoten_enn,f1_macro,"{'colsample_bytree': 0.8, 'learning_rate': 0.1, 'max_depth': 7, 'min_child_weight': 10, 'n_estimators': 200, 'scale_pos_weight': 1, 'subsample': 0.8}",0.043550560016943095,1740,0.9396551724137931,0.9521283690198935,0.5432031783257784,0.6284307978760086,0.043550560016943095,0.9872173058013766,0.9872210105158274,0.9872070465921279,0.9988560471553897,0.9986860282832932,10170.0,0.9069506726457399,0.8922953577322658,0.529221749553296,0.6022638942868247,0.11545141350340649,892.0,0.3225979804992676,0.302750825881958,2026-04-30T03:45:01.139498+00:00
SR-ATAD5,fcfp,LogisticRegression,none,f1_macro,"{'C': 0.1, 'l1_ratio': 1.0}",0.1722721140580513,1740,0.9672413793103448,0.9701291701578374,0.6482367503573316,0.8020653748017378,0.1722721140580513,0.8426229508196721,0.8882448614028732,0.6094565114293844,0.934818691907162,0.3315574208763104,5490.0,0.7847533632286996,0.8304271491406338,0.556384433669029,0.7043043140303148,0.1570586140223492,892.0,0.1711969375610351,0.2752180099487304,2026-04-21T08:57:10.790529+00:00
SR-ATAD5,fcfp,LogisticRegression,random_over,f1_macro,"{'C': 0.01, 'l1_ratio': 0.0}",0.2876181179368874,1740,0.978735632183908,0.9762629262674568,0.6582349037823491,0.8165902351561961,0.2876181179368874,0.8817458814618443,0.8816668246154076,0.8816668246154076,0.9488128833483612,0.9333841822521788,10562.0,0.7881165919282511,0.8315157027368041,0.5466394881986107,0.6850563544500583,0.1689507869216256,892.0,0.2252888679504394,0.2074921131134033,2026-04-21T08:57:10.997043+00:00
SR-ATAD5,fcfp,LogisticRegression,random_under,f1_macro,"{'C': 1, 'l1_ratio': 0.0}",0.26812765687813,1740,0.9660919540229884,0.9699873475202134,0.6598398271697388,0.8193314254189366,0.26812765687813,0.971291866028708,0.9715409688659096,0.9682870630549624,0.997848034614592,0.9944017079307826,627.0,0.7544843049327354,0.8093788343585793,0.5264325350361089,0.6732802176447727,0.1472326940846448,892.0,0.0498208999633789,0.0158088207244873,2026-04-21T08:57:11.177299+00:00
SR-ATAD5,fcfp,LogisticRegression,smote,f1_macro,"{'C': 0.01, 'l1_ratio': 0.0}",0.0822153796706154,1740,0.9477011494252874,0.957497350576234,0.5765845988463976,0.738630094476243,0.0822153796706154,0.8917818594963075,0.8916552897849086,0.8916552897849086,0.9545635099134744,0.9518011055594596,10562.0,0.8329596412556054,0.8562917382520316,0.5419224313528157,0.5746987951807229,0.1119996360116073,892.0,0.2332479953765869,0.1805238723754882,2026-04-21T08:57:11.845625+00:00
SR-ATAD5,fcfp,DecisionTree,smoteenn,f1_macro,"{'ccp_alpha': 0.0, 'criterion': 'entropy', 'max_depth': 10, 'min_samples_leaf': 20}",0.0680470750010637,1740,0.9149425287356322,0.9402573591844856,0.5753746306458422,0.6433004620371009,0.0680470750010637,0.8747378455672069,0.8745883502653656,0.8746152594196971,0.9229569821273822,0.8790973182792586,10490.0,0.7881165919282511,0.8291787102453424,0.5230067989101372,0.5970948309366498,0.099978042538879,892.0,1.976619005203247,1.9396018981933592,2026-04-22T10:32:05.493316+00:00
SR-ATAD5,fcfp,XGBoost,smoten,f1_macro,"{'colsample_bytree': 0.8, 'learning_rate': 0.1, 'max_depth': 7, 'min_child_weight': 5, 'n_estimators': 200, 'scale_pos_weight': 1, 'subsample': 0.8}",0.11073559380314314,1740,0.9741379310344828,0.971130586000961,0.5843397478433975,0.7396989862768084,0.11073559380314314,0.9772770308653664,0.9772767668782093,0.9772767668782092,0.9957899650689748,0.9963996000353659,10562.0,0.9147982062780269,0.8955144389594403,0.525266106442577,0.655314807617567,0.12730264407485184,892.0,5.453237056732178,5.305069208145142,2026-04-30T03:45:21.593127+00:00
SR-ATAD5,fcfp,LogisticRegression,smoten_enn,f1_macro,"{'C': 1, 'l1_ratio': 0.0}",0.0918859433110036,1740,0.9747126436781608,0.971486320146666,0.5861711098138419,0.6163281842631543,0.0918859433110036,0.9947780678851176,0.994778298847502,0.9947761720688774,0.999552856724794,0.9993421838430284,10341.0,0.9248878923766816,0.8980150711256563,0.5086126801674026,0.5525262339681306,0.1115799154190697,892.0,0.2095811367034912,0.2157649993896484,2026-04-21T08:57:14.668319+00:00
SR-ATAD5,klekota_roth,LogisticRegression,none,f1_macro,"{'C': 1, 'l1_ratio': 0.0}",0.0721924863732861,1740,0.971264367816092,0.9688291447496592,0.5616598480420807,0.7709899317288463,0.0721924863732861,0.9591985428051002,0.9658370414997552,0.8141682785299806,0.9960411477817472,0.8683111576631158,5490.0,0.8834080717488789,0.8888263206201825,0.5915966682515365,0.6758744656043529,0.2061833112047077,892.0,0.763556957244873,0.4729781150817871,2026-04-21T08:57:16.149666+00:00
SR-ATAD5,klekota_roth,DecisionTree,random_over,f1_macro,"{'ccp_alpha': 0.0, 'criterion': 'gini', 'max_depth': 15, 'min_samples_leaf': 50}",0.1025939577663715,1740,0.9321839080459772,0.9491025919710464,0.566831787610022,0.6528170471001999,0.1025939577663715,0.840371141829199,0.8403335796057728,0.8403335796057728,0.9351323629446072,0.930271712132772,10562.0,0.7993273542600897,0.8351488208998984,0.5189317360795171,0.5796346677030704,0.0953897000790685,892.0,1.798069953918457,1.7214229106903076,2026-04-22T10:34:12.738653+00:00
SR-ATAD5,klekota_roth,XGBoost,random_under,f1_macro,"{'colsample_bytree': 0.8, 'learning_rate': 0.05, 'max_depth': 5, 'min_child_weight': 10, 'n_estimators': 200, 'scale_pos_weight': 1, 'subsample': 0.8}",0.19404913006052724,1740,0.9735632183908046,0.9723072230094205,0.6223031767304026,0.6983311495758914,0.19404913006052724,0.8245614035087719,0.8186274509803921,0.7904411764705883,0.8812927817586593,0.7998232176454196,627.0,0.8082959641255605,0.8421058761865937,0.5366233766233767,0.6817042363000388,0.1562703282656763,892.0,1.2357470989227295,1.100806713104248,2026-04-30T03:48:12.720790+00:00
SR-ATAD5,klekota_roth,DecisionTree,smote,f1_macro,"{'ccp_alpha': 0.0, 'criterion': 'entropy', 'max_depth': 5, 'min_samples_leaf': 20}",0.0304115312563927,1740,0.8804597701149425,0.919462991363126,0.511879329319609,0.6516274739673127,0.0304115312563927,0.7415262260935429,0.7394448463190271,0.7394448463190271,0.835037741276916,0.7770593503551688,10562.0,0.7926008968609866,0.8291788718977767,0.498686109212425,0.4984065293431792,0.0699894550230881,892.0,1.2413108348846436,1.2540018558502195,2026-04-22T10:34:26.721482+00:00
SR-ATAD5,klekota_roth,DecisionTree,smoteenn,f1_macro,"{'ccp_alpha': 0.0, 'criterion': 'entropy', 'max_depth': 5, 'min_samples_leaf': 20}",0.030269814547815,1740,0.8798850574712643,0.9191346295665256,0.5115241665648057,0.6499982759809668,0.030269814547815,0.7434699714013346,0.7413277232791159,0.741159886647125,0.8369375589835503,0.776421683082174,10490.0,0.7937219730941704,0.8298770099264056,0.4993166731745412,0.504906723668869,0.0704037317545503,892.0,1.34332013130188,1.2957661151885986,2026-04-22T10:34:30.209567+00:00
SR-ATAD5,klekota_roth,XGBoost,smoten,f1_macro,"{'colsample_bytree': 0.8, 'learning_rate': 0.1, 'max_depth': 7, 'min_child_weight': 10, 'n_estimators': 200, 'scale_pos_weight': 1, 'subsample': 0.8}",0.03424570061472973,1740,0.9534482758620689,0.9584011707674015,0.5225464190981433,0.6358613199089718,0.03424570061472973,0.9715016095436471,0.9715013313417254,0.9715013313417254,0.9941724254266767,0.9943228330065634,10562.0,0.8968609865470852,0.8864126637415337,0.5216712130750041,0.5556645938593082,0.09872986875227562,892.0,16.114187002182007,15.889920949935913,2026-04-30T03:50:26.270313+00:00
SR-ATAD5,klekota_roth,DecisionTree,smoten_enn,f1_macro,"{'ccp_alpha': 0.0, 'criterion': 'entropy', 'max_depth': 10, 'min_samples_leaf': 50}",0.0360769997144403,1740,0.8770114942528736,0.91760240488337,0.5136261990846204,0.6768498724225916,0.0360769997144403,0.8806643625192012,0.8803170743396386,0.8803964234385684,0.9402402874702664,0.9027451374667458,10416.0,0.7713004484304933,0.8162008595231447,0.4908846734933692,0.5134667703070346,0.0748161389503442,892.0,1.4745688438415527,1.1751160621643066,2026-04-22T10:36:05.000522+00:00
SR-ATAD5,maccs,EasyEnsemble,none,f1_macro,"{'n_estimators': 10, 'replacement': True}",0.175751581620213,1740,0.9758620689655172,0.9747152905738188,0.6551463787538458,0.682306392662575,0.175751581620213,0.7253187613843352,0.8100947342753205,0.5020834631413106,0.8058300542977488,0.1844450877534046,5490.0,0.7163677130044843,0.7849484447810019,0.5329388658127459,0.7271181500194326,0.1875549766220677,892.0,1.611258029937744,1.1806490421295166,2026-04-22T00:07:53.173770+00:00
SR-ATAD5,maccs,XGBoost,random_over,f1_macro,"{'colsample_bytree': 0.8, 'learning_rate': 0.05, 'max_depth': 3, 'min_child_weight': 10, 'n_estimators': 200, 'scale_pos_weight': 1, 'subsample': 0.8}",0.28832793368217735,1740,0.9816091954022989,0.9783471063302168,0.6753352769679299,0.7981432315012758,0.28832793368217735,0.8746449536072713,0.8745164462821782,0.8745164462821783,0.9444328707691907,0.9351429847468773,10562.0,0.8150224215246636,0.8508703025951403,0.5835773641278976,0.7403808783521181,0.2418672879451256,892.0,0.42937278747558594,0.45652294158935547,2026-04-30T03:56:51.210324+00:00
SR-ATAD5,maccs,XGBoost,random_under,f1_macro,"{'colsample_bytree': 0.8, 'learning_rate': 0.05, 'max_depth': 7, 'min_child_weight': 1, 'n_estimators': 100, 'scale_pos_weight': 1, 'subsample': 0.8}",0.2716676876782224,1740,0.982183908045977,0.9792587229278332,0.6915581630727532,0.8273136335425143,0.2716676876782224,0.9792663476874003,0.9792284752837332,0.9765900311615952,0.9977908014926399,0.9953945551995395,627.0,0.8374439461883408,0.8620844360754675,0.5709475709475709,0.7322677808006217,0.18554056041178432,892.0,0.06329798698425293,0.048483848571777344,2026-04-30T03:56:56.681796+00:00
SR-ATAD5,maccs,XGBoost,smote,f1_macro,"{'colsample_bytree': 0.8, 'learning_rate': 0.05, 'max_depth': 5, 'min_child_weight': 1, 'n_estimators': 200, 'scale_pos_weight': 1, 'subsample': 0.8}",0.13223036903637633,1740,0.9735632183908046,0.9713228131696864,0.5967270601987142,0.6866681608164955,0.13223036903637633,0.9471690967619769,0.9471076490741266,0.9471076490741266,0.9852884085570632,0.98095049658928,10562.0,0.8856502242152466,0.8880816593137858,0.576857966700772,0.6602118150019433,0.16408743812544946,892.0,0.5702099800109863,0.5632140636444092,2026-04-30T03:56:59.260763+00:00
SR-ATAD5,maccs,XGBoost,smoteenn,f1_macro,"{'colsample_bytree': 0.8, 'learning_rate': 0.05, 'max_depth': 7, 'min_child_weight': 1, 'n_estimators': 100, 'scale_pos_weight': 1, 'subsample': 0.8}",0.0950065775565112,1740,0.9724137931034482,0.9706069772131477,0.5929824561403508,0.6489293841804014,0.0950065775565112,0.9556474889359245,0.9556151283739874,0.9556295489957525,0.989042415135047,0.9852585036149079,10394.0,0.8878923766816144,0.8887145035457066,0.5730177877343137,0.6327341624562766,0.13610108791935735,892.0,0.3804619312286377,0.36751794815063477,2026-04-30T03:57:10.711070+00:00
SR-ATAD5,maccs,DecisionTree,smoten,f1_macro,"{'ccp_alpha': 0.0, 'criterion': 'entropy', 'max_depth': 15, 'min_samples_leaf': 50}",0.1529914433312608,1740,0.9770114942528736,0.9759193243560178,0.6715679797655675,0.7190538583545962,0.1529914433312608,0.9041848134822952,0.9041768972164717,0.9041768972164717,0.9709997980921554,0.9682741607981356,10562.0,0.8609865470852018,0.8705266176241053,0.5374914279023868,0.6520987174504469,0.1243885467043278,892.0,0.0975022315979003,0.0861909389495849,2026-04-22T10:36:29.598183+00:00
SR-ATAD5,maccs,LogisticRegression,smoten_enn,f1_macro,"{'C': 0.01, 'l1_ratio': 0.0}",0.1132278967878584,1740,0.9770114942528736,0.9715878810740232,0.5593932794814008,0.6127767050548238,0.1132278967878584,0.8791630674728861,0.8790949286091276,0.8791245451973266,0.9535130714196894,0.944184990025336,10419.0,0.8452914798206278,0.8645753625367364,0.5560332390790005,0.6297415468324913,0.1417281934665444,892.0,0.0738239288330078,0.0620148181915283,2026-04-21T08:57:38.773419+00:00
SR-ATAD5,map4,EasyEnsemble,none,f1_macro,"{'n_estimators': 10, 'replacement': True}",0.0848149083149928,1740,0.95,0.9582360399159362,0.564788647360356,0.6665488586994,0.0848149083149928,0.6927140255009108,0.78680599140528,0.4991420667115124,0.913490086787608,0.409366157616992,5490.0,0.6804932735426009,0.7583677478616975,0.4901722488614007,0.6273999222697241,0.1658281706641845,892.0,7.329131126403809,3.847994089126587,2026-04-22T00:08:39.847870+00:00
SR-ATAD5,map4,XGBoost,random_over,f1_macro,"{'colsample_bytree': 0.8, 'learning_rate': 0.05, 'max_depth': 3, 'min_child_weight': 1, 'n_estimators': 100, 'scale_pos_weight': 1, 'subsample': 0.8}",0.08297129340335746,1740,0.9810344827586207,0.9731748494114915,0.5492617217856834,0.6699106958140817,0.08297129340335746,0.9226472259041848,0.9226274166474584,0.9226274166474584,0.978602286402853,0.9780071111085957,10562.0,0.8800448430493274,0.8873194531862684,0.5932720539667523,0.627555382821609,0.19170125343825398,892.0,1.4877450466156006,1.506833791732788,2026-04-30T03:57:49.622474+00:00
SR-ATAD5,map4,XGBoost,random_under,f1_macro,"{'colsample_bytree': 0.8, 'learning_rate': 0.1, 'max_depth': 5, 'min_child_weight': 5, 'n_estimators': 200, 'scale_pos_weight': 1, 'subsample': 0.8}",0.12239178616509971,1740,0.978735632183908,0.9733725956041872,0.5835031538088307,0.6906506447831184,0.12239178616509971,1.0,1.0,1.0,1.0,1.0,627.0,0.8475336322869955,0.8695335348021057,0.5879347826086957,0.7041974349008938,0.21585468502998464,892.0,0.2598888874053955,0.24390387535095215,2026-04-30T03:58:02.438154+00:00
SR-ATAD5,map4,LogisticRegression,smote,f1_macro,"{'C': 0.001, 'l1_ratio': 1.0}",0.0195402298850574,1740,0.9804597701149426,0.9707860521277376,0.4950667440510737,0.5,0.0195402298850574,0.5,0.3333333333333333,0.3333333333333333,0.5,0.5,10562.0,0.9304932735426008,0.8969911928459451,0.4819976771196283,0.5,0.0695067264573991,892.0,0.1267938613891601,0.1171610355377197,2026-04-21T08:57:46.308276+00:00
SR-ATAD5,map4,LogisticRegression,smoteenn,f1_macro,"{'C': 0.001, 'l1_ratio': 1.0}",0.0195402298850574,1740,0.9804597701149426,0.9707860521277376,0.4950667440510737,0.5,0.0195402298850574,0.5020439205247648,0.3356068283913016,0.3342405063291139,0.5,0.4979560794752353,10519.0,0.9304932735426008,0.8969911928459451,0.4819976771196283,0.5,0.0695067264573991,892.0,0.1406559944152832,0.2262961864471435,2026-04-21T08:57:50.749489+00:00
SR-ATAD5,map4,DecisionTree,smoten,f1_macro,"{'ccp_alpha': 0.0, 'criterion': 'gini', 'max_depth': 15, 'min_samples_leaf': 50}",0.027908504600167,1740,0.8908045977011494,0.924936493902011,0.5053149464914171,0.5977691193710779,0.027908504600167,0.925298238969892,0.9252899874786992,0.9252899874786992,0.9751457395634064,0.9651429070839834,10562.0,0.8531390134529148,0.8628329323520086,0.50831246975658,0.5803536727555383,0.0883544653559901,892.0,0.9779870510101318,0.8354189395904541,2026-04-22T10:37:33.403869+00:00
SR-ATAD5,map4,DecisionTree,smoten_enn,f1_macro,"{'ccp_alpha': 0.0, 'criterion': 'gini', 'max_depth': 15, 'min_samples_leaf': 50}",0.0356992966814377,1740,0.8844827586206897,0.9217579068940286,0.5144111885082591,0.6625577546376111,0.0356992966814377,0.9304572412473694,0.9304570293472544,0.9304572355203392,0.9770993864146764,0.9637494599667652,10454.0,0.8139013452914798,0.8401856005524065,0.4921458067525483,0.4569860085503304,0.0721252338971976,892.0,0.8206090927124023,0.78436279296875,2026-04-22T10:37:46.356513+00:00
SR-ATAD5,mhfp,LogisticRegression,none,f1_macro,"{'C': 1, 'l1_ratio': 1.0}",0.115767323281127,1740,0.9701149425287356,0.9696708923058842,0.5984449060020237,0.7683866629887594,0.115767323281127,0.9998178506375228,0.9998180593758508,0.9987593385760506,0.9999986409707456,0.9999543225179084,5490.0,0.9013452914798208,0.89450844082307,0.5663396092990365,0.6257870190439175,0.1617221711651948,892.0,4.494639873504639,4.106961011886597,2026-04-21T08:57:54.442780+00:00
SR-ATAD5,mhfp,LogisticRegression,random_over,f1_macro,"{'C': 1, 'l1_ratio': 1.0}",0.133152325947799,1740,0.971264367816092,0.9703832034509676,0.6020564988290398,0.7760585476863665,0.133152325947799,0.9999053209619392,0.9999053209610904,0.9999053209610904,0.999999498009266,0.9999989962086082,10562.0,0.9013452914798208,0.8934980855959994,0.5586839678862977,0.6233385153517295,0.1542031498151291,892.0,4.836832046508789,5.314038038253784,2026-04-21T08:58:01.961389+00:00
SR-ATAD5,mhfp,XGBoost,random_under,f1_macro,"{'colsample_bytree': 0.8, 'learning_rate': 0.05, 'max_depth': 5, 'min_child_weight': 5, 'n_estimators': 200, 'scale_pos_weight': 1, 'subsample': 0.8}",0.09891941519412462,1740,0.9724137931034482,0.9700759789596727,0.5791934541203974,0.7422505344459003,0.09891941519412462,0.9984051036682615,0.9984060518580975,0.998207880182356,1.0,1.0,627.0,0.8878923766816144,0.8870409151800148,0.5600796985658204,0.6477846871356394,0.13918790278932117,892.0,0.6502251625061035,0.6229491233825684,2026-04-30T04:01:26.644806+00:00
SR-ATAD5,mhfp,LogisticRegression,smote,f1_macro,"{'C': 1, 'l1_ratio': 1.0}",0.111701681685707,1740,0.9798850574712644,0.9733408070962924,0.5680820431350577,0.7546807116750568,0.111701681685707,0.9999053209619392,0.9999053209610904,0.9999053209610904,0.9999999820717596,0.9999999641503076,10562.0,0.9248878923766816,0.904486418993118,0.5563012732469653,0.6210454722114263,0.1439916454031145,892.0,2.288874864578247,2.120253801345825,2026-04-21T08:58:07.041814+00:00
SR-ATAD5,mhfp,KNeighbors,smoteenn,f1_macro,"{'n_neighbors': 15, 'weights': 'uniform'}",0.0580053044591317,1740,0.9764367816091954,0.9704939572911264,0.5384764677341096,0.7176056823667334,0.0580053044591317,0.9949753507773984,0.994975257427915,0.9949752820862692,0.999977386324306,0.9999581662382052,10548.0,0.9327354260089686,0.9061358056346184,0.5413410119292472,0.6466478818499806,0.1716931959244644,892.0,100.45441102981567,75.47533893585205,2026-04-24T06:05:21.062777+00:00
SR-ATAD5,mhfp,KNeighbors,smoten,f1_macro,"{'n_neighbors': 5, 'weights': 'uniform'}",0.0806484439371169,1740,0.9770114942528736,0.9715878810740232,0.5593932794814008,0.692348803530791,0.0806484439371169,0.9937511834879758,0.9937511108915076,0.9937511108915076,0.9986621767659254,0.9973766020251504,10562.0,0.9316143497757848,0.9102554050874602,0.5754866393602497,0.6032938204430626,0.1505259540473991,892.0,34.12335205078125,20.72149085998535,2026-04-24T06:06:08.523213+00:00
SR-ATAD5,mhfp,KNeighbors,smoten_enn,f1_macro,"{'n_neighbors': 5, 'weights': 'uniform'}",0.0797221827782793,1740,0.9770114942528736,0.9715878810740232,0.5593932794814008,0.6811340597200192,0.0797221827782793,0.9954420282974076,0.9954420135017178,0.9954420249683776,0.9994027465938088,0.9989163310615684,10531.0,0.9316143497757848,0.911684859047473,0.5860284999125069,0.6131169840652935,0.1634166252041993,892.0,34.855406045913696,19.442482948303223,2026-04-24T06:06:12.558623+00:00
SR-ATAD5,morgan_2048,LogisticRegression,none,f1_macro,"{'C': 1, 'l1_ratio': 1.0}",0.1533694192350746,1740,0.9735632183908046,0.9707770322115312,0.5825684245660881,0.7693434935521688,0.1533694192350746,0.9726775956284152,0.9760884979911316,0.8607545194331567,0.9985145810248712,0.950704951794753,5490.0,0.8912556053811659,0.8953232314350752,0.6113289760348584,0.7470171006607074,0.200530390847381,892.0,0.5124380588531494,0.4761338233947754,2026-04-21T08:58:25.569481+00:00
SR-ATAD5,morgan_2048,LogisticRegression,random_over,f1_macro,"{'C': 1, 'l1_ratio': 1.0}",0.1649755105736471,1740,0.9672413793103448,0.9674739587110578,0.5786012007189018,0.7581287497413972,0.1649755105736471,0.9934671463737929,0.9934668675516132,0.9934668675516132,0.9993424279950768,0.9990555026130062,10562.0,0.8890134529147982,0.8931649475471386,0.6033151404891853,0.7408764088612514,0.1981784941270442,892.0,0.9595730304718018,0.5358703136444092,2026-04-21T08:58:30.172888+00:00
SR-ATAD5,morgan_2048,XGBoost,random_under,f1_macro,"{'colsample_bytree': 0.8, 'learning_rate': 0.1, 'max_depth': 5, 'min_child_weight': 10, 'n_estimators': 200, 'scale_pos_weight': 1, 'subsample': 0.8}",0.21587248893117328,1740,0.9816091954022989,0.9783471063302168,0.6753352769679299,0.7350699951727466,0.21587248893117328,0.8293460925039873,0.8255620229547969,0.8000500701876738,0.8992582587394978,0.852635628738196,627.0,0.8038116591928252,0.8411389732349334,0.5515695067264574,0.647191993781578,0.11995485202025012,892.0,0.4712650775909424,0.42575597763061523,2026-04-30T04:06:53.610274+00:00
SR-ATAD5,morgan_2048,XGBoost,smote,f1_macro,"{'colsample_bytree': 0.8, 'learning_rate': 0.1, 'max_depth': 5, 'min_child_weight': 10, 'n_estimators': 200, 'scale_pos_weight': 1, 'subsample': 0.8}",0.07308878156752183,1740,0.9264367816091954,0.9462116206545436,0.5704896787929279,0.6737207778773878,0.07308878156752183,0.9527551600075743,0.9527309563895184,0.9527309563895185,0.9870213164269548,0.9871640656615988,10562.0,0.8946188340807175,0.8883534218699848,0.5446508091669382,0.5345413913719393,0.10357599131417225,892.0,4.732591152191162,4.756302833557129,2026-04-30T04:07:08.776742+00:00
SR-ATAD5,morgan_2048,XGBoost,smoteenn,f1_macro,"{'colsample_bytree': 0.8, 'learning_rate': 0.1, 'max_depth': 7, 'min_child_weight': 10, 'n_estimators': 100, 'scale_pos_weight': 1, 'subsample': 0.8}",0.0811284925103825,1740,0.9166666666666666,0.9406327326923155,0.5590016622648402,0.682418453899731,0.0811284925103825,0.9522177803160099,0.9521944066387186,0.9521994025392084,0.9876975598176727,0.9868474890877426,10506.0,0.8901345291479821,0.8846431330057716,0.5331937799043063,0.5206082394092499,0.1043856363094027,892.0,3.0637519359588623,3.051232099533081,2026-04-30T04:07:16.251764+00:00
SR-ATAD5,morgan_2048,XGBoost,smoten,f1_macro,"{'colsample_bytree': 0.8, 'learning_rate': 0.1, 'max_depth': 5, 'min_child_weight': 10, 'n_estimators': 200, 'scale_pos_weight': 1, 'subsample': 0.8}",0.07993825536224194,1740,0.9408045977011494,0.9537982972746115,0.5726497764530551,0.703253223915592,0.07993825536224194,0.9719750047339519,0.9719749554948577,0.9719749554948576,0.992629843757894,0.9941635304014512,10562.0,0.9091928251121076,0.8922750189391321,0.5210500149149846,0.5779051690633502,0.09087652158237236,892.0,4.964176893234253,4.917871713638306,2026-04-30T04:08:52.939105+00:00
SR-ATAD5,morgan_2048,XGBoost,smoten_enn,f1_macro,"{'colsample_bytree': 0.8, 'learning_rate': 0.1, 'max_depth': 3, 'min_child_weight': 10, 'n_estimators': 200, 'scale_pos_weight': 1, 'subsample': 0.8}",0.0940136669880457,1740,0.9540229885057471,0.9614544415181396,0.5960018110263643,0.68443555616854,0.0940136669880457,0.9755676918654785,0.9755666489006309,0.9755674900013145,0.9956678647592574,0.9960651305132088,10437.0,0.8946188340807175,0.8814522473687941,0.49253153218582807,0.5315584920326467,0.0824377975895745,892.0,4.213059902191162,4.274931192398071,2026-04-30T04:09:49.146912+00:00
SR-ATAD5,morgan_4096,LogisticRegression,none,f1_macro,"{'C': 0.1, 'l1_ratio': 1.0}",0.1183734856272134,1740,0.97183908045977,0.9697282567253872,0.5775841140711161,0.7626111992276394,0.1183734856272134,0.8965391621129326,0.92315979773693,0.6794416318796814,0.9711863147566114,0.5198464809733069,5490.0,0.8396860986547086,0.8648669240090648,0.5845933896301411,0.7398464827050136,0.1722881539528133,892.0,0.419792890548706,0.3526020050048828,2026-04-21T08:58:49.443753+00:00
SR-ATAD5,morgan_4096,XGBoost,random_over,f1_macro,"{'colsample_bytree': 0.8, 'learning_rate': 0.1, 'max_depth': 7, 'min_child_weight': 10, 'n_estimators': 200, 'scale_pos_weight': 1, 'subsample': 0.8}",0.19614707942498047,1740,0.9810344827586207,0.9748641895479327,0.5927630692416258,0.782316736776774,0.19614707942498047,0.9864608975572808,0.9864584152860174,0.9864584152860175,0.9982939844908528,0.9976594304839189,10562.0,0.9091928251121076,0.9024394339937949,0.5973450587664889,0.749737660318694,0.20881794970770456,892.0,12.301793098449707,12.11661982536316,2026-04-30T04:09:53.392201+00:00
SR-ATAD5,morgan_4096,XGBoost,random_under,f1_macro,"{'colsample_bytree': 0.8, 'learning_rate': 0.1, 'max_depth': 5, 'min_child_weight': 10, 'n_estimators': 200, 'scale_pos_weight': 1, 'subsample': 0.8}",0.16524766099403854,1740,0.9810344827586207,0.976251233917248,0.6285298398835517,0.7645507206399559,0.16524766099403854,0.8516746411483254,0.847877503424832,0.8252031667331149,0.9081293926421099,0.8586865975539456,627.0,0.8015695067264574,0.8382019936330964,0.5356885533718191,0.6302370773416246,0.11615912594548713,892.0,1.22495698928833,1.1081857681274414,2026-04-30T04:10:10.830392+00:00
SR-ATAD5,morgan_4096,XGBoost,smote,f1_macro,"{'colsample_bytree': 0.8, 'learning_rate': 0.1, 'max_depth': 5, 'min_child_weight': 1, 'n_estimators': 200, 'scale_pos_weight': 1, 'subsample': 0.8}",0.056412076510910354,1740,0.903448275862069,0.9328058142461616,0.5369525547445255,0.6481277153299773,0.056412076510910354,0.9725430789623177,0.9725407149537267,0.9725407149537268,0.9960201278204663,0.9961186162459602,10562.0,0.8968609865470852,0.8839745399779687,0.5033287336286828,0.5255829770695686,0.08897158390564816,892.0,11.927063941955566,11.741572141647339,2026-04-30T04:10:48.439555+00:00
SR-ATAD5,morgan_4096,XGBoost,smoteenn,f1_macro,"{'colsample_bytree': 0.8, 'learning_rate': 0.1, 'max_depth': 7, 'min_child_weight': 10, 'n_estimators': 200, 'scale_pos_weight': 1, 'subsample': 0.8}",0.060480288160403,1740,0.9137931034482759,0.9386695037236373,0.5462794918330308,0.6853148058754569,0.060480288160403,0.969763240467814,0.9697605623802033,0.9697615342668362,0.9940310255034516,0.9942674273969703,10517.0,0.9035874439461884,0.8903269097259119,0.5266093996840442,0.4908764088612515,0.08251315055730182,892.0,14.371201992034912,14.261895179748535,2026-04-30T04:11:43.305186+00:00
SR-ATAD5,morgan_4096,XGBoost,smoten,f1_macro,"{'colsample_bytree': 0.8, 'learning_rate': 0.1, 'max_depth': 7, 'min_child_weight': 10, 'n_estimators': 100, 'scale_pos_weight': 1, 'subsample': 0.8}",0.09353364025372198,1740,0.9718390804597701,0.9707421871933997,0.6039410789191298,0.678323908695952,0.09353364025372198,0.975004733951903,0.9750042177056863,0.9750042177056865,0.9939346790294554,0.9952762411459579,10562.0,0.9192825112107623,0.893193169567963,0.49246088193456616,0.5910707345511077,0.10647701682085196,892.0,8.27063775062561,8.164551019668579,2026-04-30T04:12:40.074331+00:00
SR-ATAD5,morgan_4096,XGBoost,smoten_enn,f1_macro,"{'colsample_bytree': 0.8, 'learning_rate': 0.05, 'max_depth': 7, 'min_child_weight': 5, 'n_estimators': 200, 'scale_pos_weight': 1, 'subsample': 0.8}",0.08527823368721882,1740,0.9741379310344828,0.9716840228347472,0.5986899764749296,0.6853148058754568,0.08527823368721882,0.9875657580105213,0.9875658683625597,0.9875646875957478,0.9985483401450761,0.9987258323581488,10455.0,0.9260089686098655,0.8967493861980805,0.49547511312217196,0.5406237854644385,0.09013596513961024,892.0,14.771240949630737,14.72797179222107,2026-04-30T04:16:21.756365+00:00
SR-ATAD5,pubchem,RUSBoost,none,f1_macro,"{'learning_rate': 0.02, 'n_estimators': 50, 'sampling_strategy': 'auto'}",0.1794941953378079,1740,0.9758620689655172,0.9738164815897136,0.6317942723553478,0.8112974967243638,0.1794941953378079,0.7717668488160292,0.8414775234650992,0.5321402165358923,0.8399457656725517,0.2232203809023212,5490.0,0.7477578475336323,0.8063813000130214,0.543090004666993,0.7508258841818889,0.1728329053403728,892.0,0.2398641109466552,0.1870219707489013,2026-04-29T19:13:25.751241+00:00
SR-ATAD5,pubchem,XGBoost,random_over,f1_macro,"{'colsample_bytree': 0.8, 'learning_rate': 0.05, 'max_depth': 5, 'min_child_weight': 1, 'n_estimators': 100, 'scale_pos_weight': 1, 'subsample': 0.8}",0.28490362625802057,1740,0.9827586206896551,0.9781166406954211,0.6547253677637845,0.751034411419902,0.28490362625802057,0.9194281386101117,0.9193686031587335,0.9193686031587335,0.9750986600038634,0.9719731737439095,10562.0,0.8531390134529148,0.8741072673388096,0.6011645726885178,0.7095511076564321,0.19431282118612414,892.0,1.215226173400879,1.3011369705200195,2026-04-30T04:18:58.205115+00:00
SR-ATAD5,pubchem,XGBoost,random_under,f1_macro,"{'colsample_bytree': 0.8, 'learning_rate': 0.1, 'max_depth': 7, 'min_child_weight': 5, 'n_estimators': 200, 'scale_pos_weight': 1, 'subsample': 0.8}",0.2605729094183415,1740,0.9839080459770115,0.980602443533478,0.7042540792540792,0.732682228811806,0.2605729094183415,0.9665071770334929,0.9663170382372941,0.9619015928588996,0.9957304091023558,0.9907630610316207,627.0,0.8060538116591929,0.8433015427402424,0.5600712707576081,0.7376117372716672,0.18585294177210543,892.0,0.26285505294799805,0.2352430820465088,2026-04-30T04:19:40.896694+00:00
SR-ATAD5,pubchem,RandomForest,smote,f1_macro,"{'max_depth': 10, 'max_features': 'sqrt', 'min_samples_leaf': 5, 'n_estimators': 200}",0.219959703944267,1740,0.982183908045977,0.9763875719995732,0.6174440953481939,0.6544462450865458,0.219959703944267,0.9164930884302216,0.9162209209464156,0.9162209209464156,0.9748425192318926,0.9695525391453697,10562.0,0.8665919282511211,0.8792595818994248,0.5844487333570832,0.5858045083560046,0.1836742585008581,892.0,1.5843429565429688,1.864917993545532,2026-04-21T19:23:34.470334+00:00
SR-ATAD5,pubchem,LogisticRegression,smoteenn,f1_macro,"{'C': 0.01, 'l1_ratio': 0.0}",0.1532476121450807,1740,0.975287356321839,0.9734350007998294,0.6293085082664897,0.6240431694365906,0.1532476121450807,0.8741607519662382,0.8740726950378249,0.8741067170328938,0.9442834747446196,0.9349155487528552,10426.0,0.8385650224215246,0.8632615996557779,0.5758832463844681,0.653371550719005,0.1863391444388839,892.0,0.2598059177398681,0.2479631900787353,2026-04-21T08:59:18.201633+00:00
SR-ATAD5,pubchem,LogisticRegression,smoten,f1_macro,"{'C': 0.1, 'l1_ratio': 0.0}",0.1403982207862873,1740,0.9695402298850576,0.9693173804839428,0.5967131818201696,0.5768395283083926,0.1403982207862873,0.953985987502367,0.9539717130855636,0.9539717130855636,0.9849211306222558,0.9854648562843245,10562.0,0.9047085201793722,0.8994986183758535,0.5917136502910562,0.6413233579479206,0.1960835622483286,892.0,0.6852438449859619,0.4282639026641845,2026-04-21T08:59:19.178740+00:00
SR-ATAD5,pubchem,XGBoost,smoten_enn,f1_macro,"{'colsample_bytree': 0.8, 'learning_rate': 0.1, 'max_depth': 3, 'min_child_weight': 1, 'n_estimators': 100, 'scale_pos_weight': 1, 'subsample': 0.8}",0.09830651996354745,1740,0.9770114942528736,0.972933882912771,0.5941690962099125,0.48696641610923386,0.09830651996354745,0.956078808265257,0.9560431800470398,0.9560577089568063,0.9900564282632228,0.986291700996287,10405.0,0.9024663677130045,0.8980401818401644,0.5890119318091546,0.598571706179557,0.1789846814435605,892.0,1.0873630046844482,1.0694868564605713,2026-04-30T04:20:30.648315+00:00
SR-ATAD5,rdkit,EasyEnsemble,none,f1_macro,"{'n_estimators': 20, 'replacement': False}",0.096413055581926,1740,0.978735632183908,0.9726314661345702,0.5643848407548497,0.72760499275912,0.096413055581926,0.7646630236794171,0.8371163716672114,0.5482143425838052,0.9291116750579174,0.4074222524135636,5490.0,0.695067264573991,0.7692037282606722,0.5080257277497952,0.7360668480373106,0.1464097970305631,892.0,23.263702154159542,11.64803409576416,2026-04-22T00:14:09.007580+00:00
SR-ATAD5,rdkit,XGBoost,random_over,f1_macro,"{'colsample_bytree': 0.8, 'learning_rate': 0.1, 'max_depth': 3, 'min_child_weight': 1, 'n_estimators': 200, 'scale_pos_weight': 1, 'subsample': 0.8}",0.11099492523874735,1740,0.9816091954022989,0.9744298131371026,0.574298908223493,0.6116819529687608,0.11099492523874735,0.9816322666161712,0.9816285612309804,0.9816285612309804,0.9979195173316066,0.9975934629748757,10562.0,0.9147982062780269,0.9061669830908321,0.6048588281923947,0.6530703458997279,0.23187616504006062,892.0,5.340275764465332,5.416760683059692,2026-04-30T04:21:12.413893+00:00
SR-ATAD5,rdkit,LogisticRegression,random_under,f1_macro,"{'C': 0.001, 'l1_ratio': 0.0}",0.1205643970564423,1740,0.957471264367816,0.961809170923987,0.558865850817448,0.7610940624784497,0.1205643970564423,0.7942583732057417,0.7996471390192069,0.7837844340190063,0.9077173141640532,0.8570176044272831,627.0,0.625560538116592,0.717406425775681,0.4618352601156069,0.6783909832879906,0.1332956966734196,892.0,0.0671920776367187,0.0291578769683837,2026-04-21T08:59:34.141286+00:00
SR-ATAD5,rdkit,LogisticRegression,smote,f1_macro,"{'C': 0.01, 'l1_ratio': 1.0}",0.0777937945652307,1740,0.9563218390804598,0.960776986354365,0.5469433062449467,0.562090545479622,0.0777937945652307,0.8282522249573945,0.8282147498624335,0.8282147498624335,0.9144456833655438,0.8988870131161931,10562.0,0.7982062780269058,0.8335753357975707,0.5102010933229207,0.5352603964244073,0.1108162623236239,892.0,0.5533769130706787,0.6331708431243896,2026-04-21T08:59:35.762914+00:00
SR-ATAD5,rdkit,LogisticRegression,smoteenn,f1_macro,"{'C': 0.01, 'l1_ratio': 1.0}",0.0772019744618828,1740,0.9551724137931036,0.9601343008812916,0.5453205403087479,0.563599062133646,0.0772019744618828,0.8285273411129328,0.8285299821943702,0.8285272119296017,0.9159843002504529,0.8971075655525425,10369.0,0.8038116591928252,0.8366185440651387,0.5094018222218032,0.5270598523124757,0.1096753151736043,892.0,0.589514970779419,0.4610519409179687,2026-04-21T08:59:36.736292+00:00
SR-ATAD5,rdkit,LogisticRegression,smoten,f1_macro,"{'C': 0.01, 'l1_ratio': 1.0}",0.0401038386918585,1740,0.9614942528735632,0.9627846879660956,0.5312631930232278,0.4476587821529549,0.0401038386918585,0.8933914031433441,0.8931888028266644,0.8931888028266644,0.9511979847510276,0.94177038278864,10562.0,0.844170403587444,0.8609380250874851,0.5307448632405203,0.5244461717839098,0.1054566019887768,892.0,0.5545461177825928,0.4339749813079834,2026-04-21T08:59:39.777126+00:00
SR-ATAD5,rdkit,LogisticRegression,smoten_enn,f1_macro,"{'C': 0.01, 'l1_ratio': 1.0}",0.0397823272274998,1740,0.9614942528735632,0.9627846879660956,0.5312631930232278,0.4334787256051307,0.0397823272274998,0.8989734241581119,0.8988187459798486,0.8988632599897421,0.9586259784697436,0.946299449986822,10423.0,0.8452914798206278,0.8616240609572211,0.5315340000913367,0.5114263505635445,0.1064254407204789,892.0,0.536024808883667,0.469167947769165,2026-04-21T08:59:42.310252+00:00
SR-ATAD5,topological_torsion,LogisticRegression,none,f1_macro,"{'C': 1, 'l1_ratio': 1.0}",0.1264561754412607,1740,0.9747126436781608,0.971486320146666,0.5861711098138419,0.6815133439073167,0.1264561754412607,0.9550091074681238,0.9628258895027806,0.8023128592202756,0.9941353357572374,0.7933640670884068,5490.0,0.8699551569506726,0.8820150075755457,0.5925785925785926,0.6670423630003887,0.1588914287926616,892.0,0.3557751178741455,0.2789258956909179,2026-04-21T08:59:46.989665+00:00
SR-ATAD5,topological_torsion,XGBoost,random_over,f1_macro,"{'colsample_bytree': 0.8, 'learning_rate': 0.1, 'max_depth': 5, 'min_child_weight': 5, 'n_estimators': 200, 'scale_pos_weight': 1, 'subsample': 0.8}",0.19215724178838467,1740,0.9793103448275862,0.9737399688345054,0.5856704413165414,0.7461812978415282,0.19215724178838467,0.971596288581708,0.9715832779455673,0.9715832779455673,0.9961583366264524,0.9950526084361129,10562.0,0.8811659192825112,0.8866883652474936,0.5837427580256045,0.5952390205985232,0.21485448062950255,892.0,4.926691055297852,4.47561502456665,2026-04-30T04:25:30.349250+00:00
SR-ATAD5,topological_torsion,BernoulliNB,random_under,f1_macro,{'alpha': 0.1},0.175726535865617,1740,0.975287356321839,0.9743247765166568,0.6524380896637262,0.7405868560788911,0.175726535865617,0.8516746411483254,0.8541640829757504,0.8392985589205546,0.9306906893157209,0.8770013558354509,627.0,0.742152466367713,0.8016253457725546,0.5264737109356968,0.6148464827050136,0.1443536803346187,892.0,0.0499420166015625,0.0107560157775878,2026-04-21T14:32:55.911640+00:00
SR-ATAD5,topological_torsion,LogisticRegression,smote,f1_macro,"{'C': 0.001, 'l1_ratio': 1.0}",0.0195402298850574,1740,0.9804597701149426,0.9707860521277376,0.4950667440510737,0.5,0.0195402298850574,0.5,0.3333333333333333,0.3333333333333333,0.5,0.5,10562.0,0.9304932735426008,0.8969911928459451,0.4819976771196283,0.5,0.0695067264573991,892.0,0.2061889171600341,0.1557710170745849,2026-04-21T08:59:51.628226+00:00
SR-ATAD5,topological_torsion,LogisticRegression,smoteenn,f1_macro,"{'C': 0.001, 'l1_ratio': 1.0}",0.0195402298850574,1740,0.9804597701149426,0.9707860521277376,0.4950667440510737,0.5,0.0195402298850574,0.5023782343987824,0.3359791623959943,0.3343886532007851,0.5,0.4976217656012177,10512.0,0.9304932735426008,0.8969911928459451,0.4819976771196283,0.5,0.0695067264573991,892.0,0.186279296875,0.1595449447631836,2026-04-21T08:59:52.582138+00:00
SR-ATAD5,topological_torsion,DecisionTree,smoten,f1_macro,"{'ccp_alpha': 0.01, 'criterion': 'entropy', 'max_depth': 15, 'min_samples_leaf': 10}",0.0279040451954917,1740,0.9729885057471264,0.9685535476647796,0.5323623762715936,0.4881042686711261,0.0279040451954917,0.8912137852679417,0.891165269276936,0.8911652692769361,0.9304309687263,0.8963501275714844,10562.0,0.8307174887892377,0.8502605262282578,0.5012127877825056,0.4583171395258453,0.0658958616159824,892.0,1.6148080825805664,1.6140589714050293,2026-04-22T10:51:31.340088+00:00
SR-ATAD5,topological_torsion,DecisionTree,smoten_enn,f1_macro,"{'ccp_alpha': 0.001, 'criterion': 'entropy', 'max_depth': 15, 'min_samples_leaf': 50}",0.0251115736295543,1740,0.9724137931034482,0.9682341398190591,0.5314603716003949,0.5568409075236191,0.0251115736295543,0.9081329629274836,0.9081267682488968,0.9081313307965984,0.967357758787474,0.9505750402691764,10439.0,0.8363228699551569,0.8542627902611861,0.5098163203854261,0.5534687135639331,0.0793270379301516,892.0,1.67470121383667,1.667130947113037,2026-04-22T10:51:38.653777+00:00
SR-HSE,atom_pair,LogisticRegression,none,f1_macro,"{'C': 1, 'l1_ratio': 0.0}",0.1176693489438988,1634,0.923500611995104,0.9271673006124096,0.5604984388818477,0.6263941936774329,0.1176693489438988,0.9811702773840858,0.982458794734624,0.9215105385516444,0.999222610916764,0.9824006858827764,4939.0,0.896,0.9186930666122338,0.5832482819623053,0.7584085002293227,0.1115121197388896,875.0,0.6259827613830566,0.6220200061798096,2026-04-21T09:00:03.117899+00:00
SR-HSE,atom_pair,LogisticRegression,random_over,f1_macro,"{'C': 1, 'l1_ratio': 1.0}",0.1205758412150873,1634,0.920440636474908,0.9261761383136334,0.5677072733933005,0.604768118564802,0.1205758412150873,0.9942171771257228,0.9942169837356424,0.9942169837356424,0.9996852230189406,0.9996454982286956,9338.0,0.8948571428571429,0.9167217861503576,0.5612026862026862,0.7405977679253937,0.1220160467179684,875.0,1.7769222259521484,1.676602840423584,2026-04-21T09:00:06.528120+00:00
SR-HSE,atom_pair,XGBoost,random_under,f1_macro,"{'colsample_bytree': 0.8, 'learning_rate': 0.1, 'max_depth': 5, 'min_child_weight': 1, 'n_estimators': 100, 'scale_pos_weight': 1, 'subsample': 0.8}",0.10369743359007,1634,0.9332925336597307,0.9315284707016388,0.553514979681981,0.6480774176342283,0.10369743359007,0.9703703703703703,0.9700699300699301,0.966013986013986,0.9968724279835391,0.9943054872645891,810.0,0.8514285714285714,0.892853144456503,0.5626749300279889,0.7907430056566274,0.18637809350377424,875.0,0.3572869300842285,0.3491079807281494,2026-04-30T04:30:19.009462+00:00
SR-HSE,atom_pair,KNeighbors,smote,f1_macro,"{'n_neighbors': 15, 'weights': 'distance'}",0.0774643800272578,1634,0.8298653610771114,0.874414718886934,0.5263728609976936,0.678990179923611,0.0774643800272578,0.9980723923752408,0.9980723901646348,0.9980723901646348,0.9983700130475104,0.9973772528764298,9338.0,0.8262857142857143,0.8778478513356562,0.5553861788617886,0.7260739948020181,0.1124772669800426,875.0,63.0955228805542,58.72832894325256,2026-04-24T07:13:35.140488+00:00
SR-HSE,atom_pair,KNeighbors,smoteenn,f1_macro,"{'n_neighbors': 15, 'weights': 'uniform'}",0.0732806262015809,1634,0.8280293757649939,0.8737279453281591,0.5326938441105078,0.6693891741039537,0.0732806262015809,0.9176901529842706,0.917300343427956,0.9173331202074656,0.9928889725030025,0.9911386073701796,9282.0,0.8137142857142857,0.869920144184995,0.5458395559815439,0.7203791469194313,0.1091273501572512,875.0,65.23216009140015,58.211270809173584,2026-04-24T07:13:59.824172+00:00
SR-HSE,atom_pair,LogisticRegression,smoten,f1_macro,"{'C': 0.001, 'l1_ratio': 0.0}",0.0737406581824257,1634,0.9222766217870256,0.9255514979806296,0.547681167949397,0.5550057625084532,0.0737406581824257,0.8971942600128507,0.8970822946250766,0.8970822946250765,0.9545320660356416,0.9519327443130212,9338.0,0.856,0.8926260869565218,0.5108695652173914,0.66560923406207,0.1954695899158325,875.0,0.266291856765747,0.2531020641326904,2026-04-21T09:00:10.623929+00:00
SR-HSE,atom_pair,LogisticRegression,smoten_enn,f1_macro,"{'C': 0.01, 'l1_ratio': 0.0}",0.0843589116441966,1634,0.9063647490820074,0.9170872258649092,0.5430473380892586,0.5811037346769661,0.0843589116441966,0.9648740045816516,0.9648736367433244,0.964873994131699,0.991990919359605,0.9908685444377036,9167.0,0.9131428571428571,0.9259214381334864,0.5548862115127176,0.6505885950160525,0.1913374519131383,875.0,0.2337658405303955,0.2633328437805176,2026-04-21T09:00:14.256721+00:00
SR-HSE,avalon,XGBoost,none,f1_macro,"{'colsample_bytree': 0.8, 'learning_rate': 0.05, 'max_depth': 5, 'min_child_weight': 1, 'n_estimators': 100, 'scale_pos_weight': 4, 'subsample': 0.8}",0.3358111585036642,1634,0.9675642594859241,0.9584647967491094,0.679909815009887,0.7669851127260952,0.3358111585036642,0.9793480461631909,0.978349370665378,0.8904859003678165,0.9862552850558848,0.8838207611281486,4939.0,0.9634285714285714,0.960019777631085,0.6828848418954426,0.818376395046629,0.2924044991060091,875.0,0.4923279285430908,0.500586986541748,2026-04-30T04:33:22.125246+00:00
SR-HSE,avalon,RandomForest,random_over,f1_macro,"{'max_depth': 10, 'max_features': 'sqrt', 'min_samples_leaf': 20, 'n_estimators': 200}",0.3947946255837603,1634,0.966952264381885,0.9591027050260628,0.6915040906230334,0.7994504186152834,0.3947946255837603,0.943456843007068,0.9434314099834052,0.9434314099834052,0.9878167959437348,0.9872204962008336,9338.0,0.9371428571428572,0.9457015878281976,0.6673716659409321,0.8184528359578046,0.3152577253901235,875.0,1.6342120170593262,1.2038369178771973,2026-04-21T19:30:34.617474+00:00
SR-HSE,avalon,XGBoost,random_under,f1_macro,"{'colsample_bytree': 0.8, 'learning_rate': 0.1, 'max_depth': 3, 'min_child_weight': 10, 'n_estimators': 100, 'scale_pos_weight': 1, 'subsample': 0.8}",0.2778997425363291,1634,0.9608323133414932,0.9553688152815112,0.6821939122824079,0.7737334387412015,0.2778997425363291,0.8716049382716049,0.8650905801164869,0.8425408788103088,0.9354903978052126,0.9044244565216638,810.0,0.8731428571428571,0.9064559053814912,0.5878263969343196,0.7877618101207766,0.18822474329235506,875.0,0.08897805213928223,0.0710752010345459,2026-04-30T04:33:37.951585+00:00
SR-HSE,avalon,LogisticRegression,smote,f1_macro,"{'C': 0.001, 'l1_ratio': 0.0}",0.0868954091230911,1634,0.8696450428396573,0.8967812123968946,0.5300762183801737,0.6312899446608691,0.0868954091230911,0.8354037267080745,0.835284719410262,0.835284719410262,0.9162912271490238,0.911405779642306,9338.0,0.84,0.8858089736857458,0.5532849057704651,0.698784589512307,0.1840149021741392,875.0,0.1664042472839355,0.122344970703125,2026-04-21T09:00:21.013954+00:00
SR-HSE,avalon,LogisticRegression,smoteenn,f1_macro,"{'C': 0.001, 'l1_ratio': 0.0}",0.0863507734361901,1634,0.8714810281517748,0.8981129872272497,0.5349499089253188,0.6294135576107974,0.0863507734361901,0.839365286381915,0.8393045952245421,0.839336574795927,0.9215066057943164,0.9137130069765969,9201.0,0.8445714285714285,0.8886307414104883,0.5569620253164557,0.696758905366152,0.1814918996914427,875.0,0.1248900890350341,0.1192741394042968,2026-04-21T09:00:22.502729+00:00
SR-HSE,avalon,XGBoost,smoten,f1_macro,"{'colsample_bytree': 0.8, 'learning_rate': 0.05, 'max_depth': 5, 'min_child_weight': 5, 'n_estimators': 200, 'scale_pos_weight': 1, 'subsample': 0.8}",0.17966839552166128,1634,0.956548347613219,0.9465763521782744,0.5987160463081143,0.6757660326319901,0.17966839552166128,0.9691582780038552,0.9691579158142886,0.9691579158142886,0.9950255649643588,0.9954466835763874,9338.0,0.9428571428571428,0.9452762317768963,0.6174896831503113,0.7213728787647149,0.1629523360364773,875.0,1.3522040843963623,1.27669095993042,2026-04-30T04:34:20.988124+00:00
SR-HSE,avalon,XGBoost,smoten_enn,f1_macro,"{'colsample_bytree': 0.8, 'learning_rate': 0.1, 'max_depth': 5, 'min_child_weight': 10, 'n_estimators': 100, 'scale_pos_weight': 1, 'subsample': 0.8}",0.17636106438229235,1634,0.9583843329253366,0.9478085046674688,0.6029445397369926,0.641933916886531,0.17636106438229235,0.9785004911055332,0.9785018242118906,0.9785001213388063,0.9974350036501871,0.9971575299565638,9163.0,0.9417142857142857,0.9421595957885229,0.5801225054337087,0.682502675431891,0.11710129857120949,875.0,0.7068650722503662,0.712338924407959,2026-04-30T04:34:30.807696+00:00
SR-HSE,erg,BalancedRandomForest,none,f1_macro,"{'max_depth': 15, 'max_features': 'log2', 'min_samples_leaf': 5, 'n_estimators': 100}",0.0680282177049332,1634,0.9467564259485924,0.9376387072153084,0.5468793329317154,0.5995532865347798,0.0680282177049332,0.8242559222514679,0.867349667202704,0.6083750988413816,0.8856742263788742,0.4288713551324982,4939.0,0.8148571428571428,0.8699907848756867,0.5304176715342008,0.7631860571778015,0.1308984050249202,875.0,0.4826719760894775,0.4807772636413574,2026-04-22T00:20:23.178960+00:00
SR-HSE,erg,RandomForest,random_over,f1_macro,"{'max_depth': 15, 'max_features': 'log2', 'min_samples_leaf': 5, 'n_estimators': 100}",0.0762314955005415,1634,0.9589963280293756,0.9432470483486992,0.5428416327382817,0.5806655935383707,0.0762314955005415,0.8966588134504176,0.8965541685294928,0.8965541685294927,0.9692914228869104,0.9690816358865642,9338.0,0.9131428571428571,0.9265185473780428,0.5640373420045104,0.7384956428680629,0.1348221697205891,875.0,0.3141458034515381,0.3402209281921386,2026-04-21T19:31:56.124330+00:00
SR-HSE,erg,XGBoost,random_under,f1_macro,"{'colsample_bytree': 0.8, 'learning_rate': 0.1, 'max_depth': 5, 'min_child_weight': 5, 'n_estimators': 200, 'scale_pos_weight': 1, 'subsample': 0.8}",0.0629710937505879,1634,0.9339045287637698,0.9307799880247879,0.5402123956520379,0.611930773700102,0.0629710937505879,0.917283950617284,0.9148354877146923,0.901873037053913,0.9742283950617284,0.958016676863726,810.0,0.8525714285714285,0.8919160000070999,0.5325099710497869,0.7181623604953371,0.14908895410482648,875.0,0.14980626106262207,0.12885618209838867,2026-04-30T04:34:59.091181+00:00
SR-HSE,erg,XGBoost,smote,f1_macro,"{'colsample_bytree': 0.8, 'learning_rate': 0.1, 'max_depth': 7, 'min_child_weight': 1, 'n_estimators': 200, 'scale_pos_weight': 1, 'subsample': 0.8}",0.07665106658025453,1634,0.9583843329253366,0.9408701326134071,0.5171394799054373,0.6615312080313176,0.07665106658025453,0.9867209252516599,0.9867199505495033,0.9867199505495032,0.9989097945596244,0.9989197936230121,9338.0,0.9577142857142857,0.9511527913372969,0.5955197961044965,0.7251375936401163,0.20377174849694135,875.0,2.8387160301208496,2.7475008964538574,2026-04-30T04:35:04.487906+00:00
SR-HSE,erg,LogisticRegression,smoteenn,f1_macro,"{'C': 0.1, 'l1_ratio': 1.0}",0.0666794805056947,1634,0.9363525091799264,0.9338872986627532,0.5641057210867603,0.6313804303307965,0.0666794805056947,0.6773832194466226,0.6768728939235132,0.67584473809019,0.738542952572563,0.7144052528297733,8927.0,0.7497142857142857,0.8281063249858671,0.4872895980992591,0.669240177342914,0.1188992075943653,875.0,0.0589199066162109,0.0530447959899902,2026-04-21T09:00:28.525950+00:00
SR-HSE,erg,LogisticRegression,smoten,f1_macro,"{'C': 0.001, 'l1_ratio': 1.0}",0.0410036719706242,1634,0.9589963280293756,0.9389236151340404,0.4895345204623555,0.5,0.0410036719706242,0.5,0.3333333333333333,0.3333333333333333,0.5,0.5,9338.0,0.9645714285714284,0.9471765976896868,0.4909831297265852,0.5,0.0354285714285714,875.0,0.0300569534301757,0.0200188159942626,2026-04-21T09:00:29.674904+00:00
SR-HSE,erg,XGBoost,smoten_enn,f1_macro,"{'colsample_bytree': 0.8, 'learning_rate': 0.05, 'max_depth': 7, 'min_child_weight': 1, 'n_estimators': 200, 'scale_pos_weight': 1, 'subsample': 0.8}",0.056968831745135305,1634,0.944920440636475,0.9335484526194981,0.5070989019828661,0.6282562935164636,0.056968831745135305,0.9951738646207152,0.9951769198536783,0.9950605432526307,0.999144352626902,0.9978894568993679,8081.0,0.9554285714285714,0.9485124016798534,0.573656001299334,0.6576402690720073,0.15801635765440383,875.0,1.1163749694824219,1.0705599784851074,2026-04-30T04:35:15.549847+00:00
SR-HSE,estate,KNeighbors,none,f1_macro,"{'n_neighbors': 5, 'weights': 'uniform'}",0.217503347112949,1634,0.96328029375765,0.9519371186907312,0.6247301456065408,0.7059072855251503,0.217503347112949,0.9520145778497672,0.9371573114959476,0.6274079527734249,0.9591410643884408,0.4835774693849082,4939.0,0.9645714285714284,0.954362665193758,0.5935050727569722,0.7282525607705244,0.1793213358284626,875.0,0.0621950626373291,0.0009288787841796,2026-04-24T07:22:39.745303+00:00
SR-HSE,estate,KNeighbors,random_over,f1_macro,"{'n_neighbors': 5, 'weights': 'distance'}",0.2385386654425509,1634,0.938188494492044,0.9418379535788752,0.653722762513245,0.7095695739553667,0.2385386654425509,0.9899336046262583,0.9899331890156003,0.9899331890156006,0.999806441056313,0.9996931021353622,9338.0,0.896,0.9198390173944764,0.6021157199894064,0.7319790551903378,0.1425126108694198,875.0,0.1456639766693115,0.0005438327789306,2026-04-24T07:22:40.055696+00:00
SR-HSE,estate,KNeighbors,random_under,f1_macro,"{'n_neighbors': 5, 'weights': 'distance'}",0.2288600334060427,1634,0.9406364749082008,0.9447653177258448,0.6754929600533959,0.7434826505633922,0.2288600334060427,0.9975308641975308,0.997528556736687,0.9972170495227756,0.9999862825788752,0.9999455337690633,810.0,0.8731428571428571,0.9055665831068024,0.5718895045158219,0.7748432961320899,0.1841208545585202,875.0,0.0164508819580078,0.0002119541168212,2026-04-24T07:22:40.719906+00:00
SR-HSE,estate,KNeighbors,smote,f1_macro,"{'n_neighbors': 5, 'weights': 'uniform'}",0.2065827334778488,1634,0.90452876376989,0.9220718921512386,0.6230412947418857,0.7308956176361333,0.2065827334778488,0.9512743628185908,0.9511905291850316,0.9511905291850316,0.997739449890757,0.9967137510975292,9338.0,0.8388571428571429,0.8848820959006612,0.547780412798135,0.7398142485858431,0.1239022075453732,875.0,0.1422090530395507,0.0008990764617919,2026-04-24T07:22:41.298683+00:00
SR-HSE,estate,KNeighbors,smoteenn,f1_macro,"{'n_neighbors': 5, 'weights': 'uniform'}",0.2113608186275495,1634,0.9094247246022032,0.92516836598135,0.6299750901223461,0.7330625113107088,0.2113608186275495,0.9543269230769232,0.9542795479886282,0.9543014678056004,0.9989006803121496,0.9981906698037712,9152.0,0.8422857142857143,0.8869929581959367,0.5504467609828742,0.7416488304540589,0.1247096895009177,875.0,0.1623401641845703,0.0005059242248535,2026-04-24T07:22:41.536681+00:00
SR-HSE,estate,KNeighbors,smoten,f1_macro,"{'n_neighbors': 5, 'weights': 'distance'}",0.1302580559688593,1634,0.9118727050183598,0.925465794500502,0.6165319426336375,0.7600081913343303,0.1302580559688593,0.9854358535018204,0.9854339765851352,0.9854339765851352,0.9960004240452364,0.9961234058099336,9338.0,0.9222857142857144,0.935248862785743,0.6252771060056429,0.7372916985170463,0.1474282221623627,875.0,0.1769402027130127,0.0005290508270263,2026-04-24T07:22:43.222529+00:00
SR-HSE,estate,KNeighbors,smoten_enn,f1_macro,"{'n_neighbors': 5, 'weights': 'distance'}",0.0920212087418127,1634,0.9094247246022032,0.9219487132991826,0.5864847303443794,0.6676175599348503,0.0920212087418127,0.9995373583159842,0.9995373754564044,0.9995344101637518,0.9999929989385852,0.9999835780177112,8646.0,0.9234285714285714,0.9344209941409138,0.6034269324692719,0.699453447485094,0.1267264234439736,875.0,0.156782865524292,0.0008552074432373,2026-04-24T07:22:44.410461+00:00
SR-HSE,fcfp,RandomForest,none,f1_macro,"{'max_depth': 5, 'max_features': 'log2', 'min_samples_leaf': 5, 'n_estimators': 100}",0.1512818496393834,1634,0.9277845777233782,0.9314507803886254,0.5877442805217019,0.7773719151530161,0.1512818496393834,0.8424782344604171,0.8769704598325921,0.5949420222634508,0.8191773161038528,0.3157259901716683,4939.0,0.8057142857142857,0.8637517400782707,0.5116289759146901,0.7280614584925852,0.1493597227266607,875.0,0.2588357925415039,0.3609669208526611,2026-04-21T19:33:09.665106+00:00
SR-HSE,fcfp,RandomForest,random_over,f1_macro,"{'max_depth': 10, 'max_features': 'log2', 'min_samples_leaf': 10, 'n_estimators': 100}",0.1481965608386788,1634,0.9290085679314566,0.9322069951506916,0.5895183645183646,0.7571983731629028,0.1481965608386788,0.8007067894624117,0.800163256951458,0.8001632569514578,0.8906630734444607,0.8902013091184746,9338.0,0.8228571428571428,0.8747839688159177,0.5315603143079182,0.7864432044029965,0.1907784967374336,875.0,0.4546771049499511,0.594541072845459,2026-04-21T19:33:17.876165+00:00
SR-HSE,fcfp,KNeighbors,random_under,f1_macro,"{'n_neighbors': 5, 'weights': 'distance'}",0.1301768336587583,1634,0.9241126070991432,0.9303287216400988,0.5973225855174771,0.6846241034775072,0.1301768336587583,1.0,1.0,1.0,1.0,1.0,810.0,0.8354285714285714,0.8829809956747086,0.5497040912599708,0.8088595016052591,0.1606998013998768,875.0,2.533414125442505,1.1515822410583496,2026-04-24T07:22:48.077526+00:00
SR-HSE,fcfp,XGBoost,smote,f1_macro,"{'colsample_bytree': 0.8, 'learning_rate': 0.1, 'max_depth': 7, 'min_child_weight': 1, 'n_estimators': 100, 'scale_pos_weight': 1, 'subsample': 0.8}",0.08884442266991642,1634,0.8035495716034272,0.8593375485666016,0.533726788081148,0.7085408947604035,0.08884442266991642,0.9504176483186978,0.9503898609609523,0.9503898609609522,0.9889313367365519,0.9878632685474653,9338.0,0.8925714285714286,0.9153653816693322,0.5589906918886458,0.6982112826784895,0.09884122586436642,875.0,2.6895229816436768,2.702662944793701,2026-04-30T04:36:04.567266+00:00
SR-HSE,fcfp,XGBoost,smoteenn,f1_macro,"{'colsample_bytree': 0.8, 'learning_rate': 0.05, 'max_depth': 7, 'min_child_weight': 5, 'n_estimators': 100, 'scale_pos_weight': 1, 'subsample': 0.8}",0.09136106452765468,1634,0.7998776009791921,0.8571833208998642,0.535241074154516,0.7414014801550639,0.09136106452765468,0.9295039164490861,0.9294683377352458,0.9294861270921659,0.9762982205558728,0.9717972687944142,9192.0,0.8662857142857143,0.8994160695857291,0.5304437564499485,0.6866495948631708,0.08377672545198243,875.0,3.0863707065582275,2.872544765472412,2026-04-30T04:36:08.099448+00:00
SR-HSE,fcfp,RandomForest,smoten,f1_macro,"{'max_depth': 15, 'max_features': 'sqrt', 'min_samples_leaf': 20, 'n_estimators': 200}",0.1186272101339709,1634,0.9424724602203184,0.939244607262964,0.5934032189750106,0.7195801464915371,0.1186272101339709,0.922895695009638,0.9228050422245178,0.9228050422245176,0.9713662811833688,0.9758959135498342,9338.0,0.8902857142857142,0.9140097557446142,0.556831131557844,0.7041545635223972,0.1744366751081378,875.0,4.271334171295166,4.679342746734619,2026-04-21T19:33:38.109588+00:00
SR-HSE,fcfp,XGBoost,smoten_enn,f1_macro,"{'colsample_bytree': 0.8, 'learning_rate': 0.1, 'max_depth': 3, 'min_child_weight': 10, 'n_estimators': 100, 'scale_pos_weight': 1, 'subsample': 0.8}",0.10877249992449341,1634,0.9498164014687882,0.9408839600074418,0.5686988991180069,0.7167322290906666,0.10877249992449341,0.9622703412073491,0.9622586370619087,0.9622666040942436,0.9928469125373467,0.9922074626014381,9144.0,0.9257142857142857,0.9340039711599528,0.5792926939321986,0.6730431126739032,0.09498462531028476,875.0,2.269397020339966,2.1844449043273926,2026-04-30T04:38:10.743345+00:00
SR-HSE,klekota_roth,XGBoost,none,f1_macro,"{'colsample_bytree': 0.8, 'learning_rate': 0.1, 'max_depth': 7, 'min_child_weight': 1, 'n_estimators': 200, 'scale_pos_weight': 8, 'subsample': 0.8}",0.1196583032404275,1634,0.9394124847001224,0.9391943751668032,0.6120300751879699,0.70899332311004,0.1196583032404275,0.9872443814537356,0.9876852812529902,0.9425802064408741,0.9979133449148441,0.9593808701158568,4939.0,0.9394285714285714,0.9437935181522311,0.6211842739399286,0.7336798654639963,0.21737248615016933,875.0,7.539176940917969,7.466395854949951,2026-04-30T04:38:29.172678+00:00
SR-HSE,klekota_roth,LogisticRegression,random_over,f1_macro,"{'C': 1, 'l1_ratio': 1.0}",0.0996000460291345,1634,0.8727050183598531,0.9000180215307046,0.5528188286808976,0.7150511005914906,0.0996000460291345,0.9693724566288284,0.9693589574316276,0.9693589574316276,0.99264875104595,0.9884974670762005,9338.0,0.8708571428571429,0.9032040737826846,0.552563342549812,0.7229399174438159,0.1107745884255546,875.0,1.167180061340332,0.9813129901885986,2026-04-21T09:00:38.659000+00:00
SR-HSE,klekota_roth,XGBoost,random_under,f1_macro,"{'colsample_bytree': 0.8, 'learning_rate': 0.1, 'max_depth': 7, 'min_child_weight': 5, 'n_estimators': 200, 'scale_pos_weight': 1, 'subsample': 0.8}",0.08830548331363056,1634,0.8824969400244798,0.9040884826476782,0.5360508242977055,0.7450732933926412,0.08830548331363056,0.9111111111111111,0.9092574246840901,0.8960864948078884,0.9681207133058986,0.9427612118581615,810.0,0.8297142857142857,0.8788084067960802,0.5317343160178292,0.7574912092952149,0.17639162730932223,875.0,1.700693130493164,1.5950920581817627,2026-04-30T04:38:54.685910+00:00
SR-HSE,klekota_roth,XGBoost,smote,f1_macro,"{'colsample_bytree': 0.8, 'learning_rate': 0.1, 'max_depth': 7, 'min_child_weight': 5, 'n_estimators': 200, 'scale_pos_weight': 1, 'subsample': 0.8}",0.08152104040318314,1634,0.7882496940024479,0.8492972757783078,0.5175169400399392,0.6723037651563497,0.08152104040318314,0.9574855429428143,0.9574729011179386,0.9574729011179386,0.9876816326714101,0.9862222009875253,9338.0,0.8948571428571429,0.9180023738308882,0.5819832170156198,0.7315586301788718,0.10657787625779205,875.0,13.485705137252808,13.509842872619629,2026-04-30T04:39:36.967054+00:00
SR-HSE,klekota_roth,XGBoost,smoteenn,f1_macro,"{'colsample_bytree': 0.8, 'learning_rate': 0.1, 'max_depth': 7, 'min_child_weight': 5, 'n_estimators': 200, 'scale_pos_weight': 1, 'subsample': 0.8}",0.08048021972637068,1634,0.7913096695226438,0.8510688453420603,0.5153431384914067,0.6684747925973198,0.08048021972637068,0.9633297062023939,0.963326734099374,0.9633291117817899,0.9904795919416346,0.9882601975260448,9190.0,0.9085714285714286,0.9258665028774385,0.5910832788111039,0.7201498241859043,0.1004837541468987,875.0,13.592537879943848,13.528470039367676,2026-04-30T04:39:42.621089+00:00
SR-HSE,klekota_roth,XGBoost,smoten,f1_macro,"{'colsample_bytree': 0.8, 'learning_rate': 0.1, 'max_depth': 7, 'min_child_weight': 1, 'n_estimators': 200, 'scale_pos_weight': 1, 'subsample': 0.8}",0.11013142850545993,1634,0.8555691554467564,0.8890907397381342,0.5299309080448,0.6681271371286516,0.11013142850545993,0.9770828871278646,0.977082735744722,0.977082735744722,0.9971470297039468,0.9971323648864164,9338.0,0.9268571428571428,0.9353384971465336,0.5905714452827981,0.6883504051368292,0.11668385671282272,875.0,13.365982055664062,12.125542879104614,2026-04-30T04:40:44.337793+00:00
SR-HSE,klekota_roth,LogisticRegression,smoten_enn,f1_macro,"{'C': 1, 'l1_ratio': 1.0}",0.0924000124002204,1634,0.8378212974296205,0.8796045471703273,0.5371188935579769,0.6424006324472087,0.0924000124002204,0.987483530961792,0.9874851935975962,0.9874795699764932,0.9985733648156774,0.998409912434462,9108.0,0.9211428571428572,0.9312671057612234,0.5733969263381028,0.6499006268154717,0.085475292848602,875.0,0.6066789627075195,0.4545691013336181,2026-04-21T09:00:50.010487+00:00
SR-HSE,maccs,XGBoost,none,f1_macro,"{'colsample_bytree': 0.8, 'learning_rate': 0.05, 'max_depth': 5, 'min_child_weight': 1, 'n_estimators': 200, 'scale_pos_weight': 4, 'subsample': 0.8}",0.39032174407828635,1634,0.9626682986536108,0.9576841065231733,0.6998810652936482,0.8168903408928554,0.39032174407828635,0.977525814942296,0.9768339780023643,0.8846100174338685,0.9853291608164172,0.8621228349498565,4939.0,0.9485714285714286,0.9504140109232295,0.6508101205203927,0.8332823727258829,0.31830611480916327,875.0,0.3137800693511963,0.2924380302429199,2026-04-30T04:46:31.470934+00:00
SR-HSE,maccs,XGBoost,random_over,f1_macro,"{'colsample_bytree': 0.8, 'learning_rate': 0.1, 'max_depth': 7, 'min_child_weight': 1, 'n_estimators': 200, 'scale_pos_weight': 1, 'subsample': 0.8}",0.3983443031017858,1634,0.9522643818849449,0.9532415057449727,0.7089605407380344,0.7903351779710255,0.3983443031017858,0.9898265153137716,0.9898254622512447,0.9898254622512446,0.9993605605177096,0.999299502542929,9338.0,0.9405714285714286,0.9445213311387328,0.6233942524168985,0.8439841002904754,0.3581085743143443,875.0,0.6538810729980469,0.6336359977722168,2026-04-30T04:46:47.835693+00:00
SR-HSE,maccs,XGBoost,random_under,f1_macro,"{'colsample_bytree': 0.8, 'learning_rate': 0.1, 'max_depth': 5, 'min_child_weight': 1, 'n_estimators': 200, 'scale_pos_weight': 1, 'subsample': 0.8}",0.24198333711990788,1634,0.9290085679314566,0.9361128333697668,0.6401017734401702,0.774171579879797,0.24198333711990788,0.9864197530864197,0.9863743036269793,0.9846212530485647,0.9993518518518518,0.9987487856525301,810.0,0.8297142857142857,0.879999620376302,0.558094289035993,0.8428757070784285,0.22678400237264615,875.0,0.09654808044433594,0.08006095886230469,2026-04-30T04:47:00.557704+00:00
SR-HSE,maccs,XGBoost,smote,f1_macro,"{'colsample_bytree': 0.8, 'learning_rate': 0.1, 'max_depth': 5, 'min_child_weight': 1, 'n_estimators': 200, 'scale_pos_weight': 1, 'subsample': 0.8}",0.1092504305026683,1634,0.8763769889840881,0.9029021170634728,0.5657182855458718,0.6658649953804683,0.1092504305026683,0.9621974726922253,0.9621788874917038,0.9621788874917037,0.9921889711448776,0.9914582063210328,9338.0,0.92,0.9338222068488412,0.6216707021791767,0.7452224430515212,0.31014216480842943,875.0,0.4926729202270508,0.4751288890838623,2026-04-30T04:47:04.050776+00:00
SR-HSE,maccs,RandomForest,smoteenn,f1_macro,"{'max_depth': 15, 'max_features': 'sqrt', 'min_samples_leaf': 5, 'n_estimators': 100}",0.0902730316654913,1634,0.8916768665850673,0.910077761511028,0.5516187694468604,0.7094790882854395,0.0902730316654913,0.9500110595001106,0.9500080072447632,0.9500109029741954,0.9866589687091052,0.982770073074954,9042.0,0.9074285714285716,0.9251737733391228,0.5896656534954408,0.773238036997401,0.2116880104712529,875.0,0.4256269931793213,0.450927734375,2026-04-21T19:37:28.982800+00:00
SR-HSE,maccs,XGBoost,smoten,f1_macro,"{'colsample_bytree': 0.8, 'learning_rate': 0.1, 'max_depth': 7, 'min_child_weight': 5, 'n_estimators': 200, 'scale_pos_weight': 1, 'subsample': 0.8}",0.14582939494967886,1634,0.9577723378212974,0.9443082392795098,0.5632488465874095,0.6817142748287917,0.14582939494967886,0.9798672092525166,0.9798667622486952,0.9798667622486952,0.998134159674133,0.9982298803495661,9338.0,0.9497142857142857,0.9511783734871622,0.6536025336500396,0.777289405289711,0.2790272775307624,875.0,0.6190991401672363,0.5945110321044922,2026-04-30T04:47:20.509738+00:00
SR-HSE,maccs,DecisionTree,smoten_enn,f1_macro,"{'ccp_alpha': 0.01, 'criterion': 'entropy', 'max_depth': 10, 'min_samples_leaf': 10}",0.0662784003800214,1634,0.9179926560587516,0.9250970293846904,0.5698783630877546,0.5708788539751783,0.0662784003800214,0.8362445414847162,0.8353295794994658,0.8355389152750115,0.8873953375445115,0.8258173413084582,9160.0,0.8022857142857143,0.8619397849325405,0.5179769520540312,0.6672909341079345,0.0912615477121487,875.0,0.0633678436279296,0.059718370437622,2026-04-22T10:58:15.899218+00:00
SR-HSE,map4,LogisticRegression,none,f1_macro,"{'C': 1, 'l1_ratio': 1.0}",0.0744704763777733,1634,0.9100367197062424,0.9184466248793874,0.5361782079182493,0.6114450085247026,0.0744704763777733,0.9793480461631908,0.9808745845115322,0.9150388767237506,0.9996414491167116,0.9927558835554814,4939.0,0.8411428571428572,0.8850353634654399,0.5245847812405943,0.6609845589359425,0.0709662400765497,875.0,1.561964988708496,1.5624072551727295,2026-04-21T09:00:59.923256+00:00
SR-HSE,map4,LogisticRegression,random_over,f1_macro,"{'C': 0.1, 'l1_ratio': 1.0}",0.0756965841899844,1634,0.8953488372093024,0.9116476217195804,0.5467494610417103,0.620788844545619,0.0756965841899844,0.95952023988006,0.9594848460208728,0.9594848460208728,0.988300268982481,0.9824750586182928,9338.0,0.8205714285714286,0.8725300338385837,0.5114843408283519,0.6555190337868828,0.0691988145023577,875.0,0.7904179096221924,0.8125629425048828,2026-04-21T09:01:00.872577+00:00
SR-HSE,map4,RandomForest,random_under,f1_macro,"{'max_depth': 15, 'max_features': 'log2', 'min_samples_leaf': 5, 'n_estimators': 100}",0.0672779562095637,1634,0.9504283965728274,0.9390518947385949,0.5421971795909473,0.5117393250721504,0.0672779562095637,0.9629629629629628,0.9624182084837544,0.957165218862816,0.995432098765432,0.99231645066303,810.0,0.8777142857142857,0.9061598241758242,0.539076923076923,0.6399250879070478,0.1190723251534649,875.0,0.215811014175415,0.1111690998077392,2026-04-21T19:38:15.131854+00:00
SR-HSE,map4,LogisticRegression,smote,f1_macro,"{'C': 0.001, 'l1_ratio': 1.0}",0.0410036719706242,1634,0.9589963280293756,0.9389236151340404,0.4895345204623555,0.5,0.0410036719706242,0.5,0.3333333333333333,0.3333333333333333,0.5,0.5,9338.0,0.9645714285714284,0.9471765976896868,0.4909831297265852,0.5,0.0354285714285714,875.0,0.1662640571594238,0.1154088973999023,2026-04-21T09:01:05.867672+00:00
SR-HSE,map4,LogisticRegression,smoteenn,f1_macro,"{'C': 0.001, 'l1_ratio': 1.0}",0.0410036719706242,1634,0.9589963280293756,0.9389236151340404,0.4895345204623555,0.5,0.0410036719706242,0.5033962264150943,0.3371137379707509,0.3348393574297189,0.5,0.4966037735849056,9275.0,0.9645714285714284,0.9471765976896868,0.4909831297265852,0.5,0.0354285714285714,875.0,0.1142380237579345,0.1036710739135742,2026-04-21T09:01:07.221219+00:00
SR-HSE,map4,KNeighbors,smoten,f1_macro,"{'n_neighbors': 5, 'weights': 'uniform'}",0.058077003779131,1634,0.9118727050183598,0.9190914186788244,0.5323746154396508,0.5938479269256779,0.058077003779131,0.9611265795673593,0.9611257552562812,0.961125755256281,0.9852758961522208,0.9736953303393694,9338.0,0.9005714285714286,0.9180373851869916,0.5342583925261091,0.6645772817611986,0.0763807220200125,875.0,14.06050705909729,8.920075178146362,2026-04-24T07:48:38.264942+00:00
SR-HSE,map4,KNeighbors,smoten_enn,f1_macro,"{'n_neighbors': 5, 'weights': 'uniform'}",0.0541337056112129,1634,0.8727050183598531,0.8975360989806643,0.5174685384580437,0.5713931935726599,0.0541337056112129,0.9629870834690112,0.962984726069866,0.9629865793710808,0.9777418022000066,0.9596690819617184,9213.0,0.896,0.9164449348979812,0.5470731110744534,0.6576211588442135,0.0673021597992373,875.0,11.384494066238403,9.998894691467283,2026-04-24T07:50:27.958499+00:00
SR-HSE,mhfp,BernoulliNB,none,f1_macro,{'alpha': 10.0},0.1063258846476068,1634,0.8990208078335373,0.9138127550815784,0.5500763473428621,0.6605215784510757,0.1063258846476068,0.9054464466491192,0.9192131373258324,0.6798468437018741,0.8745575624885971,0.4473665452702331,4939.0,0.8914285714285715,0.915533801503434,0.5717170988567101,0.7155633695153647,0.1792926777926649,875.0,0.0643138885498046,0.0147480964660644,2026-04-21T14:34:20.116185+00:00
SR-HSE,mhfp,XGBoost,random_over,f1_macro,"{'colsample_bytree': 0.8, 'learning_rate': 0.05, 'max_depth': 7, 'min_child_weight': 1, 'n_estimators': 200, 'scale_pos_weight': 1, 'subsample': 0.8}",0.08310801427798936,1634,0.9571603427172583,0.9421580262756982,0.5403102644481955,0.6247845012334625,0.08310801427798936,0.9994645534375669,0.9994645532840526,0.9994645532840527,0.9999903438422453,0.99998811023878,9338.0,0.9668571428571429,0.9525742624682636,0.5521610984627874,0.7279850175814097,0.23118026527580307,875.0,9.980551958084106,9.86483097076416,2026-04-30T04:50:54.699713+00:00
SR-HSE,mhfp,XGBoost,random_under,f1_macro,"{'colsample_bytree': 0.8, 'learning_rate': 0.1, 'max_depth': 7, 'min_child_weight': 1, 'n_estimators': 100, 'scale_pos_weight': 1, 'subsample': 0.8}",0.08683853753373649,1634,0.9473684210526315,0.9387034821903243,0.5564267676767677,0.5986770042575889,0.08683853753373649,1.0,1.0,1.0,1.0,1.0,810.0,0.9428571428571428,0.9437161074394169,0.5945470047449585,0.6547546246751261,0.21553128301245553,875.0,0.683007001876831,0.6319098472595215,2026-04-30T04:51:05.028128+00:00
SR-HSE,mhfp,LogisticRegression,smote,f1_macro,"{'C': 1, 'l1_ratio': 0.0}",0.0831924849914687,1634,0.9400244798041616,0.9361106616231816,0.5691902071563089,0.6472630466048824,0.0831924849914687,0.9994645534375668,0.9994645533823018,0.999464553382302,0.9999994265939576,0.9999993122562528,9338.0,0.9394285714285714,0.9407724524733426,0.5765806893403332,0.6794832594404525,0.1054950252859048,875.0,2.848022937774658,3.0258471965789795,2026-04-21T09:01:23.081238+00:00
SR-HSE,mhfp,LogisticRegression,smoteenn,f1_macro,"{'C': 1, 'l1_ratio': 0.0}",0.0875828378670286,1634,0.944920440636475,0.9397028167066354,0.5839557305812059,0.6440531865243024,0.0875828378670286,0.9998926232148608,0.999892623182672,0.999892622377946,0.999999976940286,0.9999999536422796,9313.0,0.9451428571428572,0.944261031276416,0.5857988165680473,0.6909876165723895,0.1117304236029839,875.0,2.9543468952178955,2.94779896736145,2026-04-21T09:01:25.745863+00:00
SR-HSE,mhfp,KNeighbors,smoten,f1_macro,"{'n_neighbors': 15, 'weights': 'uniform'}",0.0943674869480755,1634,0.9443084455324358,0.9368730113706356,0.5522815892085573,0.6569450132871063,0.0943674869480755,0.9826515313771684,0.98264643665047,0.9826464366504704,0.9997884361065804,0.9996544073341584,9338.0,0.9405714285714286,0.943825850340136,0.6130952380952381,0.7743082097538603,0.2055523024188691,875.0,152.98412370681763,129.62214303016663,2026-04-24T07:57:25.606700+00:00
SR-HSE,mhfp,KNeighbors,smoten_enn,f1_macro,"{'n_neighbors': 5, 'weights': 'uniform'}",0.086344941090751,1634,0.9547123623011016,0.942415530443198,0.5581395348837209,0.5945956243034985,0.086344941090751,0.994409804343152,0.9944097940061548,0.9944098033094524,0.9993003945130516,0.9987361141537008,9302.0,0.9554285714285714,0.9517623966187356,0.6205846054635816,0.6917329154563523,0.1701149825783972,875.0,55.88492679595947,27.857670068740845,2026-04-24T08:06:13.722871+00:00
SR-HSE,morgan_2048,XGBoost,none,f1_macro,"{'colsample_bytree': 0.8, 'learning_rate': 0.1, 'max_depth': 7, 'min_child_weight': 1, 'n_estimators': 100, 'scale_pos_weight': 8, 'subsample': 0.8}",0.2452795885852736,1634,0.9602203182374541,0.95044520566746,0.6246081200009896,0.7348103134614102,0.2452795885852736,0.9838023891476008,0.9842525135230529,0.9260143627108792,0.996140818479649,0.932613943559831,4939.0,0.9474285714285714,0.9482188188442637,0.6269832443653618,0.779315089435866,0.21713338301105806,875.0,1.411703109741211,1.4119389057159424,2026-04-30T04:55:16.162510+00:00
SR-HSE,morgan_2048,XGBoost,random_over,f1_macro,"{'colsample_bytree': 0.8, 'learning_rate': 0.1, 'max_depth': 7, 'min_child_weight': 5, 'n_estimators': 200, 'scale_pos_weight': 1, 'subsample': 0.8}",0.1967942854445031,1634,0.9406364749082007,0.9390666207161374,0.6026692938454327,0.6869052948404119,0.1967942854445031,0.9808310130648962,0.9808282056156717,0.9808282056156716,0.9970927854923317,0.9959317922026447,9338.0,0.9097142857142857,0.9265599977094486,0.5925218549760967,0.7540131478367222,0.19794210373518087,875.0,4.116213083267212,4.058467149734497,2026-04-30T04:55:41.163014+00:00
SR-HSE,morgan_2048,LogisticRegression,random_under,f1_macro,"{'C': 1, 'l1_ratio': 1.0}",0.1419339577725363,1634,0.9228886168910648,0.9276482214836974,0.5706778770362585,0.6308089418891503,0.1419339577725363,0.9444444444444444,0.9447590123565592,0.9382256787972564,0.9850137174211248,0.9718778583234003,810.0,0.7462857142857143,0.8259468947217442,0.4921090612449799,0.7060846965295826,0.1233889728834444,875.0,0.0743179321289062,0.0418272018432617,2026-04-21T09:01:49.634086+00:00
SR-HSE,morgan_2048,LogisticRegression,smote,f1_macro,"{'C': 0.1, 'l1_ratio': 0.0}",0.0872511171674229,1634,0.8378212974296205,0.8794452378646368,0.5344954552540059,0.6004009943898885,0.0872511171674229,0.9557721139430284,0.9557680959617504,0.9557680959617504,0.985782190751456,0.9883498922368288,9338.0,0.9074285714285716,0.9236899793120265,0.5663785033863774,0.6692019568873261,0.1706429440879113,875.0,0.2096638679504394,0.2122960090637207,2026-04-21T09:01:51.033436+00:00
SR-HSE,morgan_2048,LogisticRegression,smoteenn,f1_macro,"{'C': 0.1, 'l1_ratio': 0.0}",0.0868641003459241,1634,0.835985312117503,0.8781613816246616,0.5305564131590683,0.6082684852698854,0.0868641003459241,0.962858384013901,0.962859347742848,0.962858208790456,0.990862679320334,0.9917723010769351,9208.0,0.9188571428571428,0.9299056861054912,0.5706070596692032,0.6499388472710594,0.1662206238843264,875.0,0.1835870742797851,0.1723639965057373,2026-04-21T09:01:53.308491+00:00
SR-HSE,morgan_2048,XGBoost,smoten,f1_macro,"{'colsample_bytree': 0.8, 'learning_rate': 0.05, 'max_depth': 7, 'min_child_weight': 5, 'n_estimators': 100, 'scale_pos_weight': 1, 'subsample': 0.8}",0.10940193313580149,1634,0.945532435740514,0.9400878087327621,0.5850034386619752,0.6710988770252121,0.10940193313580149,0.9624116513171985,0.9624111232518167,0.9624111232518167,0.989738784189278,0.9916847517186695,9338.0,0.9485714285714286,0.9454048959889668,0.5776347546259051,0.694733221219997,0.08948285654602753,875.0,3.0016398429870605,3.0908150672912598,2026-04-30T04:57:52.738624+00:00
SR-HSE,morgan_2048,XGBoost,smoten_enn,f1_macro,"{'colsample_bytree': 0.8, 'learning_rate': 0.05, 'max_depth': 7, 'min_child_weight': 5, 'n_estimators': 100, 'scale_pos_weight': 1, 'subsample': 0.8}",0.15764685698272232,1634,0.9553243574051408,0.9443461540573014,0.5784060424626499,0.6635028431549972,0.15764685698272232,0.9808847624249044,0.9808866100270782,0.980882101877774,0.9978362516086074,0.9979821529028272,9155.0,0.9508571428571428,0.9418195968905645,0.5096122515477354,0.6595321816236048,0.08157107418248354,875.0,2.8788950443267822,2.838183879852295,2026-04-30T04:58:35.171343+00:00
SR-HSE,morgan_4096,LogisticRegression,none,f1_macro,"{'C': 1, 'l1_ratio': 1.0}",0.1483052524208021,1634,0.944920440636475,0.9385170868000146,0.5690928270042194,0.6855146729657393,0.1483052524208021,0.9892690828102856,0.9897179995845428,0.9524579073211884,0.9997925640354426,0.9960881548406996,4939.0,0.9085714285714286,0.9248900432900434,0.5757575757575758,0.6995489986240636,0.1378720317460022,875.0,0.8059430122375488,0.54160475730896,2026-04-21T09:02:04.060972+00:00
SR-HSE,morgan_4096,LogisticRegression,random_over,f1_macro,"{'C': 1, 'l1_ratio': 1.0}",0.1475757070732735,1634,0.94124847001224,0.937414525671688,0.5779822437449557,0.684424082522931,0.1475757070732735,0.9976440351252944,0.9976440220482726,0.9976440220482728,0.9999182093621058,0.9999105738119628,9338.0,0.9108571428571428,0.9251691114928858,0.5615556583410423,0.7006573918361109,0.1315424151421636,875.0,0.6984541416168213,0.872626781463623,2026-04-21T09:02:06.998757+00:00
SR-HSE,morgan_4096,KNeighbors,random_under,f1_macro,"{'n_neighbors': 15, 'weights': 'uniform'}",0.0997328372809677,1634,0.9253365973072216,0.9291270780289178,0.5737695103698952,0.6845145681928582,0.0997328372809677,0.7407407407407407,0.6877977513815664,0.6141142094899321,0.7793518518518519,0.6579698047707696,810.0,0.9291428571428572,0.9346343656988046,0.5625846610333484,0.7374445803393977,0.0976659255735556,875.0,23.604600191116333,16.77817177772522,2026-04-24T08:27:44.336091+00:00
SR-HSE,morgan_4096,DecisionTree,smote,f1_macro,"{'ccp_alpha': 0.0, 'criterion': 'gini', 'max_depth': 10, 'min_samples_leaf': 50}",0.0655145627548876,1634,0.8421052631578947,0.8820645748277327,0.5375877500877501,0.5602825057863206,0.0655145627548876,0.8758834868280145,0.8758224662971237,0.8758224662971237,0.943281266076872,0.9313222118603206,9338.0,0.8697142857142857,0.9021729405516852,0.5455663678110649,0.709371655710136,0.1031740933195592,875.0,3.587655782699585,3.534872770309448,2026-04-22T11:03:41.732717+00:00
SR-HSE,morgan_4096,DecisionTree,smoteenn,f1_macro,"{'ccp_alpha': 0.001, 'criterion': 'gini', 'max_depth': 10, 'min_samples_leaf': 50}",0.0627438802666547,1634,0.8421052631578947,0.8820645748277327,0.5375877500877501,0.5743268342397776,0.0627438802666547,0.8813943449169005,0.8813797191708047,0.881365293777395,0.9367278509972772,0.9211883308656024,9266.0,0.8697142857142857,0.9025188107824856,0.5515967202502967,0.6656665647454516,0.0813774846936123,875.0,3.435581922531128,3.483405828475952,2026-04-22T11:04:23.443721+00:00
SR-HSE,morgan_4096,LogisticRegression,smoten,f1_macro,"{'C': 0.01, 'l1_ratio': 0.0}",0.0844291740374753,1634,0.9265605875153,0.9275780006845096,0.5460480622308653,0.5874186819571574,0.0844291740374753,0.9494538445063184,0.94945147006884,0.94945147006884,0.9800105378268856,0.9863400391323822,9338.0,0.928,0.9346902135521382,0.5720806390262457,0.5962391071701575,0.091071480403708,875.0,0.4475471973419189,0.2883410453796386,2026-04-21T09:02:13.326366+00:00
SR-HSE,morgan_4096,LogisticRegression,smoten_enn,f1_macro,"{'C': 0.001, 'l1_ratio': 0.0}",0.0947676237160919,1634,0.9241126070991432,0.925665983492008,0.5373218852758495,0.5872662850393852,0.0947676237160919,0.9259702141537124,0.9259639502295762,0.9259688143941288,0.9813976171800572,0.9838235287366192,9199.0,0.904,0.9205866482186096,0.5460048426150121,0.6188273964225653,0.0787865401769219,875.0,0.4112179279327392,0.2937400341033935,2026-04-21T09:02:17.312549+00:00
SR-HSE,pubchem,XGBoost,none,f1_macro,"{'colsample_bytree': 0.8, 'learning_rate': 0.1, 'max_depth': 5, 'min_child_weight': 1, 'n_estimators': 200, 'scale_pos_weight': 8, 'subsample': 0.8}",0.2695848861898118,1634,0.9467564259485924,0.9486822410896216,0.6860710854947166,0.8056891674365885,0.2695848861898118,0.9825875683336708,0.9834499995558847,0.924171328516525,0.9965406185795991,0.9409515227343875,4939.0,0.9405714285714286,0.9474625289315586,0.6673392992922735,0.8072160220149824,0.3451295946380572,875.0,1.136911153793335,1.1447319984436035,2026-04-30T05:06:12.033817+00:00
SR-HSE,pubchem,XGBoost,random_over,f1_macro,"{'colsample_bytree': 0.8, 'learning_rate': 0.1, 'max_depth': 7, 'min_child_weight': 1, 'n_estimators': 200, 'scale_pos_weight': 1, 'subsample': 0.8}",0.3822904867157577,1634,0.9541003671970624,0.9532473953652143,0.6973558458107678,0.7889683681147549,0.3822904867157577,0.9927179267509103,0.9927175405723491,0.9927175405723492,0.9990777795938184,0.9989373092614734,9338.0,0.9417142857142857,0.947689047175355,0.6619548667136332,0.8437547775569485,0.3399009669574432,875.0,2.31730580329895,2.1650519371032715,2026-04-30T05:06:41.559239+00:00
SR-HSE,pubchem,XGBoost,random_under,f1_macro,"{'colsample_bytree': 0.8, 'learning_rate': 0.1, 'max_depth': 3, 'min_child_weight': 1, 'n_estimators': 100, 'scale_pos_weight': 1, 'subsample': 0.8}",0.32659091860835643,1634,0.9620563035495716,0.9567635398039639,0.6921253525235826,0.8196382478164379,0.32659091860835643,0.8716049382716049,0.8648675662168915,0.8421289355322339,0.9348216735253773,0.905988801224403,810.0,0.8662857142857143,0.9016900199599605,0.5708428876247648,0.7873796055648983,0.2163650485817053,875.0,0.12930703163146973,0.10614585876464844,2026-04-30T05:07:41.926071+00:00
SR-HSE,pubchem,XGBoost,smote,f1_macro,"{'colsample_bytree': 0.8, 'learning_rate': 0.1, 'max_depth': 5, 'min_child_weight': 1, 'n_estimators': 200, 'scale_pos_weight': 1, 'subsample': 0.8}",0.16365799022038235,1634,0.8745410036719706,0.9046012539710612,0.6059894960330763,0.7590271361761709,0.16365799022038235,0.9649817948168773,0.9649713820291334,0.9649713820291332,0.9938368254296497,0.993591569660412,9338.0,0.9142857142857143,0.9288421907951536,0.5907160364473216,0.722022626509708,0.20676937232248782,875.0,2.0500190258026123,1.9455440044403076,2026-04-30T05:07:48.908824+00:00
SR-HSE,pubchem,XGBoost,smoteenn,f1_macro,"{'colsample_bytree': 0.8, 'learning_rate': 0.1, 'max_depth': 7, 'min_child_weight': 1, 'n_estimators': 200, 'scale_pos_weight': 1, 'subsample': 0.8}",0.21419024197167308,1634,0.8959608323133414,0.9162554655130428,0.6056233247012857,0.7556791663888598,0.21419024197167308,0.9879873320956645,0.9879884754821122,0.9879857524170195,0.9990181570788327,0.9988719190047712,9157.0,0.9417142857142857,0.9430074542668015,0.5925587765350377,0.7256153493349641,0.23902519851003096,875.0,2.4072210788726807,2.3577919006347656,2026-04-30T05:07:50.581258+00:00
SR-HSE,pubchem,XGBoost,smoten,f1_macro,"{'colsample_bytree': 0.8, 'learning_rate': 0.1, 'max_depth': 3, 'min_child_weight': 1, 'n_estimators': 200, 'scale_pos_weight': 1, 'subsample': 0.8}",0.1299850932315969,1634,0.9241126070991432,0.9299610394622635,0.5925514800514801,0.6330615588299726,0.1299850932315969,0.95952023988006,0.9595191702732948,0.9595191702732948,0.9880267772364772,0.9901461120680011,9338.0,0.9382857142857143,0.9459598696621506,0.6623649459783914,0.7381516587677726,0.26947182668026176,875.0,1.7146217823028564,1.6170639991760254,2026-04-30T05:07:58.642536+00:00
SR-HSE,pubchem,XGBoost,smoten_enn,f1_macro,"{'colsample_bytree': 0.8, 'learning_rate': 0.05, 'max_depth': 5, 'min_child_weight': 1, 'n_estimators': 200, 'scale_pos_weight': 1, 'subsample': 0.8}",0.10830970676513696,1634,0.9412484700122399,0.9374145256716881,0.5779822437449557,0.6232367200373372,0.10830970676513696,0.9837069436850738,0.9837086410683815,0.9837059336718659,0.9990338754406787,0.998960195035571,9145.0,0.9462857142857143,0.9466960980796192,0.6130540736349865,0.7083014829536769,0.24285308939482478,875.0,1.93845796585083,1.9804439544677734,2026-04-30T05:08:27.698456+00:00
SR-HSE,rdkit,LogisticRegression,none,f1_macro,"{'C': 0.1, 'l1_ratio': 0.0}",0.1978318751679415,1634,0.9155446756425948,0.9277805549235608,0.621883572899409,0.7436731467106078,0.1978318751679415,0.9797529864345008,0.9812006373260572,0.9162188386326318,0.9989989132417918,0.9808438023277484,4939.0,0.896,0.9178489898962596,0.5695503862558857,0.6752025684146155,0.1589216613821649,875.0,1.1850090026855469,1.1377949714660645,2026-04-21T09:02:42.782822+00:00
SR-HSE,rdkit,LogisticRegression,random_over,f1_macro,"{'C': 0.1, 'l1_ratio': 0.0}",0.193344138138484,1634,0.9216646266829864,0.9316730054215732,0.6314216432639712,0.7376153692291574,0.193344138138484,0.9918612122510172,0.9918606731030942,0.991860673103094,0.9994521449308084,0.9993770820934768,9338.0,0.9005714285714286,0.9205839932336756,0.5744092045016185,0.6641186362941447,0.1555693760772539,875.0,2.56819486618042,2.360611915588379,2026-04-21T09:02:46.645399+00:00
SR-HSE,rdkit,KNeighbors,random_under,f1_macro,"{'n_neighbors': 5, 'weights': 'distance'}",0.2121382185772722,1634,0.9388004895960832,0.9383563720915096,0.6052682436611008,0.7659326215127299,0.2121382185772722,1.0,1.0,1.0,1.0,1.0,810.0,0.8708571428571429,0.9038650800997178,0.5641758018944854,0.7654983947408653,0.1348579688964543,875.0,3.3482370376586914,1.8250370025634768,2026-04-24T08:53:24.814915+00:00
SR-HSE,rdkit,LogisticRegression,smote,f1_macro,"{'C': 0.001, 'l1_ratio': 0.0}",0.0809462923845497,1634,0.7833537331701347,0.8462386736700649,0.5164225521669341,0.6525397898827496,0.0809462923845497,0.8611051617048618,0.8607918588533517,0.8607918588533516,0.9316766745899148,0.9232326858377754,9338.0,0.8377142857142857,0.8837173917668333,0.5374162323157111,0.6575064974774499,0.1375837608998067,875.0,0.6088712215423584,0.499018907546997,2026-04-21T09:02:50.486542+00:00
SR-HSE,rdkit,LogisticRegression,smoteenn,f1_macro,"{'C': 0.001, 'l1_ratio': 0.0}",0.0789399464015688,1634,0.7900856793145655,0.8505603325828922,0.5206985874829283,0.6473487698711293,0.0789399464015688,0.8649252065193124,0.8648773724522096,0.864918311518649,0.937266087004461,0.9232820086467176,8958.0,0.8457142857142858,0.8886049281878894,0.543356489266703,0.6562070019874636,0.1645167535251045,875.0,0.5282797813415527,0.4830610752105713,2026-04-21T09:02:50.897710+00:00
SR-HSE,rdkit,LogisticRegression,smoten,f1_macro,"{'C': 0.01, 'l1_ratio': 0.0}",0.0807603143187379,1634,0.8274173806609547,0.8738978227709061,0.5418946648426812,0.6837906828334397,0.0807603143187379,0.9477404155065324,0.9477205561123532,0.9477205561123532,0.98643032306935,0.9875791663075486,9338.0,0.9005714285714286,0.9205839932336756,0.5744092045016185,0.6354150741476838,0.1790177573561235,875.0,1.013345718383789,0.9977788925170898,2026-04-21T09:02:55.742271+00:00
SR-HSE,rdkit,LogisticRegression,smoten_enn,f1_macro,"{'C': 0.001, 'l1_ratio': 0.0}",0.0802569009025625,1634,0.8543451652386781,0.8889569823430867,0.5381615387173239,0.6331853813256627,0.0802569009025625,0.9143637356635718,0.9141457331618608,0.9142167197415992,0.9719535811993374,0.9655823030917998,9155.0,0.8651428571428571,0.9000968787681116,0.5535405424104054,0.6227258828925241,0.1152636435995631,875.0,0.5475282669067383,0.5179910659790039,2026-04-21T09:02:56.983332+00:00
SR-HSE,topological_torsion,XGBoost,none,f1_macro,"{'colsample_bytree': 0.8, 'learning_rate': 0.1, 'max_depth': 5, 'min_child_weight': 5, 'n_estimators': 200, 'scale_pos_weight': 8, 'subsample': 0.8}",0.14382022711202863,1634,0.9608323133414932,0.947944940405345,0.5899623588456713,0.6136928630618446,0.14382022711202863,0.9728690018222312,0.9743232399866555,0.8829347587680508,0.9896623117012922,0.8696996311603992,4939.0,0.928,0.937243879173291,0.6104928457869635,0.6943892371197065,0.23658381697830408,875.0,2.300339937210083,2.2397477626800537,2026-04-30T05:12:41.454659+00:00
SR-HSE,topological_torsion,XGBoost,random_over,f1_macro,"{'colsample_bytree': 0.8, 'learning_rate': 0.1, 'max_depth': 5, 'min_child_weight': 10, 'n_estimators': 200, 'scale_pos_weight': 1, 'subsample': 0.8}",0.177706813739489,1634,0.9528763769889841,0.9454234763630855,0.6066552660949707,0.6343807446494394,0.177706813739489,0.9418505033197687,0.9418475096066227,0.9418475096066226,0.9852924331824847,0.9836904418474198,9338.0,0.8662857142857143,0.9007859446092178,0.5545058550659049,0.7026830759822656,0.18994705253890895,875.0,3.895925998687744,3.8601200580596924,2026-04-30T05:12:47.303843+00:00
SR-HSE,topological_torsion,LogisticRegression,random_under,f1_macro,"{'C': 1, 'l1_ratio': 1.0}",0.1112533850601746,1634,0.905140758873929,0.9184165365009788,0.5690539673680933,0.61573593424073,0.1112533850601746,0.9061728395061728,0.9077149556601612,0.8982519701697784,0.9727469135802468,0.9421740564962152,810.0,0.7302857142857143,0.8151992380491989,0.4800793602836022,0.6722978137899406,0.1380682919825386,875.0,0.0596699714660644,0.0198791027069091,2026-04-21T09:03:05.219593+00:00
SR-HSE,topological_torsion,LogisticRegression,smote,f1_macro,"{'C': 0.001, 'l1_ratio': 1.0}",0.0410036719706242,1634,0.9589963280293756,0.9389236151340404,0.4895345204623555,0.5,0.0410036719706242,0.5,0.3333333333333333,0.3333333333333333,0.5,0.5,9338.0,0.9645714285714284,0.9471765976896868,0.4909831297265852,0.5,0.0354285714285714,875.0,0.1873369216918945,0.1433379650115966,2026-04-21T09:03:06.280717+00:00
SR-HSE,topological_torsion,LogisticRegression,smoteenn,f1_macro,"{'C': 0.001, 'l1_ratio': 1.0}",0.0410036719706242,1634,0.9589963280293756,0.9389236151340404,0.4895345204623555,0.5,0.0410036719706242,0.506014956107077,0.340037972087499,0.3359959700633276,0.5,0.4939850438929229,9227.0,0.9645714285714284,0.9471765976896868,0.4909831297265852,0.5,0.0354285714285714,875.0,0.1897499561309814,0.1409249305725097,2026-04-21T09:03:06.667990+00:00
SR-HSE,topological_torsion,LogisticRegression,smoten,f1_macro,"{'C': 0.01, 'l1_ratio': 1.0}",0.0379555334990059,1634,0.9075887392900857,0.9140161131608512,0.4948395563717812,0.454828601091543,0.0379555334990059,0.8554294281430713,0.8554182792088039,0.8554182792088039,0.9251455338940082,0.925269060514684,9338.0,0.8285714285714286,0.8774136907393605,0.5164249712618268,0.6762918513988687,0.0661661070047732,875.0,0.1876578330993652,0.1665480136871338,2026-04-21T09:03:07.912554+00:00
SR-HSE,topological_torsion,LogisticRegression,smoten_enn,f1_macro,"{'C': 0.001, 'l1_ratio': 1.0}",0.0410036719706242,1634,0.9589963280293756,0.9389236151340404,0.4895345204623555,0.5,0.0410036719706242,0.5105522143247676,0.3451235396962994,0.3379904444766179,0.5,0.4894477856752324,9145.0,0.9645714285714284,0.9471765976896868,0.4909831297265852,0.5,0.0354285714285714,875.0,0.1448657512664795,0.1332988739013672,2026-04-21T09:03:10.492911+00:00
SR-MMP,atom_pair,BalancedRandomForest,none,f1_macro,"{'max_depth': 5, 'max_features': 'log2', 'min_samples_leaf': 5, 'n_estimators': 200}",0.5799284059541856,1553,0.951706374758532,0.9417929340833844,0.7514261385099013,0.8439949770186412,0.5799284059541856,0.7883731617647058,0.8052199484159016,0.7070475158885123,0.845395670184996,0.6103604354722458,4352.0,0.7817715019255456,0.8139180340293009,0.6641560154189491,0.8606027330405076,0.4999946074960343,779.0,3.683943748474121,2.716442108154297,2026-04-22T00:31:48.252872+00:00
SR-MMP,atom_pair,RandomForest,random_over,f1_macro,"{'max_depth': 10, 'max_features': 'log2', 'min_samples_leaf': 20, 'n_estimators': 100}",0.6113454817985173,1553,0.9510624597553125,0.9408028741858344,0.7466035759064287,0.8394992867854139,0.6113454817985173,0.8153089887640449,0.8150208674471834,0.8150208674471835,0.9064538883979296,0.9089712007602512,7120.0,0.8215661103979461,0.8411058567991727,0.6839848823125976,0.8744662030258662,0.5214677563603209,779.0,0.3950347900390625,0.4716420173645019,2026-04-21T19:51:32.314750+00:00
SR-MMP,atom_pair,RandomForest,random_under,f1_macro,"{'max_depth': 5, 'max_features': 'log2', 'min_samples_leaf': 20, 'n_estimators': 100}",0.5906310060478305,1553,0.9504185447520928,0.9402407456589414,0.7447975022034987,0.8235251088109432,0.5906310060478305,0.7769360269360269,0.7785005027652087,0.7526866515837105,0.8398816128456279,0.7270935606129867,2376.0,0.7843388960205392,0.8151885569397683,0.6617245657568238,0.8560425817471937,0.503025444602079,779.0,0.2480649948120117,0.2333788871765136,2026-04-21T19:51:34.161200+00:00
SR-MMP,atom_pair,DecisionTree,smote,f1_macro,"{'ccp_alpha': 0.01, 'criterion': 'gini', 'max_depth': 5, 'min_samples_leaf': 10}",0.2833830417188746,1553,0.9426915647134578,0.9270927037011566,0.6780747417577939,0.6458737183472928,0.2833830417188746,0.7029494382022472,0.6980275113244195,0.6980275113244195,0.7531197134200227,0.7067901223407618,7120.0,0.803594351732991,0.8258381873550994,0.6562650508592869,0.7140830893118595,0.2484003302278963,779.0,0.5449709892272949,0.5911960601806641,2026-04-22T11:12:13.104959+00:00
SR-MMP,atom_pair,DecisionTree,smoteenn,f1_macro,"{'ccp_alpha': 0.01, 'criterion': 'gini', 'max_depth': 5, 'min_samples_leaf': 10}",0.2833830417188746,1553,0.9426915647134578,0.9270927037011566,0.6780747417577939,0.6458737183472928,0.2833830417188746,0.7163941542468528,0.7119972557388229,0.7107784867889844,0.7657951760165504,0.7049967603262539,6911.0,0.803594351732991,0.8258381873550994,0.6562650508592869,0.7140830893118595,0.2484003302278963,779.0,0.5065767765045166,0.6312150955200195,2026-04-22T11:12:18.487068+00:00
SR-MMP,atom_pair,DecisionTree,smoten,f1_macro,"{'ccp_alpha': 0.0, 'criterion': 'gini', 'max_depth': 10, 'min_samples_leaf': 10}",0.3038894605231483,1553,0.9124275595621378,0.9124275595621378,0.6781268668544189,0.7630695048949685,0.3038894605231483,0.8992977528089887,0.8992968767738184,0.8992968767738183,0.963406253945209,0.954873460258555,7120.0,0.8048780487804879,0.8218088715807436,0.6306859295855478,0.7331625183016106,0.3169275672484482,779.0,0.8164370059967041,0.83860182762146,2026-04-22T11:12:28.314881+00:00
SR-MMP,atom_pair,DecisionTree,smoten_enn,f1_macro,"{'ccp_alpha': 0.01, 'criterion': 'entropy', 'max_depth': 5, 'min_samples_leaf': 10}",0.2413414443596993,1553,0.930457179652286,0.9203064534993072,0.6712377099308463,0.6749600721748779,0.2413414443596993,0.785693515556848,0.7854692087166941,0.7850579795097454,0.8525417200018963,0.7998801964727443,6878.0,0.7881899871630296,0.8109739372204168,0.6226052233656797,0.7286633723767691,0.2787305837568741,779.0,0.5603890419006348,0.4922678470611572,2026-04-22T11:12:30.971332+00:00
SR-MMP,avalon,XGBoost,none,f1_macro,"{'colsample_bytree': 0.8, 'learning_rate': 0.05, 'max_depth': 3, 'min_child_weight': 1, 'n_estimators': 100, 'scale_pos_weight': 8, 'subsample': 0.8}",0.5567471036323972,1553,0.9504185447520928,0.9406659061241608,0.7477965601240126,0.8249393462809212,0.5567471036323972,0.7431066176470589,0.7718628247787459,0.6927403781181996,0.9214687251730791,0.7447942769486279,4352.0,0.7676508344030809,0.8045182234229183,0.663072750516745,0.8940336749633967,0.5594540018535997,779.0,0.37548017501831055,0.354917049407959,2026-04-30T05:19:40.931895+00:00
SR-MMP,avalon,DecisionTree,random_over,f1_macro,"{'ccp_alpha': 0.01, 'criterion': 'gini', 'max_depth': 5, 'min_samples_leaf': 10}",0.3557177522265342,1553,0.9471989697359948,0.9402339231676996,0.7556601891078775,0.7195786547675652,0.3557177522265342,0.652247191011236,0.6377998532060812,0.6377998532060812,0.7182332959853555,0.673820665313551,7120.0,0.5532734274711169,0.6252129953379335,0.4907272426697124,0.7346190214738897,0.2599465458016799,779.0,0.1207506656646728,0.1192021369934082,2026-04-22T11:13:01.088064+00:00
SR-MMP,avalon,LogisticRegression,random_under,f1_macro,"{'C': 0.01, 'l1_ratio': 1.0}",0.3783535107272803,1553,0.9343206696716032,0.927377612756972,0.7083406981882456,0.7164575789717518,0.3783535107272803,0.6704545454545454,0.6798513550258315,0.6593492250521164,0.7615920091062137,0.6472868075209565,2376.0,0.6957637997432606,0.7467971789151677,0.5882966838151178,0.7497331015129332,0.3543106781407458,779.0,0.0422689914703369,0.0259242057800292,2026-04-21T09:03:32.516003+00:00
SR-MMP,avalon,LogisticRegression,smote,f1_macro,"{'C': 0.01, 'l1_ratio': 1.0}",0.3039666614897359,1553,0.9220862846104314,0.912074281544547,0.6413415455793012,0.7038787900954611,0.3039666614897359,0.7528089887640449,0.7527877466431081,0.7527877466431081,0.849328919959601,0.8445823778370641,7120.0,0.7971758664955071,0.821048991562079,0.6501523523660095,0.7980417276720351,0.4225871241402504,779.0,0.1027958393096923,0.0855512619018554,2026-04-21T09:03:33.473788+00:00
SR-MMP,avalon,LogisticRegression,smoteenn,f1_macro,"{'C': 0.01, 'l1_ratio': 1.0}",0.300417582618398,1553,0.922730199613651,0.9114516149992302,0.6347085665898292,0.6983711885690599,0.300417582618398,0.7660931474339958,0.7661283477561036,0.765428046611013,0.8597270725781962,0.8421809727315819,6742.0,0.8048780487804879,0.8267968156946406,0.6575031817655906,0.7951058443142998,0.4237065538285656,779.0,0.0874147415161132,0.067638874053955,2026-04-21T09:03:33.800403+00:00
SR-MMP,avalon,LogisticRegression,smoten,f1_macro,"{'C': 0.1, 'l1_ratio': 1.0}",0.3682541347188522,1553,0.9291693496458469,0.9166887928337922,0.6499672158019834,0.7137662606829792,0.3682541347188522,0.9009831460674156,0.9009564013417256,0.9009564013417256,0.9579409165509404,0.95144384207989,7120.0,0.8575096277278562,0.8682303777582191,0.7218796738553577,0.8557375549048316,0.5513139167085983,779.0,0.2936060428619385,0.2841029167175293,2026-04-21T09:03:36.426857+00:00
SR-MMP,avalon,DecisionTree,smoten_enn,f1_macro,"{'ccp_alpha': 0.01, 'criterion': 'gini', 'max_depth': 5, 'min_samples_leaf': 10}",0.1555913929291254,1553,0.9195106245975532,0.9117442327041848,0.6478860465833383,0.5671671360472063,0.1555913929291254,0.75051214515657,0.7501903856704851,0.7504058967080034,0.7973116416025479,0.7446449784034728,6834.0,0.8010269576379975,0.8235615623532051,0.651771783550258,0.704985663738409,0.2965196087375971,779.0,0.0966837406158447,0.0934269428253173,2026-04-22T11:13:29.062192+00:00
SR-MMP,erg,DecisionTree,none,f1_macro,"{'ccp_alpha': 0.0, 'criterion': 'entropy', 'max_depth': 5, 'min_samples_leaf': 20}",0.4098325980913109,1553,0.951706374758532,0.9413678362505342,0.7484303218407189,0.6944180290894018,0.4098325980913109,0.7467830882352942,0.7731398422200738,0.6810243181924598,0.831856663545568,0.5022886322126994,4352.0,0.7740693196405648,0.8066380403862916,0.647322714738445,0.7348172889214252,0.3542082964329616,779.0,0.0499160289764404,0.0413711071014404,2026-04-22T11:13:38.964149+00:00
SR-MMP,erg,LogisticRegression,random_over,f1_macro,"{'C': 0.001, 'l1_ratio': 0.0}",0.5018124966966462,1553,0.9459111397295557,0.939501193881974,0.75486688414185,0.8081879472830791,0.5018124966966462,0.6728932584269663,0.6728325353752159,0.6728325353752159,0.7470160806716324,0.7234487967095026,7120.0,0.7150192554557124,0.7631287460251371,0.619045730901401,0.8411496461688629,0.3721096272279399,779.0,0.0357351303100585,0.0244472026824951,2026-04-21T09:03:37.761823+00:00
SR-MMP,erg,LogisticRegression,random_under,f1_macro,"{'C': 0.01, 'l1_ratio': 0.0}",0.4675818818359406,1553,0.9426915647134578,0.9345315719996744,0.7305317541550909,0.7846762493446959,0.4675818818359406,0.7028619528619529,0.7064365459102302,0.6742652084757348,0.761230120013264,0.5922583290664533,2376.0,0.7650834403080873,0.8014884688236263,0.6520496454766234,0.8384959126403124,0.3928844860059854,779.0,0.0138728618621826,0.008066177368164,2026-04-21T09:03:38.701488+00:00
SR-MMP,erg,DecisionTree,smote,f1_macro,"{'ccp_alpha': 0.01, 'criterion': 'gini', 'max_depth': 5, 'min_samples_leaf': 10}",0.4294595140042566,1553,0.948486799742434,0.9398140167077252,0.7482900580245713,0.7116510003291759,0.4294595140042566,0.748314606741573,0.7466216122289769,0.7466216122289769,0.79362473961621,0.749121585827054,7120.0,0.7509627727856226,0.7908876576840259,0.6425591296121098,0.802472242557345,0.2893179916362393,779.0,0.0962870121002197,0.1015229225158691,2026-04-22T11:13:48.792530+00:00
SR-MMP,erg,DecisionTree,smoteenn,f1_macro,"{'ccp_alpha': 0.01, 'criterion': 'gini', 'max_depth': 5, 'min_samples_leaf': 10}",0.4294595140042566,1553,0.948486799742434,0.9398140167077252,0.7482900580245713,0.7116510003291759,0.4294595140042566,0.7588289962825279,0.7581053013706671,0.7586934695732075,0.821882274660128,0.7358524889882629,6456.0,0.7509627727856226,0.7908876576840259,0.6425591296121098,0.802472242557345,0.2893179916362393,779.0,0.0959360599517822,0.0870158672332763,2026-04-22T11:13:43.132214+00:00
SR-MMP,erg,XGBoost,smoten,f1_macro,"{'colsample_bytree': 0.8, 'learning_rate': 0.1, 'max_depth': 3, 'min_child_weight': 10, 'n_estimators': 100, 'scale_pos_weight': 1, 'subsample': 0.8}",0.30096706395557354,1553,0.9388280746941404,0.9228118486631381,0.6608180277856327,0.635535154773661,0.30096706395557354,0.875,0.875,0.875,0.9434366320540335,0.9383586605813143,7120.0,0.8536585365853658,0.8589532563405329,0.6862865621025859,0.7845061615422158,0.3966167956145973,779.0,0.3812439441680908,0.3517289161682129,2026-04-30T05:21:45.511170+00:00
SR-MMP,erg,DecisionTree,smoten_enn,f1_macro,"{'ccp_alpha': 0.0, 'criterion': 'gini', 'max_depth': 5, 'min_samples_leaf': 10}",0.3037801402310892,1553,0.9446233097231166,0.9292569948401294,0.6868716707930078,0.5907001694646624,0.3037801402310892,0.8177755710029792,0.8173403628138908,0.8109135898298179,0.8839781256507528,0.8028875659558049,6042.0,0.8498074454428755,0.8555104049730249,0.6793189710678812,0.676183504148365,0.2941592737671659,779.0,0.0603420734405517,0.0529189109802246,2026-04-22T11:13:45.841082+00:00
SR-MMP,estate,XGBoost,none,f1_macro,"{'colsample_bytree': 0.8, 'learning_rate': 0.05, 'max_depth': 3, 'min_child_weight': 10, 'n_estimators': 100, 'scale_pos_weight': 4, 'subsample': 0.8}",0.541234635095078,1553,0.9471989697359948,0.9434712491320326,0.7788302557903659,0.8570340026577912,0.541234635095078,0.8189338235294118,0.8317975879868076,0.7427803379416282,0.8777871765406878,0.6578876072641583,4352.0,0.8164313222079589,0.8396766253187813,0.6929562712752029,0.8851802708638361,0.5429258891948932,779.0,0.06530404090881348,0.055291175842285156,2026-04-30T05:22:12.465249+00:00
SR-MMP,estate,XGBoost,random_over,f1_macro,"{'colsample_bytree': 0.8, 'learning_rate': 0.1, 'max_depth': 3, 'min_child_weight': 5, 'n_estimators': 100, 'scale_pos_weight': 1, 'subsample': 0.8}",0.5197555387964518,1553,0.9381841596909208,0.9348035471893215,0.7481655653301982,0.842848956999866,0.5197555387964518,0.8321629213483146,0.8321562167880279,0.8321562167880278,0.90768341276354,0.9026973752135705,7120.0,0.8241335044929397,0.8461328397419016,0.7042250398392573,0.8941023060029284,0.5603646378709213,779.0,0.09716916084289551,0.08798789978027344,2026-04-30T05:22:18.705024+00:00
SR-MMP,estate,DecisionTree,random_under,f1_macro,"{'ccp_alpha': 0.01, 'criterion': 'gini', 'max_depth': 5, 'min_samples_leaf': 10}",0.431038962506072,1553,0.9549259497746296,0.9454763314869528,0.7666085567559212,0.6929824561403508,0.431038962506072,0.6755050505050505,0.6821085797520625,0.6518773938351056,0.6722986653147637,0.4619834948521396,2376.0,0.7329910141206675,0.7750771344278541,0.6103801169590644,0.7209461932650072,0.2320353609386022,779.0,0.0079281330108642,0.0043208599090576,2026-04-22T11:13:54.474848+00:00
SR-MMP,estate,LogisticRegression,smote,f1_macro,"{'C': 1, 'l1_ratio': 1.0}",0.4711078552989108,1553,0.9323889246619448,0.9304968827283896,0.7376541471929725,0.8357564341709032,0.4711078552989108,0.775,0.7749769891883908,0.7749769891883906,0.8419312586794597,0.806546091140043,7120.0,0.79204107830552,0.8230840126807561,0.6829132243864198,0.8584370424597365,0.4012889609691295,779.0,0.0447669029235839,0.0393710136413574,2026-04-21T09:03:50.480167+00:00
SR-MMP,estate,DecisionTree,smoteenn,f1_macro,"{'ccp_alpha': 0.0, 'criterion': 'entropy', 'max_depth': 5, 'min_samples_leaf': 10}",0.3403167407779851,1553,0.9388280746941404,0.9365434095107832,0.758473917278524,0.7756269582921864,0.3403167407779851,0.7864427114577085,0.7864721643043789,0.7864417700425181,0.8621570557314939,0.8197177992550918,6668.0,0.748395378690629,0.7868662244747847,0.6232257427697168,0.7914607735480722,0.277029464178919,779.0,0.0198290348052978,0.0167641639709472,2026-04-22T11:13:54.937121+00:00
SR-MMP,estate,XGBoost,smoten,f1_macro,"{'colsample_bytree': 0.8, 'learning_rate': 0.05, 'max_depth': 5, 'min_child_weight': 1, 'n_estimators': 100, 'scale_pos_weight': 1, 'subsample': 0.8}",0.3647986749315995,1553,0.922730199613651,0.9168473119427469,0.6732589943193772,0.7587262109408337,0.3647986749315995,0.8925561797752809,0.8925532781813736,0.8925532781813736,0.9564427234566343,0.9536783575426624,7120.0,0.8536585365853658,0.8594742035339836,0.6887843785920547,0.838152757442655,0.43686119693031816,779.0,0.12055563926696777,0.10378098487854004,2026-04-30T05:22:25.876490+00:00
SR-MMP,estate,DecisionTree,smoten_enn,f1_macro,"{'ccp_alpha': 0.0, 'criterion': 'gini', 'max_depth': 5, 'min_samples_leaf': 10}",0.2287448887906647,1553,0.9368963296844816,0.9213219339756218,0.6567568786648624,0.5581727076551699,0.2287448887906647,0.7816934352097302,0.7785430427808575,0.7739220314795856,0.8664531126312928,0.805459714229302,6413.0,0.8408215661103979,0.8447979150323948,0.6502881802647204,0.644071803318692,0.2545364551832181,779.0,0.0182220935821533,0.0110137462615966,2026-04-22T11:13:56.850894+00:00
SR-MMP,fcfp,BalancedRandomForest,none,f1_macro,"{'max_depth': 10, 'max_features': 'log2', 'min_samples_leaf': 20, 'n_estimators': 100}",0.4914803279393496,1553,0.9414037347070188,0.932206683186871,0.7184155732887016,0.7873889031125415,0.4914803279393496,0.7472426470588235,0.7713542035776745,0.668991031117277,0.8165680683236862,0.55756118147681,4352.0,0.7894736842105263,0.81934982911825,0.6681662337662337,0.8303364446071253,0.4869440802120525,779.0,1.7091031074523926,1.4529318809509275,2026-04-22T00:36:49.275847+00:00
SR-MMP,fcfp,RandomForest,random_over,f1_macro,"{'max_depth': 10, 'max_features': 'log2', 'min_samples_leaf': 10, 'n_estimators': 100}",0.4324483830175898,1553,0.9407598197037992,0.926138958426094,0.6777717636445647,0.7553186301403265,0.4324483830175898,0.8,0.7996102601709818,0.7996102601709818,0.8801641601439212,0.8751672026243831,7120.0,0.8241335044929397,0.8419801480283062,0.6808112287166113,0.8340730234260616,0.4925091703805795,779.0,0.4236180782318115,0.3790392875671386,2026-04-21T19:55:22.612241+00:00
SR-MMP,fcfp,RandomForest,random_under,f1_macro,"{'max_depth': 5, 'max_features': 'log2', 'min_samples_leaf': 5, 'n_estimators': 200}",0.402071297002838,1553,0.9401159047005796,0.9293248836515392,0.7023708695248988,0.7437791838874461,0.402071297002838,0.7815656565656566,0.7849794086197953,0.7626348497199784,0.8561478898836853,0.7433839475880344,2376.0,0.8125802310654685,0.8352734869229135,0.680378821942446,0.8243655441678868,0.4762557864789984,779.0,0.5096218585968018,0.3922710418701172,2026-04-21T19:55:28.962341+00:00
SR-MMP,fcfp,DecisionTree,smote,f1_macro,"{'ccp_alpha': 0.01, 'criterion': 'entropy', 'max_depth': 10, 'min_samples_leaf': 50}",0.2620769900069162,1553,0.9407598197037992,0.9216402245757196,0.6462764903941375,0.6148245004449971,0.2620769900069162,0.7563202247191011,0.7561828592239439,0.7561828592239438,0.8123674015275849,0.7699079115033512,7120.0,0.7625160462130937,0.7939669961937601,0.6111778116526595,0.6945461200585652,0.256348025685308,779.0,1.0696420669555664,0.9617767333984376,2026-04-22T11:14:03.792365+00:00
SR-MMP,fcfp,DecisionTree,smoteenn,f1_macro,"{'ccp_alpha': 0.01, 'criterion': 'entropy', 'max_depth': 10, 'min_samples_leaf': 50}",0.2766605688558222,1553,0.918222794591114,0.9082623255660648,0.6274618690088303,0.6262999402606586,0.2766605688558222,0.7734489855924728,0.7735718957811984,0.773302341022476,0.8316605611739181,0.7704360309866282,6802.0,0.754813863928113,0.7894668020752682,0.6125861525763103,0.7058626159102,0.2618599510746042,779.0,0.907036066055298,0.8649988174438477,2026-04-22T11:14:09.031269+00:00
SR-MMP,fcfp,XGBoost,smoten,f1_macro,"{'colsample_bytree': 0.8, 'learning_rate': 0.1, 'max_depth': 7, 'min_child_weight': 5, 'n_estimators': 200, 'scale_pos_weight': 1, 'subsample': 0.8}",0.27459600229003733,1553,0.9034127495170637,0.8991024210445245,0.6135431597388119,0.7012392865415797,0.27459600229003733,0.9415730337078652,0.9415729922166496,0.9415729922166496,0.9838455529604849,0.9841513703768779,7120.0,0.8626444159178434,0.8610585773719397,0.6748811320828312,0.7834309419228893,0.3946535231211224,779.0,3.7475411891937256,3.7280421257019043,2026-04-30T05:23:16.607937+00:00
SR-MMP,fcfp,XGBoost,smoten_enn,f1_macro,"{'colsample_bytree': 0.8, 'learning_rate': 0.1, 'max_depth': 7, 'min_child_weight': 5, 'n_estimators': 200, 'scale_pos_weight': 1, 'subsample': 0.8}",0.2179891258444821,1553,0.9021249195106246,0.8957451886963447,0.5938472126634549,0.6368488106994379,0.2179891258444821,0.9613797169811321,0.9613963231363384,0.9613229064501629,0.9927103082220424,0.9911589606925325,6784.0,0.8639281129653402,0.8518782563023279,0.6308386981402003,0.7240117130307466,0.32704674347719787,779.0,3.6148087978363037,3.524797201156616,2026-04-30T05:24:21.889913+00:00
SR-MMP,klekota_roth,XGBoost,none,f1_macro,"{'colsample_bytree': 0.8, 'learning_rate': 0.1, 'max_depth': 5, 'min_child_weight': 10, 'n_estimators': 200, 'scale_pos_weight': 4, 'subsample': 0.8}",0.2187394412445762,1553,0.8731487443657437,0.8851627267176086,0.6242032739926766,0.758659156578033,0.2187394412445762,0.9060202205882353,0.9104251003110438,0.8576428186108969,0.9660227627397571,0.8661858385567283,4352.0,0.8498074454428755,0.8618994228019748,0.7108783438702453,0.8573389458272328,0.4438420232575671,779.0,6.787709951400757,7.0363898277282715,2026-04-30T05:24:22.545317+00:00
SR-MMP,klekota_roth,LogisticRegression,random_over,f1_macro,"{'C': 0.1, 'l1_ratio': 0.0}",0.2472710197462643,1553,0.8718609143593046,0.8836910674677487,0.6180139002018409,0.7690678224400473,0.2472710197462643,0.8917134831460675,0.8917087643735896,0.8917087643735896,0.9626509042418888,0.957803111991426,7120.0,0.8459563543003851,0.8617492726099467,0.7212880143112701,0.8567136408003904,0.4964499775492172,779.0,0.4528679847717285,0.3335597515106201,2026-04-21T09:04:05.048119+00:00
SR-MMP,klekota_roth,XGBoost,random_under,f1_macro,"{'colsample_bytree': 0.8, 'learning_rate': 0.1, 'max_depth': 5, 'min_child_weight': 10, 'n_estimators': 200, 'scale_pos_weight': 1, 'subsample': 0.8}",0.185822869617283,1553,0.8789439793947199,0.8877955318997482,0.6212430985096933,0.733245553076576,0.185822869617283,0.8800505050505051,0.8779200235630699,0.8605247520367947,0.9424141988062441,0.9012887995547781,2376.0,0.8664955070603337,0.8708391575143822,0.7114814814814815,0.8516501952171791,0.433744978359207,779.0,3.7391250133514404,3.5393099784851074,2026-04-30T05:25:43.912564+00:00
SR-MMP,klekota_roth,DecisionTree,smote,f1_macro,"{'ccp_alpha': 0.0, 'criterion': 'entropy', 'max_depth': 15, 'min_samples_leaf': 20}",0.1435438468370896,1553,0.8023180940115905,0.8375887925421944,0.5508791265725603,0.6137882057471684,0.1435438468370896,0.8415730337078652,0.8415632326706235,0.8415632326706235,0.926425048920591,0.9243154997980684,7120.0,0.7779204107830552,0.8018090372068613,0.6043072948015914,0.7140297096144461,0.3056583078142246,779.0,1.056758165359497,0.7393488883972168,2026-04-22T11:15:32.061614+00:00
SR-MMP,klekota_roth,DecisionTree,smoteenn,f1_macro,"{'ccp_alpha': 0.001, 'criterion': 'entropy', 'max_depth': 15, 'min_samples_leaf': 50}",0.1331490520713004,1553,0.7997424339987121,0.835691575426562,0.5470090760817063,0.6014776343220803,0.1331490520713004,0.8097560975609757,0.8097516204551599,0.8092218296002891,0.8984327069712003,0.8807064351670673,6765.0,0.810012836970475,0.8245618423908108,0.6304648837149671,0.7206945461200586,0.2991826238509991,779.0,0.6566200256347656,0.5857698917388916,2026-04-22T11:15:42.776635+00:00
SR-MMP,klekota_roth,DecisionTree,smoten,f1_macro,"{'ccp_alpha': 0.001, 'criterion': 'gini', 'max_depth': 15, 'min_samples_leaf': 10}",0.1767477232839117,1553,0.8261429491307147,0.8523360608680416,0.5631204521017229,0.6656882825548932,0.1767477232839117,0.866432584269663,0.8661672943212475,0.8661672943212475,0.9228039783486932,0.911632078047879,7120.0,0.8164313222079589,0.8227403744132248,0.6048925129725723,0.6813994631527573,0.2490551171263153,779.0,0.8988637924194336,0.9224469661712646,2026-04-22T11:15:57.227605+00:00
SR-MMP,klekota_roth,DecisionTree,smoten_enn,f1_macro,"{'ccp_alpha': 0.001, 'criterion': 'entropy', 'max_depth': 15, 'min_samples_leaf': 20}",0.1872136860525101,1553,0.8325820991629105,0.8572938812438478,0.5750256807503831,0.6509728978457262,0.1872136860525101,0.8939913523184733,0.8939923269125847,0.8935898195445384,0.9612454165372408,0.9493252173304207,6707.0,0.8125802310654685,0.8200283659294877,0.6014256076705262,0.6543893362615911,0.2829542623586024,779.0,0.6544151306152344,0.6565582752227783,2026-04-22T11:16:17.362704+00:00
SR-MMP,maccs,DecisionTree,none,f1_macro,"{'ccp_alpha': 0.0, 'criterion': 'entropy', 'max_depth': 10, 'min_samples_leaf': 50}",0.4107119372813903,1553,0.936252414681262,0.9304824833555636,0.7238565642596069,0.7421211123709204,0.4107119372813903,0.7545955882352942,0.7802634792654187,0.6916740498746645,0.8696980337078652,0.5945669052168747,4352.0,0.7997432605905006,0.8252531613516911,0.6659519725557461,0.8075204367984383,0.4546056268182429,779.0,0.0283091068267822,0.0239379405975341,2026-04-22T11:16:24.240716+00:00
SR-MMP,maccs,RandomForest,random_over,f1_macro,"{'max_depth': 10, 'max_features': 'sqrt', 'min_samples_leaf': 5, 'n_estimators': 200}",0.5679211038130323,1553,0.9459111397295557,0.9325616576933902,0.7057916102841678,0.8440254562744596,0.5679211038130323,0.9259831460674156,0.9259699666817104,0.9259699666817104,0.9725375583890924,0.9664103917434032,7120.0,0.8626444159178434,0.8678599430095185,0.7067276060193444,0.8732918496827722,0.5276591509101115,779.0,0.6180369853973389,0.6481161117553711,2026-04-21T19:58:23.484978+00:00
SR-MMP,maccs,LogisticRegression,random_under,f1_macro,"{'C': 0.01, 'l1_ratio': 1.0}",0.4714071606394345,1553,0.957501609787508,0.9493209049183288,0.7850870571658615,0.7036075247186764,0.4714071606394345,0.6502525252525253,0.658755068560993,0.6296034915033893,0.6968533185389246,0.516615339979798,2376.0,0.7034659820282413,0.7523798448453364,0.5883087735674233,0.7649844436310396,0.3003715958738432,779.0,0.017003059387207,0.009263277053833,2026-04-21T09:04:28.787244+00:00
SR-MMP,maccs,RandomForest,smote,f1_macro,"{'max_depth': 15, 'max_features': 'log2', 'min_samples_leaf': 20, 'n_estimators': 100}",0.3933615190017608,1553,0.943979394719897,0.930425874650852,0.6971997176185833,0.7408867025102714,0.3933615190017608,0.8495786516853933,0.8495292579926432,0.8495292579926432,0.9254943346799648,0.9199149719188596,7120.0,0.8562259306803595,0.8634047906526184,0.7013282212789265,0.7966843582235237,0.4305907724101702,779.0,0.1921861171722412,0.1471669673919677,2026-04-21T19:58:42.160958+00:00
SR-MMP,maccs,RandomForest,smoteenn,f1_macro,"{'max_depth': 15, 'max_features': 'log2', 'min_samples_leaf': 20, 'n_estimators': 200}",0.363172670541256,1553,0.9388280746941404,0.9240282539290912,0.6693560134915566,0.7360161174304769,0.363172670541256,0.8658280922431866,0.8658144306489072,0.8652105881817596,0.9420403726819988,0.9283908870702674,6678.0,0.8600770218228498,0.8648860196576329,0.6988341532448278,0.7972791605661298,0.4456964458982264,779.0,0.3407859802246094,0.2605760097503662,2026-04-21T19:58:49.573735+00:00
SR-MMP,maccs,DecisionTree,smoten,f1_macro,"{'ccp_alpha': 0.0, 'criterion': 'entropy', 'max_depth': 5, 'min_samples_leaf': 10}",0.4090251385340457,1553,0.9420476497102382,0.930892143070448,0.7069368961352657,0.6322251075917731,0.4090251385340457,0.7634831460674157,0.7631911897440151,0.7631911897440151,0.8447280961999748,0.8032814409513322,7120.0,0.7881899871630296,0.8156407764397704,0.6495210516413491,0.766776476329917,0.3166542722733881,779.0,0.031423807144165,0.0270860195159912,2026-04-22T11:16:31.484875+00:00
SR-MMP,maccs,DecisionTree,smoten_enn,f1_macro,"{'ccp_alpha': 0.0, 'criterion': 'gini', 'max_depth': 5, 'min_samples_leaf': 10}",0.4187631069622499,1553,0.951706374758532,0.9404829802481212,0.7422030105641986,0.7014495934067274,0.4187631069622499,0.8006487761722206,0.7996471519298443,0.800146486729141,0.8721316842075897,0.8112849966935891,6782.0,0.7753530166880617,0.8065666387944075,0.6415000065743626,0.7492831869204489,0.3107167549986292,779.0,0.0290150642395019,0.0257761478424072,2026-04-22T11:16:32.082857+00:00
SR-MMP,map4,BalancedRandomForest,none,f1_macro,"{'max_depth': 15, 'max_features': 'log2', 'min_samples_leaf': 20, 'n_estimators': 200}",0.555613605756397,1553,0.9452672247263362,0.9358391182615782,0.7310482811172483,0.8413402338368506,0.555613605756397,0.8028492647058824,0.8214804381984608,0.7409006128430589,0.9011102953694248,0.7577438051473188,4352.0,0.7419768934531451,0.7823623695589782,0.6210951962656174,0.8280411176183505,0.4137958166460493,779.0,2.285392045974731,2.2557058334350586,2026-04-22T00:39:27.902400+00:00
SR-MMP,map4,BernoulliNB,random_over,f1_macro,{'alpha': 0.1},0.3963452854390433,1553,0.9246619446233098,0.9214845402103976,0.6999023903625761,0.8218487497409264,0.3963452854390433,0.5595505617977528,0.5524631969993176,0.5524631969993176,0.6308744161090771,0.5777715137482355,7120.0,0.6842105263157895,0.7360748217664377,0.5590728367110277,0.713007869692533,0.2076728054034593,779.0,0.1145880222320556,0.1016530990600586,2026-04-21T14:37:35.428056+00:00
SR-MMP,map4,RandomForest,random_under,f1_macro,"{'max_depth': 5, 'max_features': 'log2', 'min_samples_leaf': 20, 'n_estimators': 200}",0.5451220386005905,1553,0.9446233097231166,0.9339636033784282,0.7199619229736983,0.8477134462284969,0.5451220386005905,0.8598484848484849,0.859554992234886,0.841674519160251,0.9014537738496072,0.8305428404918559,2376.0,0.8023106546854942,0.8255793968389884,0.6590092548377562,0.8219405807711079,0.3838449658992154,779.0,0.4607889652252197,0.3926007747650146,2026-04-21T19:59:27.456788+00:00
SR-MMP,map4,LogisticRegression,smote,f1_macro,"{'C': 0.01, 'l1_ratio': 1.0}",0.1919001438802042,1553,0.8486799742433999,0.8666254052497846,0.5801471391840045,0.5805140021701231,0.1919001438802042,0.738061797752809,0.7380472828323736,0.7380472828323735,0.8055594306274461,0.8067742600548136,7120.0,0.6944801026957638,0.7438331183718451,0.5650045986072789,0.6535962664714494,0.2607650977416467,779.0,0.160754919052124,0.1459279060363769,2026-04-21T09:04:45.403278+00:00
SR-MMP,map4,LogisticRegression,smoteenn,f1_macro,"{'C': 0.01, 'l1_ratio': 1.0}",0.1814930385325309,1553,0.8596265292981327,0.8730866647271839,0.5854305446708464,0.5704893749314217,0.1814930385325309,0.7426951591801134,0.7427147550572748,0.7424195921575318,0.8132049131490127,0.8024034882004962,6879.0,0.7060333761232349,0.7522622640608475,0.5701390612462258,0.6489293557833089,0.2517021514066587,779.0,0.1449151039123535,0.1241919994354248,2026-04-21T09:04:46.453751+00:00
SR-MMP,map4,DecisionTree,smoten,f1_macro,"{'ccp_alpha': 0.01, 'criterion': 'gini', 'max_depth': 5, 'min_samples_leaf': 10}",0.161644519437248,1553,0.8731487443657437,0.8848600014630479,0.6218529564812194,0.6123678724260269,0.161644519437248,0.7344101123595506,0.7293769226407558,0.7293769226407558,0.7685804349198334,0.7000865163116872,7120.0,0.6405648267008985,0.7016691175767286,0.527551550857737,0.5733742069302099,0.1716125915927485,779.0,0.3074769973754883,0.3015859127044678,2026-04-22T11:17:21.112883+00:00
SR-MMP,map4,LogisticRegression,smoten_enn,f1_macro,"{'C': 0.01, 'l1_ratio': 1.0}",0.2495593986111358,1553,0.8783000643915003,0.8860036130109191,0.6101332908290331,0.647705521621984,0.2495593986111358,0.7550428094616166,0.7550198451472556,0.7547276880367753,0.8519884284167456,0.8371517638242167,6891.0,0.7214377406931964,0.7643810911590116,0.5856027456027456,0.6992664104441191,0.2909532822579361,779.0,0.1607470512390136,0.1487030982971191,2026-04-21T09:04:49.875128+00:00
SR-MMP,mhfp,LogisticRegression,none,f1_macro,"{'C': 0.001, 'l1_ratio': 0.0}",0.273000435823808,1553,0.9137153895685768,0.9094352453678324,0.651653833277536,0.7590736744571644,0.273000435823808,0.8646599264705882,0.8740232033015518,0.8067048909168579,0.9407578240267848,0.7824179703041573,4352.0,0.8087291399229781,0.8281389931110774,0.6528530881662414,0.8263329673011226,0.4796034735004957,779.0,0.68556809425354,0.597541093826294,2026-04-21T09:04:53.551218+00:00
SR-MMP,mhfp,LogisticRegression,random_over,f1_macro,"{'C': 0.001, 'l1_ratio': 0.0}",0.2585119484116646,1553,0.9098518995492596,0.907534944333907,0.6517044726387287,0.7549163039635225,0.2585119484116646,0.8956460674157304,0.8956350965674632,0.8956350965674633,0.9576320855952531,0.9520620195948812,7120.0,0.82798459563543,0.842487012196976,0.6722286417644251,0.8290019521717911,0.4676370849743153,779.0,1.1691932678222656,1.1658720970153809,2026-04-21T09:04:54.026462+00:00
SR-MMP,mhfp,BernoulliNB,random_under,f1_macro,{'alpha': 10.0},0.3899597716880726,1553,0.9407598197037992,0.9230202932161032,0.6559194682593199,0.7722163295660973,0.3899597716880726,0.7723063973063973,0.7737487236222086,0.7471830854333128,0.8318443271094785,0.7160026811251482,2376.0,0.7702182284980744,0.8006491476685572,0.6237882610044652,0.8065062225475841,0.4119330867897547,779.0,0.0791907310485839,0.0651776790618896,2026-04-21T14:38:14.906234+00:00
SR-MMP,mhfp,KNeighbors,smote,f1_macro,"{'n_neighbors': 15, 'weights': 'uniform'}",0.2391840838467655,1553,0.922730199613651,0.9108888026742424,0.6307128929471632,0.7220749058190996,0.2391840838467655,0.958005617977528,0.9580040862413888,0.9580040862413888,0.993205916235324,0.9919594499740402,7120.0,0.8677792041078306,0.8537414797128318,0.6310348791759594,0.7982781234748657,0.3776748441393092,779.0,68.87921404838562,48.02065205574035,2026-04-24T10:11:20.867130+00:00
SR-MMP,mhfp,KNeighbors,smoteenn,f1_macro,"{'n_neighbors': 15, 'weights': 'uniform'}",0.2291442729848407,1553,0.9233741146168706,0.9113472010905236,0.6317742112236867,0.7047748802165246,0.2291442729848407,0.9641281138790035,0.9641291634985872,0.9641278514741076,0.9952514308413184,0.9939089994600072,7025.0,0.8664955070603337,0.8518308582493435,0.6253006253006252,0.7990635675939483,0.3783907790448357,779.0,69.16980290412903,48.99276375770569,2026-04-24T10:12:26.554806+00:00
SR-MMP,mhfp,KNeighbors,smoten,f1_macro,"{'n_neighbors': 15, 'weights': 'uniform'}",0.2852016532371773,1553,0.927237604636188,0.919317001464596,0.6752519037352999,0.7350773563512671,0.2852016532371773,0.9376404494382022,0.9375158074365456,0.9375158074365456,0.9938398718596138,0.9931532559937368,7120.0,0.858793324775353,0.8612015328741769,0.684499263622975,0.8075738164958517,0.3858913651283995,779.0,67.55751991271973,50.13054609298706,2026-04-24T10:13:25.739841+00:00
SR-MMP,mhfp,KNeighbors,smoten_enn,f1_macro,"{'n_neighbors': 15, 'weights': 'uniform'}",0.2765441321522696,1553,0.9259497746297488,0.9178889837914028,0.6695041498191104,0.7245528693171428,0.2765441321522696,0.9417710706150342,0.9416764652824224,0.9417035760643052,0.9955581648805044,0.9946666334202408,7024.0,0.858793324775353,0.8612015328741769,0.684499263622975,0.810067410932162,0.3893359437235452,779.0,68.46723198890686,47.03902888298035,2026-04-24T10:15:11.976465+00:00
SR-MMP,morgan_2048,DecisionTree,none,f1_macro,"{'ccp_alpha': 0.01, 'criterion': 'entropy', 'max_depth': 10, 'min_samples_leaf': 50}",0.3674083761836832,1553,0.93947198969736,0.9288067866034224,0.700881075321695,0.7291857162015531,0.3674083761836832,0.5905330882352942,0.635218652538335,0.5538438880706922,0.7417092271024855,0.3588861379148256,4352.0,0.6367137355584083,0.6989010354233846,0.5474323838850398,0.7610495973645681,0.2491042053181838,779.0,0.2115137577056884,0.1997439861297607,2026-04-22T11:19:13.849612+00:00
SR-MMP,morgan_2048,BernoulliNB,random_over,f1_macro,{'alpha': 50.0},0.3971207530908064,1553,0.9368963296844816,0.9231040229156504,0.6692872664059104,0.7501066773953646,0.3971207530908064,0.8150280898876404,0.8149534461996066,0.8149534461996066,0.8870782966165888,0.880352825121211,7120.0,0.8010269576379975,0.8239217762070887,0.653804580003842,0.8290172035139092,0.4715491923384216,779.0,0.2491271495819091,0.2717390060424804,2026-04-21T14:38:49.423054+00:00
SR-MMP,morgan_2048,BernoulliNB,random_under,f1_macro,{'alpha': 1.0},0.4230000692280986,1553,0.9414037347070188,0.926061876087848,0.6750993739841323,0.7534593955353986,0.4230000692280986,0.8446969696969697,0.8470923246785186,0.8311501301794703,0.9204657050300992,0.8562211683367396,2376.0,0.8164313222079589,0.8358132489107335,0.6709264231929268,0.8144369204489996,0.4635657676025859,779.0,0.1035079956054687,0.0865700244903564,2026-04-21T14:38:52.818978+00:00
SR-MMP,morgan_2048,LogisticRegression,smote,f1_macro,"{'C': 0.01, 'l1_ratio': 1.0}",0.2244050211417586,1553,0.9336767546683836,0.9134385101610512,0.6121388026080652,0.6346604001316704,0.2244050211417586,0.7290730337078651,0.7288696634925023,0.7288696634925022,0.8077712331145058,0.8039124589273695,7120.0,0.7535301668806161,0.7863405481462665,0.5975200206664945,0.7192075402635433,0.3189621052583292,779.0,0.1288809776306152,0.1071310043334961,2026-04-21T09:05:51.259665+00:00
SR-MMP,morgan_2048,LogisticRegression,smoteenn,f1_macro,"{'C': 0.01, 'l1_ratio': 1.0}",0.2222004697969304,1553,0.9336767546683836,0.9134385101610512,0.6121388026080652,0.6294667349401997,0.2222004697969304,0.733391736019857,0.7333003143094332,0.7328048086389367,0.817144823910823,0.7975052077423448,6849.0,0.7535301668806161,0.785999709807627,0.5954034928260729,0.7176519033674963,0.325725097946983,779.0,0.1211259365081787,0.0993218421936035,2026-04-21T09:05:54.056017+00:00
SR-MMP,morgan_2048,XGBoost,smoten,f1_macro,"{'colsample_bytree': 0.8, 'learning_rate': 0.1, 'max_depth': 3, 'min_child_weight': 10, 'n_estimators': 200, 'scale_pos_weight': 1, 'subsample': 0.8}",0.2798131641097087,1553,0.9150032195750161,0.905480509426965,0.6187170788322471,0.7183594845348257,0.2798131641097087,0.8991573033707865,0.8991481043435662,0.8991481043435663,0.956847580797879,0.9572422125519222,7120.0,0.8485237483953787,0.852307693337279,0.6672097199293306,0.7808382137628112,0.3589423411728881,779.0,3.2435178756713867,3.050593137741089,2026-04-30T05:42:20.375913+00:00
SR-MMP,morgan_2048,LogisticRegression,smoten_enn,f1_macro,"{'C': 0.01, 'l1_ratio': 1.0}",0.2046332927962719,1553,0.933032839665164,0.9114193843029872,0.6001386413151119,0.6137760140448412,0.2046332927962719,0.7799561082662765,0.779921106454652,0.77950545994161,0.8500818680847414,0.8391588809116344,6835.0,0.7792041078305519,0.805192573092896,0.6191531937148964,0.7195735724743777,0.3180475245318685,779.0,0.1392359733581543,0.1096470355987548,2026-04-21T09:06:03.493116+00:00
SR-MMP,morgan_4096,XGBoost,none,f1_macro,"{'colsample_bytree': 0.8, 'learning_rate': 0.1, 'max_depth': 3, 'min_child_weight': 10, 'n_estimators': 200, 'scale_pos_weight': 8, 'subsample': 0.8}",0.5153707483090418,1553,0.9497746297488732,0.9392450550854615,0.7399352489565979,0.8155029686795168,0.5153707483090418,0.7892922794117647,0.811737136912246,0.7380391943721131,0.9442101847122915,0.8008166903912548,4352.0,0.7715019255455713,0.8058267008215306,0.6531854653140445,0.8445964494875549,0.44903593101271316,779.0,5.488281011581421,5.297305107116699,2026-04-30T05:43:32.321255+00:00
SR-MMP,morgan_4096,DecisionTree,random_over,f1_macro,"{'ccp_alpha': 0.001, 'criterion': 'entropy', 'max_depth': 15, 'min_samples_leaf': 50}",0.3632008066753185,1553,0.9459111397295557,0.9314710060641488,0.6981395779340984,0.5595778013484022,0.3632008066753185,0.7893258426966292,0.7890313862036482,0.7890313862036482,0.8702657098219921,0.8672721381964883,7120.0,0.7715019255455713,0.8044407453906811,0.6433150183150182,0.7613012445095169,0.3657378244149339,779.0,2.7203001976013184,2.9308269023895264,2026-04-22T11:20:51.250966+00:00
SR-MMP,morgan_4096,RandomForest,random_under,f1_macro,"{'max_depth': 15, 'max_features': 'log2', 'min_samples_leaf': 20, 'n_estimators': 100}",0.4469587788334516,1553,0.9407598197037992,0.926138958426094,0.6777717636445647,0.7322824085927118,0.4469587788334516,0.7735690235690236,0.7756888029228455,0.7502514506769826,0.8286447173757778,0.7194903363897482,2376.0,0.8087291399229781,0.8317299194343777,0.672889242102712,0.8362158369936555,0.4337694425206512,779.0,0.2692213058471679,0.1580018997192382,2026-04-21T20:04:16.595314+00:00
SR-MMP,morgan_4096,XGBoost,smote,f1_macro,"{'colsample_bytree': 0.8, 'learning_rate': 0.1, 'max_depth': 7, 'min_child_weight': 10, 'n_estimators': 200, 'scale_pos_weight': 1, 'subsample': 0.8}",0.16091538858162355,1553,0.8564069542820347,0.8700065383656178,0.5746057365500858,0.683372346780781,0.16091538858162355,0.9199438202247191,0.9199422030996711,0.9199422030996712,0.9730842854437571,0.9714688137550501,7120.0,0.8536585365853658,0.8549369248075291,0.6673334532050705,0.7839647388970228,0.3674006833135901,779.0,10.38972282409668,10.19615888595581,2026-04-30T05:44:59.330816+00:00
SR-MMP,morgan_4096,XGBoost,smoteenn,f1_macro,"{'colsample_bytree': 0.8, 'learning_rate': 0.1, 'max_depth': 7, 'min_child_weight': 10, 'n_estimators': 200, 'scale_pos_weight': 1, 'subsample': 0.8}",0.13970226837674038,1553,0.8557630392788153,0.8692521979102544,0.5713666114659728,0.6556971824975921,0.13970226837674038,0.931867184131091,0.9318760010518706,0.9318528210827242,0.9790621599362291,0.9761559133863945,6957.0,0.8575096277278562,0.8571887341944336,0.6688242300754126,0.7780319668130794,0.3533802373680157,779.0,10.181562662124634,10.075819969177246,2026-04-30T05:45:46.778764+00:00
SR-MMP,morgan_4096,LogisticRegression,smoten,f1_macro,"{'C': 0.01, 'l1_ratio': 1.0}",0.2569718144473633,1553,0.9375402446877013,0.9154340829345504,0.6134684713580089,0.6574131646001731,0.2569718144473633,0.7797752808988764,0.7797040831274847,0.7797040831274846,0.852352251925262,0.8590070637192433,7120.0,0.7843388960205392,0.8089598333054269,0.623671497584541,0.7338259516837482,0.3086525659122176,779.0,0.2879128456115722,0.2236757278442382,2026-04-21T09:06:33.583364+00:00
SR-MMP,morgan_4096,LogisticRegression,smoten_enn,f1_macro,"{'C': 0.01, 'l1_ratio': 1.0}",0.2302668552308408,1553,0.9356084996780424,0.9115366897492968,0.5925852081934184,0.6452610853053412,0.2302668552308408,0.7908192911098199,0.7906857888434234,0.7903433265078844,0.872767808853554,0.8663079273591446,6884.0,0.7971758664955071,0.8162066006367452,0.6236024464831804,0.7317365178135676,0.3158881415655655,779.0,0.2907400131225586,0.2504398822784424,2026-04-21T09:06:35.703556+00:00
SR-MMP,pubchem,XGBoost,none,f1_macro,"{'colsample_bytree': 0.8, 'learning_rate': 0.05, 'max_depth': 5, 'min_child_weight': 10, 'n_estimators': 100, 'scale_pos_weight': 8, 'subsample': 0.8}",0.5949456679641406,1553,0.9491307147456536,0.9456778927498868,0.7879196463915725,0.8591218316813578,0.5949456679641406,0.8223805147058824,0.8397620741841066,0.769729822894842,0.9519703708432641,0.8168941144394752,4352.0,0.8087291399229781,0.8343212461982166,0.6884710871344794,0.8819851146900928,0.5326760549997077,779.0,0.7247710227966309,0.7237749099731445,2026-04-30T05:50:10.352605+00:00
SR-MMP,pubchem,XGBoost,random_over,f1_macro,"{'colsample_bytree': 0.8, 'learning_rate': 0.05, 'max_depth': 7, 'min_child_weight': 10, 'n_estimators': 100, 'scale_pos_weight': 1, 'subsample': 0.8}",0.5960886844598936,1553,0.948486799742434,0.9423820894114039,0.7665398896589046,0.857704546285798,0.5960886844598936,0.9189606741573034,0.9189462443554971,0.918946244355497,0.9710618529857341,0.967487996809284,7120.0,0.8664955070603337,0.8759908726449279,0.7366463826910075,0.8946513543191801,0.5611548143474033,779.0,1.2720160484313965,1.293107032775879,2026-04-30T05:51:10.534282+00:00
SR-MMP,pubchem,DecisionTree,random_under,f1_macro,"{'ccp_alpha': 0.01, 'criterion': 'gini', 'max_depth': 5, 'min_samples_leaf': 50}",0.4798070514341229,1553,0.9549259497746296,0.9454763314869528,0.7666085567559212,0.7192982456140351,0.4798070514341229,0.7015993265993266,0.7090486014623946,0.684769483390173,0.75311471724824,0.5470844841068951,2376.0,0.7381258023106547,0.77958762836909,0.6194686027355274,0.7701546486090776,0.25696612220962,779.0,0.0414919853210449,0.034147024154663,2026-04-22T11:24:17.214654+00:00
SR-MMP,pubchem,DecisionTree,smote,f1_macro,"{'ccp_alpha': 0.0, 'criterion': 'entropy', 'max_depth': 10, 'min_samples_leaf': 50}",0.3809077792178588,1553,0.9336767546683836,0.9291749740916244,0.7234901718776199,0.766126574253563,0.3809077792178588,0.8162921348314607,0.8161693644663587,0.8161693644663587,0.9022226123595504,0.8981517516015824,7120.0,0.82798459563543,0.8490933046574985,0.7082886206125643,0.8459385675939484,0.4679869842795562,779.0,0.2135529518127441,0.1834409236907959,2026-04-22T11:24:18.768814+00:00
SR-MMP,pubchem,XGBoost,smoteenn,f1_macro,"{'colsample_bytree': 0.8, 'learning_rate': 0.1, 'max_depth': 3, 'min_child_weight': 5, 'n_estimators': 200, 'scale_pos_weight': 1, 'subsample': 0.8}",0.4409150997717373,1553,0.9356084996780425,0.9271145404484143,0.7020246208632652,0.8061001182595126,0.4409150997717373,0.9133775233504068,0.9134282129053601,0.9130276823235979,0.9691047740032563,0.9593390576307576,6638.0,0.858793324775353,0.8663017052639255,0.7088938714499253,0.8210026232308443,0.488177670237047,779.0,1.3325130939483643,1.3416898250579834,2026-04-30T05:52:21.480726+00:00
SR-MMP,pubchem,XGBoost,smoten,f1_macro,"{'colsample_bytree': 0.8, 'learning_rate': 0.1, 'max_depth': 7, 'min_child_weight': 5, 'n_estimators': 100, 'scale_pos_weight': 1, 'subsample': 0.8}",0.41928144899250036,1553,0.9375402446877013,0.9290855826796965,0.7094301481580069,0.8240889750435854,0.41928144899250036,0.9498595505617977,0.9498545641502391,0.9498545641502392,0.9878867882843076,0.9868915612946997,7120.0,0.8780487804878049,0.8772145344327282,0.7139803896560653,0.8570567959980478,0.5096615972863715,779.0,1.196136236190796,1.1728436946868896,2026-04-30T05:52:24.616344+00:00
SR-MMP,pubchem,DecisionTree,smoten_enn,f1_macro,"{'ccp_alpha': 0.01, 'criterion': 'entropy', 'max_depth': 10, 'min_samples_leaf': 10}",0.3846473010994975,1553,0.9446233097231166,0.935723674697732,0.7324130469626543,0.7442333247991417,0.3846473010994975,0.8060813832165747,0.8062630892194023,0.805915734953532,0.8744117982880244,0.8140715971854514,6709.0,0.8125802310654685,0.8314013791362749,0.6587761616743472,0.7571071254270376,0.3104076554385134,779.0,0.1791508197784423,0.1723828315734863,2026-04-22T11:24:32.340828+00:00
SR-MMP,rdkit,XGBoost,none,f1_macro,"{'colsample_bytree': 0.8, 'learning_rate': 0.1, 'max_depth': 3, 'min_child_weight': 10, 'n_estimators': 100, 'scale_pos_weight': 8, 'subsample': 0.8}",0.526883392875089,1553,0.9510624597553123,0.9420459628111567,0.7553762995141848,0.8095320824646745,0.526883392875089,0.8515625,0.8647698159899269,0.8008574896610502,0.964777692656906,0.8626859707054023,4352.0,0.8074454428754814,0.8304388836824892,0.6697585294716136,0.8424536359199609,0.38718313710531516,779.0,1.5949029922485352,1.5521647930145264,2026-04-30T05:53:06.090637+00:00
SR-MMP,rdkit,BernoulliNB,random_over,f1_macro,{'alpha': 0.1},0.625382276012592,1553,0.9510624597553125,0.9394576029708154,0.737136086662153,0.851224656498787,0.625382276012592,0.6419943820224719,0.6408665571891783,0.6408665571891783,0.7091220726549678,0.6658115451054555,7120.0,0.6957637997432606,0.7466921339364169,0.5868261864958677,0.772503355295266,0.2570876240665999,779.0,0.2406511306762695,0.2059011459350586,2026-04-21T14:40:39.427424+00:00
SR-MMP,rdkit,BernoulliNB,random_under,f1_macro,{'alpha': 10.0},0.6304568238696621,1553,0.951706374758532,0.9404829802481212,0.7422030105641986,0.8560098996622898,0.6304568238696621,0.6637205387205387,0.6690442041511674,0.6347649925978512,0.7067674057494132,0.4964979764290813,2376.0,0.6919127086007703,0.7436432718514823,0.5838230580190191,0.7690794289897511,0.2519121292871485,779.0,0.0905649662017822,0.0636119842529296,2026-04-21T14:40:50.582741+00:00
SR-MMP,rdkit,DecisionTree,smote,f1_macro,"{'ccp_alpha': 0.01, 'criterion': 'entropy', 'max_depth': 5, 'min_samples_leaf': 10}",0.2110379248337685,1553,0.9175788795878944,0.911759998645124,0.6547594236727662,0.705634395230606,0.2110379248337685,0.751123595505618,0.7485522959183674,0.7485522959183674,0.8200127824769601,0.7964884409828006,7120.0,0.6970474967907574,0.7425567494038271,0.5401784821017668,0.5983711566617863,0.1889196983732197,779.0,0.656872034072876,0.6317028999328613,2026-04-22T11:25:19.155905+00:00
SR-MMP,rdkit,DecisionTree,smoteenn,f1_macro,"{'ccp_alpha': 0.01, 'criterion': 'entropy', 'max_depth': 5, 'min_samples_leaf': 10}",0.2021378193481697,1553,0.9207984546039922,0.9116702191963548,0.6428943988603669,0.6966734940199699,0.2021378193481697,0.7710359734444959,0.7709334299466171,0.7710316944311716,0.8501082380312234,0.7957458491157953,6477.0,0.7188703465982028,0.7564855900497276,0.5421152220298724,0.5873825646656905,0.1910365548599343,779.0,0.6114239692687988,0.573706865310669,2026-04-22T11:25:31.711431+00:00
SR-MMP,rdkit,DecisionTree,smoten,f1_macro,"{'ccp_alpha': 0.01, 'criterion': 'gini', 'max_depth': 5, 'min_samples_leaf': 10}",0.1851807122242773,1553,0.8802318094011591,0.8902512401271736,0.6349484379739156,0.6493788327664192,0.1851807122242773,0.7532303370786517,0.752839863808479,0.752839863808479,0.806756840992299,0.7852307291714222,7120.0,0.7086007702182285,0.747978729080591,0.5278371876310021,0.5179660810151293,0.1570012908177686,779.0,0.6961748600006104,0.6703641414642334,2026-04-22T11:25:48.974805+00:00
SR-MMP,rdkit,LogisticRegression,smoten_enn,f1_macro,"{'C': 0.001, 'l1_ratio': 0.0}",0.246370365871983,1553,0.9008370895041854,0.8959181178107923,0.5996618680950787,0.5785511380954123,0.246370365871983,0.8955024491613478,0.8955843894153803,0.895385762090732,0.9592098492323688,0.9520447630047412,6737.0,0.8356867779204108,0.8416317264174406,0.6477603504309736,0.7106515373352855,0.3264795744648734,779.0,0.5522119998931885,0.4731688499450683,2026-04-21T09:07:51.404809+00:00
SR-MMP,topological_torsion,BalancedRandomForest,none,f1_macro,"{'max_depth': 15, 'max_features': 'sqrt', 'min_samples_leaf': 10, 'n_estimators': 200}",0.5804497995102065,1553,0.951706374758532,0.9413678362505342,0.7484303218407189,0.838182582934055,0.5804497995102065,0.8017003676470589,0.8190802477152855,0.7327112925467907,0.8833180825104983,0.676909636240361,4352.0,0.7817715019255456,0.8143474207143737,0.6672546181832801,0.8624786481210347,0.4656970075451749,779.0,4.7366862297058105,5.220641136169434,2026-04-22T00:55:28.560264+00:00
SR-MMP,topological_torsion,RandomForest,random_over,f1_macro,"{'max_depth': 15, 'max_features': 'sqrt', 'min_samples_leaf': 20, 'n_estimators': 100}",0.5661074702176917,1553,0.9446233097231166,0.9353000679608044,0.7294118123764142,0.8378777903758703,0.5661074702176917,0.8171348314606741,0.81712905974813,0.8171290597481299,0.8971035459537937,0.9009705241398214,7120.0,0.7958921694480102,0.8242519746760616,0.6742771488304209,0.8661542215714984,0.4766008338707828,779.0,0.8764009475708008,1.1340663433074951,2026-04-21T20:09:18.054528+00:00
SR-MMP,topological_torsion,RandomForest,random_under,f1_macro,"{'max_depth': 10, 'max_features': 'sqrt', 'min_samples_leaf': 10, 'n_estimators': 200}",0.5510685522917346,1553,0.9504185447520928,0.9388958597214044,0.7353284241792439,0.8267863891835217,0.5510685522917346,0.813973063973064,0.8162540960126321,0.7961810140644323,0.8789899468166513,0.7951231702678051,2376.0,0.7740693196405648,0.8071191479615557,0.6506655251839621,0.8539531478770132,0.4798980390006828,779.0,0.5592339038848877,0.3581361770629883,2026-04-21T20:09:24.118657+00:00
SR-MMP,topological_torsion,DecisionTree,smote,f1_macro,"{'ccp_alpha': 0.01, 'criterion': 'gini', 'max_depth': 5, 'min_samples_leaf': 10}",0.2315950076706311,1553,0.9323889246619448,0.9232369709419396,0.6854656242947498,0.6395614644672835,0.2315950076706311,0.664185393258427,0.664071675254447,0.6640716752544471,0.697688147014266,0.6368999675055018,7120.0,0.7432605905006419,0.7822933299936338,0.6138211382113821,0.690085102489019,0.2486985081556388,779.0,0.5811572074890137,0.5264499187469482,2026-04-22T11:26:38.037596+00:00
SR-MMP,topological_torsion,DecisionTree,smoteenn,f1_macro,"{'ccp_alpha': 0.0, 'criterion': 'entropy', 'max_depth': 15, 'min_samples_leaf': 10}",0.2394292541379702,1553,0.9368963296844816,0.9247492224544878,0.6808868424584005,0.5201224046913671,0.2394292541379702,0.8319941563184806,0.8313325862877494,0.8307494716773294,0.9170834829750484,0.8822868882482486,6845.0,0.8446726572528883,0.8516508085286353,0.6735562520563128,0.6854486944851148,0.2934893954547468,779.0,0.8838999271392822,0.8615200519561768,2026-04-22T11:27:00.627371+00:00
SR-MMP,topological_torsion,DecisionTree,smoten,f1_macro,"{'ccp_alpha': 0.0, 'criterion': 'entropy', 'max_depth': 10, 'min_samples_leaf': 10}",0.2803918829798202,1553,0.9311010946555056,0.9186856188248892,0.6575664842920879,0.6385343135462005,0.2803918829798202,0.8349719101123596,0.8344415125064041,0.8344415125064042,0.9047219811261203,0.8802434367823884,7120.0,0.8061617458279846,0.827012512244139,0.6546265983528341,0.7353205832113225,0.3315293359114309,779.0,0.7237279415130615,0.8343460559844971,2026-04-22T11:27:07.163905+00:00
SR-MMP,topological_torsion,DecisionTree,smoten_enn,f1_macro,"{'ccp_alpha': 0.0, 'criterion': 'gini', 'max_depth': 10, 'min_samples_leaf': 10}",0.1626055208601856,1553,0.9259497746297488,0.9126060389239464,0.6319639784447673,0.5482456140350878,0.1626055208601856,0.8104921898025347,0.810082151070083,0.8103435116361877,0.8867817748350829,0.8310779742672847,6786.0,0.7779204107830552,0.803071937336158,0.6113323777689976,0.6583394338701805,0.2861933313057539,779.0,0.8889591693878174,0.8833651542663574,2026-04-22T11:27:23.521311+00:00
SR-p53,atom_pair,RandomForest,none,f1_macro,"{'max_depth': 5, 'max_features': 'sqrt', 'min_samples_leaf': 5, 'n_estimators': 100}",0.3258119934073563,1715,0.974927113702624,0.9674951043515254,0.6907823840931867,0.6953897107061986,0.3258119934073563,0.8369272237196765,0.8700633907793388,0.6410204856489157,0.8662300975860298,0.5175613831267216,5194.0,0.7633069082672707,0.8132727394613894,0.5627729011928877,0.7769667989895345,0.200001393630664,883.0,0.2368671894073486,0.2424628734588623,2026-04-21T20:10:43.965570+00:00
SR-p53,atom_pair,RandomForest,random_over,f1_macro,"{'max_depth': 5, 'max_features': 'log2', 'min_samples_leaf': 5, 'n_estimators': 100}",0.3326481765655052,1715,0.9731778425655976,0.9660884568184316,0.6823357922881165,0.7441379383319577,0.3326481765655052,0.7621900826446281,0.7617542948646205,0.7617542948646205,0.8443015120210368,0.8622369439359823,9680.0,0.7372593431483578,0.7952967611061353,0.5461361219425735,0.7686845904005775,0.1979396492435088,883.0,0.3011388778686523,0.3938350677490234,2026-04-21T20:11:02.968221+00:00
SR-p53,atom_pair,RandomForest,random_under,f1_macro,"{'max_depth': 10, 'max_features': 'sqrt', 'min_samples_leaf': 5, 'n_estimators': 200}",0.2963910102752279,1715,0.9708454810495628,0.9647980940777164,0.6800373134328358,0.7328688125621653,0.2963910102752279,0.8898305084745762,0.8898692729021616,0.8761466655369878,0.950716588464362,0.9217306403848056,1062.0,0.7723669309173273,0.8202052985969465,0.5771082873270446,0.7893269577769759,0.212153758598704,883.0,0.5392098426818848,0.3783471584320068,2026-04-21T20:11:03.328437+00:00
SR-p53,atom_pair,LogisticRegression,smote,f1_macro,"{'C': 0.001, 'l1_ratio': 0.0}",0.1379582651986571,1715,0.9300291545189504,0.9362499667691652,0.5531914893617021,0.596940934967092,0.1379582651986571,0.8608471074380165,0.8608448486379727,0.8608448486379727,0.9313214175944264,0.9243829156724463,9680.0,0.797281993204983,0.8341269864691213,0.5669113557088172,0.6449386503067484,0.166801756633845,883.0,0.3981852531433105,0.3059711456298828,2026-04-21T09:08:28.960504+00:00
SR-p53,atom_pair,LogisticRegression,smoteenn,f1_macro,"{'C': 0.001, 'l1_ratio': 0.0}",0.1378378679990524,1715,0.9306122448979592,0.936588599750676,0.5538628349826975,0.5935443252280278,0.1378378679990524,0.8634095634095634,0.8634091855675998,0.8634095397944407,0.9338042895674123,0.9254507855828464,9620.0,0.7995469988674971,0.8356389718122011,0.5687013105281022,0.6451371346084447,0.1674740494232783,883.0,0.3240299224853515,0.3368620872497558,2026-04-21T09:08:31.409846+00:00
SR-p53,atom_pair,DecisionTree,smoten,f1_macro,"{'ccp_alpha': 0.0, 'criterion': 'entropy', 'max_depth': 10, 'min_samples_leaf': 10}",0.1009835815672214,1715,0.956268221574344,0.9514683664577636,0.5855365549508444,0.5645884917359745,0.1009835815672214,0.9361570247933884,0.9361222058109931,0.9361222058109931,0.9717993989481593,0.9552561631406404,9680.0,0.8357870894677236,0.8532862999792228,0.5492883871399253,0.6282569469505593,0.1217403011090446,883.0,1.1957011222839355,1.2401978969573977,2026-04-22T11:28:42.532345+00:00
SR-p53,atom_pair,DecisionTree,smoten_enn,f1_macro,"{'ccp_alpha': 0.0, 'criterion': 'entropy', 'max_depth': 5, 'min_samples_leaf': 10}",0.0774990750930895,1715,0.9545189504373178,0.9503778763197798,0.5820523395320936,0.5742492540156181,0.0774990750930895,0.8642300400252791,0.8634054112978736,0.863588662126186,0.8954392071869218,0.8258828428346605,9494.0,0.7802944507361268,0.8230579170197926,0.5568553394039735,0.6281396607722844,0.1284014625022972,883.0,0.8379778861999512,0.684028148651123,2026-04-22T11:29:01.848525+00:00
SR-p53,avalon,EasyEnsemble,none,f1_macro,"{'n_estimators': 30, 'replacement': True}",0.3815381786218293,1715,0.9731778425655976,0.9680724332244106,0.712642422123146,0.7992190972001778,0.3815381786218293,0.7179437812860994,0.7875793852383874,0.5553226422421311,0.8492625601157957,0.3276890316090542,5194.0,0.665911664779162,0.743880493887285,0.5224253024661141,0.7705431252255504,0.1823168483310772,883.0,9.776270151138306,7.28186297416687,2026-04-22T00:58:47.190601+00:00
SR-p53,avalon,XGBoost,random_over,f1_macro,"{'colsample_bytree': 0.8, 'learning_rate': 0.1, 'max_depth': 3, 'min_child_weight': 1, 'n_estimators': 100, 'scale_pos_weight': 1, 'subsample': 0.8}",0.4779142820463584,1715,0.9743440233236151,0.9675628717393696,0.6961472795799375,0.8567604173280003,0.4779142820463584,0.8994834710743802,0.8994725270563881,0.8994725270563881,0.9671145242811283,0.9655344748801181,9680.0,0.8233295583238958,0.85498619279948,0.618511133266866,0.7559455070371707,0.22524659727990418,883.0,0.7138650417327881,0.6930289268493652,2026-04-30T06:04:54.096147+00:00
SR-p53,avalon,XGBoost,random_under,f1_macro,"{'colsample_bytree': 0.8, 'learning_rate': 0.1, 'max_depth': 7, 'min_child_weight': 5, 'n_estimators': 100, 'scale_pos_weight': 1, 'subsample': 0.8}",0.42686025413600914,1715,0.9743440233236151,0.9675628717393696,0.6961472795799375,0.8627917804160583,0.42686025413600914,0.9792843691148776,0.9792241840556447,0.9765609951845906,0.9977596635704937,0.995657095159889,1062.0,0.8176670441676104,0.8508069543102152,0.6104621691012267,0.7764976542764346,0.2727911862629764,883.0,0.15669894218444824,0.14293503761291504,2026-04-30T06:05:00.211350+00:00
SR-p53,avalon,LogisticRegression,smote,f1_macro,"{'C': 0.001, 'l1_ratio': 0.0}",0.2147688685587978,1715,0.9481049562682216,0.94788315476815,0.5927789531536387,0.6643281908027003,0.2147688685587978,0.8382231404958678,0.8381965895298371,0.8381965895298371,0.9057261927122464,0.9000660448100372,9680.0,0.7938844847112118,0.8328229634165824,0.5731172170512984,0.6895615301335258,0.1820816294216777,883.0,0.1755740642547607,0.1425971984863281,2026-04-21T09:08:55.898219+00:00
SR-p53,avalon,LogisticRegression,smoteenn,f1_macro,"{'C': 0.001, 'l1_ratio': 0.0}",0.2122232776438977,1715,0.9481049562682216,0.94788315476815,0.5927789531536387,0.6644551668677121,0.2122232776438977,0.8430446194225721,0.843047588108217,0.8430443703020984,0.9089453548779736,0.9006600345369622,9525.0,0.7938844847112118,0.8328229634165824,0.5731172170512984,0.689308913749549,0.1812600932177535,883.0,0.1395680904388427,0.1490449905395507,2026-04-21T09:08:57.264226+00:00
SR-p53,avalon,XGBoost,smoten,f1_macro,"{'colsample_bytree': 0.8, 'learning_rate': 0.1, 'max_depth': 3, 'min_child_weight': 5, 'n_estimators': 100, 'scale_pos_weight': 1, 'subsample': 0.8}",0.25175537536431813,1715,0.9714285714285714,0.9623030708473705,0.6376380390584238,0.6505248344020486,0.25175537536431813,0.9452479338842975,0.9452383587322146,0.9452383587322146,0.9843587357420942,0.9859356394893823,9680.0,0.8652321630804077,0.8746459107106728,0.593363131518353,0.7161313605196679,0.22553144544949466,883.0,0.6978108882904053,0.6675488948822021,2026-04-30T06:05:46.094594+00:00
SR-p53,avalon,LogisticRegression,smoten_enn,f1_macro,"{'C': 0.01, 'l1_ratio': 0.0}",0.2104829972924224,1715,0.9638483965014576,0.9586484443389144,0.6384513900223057,0.6194738958373013,0.2104829972924224,0.9403095062638172,0.940291913067125,0.9403034089826532,0.9805818827507056,0.9766804905711548,9499.0,0.8482446206115515,0.8667316612066306,0.6011582126580913,0.6900848069289065,0.2186557165114313,883.0,0.2315142154693603,0.1956751346588134,2026-04-21T09:08:58.330670+00:00
SR-p53,erg,DecisionTree,none,f1_macro,"{'ccp_alpha': 0.01, 'criterion': 'gini', 'max_depth': 5, 'min_samples_leaf': 10}",0.355728095749578,1715,0.97667638483965,0.9722368984560092,0.7501238453244747,0.6831947177956955,0.355728095749578,0.5231035810550635,0.6300725461768226,0.4252655561912438,0.7076609702572723,0.1363154544991668,5194.0,0.5345413363533409,0.6345513170861529,0.4405059778461254,0.6669252977264525,0.1150705998534802,883.0,0.0579380989074707,0.0536887645721435,2026-04-22T11:30:01.696351+00:00
SR-p53,erg,DecisionTree,random_over,f1_macro,"{'ccp_alpha': 0.01, 'criterion': 'gini', 'max_depth': 5, 'min_samples_leaf': 10}",0.355728095749578,1715,0.97667638483965,0.9722368984560092,0.7501238453244747,0.6831947177956955,0.355728095749578,0.6619834710743802,0.6531123179332955,0.6531123179332955,0.7155564425244176,0.6664329722088622,9680.0,0.5345413363533409,0.6345513170861529,0.4405059778461254,0.6669252977264525,0.1150705998534802,883.0,0.1065669059753418,0.1065189838409423,2026-04-22T11:30:03.275554+00:00
SR-p53,erg,DecisionTree,random_under,f1_macro,"{'ccp_alpha': 0.01, 'criterion': 'gini', 'max_depth': 5, 'min_samples_leaf': 10}",0.3373638177075341,1715,0.9760932944606414,0.9713411946036976,0.7407923500289381,0.6744016252936321,0.3373638177075341,0.5979284369114878,0.6070070650234383,0.5944037930562599,0.6824527594241757,0.4778171011572804,1062.0,0.551528878822197,0.6505106420874828,0.4462582189958572,0.6471761097076868,0.1104586584824875,883.0,0.0168418884277343,0.0118257999420166,2026-04-22T11:30:06.901444+00:00
SR-p53,erg,LogisticRegression,smote,f1_macro,"{'C': 0.01, 'l1_ratio': 1.0}",0.3625774826405161,1715,0.9755102040816328,0.9695264868022344,0.7174230298465305,0.683178845787569,0.3625774826405161,0.6398760330578512,0.6398070100090469,0.6398070100090469,0.6711812931152243,0.6434905532006654,9680.0,0.609286523216308,0.6998306545272347,0.4705544982924476,0.6590039696860339,0.1072000168249305,883.0,0.0582509040832519,0.0502958297729492,2026-04-21T09:09:03.447225+00:00
SR-p53,erg,LogisticRegression,smoteenn,f1_macro,"{'C': 0.01, 'l1_ratio': 1.0}",0.3625774826405161,1715,0.9755102040816328,0.9695264868022344,0.7174230298465305,0.683178845787569,0.3625774826405161,0.6404385682038052,0.640555118165776,0.6403953387633652,0.6816502491560544,0.636118834163157,9303.0,0.609286523216308,0.6998306545272347,0.4705544982924476,0.6591302778780224,0.1072531913556097,883.0,0.0527679920196533,0.0478887557983398,2026-04-21T09:09:04.456409+00:00
SR-p53,erg,LogisticRegression,smoten,f1_macro,"{'C': 0.001, 'l1_ratio': 0.0}",0.2604781644981308,1715,0.97201166180758,0.9640234278004576,0.6595195552908477,0.5932268850654985,0.2604781644981308,0.7553719008264462,0.7552632059966528,0.7552632059966528,0.8227040716139609,0.7862754245193762,9680.0,0.6976217440543602,0.7670739321123303,0.5211934369497535,0.643089137495489,0.1572941077156986,883.0,0.0405192375183105,0.0303890705108642,2026-04-21T09:09:05.192983+00:00
SR-p53,erg,LogisticRegression,smoten_enn,f1_macro,"{'C': 0.01, 'l1_ratio': 1.0}",0.3478883880984887,1715,0.9760932944606414,0.9713411946036976,0.7407923500289381,0.6744122066323831,0.3478883880984887,0.5054491224044969,0.4471753506489024,0.4637048476152168,0.6570525316712036,0.5853645827995352,8717.0,0.3884484711211778,0.4831743317782959,0.3506645604096307,0.6621075424034645,0.1103408631288516,883.0,0.0365130901336669,0.028480052947998,2026-04-21T09:09:06.110715+00:00
SR-p53,estate,BalancedRandomForest,none,f1_macro,"{'max_depth': 5, 'max_features': 'sqrt', 'min_samples_leaf': 5, 'n_estimators': 200}",0.3048340653160045,1715,0.97201166180758,0.9657031099045614,0.6851477877730862,0.7798340846083847,0.3048340653160045,0.7691567192914902,0.8233966568897712,0.5793441392710263,0.8228127772330394,0.3578801989832901,5194.0,0.7032842582106456,0.7713878041717006,0.5291337621102337,0.7355738000721761,0.1971404648150148,883.0,1.0949947834014893,0.814093828201294,2026-04-22T01:03:21.564785+00:00
SR-p53,estate,LogisticRegression,random_over,f1_macro,"{'C': 0.01, 'l1_ratio': 1.0}",0.3298311680561949,1715,0.974927113702624,0.9680392088490896,0.6990749242025455,0.6572069498232918,0.3298311680561949,0.6257231404958677,0.620871779002658,0.620871779002658,0.6906204323475171,0.6827273899167987,9680.0,0.5186862967157417,0.6195786814387313,0.4325647573988475,0.7313334536268496,0.150118962562589,883.0,0.0228521823883056,0.0181727409362792,2026-04-21T09:09:07.330099+00:00
SR-p53,estate,LogisticRegression,random_under,f1_macro,"{'C': 0.1, 'l1_ratio': 1.0}",0.3310738581146744,1715,0.974927113702624,0.9680392088490896,0.6990749242025455,0.6572175311620427,0.3310738581146744,0.5903954802259888,0.6009374053131622,0.5846411543050425,0.6574160522199879,0.4830794673000018,1062.0,0.5605889014722537,0.6575710331564225,0.4574449216424056,0.737432334897149,0.1505315238780085,883.0,0.0087478160858154,0.0026690959930419,2026-04-21T09:09:07.670898+00:00
SR-p53,estate,LogisticRegression,smote,f1_macro,"{'C': 0.01, 'l1_ratio': 1.0}",0.3284944930353093,1715,0.9755102040816328,0.9699902211664913,0.7245043143014503,0.6571963684845408,0.3284944930353093,0.568801652892562,0.4976065750995875,0.4976065750995876,0.6952072518953624,0.6745609737694461,9680.0,0.3578708946772367,0.448531316842469,0.3273804485823106,0.7207055214723925,0.1457377992933891,883.0,0.0157711505889892,0.0113589763641357,2026-04-21T09:09:08.204174+00:00
SR-p53,estate,LogisticRegression,smoteenn,f1_macro,"{'C': 0.01, 'l1_ratio': 1.0}",0.3284944930353093,1715,0.9755102040816328,0.9699902211664913,0.7245043143014503,0.6571963684845408,0.3284944930353093,0.5628604382929643,0.4917654372598087,0.4945515663767562,0.6950847824442188,0.6643758428998253,9537.0,0.3578708946772367,0.448531316842469,0.3273804485823106,0.7209400938289426,0.1463462006189527,883.0,0.0149569511413574,0.0112340450286865,2026-04-21T09:09:08.749782+00:00
SR-p53,estate,XGBoost,smoten,f1_macro,"{'colsample_bytree': 0.8, 'learning_rate': 0.05, 'max_depth': 7, 'min_child_weight': 10, 'n_estimators': 200, 'scale_pos_weight': 1, 'subsample': 0.8}",0.09109718280557595,1715,0.9049562682215744,0.923248437651105,0.5525425736425175,0.6676189871542547,0.09109718280557595,0.949896694214876,0.9498966509035917,0.9498966509035918,0.9845761261184346,0.9854748976505284,9680.0,0.8618346545866364,0.8691378580868224,0.5660549128291064,0.5791320822807651,0.1528375699513106,883.0,0.31704187393188477,0.30969691276550293,2026-04-30T06:07:27.207077+00:00
SR-p53,estate,LogisticRegression,smoten_enn,f1_macro,"{'C': 0.001, 'l1_ratio': 0.0}",0.1421510905207343,1715,0.9008746355685132,0.921357808910474,0.5569849142384791,0.556075804710812,0.1421510905207343,0.7208980634177484,0.7207569948362812,0.7208577070893794,0.8035354920419642,0.8046827517945824,9398.0,0.6795016987542469,0.7527857780903906,0.4857457426557596,0.6092656080837243,0.1498786695096502,883.0,0.0164151191711425,0.0082221031188964,2026-04-21T09:09:09.344595+00:00
SR-p53,fcfp,BalancedRandomForest,none,f1_macro,"{'max_depth': 10, 'max_features': 'log2', 'min_samples_leaf': 10, 'n_estimators': 100}",0.2808266454815913,1715,0.9714285714285714,0.964166063444752,0.6660307998012915,0.7221869510930523,0.2808266454815913,0.7766653831343858,0.8276526592231519,0.5723748461269413,0.7782126931876546,0.3028634537959581,5194.0,0.6783691959229898,0.7530083819354747,0.5105932864949259,0.7073168531216167,0.149911524078617,883.0,1.182049036026001,1.1929030418395996,2026-04-22T01:03:56.192091+00:00
SR-p53,fcfp,XGBoost,random_over,f1_macro,"{'colsample_bytree': 0.8, 'learning_rate': 0.1, 'max_depth': 3, 'min_child_weight': 10, 'n_estimators': 100, 'scale_pos_weight': 1, 'subsample': 0.8}",0.20880274340436353,1715,0.965597667638484,0.9598781626680141,0.6441220434362086,0.7124203754258989,0.20880274340436353,0.825,0.8247939015757044,0.8247939015757044,0.9124570555289939,0.9123375304866375,9680.0,0.7463193657984145,0.8010759505663243,0.5454311454311455,0.7150216528329123,0.16597255567653893,883.0,2.2000129222869873,2.1840813159942627,2026-04-30T06:07:37.165812+00:00
SR-p53,fcfp,DecisionTree,random_under,f1_macro,"{'ccp_alpha': 0.0, 'criterion': 'gini', 'max_depth': 10, 'min_samples_leaf': 50}",0.2328179878715916,1715,0.9708454810495628,0.9642740728172516,0.6720289455969647,0.7197214991640741,0.2328179878715916,0.6657250470809792,0.6746785714838747,0.6497215034632055,0.7266869354272398,0.5314677160918841,1062.0,0.608154020385051,0.6986015073017937,0.4763506101741396,0.6559184409960304,0.1194592788153572,883.0,0.0610058307647705,0.0622878074645996,2026-04-22T11:30:27.627104+00:00
SR-p53,fcfp,LogisticRegression,smote,f1_macro,"{'C': 0.01, 'l1_ratio': 1.0}",0.1524576732499142,1715,0.8559766763848397,0.8954206683532576,0.5303927426802107,0.62686496095486,0.1524576732499142,0.7664256198347107,0.7663926488839292,0.7663926488839292,0.8282508238849805,0.8163099399505335,9680.0,0.6998867497168743,0.767156580440363,0.4955319126001142,0.625784915193071,0.1179080287483536,883.0,0.2783637046813965,0.2625441551208496,2026-04-21T09:09:10.804967+00:00
SR-p53,fcfp,LogisticRegression,smoteenn,f1_macro,"{'C': 0.01, 'l1_ratio': 1.0}",0.1524291198232961,1715,0.8559766763848397,0.8954206683532576,0.5303927426802107,0.6230345163270057,0.1524291198232961,0.7679824102188253,0.7679867595292162,0.7679818379411423,0.8335682620769749,0.8174375044327906,9551.0,0.6964892412231031,0.764912348758377,0.4959014996591683,0.6237098520389751,0.1194090563401217,883.0,0.3073821067810058,0.3855481147766113,2026-04-21T09:09:11.268340+00:00
SR-p53,fcfp,DecisionTree,smoten,f1_macro,"{'ccp_alpha': 0.0, 'criterion': 'entropy', 'max_depth': 10, 'min_samples_leaf': 10}",0.0938695955976183,1715,0.967930029154519,0.956905705359544,0.5813750160881587,0.5402249592618458,0.0938695955976183,0.906611570247934,0.9065834323431892,0.9065834323431892,0.9534529531794276,0.9313051230164316,9680.0,0.8221970554926388,0.8477280450691933,0.5630765642679072,0.5639931432695778,0.1358071235827993,883.0,1.6650760173797607,1.7646911144256592,2026-04-22T11:30:42.219503+00:00
SR-p53,fcfp,DecisionTree,smoten_enn,f1_macro,"{'ccp_alpha': 0.0, 'criterion': 'entropy', 'max_depth': 10, 'min_samples_leaf': 50}",0.0963508952782543,1715,0.9685131195335276,0.9564474166289894,0.5701036096256684,0.569805091740207,0.0963508952782543,0.9077151021272092,0.9077167228369216,0.9077150514800308,0.9635272974722472,0.9451481248367212,9449.0,0.8380520951302378,0.8585415400212648,0.5802576248649547,0.5882443161313605,0.1269188552316237,883.0,1.7045118808746338,1.292633056640625,2026-04-22T11:31:50.990030+00:00
SR-p53,klekota_roth,DecisionTree,none,f1_macro,"{'ccp_alpha': 0.0, 'criterion': 'gini', 'max_depth': 5, 'min_samples_leaf': 10}",0.1897924308712167,1715,0.97201166180758,0.9620337632713568,0.6292292725110799,0.6017766067762893,0.1897924308712167,0.8161340007701193,0.8524730514834096,0.5847932789057086,0.7302715132838399,0.1676538793421657,5194.0,0.7474518686296716,0.7980687960343084,0.5049614722260631,0.5691356910862504,0.0942481489853481,883.0,0.2583150863647461,0.1986520290374755,2026-04-22T11:31:54.416097+00:00
SR-p53,klekota_roth,DecisionTree,random_over,f1_macro,"{'ccp_alpha': 0.0, 'criterion': 'gini', 'max_depth': 5, 'min_samples_leaf': 10}",0.203658960369265,1715,0.972594752186589,0.9631739663981556,0.642265922838972,0.5940628108268258,0.203658960369265,0.6824380165289257,0.6732642509212212,0.6732642509212211,0.7330994083395944,0.6963156067486461,9680.0,0.7599093997734995,0.805970689047626,0.5093518693254493,0.5275802959220498,0.0844519463073106,883.0,1.250615119934082,1.064250946044922,2026-04-22T11:31:57.317233+00:00
SR-p53,klekota_roth,BernoulliNB,random_under,f1_macro,{'alpha': 1.0},0.2006904259610304,1715,0.9661807580174928,0.9572419672928052,0.5994668685371903,0.6684020062218272,0.2006904259610304,0.7966101694915254,0.7796966203562364,0.7386870560145082,0.8538514635002713,0.7700348004364267,1062.0,0.8663646659116648,0.8760054096265286,0.5990194267417874,0.7076236015878745,0.2147103687543283,883.0,0.1327989101409912,0.0237812995910644,2026-04-21T14:42:47.819657+00:00
SR-p53,klekota_roth,XGBoost,smote,f1_macro,"{'colsample_bytree': 0.8, 'learning_rate': 0.1, 'max_depth': 7, 'min_child_weight': 10, 'n_estimators': 200, 'scale_pos_weight': 1, 'subsample': 0.8}",0.06468842680876202,1715,0.8192419825072886,0.8730439966506062,0.5017637180150394,0.6354305546737773,0.06468842680876202,0.9428719008264462,0.9428540677271279,0.9428540677271278,0.9841718675295403,0.9828481482467812,9680.0,0.8425821064552661,0.8549900915380304,0.5353775102682036,0.6116113316492241,0.14666117300988749,883.0,14.309982061386108,14.350274801254272,2026-04-30T06:11:20.578551+00:00
SR-p53,klekota_roth,XGBoost,smoteenn,f1_macro,"{'colsample_bytree': 0.8, 'learning_rate': 0.1, 'max_depth': 7, 'min_child_weight': 5, 'n_estimators': 200, 'scale_pos_weight': 1, 'subsample': 0.8}",0.08040400024441952,1715,0.8291545189504373,0.8790553205331793,0.5074684213054128,0.614151482445559,0.08040400024441952,0.9622219857401298,0.9622299510053522,0.962217357876537,0.9922345424440104,0.9908741140293308,9397.0,0.8573046432616082,0.8633456488344191,0.5410148514851485,0.5832370985203897,0.12615754754887704,883.0,13.421169996261597,13.297219038009644,2026-04-30T06:11:40.403659+00:00
SR-p53,klekota_roth,XGBoost,smoten,f1_macro,"{'colsample_bytree': 0.8, 'learning_rate': 0.1, 'max_depth': 7, 'min_child_weight': 10, 'n_estimators': 200, 'scale_pos_weight': 1, 'subsample': 0.8}",0.06996888807016963,1715,0.8892128279883382,0.9138455602254645,0.5346435956904727,0.690950839100163,0.06996888807016963,0.9577479338842976,0.9577471758781274,0.9577471758781275,0.989712664776996,0.9910559029810412,9680.0,0.8742921857304643,0.8747123890231793,0.5608205293651114,0.6234031035727174,0.1570025916032884,883.0,14.954576253890991,14.717801094055176,2026-04-30T06:12:30.665735+00:00
SR-p53,klekota_roth,XGBoost,smoten_enn,f1_macro,"{'colsample_bytree': 0.8, 'learning_rate': 0.1, 'max_depth': 7, 'min_child_weight': 1, 'n_estimators': 200, 'scale_pos_weight': 1, 'subsample': 0.8}",0.05792685111629399,1715,0.9037900874635568,0.9211994620503786,0.5286303252404947,0.5631229763189638,0.05792685111629399,0.9884374668505357,0.988439024883283,0.9884327680216152,0.999240892785396,0.9991371667240024,9427.0,0.8935447338618346,0.8781918407170359,0.5197977413681385,0.5632172500902202,0.1337430401585518,883.0,13.98146915435791,13.82374906539917,2026-04-30T06:17:06.985512+00:00
SR-p53,maccs,RUSBoost,none,f1_macro,"{'learning_rate': 0.005, 'n_estimators': 50, 'sampling_strategy': 'auto'}",0.3716316034485263,1715,0.9708454810495628,0.9666519712410598,0.708428540340569,0.7585973377351702,0.3716316034485263,0.7214093184443588,0.7898409105378815,0.5490690500425539,0.8154013167110241,0.2949628828359177,5194.0,0.6715741789354474,0.7481357213629695,0.5156500620403717,0.7775351858534825,0.2273126572644244,883.0,0.3874611854553222,0.3286328315734863,2026-04-29T19:41:56.702530+00:00
SR-p53,maccs,XGBoost,random_over,f1_macro,"{'colsample_bytree': 0.8, 'learning_rate': 0.05, 'max_depth': 3, 'min_child_weight': 10, 'n_estimators': 200, 'scale_pos_weight': 1, 'subsample': 0.8}",0.2514765298650254,1715,0.970262390670554,0.9661970202834265,0.7058507006917797,0.7872939284278246,0.2514765298650254,0.8459710743801653,0.8458355562817533,0.8458355562817534,0.9210154489105936,0.9099628378300575,9680.0,0.7508493771234428,0.8055525389955026,0.5651804100635688,0.7842114760014435,0.26795510906934544,883.0,0.4468541145324707,0.4419689178466797,2026-04-30T06:18:51.933425+00:00
SR-p53,maccs,DecisionTree,random_under,f1_macro,"{'ccp_alpha': 0.01, 'criterion': 'entropy', 'max_depth': 5, 'min_samples_leaf': 50}",0.3659161764884943,1715,0.9760932944606414,0.9700165020660168,0.7205563835072032,0.7893572894842656,0.3659161764884943,0.5922787193973634,0.596924838293095,0.5916701223535137,0.7088520220881611,0.5091304932049225,1062.0,0.5537938844847112,0.6509692396842457,0.4568783564381166,0.7695687477444966,0.1737090346528103,883.0,0.0068178176879882,0.0040829181671142,2026-04-22T11:33:42.054038+00:00
SR-p53,maccs,LogisticRegression,smote,f1_macro,"{'C': 0.001, 'l1_ratio': 0.0}",0.23973413517079,1715,0.9556851311953352,0.9526762447578776,0.6085885885885887,0.6793748545065922,0.23973413517079,0.7213842975206611,0.7213810594389656,0.7213810594389656,0.7942731883068096,0.7655323622964596,9680.0,0.6987542468856173,0.7673445844453771,0.5111596736596736,0.6825243594370263,0.1636470059579738,883.0,0.042734146118164,0.0376861095428466,2026-04-21T09:09:34.075951+00:00
SR-p53,maccs,XGBoost,smoteenn,f1_macro,"{'colsample_bytree': 0.8, 'learning_rate': 0.05, 'max_depth': 7, 'min_child_weight': 1, 'n_estimators': 200, 'scale_pos_weight': 1, 'subsample': 0.8}",0.11207660955365165,1715,0.9329446064139941,0.9410918646197745,0.6066364700696676,0.6917074048208579,0.11207660955365165,0.9727263079698609,0.9727300217026542,0.9727251271932806,0.9963780536405653,0.9954441262897136,9423.0,0.8754246885617214,0.8778264345317423,0.5788090612641366,0.7167538794658969,0.20089820872002004,883.0,0.6694850921630859,0.611799955368042,2026-04-30T06:19:11.315730+00:00
SR-p53,maccs,XGBoost,smoten,f1_macro,"{'colsample_bytree': 0.8, 'learning_rate': 0.05, 'max_depth': 3, 'min_child_weight': 1, 'n_estimators': 100, 'scale_pos_weight': 1, 'subsample': 0.8}",0.276477920762791,1715,0.9708454810495627,0.9625244039588099,0.645332870094633,0.6949664571561593,0.276477920762791,0.8835743801652892,0.8832616727332245,0.8832616727332246,0.9431033143227923,0.9302701653549996,9680.0,0.7882219705549264,0.8280699468410095,0.5599038361589902,0.7048267773367016,0.17950352392593483,883.0,0.22481918334960938,0.2323009967803955,2026-04-30T06:19:19.109045+00:00
SR-p53,maccs,XGBoost,smoten_enn,f1_macro,"{'colsample_bytree': 0.8, 'learning_rate': 0.05, 'max_depth': 3, 'min_child_weight': 1, 'n_estimators': 100, 'scale_pos_weight': 1, 'subsample': 0.8}",0.26868656031313853,1715,0.9720116618075801,0.9627364908740754,0.6399202155579662,0.6708621674814298,0.26868656031313853,0.9034614163226421,0.9032474218353782,0.9033339855776221,0.956776227157021,0.9411088076015728,9447.0,0.7995469988674971,0.8356389718122011,0.5687013105281022,0.6909870083002525,0.1714175786248805,883.0,0.2272179126739502,0.22862696647644043,2026-04-30T06:19:30.416971+00:00
SR-p53,map4,DecisionTree,none,f1_macro,"{'ccp_alpha': 0.01, 'criterion': 'gini', 'max_depth': 5, 'min_samples_leaf': 10}",0.1953509056086929,1715,0.9708454810495628,0.9642740728172516,0.6720289455969647,0.6277908280955706,0.1953509056086929,0.8117058144012322,0.8478056494514291,0.5636936143019846,0.6541474062660503,0.1162118338218967,5194.0,0.7893544733861835,0.8259538951326997,0.5351052989130435,0.6231053771201732,0.107623155968836,883.0,0.1915557384490966,0.1924209594726562,2026-04-22T11:33:51.526366+00:00
SR-p53,map4,LogisticRegression,random_over,f1_macro,"{'C': 0.01, 'l1_ratio': 1.0}",0.2764917420995635,1715,0.9580174927113704,0.9564837676193602,0.6495470335808188,0.7455505470552134,0.2764917420995635,0.7418388429752066,0.7417776621076563,0.7417776621076563,0.815136602691073,0.7925836547002705,9680.0,0.7078142695356738,0.7742202284410472,0.5236886562071388,0.6725279682425118,0.153918247609832,883.0,0.4851388931274414,0.2526309490203857,2026-04-21T09:09:41.454995+00:00
SR-p53,map4,RandomForest,random_under,f1_macro,"{'max_depth': 5, 'max_features': 'sqrt', 'min_samples_leaf': 10, 'n_estimators': 100}",0.2609589606471128,1715,0.9661807580174928,0.961793032011778,0.6690951430472388,0.7300594671237804,0.2609589606471128,0.879472693032015,0.878261836295034,0.8617755561069059,0.91515049953717,0.8404966581878086,1062.0,0.7576443941109853,0.807976958950868,0.5431993115185272,0.7302327679538073,0.1870492319023044,883.0,0.2532610893249511,0.1494631767272949,2026-04-21T20:20:57.627186+00:00
SR-p53,map4,LogisticRegression,smote,f1_macro,"{'C': 0.001, 'l1_ratio': 1.0}",0.0332361516034985,1715,0.9667638483965014,0.9504265998466644,0.4915505484731693,0.5,0.0332361516034985,0.5,0.3333333333333333,0.3333333333333333,0.5,0.5,9680.0,0.9229898074745186,0.8860267292010987,0.4799764428739694,0.5,0.0770101925254813,883.0,0.120150089263916,0.0966169834136962,2026-04-21T09:09:47.347678+00:00
SR-p53,map4,LogisticRegression,smoteenn,f1_macro,"{'C': 0.001, 'l1_ratio': 1.0}",0.0332361516034985,1715,0.9667638483965014,0.9504265998466644,0.4915505484731693,0.5,0.0332361516034985,0.5039566847147022,0.3377389025227303,0.335087233453337,0.5,0.4960433152852977,9604.0,0.9229898074745186,0.8860267292010987,0.4799764428739694,0.5,0.0770101925254813,883.0,0.149064302444458,0.1553900241851806,2026-04-21T09:09:48.387125+00:00
SR-p53,map4,KNeighbors,smoten,f1_macro,"{'n_neighbors': 5, 'weights': 'uniform'}",0.0673610321379926,1715,0.8670553935860058,0.9018462071482014,0.5353982300884955,0.6739730810742175,0.0673610321379926,0.8506198347107438,0.8487085674915122,0.8487085674915122,0.9035698978894884,0.8450883636844271,9680.0,0.6908267270668177,0.76241987166516,0.5247306315986633,0.6886232407073258,0.127245449335286,883.0,16.621000289916992,11.720133066177368,2026-04-24T11:48:18.939480+00:00
SR-p53,map4,KNeighbors,smoten_enn,f1_macro,"{'n_neighbors': 5, 'weights': 'uniform'}",0.0533291960210126,1715,0.8758017492711371,0.9062543692052604,0.5283113884724595,0.6248121812371701,0.0533291960210126,0.8632882173958661,0.8618366011624655,0.8620416161565667,0.9135621270553248,0.8554759207992154,9531.0,0.6998867497168743,0.7681574510735613,0.5118850193477059,0.6564056297365573,0.1149979113373756,883.0,18.163033962249756,14.66542100906372,2026-04-24T11:49:45.744691+00:00
SR-p53,mhfp,BernoulliNB,none,f1_macro,{'alpha': 1.0},0.2138898382560785,1715,0.9661807580174928,0.9585579244680116,0.619553576892479,0.7385245381245635,0.2138898382560785,0.866576819407008,0.8894948200035955,0.6655075636282333,0.8803754027174673,0.4881576817647251,5194.0,0.8006795016987542,0.8353112125986836,0.5600996376811594,0.6617376398412125,0.1470414812885395,883.0,0.0605318546295166,0.0174601078033447,2026-04-21T14:43:25.841639+00:00
SR-p53,mhfp,BernoulliNB,random_over,f1_macro,{'alpha': 0.1},0.210945472703483,1715,0.958600583090379,0.955078378205408,0.6233695534501904,0.7416037077010983,0.210945472703483,0.7883264462809917,0.7882016195363074,0.7882016195363074,0.8820789435489378,0.8857638118205814,9680.0,0.7304643261608154,0.7892609588081348,0.5246761118951978,0.6649133886683508,0.1459462888204354,883.0,0.3851931095123291,0.3793778419494629,2026-04-21T14:43:27.600007+00:00
SR-p53,mhfp,BernoulliNB,random_under,f1_macro,{'alpha': 0.1},0.2274744349541588,1715,0.9580174927113704,0.9546911475960644,0.6218487394957983,0.736831523924407,0.2274744349541588,0.8248587570621468,0.8267170123380702,0.8073692956416927,0.8972158383606244,0.8220257902224947,1062.0,0.7146092865232163,0.7781775454002144,0.5143692710606722,0.6672952002887045,0.1516387277884598,883.0,0.0645780563354492,0.0201349258422851,2026-04-21T14:43:29.537856+00:00
SR-p53,mhfp,KNeighbors,smote,f1_macro,"{'n_neighbors': 15, 'weights': 'uniform'}",0.1015662762953964,1715,0.9620991253644317,0.9539012925556624,0.578908997503107,0.7166529109262905,0.1015662762953964,0.9916322314049588,0.9916316454565288,0.9916316454565288,0.9999340678573868,0.999898156605414,9680.0,0.9071347678369196,0.8875546493432049,0.5393082561335641,0.6476542764345001,0.1536801207808166,883.0,153.2116928100586,82.05553698539734,2026-04-24T11:54:36.988276+00:00
SR-p53,mhfp,KNeighbors,smoteenn,f1_macro,"{'n_neighbors': 15, 'weights': 'uniform'}",0.0979371452715728,1715,0.9620991253644317,0.9539012925556624,0.578908997503107,0.6926173999534421,0.0979371452715728,0.9916166425170772,0.9916161842401922,0.9916162860795,0.9999427983313396,0.999910444027939,9662.0,0.9082672706681768,0.8882391143370605,0.5403081194685999,0.6500360880548538,0.1531498739952405,883.0,137.74938106536865,92.10759902000429,2026-04-24T11:56:11.040290+00:00
SR-p53,mhfp,KNeighbors,smoten,f1_macro,"{'n_neighbors': 15, 'weights': 'uniform'}",0.1255788597875446,1715,0.9603498542274052,0.954061178748312,0.5944836986758651,0.7228641567731149,0.1255788597875446,0.978202479338843,0.9781921177181474,0.9781921177181474,0.999774007922956,0.9996131370418694,9680.0,0.8969422423556059,0.8891680274480653,0.5835186308200255,0.6595272464814146,0.1726567317991679,883.0,147.84869408607483,87.60809707641602,2026-04-24T11:56:17.885883+00:00
SR-p53,mhfp,KNeighbors,smoten_enn,f1_macro,"{'n_neighbors': 15, 'weights': 'uniform'}",0.1255380552168103,1715,0.9603498542274052,0.954061178748312,0.5944836986758651,0.701198865680486,0.1255380552168103,0.9782112471467108,0.97820296926757,0.978204624843398,0.9998269122120444,0.9996805882927148,9638.0,0.8958097395243488,0.8874592766419219,0.5755694879832811,0.6593468062071455,0.1750856521672648,883.0,127.31611108779909,87.60110116004944,2026-04-24T12:01:12.915700+00:00
SR-p53,morgan_2048,BalancedRandomForest,none,f1_macro,"{'max_depth': 10, 'max_features': 'sqrt', 'min_samples_leaf': 20, 'n_estimators': 100}",0.3235044267056114,1715,0.9731778425655976,0.9660884568184316,0.6823357922881165,0.781394832074154,0.3235044267056114,0.7512514439738159,0.810501440818853,0.5592769740449055,0.8044263902507354,0.3026094020774026,5194.0,0.6828992072480181,0.7560588430207812,0.50536963236824,0.6660501623962468,0.1638219262281149,883.0,1.6760728359222412,1.2699673175811768,2026-04-22T01:09:11.263880+00:00
SR-p53,morgan_2048,RandomForest,random_over,f1_macro,"{'max_depth': 10, 'max_features': 'sqrt', 'min_samples_leaf': 20, 'n_estimators': 100}",0.377825078799941,1715,0.9737609329446064,0.9653803711863608,0.6672186072985524,0.7730408651302563,0.377825078799941,0.8143595041322315,0.8128582362323188,0.8128582362323189,0.913786092992282,0.916206554016448,9680.0,0.7938844847112118,0.8289023286918636,0.5382542236524538,0.6800162396246843,0.1373712508824422,883.0,1.8909707069396973,1.3384721279144287,2026-04-21T20:23:58.271284+00:00
SR-p53,morgan_2048,DecisionTree,random_under,f1_macro,"{'ccp_alpha': 0.0, 'criterion': 'entropy', 'max_depth': 15, 'min_samples_leaf': 20}",0.2821822666365203,1715,0.9731778425655976,0.967614246551499,0.7056343283582089,0.6367532220176497,0.2821822666365203,0.7297551789077212,0.7367476147152822,0.7155910140667646,0.8118057550512305,0.6456235163582346,1062.0,0.6636466591166478,0.7417900069620541,0.4912617630113309,0.6435853482497293,0.118658738659438,883.0,0.0931258201599121,0.0824489593505859,2026-04-22T11:37:31.071408+00:00
SR-p53,morgan_2048,LogisticRegression,smote,f1_macro,"{'C': 0.1, 'l1_ratio': 1.0}",0.1286976982013666,1715,0.9346938775510204,0.9408544419104128,0.5886021726465851,0.6526887181766237,0.1286976982013666,0.8994834710743802,0.8994650587378018,0.8994650587378018,0.9584396984495596,0.9575320892273468,9680.0,0.8233295583238958,0.8474972352783386,0.5563157081014224,0.5537260916636594,0.1383806236938464,883.0,0.3023250102996826,0.2207851409912109,2026-04-21T09:10:38.990192+00:00
SR-p53,morgan_2048,LogisticRegression,smoteenn,f1_macro,"{'C': 0.1, 'l1_ratio': 1.0}",0.1262399897710295,1715,0.9381924198250728,0.9433416909929032,0.5998423935055558,0.6348591623812244,0.1262399897710295,0.9074016076834742,0.9073959158815644,0.9073999929878972,0.9646689201090302,0.9623168126480623,9579.0,0.8323895809739524,0.8528081034222487,0.5594881751746084,0.5456423673763985,0.1388291255173819,883.0,0.2818038463592529,0.2299897670745849,2026-04-21T09:10:39.400657+00:00
SR-p53,morgan_2048,XGBoost,smoten,f1_macro,"{'colsample_bytree': 0.8, 'learning_rate': 0.05, 'max_depth': 5, 'min_child_weight': 5, 'n_estimators': 100, 'scale_pos_weight': 1, 'subsample': 0.8}",0.1402022810991861,1715,0.9615160349854227,0.9548164206336621,0.5972803347280334,0.7169121537256893,0.1402022810991861,0.9397727272727273,0.9397726752098846,0.9397726752098846,0.9804724959019193,0.9831752481543246,9680.0,0.8720271800679502,0.8724549545911645,0.5529073857500684,0.5901479610249007,0.13262044427283867,883.0,2.891486883163452,2.993072748184204,2026-04-30T06:31:23.828724+00:00
SR-p53,morgan_2048,XGBoost,smoten_enn,f1_macro,"{'colsample_bytree': 0.8, 'learning_rate': 0.05, 'max_depth': 3, 'min_child_weight': 5, 'n_estimators': 200, 'scale_pos_weight': 1, 'subsample': 0.8}",0.12247252740945397,1715,0.9650145772594753,0.9550292847505717,0.5743994441135597,0.6937019871754174,0.12247252740945397,0.9566729917773561,0.9566750261110428,0.9566726908404202,0.9902110764436127,0.9905701490279849,9486.0,0.883352208380521,0.8766538021999556,0.5430731744077972,0.5279050884157344,0.10500842578414948,883.0,4.189686059951782,4.133082151412964,2026-04-30T06:32:01.236479+00:00
SR-p53,morgan_4096,EasyEnsemble,none,f1_macro,"{'n_estimators': 10, 'replacement': False}",0.4077518874844399,1715,0.9737609329446064,0.9659832487399684,0.6764001693998465,0.8120489704357395,0.4077518874844399,0.7246823257604929,0.7918128934532431,0.5416901968837435,0.7820180814306392,0.2562353382342012,5194.0,0.6443941109852774,0.7273825512342054,0.4852248759765915,0.6676380368098158,0.1388287585304669,883.0,39.6943621635437,11.762113094329834,2026-04-22T01:12:13.604541+00:00
SR-p53,morgan_4096,LogisticRegression,random_over,f1_macro,"{'C': 0.01, 'l1_ratio': 1.0}",0.2550900657902402,1715,0.970262390670554,0.9620930151465948,0.6430888635890656,0.7809768691934903,0.2550900657902402,0.6862603305785124,0.6862219917054743,0.6862219917054744,0.7468583088586846,0.7372959392117154,9680.0,0.6296715741789355,0.7160893207102712,0.472489106903072,0.6389931432695778,0.1364339072037907,883.0,0.4342637062072754,0.3482680320739746,2026-04-21T09:10:53.843146+00:00
SR-p53,morgan_4096,RandomForest,random_under,f1_macro,"{'max_depth': 5, 'max_features': 'log2', 'min_samples_leaf': 20, 'n_estimators': 200}",0.3561297049336693,1715,0.9737609329446064,0.9676015141726628,0.7010817992028848,0.714637165894229,0.3561297049336693,0.6638418079096046,0.6733449864929286,0.6557317654536787,0.7598471065147308,0.5955914983582815,1062.0,0.5979614949037373,0.6907160593533624,0.4635434047832969,0.6646156622158066,0.1395394043833108,883.0,0.4558889865875244,0.3059940338134765,2026-04-21T20:26:24.604800+00:00
SR-p53,morgan_4096,LogisticRegression,smote,f1_macro,"{'C': 0.1, 'l1_ratio': 1.0}",0.1178539178025457,1715,0.878134110787172,0.9087664072291342,0.5507933663270792,0.6558631198019174,0.1178539178025457,0.9119834710743802,0.9119699427888308,0.911969942788831,0.9635663120688476,0.9653044407629352,9680.0,0.840317100792752,0.8549069112319704,0.5435186712863664,0.5345994225911223,0.1256031530165895,883.0,0.5633149147033691,0.3200521469116211,2026-04-21T09:10:58.833285+00:00
SR-p53,morgan_4096,LogisticRegression,smoteenn,f1_macro,"{'C': 0.1, 'l1_ratio': 1.0}",0.1083936582359201,1715,0.8787172011661808,0.9087424607929072,0.5445724557748091,0.6462182295304001,0.1083936582359201,0.9173940149625937,0.9173856157641144,0.9173892619277952,0.9691712129273888,0.9694538542305972,9624.0,0.8414496036240091,0.856870330747998,0.5537313001790563,0.5248917358354385,0.1175189510923542,883.0,0.3942980766296386,0.3186872005462646,2026-04-21T09:11:01.062796+00:00
SR-p53,morgan_4096,LogisticRegression,smoten,f1_macro,"{'C': 1, 'l1_ratio': 0.0}",0.223383884584373,1715,0.965597667638484,0.9575219852486022,0.6080850256215601,0.6754385964912281,0.223383884584373,0.9975206611570248,0.9975206602044748,0.9975206602044746,0.9999610042005328,0.9999612996912792,9680.0,0.8912797281993206,0.8815130999851202,0.5498916783484133,0.5312432334897148,0.1423132527774324,883.0,0.5072581768035889,0.3880157470703125,2026-04-21T09:11:02.053413+00:00
SR-p53,morgan_4096,XGBoost,smoten_enn,f1_macro,"{'colsample_bytree': 0.8, 'learning_rate': 0.05, 'max_depth': 3, 'min_child_weight': 1, 'n_estimators': 200, 'scale_pos_weight': 1, 'subsample': 0.8}",0.21723309953959044,1715,0.9696793002915451,0.9571982353150111,0.572925446325952,0.7057329693352803,0.21723309953959044,0.9685660218671153,0.9685681397057077,0.9685614265569618,0.9911788976706668,0.9924896363365616,9512.0,0.8867497168742922,0.8765761458178336,0.531137164946264,0.5308462648863226,0.097877514316072,883.0,11.2185959815979,11.200398206710815,2026-04-30T06:38:17.453062+00:00
SR-p53,pubchem,DecisionTree,none,f1_macro,"{'ccp_alpha': 0.01, 'criterion': 'gini', 'max_depth': 5, 'min_samples_leaf': 10}",0.2800470564165516,1715,0.9737609329446064,0.9676015141726628,0.7010817992028848,0.6393350686728885,0.2800470564165516,0.551983057373893,0.6566327892346336,0.437770925772031,0.6695218751459121,0.1114262027775708,5194.0,0.5186862967157417,0.6221029434589174,0.4214477873104703,0.6390021652832913,0.1175636716147207,883.0,0.0932419300079345,0.0858850479125976,2026-04-22T11:43:53.796745+00:00
SR-p53,pubchem,XGBoost,random_over,f1_macro,"{'colsample_bytree': 0.8, 'learning_rate': 0.1, 'max_depth': 3, 'min_child_weight': 5, 'n_estimators': 200, 'scale_pos_weight': 1, 'subsample': 0.8}",0.33649214390980087,1715,0.9714285714285714,0.9657492325751508,0.6902152475955601,0.7326201511015173,0.33649214390980087,0.8976239669421487,0.8976068927551407,0.8976068927551407,0.9601001895362338,0.9553336101350539,9680.0,0.797281993204983,0.8351126782498356,0.5758510110158461,0.7590941898231685,0.21148991482526358,883.0,1.851011037826538,1.7456550598144531,2026-04-30T06:40:58.657760+00:00
SR-p53,pubchem,DecisionTree,random_under,f1_macro,"{'ccp_alpha': 0.0, 'criterion': 'entropy', 'max_depth': 5, 'min_samples_leaf': 50}",0.2842583192613955,1715,0.9737609329446064,0.9676015141726628,0.7010817992028848,0.6295632023363597,0.2842583192613955,0.6450094161958568,0.6551442024487971,0.6351011056133735,0.7211249960100864,0.5265675477260088,1062.0,0.5334088335220838,0.6354930323614157,0.4293933120020077,0.6417629014796102,0.1152437703870538,883.0,0.0246851444244384,0.0204300880432128,2026-04-22T11:44:21.941617+00:00
SR-p53,pubchem,BernoulliNB,smote,f1_macro,{'alpha': 50.0},0.2819423953940254,1715,0.9731778425655976,0.9649236429265584,0.6645833333333333,0.6122415508010073,0.2819423953940254,0.6895661157024794,0.6863712375672752,0.6863712375672752,0.7688350992077043,0.7760341240002396,9680.0,0.6115515288788222,0.701878172279692,0.4651272858921491,0.6567123782028149,0.1559380114322264,883.0,0.1118867397308349,0.0916399955749511,2026-04-21T14:44:18.678982+00:00
SR-p53,pubchem,BernoulliNB,smoteenn,f1_macro,{'alpha': 50.0},0.2821455627683914,1715,0.9743440233236152,0.9670214754837526,0.6878929256832771,0.6122891668253867,0.2821455627683914,0.703664700926706,0.7011184321035735,0.7015994520865882,0.7723311562792876,0.770605527566469,9496.0,0.6240090600226501,0.7116266874647051,0.4744876740617516,0.6560086611331649,0.1516540556359308,883.0,0.09995698928833,0.0998909473419189,2026-04-21T14:44:20.353071+00:00
SR-p53,pubchem,DecisionTree,smoten,f1_macro,"{'ccp_alpha': 0.01, 'criterion': 'gini', 'max_depth': 10, 'min_samples_leaf': 10}",0.1556451552411653,1715,0.9696793002915453,0.9616652120556184,0.6409013304126534,0.6347004422999598,0.1556451552411653,0.7673553719008265,0.7671346798813283,0.7671346798813283,0.8318025365412198,0.7785537388257946,9680.0,0.7078142695356738,0.7739623862227547,0.5192580400101292,0.6424666185492602,0.1184894338765472,883.0,0.6075100898742676,0.4179658889770508,2026-04-22T11:44:34.832246+00:00
SR-p53,pubchem,BernoulliNB,smoten_enn,f1_macro,{'alpha': 50.0},0.2231849093445234,1715,0.9714285714285714,0.9608673644334864,0.6157960909818265,0.5592607876748565,0.2231849093445234,0.7367251956843665,0.7357557777080729,0.736070108357488,0.8283115168710393,0.8376351722191895,9454.0,0.681766704416761,0.7540244001650788,0.4800320208554682,0.6217430530494407,0.1445081826226372,883.0,0.1125679016113281,0.1280210018157959,2026-04-21T14:44:27.382286+00:00
SR-p53,rdkit,BalancedRandomForest,none,f1_macro,"{'max_depth': 10, 'max_features': 'log2', 'min_samples_leaf': 10, 'n_estimators': 100}",0.4239138374946145,1715,0.9760932944606414,0.9695257572747134,0.7130714393559154,0.7956161513554696,0.4239138374946145,0.7703118983442434,0.8251205620950179,0.5946878858195032,0.8799543003221739,0.5104581061742155,5194.0,0.711211778029445,0.7769062265047477,0.5303044525798679,0.7407343919162758,0.1599436761239199,883.0,0.9867956638336182,0.8728671073913574,2026-04-22T01:13:26.687544+00:00
SR-p53,rdkit,RandomForest,random_over,f1_macro,"{'max_depth': 5, 'max_features': 'sqrt', 'min_samples_leaf': 5, 'n_estimators': 200}",0.4266554147739546,1715,0.974927113702624,0.9674951043515254,0.6907823840931867,0.761168603051658,0.4266554147739546,0.8544421487603305,0.8539724398451027,0.8539724398451027,0.9275211734171164,0.9356051323018476,9680.0,0.8108720271800679,0.8439094840281202,0.5841307443913307,0.7735564778058462,0.1780529021433214,883.0,1.806362867355347,2.055767059326172,2026-04-21T20:30:48.765623+00:00
SR-p53,rdkit,RandomForest,random_under,f1_macro,"{'max_depth': 10, 'max_features': 'sqrt', 'min_samples_leaf': 10, 'n_estimators': 100}",0.4056507912175233,1715,0.9755102040816328,0.9685204993254002,0.7020796108794918,0.7850295219351151,0.4056507912175233,0.9058380414312618,0.9065699390741788,0.8957744488411532,0.9529349803696257,0.926929200220302,1062.0,0.7406568516421291,0.7978593165159407,0.5508637022920262,0.7698213641284735,0.1809076448746211,883.0,0.2713830471038818,0.2053198814392089,2026-04-21T20:30:49.599399+00:00
SR-p53,rdkit,KNeighbors,smote,f1_macro,"{'n_neighbors': 15, 'weights': 'uniform'}",0.0809683117044018,1715,0.9049562682215744,0.9244803345552935,0.5732665120801855,0.70513512369585,0.0809683117044018,0.8714876033057851,0.870038950584643,0.870038950584643,0.9628523068779452,0.9461861935538494,9680.0,0.6851642129105323,0.7578012798563469,0.5089027064227525,0.7018224467701191,0.1514949436671145,883.0,76.61740016937256,64.17813396453857,2026-04-24T12:45:22.074189+00:00
SR-p53,rdkit,KNeighbors,smoteenn,f1_macro,"{'n_neighbors': 15, 'weights': 'uniform'}",0.0878127969878614,1715,0.9137026239067056,0.9291873840729274,0.5750287979854805,0.6840729689120267,0.0878127969878614,0.8748925193465176,0.8739866065911795,0.8743272297871867,0.9694870256820404,0.9517731218099358,9304.0,0.6987542468856173,0.7677965061363443,0.5198418539233964,0.7220678455431252,0.1563316372421752,883.0,66.71437001228333,60.19003105163574,2026-04-24T12:45:50.503434+00:00
SR-p53,rdkit,DecisionTree,smoten,f1_macro,"{'ccp_alpha': 0.01, 'criterion': 'entropy', 'max_depth': 5, 'min_samples_leaf': 10}",0.1778768132310628,1715,0.9685131195335276,0.958823406913786,0.60625,0.6818826317905741,0.1778768132310628,0.8273760330578512,0.8273579752014351,0.8273579752014351,0.8686715815176559,0.8094609095099183,9680.0,0.8040770101925255,0.8341726158257732,0.5344203837186267,0.6702905088415735,0.1227562945979534,883.0,1.1940131187438965,1.2050237655639648,2026-04-22T11:46:12.415036+00:00
SR-p53,rdkit,LogisticRegression,smoten_enn,f1_macro,"{'C': 0.1, 'l1_ratio': 1.0}",0.1707346722029487,1715,0.9667638483965014,0.9569121150706268,0.5901068812398056,0.5556790045076503,0.1707346722029487,0.9717329395633372,0.9717324861045196,0.9717329241545424,0.9945346988127738,0.9929620722779532,9481.0,0.869762174405436,0.8756261209538472,0.5836015828429664,0.6516149404547096,0.166844502751957,883.0,0.7453210353851318,0.5970580577850342,2026-04-21T09:11:51.461159+00:00
SR-p53,topological_torsion,BalancedRandomForest,none,f1_macro,"{'max_depth': 5, 'max_features': 'log2', 'min_samples_leaf': 20, 'n_estimators': 200}",0.3626500381705132,1715,0.974927113702624,0.9674951043515254,0.6907823840931867,0.7001883478297675,0.3626500381705132,0.7456680785521755,0.8066568265675347,0.5563407025081559,0.7619764672923379,0.2217222235015838,5194.0,0.7055492638731596,0.7729308196964559,0.5285909061042119,0.7009022013713461,0.1794098108329773,883.0,2.036250114440918,2.12172532081604,2026-04-22T01:15:22.744886+00:00
SR-p53,topological_torsion,LogisticRegression,random_over,f1_macro,"{'C': 0.01, 'l1_ratio': 1.0}",0.2933647594924299,1715,0.9731778425655976,0.9660884568184316,0.6823357922881165,0.625092586714071,0.2933647594924299,0.712603305785124,0.7124547803617571,0.7124547803617571,0.7696263062632334,0.7424213215035209,9680.0,0.6987542468856173,0.7681730517332594,0.5280996849684969,0.6806928906531939,0.1337689745391419,883.0,0.2047710418701172,0.1806249618530273,2026-04-21T09:11:55.333030+00:00
SR-p53,topological_torsion,RandomForest,random_under,f1_macro,"{'max_depth': 5, 'max_features': 'sqrt', 'min_samples_leaf': 20, 'n_estimators': 100}",0.3527834556900058,1715,0.9743440233236152,0.9670214754837526,0.6878929256832771,0.6828032082619093,0.3527834556900058,0.7231638418079096,0.7288307716884036,0.7031116283846233,0.78006000829902,0.6406119041837658,1062.0,0.6976217440543602,0.7671683821710662,0.5232653837054353,0.7078671959581377,0.1742180193226913,883.0,0.2317349910736084,0.2270991802215576,2026-04-21T20:32:24.798479+00:00
SR-p53,topological_torsion,LogisticRegression,smote,f1_macro,"{'C': 0.001, 'l1_ratio': 1.0}",0.0332361516034985,1715,0.9667638483965014,0.9504265998466644,0.4915505484731693,0.5,0.0332361516034985,0.5,0.3333333333333333,0.3333333333333333,0.5,0.5,9680.0,0.9229898074745186,0.8860267292010987,0.4799764428739694,0.5,0.0770101925254813,883.0,0.1576902866363525,0.1362800598144531,2026-04-21T09:11:59.282652+00:00
SR-p53,topological_torsion,LogisticRegression,smoteenn,f1_macro,"{'C': 0.001, 'l1_ratio': 1.0}",0.0332361516034985,1715,0.9667638483965014,0.9504265998466644,0.4915505484731693,0.5,0.0332361516034985,0.505271949055225,0.3392074670125929,0.3356682155489285,0.5,0.494728050944775,9579.0,0.9229898074745186,0.8860267292010987,0.4799764428739694,0.5,0.0770101925254813,883.0,0.1454498767852783,0.1215088367462158,2026-04-21T09:12:00.090829+00:00
SR-p53,topological_torsion,DecisionTree,smoten,f1_macro,"{'ccp_alpha': 0.0, 'criterion': 'entropy', 'max_depth': 10, 'min_samples_leaf': 50}",0.0999192586636641,1715,0.9428571428571428,0.9437911593033184,0.5699510767215262,0.5164804351046495,0.0999192586636641,0.8222107438016529,0.8221943318290245,0.8221943318290246,0.893936526705826,0.8537187622318568,9680.0,0.7848244620611552,0.8233806194352642,0.5353661238506702,0.5672320461927103,0.1089468483814714,883.0,1.8044333457946775,0.9952781200408936,2026-04-22T11:48:17.231716+00:00
SR-p53,topological_torsion,DecisionTree,smoten_enn,f1_macro,"{'ccp_alpha': 0.001, 'criterion': 'entropy', 'max_depth': 10, 'min_samples_leaf': 20}",0.1122855994196645,1715,0.9434402332361516,0.9445857576753788,0.5777888322347966,0.5390239773136096,0.1122855994196645,0.8381484605651623,0.8381348621459886,0.8381465009676395,0.9052826761270208,0.8547988928975443,9484.0,0.7848244620611552,0.8233806194352642,0.5353661238506702,0.5632804041862144,0.1045699027862657,883.0,1.2936482429504397,0.6467878818511963,2026-04-22T11:48:34.945555+00:00
