target,fingerprint,model,resampling,optimized_for,best_params,val_selection,val_n,val_accuracy,val_f1_weighted,val_f1_macro,val_roc_auc,val_pr_auc,final_train_accuracy,final_train_f1_weighted,final_train_f1_macro,final_train_roc_auc,final_train_pr_auc,final_train_n,final_test_accuracy,final_test_f1_weighted,final_test_f1_macro,final_test_roc_auc,final_test_pr_auc,final_test_n,training_time,refit_time,run_date
NR-AR,atom_pair,BalancedRandomForest,none,accuracy,"{'max_depth': 5, 'max_features': 'sqrt', 'min_samples_leaf': 10, 'n_estimators': 100}",0.6062871525026643,1421,0.983814215341309,0.9806685337101376,0.7788955262249944,0.8716606780190593,0.6062871525026643,0.9366244162775184,0.9465599759871324,0.700477452465085,0.904669092169092,0.6548823552776815,5996.0,0.9510250569476082,0.960247637773478,0.5486292935451861,0.6453456933178833,0.1736307881763182,878.0,0.5983102321624756,0.5975329875946045,2026-04-21T21:46:48.739886+00:00
NR-AR,atom_pair,RandomForest,random_over,accuracy,"{'max_depth': 5, 'max_features': 'sqrt', 'min_samples_leaf': 10, 'n_estimators': 100}",0.5086572165206275,1421,0.983814215341309,0.9802311712809514,0.7703894169634891,0.8198328386189657,0.5086572165206275,0.8431219681219682,0.8400922326055461,0.8400922326055462,0.9519878656443106,0.9634162284631737,11544.0,0.969248291571754,0.9706193248446852,0.5830739196960903,0.666821166473542,0.0998864745557417,878.0,0.8212549686431885,1.0434749126434326,2026-04-21T16:05:07.905610+00:00
NR-AR,atom_pair,RandomForest,random_under,accuracy,"{'max_depth': 5, 'max_features': 'sqrt', 'min_samples_leaf': 20, 'n_estimators': 100}",0.6224422360780315,1421,0.984517945109078,0.9817064289504231,0.7923508156650194,0.8789056397437902,0.6224422360780315,0.8511904761904762,0.844937975190076,0.8199279711884755,0.8947903380102041,0.867348961178578,672.0,0.9259681093394078,0.9464428296661268,0.5229656872988674,0.6373117033603709,0.1349234917330775,878.0,0.2257893085479736,0.1570658683776855,2026-04-21T16:05:07.905306+00:00
NR-AR,atom_pair,RandomForest,smote,accuracy,"{'max_depth': 5, 'max_features': 'sqrt', 'min_samples_leaf': 5, 'n_estimators': 100}",0.3712931171011167,1421,0.9831104855735396,0.9791295931474062,0.755702005730659,0.5512127011404468,0.3712931171011167,0.8233714483714484,0.8183410915309624,0.8183410915309624,0.9630922802700348,0.9665765158145856,11544.0,0.9760820045558086,0.9737247486212164,0.5739341421143848,0.5946697566628042,0.0795643552859586,878.0,1.138922929763794,1.1009879112243652,2026-04-21T16:05:07.905197+00:00
NR-AR,atom_pair,RandomForest,smoteenn,accuracy,"{'max_depth': 5, 'max_features': 'sqrt', 'min_samples_leaf': 5, 'n_estimators': 100}",0.3728356669449187,1421,0.9831104855735396,0.9791295931474062,0.755702005730659,0.5484689892204343,0.3728356669449187,0.8238414050952091,0.8186384005282001,0.8185222379132565,0.9661228020453017,0.9688142473387712,11501.0,0.9760820045558086,0.9737247486212164,0.5739341421143848,0.6155272305909618,0.0934959773835421,878.0,1.15805983543396,1.0334608554840088,2026-04-21T16:05:24.392997+00:00
NR-AR,atom_pair,LogisticRegression,smoten,accuracy,"{'C': 0.001, 'l1_ratio': 1.0}",0.3789319524346747,1421,0.9831104855735396,0.98045065985401,0.7814070351758794,0.7151324011873145,0.3789319524346747,0.7778932778932779,0.7728746199334436,0.7728746199334435,0.7778932778932779,0.7488432902634086,11544.0,0.9362186788154896,0.9515999054454808,0.5168238993710692,0.5417535728080339,0.0207323040580443,878.0,0.2011561393737793,0.1904788017272949,2026-04-21T08:28:35.638259+00:00
NR-AR,atom_pair,LogisticRegression,smoten_enn,accuracy,"{'C': 0.001, 'l1_ratio': 1.0}",0.3789319524346747,1421,0.9831104855735396,0.98045065985401,0.7814070351758794,0.7151324011873145,0.3789319524346747,0.781751570132589,0.776877241998509,0.7766414824756998,0.7807340693848073,0.7495204720040821,11464.0,0.9362186788154896,0.9515999054454808,0.5168238993710692,0.5417535728080339,0.0207323040580443,878.0,0.1795039176940918,0.1873407363891601,2026-04-21T08:28:39.317202+00:00
NR-AR,avalon,BernoulliNB,none,accuracy,{'alpha': 0.1},0.5932867844135828,1421,0.9859254046446164,0.9840245253868491,0.8239942528735632,0.8608908764255585,0.5932867844135828,0.8448965977318212,0.8884745697765043,0.5769145325292078,0.8062285757598258,0.1665600418043685,5996.0,0.8052391799544419,0.877143036930097,0.4733385951065509,0.5649285438393201,0.0304710068016981,878.0,0.0096569061279296,0.0041947364807128,2026-04-21T14:01:12.359505+00:00
NR-AR,avalon,BernoulliNB,random_over,accuracy,{'alpha': 0.1},0.5919510994113907,1421,0.984517945109078,0.982750660937669,0.8127126767313684,0.8599925792844868,0.5919510994113907,0.7569300069300069,0.7550098452987084,0.7550098452987084,0.8041029194875349,0.7956362348711739,11544.0,0.7995444191343963,0.8736474972304296,0.4708307650160948,0.5647354190807261,0.0296480823540963,878.0,0.0764741897583007,0.0683450698852539,2026-04-21T14:01:12.933684+00:00
NR-AR,avalon,RandomForest,random_under,accuracy,"{'max_depth': 5, 'max_features': 'sqrt', 'min_samples_leaf': 20, 'n_estimators': 100}",0.5691400059779348,1421,0.9852216748768472,0.982349530778821,0.7981220022054296,0.8153511170129667,0.5691400059779348,0.8526785714285714,0.8460571474717022,0.8209181819405376,0.901058274872449,0.8748172635442064,672.0,0.9225512528473804,0.944929379256798,0.5323934837092732,0.6627269215913479,0.1547470835539193,878.0,0.2053208351135254,0.1650831699371338,2026-04-21T16:06:38.498129+00:00
NR-AR,avalon,BernoulliNB,smote,accuracy,{'alpha': 0.1},0.4640033685783193,1421,0.984517945109078,0.9813039353957836,0.7845188861317893,0.6986506014685205,0.4640033685783193,0.786036036036036,0.7808848613177874,0.7808848613177874,0.8193365682970674,0.8349390761556129,11544.0,0.9328018223234624,0.9501982117679048,0.5287085475139881,0.5404016994978755,0.0361448861733815,878.0,0.0676779747009277,0.0673673152923584,2026-04-21T14:01:14.589050+00:00
NR-AR,avalon,BernoulliNB,smoteenn,accuracy,{'alpha': 10.0},0.4697494767776352,1421,0.984517945109078,0.9813039353957836,0.7845188861317893,0.7313212779253242,0.4697494767776352,0.7937050675083289,0.7890171725594269,0.7886205266348725,0.8164997450141221,0.8326290999245889,11406.0,0.9328018223234624,0.9501982117679048,0.5287085475139881,0.5589803012746234,0.0358361235168999,878.0,0.0663099288940429,0.0545902252197265,2026-04-21T14:01:23.621257+00:00
NR-AR,avalon,BernoulliNB,smoten,accuracy,{'alpha': 50.0},0.4619919788185377,1421,0.983814215341309,0.9802311712809514,0.7703894169634891,0.689413763474457,0.4619919788185377,0.7908870408870409,0.7859914286649001,0.7859914286649001,0.8422270523362,0.8483800132178873,11544.0,0.9373576309794988,0.9527021184322986,0.532956139078292,0.5475859405175744,0.035998477804035,878.0,0.0794329643249511,0.0612468719482421,2026-04-21T14:01:18.964004+00:00
NR-AR,avalon,BernoulliNB,smoten_enn,accuracy,{'alpha': 50.0},0.4578458406836253,1421,0.9831104855735396,0.9791295931474062,0.755702005730659,0.6740450710826433,0.4578458406836253,0.7974506722542344,0.7927586138888376,0.7925069540241858,0.8530721445188183,0.8557625302290595,11454.0,0.938496583143508,0.9533284802509993,0.5340801886792453,0.5448435689455389,0.0365332534833793,878.0,0.0863497257232666,0.0635137557983398,2026-04-21T14:01:26.718824+00:00
NR-AR,erg,BalancedRandomForest,none,accuracy,"{'max_depth': 5, 'max_features': 'sqrt', 'min_samples_leaf': 20, 'n_estimators': 100}",0.5897284031580764,1421,0.983814215341309,0.9821273314349088,0.8073402066717362,0.8542024683643182,0.5897284031580764,0.9066044029352902,0.927390028620517,0.6515080877075066,0.8792995433620434,0.6263753549458605,5996.0,0.9236902050113897,0.9455617453002132,0.5334047194130478,0.6202780996523755,0.0915302168726333,878.0,0.7459793090820312,0.4676339626312256,2026-04-21T21:46:48.741387+00:00
NR-AR,erg,XGBoost,random_over,accuracy,"{'colsample_bytree': 0.8, 'learning_rate': 0.05, 'max_depth': 3, 'min_child_weight': 5, 'n_estimators': 200, 'scale_pos_weight': 1, 'subsample': 0.8}",0.43164671211521094,1421,0.9831104855735397,0.9791295931474062,0.755702005730659,0.6530424933604124,0.43164671211521094,0.9315661815661815,0.9314895833630695,0.9314895833630695,0.9728475226786037,0.9776921149953538,11544.0,0.9635535307517085,0.9680031434017767,0.5906759906759906,0.6216299729625338,0.1130868925751938,878.0,0.9459149837493896,0.907372236251831,2026-04-29T21:01:36.098266+00:00
NR-AR,erg,DecisionTree,random_under,accuracy,"{'ccp_alpha': 0.0, 'criterion': 'gini', 'max_depth': 5, 'min_samples_leaf': 10}",0.4529987393326343,1421,0.983814215341309,0.9810736611120516,0.7867827902273543,0.6879784408686143,0.4529987393326343,0.8571428571428571,0.8545454545454545,0.8337662337662337,0.9073212292729592,0.858670073581284,672.0,0.878132118451025,0.9205670402609384,0.5251295271311952,0.6985322518346853,0.0553302275469037,878.0,0.0110650062561035,0.0064949989318847,2026-04-22T07:17:19.556903+00:00
NR-AR,erg,XGBoost,smote,accuracy,"{'colsample_bytree': 0.8, 'learning_rate': 0.05, 'max_depth': 5, 'min_child_weight': 10, 'n_estimators': 100, 'scale_pos_weight': 1, 'subsample': 0.8}",0.4080951961141101,1421,0.9831104855735397,0.9791295931474062,0.755702005730659,0.6011560693641619,0.4080951961141101,0.9716735966735967,0.9716626395017395,0.9716626395017396,0.9927934891552355,0.9937033865727912,11544.0,0.9760820045558086,0.9747739771717712,0.605038236617184,0.7062958671301661,0.10325149513145324,878.0,1.127027988433838,1.4132370948791504,2026-04-29T21:02:01.150242+00:00
NR-AR,erg,XGBoost,smoteenn,accuracy,"{'colsample_bytree': 0.8, 'learning_rate': 0.05, 'max_depth': 3, 'min_child_weight': 1, 'n_estimators': 100, 'scale_pos_weight': 1, 'subsample': 0.8}",0.4179191817912027,1421,0.9831104855735397,0.9791295931474062,0.755702005730659,0.692616388064365,0.4179191817912027,0.9420815279865594,0.9419000151214568,0.941818766505649,0.9894092266089738,0.9904781723131755,11309.0,0.9681093394077449,0.9690874244882643,0.5543793503480279,0.7168791039011202,0.10917972157303837,878.0,0.9265129566192627,0.9347310066223145,2026-04-29T21:02:05.447638+00:00
NR-AR,erg,RandomForest,smoten,accuracy,"{'max_depth': 5, 'max_features': 'log2', 'min_samples_leaf': 5, 'n_estimators': 100}",0.3667323897652062,1421,0.9831104855735396,0.9791295931474062,0.755702005730659,0.4902554288392439,0.3667323897652062,0.8000693000693001,0.7923483070459827,0.7923483070459827,0.9667215592371518,0.966713019462643,11544.0,0.9726651480637812,0.9717047221318292,0.564484126984127,0.5956353804557745,0.1182641260057523,878.0,0.336683988571167,0.3645858764648437,2026-04-21T16:08:01.222784+00:00
NR-AR,erg,RandomForest,smoten_enn,accuracy,"{'max_depth': 5, 'max_features': 'log2', 'min_samples_leaf': 5, 'n_estimators': 100}",0.371168471280825,1421,0.9831104855735396,0.9791295931474062,0.755702005730659,0.4938095610060928,0.371168471280825,0.8666544555362212,0.8634840090293906,0.8620397458611917,0.984627438411196,0.9837882382438976,10919.0,0.9749430523917996,0.9730445624529656,0.5705646954201867,0.6194669756662804,0.1563867269428832,878.0,0.417665958404541,0.2723491191864013,2026-04-21T16:08:08.548724+00:00
NR-AR,estate,RUSBoost,none,accuracy,"{'learning_rate': 0.2, 'n_estimators': 50, 'sampling_strategy': 'auto'}",0.5189410418604092,1421,0.983814215341309,0.9802311712809514,0.7703894169634891,0.7785306983283863,0.5189410418604092,0.9141094062708472,0.9317842397728154,0.6571064350979703,0.8719128211315712,0.3734645156349195,5996.0,0.9066059225512528,0.9354474078806416,0.4987049157498955,0.6447663190421011,0.0312503078854816,878.0,0.0180408954620361,0.0148212909698486,2026-04-29T18:00:31.294748+00:00
NR-AR,estate,RandomForest,random_over,accuracy,"{'max_depth': 10, 'max_features': 'sqrt', 'min_samples_leaf': 10, 'n_estimators': 100}",0.431992434846128,1421,0.983814215341309,0.9802311712809514,0.7703894169634891,0.763113185439775,0.431992434846128,0.8951836451836452,0.8945709946482114,0.8945709946482113,0.9761303763382764,0.9777686492283664,11544.0,0.969248291571754,0.9714001708948228,0.6064414377023325,0.6925453843182696,0.1576498316825652,878.0,0.2214012145996093,0.2885582447052002,2026-04-21T16:08:35.170444+00:00
NR-AR,estate,DecisionTree,random_under,accuracy,"{'ccp_alpha': 0.0, 'criterion': 'gini', 'max_depth': 10, 'min_samples_leaf': 20}",0.485736167267175,1421,0.984517945109078,0.9817064289504231,0.7923508156650194,0.751581784096235,0.485736167267175,0.8318452380952381,0.8298674003592036,0.8065497344185869,0.8924435985331634,0.8394623641551846,672.0,0.878132118451025,0.920207528377408,0.5100931879455369,0.6246040942448823,0.0593538563538865,878.0,0.0054597854614257,0.0016672611236572,2026-04-22T07:17:40.435323+00:00
NR-AR,estate,DecisionTree,smote,accuracy,"{'ccp_alpha': 0.01, 'criterion': 'gini', 'max_depth': 5, 'min_samples_leaf': 10}",0.518339502117123,1421,0.983814215341309,0.9806685337101376,0.7788955262249944,0.8108010467114513,0.518339502117123,0.8666839916839917,0.8663500984386585,0.8663500984386585,0.9131489707763096,0.8999612503221843,11544.0,0.9168564920273348,0.9417655332550108,0.5275916712732633,0.7158362302047122,0.0518166674644706,878.0,0.0331661701202392,0.0360448360443115,2026-04-22T07:17:41.234158+00:00
NR-AR,estate,DecisionTree,smoteenn,accuracy,"{'ccp_alpha': 0.0, 'criterion': 'entropy', 'max_depth': 10, 'min_samples_leaf': 10}",0.4438956883388393,1421,0.983814215341309,0.9806685337101376,0.7788955262249944,0.6386697391032651,0.4438956883388393,0.9677221833449964,0.967712573576518,0.9677053501263868,0.9959778105096126,0.9952562134784082,11432.0,0.9498861047835992,0.9596151329756692,0.5471043376318874,0.6889532638084201,0.0583728735268007,878.0,0.0547358989715576,0.0695552825927734,2026-04-22T07:17:42.023817+00:00
NR-AR,estate,RandomForest,smoten,accuracy,"{'max_depth': 5, 'max_features': 'sqrt', 'min_samples_leaf': 5, 'n_estimators': 100}",0.3923435711884557,1421,0.9831104855735396,0.9791295931474062,0.755702005730659,0.5286185752226215,0.3923435711884557,0.887993762993763,0.8870790327286315,0.8870790327286315,0.9783454242264014,0.9789597624692148,11544.0,0.9749430523917996,0.9730445624529656,0.5705646954201867,0.6561606797991503,0.1119404933167884,878.0,0.3000907897949219,0.2040600776672363,2026-04-21T16:08:49.970087+00:00
NR-AR,estate,RandomForest,smoten_enn,accuracy,"{'max_depth': 5, 'max_features': 'sqrt', 'min_samples_leaf': 20, 'n_estimators': 200}",0.3945406387168345,1421,0.9831104855735396,0.9791295931474062,0.755702005730659,0.5517497266052179,0.3945406387168345,0.8929895814939078,0.8919991094897064,0.8917787800030577,0.984158916887581,0.9822133683871856,11326.0,0.9749430523917996,0.9730445624529656,0.5705646954201867,0.627114716106605,0.1342970944285035,878.0,0.5358920097351074,0.232908010482788,2026-04-21T16:08:54.954493+00:00
NR-AR,fcfp,EasyEnsemble,none,accuracy,"{'n_estimators': 30, 'replacement': True}",0.4149542313320383,1421,0.983814215341309,0.9802311712809514,0.7703894169634891,0.6786341977815967,0.4149542313320383,0.9629753168779186,0.9645600623108938,0.7647380699893955,0.9034489932927434,0.6555552650419213,5996.0,0.9658314350797268,0.968619219155586,0.5746124031007752,0.6809192738509077,0.1491951401554137,878.0,26.82607889175415,18.772958040237427,2026-04-21T21:47:49.191810+00:00
NR-AR,fcfp,RandomForest,random_over,accuracy,"{'max_depth': 15, 'max_features': 'sqrt', 'min_samples_leaf': 10, 'n_estimators': 200}",0.4219982561591915,1421,0.983814215341309,0.9802311712809514,0.7703894169634891,0.7507225433526011,0.4219982561591915,0.8903326403326404,0.889301783462783,0.889301783462783,0.9776318028007216,0.9820451338207576,11544.0,0.9749430523917996,0.9740626619541768,0.6007771164021164,0.7346465816917729,0.1211889313278029,878.0,6.030242919921875,5.974363327026367,2026-04-21T16:09:10.817528+00:00
NR-AR,fcfp,BernoulliNB,random_under,accuracy,{'alpha': 1.0},0.4170140578660164,1421,0.983814215341309,0.9802311712809514,0.7703894169634891,0.7219379784408686,0.4170140578660164,0.8601190476190477,0.8519283746556474,0.8264462809917356,0.8879195232780611,0.8572699189558082,672.0,0.9601366742596812,0.9653563519968796,0.562966650074664,0.6672846658941676,0.1172594378641075,878.0,0.0314760208129882,0.0067939758300781,2026-04-21T14:01:33.711785+00:00
NR-AR,fcfp,LogisticRegression,smote,accuracy,"{'C': 0.001, 'l1_ratio': 1.0}",0.3682408657778116,1421,0.9831104855735396,0.9791295931474062,0.755702005730659,0.6756756756756757,0.3682408657778116,0.7811850311850311,0.7713687897922973,0.7713687897922972,0.7811850311850312,0.7756112450639078,11544.0,0.9749430523917996,0.9740626619541768,0.6007771164021164,0.5942062572421783,0.0598212721219554,878.0,0.1806929111480713,0.1671171188354492,2026-04-21T08:29:04.018914+00:00
NR-AR,fcfp,LogisticRegression,smoteenn,accuracy,"{'C': 0.001, 'l1_ratio': 1.0}",0.3682408657778116,1421,0.9831104855735396,0.9791295931474062,0.755702005730659,0.6756756756756757,0.3682408657778116,0.7937136819862652,0.7848600631999936,0.7841145796806424,0.790472524495081,0.781183898832654,11358.0,0.9749430523917996,0.9740626619541768,0.6007771164021164,0.5942062572421783,0.0598212721219554,878.0,0.1573739051818847,0.1242601871490478,2026-04-21T08:28:57.120568+00:00
NR-AR,fcfp,BernoulliNB,smoten,accuracy,{'alpha': 1.0},0.367409982807895,1421,0.9831104855735396,0.9791295931474062,0.755702005730659,0.4585806905171067,0.367409982807895,0.8685031185031185,0.8676216513598796,0.8676216513598796,0.968129472027601,0.9685050135804372,11544.0,0.9601366742596812,0.9646318129581436,0.541089855591894,0.5979915025106218,0.0830816064873347,878.0,0.5887839794158936,0.4732339382171631,2026-04-21T14:01:38.668008+00:00
NR-AR,fcfp,LogisticRegression,smoten_enn,accuracy,"{'C': 0.001, 'l1_ratio': 1.0}",0.3682408657778116,1421,0.9831104855735396,0.9791295931474062,0.755702005730659,0.6756756756756757,0.3682408657778116,0.7897816593886463,0.7807695755043754,0.7803968804383299,0.7881376479034106,0.780682126661693,11450.0,0.9749430523917996,0.9740626619541768,0.6007771164021164,0.5942062572421783,0.0598212721219554,878.0,0.1448309421539306,0.1286180019378662,2026-04-21T08:28:59.432341+00:00
NR-AR,klekota_roth,XGBoost,none,accuracy,"{'colsample_bytree': 0.8, 'learning_rate': 0.1, 'max_depth': 3, 'min_child_weight': 10, 'n_estimators': 200, 'scale_pos_weight': 4, 'subsample': 0.8}",0.41041241533484446,1421,0.983814215341309,0.9802311712809514,0.7703894169634891,0.6883494766442744,0.41041241533484446,0.9823215476984657,0.980897077874261,0.8574133499885137,0.9693184771309772,0.7943583003980759,5996.0,0.9783599088838268,0.9762271535144341,0.6145118428653957,0.829741212823484,0.15104136127990908,878.0,9.949464082717896,8.408677101135254,2026-04-29T21:07:28.406179+00:00
NR-AR,klekota_roth,RandomForest,random_over,accuracy,"{'max_depth': 5, 'max_features': 'sqrt', 'min_samples_leaf': 5, 'n_estimators': 100}",0.4946317195143377,1421,0.9831104855735396,0.9791295931474062,0.755702005730659,0.7867520699890642,0.4946317195143377,0.79495841995842,0.788501790621475,0.7885017906214751,0.9211756134833058,0.9313288746650044,11544.0,0.9612756264236902,0.9660033398643876,0.56509324009324,0.7337195828505213,0.0761884591218309,878.0,1.6350340843200684,1.3082292079925537,2026-04-21T16:10:53.701525+00:00
NR-AR,klekota_roth,XGBoost,random_under,accuracy,"{'colsample_bytree': 0.8, 'learning_rate': 0.05, 'max_depth': 5, 'min_child_weight': 10, 'n_estimators': 100, 'scale_pos_weight': 1, 'subsample': 0.8}",0.40141306498597545,1421,0.9831104855735397,0.9791295931474062,0.755702005730659,0.7502733947820653,0.40141306498597545,0.8556547619047619,0.8460510040997846,0.8188200958932667,0.8999422034438775,0.8769533970577337,672.0,0.9635535307517085,0.9673051432961071,0.5696342135898536,0.6302047122441097,0.08717007573693498,878.0,0.7594211101531982,0.6847608089447021,2026-04-29T21:08:02.446910+00:00
NR-AR,klekota_roth,LogisticRegression,smote,accuracy,"{'C': 0.01, 'l1_ratio': 1.0}",0.3852022293840282,1421,0.9831104855735396,0.9791295931474062,0.755702005730659,0.568807608186221,0.3852022293840282,0.7927927927927928,0.7860457092698085,0.7860457092698085,0.9277928276109147,0.9375462364580996,11544.0,0.9624145785876992,0.9666528522176784,0.5673132924152144,0.7683275395905755,0.0847200784341011,878.0,0.420637845993042,0.3194200992584228,2026-04-21T08:29:07.939283+00:00
NR-AR,klekota_roth,BernoulliNB,smoteenn,accuracy,{'alpha': 0.1},0.3676057647308892,1421,0.9831104855735396,0.9791295931474062,0.755702005730659,0.522769879706296,0.3676057647308892,0.7964320409785393,0.791643008926126,0.7909844052649044,0.9065042378409338,0.9007425541623147,11323.0,0.9476082004555808,0.9577794572018364,0.5265181711606096,0.6079181151023562,0.0390583863730441,878.0,0.7088179588317871,0.6177260875701904,2026-04-21T14:01:50.262625+00:00
NR-AR,klekota_roth,BernoulliNB,smoten,accuracy,{'alpha': 0.1},0.3679578797830657,1421,0.9831104855735396,0.9791295931474062,0.755702005730659,0.5208365880331198,0.3679578797830657,0.7796257796257796,0.773302413633651,0.773302413633651,0.9305215628630388,0.9212265585479784,11544.0,0.94874715261959,0.9583986906931744,0.5276353071984505,0.5994206257242178,0.0396770599486356,878.0,0.8245980739593506,0.8060119152069092,2026-04-21T14:01:53.137760+00:00
NR-AR,klekota_roth,BernoulliNB,smoten_enn,accuracy,{'alpha': 0.1},0.367355025401875,1421,0.9831104855735396,0.9791295931474062,0.755702005730659,0.5006639587564443,0.367355025401875,0.7892439322507421,0.7830339095942223,0.782738506825149,0.9495903587772648,0.9389515773965714,11454.0,0.9533029612756264,0.9608811091925178,0.5324631469575947,0.5555426805716492,0.0449724752446317,878.0,0.6477251052856445,0.5931129455566406,2026-04-21T14:01:55.416346+00:00
NR-AR,maccs,BernoulliNB,none,accuracy,{'alpha': 50.0},0.5506375950597499,1421,0.9852216748768472,0.982349530778821,0.7981220022054296,0.8481291985627246,0.5506375950597499,0.9379586390927284,0.9460951925506912,0.6836440379880409,0.8063902243589745,0.4324282359095505,5996.0,0.9453302961275628,0.9565421264224564,0.5243770314192849,0.5250675936655079,0.0423930755521777,878.0,0.0069801807403564,0.003141164779663,2026-04-21T14:01:56.013785+00:00
NR-AR,maccs,DecisionTree,random_over,accuracy,"{'ccp_alpha': 0.01, 'criterion': 'gini', 'max_depth': 5, 'min_samples_leaf': 10}",0.5651105010710922,1421,0.983814215341309,0.9802311712809514,0.7703894169634891,0.7961744258709578,0.5651105010710922,0.7872487872487872,0.7810919189498364,0.7810919189498365,0.841329945409987,0.8344252134687744,11544.0,0.9544419134396356,0.9621519216813283,0.5535214848715992,0.6719582850521437,0.0395036818496011,878.0,0.1035859584808349,0.0957410335540771,2026-04-22T07:22:13.923053+00:00
NR-AR,maccs,DecisionTree,random_under,accuracy,"{'ccp_alpha': 0.0, 'criterion': 'gini', 'max_depth': 5, 'min_samples_leaf': 50}",0.4910886349847413,1421,0.983814215341309,0.9814499457601206,0.7941163501212636,0.7816747383221372,0.4910886349847413,0.8080357142857143,0.8103538252791984,0.7895835507775806,0.8763950892857143,0.8127640892127588,672.0,0.8041002277904328,0.8765498626630414,0.4877062527138515,0.6508304364619544,0.0487647290246983,878.0,0.009883165359497,0.0049359798431396,2026-04-22T07:22:19.643561+00:00
NR-AR,maccs,DecisionTree,smote,accuracy,"{'ccp_alpha': 0.0, 'criterion': 'gini', 'max_depth': 5, 'min_samples_leaf': 10}",0.4157785879152412,1421,0.983814215341309,0.9802311712809514,0.7703894169634891,0.6839165755350727,0.4157785879152412,0.8196465696465697,0.8195419162574938,0.819541916257494,0.8993141400235994,0.8814271155328657,11544.0,0.8861047835990888,0.9249581156972708,0.5231578032672923,0.65681730397837,0.0400851699302373,878.0,0.0933389663696289,0.0579791069030761,2026-04-22T07:22:20.835231+00:00
NR-AR,maccs,DecisionTree,smoteenn,accuracy,"{'ccp_alpha': 0.0, 'criterion': 'gini', 'max_depth': 5, 'min_samples_leaf': 10}",0.3938886891054483,1421,0.983814215341309,0.9802311712809514,0.7703894169634891,0.5544055616309952,0.3938886891054483,0.8270179767359888,0.8269488622196288,0.8268579464799874,0.9048390177784008,0.8849687356945595,11348.0,0.8804100227790432,0.9218797257674616,0.5267526680800604,0.7119351100811124,0.0542132280915752,878.0,0.0826201438903808,0.063478946685791,2026-04-22T07:22:21.878728+00:00
NR-AR,maccs,DecisionTree,smoten,accuracy,"{'ccp_alpha': 0.01, 'criterion': 'gini', 'max_depth': 5, 'min_samples_leaf': 10}",0.4187496908961292,1421,0.984517945109078,0.9813039353957836,0.7845188861317893,0.6093774410248399,0.4187496908961292,0.8599272349272349,0.8598839070453798,0.8598839070453798,0.902067082875295,0.8757358186791908,11544.0,0.8587699316628702,0.9090479087671168,0.4990890185324916,0.5647740440324449,0.0301726929185691,878.0,0.0782809257507324,0.0629098415374755,2026-04-22T07:22:27.881923+00:00
NR-AR,maccs,DecisionTree,smoten_enn,accuracy,"{'ccp_alpha': 0.0, 'criterion': 'entropy', 'max_depth': 5, 'min_samples_leaf': 10}",0.4481569182113646,1421,0.984517945109078,0.9813039353957836,0.7845188861317893,0.6631776284955475,0.4481569182113646,0.8703816927242554,0.8703472751589889,0.8703608987785736,0.939784593607035,0.9120256981556104,11449.0,0.8621867881548975,0.9108757599702718,0.4938227488648437,0.5164156044804944,0.0222743789998915,878.0,0.070465087890625,0.067106008529663,2026-04-22T07:22:30.612235+00:00
NR-AR,map4,RUSBoost,none,accuracy,"{'learning_rate': 0.01, 'n_estimators': 200, 'sampling_strategy': 'auto'}",0.5584210269899378,1421,0.984517945109078,0.9817064289504231,0.7923508156650194,0.8259256366192782,0.5584210269899378,0.9351234156104068,0.9480323941225524,0.7342442962557341,0.9551204707454708,0.8101448517339749,5996.0,0.9328018223234624,0.9506205061471492,0.5422355363502205,0.6990343762070298,0.1622806473369479,878.0,7.436036109924316,8.062490224838257,2026-04-29T18:02:15.992196+00:00
NR-AR,map4,RandomForest,random_over,accuracy,"{'max_depth': 5, 'max_features': 'log2', 'min_samples_leaf': 5, 'n_estimators': 200}",0.5915431412265886,1421,0.983814215341309,0.9806685337101376,0.7788955262249944,0.8617989376659897,0.5915431412265886,0.852044352044352,0.8509257126598743,0.8509257126598743,0.9316705008622888,0.9464661849788264,11544.0,0.9373576309794988,0.9527021184322986,0.532956139078292,0.645422943221321,0.1616898538773981,878.0,1.1043190956115725,1.153434991836548,2026-04-21T16:14:18.060844+00:00
NR-AR,map4,RandomForest,random_under,accuracy,"{'max_depth': 10, 'max_features': 'sqrt', 'min_samples_leaf': 5, 'n_estimators': 200}",0.5631253925838164,1421,0.9831104855735396,0.9808294304642188,0.7887931034482758,0.8500429620371817,0.5631253925838164,0.9434523809523808,0.9422524314765696,0.9338527851458888,0.9804986447704082,0.9763920583078884,672.0,0.8986332574031891,0.9313279585310112,0.504787857663424,0.6383159521050599,0.1670568874526384,878.0,0.4318547248840332,0.3350851535797119,2026-04-21T16:14:32.985654+00:00
NR-AR,map4,BernoulliNB,smote,accuracy,{'alpha': 0.1},0.5232233015148222,1421,0.9831104855735396,0.9808294304642188,0.7887931034482758,0.8320184346195907,0.5232233015148222,0.7655058905058905,0.7606335476007839,0.7606335476007839,0.674324522427433,0.7757861462069056,11544.0,0.9009111617312072,0.9325966019356774,0.5061005179136034,0.567014291232136,0.0528670881018312,878.0,0.5932011604309082,0.2615180015563965,2026-04-21T14:02:08.084719+00:00
NR-AR,map4,BernoulliNB,smoteenn,accuracy,{'alpha': 0.1},0.5225174006954729,1421,0.983814215341309,0.9814499457601206,0.7941163501212636,0.8316473988439307,0.5225174006954729,0.7688564476885644,0.7640273479101007,0.7639205619199136,0.675880715564293,0.7773433984799404,11508.0,0.9020501138952164,0.9332301792802128,0.5067673494983278,0.5657396678254152,0.0603988725401511,878.0,0.2557480335235595,0.2219099998474121,2026-04-21T14:02:11.833915+00:00
NR-AR,map4,RandomForest,smoten,accuracy,"{'max_depth': 5, 'max_features': 'sqrt', 'min_samples_leaf': 5, 'n_estimators': 200}",0.3862264680611549,1421,0.9817030260380014,0.976832728253348,0.7245138391791935,0.5317919075144508,0.3862264680611549,0.9573804573804574,0.9573489017487584,0.9573489017487584,0.9884575824024888,0.9903372403573346,11544.0,0.979498861047836,0.974432623368989,0.544815668202765,0.5240633449208187,0.0544229945299385,878.0,2.691810131072998,2.121881008148194,2026-04-21T16:14:49.584368+00:00
NR-AR,map4,BernoulliNB,smoten_enn,accuracy,{'alpha': 0.1},0.5079202138249881,1421,0.9817030260380014,0.9806204830409484,0.7983473059121474,0.8467134041556007,0.5079202138249881,0.7566460385252332,0.7534736395443584,0.7532957245936143,0.6423614846479258,0.7452507679404277,11473.0,0.8667425968109339,0.913499523050688,0.4961324340895157,0.5768250289687138,0.0280997923233797,878.0,0.2638900279998779,0.2408070564270019,2026-04-21T14:02:19.609991+00:00
NR-AR,mhfp,BalancedRandomForest,none,accuracy,"{'max_depth': 5, 'max_features': 'sqrt', 'min_samples_leaf': 5, 'n_estimators': 100}",0.3997414281261376,1421,0.9831104855735396,0.9791295931474062,0.755702005730659,0.682998750195282,0.3997414281261376,0.986324216144096,0.9868609233868962,0.9124196288105064,0.9968161413473912,0.9282447493717878,5996.0,0.9772209567198178,0.974413031927486,0.5775596612779061,0.5749710312862109,0.1455303357552414,878.0,1.2695870399475098,1.0211970806121826,2026-04-21T21:49:55.636042+00:00
NR-AR,mhfp,BernoulliNB,random_over,accuracy,{'alpha': 0.1},0.4357548692776636,1421,0.9831104855735396,0.9791295931474062,0.755702005730659,0.7213326042805812,0.4357548692776636,0.796084546084546,0.7885293280585952,0.7885293280585953,0.894707027113472,0.913894122829684,11544.0,0.9726651480637812,0.9726651480637812,0.5930475086906142,0.4860563924295095,0.1093204541194294,878.0,0.4859519004821777,0.4616403579711914,2026-04-21T14:02:20.292907+00:00
NR-AR,mhfp,XGBoost,random_under,accuracy,"{'colsample_bytree': 0.8, 'learning_rate': 0.05, 'max_depth': 7, 'min_child_weight': 1, 'n_estimators': 100, 'scale_pos_weight': 1, 'subsample': 0.8}",0.4224766721474195,1421,0.9831104855735397,0.9791295931474062,0.755702005730659,0.7896422433994689,0.4224766721474195,1.0,1.0,1.0,1.0,1.0,672.0,0.9806378132118451,0.9750942776859451,0.5477380844165682,0.5917342603321746,0.09816026503936673,878.0,0.6873412132263184,0.6196448802947998,2026-04-29T21:24:33.140936+00:00
NR-AR,mhfp,LogisticRegression,smote,accuracy,"{'C': 0.01, 'l1_ratio': 0.0}",0.3773005330182716,1421,0.9817030260380014,0.976832728253348,0.7245138391791935,0.6878026870801437,0.3773005330182716,0.9927234927234928,0.9927233090369746,0.9927233090369746,0.9999000629847824,0.99990142930625,11544.0,0.9817767653758542,0.9738774120912208,0.4954022988505747,0.6311317110853611,0.0536376595407979,878.0,1.6434717178344729,1.868861198425293,2026-04-21T08:29:40.358479+00:00
NR-AR,mhfp,LogisticRegression,smoteenn,accuracy,"{'C': 0.01, 'l1_ratio': 0.0}",0.3679285421985476,1421,0.9817030260380014,0.976832728253348,0.7245138391791935,0.6784682080924855,0.3679285421985476,0.9944410666203424,0.9944409566532486,0.9944408669432512,0.99993211526481,0.9999331067710112,11513.0,0.9817767653758542,0.9738774120912208,0.4954022988505747,0.6321359598300502,0.0583844939770737,878.0,1.6853070259094238,1.5726988315582275,2026-04-21T08:29:42.564551+00:00
NR-AR,mhfp,BernoulliNB,smoten,accuracy,{'alpha': 0.1},0.3849293620790575,1421,0.9824067558057706,0.977997421421252,0.740422484783387,0.606233401031089,0.3849293620790575,0.8986486486486487,0.8976363305870387,0.8976363305870387,0.9935430542888962,0.9942040122171416,11544.0,0.9829157175398632,0.9764473491883324,0.5545107059500051,0.5420625724217846,0.1143434367137416,878.0,0.5002110004425049,0.6602921485900879,2026-04-21T14:02:28.248012+00:00
NR-AR,mhfp,BernoulliNB,smoten_enn,accuracy,{'alpha': 0.1},0.3848848878623939,1421,0.9824067558057706,0.977997421421252,0.740422484783387,0.605374160287455,0.3848848878623939,0.8989565217391304,0.8979142108507361,0.8978739813076753,0.9952324443857266,0.9953800620841304,11500.0,0.9829157175398632,0.9764473491883324,0.5545107059500051,0.542371572035535,0.1143448640879461,878.0,0.4714362621307373,0.4464950561523437,2026-04-21T14:02:29.218385+00:00
NR-AR,morgan_2048,BalancedRandomForest,none,accuracy,"{'max_depth': 5, 'max_features': 'sqrt', 'min_samples_leaf': 20, 'n_estimators': 200}",0.5301419184954141,1421,0.983814215341309,0.9802311712809514,0.7703894169634891,0.6972055147633183,0.5301419184954141,0.9479653102068044,0.953777480602992,0.7201113838055415,0.8485337157212156,0.6168443057055637,5996.0,0.9555808656036446,0.9627893477684926,0.5552698227157608,0.5790652761684048,0.0947787356462626,878.0,2.400629997253418,2.224701166152954,2026-04-21T21:51:11.643541+00:00
NR-AR,morgan_2048,RandomForest,random_over,accuracy,"{'max_depth': 10, 'max_features': 'log2', 'min_samples_leaf': 5, 'n_estimators': 100}",0.4282345062334124,1421,0.983814215341309,0.9802311712809514,0.7703894169634891,0.6515485861584126,0.4282345062334124,0.8046604296604296,0.7981773979435689,0.798177397943569,0.9438333413775202,0.950988429227388,11544.0,0.9703872437357632,0.9712954655962456,0.5862093967517401,0.6070297412128235,0.0860730874438973,878.0,0.6008057594299316,0.5643157958984375,2026-04-21T16:18:02.004201+00:00
NR-AR,morgan_2048,RandomForest,random_under,accuracy,"{'max_depth': 15, 'max_features': 'sqrt', 'min_samples_leaf': 5, 'n_estimators': 100}",0.476526556485784,1421,0.984517945109078,0.9813039353957836,0.7845188861317893,0.7284799250117169,0.476526556485784,0.8675595238095238,0.8596573787409699,0.8354097007223942,0.9296576052295918,0.9083263896420014,672.0,0.9612756264236902,0.9660033398643876,0.56509324009324,0.5611432985708767,0.07504963855826,878.0,0.2679059505462646,0.1445610523223877,2026-04-21T16:18:21.606851+00:00
NR-AR,morgan_2048,RandomForest,smote,accuracy,"{'max_depth': 5, 'max_features': 'sqrt', 'min_samples_leaf': 5, 'n_estimators': 100}",0.3926402858158768,1421,0.9831104855735396,0.9791295931474062,0.755702005730659,0.5628515075769411,0.3926402858158768,0.7828309078309078,0.773417257843343,0.7734172578433431,0.943995605832924,0.9503580225790508,11544.0,0.9749430523917996,0.9740626619541768,0.6007771164021164,0.615681730397837,0.0749655524966487,878.0,1.6505968570709229,0.7670073509216309,2026-04-21T16:18:33.844235+00:00
NR-AR,morgan_2048,RandomForest,smoteenn,accuracy,"{'max_depth': 10, 'max_features': 'sqrt', 'min_samples_leaf': 5, 'n_estimators': 100}",0.4039266336370095,1421,0.983814215341309,0.9802311712809514,0.7703894169634891,0.5465064052491798,0.4039266336370095,0.8644423093719975,0.8620761256248689,0.8619213133273641,0.974261606968142,0.9764884709542372,11449.0,0.9772209567198178,0.9754950567754234,0.6096042685638061,0.6375434530706837,0.0738818537801625,878.0,2.6621110439300537,1.9799091815948489,2026-04-21T16:18:39.100151+00:00
NR-AR,morgan_2048,RandomForest,smoten,accuracy,"{'max_depth': 5, 'max_features': 'sqrt', 'min_samples_leaf': 5, 'n_estimators': 100}",0.3821228743840823,1421,0.9831104855735396,0.9791295931474062,0.755702005730659,0.5511443524449304,0.3821228743840823,0.7855162855162855,0.7760449857186578,0.7760449857186578,0.974742844155526,0.9763081889360756,11544.0,0.9760820045558086,0.9747739771717712,0.605038236617184,0.6163769795287756,0.0855546524494462,878.0,1.4670991897583008,1.311805009841919,2026-04-21T16:19:34.976028+00:00
NR-AR,morgan_2048,RandomForest,smoten_enn,accuracy,"{'max_depth': 5, 'max_features': 'sqrt', 'min_samples_leaf': 5, 'n_estimators': 100}",0.3795968882149313,1421,0.9831104855735396,0.9791295931474062,0.755702005730659,0.536234572723012,0.3795968882149313,0.7918999300209937,0.7829880282130627,0.7825461809344048,0.9810269021399762,0.9797063074240464,11432.0,0.9760820045558086,0.9747739771717712,0.605038236617184,0.6068752414059483,0.116422716912904,878.0,1.4945452213287354,1.1764941215515137,2026-04-21T16:19:40.908466+00:00
NR-AR,morgan_4096,BernoulliNB,none,accuracy,{'alpha': 1.0},0.5755729279635612,1421,0.984517945109078,0.9813039353957836,0.7845188861317893,0.8328386189657865,0.5755729279635612,0.956971314209473,0.9607694567349616,0.7541802927015302,0.9075671653796652,0.4872601659863331,5996.0,0.9669703872437356,0.9692816650351802,0.577288951606209,0.6322518346852066,0.0558713602582584,878.0,0.0826120376586914,0.0303308963775634,2026-04-21T14:02:46.464680+00:00
NR-AR,morgan_4096,BernoulliNB,random_over,accuracy,{'alpha': 10.0},0.4380048105140033,1421,0.983814215341309,0.9802311712809514,0.7703894169634891,0.6882908920481174,0.4380048105140033,0.8154885654885655,0.8098024813134165,0.8098024813134166,0.96262109502754,0.9631759367618132,11544.0,0.9749430523917996,0.9740626619541768,0.6007771164021164,0.6147547315565856,0.0773567956730982,878.0,1.1256651878356934,1.0938129425048828,2026-04-21T14:02:49.570548+00:00
NR-AR,morgan_4096,BernoulliNB,random_under,accuracy,{'alpha': 1.0},0.5711494829144403,1421,0.983814215341309,0.9806685337101376,0.7788955262249944,0.8200085924074364,0.5711494829144403,0.8839285714285714,0.8771320555653245,0.8559873395463338,0.9609624123086736,0.942076962964097,672.0,0.9646924829157176,0.9679604946930734,0.5720642108076663,0.6107377365778293,0.0651750956657521,878.0,0.1227788925170898,0.0256612300872802,2026-04-21T14:02:53.317088+00:00
NR-AR,morgan_4096,RandomForest,smote,accuracy,"{'max_depth': 5, 'max_features': 'sqrt', 'min_samples_leaf': 5, 'n_estimators': 100}",0.4066364319010135,1421,0.9831104855735396,0.9791295931474062,0.755702005730659,0.6290618653335416,0.4066364319010135,0.7453222453222453,0.729499328724863,0.7294993287248629,0.9546237325603232,0.957653902127668,11544.0,0.9760820045558086,0.9747739771717712,0.605038236617184,0.5877945152568559,0.0827339394740666,878.0,2.700892925262451,1.1524531841278076,2026-04-21T16:20:45.996200+00:00
NR-AR,morgan_4096,RandomForest,smoteenn,accuracy,"{'max_depth': 5, 'max_features': 'sqrt', 'min_samples_leaf': 5, 'n_estimators': 100}",0.4025496147974514,1421,0.9831104855735396,0.9791295931474062,0.755702005730659,0.626952819871895,0.4025496147974514,0.7541782729805014,0.7396991552318736,0.7393966065027977,0.9591350245653956,0.9600828241747416,11488.0,0.9760820045558086,0.9747739771717712,0.605038236617184,0.6159907300115876,0.0837877173513192,878.0,1.9508919715881348,1.7959387302398682,2026-04-21T16:21:22.293803+00:00
NR-AR,morgan_4096,RandomForest,smoten,accuracy,"{'max_depth': 15, 'max_features': 'sqrt', 'min_samples_leaf': 5, 'n_estimators': 100}",0.4002369101772914,1421,0.983814215341309,0.9802311712809514,0.7703894169634891,0.626152163724418,0.4002369101772914,0.9717602217602218,0.9717589977229162,0.9717589977229162,0.9899710001061351,0.9922710717849756,11544.0,0.9681093394077448,0.9690874244882643,0.5543793503480279,0.5929702587871766,0.0589337699705021,878.0,6.418924808502197,7.271740198135376,2026-04-21T16:21:45.747177+00:00
NR-AR,morgan_4096,RandomForest,smoten_enn,accuracy,"{'max_depth': 15, 'max_features': 'sqrt', 'min_samples_leaf': 5, 'n_estimators': 100}",0.4050576603268914,1421,0.983814215341309,0.9802311712809514,0.7703894169634891,0.636755975628808,0.4050576603268914,0.980641785838856,0.9806419271453106,0.9806417481571348,0.9957672938712264,0.996135898181323,11468.0,0.9715261958997722,0.971043511961488,0.5617275322963879,0.591425260718424,0.06073060751998,878.0,4.16749382019043,5.804147958755493,2026-04-21T16:22:24.328613+00:00
NR-AR,pubchem,BalancedRandomForest,none,accuracy,"{'max_depth': 5, 'max_features': 'sqrt', 'min_samples_leaf': 5, 'n_estimators': 200}",0.5104783777578381,1421,0.984517945109078,0.9813039353957836,0.7845188861317893,0.8014568036244337,0.5104783777578381,0.949466310873916,0.9552630307464844,0.7303665142918713,0.91509387993763,0.6633638570177964,5996.0,0.9567198177676538,0.9634283379426866,0.5570836873406967,0.6750096562379297,0.1273542460791561,878.0,1.319500207901001,1.2323052883148191,2026-04-21T21:56:02.900816+00:00
NR-AR,pubchem,LogisticRegression,random_over,accuracy,"{'C': 0.01, 'l1_ratio': 1.0}",0.5730348011157115,1421,0.9852216748768472,0.982349530778821,0.7981220022054296,0.831549757850336,0.5730348011157115,0.7911469161469161,0.7881766301637989,0.7881766301637989,0.888540602612848,0.9055307226339486,11544.0,0.917995444191344,0.9423986495669808,0.5285202863961814,0.6259173426033218,0.0893015771986349,878.0,0.1501550674438476,0.2452418804168701,2026-04-21T08:30:28.161181+00:00
NR-AR,pubchem,LogisticRegression,random_under,accuracy,"{'C': 0.1, 'l1_ratio': 1.0}",0.5569390426705809,1421,0.9852216748768472,0.982349530778821,0.7981220022054296,0.7915071863771286,0.5569390426705809,0.8377976190476191,0.8339735537390692,0.8094995357643504,0.8589863679846939,0.8322632173482376,672.0,0.8997722095671982,0.9322330323572192,0.5151606425702812,0.6168018539976825,0.0909315543357374,878.0,0.0227928161621093,0.0143749713897705,2026-04-21T08:30:31.125527+00:00
NR-AR,pubchem,LogisticRegression,smote,accuracy,"{'C': 0.001, 'l1_ratio': 1.0}",0.3426098419616698,1421,0.9824067558057706,0.977997421421252,0.740422484783387,0.608186220902984,0.3426098419616698,0.7721760221760222,0.7630962233502058,0.7630962233502057,0.7793387702431361,0.7925080210044487,11544.0,0.9567198177676538,0.9634283379426866,0.5570836873406967,0.5252993433758208,0.0332930288699257,878.0,0.0977160930633544,0.084446907043457,2026-04-21T08:30:32.226326+00:00
NR-AR,pubchem,LogisticRegression,smoteenn,accuracy,"{'C': 0.001, 'l1_ratio': 1.0}",0.3426098419616698,1421,0.9824067558057706,0.977997421421252,0.740422484783387,0.608186220902984,0.3426098419616698,0.7776420281001832,0.7689568494518283,0.7686178961987934,0.7832345743370888,0.7944731834662583,11459.0,0.9567198177676538,0.9634283379426866,0.5570836873406967,0.5252993433758208,0.0332930288699257,878.0,0.0951271057128906,0.0865027904510498,2026-04-21T08:30:32.496742+00:00
NR-AR,pubchem,DecisionTree,smoten,accuracy,"{'ccp_alpha': 0.01, 'criterion': 'entropy', 'max_depth': 5, 'min_samples_leaf': 50}",0.3704576655528647,1421,0.9831104855735396,0.9791295931474062,0.755702005730659,0.6280268708014373,0.3704576655528647,0.8453742203742204,0.8452745458042208,0.8452745458042208,0.9244889780232816,0.9063786589372091,11544.0,0.8838268792710706,0.9236559612416017,0.5215718956343356,0.6972190034762457,0.0704994458891824,878.0,0.324589729309082,0.3683998584747314,2026-04-22T07:36:41.109807+00:00
NR-AR,pubchem,DecisionTree,smoten_enn,accuracy,"{'ccp_alpha': 0.0, 'criterion': 'entropy', 'max_depth': 5, 'min_samples_leaf': 10}",0.368489009769798,1421,0.9831104855735396,0.9791295931474062,0.755702005730659,0.5931104514919544,0.368489009769798,0.8587402812964096,0.8586860044551011,0.8586569168661127,0.936924450712997,0.9158845932155424,11447.0,0.8883826879271071,0.9258258607912624,0.5080388793596341,0.5962533796832753,0.0394911466665452,878.0,0.3376960754394531,0.2920796871185303,2026-04-22T07:36:54.913103+00:00
NR-AR,rdkit,BalancedRandomForest,none,accuracy,"{'max_depth': 10, 'max_features': 'sqrt', 'min_samples_leaf': 20, 'n_estimators': 100}",0.5752445388134808,1421,0.9859254046446164,0.983708883211675,0.8178391959798995,0.8456393532260584,0.5752445388134808,0.9151100733822548,0.9326801138408946,0.6626563341607488,0.8915256688694189,0.6382239237411819,5996.0,0.9066059225512528,0.9360555156003176,0.5198346005068694,0.7145616067979916,0.119714081613342,878.0,1.0487852096557615,1.0251052379608154,2026-04-21T21:56:51.936952+00:00
NR-AR,rdkit,BernoulliNB,random_over,accuracy,{'alpha': 0.1},0.5430695347265347,1421,0.983814215341309,0.9818003199560276,0.8009525143577532,0.8644938290892048,0.5430695347265347,0.7596153846153846,0.757520491590935,0.757520491590935,0.806950261472091,0.7815459602856485,11544.0,0.8314350797266514,0.8928721307166637,0.4793910256410256,0.5871765160293551,0.0258555230847256,878.0,0.4936501979827881,0.4075160026550293,2026-04-21T14:03:27.708797+00:00
NR-AR,rdkit,RandomForest,random_under,accuracy,"{'max_depth': 5, 'max_features': 'log2', 'min_samples_leaf': 20, 'n_estimators': 200}",0.5960890107622753,1421,0.9859254046446164,0.983708883211675,0.8178391959798995,0.8618575222621466,0.5960890107622753,0.8511904761904762,0.8468249883586991,0.8235423865892213,0.8825733418367347,0.8587666549625881,672.0,0.876993166287016,0.9193653478833116,0.501555929352397,0.6609501738122827,0.1074016654196764,878.0,0.5127999782562256,0.380748987197876,2026-04-21T16:25:55.134199+00:00
NR-AR,rdkit,BernoulliNB,smote,accuracy,{'alpha': 1.0},0.3668920232566982,1421,0.9831104855735396,0.9791295931474062,0.755702005730659,0.4662357444149351,0.3668920232566982,0.7776334026334026,0.7702681170791115,0.7702681170791115,0.8387944957591528,0.8467708528796866,11544.0,0.9544419134396356,0.9615035136238808,0.5337723024638913,0.5354190807261492,0.0319477743058746,878.0,0.412822961807251,0.3818850517272949,2026-04-21T14:03:30.674372+00:00
NR-AR,rdkit,BernoulliNB,smoteenn,accuracy,{'alpha': 50.0},0.3669891845511969,1421,0.9831104855735396,0.9791295931474062,0.755702005730659,0.4675636619278237,0.3669891845511969,0.7850205617289352,0.7781059778019679,0.7777000680768013,0.8422944129590761,0.8476013098944766,11429.0,0.9544419134396356,0.9615035136238808,0.5337723024638913,0.5330243337195828,0.0327585077620938,878.0,0.3937358856201172,0.3959121704101562,2026-04-21T14:03:38.123464+00:00
NR-AR,rdkit,BernoulliNB,smoten,accuracy,{'alpha': 50.0},0.367881005585397,1421,0.9824067558057706,0.977997421421252,0.740422484783387,0.4662455085142947,0.367881005585397,0.7943520443520443,0.7886632216890158,0.7886632216890158,0.8830763936013416,0.8774528690387062,11544.0,0.9555808656036446,0.9621268369563978,0.5351280902537369,0.5286210892236385,0.0280617491228056,878.0,0.4584300518035888,0.407515287399292,2026-04-21T14:03:32.897580+00:00
NR-AR,rdkit,RandomForest,smoten_enn,accuracy,"{'max_depth': 5, 'max_features': 'log2', 'min_samples_leaf': 5, 'n_estimators': 100}",0.36800324650209,1421,0.9831104855735396,0.9791295931474062,0.755702005730659,0.4764001718481487,0.36800324650209,0.8187931185049341,0.8132758870358698,0.8130087852520995,0.9809479417244868,0.9803950940577242,11451.0,0.9760820045558086,0.9737247486212164,0.5739341421143848,0.5955195056006181,0.067272197394056,878.0,0.4591119289398193,0.5302040576934814,2026-04-21T16:27:23.814686+00:00
NR-AR,topological_torsion,BalancedRandomForest,none,accuracy,"{'max_depth': 5, 'max_features': 'sqrt', 'min_samples_leaf': 20, 'n_estimators': 200}",0.5481804502831229,1421,0.9852216748768472,0.982349530778821,0.7981220022054296,0.8337857366036556,0.5481804502831229,0.9559706470980652,0.9595444400871328,0.7440291846159817,0.8614996349371349,0.6177780983320704,5996.0,0.9601366742596812,0.9653563519968796,0.562966650074664,0.5881035148706064,0.0668737260815567,878.0,2.1379337310791016,2.9902560710906982,2026-04-21T21:59:13.637954+00:00
NR-AR,topological_torsion,RandomForest,random_over,accuracy,"{'max_depth': 15, 'max_features': 'log2', 'min_samples_leaf': 20, 'n_estimators': 100}",0.5423673207041735,1421,0.984517945109078,0.9813039353957836,0.7845188861317893,0.8396246680206216,0.5423673207041735,0.8147089397089398,0.8099699811314565,0.8099699811314565,0.9270755442792864,0.9418716595723484,11544.0,0.9669703872437356,0.9692816650351802,0.577288951606209,0.6037079953650057,0.0834025126626291,878.0,1.0449059009552002,0.9249956607818604,2026-04-21T16:28:04.089215+00:00
NR-AR,topological_torsion,RandomForest,random_under,accuracy,"{'max_depth': 5, 'max_features': 'log2', 'min_samples_leaf': 10, 'n_estimators': 100}",0.5351526315205731,1421,0.9859254046446164,0.9833694808640212,0.8112280142409267,0.8049425870957663,0.5351526315205731,0.8571428571428571,0.8481348732244791,0.8215850258861012,0.8614875637755102,0.842047012871166,672.0,0.9612756264236902,0.9660033398643876,0.56509324009324,0.5610660486674391,0.1296450639432651,878.0,0.3801329135894775,0.1577992439270019,2026-04-21T16:28:08.439522+00:00
NR-AR,topological_torsion,BernoulliNB,smote,accuracy,{'alpha': 0.1},0.366860672157869,1421,0.9831104855735396,0.9791295931474062,0.755702005730659,0.48865411654429,0.366860672157869,0.7843901593901594,0.7748439869049593,0.7748439869049593,0.9489900103205716,0.9468336065090672,11544.0,0.9738041002277904,0.972371498807178,0.5674228305807253,0.5171108536114329,0.0603513933867374,878.0,0.5039329528808594,0.4692928791046142,2026-04-21T14:03:47.614301+00:00
NR-AR,topological_torsion,BernoulliNB,smoteenn,accuracy,{'alpha': 0.1},0.3672113269150134,1421,0.9831104855735396,0.9791295931474062,0.755702005730659,0.4941415403843149,0.3672113269150134,0.8596941198822077,0.8553136738413003,0.8520690171598707,0.9627075267453816,0.9550472875631324,10527.0,0.9749430523917996,0.9730445624529656,0.5705646954201867,0.5371958285052143,0.0613443316879218,878.0,0.3814132213592529,0.3895962238311767,2026-04-21T14:03:50.317653+00:00
NR-AR,topological_torsion,BernoulliNB,smoten,accuracy,{'alpha': 0.1},0.366826487417296,1421,0.9831104855735396,0.9791295931474062,0.755702005730659,0.4829909389157943,0.366826487417296,0.7856895356895357,0.7761925541144213,0.7761925541144213,0.9693837048306904,0.9660405964626164,11544.0,0.9738041002277904,0.972371498807178,0.5674228305807253,0.4983391270760911,0.0688348403553212,878.0,0.4874520301818847,0.4497761726379394,2026-04-21T14:03:50.623526+00:00
NR-AR,topological_torsion,BernoulliNB,smoten_enn,accuracy,{'alpha': 0.1},0.3664486172220666,1421,0.9831104855735396,0.9791295931474062,0.755702005730659,0.4759217309795345,0.3664486172220666,0.7923688116650659,0.7832185452429004,0.782857454937429,0.9814204361159125,0.975476160697911,11453.0,0.9783599088838268,0.9751105562826502,0.5814746983115482,0.4889146388567014,0.0817632999018509,878.0,0.5167012214660645,0.4884328842163086,2026-04-21T14:03:52.261269+00:00
NR-AR-LBD,atom_pair,BalancedRandomForest,none,accuracy,"{'max_depth': 10, 'max_features': 'sqrt', 'min_samples_leaf': 5, 'n_estimators': 200}",0.4432566305705315,1343,0.985107967237528,0.9819675088480788,0.7581226136445501,0.7859101294744859,0.4432566305705315,0.9527318475916606,0.9602602122358148,0.7580475577524196,0.952958689988835,0.7347857409884425,5564.0,0.960431654676259,0.9672251593392792,0.5439375611049431,0.7179643146796432,0.0874631553446557,834.0,1.714054822921753,1.831106185913086,2026-04-21T21:59:37.468686+00:00
NR-AR-LBD,atom_pair,RandomForest,random_over,accuracy,"{'max_depth': 10, 'max_features': 'log2', 'min_samples_leaf': 10, 'n_estimators': 100}",0.3892901597590797,1343,0.9843633655994044,0.9802155291863782,0.7268024759524571,0.7542015740035543,0.3892901597590797,0.9198920729438036,0.919537982126687,0.9195379821266872,0.9824139307246332,0.9849323245675,10748.0,0.9772182254196644,0.9756117042353626,0.5418509844739353,0.769566098945661,0.0758539909442871,834.0,0.8406789302825928,0.7816689014434814,2026-04-21T16:30:12.948532+00:00
NR-AR-LBD,atom_pair,RandomForest,random_under,accuracy,"{'max_depth': 5, 'max_features': 'sqrt', 'min_samples_leaf': 5, 'n_estimators': 200}",0.4382268903860979,1343,0.985107967237528,0.9819675088480788,0.7581226136445501,0.7817212490479817,0.4382268903860979,0.8947368421052632,0.8904919689157665,0.8729587970461063,0.9410941828254848,0.9297957065759656,570.0,0.9664268585131894,0.9705414152785352,0.553942542787286,0.6929237631792377,0.067416822554523,834.0,0.5669920444488525,0.3844549655914306,2026-04-21T16:30:20.805783+00:00
NR-AR-LBD,atom_pair,BernoulliNB,smote,accuracy,{'alpha': 50.0},0.2849464461679964,1343,0.9828741623231572,0.9783312938707956,0.7007836641384053,0.5057121096725057,0.2849464461679964,0.808057312988463,0.8034532380656392,0.8034532380656393,0.8270545725334831,0.8593795293856337,10748.0,0.9616306954436452,0.9671558310986752,0.5196198430412556,0.4237631792376318,0.0249020730343914,834.0,0.4572319984436035,0.451564073562622,2026-04-21T14:04:03.330349+00:00
NR-AR-LBD,atom_pair,BernoulliNB,smoteenn,accuracy,{'alpha': 50.0},0.284922920097079,1343,0.9828741623231572,0.9783312938707956,0.7007836641384053,0.5056867225184056,0.284922920097079,0.8094128611369991,0.8048644096315204,0.8048141504988633,0.828688502548575,0.8602585013299023,10730.0,0.9616306954436452,0.9671558310986752,0.5196198430412556,0.4242700729927007,0.0248205656627572,834.0,0.4250857830047607,0.4050779342651367,2026-04-21T14:04:03.560539+00:00
NR-AR-LBD,atom_pair,BernoulliNB,smoten,accuracy,{'alpha': 10.0},0.252363777557908,1343,0.9828741623231572,0.977625614557687,0.6848479283360371,0.4670982482863671,0.252363777557908,0.8189430591737997,0.8141957597533509,0.8141957597533509,0.8913519746414424,0.899070440071393,10748.0,0.9808153477218226,0.97765278686142,0.5507070707070707,0.3975060827250608,0.0278352256202151,834.0,0.4727952480316162,0.4456129074096679,2026-04-21T14:04:06.115113+00:00
NR-AR-LBD,atom_pair,BernoulliNB,smoten_enn,accuracy,{'alpha': 10.0},0.2526073321121112,1343,0.9828741623231572,0.977625614557687,0.6848479283360371,0.4662858593551663,0.2526073321121112,0.8237329343557135,0.8191050076895452,0.8189565180638927,0.9013410608303416,0.9048672533554534,10694.0,0.9796163069544364,0.9754628762162892,0.4948516050878255,0.3987226277372262,0.0250831950634461,834.0,0.4200432300567627,0.3782999515533447,2026-04-21T14:04:08.031890+00:00
NR-AR-LBD,avalon,BalancedRandomForest,none,accuracy,"{'max_depth': 5, 'max_features': 'sqrt', 'min_samples_leaf': 20, 'n_estimators': 100}",0.5024585522485676,1343,0.9865971705137752,0.9837707579632708,0.7823103522800952,0.8492764661081493,0.5024585522485676,0.9326024442846872,0.9450850722692212,0.6831014954602181,0.90112089397293,0.6261315942088251,5564.0,0.935251798561151,0.9535460430113822,0.5177125722852859,0.6969789132197891,0.0591858879048984,834.0,0.5378580093383789,0.8536491394042969,2026-04-21T22:00:44.795637+00:00
NR-AR-LBD,avalon,LogisticRegression,random_over,accuracy,"{'C': 0.01, 'l1_ratio': 0.0}",0.4814791979358525,1343,0.9865971705137752,0.9842008763148066,0.7920480352350148,0.8408098502157908,0.4814791979358525,0.9385001860811314,0.9384923905757976,0.9384923905757976,0.9855311013108228,0.983297306180964,10748.0,0.9436450839328536,0.9575862321323942,0.5058930304672826,0.6320965125709652,0.0412707052464761,834.0,0.224877119064331,0.1971907615661621,2026-04-21T08:31:16.272319+00:00
NR-AR-LBD,avalon,DecisionTree,random_under,accuracy,"{'ccp_alpha': 0.0, 'criterion': 'entropy', 'max_depth': 5, 'min_samples_leaf': 10}",0.4227276126721321,1343,0.9865971705137752,0.9837707579632708,0.7823103522800952,0.7652322924600152,0.4227276126721321,0.856140350877193,0.8557517359177157,0.8372925253425421,0.9181717451523546,0.8678088381531659,570.0,0.8800959232613909,0.9233266251010016,0.4962916435146039,0.5621451743714517,0.0282708122185795,834.0,0.0142700672149658,0.0091381072998046,2026-04-22T07:45:17.701982+00:00
NR-AR-LBD,avalon,BernoulliNB,smote,accuracy,{'alpha': 0.1},0.3897774874717271,1343,0.9858525688756516,0.982625318646004,0.7647010005071695,0.6014597613607514,0.3897774874717271,0.7974506885001861,0.7929594943051772,0.7929594943051773,0.8402007508619496,0.8523247169612309,10748.0,0.948441247002398,0.9601380633016692,0.5089751489012118,0.4714618815896188,0.0207679525110448,834.0,0.0881919860839843,0.0753147602081298,2026-04-21T14:04:11.635931+00:00
NR-AR-LBD,avalon,BernoulliNB,smoteenn,accuracy,{'alpha': 0.1},0.3891666876803236,1343,0.9858525688756516,0.982625318646004,0.7647010005071695,0.5998349834983497,0.3891666876803236,0.7998133457769482,0.7953651239259113,0.7952712075336629,0.8446440826444105,0.8548052081711899,10715.0,0.948441247002398,0.9601380633016692,0.5089751489012118,0.4564578264395782,0.0199159833118775,834.0,0.0931789875030517,0.0828728675842285,2026-04-21T14:04:13.276190+00:00
NR-AR-LBD,avalon,BernoulliNB,smoten,accuracy,{'alpha': 50.0},0.3864600140045143,1343,0.9858525688756516,0.982625318646004,0.7647010005071695,0.5756410256410257,0.3864600140045143,0.812430219575735,0.808864575570761,0.8088645755707609,0.8670679022306051,0.8718230331669153,10748.0,0.9508393285371702,0.9614130062676156,0.5106404293381037,0.4833738848337388,0.0209551525135021,834.0,0.0876779556274414,0.086008071899414,2026-04-21T14:04:14.908384+00:00
NR-AR-LBD,avalon,BernoulliNB,smoten_enn,accuracy,{'alpha': 50.0},0.3860296405697339,1343,0.9858525688756516,0.982625318646004,0.7647010005071695,0.5662731657781163,0.3860296405697339,0.8172032946461999,0.8137380925340426,0.813582462404093,0.876597651943479,0.8772003696164734,10684.0,0.9520383693045564,0.9620503913158348,0.5115094008082938,0.4768349553933496,0.0208343957604234,834.0,0.0679628849029541,0.0809710025787353,2026-04-21T14:04:17.086182+00:00
NR-AR-LBD,erg,RUSBoost,none,accuracy,"{'learning_rate': 0.005, 'n_estimators': 75, 'sampling_strategy': 'auto'}",0.4972158450495776,1343,0.9873417721518988,0.9848802737186256,0.7991095390192611,0.7979817212490479,0.4972158450495776,0.946980589503954,0.95591428917056,0.7364247201104415,0.9098706246449768,0.7140860057734733,5564.0,0.9520383693045564,0.9626434096788848,0.5331392745185849,0.6144566098945661,0.0757106816589734,834.0,0.7818911075592041,0.7126452922821045,2026-04-29T18:11:38.547100+00:00
NR-AR-LBD,erg,RandomForest,random_over,accuracy,"{'max_depth': 5, 'max_features': 'log2', 'min_samples_leaf': 20, 'n_estimators': 100}",0.4713392659605357,1343,0.9858525688756516,0.982625318646004,0.7647010005071695,0.7642929677583142,0.4713392659605357,0.8603461109043543,0.8584219438620593,0.8584219438620593,0.9287523776071616,0.9462371364508078,10748.0,0.9700239808153476,0.9725623973691384,0.5613389156550462,0.6206407137064072,0.0998445746968613,834.0,0.3510758876800537,0.2710378170013428,2026-04-21T16:34:10.536420+00:00
NR-AR-LBD,erg,RandomForest,random_under,accuracy,"{'max_depth': 15, 'max_features': 'log2', 'min_samples_leaf': 5, 'n_estimators': 100}",0.4718978027296565,1343,0.9873417721518988,0.9848802737186256,0.7991095390192611,0.7487433358720488,0.4718978027296565,0.9192982456140352,0.9172181585974688,0.9048676419366076,0.9537396121883656,0.9365479686680812,570.0,0.9556354916067148,0.9646012363958654,0.5374098670304466,0.6110097323600974,0.1228706294082934,834.0,0.2316670417785644,0.1768312454223632,2026-04-21T16:34:25.070158+00:00
NR-AR-LBD,erg,DecisionTree,smote,accuracy,"{'ccp_alpha': 0.01, 'criterion': 'gini', 'max_depth': 5, 'min_samples_leaf': 10}",0.4599971413456294,1343,0.9873417721518988,0.9848802737186256,0.7991095390192611,0.6698654480832698,0.4599971413456294,0.8729065872720506,0.8722577485052389,0.872257748505239,0.922523386180744,0.9108000491121684,10748.0,0.947242206235012,0.960040856203926,0.5280864197530865,0.5550486618004866,0.0315697839237011,834.0,0.2119960784912109,0.2006139755249023,2026-04-22T07:45:46.264317+00:00
NR-AR-LBD,erg,DecisionTree,smoteenn,accuracy,"{'ccp_alpha': 0.01, 'criterion': 'gini', 'max_depth': 5, 'min_samples_leaf': 10}",0.4620367253849528,1343,0.9873417721518988,0.9848802737186256,0.7991095390192611,0.7390454430058391,0.4620367253849528,0.887208749405611,0.8867161644828366,0.8865203073377745,0.9398866913949584,0.9209997887802238,10515.0,0.947242206235012,0.960040856203926,0.5280864197530865,0.4863138686131387,0.0298751182340862,834.0,0.2011139392852783,0.215588092803955,2026-04-22T07:45:49.350961+00:00
NR-AR-LBD,erg,RandomForest,smoten,accuracy,"{'max_depth': 5, 'max_features': 'sqrt', 'min_samples_leaf': 5, 'n_estimators': 100}",0.2576276591627052,1343,0.9828741623231572,0.977625614557687,0.6848479283360371,0.607032241685707,0.2576276591627052,0.8792333457387421,0.877708935340392,0.8777089353403921,0.9723076546450544,0.9690949303372436,10748.0,0.973621103117506,0.9724380884114092,0.4933171324422843,0.596918085969181,0.0255239763099147,834.0,0.7613048553466797,0.4079952239990234,2026-04-21T16:34:42.440397+00:00
NR-AR-LBD,erg,RandomForest,smoten_enn,accuracy,"{'max_depth': 10, 'max_features': 'sqrt', 'min_samples_leaf': 20, 'n_estimators': 200}",0.3803610930933502,1343,0.9836187639612808,0.9789448761544788,0.7063722372396247,0.7211221122112211,0.3803610930933502,0.9656534954407296,0.965550271796564,0.9651948586217514,0.9976465455130608,0.9971491958875512,9870.0,0.9808153477218226,0.97765278686142,0.5507070707070707,0.5692416869424168,0.0613365087815726,834.0,1.4074382781982422,1.22383713722229,2026-04-21T16:34:42.988842+00:00
NR-AR-LBD,estate,RandomForest,none,accuracy,"{'max_depth': 10, 'max_features': 'sqrt', 'min_samples_leaf': 10, 'n_estimators': 100}",0.4210004756044854,1343,0.985107967237528,0.9814412403498672,0.7462207105064248,0.7254379284082254,0.4210004756044854,0.9656721782890008,0.9691663148061496,0.7933060846614872,0.976806945723072,0.714552338860287,5564.0,0.973621103117506,0.9746196109728912,0.5702239295418345,0.7271897810218978,0.1391273902067756,834.0,0.3233489990234375,0.1688292026519775,2026-04-21T16:35:10.717577+00:00
NR-AR-LBD,estate,RandomForest,random_over,accuracy,"{'max_depth': 10, 'max_features': 'log2', 'min_samples_leaf': 5, 'n_estimators': 200}",0.4236231777276291,1343,0.9843633655994044,0.9807964048192676,0.7399326847710821,0.7274308200050774,0.4236231777276291,0.933941198362486,0.9338420893550186,0.9338420893550186,0.9828339983177212,0.9819688945921888,10748.0,0.9796163069544364,0.9781788932632194,0.5900771966345737,0.7144160583941606,0.1380085310987209,834.0,0.4953689575195312,0.4673430919647217,2026-04-21T16:35:17.736379+00:00
NR-AR-LBD,estate,XGBoost,random_under,accuracy,"{'colsample_bytree': 0.8, 'learning_rate': 0.05, 'max_depth': 3, 'min_child_weight': 5, 'n_estimators': 100, 'scale_pos_weight': 1, 'subsample': 0.8}",0.4026862908027486,1343,0.9836187639612807,0.9801642597328863,0.7339348750090051,0.7578065498857578,0.4026862908027486,0.875438596491228,0.8697006834845594,0.8483241448322646,0.918781163434903,0.8865384756910404,570.0,0.9652278177458034,0.9698737757083742,0.5517375590770086,0.6338199513381995,0.11676219243357136,834.0,0.024171113967895508,0.019503116607666016,2026-04-29T22:09:54.803471+00:00
NR-AR-LBD,estate,DecisionTree,smote,accuracy,"{'ccp_alpha': 0.0, 'criterion': 'entropy', 'max_depth': 5, 'min_samples_leaf': 10}",0.3397092524537368,1343,0.985107967237528,0.9819675088480788,0.7581226136445501,0.6608530083777608,0.3397092524537368,0.9221250465202828,0.9219876863164548,0.9219876863164548,0.9500240755881362,0.9425113889834064,10748.0,0.9592326139088728,0.9671857599915152,0.5645577395577396,0.5997566909975669,0.0684400027712437,834.0,0.0378150939941406,0.0396270751953125,2026-04-22T07:46:04.607728+00:00
NR-AR-LBD,estate,DecisionTree,smoteenn,accuracy,"{'ccp_alpha': 0.0, 'criterion': 'entropy', 'max_depth': 5, 'min_samples_leaf': 10}",0.3397092524537368,1343,0.985107967237528,0.9819675088480788,0.7581226136445501,0.6608530083777608,0.3397092524537368,0.9234078369026466,0.9232659970090608,0.923247980394402,0.9508304137242304,0.9427766974346212,10693.0,0.9592326139088728,0.9671857599915152,0.5645577395577396,0.5997566909975669,0.0684400027712437,834.0,0.0403330326080322,0.036510944366455,2026-04-22T07:46:05.000892+00:00
NR-AR-LBD,estate,RandomForest,smoten,accuracy,"{'max_depth': 5, 'max_features': 'sqrt', 'min_samples_leaf': 5, 'n_estimators': 200}",0.4031957042072324,1343,0.985107967237528,0.9814412403498672,0.7462207105064248,0.696978928662097,0.4031957042072324,0.8617417193896539,0.8600199967326516,0.8600199967326517,0.9720320994453024,0.972262426239624,10748.0,0.97242206235012,0.9729652285475332,0.5330006086427267,0.5660989456609894,0.1008413425808352,834.0,0.6877970695495605,0.8815569877624512,2026-04-21T16:35:35.304884+00:00
NR-AR-LBD,estate,DecisionTree,smoten_enn,accuracy,"{'ccp_alpha': 0.01, 'criterion': 'gini', 'max_depth': 5, 'min_samples_leaf': 10}",0.3494888852949684,1343,0.985107967237528,0.9819675088480788,0.7581226136445501,0.6891977659304392,0.3494888852949684,0.8570058501966049,0.8553055353837341,0.8547480266452951,0.9121794280220288,0.8832510370504953,10427.0,0.9532374100719424,0.9638461504363978,0.5546518792359828,0.7189274128142741,0.0509408081003168,834.0,0.0217640399932861,0.0167291164398193,2026-04-22T07:46:06.939326+00:00
NR-AR-LBD,fcfp,EasyEnsemble,none,accuracy,"{'n_estimators': 10, 'replacement': False}",0.4721993373623753,1343,0.9865971705137752,0.9837707579632708,0.7823103522800952,0.7462427011931961,0.4721993373623753,0.9631560028756292,0.9664980427698476,0.7718336066841218,0.9111207960354925,0.6547122218301492,5564.0,0.9652278177458034,0.9690793643682803,0.5234003980530869,0.6134935117599352,0.1092474753016949,834.0,7.985427141189575,4.700284719467163,2026-04-21T22:05:12.050079+00:00
NR-AR-LBD,fcfp,RandomForest,random_over,accuracy,"{'max_depth': 15, 'max_features': 'sqrt', 'min_samples_leaf': 10, 'n_estimators': 200}",0.5215200405478151,1343,0.9873417721518988,0.9848802737186256,0.7991095390192611,0.8047854785478548,0.5215200405478151,0.9197059918124302,0.9193823466943324,0.9193823466943324,0.9844545558298105,0.9853747414796152,10748.0,0.973621103117506,0.973621103117506,0.5349756690997567,0.6730535279805352,0.0619338690086532,834.0,7.557889938354492,7.154716968536377,2026-04-21T16:35:56.303774+00:00
NR-AR-LBD,fcfp,BernoulliNB,random_under,accuracy,{'alpha': 0.1},0.4251989526486233,1343,0.9858525688756516,0.9831014823914054,0.7754753671391741,0.6944021325209444,0.4251989526486233,0.8807017543859649,0.8758908981045354,0.856019969985587,0.95297783933518,0.9218497949357612,570.0,0.947242206235012,0.960040856203926,0.5280864197530865,0.4629967558799675,0.042372815212934,834.0,0.036755084991455,0.0064787864685058,2026-04-21T14:04:27.995877+00:00
NR-AR-LBD,fcfp,RandomForest,smote,accuracy,"{'max_depth': 5, 'max_features': 'sqrt', 'min_samples_leaf': 20, 'n_estimators': 100}",0.4103970678075352,1343,0.9858525688756516,0.982625318646004,0.7647010005071695,0.7428408225437929,0.4103970678075352,0.7921473762560476,0.7852219057012805,0.7852219057012806,0.9369977038682576,0.9420740805871288,10748.0,0.9712230215827338,0.9732434261649914,0.5641114982578397,0.565389294403893,0.0494291607101615,834.0,1.553372859954834,1.5089900493621826,2026-04-21T16:36:06.256048+00:00
NR-AR-LBD,fcfp,RandomForest,smoteenn,accuracy,"{'max_depth': 5, 'max_features': 'log2', 'min_samples_leaf': 5, 'n_estimators': 100}",0.4117772388227854,1343,0.9858525688756516,0.982625318646004,0.7647010005071695,0.7183295252602183,0.4117772388227854,0.785988933695958,0.7800289880500308,0.7797330795337319,0.9082538046713156,0.9164100200698984,10663.0,0.9448441247002398,0.9582245314859223,0.5066358024691359,0.4627939983779399,0.0207388588533659,834.0,0.6696150302886963,0.4152379035949707,2026-04-21T16:36:14.769046+00:00
NR-AR-LBD,fcfp,RandomForest,smoten,accuracy,"{'max_depth': 5, 'max_features': 'log2', 'min_samples_leaf': 20, 'n_estimators': 100}",0.4204852397711224,1343,0.9858525688756516,0.982625318646004,0.7647010005071695,0.6911652703731912,0.4204852397711224,0.790007443245255,0.7847033378335027,0.7847033378335028,0.9462333564036078,0.9465362176119746,10748.0,0.946043165467626,0.9588625790404204,0.5073962749550448,0.4863138686131387,0.0177259251502108,834.0,0.7283570766448975,0.3048369884490967,2026-04-21T16:36:19.992112+00:00
NR-AR-LBD,fcfp,RandomForest,smoten_enn,accuracy,"{'max_depth': 5, 'max_features': 'log2', 'min_samples_leaf': 5, 'n_estimators': 100}",0.4073175965736525,1343,0.9858525688756516,0.982625318646004,0.7647010005071695,0.7003935008885503,0.4073175965736525,0.7980526167961801,0.7928099881996127,0.7925990235653964,0.9501187209539697,0.9489888912886896,10681.0,0.9568345323741008,0.9646006927102814,0.5152728446884082,0.4693836171938361,0.031216277785104,834.0,0.64748215675354,0.4422409534454345,2026-04-21T16:37:52.305785+00:00
NR-AR-LBD,klekota_roth,BalancedRandomForest,none,accuracy,"{'max_depth': 5, 'max_features': 'sqrt', 'min_samples_leaf': 5, 'n_estimators': 100}",0.4003791596266861,1343,0.9858525688756516,0.982625318646004,0.7647010005071695,0.7583396801218583,0.4003791596266861,0.9484184040258806,0.9553850091950584,0.7162136105393151,0.8829877774077919,0.5982849271395614,5564.0,0.9628297362110312,0.9685455869404732,0.547651124136121,0.4624898621248986,0.1113154774246771,834.0,1.2091681957244873,1.018909215927124,2026-04-21T22:05:13.477316+00:00
NR-AR-LBD,klekota_roth,RandomForest,random_over,accuracy,"{'max_depth': 5, 'max_features': 'sqrt', 'min_samples_leaf': 10, 'n_estimators': 100}",0.3980908605350863,1343,0.9858525688756516,0.982625318646004,0.7647010005071695,0.6953541507996953,0.3980908605350863,0.8076851507257164,0.8023676526926755,0.8023676526926755,0.9296141022212144,0.9391463036150433,10748.0,0.9712230215827338,0.9732434261649914,0.5641114982578397,0.5031934306569343,0.1098604305424256,834.0,0.9456892013549804,1.5701689720153809,2026-04-21T16:38:24.320570+00:00
NR-AR-LBD,klekota_roth,RandomForest,random_under,accuracy,"{'max_depth': 5, 'max_features': 'sqrt', 'min_samples_leaf': 5, 'n_estimators': 100}",0.3971587309799254,1343,0.9858525688756516,0.982625318646004,0.7647010005071695,0.7351865955826352,0.3971587309799254,0.8508771929824561,0.8440078605096839,0.8184162297287674,0.8922991689750692,0.855627126769574,570.0,0.9628297362110312,0.9685455869404732,0.547651124136121,0.5607258718572588,0.1127183506742981,834.0,0.3526499271392822,0.1945171356201172,2026-04-21T16:38:24.413713+00:00
NR-AR-LBD,klekota_roth,RandomForest,smote,accuracy,"{'max_depth': 5, 'max_features': 'sqrt', 'min_samples_leaf': 5, 'n_estimators': 100}",0.4045895590172634,1343,0.985107967237528,0.9814412403498672,0.7462207105064248,0.7293602437166793,0.4045895590172634,0.7990323781168589,0.7924788715443313,0.7924788715443314,0.9396010218326424,0.9486740236339514,10748.0,0.973621103117506,0.9746196109728912,0.5702239295418345,0.7454886455798865,0.0825362840851692,834.0,2.024900197982788,2.242950201034546,2026-04-21T16:38:36.997659+00:00
NR-AR-LBD,klekota_roth,RandomForest,smoteenn,accuracy,"{'max_depth': 5, 'max_features': 'sqrt', 'min_samples_leaf': 5, 'n_estimators': 100}",0.3891714180333956,1343,0.985107967237528,0.9814412403498672,0.7462207105064248,0.7127570449352627,0.3891714180333956,0.8075656347040557,0.8014678535578735,0.8010581747579357,0.938916663496238,0.9469607332570332,10627.0,0.97242206235012,0.973928961644822,0.5670661520752929,0.7098540145985401,0.0821696075358095,834.0,1.9811489582061768,0.9777960777282716,2026-04-21T16:38:45.367326+00:00
NR-AR-LBD,klekota_roth,RandomForest,smoten,accuracy,"{'max_depth': 5, 'max_features': 'sqrt', 'min_samples_leaf': 5, 'n_estimators': 100}",0.3923697243171004,1343,0.985107967237528,0.9814412403498672,0.7462207105064248,0.7074892104595074,0.3923697243171004,0.805731298846297,0.7997336852974639,0.7997336852974637,0.9678353362736044,0.9700686381539668,10748.0,0.9712230215827338,0.9732434261649914,0.5641114982578397,0.7599351175993512,0.0893144968412189,834.0,1.2342219352722168,1.556365966796875,2026-04-21T16:40:08.782869+00:00
NR-AR-LBD,klekota_roth,BernoulliNB,smoten_enn,accuracy,{'alpha': 0.1},0.3854312533020748,1343,0.985107967237528,0.9814412403498672,0.7462207105064248,0.6668951510535668,0.3854312533020748,0.8030146989982211,0.7981990557332798,0.7979993972563297,0.9536426740170644,0.9426882370078364,10681.0,0.9580335731414868,0.965910824251776,0.5405392642961704,0.6793390105433901,0.0508187527744981,834.0,0.6568179130554199,0.5837650299072266,2026-04-21T14:04:50.870207+00:00
NR-AR-LBD,maccs,RUSBoost,none,accuracy,"{'learning_rate': 0.01, 'n_estimators': 50, 'sampling_strategy': 'auto'}",0.513399593001737,1343,0.9865971705137752,0.9837707579632708,0.7823103522800952,0.8564991114496066,0.513399593001737,0.9487778576563624,0.956545140956606,0.7315976737584907,0.9261801461226568,0.663451966946808,5564.0,0.9424460431654677,0.9574427282241228,0.5236100533130236,0.6501419302514193,0.0604251867599424,834.0,0.3235809803009033,0.298224925994873,2026-04-29T18:13:10.339580+00:00
NR-AR-LBD,maccs,LogisticRegression,random_over,accuracy,"{'C': 0.001, 'l1_ratio': 1.0}",0.4459915611814347,1343,0.9873417721518988,0.9848802737186256,0.7991095390192611,0.7166666666666667,0.4459915611814347,0.7631187197618161,0.7628376631194768,0.7628376631194769,0.8276035361093654,0.8131986466649355,10748.0,0.6630695443645084,0.7845777960568822,0.4213981507770933,0.635999594484996,0.032251583891897,834.0,0.0394768714904785,0.0276832580566406,2026-04-21T08:31:54.849757+00:00
NR-AR-LBD,maccs,RandomForest,random_under,accuracy,"{'max_depth': 5, 'max_features': 'sqrt', 'min_samples_leaf': 10, 'n_estimators': 100}",0.4690208707527173,1343,0.9858525688756516,0.982625318646004,0.7647010005071695,0.7425488702716425,0.4690208707527173,0.8526315789473684,0.845668629100084,0.8202270815811606,0.9424653739612188,0.907069057623158,570.0,0.9640287769784172,0.9692085916550076,0.5496436028511772,0.6822789943227899,0.0705423898018806,834.0,0.2647249698638916,0.1695449352264404,2026-04-21T16:40:59.453316+00:00
NR-AR-LBD,maccs,LogisticRegression,smote,accuracy,"{'C': 0.001, 'l1_ratio': 1.0}",0.3506190291401586,1343,0.985107967237528,0.9814412403498672,0.7462207105064248,0.6651942117288652,0.3506190291401586,0.796706363974693,0.7932331801844977,0.7932331801844978,0.8347837608444024,0.8431630674854165,10748.0,0.9412470023980816,0.9580347225311472,0.5695189137373461,0.696573398215734,0.0610408956192929,834.0,0.0345280170440673,0.0316359996795654,2026-04-21T08:31:55.647359+00:00
NR-AR-LBD,maccs,RandomForest,smoteenn,accuracy,"{'max_depth': 5, 'max_features': 'sqrt', 'min_samples_leaf': 5, 'n_estimators': 100}",0.3353870460657437,1343,0.9843633655994044,0.9802155291863782,0.7268024759524571,0.68995938055344,0.3353870460657437,0.8467236467236468,0.8434551555043036,0.8429512438453102,0.97495914948941,0.9734046773722984,10530.0,0.9760191846522782,0.9749437167376448,0.5393792113111675,0.7019464720194646,0.0520349542065999,834.0,0.5003149509429932,0.3214037418365478,2026-04-21T16:41:16.216387+00:00
NR-AR-LBD,maccs,LogisticRegression,smoten,accuracy,"{'C': 0.001, 'l1_ratio': 1.0}",0.4485974392079442,1343,0.9873417721518988,0.9848802737186256,0.7991095390192611,0.7134044173648133,0.4485974392079442,0.7631187197618161,0.7628376631194768,0.7628376631194769,0.8564984143283718,0.8582716666871402,10748.0,0.6630695443645084,0.7845777960568822,0.4213981507770933,0.6872465531224656,0.0602407485115017,834.0,0.0391068458557128,0.0353028774261474,2026-04-21T08:31:57.645073+00:00
NR-AR-LBD,maccs,LogisticRegression,smoten_enn,accuracy,"{'C': 0.001, 'l1_ratio': 1.0}",0.3506190291401586,1343,0.985107967237528,0.9814412403498672,0.7462207105064248,0.6651942117288652,0.3506190291401586,0.8029764133283415,0.7998030203548334,0.7996483385952717,0.8449655942646361,0.8502694186132123,10684.0,0.9412470023980816,0.9580347225311472,0.5695189137373461,0.696573398215734,0.0610408956192929,834.0,0.0319581031799316,0.0308361053466796,2026-04-21T08:31:57.720348+00:00
NR-AR-LBD,map4,RandomForest,none,accuracy,"{'max_depth': 5, 'max_features': 'log2', 'min_samples_leaf': 5, 'n_estimators': 100}",0.40996159039095,1343,0.9836187639612808,0.9789448761544788,0.7063722372396247,0.7159431327748161,0.40996159039095,0.9744787922358016,0.9758526441677808,0.8274766355140186,0.940813468356414,0.7717665638764502,5564.0,0.974820143884892,0.973044515207506,0.4936247723132969,0.6639294403892944,0.0318565065488488,834.0,0.3766870498657226,0.2679958343505859,2026-04-21T16:41:55.869220+00:00
NR-AR-LBD,map4,RandomForest,random_over,accuracy,"{'max_depth': 15, 'max_features': 'log2', 'min_samples_leaf': 20, 'n_estimators': 100}",0.3506644592814975,1343,0.9836187639612808,0.9789448761544788,0.7063722372396247,0.7162985529322163,0.3506644592814975,0.967249720878303,0.9672369741006156,0.9672369741006156,0.9899277787757814,0.9916926292662904,10748.0,0.9784172661870504,0.976285185443878,0.5445388349514563,0.6144566098945661,0.064183666089873,834.0,0.5370612144470215,0.4112720489501953,2026-04-21T16:42:00.440943+00:00
NR-AR-LBD,map4,RandomForest,random_under,accuracy,"{'max_depth': 10, 'max_features': 'sqrt', 'min_samples_leaf': 10, 'n_estimators': 200}",0.4242536367633756,1343,0.9828741623231572,0.9805478772766014,0.7509614376819072,0.765092663112465,0.4242536367633756,0.887719298245614,0.8865873116730913,0.8712246367602829,0.94404432132964,0.9234773190001468,570.0,0.9112709832134293,0.9404781544865704,0.5023705853894533,0.625506893755069,0.0544882362460816,834.0,0.3859319686889648,0.3727061748504638,2026-04-21T16:42:21.444529+00:00
NR-AR-LBD,map4,RandomForest,smote,accuracy,"{'max_depth': 5, 'max_features': 'sqrt', 'min_samples_leaf': 5, 'n_estimators': 200}",0.2626316682393781,1343,0.9828741623231572,0.977625614557687,0.6848479283360371,0.6037826859609037,0.2626316682393781,0.8219203572757723,0.81657975018855,0.81657975018855,0.9853978943676904,0.9861116190819712,10748.0,0.9844124700239808,0.9778695472624922,0.4960725075528701,0.4276155717761557,0.0395586587153223,834.0,1.839094161987305,1.7476379871368408,2026-04-21T16:42:22.912267+00:00
NR-AR-LBD,map4,BernoulliNB,smoteenn,accuracy,{'alpha': 0.1},0.3714651072422937,1343,0.9828741623231572,0.9805478772766014,0.7509614376819072,0.7247270880934249,0.3714651072422937,0.7652814014163251,0.7620056136517319,0.761963717085598,0.6827186821427266,0.7721721933486516,10732.0,0.8932853717026379,0.9305354978689858,0.4932514080901177,0.528588807785888,0.0261819832348923,834.0,0.221663236618042,0.1783158779144287,2026-04-21T14:05:08.093733+00:00
NR-AR-LBD,map4,RandomForest,smoten,accuracy,"{'max_depth': 5, 'max_features': 'sqrt', 'min_samples_leaf': 5, 'n_estimators': 100}",0.27166991064672,1343,0.98138495904691,0.9748245038098992,0.6381419410465053,0.6112718964204114,0.27166991064672,0.8373650911797543,0.8332121008614396,0.8332121008614395,0.9921731312142752,0.9928937382422331,10748.0,0.9856115107913668,0.978469398394328,0.4963768115942029,0.475669099756691,0.0182729746348739,834.0,1.0945839881896973,1.0496597290039062,2026-04-21T16:42:37.837611+00:00
NR-AR-LBD,map4,RandomForest,smoten_enn,accuracy,"{'max_depth': 5, 'max_features': 'sqrt', 'min_samples_leaf': 5, 'n_estimators': 100}",0.2318464643663779,1343,0.98138495904691,0.9748245038098992,0.6381419410465053,0.5914191419141914,0.2318464643663779,0.8404483886034563,0.8363806122563138,0.8362756216303069,0.9945956363817616,0.9944608376455416,10705.0,0.9844124700239808,0.9778695472624922,0.4960725075528701,0.4881386861313869,0.020116615603651,834.0,1.1684179306030271,0.7505168914794922,2026-04-21T16:42:51.334250+00:00
NR-AR-LBD,mhfp,BalancedRandomForest,none,accuracy,"{'max_depth': 5, 'max_features': 'sqrt', 'min_samples_leaf': 20, 'n_estimators': 200}",0.4506560770663438,1343,0.985107967237528,0.9814412403498672,0.7462207105064248,0.8217060167555217,0.4506560770663438,0.9780733285406182,0.978448589578468,0.8394947881346715,0.9897949190057392,0.8215475819129406,5564.0,0.9856115107913668,0.9805162606829376,0.5678010019001555,0.5517031630170316,0.0718182551971408,834.0,1.6479849815368652,1.604717254638672,2026-04-21T22:06:37.684650+00:00
NR-AR-LBD,mhfp,BernoulliNB,random_over,accuracy,{'alpha': 0.1},0.4406343106417676,1343,0.985107967237528,0.9814412403498672,0.7462207105064248,0.7303884234577304,0.4406343106417676,0.8084294752512096,0.8023367091455617,0.8023367091455615,0.9098655236608356,0.9262414909686408,10748.0,0.9796163069544364,0.9769651451925818,0.5474769397721106,0.5902270884022709,0.0434665513610892,834.0,0.4426403045654297,0.7498750686645508,2026-04-21T14:05:17.188517+00:00
NR-AR-LBD,mhfp,BernoulliNB,random_under,accuracy,{'alpha': 0.1},0.4416201735235844,1343,0.985107967237528,0.9814412403498672,0.7462207105064248,0.7452652957603453,0.4416201735235844,0.8736842105263158,0.8654554988356132,0.8417667833623788,0.923684210526316,0.8925389486903067,570.0,0.9772182254196644,0.9756117042353626,0.5418509844739353,0.559610705596107,0.0356194839356854,834.0,0.0373399257659912,0.0124800205230712,2026-04-21T14:05:17.575337+00:00
NR-AR-LBD,mhfp,KNeighbors,smote,accuracy,"{'n_neighbors': 5, 'weights': 'uniform'}",0.3374421997811995,1343,0.9843633655994044,0.9813226910641848,0.7518411952590872,0.7415460776846915,0.3374421997811995,0.9936732415333084,0.9936731854505012,0.9936731854505012,0.9982295457224264,0.996806493789742,10748.0,0.9832134292565948,0.9790574320204852,0.5582627118644068,0.518552311435523,0.0340227817745803,834.0,22.47910714149475,18.161113023757935,2026-04-23T18:44:13.396396+00:00
NR-AR-LBD,mhfp,KNeighbors,smoteenn,accuracy,"{'n_neighbors': 5, 'weights': 'uniform'}",0.3387026021054315,1343,0.9843633655994044,0.9813226910641848,0.7518411952590872,0.7427773546585428,0.3387026021054315,0.9930141579731744,0.9930141019099796,0.9930141200926376,0.9976918582529584,0.9959151342122058,10736.0,0.9808153477218226,0.97765278686142,0.5507070707070707,0.5239253852392538,0.0270783373301358,834.0,22.490509271621704,19.320934772491455,2026-04-23T18:44:34.881872+00:00
NR-AR-LBD,mhfp,KNeighbors,smoten,accuracy,"{'n_neighbors': 5, 'weights': 'uniform'}",0.3219403260994581,1343,0.9828741623231572,0.9795438997369644,0.7282070233790002,0.7413048997207413,0.3219403260994581,0.991998511350949,0.9919984312795056,0.9919984312795056,0.9957005874955972,0.991699906003858,10748.0,0.9760191846522782,0.9749437167376448,0.5393792113111675,0.5174878345498783,0.0215227817745803,834.0,23.241443157196045,18.27663016319275,2026-04-23T18:47:21.339784+00:00
NR-AR-LBD,mhfp,KNeighbors,smoten_enn,accuracy,"{'n_neighbors': 5, 'weights': 'uniform'}",0.3419929912893427,1343,0.9836187639612808,0.9801642597328863,0.7339348750090051,0.7265803503427266,0.3419929912893427,0.9942169573733792,0.9942168995124188,0.9942169307573374,0.9962470912425356,0.9927117420438416,10721.0,0.974820143884892,0.973044515207506,0.4936247723132969,0.5239253852392538,0.0201338928856914,834.0,22.348461151123047,18.499298095703125,2026-04-23T18:48:05.039483+00:00
NR-AR-LBD,morgan_2048,LogisticRegression,none,accuracy,"{'C': 0.01, 'l1_ratio': 0.0}",0.5017719494091668,1343,0.9865971705137752,0.9845931473104578,0.8009387351778656,0.8697638994668697,0.5017719494091668,0.9703450754852624,0.9734982622821596,0.8235338553545036,0.9894472411023838,0.7987886193759721,5564.0,0.9712230215827338,0.9723123028795178,0.5311533776820013,0.579176804541768,0.1282411591759971,834.0,0.1407828330993652,0.1146857738494873,2026-04-21T08:32:38.656632+00:00
NR-AR-LBD,morgan_2048,LogisticRegression,random_over,accuracy,"{'C': 0.001, 'l1_ratio': 0.0}",0.4777372083263385,1343,0.9865971705137752,0.9837707579632708,0.7823103522800952,0.8237623762376237,0.4777372083263385,0.8383885374023075,0.8358715286833802,0.8358715286833802,0.946539936667318,0.9520861542077744,10748.0,0.9592326139088728,0.9658772981614708,0.517361111111111,0.5850567721005677,0.1076120326563791,834.0,0.2666041851043701,0.1995000839233398,2026-04-21T08:32:41.773642+00:00
NR-AR-LBD,morgan_2048,LogisticRegression,random_under,accuracy,"{'C': 0.01, 'l1_ratio': 0.0}",0.4513319242732865,1343,0.9865971705137752,0.9837707579632708,0.7823103522800952,0.7864432597105865,0.4513319242732865,0.8543859649122807,0.84801770614325,0.8233244578551716,0.9267036011080332,0.8962617752631037,570.0,0.9436450839328536,0.958092066126647,0.5246826003128524,0.5633617193836172,0.1080199021720976,834.0,0.0383789539337158,0.0084710121154785,2026-04-21T08:32:44.700857+00:00
NR-AR-LBD,morgan_2048,BernoulliNB,smote,accuracy,{'alpha': 10.0},0.3677192350517171,1343,0.985107967237528,0.9814412403498672,0.7462207105064248,0.6818227976643818,0.3677192350517171,0.8860253070338667,0.88500378646495,0.8850037864649501,0.9785945064307064,0.9772829979812095,10748.0,0.973621103117506,0.973621103117506,0.5349756690997567,0.5620437956204379,0.0436732179254836,834.0,0.5321838855743408,0.4425559043884277,2026-04-21T14:05:34.494788+00:00
NR-AR-LBD,morgan_2048,RandomForest,smoteenn,accuracy,"{'max_depth': 15, 'max_features': 'log2', 'min_samples_leaf': 20, 'n_estimators': 100}",0.4142537967391548,1343,0.9858525688756516,0.982625318646004,0.7647010005071695,0.7419141914191418,0.4142537967391548,0.7928331466965286,0.7855373485151776,0.785418233442829,0.9614401543992688,0.9616531120616296,10716.0,0.9700239808153476,0.971661914831328,0.5294197305166226,0.6436536901865368,0.1098404079048292,834.0,0.9054911136627196,0.6767480373382568,2026-04-21T16:46:12.192962+00:00
NR-AR-LBD,morgan_2048,BernoulliNB,smoten,accuracy,{'alpha': 10.0},0.3653136310541412,1343,0.985107967237528,0.9814412403498672,0.7462207105064248,0.6760853008377761,0.3653136310541412,0.8359694826944548,0.832285246157447,0.832285246157447,0.985560412378502,0.9842089224000858,10748.0,0.9772182254196644,0.9756117042353626,0.5418509844739353,0.5671127331711273,0.0371801530365905,834.0,0.4898240566253662,0.5111486911773682,2026-04-21T14:05:36.242742+00:00
NR-AR-LBD,morgan_2048,BernoulliNB,smoten_enn,accuracy,{'alpha': 50.0},0.3786790853163425,1343,0.985107967237528,0.9814412403498672,0.7462207105064248,0.7198527545062199,0.3786790853163425,0.8308699719363891,0.8276224990983871,0.8274915161883704,0.9812190372338684,0.9760646201952836,10690.0,0.9616306954436452,0.9671558310986752,0.5196198430412556,0.5942822384428222,0.0453072512508617,834.0,0.540971040725708,0.5905489921569824,2026-04-21T14:05:40.525160+00:00
NR-AR-LBD,morgan_4096,BernoulliNB,none,accuracy,{'alpha': 1.0},0.4831250329233696,1343,0.9865971705137752,0.9837707579632708,0.7823103522800952,0.8586951002792588,0.4831250329233696,0.9606398274622574,0.9646461934164752,0.7630054059731189,0.9149227273617612,0.5006150901833808,5564.0,0.9772182254196644,0.9767298940020708,0.5811814457512885,0.5819647201946472,0.0462378104421493,834.0,0.0944628715515136,0.0345568656921386,2026-04-21T14:05:41.316154+00:00
NR-AR-LBD,morgan_4096,LogisticRegression,random_over,accuracy,"{'C': 0.001, 'l1_ratio': 0.0}",0.4967094446992762,1343,0.9873417721518988,0.9848802737186256,0.7991095390192611,0.8164254887027164,0.4967094446992762,0.8913286192780052,0.8906479071501492,0.8906479071501493,0.9721157390010956,0.9729981532328724,10748.0,0.9652278177458034,0.9690793643682803,0.5234003980530869,0.5517031630170316,0.0608972178456284,834.0,0.4404211044311523,0.3482389450073242,2026-04-21T08:32:56.460536+00:00
NR-AR-LBD,morgan_4096,LogisticRegression,random_under,accuracy,"{'C': 0.1, 'l1_ratio': 0.0}",0.4952871935644847,1343,0.9873417721518988,0.9852680147687314,0.8078926332618116,0.8126681898959126,0.4952871935644847,0.9789473684210528,0.9788609486044596,0.9761243210790131,0.9988642659279778,0.9975839498585451,570.0,0.9592326139088728,0.9658772981614708,0.517361111111111,0.5341646390916464,0.1049183687310175,834.0,0.0679531097412109,0.0218918323516845,2026-04-21T08:32:58.408534+00:00
NR-AR-LBD,morgan_4096,LogisticRegression,smote,accuracy,"{'C': 0.001, 'l1_ratio': 1.0}",0.3482253660958054,1343,0.985107967237528,0.9814412403498672,0.7462207105064248,0.6666666666666666,0.3482253660958054,0.7354856717528843,0.7189504654739513,0.7189504654739511,0.7354856717528844,0.7254432759209939,10748.0,0.9712230215827338,0.9723123028795178,0.5311533776820013,0.5337591240875912,0.0191418293936279,834.0,0.3777089118957519,0.2752580642700195,2026-04-21T08:33:00.116714+00:00
NR-AR-LBD,morgan_4096,LogisticRegression,smoteenn,accuracy,"{'C': 0.001, 'l1_ratio': 1.0}",0.3482253660958054,1343,0.985107967237528,0.9814412403498672,0.7462207105064248,0.6666666666666666,0.3482253660958054,0.7371071528490162,0.7207367445831139,0.72057830083296,0.7365441147258881,0.7258151763492124,10723.0,0.9712230215827338,0.9723123028795178,0.5311533776820013,0.5337591240875912,0.0191418293936279,834.0,0.2719056606292724,0.3263998031616211,2026-04-21T08:33:02.481417+00:00
NR-AR-LBD,morgan_4096,LogisticRegression,smoten,accuracy,"{'C': 0.001, 'l1_ratio': 0.0}",0.3744946295409475,1343,0.985107967237528,0.9814412403498672,0.7462207105064248,0.7376745366844376,0.3744946295409475,0.9591551916635652,0.9591542719942898,0.9591542719942898,0.982834067570096,0.9844793901848244,10748.0,0.9640287769784172,0.9684372306555732,0.5220812958435208,0.4977696674776966,0.055852879749204,834.0,0.3688569068908691,0.3137819766998291,2026-04-21T08:33:02.894017+00:00
NR-AR-LBD,morgan_4096,LogisticRegression,smoten_enn,accuracy,"{'C': 0.001, 'l1_ratio': 0.0}",0.3737157677263024,1343,0.985107967237528,0.9814412403498672,0.7462207105064248,0.7337649149530338,0.3737157677263024,0.9644494339975676,0.9644494339975676,0.9644483508450324,0.9884991707748644,0.987862533232678,10689.0,0.9652278177458034,0.9690793643682803,0.5234003980530869,0.4965531224655312,0.0418563084789052,834.0,0.3911120891571045,0.2971642017364502,2026-04-21T08:33:04.567612+00:00
NR-AR-LBD,pubchem,EasyEnsemble,none,accuracy,"{'n_estimators': 10, 'replacement': True}",0.4688650050634469,1343,0.9873417721518988,0.9848802737186256,0.7991095390192611,0.7851358212744352,0.4688650050634469,0.9085190510424156,0.9306952263050324,0.6576280230712868,0.9298116663075628,0.5975291292272498,5564.0,0.9184652278177458,0.9444173984120974,0.5064745196324143,0.6271796431467964,0.0684723705722117,834.0,4.282864809036255,2.65366792678833,2026-04-21T22:09:50.594109+00:00
NR-AR-LBD,pubchem,XGBoost,random_over,accuracy,"{'colsample_bytree': 0.8, 'learning_rate': 0.1, 'max_depth': 3, 'min_child_weight': 1, 'n_estimators': 100, 'scale_pos_weight': 1, 'subsample': 0.8}",0.6418030329195434,1343,0.9895755770662695,0.9880168923525782,0.8451745718050065,0.8513962934755014,0.6418030329195434,0.9427800521027168,0.9427409138226246,0.9427409138226247,0.9899423564006993,0.9890859350733581,10748.0,0.9508393285371702,0.9614130062676155,0.5106404293381037,0.5817112733171128,0.03880275152824172,834.0,1.2261080741882324,1.1373710632324219,2026-04-29T22:48:24.957700+00:00
NR-AR-LBD,pubchem,DecisionTree,random_under,accuracy,"{'ccp_alpha': 0.0, 'criterion': 'gini', 'max_depth': 5, 'min_samples_leaf': 20}",0.4981415984115165,1343,0.9880863737900224,0.9859563345020504,0.815153809097791,0.7806169078446306,0.4981415984115165,0.8263157894736842,0.8290281257212044,0.8112576468581405,0.901724376731302,0.8505303121544285,570.0,0.7973621103117506,0.8745459792858684,0.4659254964817151,0.5624493106244931,0.036974454648683,834.0,0.0155689716339111,0.0090742111206054,2026-04-22T08:01:58.768683+00:00
NR-AR-LBD,pubchem,LogisticRegression,smote,accuracy,"{'C': 0.001, 'l1_ratio': 1.0}",0.4485974392079442,1343,0.9873417721518988,0.9848802737186256,0.7991095390192611,0.7134044173648133,0.4485974392079442,0.774004465947153,0.7737319539826423,0.7737319539826422,0.8463997386969391,0.8571028698307743,10748.0,0.802158273381295,0.8774970087146784,0.4679374407949426,0.671279399837794,0.0292959261978931,834.0,0.1355619430541992,0.1003611087799072,2026-04-21T08:33:13.884891+00:00
NR-AR-LBD,pubchem,LogisticRegression,smoteenn,accuracy,"{'C': 0.001, 'l1_ratio': 1.0}",0.4485974392079442,1343,0.9873417721518988,0.9848802737186256,0.7991095390192611,0.7134044173648133,0.4485974392079442,0.7751007781006843,0.7748128725410177,0.7747448831814463,0.8471684695524794,0.8566548104355798,10667.0,0.802158273381295,0.8774970087146784,0.4679374407949426,0.6709752635847527,0.0291143720947703,834.0,0.1135740280151367,0.1029398441314697,2026-04-21T08:33:14.984678+00:00
NR-AR-LBD,pubchem,RandomForest,smoten,accuracy,"{'max_depth': 5, 'max_features': 'sqrt', 'min_samples_leaf': 5, 'n_estimators': 100}",0.4794878745082924,1343,0.9865971705137752,0.9837707579632708,0.7823103522800952,0.813874079715664,0.4794878745082924,0.8727205061406773,0.8711994399207816,0.8711994399207816,0.982783790345914,0.9833401320425712,10748.0,0.9676258992805756,0.9693948680178344,0.4917733089579524,0.6587591240875913,0.0346317401393292,834.0,0.6000828742980957,0.5684480667114258,2026-04-21T16:52:14.533919+00:00
NR-AR-LBD,pubchem,RandomForest,smoten_enn,accuracy,"{'max_depth': 5, 'max_features': 'sqrt', 'min_samples_leaf': 5, 'n_estimators': 100}",0.4593308394593327,1343,0.9865971705137752,0.9837707579632708,0.7823103522800952,0.8038588474232038,0.4593308394593327,0.8817577063618477,0.8804332688158166,0.8803418021344608,0.9841651769758328,0.9836796743979056,10673.0,0.973621103117506,0.9724380884114092,0.4933171324422843,0.6008718572587186,0.0260393082803851,834.0,0.8791921138763428,0.5318710803985596,2026-04-21T16:52:30.609849+00:00
NR-AR-LBD,rdkit,LogisticRegression,none,accuracy,"{'C': 0.001, 'l1_ratio': 0.0}",0.5340395183179955,1343,0.9873417721518988,0.9848802737186256,0.7991095390192611,0.8271896420411272,0.5340395183179955,0.9572250179726816,0.9640604053023144,0.7814075809888286,0.9820740211153116,0.7573022160220199,5564.0,0.9568345323741008,0.9652555105792516,0.538943488943489,0.658860502838605,0.0651859377818556,834.0,0.4000751972198486,0.3464798927307129,2026-04-21T08:33:20.577368+00:00
NR-AR-LBD,rdkit,BernoulliNB,random_over,accuracy,{'alpha': 0.1},0.446429241667943,1343,0.9865971705137752,0.9837707579632708,0.7823103522800952,0.7762376237623763,0.446429241667943,0.785355414960923,0.7832189546490735,0.7832189546490735,0.8078596493973866,0.8057598051472858,10748.0,0.8729016786570744,0.9192391221066482,0.4927240176276166,0.6124290348742902,0.0228659336650476,834.0,0.4213466644287109,0.3850729465484619,2026-04-21T14:06:17.775835+00:00
NR-AR-LBD,rdkit,RandomForest,random_under,accuracy,"{'max_depth': 15, 'max_features': 'sqrt', 'min_samples_leaf': 5, 'n_estimators': 100}",0.522629435470821,1343,0.9873417721518988,0.9848802737186256,0.7991095390192611,0.8473216552424473,0.522629435470821,0.9403508771929824,0.9396548468713416,0.931389486801858,0.9877562326869808,0.9795008738514296,570.0,0.9688249400479616,0.9718853488637662,0.5587301587301587,0.6464922952149229,0.0683788297111401,834.0,0.2666091918945312,0.2026300430297851,2026-04-21T16:53:07.062071+00:00
NR-AR-LBD,rdkit,BernoulliNB,smote,accuracy,{'alpha': 0.1},0.3768517127954978,1343,0.985107967237528,0.9814412403498672,0.7462207105064248,0.6074384361513074,0.3768517127954978,0.777074804614812,0.7697264309144097,0.7697264309144098,0.8378920671266039,0.8451778478782361,10748.0,0.9592326139088728,0.9658772981614708,0.517361111111111,0.4482968369829683,0.0159055807054045,834.0,0.4076688289642334,0.4280760288238525,2026-04-21T14:06:19.937881+00:00
NR-AR-LBD,rdkit,BernoulliNB,smoteenn,accuracy,{'alpha': 0.1},0.3764968210584137,1343,0.985107967237528,0.9814412403498672,0.7462207105064248,0.6067275958365068,0.3764968210584137,0.7819696686013855,0.7748868159414196,0.7746356239610018,0.8409645586259331,0.8463634660370645,10682.0,0.9592326139088728,0.9658772981614708,0.517361111111111,0.4487023519870235,0.0159155957835038,834.0,0.3721599578857422,0.6922862529754639,2026-04-21T14:06:23.011897+00:00
NR-AR-LBD,rdkit,LogisticRegression,smoten,accuracy,"{'C': 0.01, 'l1_ratio': 1.0}",0.4651112979341441,1343,0.9858525688756516,0.9831014823914054,0.7754753671391741,0.7129093678598629,0.4651112979341441,0.8596017863788612,0.8580241056624842,0.8580241056624842,0.9770024982101724,0.977117346021145,10748.0,0.9532374100719424,0.963295298644805,0.5345116279069767,0.6739659367396593,0.0534378912530284,834.0,0.4198160171508789,0.3998329639434814,2026-04-21T08:33:29.636083+00:00
NR-AR-LBD,rdkit,LogisticRegression,smoten_enn,accuracy,"{'C': 0.01, 'l1_ratio': 1.0}",0.4537819281252123,1343,0.9858525688756516,0.9831014823914054,0.7754753671391741,0.704061944656004,0.4537819281252123,0.8619262603461249,0.8602416164366311,0.8600655635596031,0.9820359866327356,0.9800359438468336,10632.0,0.9616306954436452,0.9678845159166783,0.545751633986928,0.6785279805352799,0.0520006037414945,834.0,0.3691062927246094,0.3872866630554199,2026-04-21T08:33:31.784806+00:00
NR-AR-LBD,topological_torsion,BalancedRandomForest,none,accuracy,"{'max_depth': 15, 'max_features': 'sqrt', 'min_samples_leaf': 5, 'n_estimators': 100}",0.4996008498139052,1343,0.9865971705137752,0.9837707579632708,0.7823103522800952,0.8274181264280275,0.4996008498139052,0.9593817397555716,0.9641980435638092,0.7660415440248928,0.933472567723738,0.6853222293915759,5564.0,0.9676258992805756,0.9703673891586696,0.5262460289074499,0.6514598540145985,0.1098695901713524,834.0,0.9771361351013184,0.8190808296203613,2026-04-21T22:11:51.534695+00:00
NR-AR-LBD,topological_torsion,RandomForest,random_over,accuracy,"{'max_depth': 15, 'max_features': 'sqrt', 'min_samples_leaf': 20, 'n_estimators': 100}",0.5192440123026961,1343,0.9865971705137752,0.9837707579632708,0.7823103522800952,0.8058263518659559,0.5192440123026961,0.924171938965389,0.9239293118069998,0.923929311807,0.9724098711504164,0.9777969108549374,10748.0,0.9760191846522782,0.9749437167376448,0.5393792113111675,0.6936334144363342,0.0531105817680883,834.0,2.4140970706939697,1.8962647914886477,2026-04-21T16:54:42.626392+00:00
NR-AR-LBD,topological_torsion,BernoulliNB,random_under,accuracy,{'alpha': 1.0},0.463908582102207,1343,0.9858525688756516,0.982625318646004,0.7647010005071695,0.8463823305407463,0.463908582102207,0.856140350877193,0.848644396030017,0.8232116920842412,0.9077700831024932,0.8488135093739263,570.0,0.9628297362110312,0.9685455869404732,0.547651124136121,0.4824107866991078,0.03000029218165,834.0,0.0417568683624267,0.0136089324951171,2026-04-21T14:06:34.545334+00:00
NR-AR-LBD,topological_torsion,BernoulliNB,smote,accuracy,{'alpha': 1.0},0.4144641636185026,1343,0.985107967237528,0.9814412403498672,0.7462207105064248,0.6590759075907591,0.4144641636185026,0.7968924451060663,0.7893866863846872,0.7893866863846872,0.9552846071776764,0.9502651975019576,10748.0,0.974820143884892,0.9742804091601835,0.537095282146161,0.4755170316301703,0.0336536960862323,834.0,0.5380778312683105,0.4724948406219482,2026-04-21T14:06:35.726738+00:00
NR-AR-LBD,topological_torsion,BernoulliNB,smoteenn,accuracy,{'alpha': 10.0},0.4151604390701663,1343,0.985107967237528,0.9814412403498672,0.7462207105064248,0.6675044427519675,0.4151604390701663,0.794436146377894,0.7868523720545288,0.7867160004882746,0.9441928115652805,0.9392268504746354,10712.0,0.973621103117506,0.973621103117506,0.5349756690997567,0.464669505271695,0.0333515383244009,834.0,0.4672210216522217,0.461029052734375,2026-04-21T14:06:38.464219+00:00
NR-AR-LBD,topological_torsion,BernoulliNB,smoten,accuracy,{'alpha': 10.0},0.4104114354299042,1343,0.985107967237528,0.9814412403498672,0.7462207105064248,0.6529068291444529,0.4104114354299042,0.8075921101600297,0.8014927706380907,0.8014927706380907,0.9583176361283546,0.952413627022171,10748.0,0.973621103117506,0.973621103117506,0.5349756690997567,0.4404399837793998,0.0327867801515345,834.0,0.4982566833496094,0.4780769348144531,2026-04-21T14:06:39.194714+00:00
NR-AR-LBD,topological_torsion,BernoulliNB,smoten_enn,accuracy,{'alpha': 10.0},0.404676183816483,1343,0.985107967237528,0.9814412403498672,0.7462207105064248,0.6753490733688754,0.404676183816483,0.9081718618365628,0.9067074453709464,0.904103113815617,0.9738781953181952,0.961736543760625,9496.0,0.973621103117506,0.973621103117506,0.5349756690997567,0.4524026763990267,0.0330384311737091,834.0,0.4468238353729248,0.41975998878479,2026-04-21T14:06:41.906731+00:00
NR-AhR,atom_pair,EasyEnsemble,none,accuracy,"{'n_estimators': 30, 'replacement': False}",0.8182039863465824,1732,0.9815242494226328,0.9798315125313012,0.8925991380646761,0.9221988230431616,0.8182039863465824,0.714661806399352,0.7598511661674674,0.6205715137068912,0.842986555710473,0.445469047849701,4938.0,0.7215909090909091,0.7710024562772586,0.6212167796047372,0.8552346388426836,0.443182857151414,880.0,76.68814206123352,39.928484201431274,2026-04-21T22:14:10.566579+00:00
NR-AhR,atom_pair,XGBoost,random_over,accuracy,"{'colsample_bytree': 0.8, 'learning_rate': 0.1, 'max_depth': 3, 'min_child_weight': 5, 'n_estimators': 100, 'scale_pos_weight': 1, 'subsample': 0.8}",0.8192681126706225,1732,0.98094688221709,0.9791308189506259,0.8885619863714795,0.9309800757083719,0.8192681126706225,0.875495453485661,0.8752608596789105,0.8752608596789104,0.9470564601024346,0.9435987584030783,8578.0,0.7863636363636364,0.8205801188029289,0.6703830919914886,0.8644840969806946,0.44834713480152694,880.0,2.370122194290161,2.332885980606079,2026-04-29T22:59:03.285085+00:00
NR-AhR,atom_pair,LogisticRegression,random_under,accuracy,"{'C': 0.1, 'l1_ratio': 1.0}",0.790661747813063,1732,0.9780600461893764,0.975886624626185,0.8708831953544944,0.9154874136471884,0.790661747813063,0.7919876733436055,0.7972810041594294,0.7806850056112664,0.878266552073713,0.7719446476966867,1947.0,0.7306818181818182,0.7780220849603212,0.6263537421059704,0.8554362619083624,0.431090446545264,880.0,0.0919301509857177,0.0734617710113525,2026-04-21T08:33:54.970960+00:00
NR-AhR,atom_pair,DecisionTree,smote,accuracy,"{'ccp_alpha': 0.001, 'criterion': 'entropy', 'max_depth': 10, 'min_samples_leaf': 50}",0.4591815927305898,1732,0.960161662817552,0.9566570026567884,0.7698223609829757,0.7702145945272162,0.4591815927305898,0.8442527395663325,0.844252527901395,0.844252527901395,0.9181438514299212,0.8988569534461988,8578.0,0.7670454545454546,0.800312486473348,0.6113333807317015,0.742653359544332,0.2946073690200476,880.0,1.4243531227111816,1.219259262084961,2026-04-22T08:09:41.812167+00:00
NR-AhR,atom_pair,LogisticRegression,smoteenn,accuracy,"{'C': 0.01, 'l1_ratio': 1.0}",0.5120451419120636,1732,0.9566974595842956,0.9534993369011208,0.7557274301735859,0.7675805467535279,0.5120451419120636,0.8131553860819828,0.8128944389210359,0.8130100012351695,0.8924172879434078,0.8739513919738352,8392.0,0.7636363636363637,0.7998222894073238,0.6225636965003011,0.7793424567770553,0.2802377663104373,880.0,0.1935839653015136,0.1558361053466797,2026-04-21T08:33:57.247341+00:00
NR-AhR,atom_pair,LogisticRegression,smoten,accuracy,"{'C': 0.001, 'l1_ratio': 0.0}",0.6053835690129233,1732,0.9670900692840648,0.9641949152382164,0.8098532547250669,0.7654582193443418,0.6053835690129233,0.8756120307764047,0.8753738538881696,0.8753738538881697,0.9417514730895636,0.9433772202787372,8578.0,0.8011363636363636,0.8282727531658336,0.6599773465426982,0.8041988003427593,0.3675806997250359,880.0,0.272061824798584,0.1915240287780761,2026-04-21T08:33:58.668603+00:00
NR-AhR,atom_pair,DecisionTree,smoten_enn,accuracy,"{'ccp_alpha': 0.001, 'criterion': 'entropy', 'max_depth': 10, 'min_samples_leaf': 50}",0.4920357276627302,1732,0.9676674364896074,0.9631567841806022,0.7971218206157966,0.7972701686709047,0.4920357276627302,0.8889154895858271,0.8889005908823323,0.8889134266884202,0.9548881445914016,0.9404518067725716,8354.0,0.8125,0.8336561074281503,0.6526240995619523,0.7809554413024851,0.2896467627817887,880.0,1.2409369945526123,1.1417479515075684,2026-04-22T08:09:51.529726+00:00
NR-AhR,avalon,BalancedRandomForest,none,accuracy,"{'max_depth': 5, 'max_features': 'log2', 'min_samples_leaf': 5, 'n_estimators': 200}",0.8483173745901958,1732,0.9803695150115472,0.978424874665534,0.8844744379487581,0.9508289213853188,0.8483173745901958,0.8086269744835966,0.8342203081077783,0.7071265367680493,0.9013012468560956,0.626341159188266,4938.0,0.7465909090909091,0.7891906307050798,0.62649338883401,0.8370381571651797,0.3548138368897988,880.0,1.3850281238555908,1.615373134613037,2026-04-21T22:15:12.673913+00:00
NR-AhR,avalon,RandomForest,random_over,accuracy,"{'max_depth': 5, 'max_features': 'sqrt', 'min_samples_leaf': 10, 'n_estimators': 100}",0.8468508530311288,1732,0.9803695150115472,0.978424874665534,0.8844744379487581,0.948444173276388,0.8468508530311288,0.8318955467474936,0.831826350210181,0.831826350210181,0.9084675829513064,0.8973898849440941,8578.0,0.7602272727272728,0.7996141120485776,0.6382474248897774,0.8441201673471446,0.3736174687617657,880.0,0.3135449886322021,0.290187120437622,2026-04-21T16:58:06.337094+00:00
NR-AhR,avalon,RandomForest,random_under,accuracy,"{'max_depth': 5, 'max_features': 'sqrt', 'min_samples_leaf': 5, 'n_estimators': 100}",0.8395107342065274,1732,0.9803695150115472,0.978713234649775,0.8872628975319136,0.945560825837942,0.8395107342065274,0.8310220852593734,0.8342418925376757,0.8180430171607901,0.9061819653799492,0.8088730011602718,1947.0,0.7534090909090909,0.7944090580899246,0.6323273164861613,0.8432506678764051,0.3796409427343227,880.0,0.1976368427276611,0.1692681312561035,2026-04-21T16:58:09.494341+00:00
NR-AhR,avalon,XGBoost,smote,accuracy,"{'colsample_bytree': 0.8, 'learning_rate': 0.05, 'max_depth': 5, 'min_child_weight': 1, 'n_estimators': 200, 'scale_pos_weight': 1, 'subsample': 0.8}",0.6158004048858012,1732,0.9665127020785219,0.9609304643325065,0.7811358902629263,0.8840723756289895,0.6158004048858012,0.9605968757286081,0.9605869686508495,0.9605869686508495,0.9919147709923518,0.990929350405779,8578.0,0.8636363636363636,0.871853507858764,0.708477346260449,0.8414108574020869,0.3903707230745002,880.0,1.4434459209442139,1.388841152191162,2026-04-29T23:03:54.081314+00:00
NR-AhR,avalon,XGBoost,smoteenn,accuracy,"{'colsample_bytree': 0.8, 'learning_rate': 0.05, 'max_depth': 3, 'min_child_weight': 1, 'n_estimators': 100, 'scale_pos_weight': 1, 'subsample': 0.8}",0.6388727331548211,1732,0.9670900692840647,0.9631875971936823,0.8001275471468918,0.8860962952757714,0.6388727331548211,0.8937914406268836,0.8938196920903231,0.89377600266872,0.9536847386881907,0.9427681141240215,8295.0,0.825,0.844584401001929,0.6748529256518776,0.822199959675387,0.3648683060184453,880.0,0.6342358589172363,0.6095230579376221,2026-04-29T23:04:11.416623+00:00
NR-AhR,avalon,RandomForest,smoten,accuracy,"{'max_depth': 5, 'max_features': 'sqrt', 'min_samples_leaf': 5, 'n_estimators': 100}",0.6880162267474449,1732,0.9693995381062356,0.9635458976764818,0.7927963108010194,0.8773773675267504,0.6880162267474449,0.8729307530892982,0.8728545509216027,0.8728545509216026,0.9410849521467752,0.9344037646072708,8578.0,0.8136363636363636,0.8364408345503648,0.6651539196852001,0.8230127526589042,0.334823306830381,880.0,0.5191059112548828,0.3310201168060303,2026-04-21T16:58:53.559989+00:00
NR-AhR,avalon,RandomForest,smoten_enn,accuracy,"{'max_depth': 5, 'max_features': 'sqrt', 'min_samples_leaf': 20, 'n_estimators': 100}",0.6312039500676672,1732,0.9676674364896074,0.960975038959165,0.7762170642794518,0.8463034764182199,0.6312039500676672,0.8837041491280818,0.8837014342928917,0.883704088574137,0.9511797992461452,0.94100154963198,8315.0,0.8227272727272728,0.8422341172341172,0.6687258687258687,0.812074701345834,0.3367979371407965,880.0,0.4234082698822021,0.4358692169189453,2026-04-21T16:58:57.114804+00:00
NR-AhR,erg,RUSBoost,none,accuracy,"{'learning_rate': 0.01, 'n_estimators': 75, 'sampling_strategy': 'auto'}",0.8332776026744313,1732,0.98094688221709,0.979130818950626,0.8885619863714795,0.9272241794432744,0.8332776026744313,0.7055488051842851,0.7528356803370361,0.6185734139126887,0.8584442733606341,0.5015879082575488,4938.0,0.6681818181818182,0.7278706329789921,0.5750310920589559,0.8156094057160139,0.3096856085055742,880.0,1.6026809215545654,1.5281310081481934,2026-04-29T18:21:28.075818+00:00
NR-AhR,erg,DecisionTree,random_over,accuracy,"{'ccp_alpha': 0.0, 'criterion': 'gini', 'max_depth': 5, 'min_samples_leaf': 10}",0.7472752609685607,1732,0.98094688221709,0.979130818950626,0.8885619863714795,0.8491966646329062,0.7472752609685607,0.7839822802518069,0.7813849256653259,0.781384925665326,0.8382214616264471,0.7794678557299515,8578.0,0.6556818181818181,0.7175632322221325,0.5522200073555219,0.703217148041736,0.2222029160060907,880.0,0.1214950084686279,0.1236989498138427,2026-04-22T08:11:40.164042+00:00
NR-AhR,erg,DecisionTree,random_under,accuracy,"{'ccp_alpha': 0.01, 'criterion': 'entropy', 'max_depth': 5, 'min_samples_leaf': 10}",0.7693126504302247,1732,0.9821016166281756,0.980527059164644,0.8965868578329311,0.8653716205134262,0.7693126504302247,0.66974833076528,0.6769521454667917,0.6671507288184035,0.7741950992519011,0.5462456447232641,1947.0,0.5693181818181818,0.6426028191585125,0.5022617006257546,0.7618516558294268,0.2344091532306871,880.0,0.0326809883117675,0.0274057388305664,2026-04-22T08:11:44.090564+00:00
NR-AhR,erg,DecisionTree,smote,accuracy,"{'ccp_alpha': 0.01, 'criterion': 'gini', 'max_depth': 5, 'min_samples_leaf': 10}",0.7889999118860029,1732,0.9797921478060048,0.9777135732105828,0.8803355027705233,0.8922172580973187,0.7889999118860029,0.7245278619724878,0.7193693741401974,0.7193693741401974,0.8000865808584601,0.7324791427932563,8578.0,0.6431818181818182,0.7072975852272726,0.5502604166666667,0.7572962346892484,0.2196830182671245,880.0,0.1657750606536865,0.1727020740509033,2026-04-22T08:11:46.698571+00:00
NR-AhR,erg,DecisionTree,smoteenn,accuracy,"{'ccp_alpha': 0.0, 'criterion': 'entropy', 'max_depth': 5, 'min_samples_leaf': 10}",0.7992477879697442,1732,0.9849884526558892,0.9839310405675812,0.9158160785457372,0.897596882442087,0.7992477879697442,0.7720883534136547,0.7663705972590262,0.7685586971676356,0.8777684730009974,0.8142848797563057,7968.0,0.6215909090909091,0.6888359432118532,0.5397944905372363,0.7676861232925047,0.2409608505464249,880.0,0.158700942993164,0.1846780776977539,2026-04-22T08:11:50.382912+00:00
NR-AhR,erg,LogisticRegression,smoten,accuracy,"{'C': 0.1, 'l1_ratio': 1.0}",0.5204289198092592,1732,0.9717090069284064,0.9671259486879924,0.816372586141613,0.6306822282141615,0.5204289198092592,0.7761716017719749,0.7761530934000218,0.7761530934000218,0.8598290040276653,0.8408853357296338,8578.0,0.7579545454545454,0.7977147197457205,0.634818490528543,0.8000907303795555,0.3766103963463021,880.0,0.0412969589233398,0.033966064453125,2026-04-21T08:34:17.020311+00:00
NR-AhR,erg,LogisticRegression,smoten_enn,accuracy,"{'C': 0.1, 'l1_ratio': 1.0}",0.4779901496219539,1732,0.96824480369515,0.9621702711737072,0.7849773036614351,0.6002217454912844,0.4779901496219539,0.8017909649826249,0.8024615176896426,0.7989784571830487,0.884597062077024,0.8294378580074961,7482.0,0.7727272727272727,0.8077393963282807,0.6386808566548416,0.779077826503352,0.3483352950530942,880.0,0.0339241027832031,0.030350923538208,2026-04-21T08:34:26.929115+00:00
NR-AhR,estate,BalancedRandomForest,none,accuracy,"{'max_depth': 5, 'max_features': 'sqrt', 'min_samples_leaf': 5, 'n_estimators': 100}",0.8270440006966691,1732,0.9803695150115472,0.978424874665534,0.8844744379487581,0.9359103046048272,0.8270440006966691,0.6871202916160389,0.7376671048355349,0.6016801128776893,0.8511595398843423,0.5224482314576864,4938.0,0.6977272727272728,0.7519349362527716,0.6017530487804879,0.8371263672564142,0.4463087298381414,880.0,0.5541131496429443,0.2200109958648681,2026-04-21T22:18:29.620766+00:00
NR-AhR,estate,RandomForest,random_over,accuracy,"{'max_depth': 5, 'max_features': 'sqrt', 'min_samples_leaf': 10, 'n_estimators': 100}",0.8601337383445503,1732,0.9803695150115472,0.978424874665534,0.8844744379487581,0.945219678928274,0.8601337383445503,0.7565866169270227,0.7542749567635334,0.7542749567635334,0.8633900610915016,0.8623997567979287,8578.0,0.6806818181818182,0.7381117763189866,0.5882173682080761,0.844101265184737,0.4125268485422335,880.0,0.3396017551422119,0.2008860111236572,2026-04-21T17:00:12.734439+00:00
NR-AhR,estate,DecisionTree,random_under,accuracy,"{'ccp_alpha': 0.0, 'criterion': 'gini', 'max_depth': 5, 'min_samples_leaf': 50}",0.7960107990283383,1732,0.9815242494226328,0.9798315125313012,0.8925991380646761,0.8976756086520105,0.7960107990283383,0.6646122239342578,0.6717578293743914,0.6621563843834044,0.7856795211787246,0.5964116492701718,1947.0,0.6125,0.6801433811780285,0.5411557651404989,0.8179595745753314,0.3125968403417019,880.0,0.0073699951171875,0.0037488937377929,2026-04-22T08:12:03.985320+00:00
NR-AhR,estate,DecisionTree,smote,accuracy,"{'ccp_alpha': 0.01, 'criterion': 'entropy', 'max_depth': 5, 'min_samples_leaf': 10}",0.8049484715289676,1732,0.9774826789838336,0.9746280623857392,0.8614681326253746,0.8977084112394785,0.8049484715289676,0.7497085567731406,0.7477019387916404,0.7477019387916404,0.8270660830970757,0.7960054363508653,8578.0,0.6920454545454545,0.7454985894130592,0.56391909609396,0.7376442865063764,0.2168085292210181,880.0,0.0299358367919921,0.0268800258636474,2026-04-22T08:12:04.581033+00:00
NR-AhR,estate,DecisionTree,smoteenn,accuracy,"{'ccp_alpha': 0.01, 'criterion': 'entropy', 'max_depth': 5, 'min_samples_leaf': 10}",0.8049484715289676,1732,0.979214780600462,0.9768334492481334,0.8745684972842487,0.8977084112394785,0.8049484715289676,0.7621582385676264,0.7619040110992783,0.762073496078177,0.8313728689322429,0.7832804826266742,8266.0,0.7034090909090909,0.7555433087537714,0.588516146369866,0.7674971016684309,0.2581428653861096,880.0,0.0320127010345459,0.0313658714294433,2026-04-22T08:12:04.957166+00:00
NR-AhR,estate,RandomForest,smoten,accuracy,"{'max_depth': 5, 'max_features': 'sqrt', 'min_samples_leaf': 5, 'n_estimators': 100}",0.740552914268448,1732,0.9740184757505772,0.9702803658473124,0.8358822749066652,0.8970064358676613,0.740552914268448,0.8017020284448589,0.8002514328886062,0.8002514328886062,0.8968910149378211,0.8904449868994936,8578.0,0.759090909090909,0.7974802766937599,0.6267486155126605,0.8074310701144212,0.3140742873735697,880.0,0.3469700813293457,0.1778578758239746,2026-04-21T17:00:30.314120+00:00
NR-AhR,estate,DecisionTree,smoten_enn,accuracy,"{'ccp_alpha': 0.001, 'criterion': 'gini', 'max_depth': 5, 'min_samples_leaf': 10}",0.6100153562408652,1732,0.97459584295612,0.9710517589990448,0.8405957161981259,0.8142553484618866,0.6100153562408652,0.7869785864587201,0.7866449788854074,0.7868991318305724,0.8294253385509104,0.7329676332891821,8079.0,0.7375,0.7800514088631483,0.5991410164638511,0.7454067745350068,0.2334167627727804,880.0,0.0194401741027832,0.0162680149078369,2026-04-22T08:12:07.829944+00:00
NR-AhR,fcfp,EasyEnsemble,none,accuracy,"{'n_estimators': 20, 'replacement': True}",0.8270306842929922,1732,0.9815242494226328,0.9798315125313012,0.8925991380646761,0.929822144370748,0.8270306842929922,0.6688942891859052,0.722504640702074,0.5828183990994582,0.8260788967800599,0.4711159207795182,4938.0,0.6693181818181818,0.7288020123511529,0.5770621276708193,0.8289039266092041,0.3915214186172557,880.0,43.37818789482117,39.530965089797974,2026-04-21T22:19:02.036025+00:00
NR-AhR,fcfp,BernoulliNB,random_over,accuracy,{'alpha': 50.0},0.7719914061828129,1732,0.979214780600462,0.9771557496458596,0.8776788166516263,0.9014183838821208,0.7719914061828129,0.7501748659361156,0.7461281816487534,0.7461281816487533,0.8607053042966275,0.86128081982158,8578.0,0.6431818181818182,0.7066969886087839,0.5645239581166355,0.8559466202933615,0.4371721835248588,880.0,0.4217450618743896,0.3778412342071533,2026-04-21T14:07:25.251128+00:00
NR-AhR,fcfp,DecisionTree,random_under,accuracy,"{'ccp_alpha': 0.0, 'criterion': 'entropy', 'max_depth': 10, 'min_samples_leaf': 50}",0.7951331525540548,1732,0.9815242494226328,0.9798315125313012,0.8925991380646761,0.9075065441162,0.7951331525540548,0.714432460195172,0.722598333126732,0.705720462003858,0.8116991650067307,0.655122269150438,1947.0,0.6829545454545455,0.7398607457496201,0.5841174607315209,0.8153258732799032,0.3376828291886552,880.0,0.2193930149078369,0.206989049911499,2026-04-22T08:12:10.446348+00:00
NR-AhR,fcfp,LogisticRegression,smote,accuracy,"{'C': 0.01, 'l1_ratio': 1.0}",0.6771436924829103,1732,0.9757505773672056,0.97257490756318,0.8498352696375933,0.8702296837174517,0.6771436924829103,0.7695266961995804,0.7687997431190965,0.7687997431190965,0.851381540104246,0.8380787243608714,8578.0,0.7125,0.7629409628786776,0.5997922025629548,0.8044886334996723,0.3665877582180885,880.0,0.1163210868835449,0.1405129432678222,2026-04-21T08:34:33.273645+00:00
NR-AhR,fcfp,LogisticRegression,smoteenn,accuracy,"{'C': 0.01, 'l1_ratio': 1.0}",0.6766056036265573,1732,0.9757505773672056,0.97257490756318,0.8498352696375933,0.8680450313920762,0.6766056036265573,0.7703389830508475,0.7700020673297785,0.7702109156714938,0.8613789152986572,0.8409040254959544,8260.0,0.7193181818181819,0.7682599047344056,0.6052815565010686,0.8026173194213418,0.3781414282368169,880.0,0.1419179439544677,0.1235861778259277,2026-04-21T08:34:34.832223+00:00
NR-AhR,fcfp,RandomForest,smoten,accuracy,"{'max_depth': 5, 'max_features': 'sqrt', 'min_samples_leaf': 10, 'n_estimators': 100}",0.6922998728987599,1732,0.9751732101616628,0.9718165598735388,0.8452462831554997,0.8647483713515323,0.6922998728987599,0.8346934017253439,0.8332429876832146,0.8332429876832146,0.9240010108982508,0.9167098278886816,8578.0,0.7545454545454545,0.7954344204559429,0.6347312753658837,0.8382226926760421,0.4110396589646271,880.0,1.2457470893859863,0.7793841361999512,2026-04-21T17:01:11.152526+00:00
NR-AhR,fcfp,LogisticRegression,smoten_enn,accuracy,"{'C': 0.01, 'l1_ratio': 1.0}",0.6304904279539799,1732,0.9734411085450346,0.969502237412361,0.8311046289779617,0.8456933482913132,0.6304904279539799,0.829733317243876,0.8295262419639703,0.8296547257730376,0.9057119490031796,0.8856229755729934,8287.0,0.7647727272727273,0.8019618346221872,0.6332380992649057,0.8152754675134836,0.3986293631659525,880.0,0.1420779228210449,0.1167249679565429,2026-04-21T08:34:44.571979+00:00
NR-AhR,klekota_roth,XGBoost,none,accuracy,"{'colsample_bytree': 0.8, 'learning_rate': 0.1, 'max_depth': 5, 'min_child_weight': 1, 'n_estimators': 200, 'scale_pos_weight': 4, 'subsample': 0.8}",0.6044218306474637,1732,0.9607390300230947,0.9596833649793394,0.7964775492147755,0.8684583439941742,0.6044218306474637,0.93681652490887,0.9402223666876541,0.8769710193673764,0.9809397027764076,0.8921301485707155,4938.0,0.8397727272727272,0.853849732563923,0.6808305402575889,0.8367987297746862,0.4351345564908057,880.0,7.064528226852417,6.942831039428711,2026-04-29T23:08:14.047367+00:00
NR-AhR,klekota_roth,XGBoost,random_over,accuracy,"{'colsample_bytree': 0.8, 'learning_rate': 0.1, 'max_depth': 7, 'min_child_weight': 1, 'n_estimators': 200, 'scale_pos_weight': 1, 'subsample': 0.8}",0.5308615682658913,1732,0.9543879907621247,0.9542716702321493,0.7744401308902682,0.8619043870180478,0.5308615682658913,0.9642107717416647,0.9641948301821894,0.9641948301821894,0.9933245978735803,0.992365898983389,8578.0,0.8420454545454545,0.8570026446072385,0.6912475547422225,0.8316951459246937,0.4240207385666397,880.0,11.98144817352295,11.833593845367432,2026-04-29T23:08:17.100081+00:00
NR-AhR,klekota_roth,XGBoost,random_under,accuracy,"{'colsample_bytree': 0.8, 'learning_rate': 0.1, 'max_depth': 3, 'min_child_weight': 1, 'n_estimators': 200, 'scale_pos_weight': 1, 'subsample': 0.8}",0.6440122718994259,1732,0.9607390300230947,0.9594568040253162,0.7942633546448661,0.8784500121369573,0.6440122718994259,0.8736517719568567,0.8718337447676291,0.8539564774068906,0.9426093480309876,0.9004227068138118,1947.0,0.8284090909090909,0.8454000900752039,0.6686936987476283,0.825243207822975,0.4165531670182511,880.0,2.471796989440918,2.374350070953369,2026-04-29T23:09:13.038092+00:00
NR-AhR,klekota_roth,LogisticRegression,smote,accuracy,"{'C': 0.001, 'l1_ratio': 1.0}",0.0536951501154734,1732,0.9463048498845266,0.920197952513046,0.4862058736280035,0.5,0.0536951501154734,0.5,0.3333333333333333,0.3333333333333333,0.5,0.5,8578.0,0.884090909090909,0.8297017216800089,0.4692400482509047,0.5,0.1159090909090909,880.0,0.4029488563537597,0.2549822330474853,2026-04-21T08:34:55.016154+00:00
NR-AhR,klekota_roth,LogisticRegression,smoteenn,accuracy,"{'C': 0.001, 'l1_ratio': 1.0}",0.0536951501154734,1732,0.9463048498845266,0.920197952513046,0.4862058736280035,0.5,0.0536951501154734,0.5250336638511446,0.3615137878082451,0.344276769947022,0.5,0.4749663361488554,8169.0,0.884090909090909,0.8297017216800089,0.4692400482509047,0.5,0.1159090909090909,880.0,0.3866629600524902,0.2726390361785888,2026-04-21T08:34:45.468448+00:00
NR-AhR,klekota_roth,LogisticRegression,smoten,accuracy,"{'C': 0.001, 'l1_ratio': 1.0}",0.0536951501154734,1732,0.9463048498845266,0.920197952513046,0.4862058736280035,0.5,0.0536951501154734,0.5,0.3333333333333333,0.3333333333333333,0.5,0.5,8578.0,0.884090909090909,0.8297017216800089,0.4692400482509047,0.5,0.1159090909090909,880.0,0.3430368900299072,0.2577171325683594,2026-04-21T08:34:47.050125+00:00
NR-AhR,klekota_roth,LogisticRegression,smoten_enn,accuracy,"{'C': 0.001, 'l1_ratio': 1.0}",0.0536951501154734,1732,0.9463048498845266,0.920197952513046,0.4862058736280035,0.5,0.0536951501154734,0.5203202717457236,0.3561528320327815,0.3422438557293329,0.5,0.4796797282542763,8243.0,0.884090909090909,0.8297017216800089,0.4692400482509047,0.5,0.1159090909090909,880.0,0.4234540462493896,0.2271156311035156,2026-04-21T08:34:55.376121+00:00
NR-AhR,maccs,DecisionTree,none,accuracy,"{'ccp_alpha': 0.01, 'criterion': 'gini', 'max_depth': 5, 'min_samples_leaf': 10}",0.804686896203406,1732,0.9861431870669746,0.985259956063764,0.9231929046563192,0.9028748187657042,0.804686896203406,0.5805994329688133,0.6456996389949357,0.5201221350547738,0.7615155550749562,0.2931205117451461,4938.0,0.5840909090909091,0.6554485349361383,0.5160330578512397,0.7965749281717829,0.2947352546304164,880.0,0.0336430072784423,0.0267829895019531,2026-04-22T08:16:04.800946+00:00
NR-AhR,maccs,DecisionTree,random_over,accuracy,"{'ccp_alpha': 0.01, 'criterion': 'gini', 'max_depth': 5, 'min_samples_leaf': 10}",0.804686896203406,1732,0.9861431870669746,0.985259956063764,0.9231929046563192,0.9028748187657042,0.804686896203406,0.7084401958498484,0.6988210424262299,0.69882104242623,0.7722795945817463,0.7192307099499597,8578.0,0.5795454545454546,0.651349286822642,0.512665313624417,0.7931221331720348,0.2928705668423075,880.0,0.0444188117980957,0.0451948642730712,2026-04-22T08:16:07.729189+00:00
NR-AhR,maccs,DecisionTree,random_under,accuracy,"{'ccp_alpha': 0.0, 'criterion': 'gini', 'max_depth': 5, 'min_samples_leaf': 50}",0.7927327955073031,1732,0.98094688221709,0.979130818950626,0.8885619863714795,0.902897780576932,0.7927327955073031,0.7288135593220338,0.7362990483065844,0.7171727398381857,0.813012670910088,0.6522500937506079,1947.0,0.7272727272727273,0.774666847215695,0.6144747218084641,0.8327158626946923,0.3964784630816819,880.0,0.0141949653625488,0.0086469650268554,2026-04-22T08:16:08.024565+00:00
NR-AhR,maccs,XGBoost,smote,accuracy,"{'colsample_bytree': 0.8, 'learning_rate': 0.05, 'max_depth': 3, 'min_child_weight': 5, 'n_estimators': 100, 'scale_pos_weight': 1, 'subsample': 0.8}",0.7360907483593672,1732,0.9763279445727483,0.9733269373798796,0.8543639342984707,0.9108688093316801,0.7360907483593672,0.8475169037071578,0.8470053780358119,0.8470053780358118,0.9163986439960032,0.9017947973118549,8578.0,0.7965909090909091,0.8274304295469125,0.6730043863746291,0.8566838046272494,0.3998263533262489,880.0,0.23129606246948242,0.20731711387634277,2026-04-29T23:17:15.244570+00:00
NR-AhR,maccs,XGBoost,smoteenn,accuracy,"{'colsample_bytree': 0.8, 'learning_rate': 0.05, 'max_depth': 3, 'min_child_weight': 1, 'n_estimators': 100, 'scale_pos_weight': 1, 'subsample': 0.8}",0.7265403499279351,1732,0.9757505773672055,0.97257490756318,0.8498352696375933,0.9081461945718279,0.7265403499279351,0.8574053656743844,0.8574114773755812,0.8574052608167658,0.9292216055455402,0.9095245569212299,8163.0,0.8147727272727273,0.8400483358058909,0.6832931856369132,0.8573075759866928,0.4109345689124671,880.0,0.2212049961090088,0.20953011512756348,2026-04-29T23:17:15.644579+00:00
NR-AhR,maccs,DecisionTree,smoten,accuracy,"{'ccp_alpha': 0.0, 'criterion': 'gini', 'max_depth': 5, 'min_samples_leaf': 50}",0.7334935155074909,1732,0.9797921478060048,0.9775569205332406,0.8788237387134368,0.8497871112073321,0.7334935155074909,0.7701095826532991,0.7690683293782191,0.7690683293782191,0.8487093950750294,0.8003420266651493,8578.0,0.740909090909091,0.7839039748130658,0.6129360835243188,0.7941554513836383,0.3106406308896374,880.0,0.066741943359375,0.0607068538665771,2026-04-22T08:16:14.526276+00:00
NR-AhR,maccs,DecisionTree,smoten_enn,accuracy,"{'ccp_alpha': 0.01, 'criterion': 'entropy', 'max_depth': 10, 'min_samples_leaf': 10}",0.7841707586900708,1732,0.979214780600462,0.9768334492481334,0.8745684972842487,0.8708398118443583,0.7841707586900708,0.7904425210288919,0.7904516645654647,0.7904423217147432,0.8600984348381792,0.8070124734436128,8203.0,0.7602272727272728,0.7987251355568654,0.6308247789581258,0.801016936337517,0.2995421150287919,880.0,0.0805282592773437,0.0722739696502685,2026-04-22T08:16:17.960555+00:00
NR-AhR,map4,BalancedRandomForest,none,accuracy,"{'max_depth': 10, 'max_features': 'sqrt', 'min_samples_leaf': 20, 'n_estimators': 100}",0.7871966206320794,1732,0.97459584295612,0.9708282270900844,0.8384479059789198,0.9083102075091684,0.7871966206320794,0.8448764682057514,0.8629486725998244,0.7467246019382943,0.9084792824730624,0.6738600223830842,4938.0,0.7897727272727273,0.8195387562046001,0.6475572557093343,0.8098442461817632,0.357983467539841,880.0,1.1139459609985352,1.2924671173095703,2026-04-21T22:21:04.425348+00:00
NR-AhR,map4,XGBoost,random_over,accuracy,"{'colsample_bytree': 0.8, 'learning_rate': 0.05, 'max_depth': 3, 'min_child_weight': 10, 'n_estimators': 100, 'scale_pos_weight': 1, 'subsample': 0.8}",0.7568051598659549,1732,0.9745958429561201,0.9714800590810809,0.8447168519544876,0.8973967866585317,0.7568051598659549,0.8456516670552576,0.8456183578199382,0.8456183578199382,0.9188609009769279,0.9103569920980906,8578.0,0.7772727272727272,0.8086710858585859,0.6256944444444444,0.7956298200514139,0.34476376850497154,880.0,1.2927050590515137,1.274594783782959,2026-04-29T23:17:49.746194+00:00
NR-AhR,map4,RandomForest,random_under,accuracy,"{'max_depth': 10, 'max_features': 'log2', 'min_samples_leaf': 20, 'n_estimators': 100}",0.7229785848362105,1732,0.97459584295612,0.9710517589990448,0.8405957161981259,0.8691570391072447,0.7229785848362105,0.8305084745762712,0.8328255920064156,0.8149231013854195,0.8998744067559193,0.825307231730806,1947.0,0.7738636363636363,0.8058822296471104,0.6208859128981488,0.7927062855990726,0.3733015107737279,880.0,0.2738008499145508,0.1649658679962158,2026-04-21T17:05:37.900366+00:00
NR-AhR,map4,LogisticRegression,smote,accuracy,"{'C': 0.001, 'l1_ratio': 1.0}",0.0536951501154734,1732,0.9463048498845266,0.920197952513046,0.4862058736280035,0.5,0.0536951501154734,0.5,0.3333333333333333,0.3333333333333333,0.5,0.5,8578.0,0.884090909090909,0.8297017216800089,0.4692400482509047,0.5,0.1159090909090909,880.0,0.0913541316986084,0.084357738494873,2026-04-21T08:35:20.077220+00:00
NR-AhR,map4,LogisticRegression,smoteenn,accuracy,"{'C': 0.001, 'l1_ratio': 1.0}",0.0536951501154734,1732,0.9463048498845266,0.920197952513046,0.4862058736280035,0.5,0.0536951501154734,0.5110819828408008,0.3457188903720833,0.338222537654759,0.5,0.4889180171591992,8392.0,0.884090909090909,0.8297017216800089,0.4692400482509047,0.5,0.1159090909090909,880.0,0.0988180637359619,0.0837130546569824,2026-04-21T08:35:23.558084+00:00
NR-AhR,map4,LogisticRegression,smoten,accuracy,"{'C': 0.001, 'l1_ratio': 1.0}",0.0536951501154734,1732,0.9463048498845266,0.920197952513046,0.4862058736280035,0.5,0.0536951501154734,0.5,0.3333333333333333,0.3333333333333333,0.5,0.5,8578.0,0.884090909090909,0.8297017216800089,0.4692400482509047,0.5,0.1159090909090909,880.0,0.1073639392852783,0.092620849609375,2026-04-21T08:35:24.189475+00:00
NR-AhR,map4,LogisticRegression,smoten_enn,accuracy,"{'C': 0.001, 'l1_ratio': 1.0}",0.0536951501154734,1732,0.9463048498845266,0.920197952513046,0.4862058736280035,0.5,0.0536951501154734,0.5147005880235209,0.3497941407119127,0.3398035176675645,0.5,0.4852994119764791,8333.0,0.884090909090909,0.8297017216800089,0.4692400482509047,0.5,0.1159090909090909,880.0,0.0847790241241455,0.0838570594787597,2026-04-21T08:35:26.073565+00:00
NR-AhR,mhfp,LogisticRegression,none,accuracy,"{'C': 0.001, 'l1_ratio': 0.0}",0.7657479487490028,1732,0.9757505773672056,0.9729723574561556,0.8536632468316234,0.9338503021118306,0.7657479487490028,0.8564196030781693,0.8728496251078186,0.7639146885177939,0.9396104486303696,0.7119160660713894,4938.0,0.7886363636363637,0.8196757787666878,0.6531468531468532,0.8244997227682846,0.3454127172955896,880.0,0.749492883682251,0.7096388339996338,2026-04-21T08:35:29.586733+00:00
NR-AhR,mhfp,BernoulliNB,random_over,accuracy,{'alpha': 50.0},0.7804286506872761,1732,0.9757505773672056,0.9723675881354518,0.8478413654618474,0.9161565864315376,0.7804286506872761,0.7543716484028912,0.7543305121154189,0.7543305121154189,0.8362919158419052,0.8277888715873518,8578.0,0.7454545454545455,0.7878579175098668,0.6212028040831385,0.8209650183981047,0.33389698865532,880.0,0.3744080066680908,0.3261759281158447,2026-04-21T14:08:48.583888+00:00
NR-AhR,mhfp,BernoulliNB,random_under,accuracy,{'alpha': 0.1},0.775341135189838,1732,0.9751732101616628,0.9716012384763206,0.8431763960219245,0.9147788777578776,0.775341135189838,0.7560349255264509,0.7610289731947898,0.7383636799307904,0.8382120412819534,0.7112808524218205,1947.0,0.75,0.7911530235271242,0.6235660120552207,0.8232080750037805,0.3399015713135622,880.0,0.0895249843597412,0.0470030307769775,2026-04-21T14:08:53.338818+00:00
NR-AhR,mhfp,LogisticRegression,smote,accuracy,"{'C': 0.01, 'l1_ratio': 0.0}",0.6845217330997608,1732,0.9561200923787528,0.9460668623807896,0.6870286360999363,0.9286084486344282,0.6845217330997608,0.970389368151084,0.9703751383134044,0.9703751383134044,0.996622710495669,0.996973605766432,8578.0,0.8647727272727272,0.8465141358794185,0.5839012043501238,0.8032158878975755,0.3112906116888844,880.0,1.722588062286377,1.653390884399414,2026-04-21T08:35:49.432633+00:00
NR-AhR,mhfp,LogisticRegression,smoteenn,accuracy,"{'C': 0.01, 'l1_ratio': 0.0}",0.6694082105208408,1732,0.9549653579676676,0.944124683658088,0.6738072242611551,0.9275128422129936,0.6694082105208408,0.9719680975838612,0.9719527678792864,0.97194821276707,0.9967870946490393,0.997126698239874,8526.0,0.8625,0.8469720833925573,0.59095082420643,0.8021825696859721,0.3063712511283086,880.0,1.7202858924865725,1.5976498126983645,2026-04-21T08:35:49.783682+00:00
NR-AhR,mhfp,LogisticRegression,smoten,accuracy,"{'C': 0.1, 'l1_ratio': 1.0}",0.6066837110672042,1732,0.9595842956120092,0.947812407916912,0.6878218596794793,0.914667348960486,0.6066837110672042,0.9635113079972022,0.9634939589404696,0.9634939589404696,0.9932419962446294,0.9943536135295646,8578.0,0.8522727272727273,0.840934785960224,0.5854531750518184,0.7879429406724129,0.2892092787123705,880.0,1.3423748016357422,1.3566641807556152,2026-04-21T08:35:53.831949+00:00
NR-AhR,mhfp,KNeighbors,smoten_enn,accuracy,"{'n_neighbors': 15, 'weights': 'uniform'}",0.4141192362803609,1732,0.957852193995381,0.9550254100030072,0.7650163642547434,0.8547534229500022,0.4141192362803609,0.9526044110746128,0.952546510884705,0.952556101713708,0.9974792879178308,0.9970077334050744,8524.0,0.8465909090909091,0.854681093420269,0.6660961069841564,0.7858384999243913,0.3342225917923513,880.0,82.42522287368774,55.83746290206909,2026-04-23T20:34:39.234086+00:00
NR-AhR,morgan_2048,DecisionTree,none,accuracy,"{'ccp_alpha': 0.01, 'criterion': 'entropy', 'max_depth': 10, 'min_samples_leaf': 50}",0.7023837956493838,1732,0.9826789838337182,0.9813398029681986,0.90171004842615,0.8168172305431451,0.7023837956493838,0.5496152288375861,0.6171634043112937,0.4960425379446455,0.754088018908154,0.2800539980715695,4938.0,0.6056818181818182,0.6751988921106329,0.5269542801993434,0.7427415696355664,0.2320177201489486,880.0,0.3242280483245849,0.4148600101470947,2026-04-22T08:21:00.403189+00:00
NR-AhR,morgan_2048,XGBoost,random_over,accuracy,"{'colsample_bytree': 0.8, 'learning_rate': 0.1, 'max_depth': 3, 'min_child_weight': 5, 'n_estimators': 100, 'scale_pos_weight': 1, 'subsample': 0.8}",0.8714246010927562,1732,0.9797921478060047,0.9775569205332406,0.8788237387134368,0.9435237851561731,0.8714246010927562,0.8458848216367452,0.8458803896190876,0.8458803896190876,0.9270118253242189,0.9212077342228141,8578.0,0.7784090909090909,0.812005216545519,0.6437757281734787,0.8439626493270831,0.4275582906634585,880.0,2.1804568767547607,2.0632498264312744,2026-04-29T23:26:30.440373+00:00
NR-AhR,morgan_2048,DecisionTree,random_under,accuracy,"{'ccp_alpha': 0.01, 'criterion': 'entropy', 'max_depth': 10, 'min_samples_leaf': 50}",0.7023837956493838,1732,0.9826789838337182,0.9813398029681986,0.90171004842615,0.8168172305431451,0.7023837956493838,0.6142783769902413,0.6195042140964577,0.6134152225669525,0.7486562235132395,0.5362018199054263,1947.0,0.6056818181818182,0.6751988921106329,0.5269542801993434,0.7430251020716769,0.2320965215609001,880.0,0.1894481182098388,0.2365539073944091,2026-04-22T08:21:21.783635+00:00
NR-AhR,morgan_2048,LogisticRegression,smote,accuracy,"{'C': 0.01, 'l1_ratio': 1.0}",0.5341065668706951,1732,0.96824480369515,0.9621702711737072,0.7849773036614351,0.8046769929212017,0.5341065668706951,0.7950571228724644,0.7947496633404952,0.7947496633404952,0.8688551142422114,0.8565548489434465,8578.0,0.7681818181818182,0.8014251146563125,0.6141545445166615,0.7642396290135592,0.2585552844706576,880.0,0.1862902641296386,0.1401076316833496,2026-04-21T08:36:19.357139+00:00
NR-AhR,morgan_2048,LogisticRegression,smoteenn,accuracy,"{'C': 0.01, 'l1_ratio': 1.0}",0.516761334914358,1732,0.9670900692840648,0.9604530301239844,0.7738918930060945,0.7983821763860733,0.516761334914358,0.8021218262009775,0.8019111681504595,0.8020148514096987,0.8752753498740397,0.8571368556028383,8389.0,0.7727272727272727,0.8047664141414141,0.6180555555555556,0.7615366197893039,0.2564940896892348,880.0,0.1696100234985351,0.1450161933898925,2026-04-21T08:36:19.760767+00:00
NR-AhR,morgan_2048,LogisticRegression,smoten,accuracy,"{'C': 0.01, 'l1_ratio': 1.0}",0.5520223824393645,1732,0.96824480369515,0.9621702711737072,0.7849773036614351,0.8045425023125823,0.5520223824393645,0.8105619025413849,0.8104383457459606,0.8104383457459607,0.8902524152482552,0.8833977339436159,8578.0,0.7818181818181819,0.8098859579359948,0.6162755838988363,0.7761164877261958,0.2848827400039184,880.0,0.178642988204956,0.1476428508758545,2026-04-21T08:36:23.358435+00:00
NR-AhR,morgan_2048,LogisticRegression,smoten_enn,accuracy,"{'C': 0.01, 'l1_ratio': 1.0}",0.5380871967989113,1732,0.9676674364896074,0.961315956153614,0.7794754265342501,0.7975030670419283,0.5380871967989113,0.817876424715057,0.817855745830038,0.8178742199809925,0.9034232924308204,0.8890203166983217,8335.0,0.7840909090909091,0.8112026952472604,0.6162285735271165,0.7707482736025002,0.2786140951347338,880.0,0.175832986831665,0.1485712528228759,2026-04-21T08:36:23.676390+00:00
NR-AhR,morgan_4096,XGBoost,none,accuracy,"{'colsample_bytree': 0.8, 'learning_rate': 0.05, 'max_depth': 3, 'min_child_weight': 5, 'n_estimators': 100, 'scale_pos_weight': 8, 'subsample': 0.8}",0.8904772982733777,1732,0.9815242494226328,0.9798315125313011,0.8925991380646761,0.9591115747210139,0.8904772982733777,0.7306601863102471,0.7734226232339481,0.6432760760748581,0.8985804514433131,0.6126074170822678,4938.0,0.7034090909090909,0.7562465617836308,0.6002721936125001,0.8440886637431322,0.4243792827053466,880.0,3.998842239379883,3.750845193862915,2026-04-29T23:29:14.464041+00:00
NR-AhR,morgan_4096,DecisionTree,random_over,accuracy,"{'ccp_alpha': 0.01, 'criterion': 'entropy', 'max_depth': 5, 'min_samples_leaf': 10}",0.6689093739442128,1732,0.9803695150115472,0.9785709820645074,0.8858865841937185,0.7741968286458436,0.6689093739442128,0.6748659361156447,0.6645962489101396,0.6645962489101396,0.7491315956748386,0.703211334043092,8578.0,0.5727272727272728,0.6469649309798009,0.49671146697169,0.7190382579767125,0.2331954934790123,880.0,1.961972951889038,1.9429340362548828,2026-04-22T08:23:05.526105+00:00
NR-AhR,morgan_4096,DecisionTree,random_under,accuracy,"{'ccp_alpha': 0.01, 'criterion': 'entropy', 'max_depth': 5, 'min_samples_leaf': 50}",0.6762200851150412,1732,0.9815242494226328,0.9798315125313012,0.8925991380646761,0.7850085614753292,0.6762200851150412,0.6522855675398048,0.6622153213321129,0.6425076448452385,0.7427605822398332,0.5636974251006259,1947.0,0.6556818181818181,0.7176080719738539,0.5559781586015909,0.7348278643076767,0.2727270733262805,880.0,0.3433558940887451,0.330798864364624,2026-04-22T08:23:24.919137+00:00
NR-AhR,morgan_4096,LogisticRegression,smote,accuracy,"{'C': 0.01, 'l1_ratio': 1.0}",0.5164324229026872,1732,0.966512702078522,0.9592168427498188,0.7647444544364508,0.8183786337066268,0.5164324229026872,0.8127768710655164,0.8125536741078254,0.8125536741078254,0.8879707728854214,0.8814512912570727,8578.0,0.7738636363636363,0.8027836780590338,0.6012378204704902,0.7481097837592621,0.2401538921308848,880.0,0.3472959995269775,0.2369749546051025,2026-04-21T08:36:38.516174+00:00
NR-AhR,morgan_4096,LogisticRegression,smoteenn,accuracy,"{'C': 0.01, 'l1_ratio': 1.0}",0.4913720156317053,1732,0.9647806004618936,0.9565087775723532,0.7468655286013777,0.8108996437639001,0.4913720156317053,0.8115375503435205,0.8115493318351473,0.8115295505652553,0.8943266298630879,0.8800867131723319,8442.0,0.7829545454545455,0.8074443425380406,0.597886078886866,0.7451799485861181,0.2291488745714673,880.0,0.3095960617065429,0.2515461444854736,2026-04-21T08:36:40.527528+00:00
NR-AhR,morgan_4096,LogisticRegression,smoten,accuracy,"{'C': 0.01, 'l1_ratio': 1.0}",0.5444356170143415,1732,0.96824480369515,0.9618406431020904,0.7818255107953543,0.803253360625086,0.5444356170143415,0.8247843320121241,0.824650478678164,0.824650478678164,0.895798819723562,0.8907702723177986,8578.0,0.7829545454545455,0.8096900455939039,0.6110834731300978,0.7549082615051161,0.2420047138722152,880.0,0.3762621879577636,0.2770380973815918,2026-04-21T08:36:45.337907+00:00
NR-AhR,morgan_4096,LogisticRegression,smoten_enn,accuracy,"{'C': 0.01, 'l1_ratio': 1.0}",0.5180290177790224,1732,0.966512702078522,0.9592168427498188,0.7647444544364508,0.7950264716880867,0.5180290177790224,0.83629003452792,0.83619058944806,0.8362470995093139,0.9067483501902394,0.8973935444748243,8399.0,0.7829545454545455,0.8086021368562258,0.6046283511205097,0.7520603357024044,0.2413048761824038,880.0,0.346052885055542,0.2625379562377929,2026-04-21T08:36:51.661300+00:00
NR-AhR,pubchem,BalancedRandomForest,none,accuracy,"{'max_depth': 10, 'max_features': 'sqrt', 'min_samples_leaf': 20, 'n_estimators': 200}",0.8676511136421252,1732,0.9838337182448036,0.982583816103652,0.9082627118644068,0.9449113346060738,0.8676511136421252,0.7511138112596193,0.7885859851301932,0.6492614571538,0.8643676211873927,0.5459532400701206,4938.0,0.7272727272727273,0.7747749118400572,0.6158072050701807,0.845071576188316,0.3519160981106976,880.0,2.364044189453125,1.793936014175415,2026-04-21T22:29:55.154822+00:00
NR-AhR,pubchem,RandomForest,random_over,accuracy,"{'max_depth': 5, 'max_features': 'sqrt', 'min_samples_leaf': 5, 'n_estimators': 100}",0.8787661479453724,1732,0.9815242494226328,0.9796939996852084,0.8912700592458901,0.9548439580914144,0.8787661479453724,0.7710422009792492,0.7707191228987021,0.7707191228987023,0.8621666926421927,0.8494542002946791,8578.0,0.7261363636363637,0.7734387484977222,0.6094571476450126,0.8340327133424065,0.344017977586168,880.0,0.6300051212310791,0.2501220703125,2026-04-21T17:12:54.704601+00:00
NR-AhR,pubchem,RandomForest,random_under,accuracy,"{'max_depth': 10, 'max_features': 'log2', 'min_samples_leaf': 20, 'n_estimators': 100}",0.866306058970385,1732,0.9838337182448036,0.9824697226527558,0.9071576803203996,0.9473518471137004,0.866306058970385,0.7211093990755008,0.7288166129520712,0.709200998026996,0.8352603626297183,0.7288174597394357,1947.0,0.7102272727272727,0.7615070403585498,0.6032188078528726,0.8278454055143908,0.3768842248344764,880.0,0.1494638919830322,0.1342458724975586,2026-04-21T17:13:11.066669+00:00
NR-AhR,pubchem,RandomForest,smote,accuracy,"{'max_depth': 5, 'max_features': 'sqrt', 'min_samples_leaf': 10, 'n_estimators': 200}",0.8011406647178236,1732,0.9763279445727484,0.9731274175538392,0.8524441304505928,0.9143852467082604,0.8011406647178236,0.8121939846117976,0.811178717894515,0.811178717894515,0.8918790883933104,0.8841288544140301,8578.0,0.7522727272727273,0.7941307148520086,0.6369307170542636,0.8346249810978376,0.3293847811183453,880.0,0.6298322677612305,0.5911109447479248,2026-04-21T17:13:18.352256+00:00
NR-AhR,pubchem,RandomForest,smoteenn,accuracy,"{'max_depth': 5, 'max_features': 'sqrt', 'min_samples_leaf': 10, 'n_estimators': 200}",0.7832779343795212,1732,0.9757505773672056,0.9723675881354518,0.8478413654618474,0.9102061970648244,0.7832779343795212,0.8342703495477878,0.8340944849456114,0.8342258856672375,0.9011508122050343,0.8852771414493461,8182.0,0.7670454545454546,0.8054718180742061,0.6499255800775829,0.8362883713896869,0.3374627166069898,880.0,0.706740140914917,0.6417150497436523,2026-04-21T17:13:24.406323+00:00
NR-AhR,pubchem,DecisionTree,smoten,accuracy,"{'ccp_alpha': 0.01, 'criterion': 'entropy', 'max_depth': 5, 'min_samples_leaf': 10}",0.5753378457831309,1732,0.9757505773672056,0.97257490756318,0.8498352696375933,0.7229034226219764,0.5753378457831309,0.7810678479832128,0.7810571362138965,0.7810571362138965,0.859114862797308,0.8166338268613849,8578.0,0.7477272727272727,0.7887149383567721,0.615542051072137,0.7423824285498261,0.2594709660768619,880.0,0.2046539783477783,0.1897840499877929,2026-04-22T08:27:26.422564+00:00
NR-AhR,pubchem,BernoulliNB,smoten_enn,accuracy,{'alpha': 50.0},0.8464763315731375,1732,0.9705542725173212,0.9652178548047796,0.8034511531657822,0.9348409402533672,0.8464763315731375,0.7576271186440678,0.7570564079131802,0.7573640113240654,0.8492487707715867,0.8287388488084076,8260.0,0.7034090909090909,0.755009504640501,0.5814678146781468,0.7815288068955089,0.27085993526058,880.0,0.0939130783081054,0.0730121135711669,2026-04-21T14:10:25.185605+00:00
NR-AhR,rdkit,BalancedRandomForest,none,accuracy,"{'max_depth': 5, 'max_features': 'sqrt', 'min_samples_leaf': 20, 'n_estimators': 100}",0.8560398760652254,1732,0.9815242494226328,0.9798315125313012,0.8925991380646761,0.9356839667512972,0.8560398760652254,0.811462130417173,0.8363392474978794,0.709336854547288,0.8853046511285365,0.5687596540786701,4938.0,0.7852272727272728,0.818613761098939,0.6607867251601535,0.832615051161853,0.3384252607827839,880.0,1.269996166229248,2.0671679973602295,2026-04-21T22:31:04.246552+00:00
NR-AhR,rdkit,DecisionTree,random_over,accuracy,"{'ccp_alpha': 0.01, 'criterion': 'gini', 'max_depth': 5, 'min_samples_leaf': 10}",0.7819646516606109,1732,0.9803695150115472,0.978986745357606,0.8899133334828873,0.906145236736274,0.7819646516606109,0.7048262998367918,0.694810168644058,0.694810168644058,0.7449597649340837,0.675356899138102,8578.0,0.625,0.691822111010009,0.5412496208674553,0.7691856948434901,0.2334653567980149,880.0,1.13930082321167,1.0284810066223145,2026-04-22T08:28:04.630679+00:00
NR-AhR,rdkit,BernoulliNB,random_under,accuracy,{'alpha': 50.0},0.846502282400673,1732,0.9815242494226328,0.9799653973174351,0.8938944917947422,0.9379047019228878,0.846502282400673,0.7205957883923986,0.727283510472827,0.7036947516130548,0.7809952967822964,0.559962138502369,1947.0,0.6806818181818182,0.73779720586284,0.5748858047135963,0.7955542114017843,0.2690110481141582,880.0,0.0760650634765625,0.0515639781951904,2026-04-21T14:10:43.452691+00:00
NR-AhR,rdkit,LogisticRegression,smote,accuracy,"{'C': 0.01, 'l1_ratio': 1.0}",0.5952365498239325,1732,0.9630484988452656,0.9599307946348706,0.7877889835894845,0.8426787905029949,0.5952365498239325,0.8118442527395663,0.8117955429791918,0.8117955429791918,0.8979936746559122,0.8906451791978998,8578.0,0.7693181818181818,0.8022606573370226,0.6151252501879776,0.7972050002520288,0.3496898198436428,880.0,0.4294390678405761,0.3672840595245361,2026-04-21T08:37:30.933310+00:00
NR-AhR,rdkit,LogisticRegression,smoteenn,accuracy,"{'C': 0.01, 'l1_ratio': 1.0}",0.5493271874781219,1732,0.9607390300230948,0.9568497493310678,0.7689488758975164,0.8336187158443058,0.5493271874781219,0.8227529855436833,0.823006778872239,0.8223193299866289,0.9119076038793972,0.8914679714359466,7955.0,0.7784090909090909,0.8095089181798603,0.6266960204838594,0.7939790312011694,0.362741987159266,880.0,0.3839490413665771,0.3182411193847656,2026-04-21T08:37:33.441955+00:00
NR-AhR,rdkit,DecisionTree,smoten,accuracy,"{'ccp_alpha': 0.01, 'criterion': 'gini', 'max_depth': 5, 'min_samples_leaf': 10}",0.528445550515485,1732,0.96824480369515,0.9658995137274886,0.8208667821272964,0.7755614162845167,0.528445550515485,0.8018186057356027,0.8015560781735092,0.8015560781735092,0.8418970030802608,0.7919571217863779,8578.0,0.7238636363636364,0.7701194673488277,0.5914398002288885,0.7158059882050507,0.2441222188166805,880.0,0.9950530529022216,0.9695050716400146,2026-04-22T08:29:25.711086+00:00
NR-AhR,rdkit,DecisionTree,smoten_enn,accuracy,"{'ccp_alpha': 0.0, 'criterion': 'gini', 'max_depth': 5, 'min_samples_leaf': 20}",0.5091420140322528,1732,0.96824480369515,0.9647323036950924,0.8095801608354005,0.7554337486140907,0.5091420140322528,0.8456775133559981,0.845568193270127,0.8456514615760689,0.897704269138952,0.8343748064152412,8236.0,0.7613636363636364,0.7978975037285483,0.6189345012743424,0.7396668178839658,0.2783587881525262,880.0,0.9153010845184326,1.0246200561523438,2026-04-22T08:29:48.609539+00:00
NR-AhR,topological_torsion,BalancedRandomForest,none,accuracy,"{'max_depth': 5, 'max_features': 'sqrt', 'min_samples_leaf': 5, 'n_estimators': 100}",0.7666497152661848,1732,0.9803695150115472,0.978424874665534,0.8844744379487581,0.8684419427004402,0.7666497152661848,0.7176994734710409,0.7616432623337729,0.6156985620962323,0.8442045997914183,0.5011961827420449,4938.0,0.7,0.7532794476719712,0.5924896859476299,0.8378320479862895,0.4408353366940141,880.0,1.8268890380859375,1.8860561847686768,2026-04-21T22:34:20.746004+00:00
NR-AhR,topological_torsion,RandomForest,random_over,accuracy,"{'max_depth': 5, 'max_features': 'sqrt', 'min_samples_leaf': 10, 'n_estimators': 200}",0.7692703574023144,1732,0.9803695150115472,0.978424874665534,0.8844744379487581,0.8766917934486671,0.7692703574023144,0.7528561436232222,0.752819810037799,0.752819810037799,0.8534166278845814,0.8465764194858407,8578.0,0.7136363636363636,0.7639259054789774,0.602041475547516,0.8369373456323403,0.4326989999519962,880.0,0.8445312976837158,1.038008213043213,2026-04-21T17:16:22.751925+00:00
NR-AhR,topological_torsion,RandomForest,random_under,accuracy,"{'max_depth': 5, 'max_features': 'sqrt', 'min_samples_leaf': 5, 'n_estimators': 200}",0.7612597384194716,1732,0.9797921478060048,0.9777135732105828,0.8803355027705233,0.8745169818995322,0.7612597384194716,0.7457627118644068,0.7522323384170805,0.7319483401915479,0.8502075018815245,0.7380095834749787,1947.0,0.7125,0.7631274875855086,0.6024505786286831,0.8451534855587479,0.4367400738720841,880.0,0.4102249145507812,0.4249939918518066,2026-04-21T17:16:36.011921+00:00
NR-AhR,topological_torsion,DecisionTree,smote,accuracy,"{'ccp_alpha': 0.01, 'criterion': 'gini', 'max_depth': 5, 'min_samples_leaf': 10}",0.3807154096918337,1732,0.9647806004618936,0.9573005457097437,0.7544204641865114,0.6562288833343174,0.3807154096918337,0.6861739333177896,0.678372139031406,0.6783721390314061,0.7578409439993572,0.6932491223824954,8578.0,0.7761363636363636,0.8069807816174599,0.6191354973361893,0.6775606129341197,0.2152934569605939,880.0,0.7151150703430176,0.8563358783721924,2026-04-22T08:30:16.764425+00:00
NR-AhR,topological_torsion,DecisionTree,smoteenn,accuracy,"{'ccp_alpha': 0.0, 'criterion': 'entropy', 'max_depth': 5, 'min_samples_leaf': 20}",0.4495232599539874,1732,0.9688221709006928,0.9633251607680288,0.7933576074660633,0.7176025244871315,0.4495232599539874,0.721637146960268,0.715382677027024,0.7141539227569531,0.8139147537089034,0.7430488653259133,8356.0,0.7897727272727273,0.8134932113588352,0.6105179298118859,0.6595909572055043,0.2154037649150899,880.0,0.9992249011993408,0.7182629108428955,2026-04-22T08:30:57.937247+00:00
NR-AhR,topological_torsion,DecisionTree,smoten,accuracy,"{'ccp_alpha': 0.01, 'criterion': 'gini', 'max_depth': 10, 'min_samples_leaf': 10}",0.6879145994014104,1732,0.9734411085450346,0.970398296261504,0.83972641319654,0.8517683874904053,0.6879145994014104,0.7804849615294941,0.7800735720740641,0.7800735720740641,0.8330409070773259,0.7752476887458777,8578.0,0.7352272727272727,0.7756332678210874,0.5762577007888335,0.6902250617470639,0.2238674243684378,880.0,1.2055799961090088,1.072109937667847,2026-04-22T08:31:10.355465+00:00
NR-AhR,topological_torsion,DecisionTree,smoten_enn,accuracy,"{'ccp_alpha': 0.0, 'criterion': 'entropy', 'max_depth': 5, 'min_samples_leaf': 10}",0.5922353828295792,1732,0.9740184757505772,0.9711446121141664,0.8442019497744186,0.7731045024831559,0.5922353828295792,0.7890107241836366,0.7874411172021214,0.7879462156425399,0.8611953736549277,0.792984407664419,8299.0,0.7022727272727273,0.7510755985643542,0.5499125437281359,0.6261656333484551,0.1942341048476498,880.0,0.7150528430938721,0.7084720134735107,2026-04-22T08:31:20.422223+00:00
NR-Aromatase,atom_pair,RandomForest,none,accuracy,"{'max_depth': 5, 'max_features': 'sqrt', 'min_samples_leaf': 20, 'n_estimators': 200}",0.5193248811588271,1586,0.9836065573770492,0.9805553649467948,0.7716873740393773,0.8751212807244502,0.5193248811588271,0.89453125,0.914127216475961,0.697280160515614,0.9197512460060722,0.6113524803160423,4352.0,0.8477088948787062,0.8672326255658195,0.6063623517039667,0.7066974004353951,0.223431495785412,742.0,0.5789861679077148,0.5641129016876221,2026-04-21T17:18:10.558629+00:00
NR-Aromatase,atom_pair,RandomForest,random_over,accuracy,"{'max_depth': 5, 'max_features': 'sqrt', 'min_samples_leaf': 20, 'n_estimators': 100}",0.4758415945691783,1586,0.9823455233291298,0.9798338668410308,0.769691940670055,0.8655320181112549,0.4758415945691783,0.8485512539566593,0.8484993748840937,0.8484993748840937,0.9259531776263262,0.9342843485220254,8214.0,0.8086253369272237,0.842149932264515,0.5789818588667786,0.7299526187732105,0.2595538748065168,742.0,0.4205601215362549,0.5999720096588135,2026-04-21T17:18:16.867874+00:00
NR-Aromatase,atom_pair,RandomForest,random_under,accuracy,"{'max_depth': 10, 'max_features': 'sqrt', 'min_samples_leaf': 5, 'n_estimators': 200}",0.4378957188207973,1586,0.9791929382093316,0.9772179001187205,0.7484173336217463,0.8721943725743855,0.4378957188207973,0.9346938775510204,0.9345578640971596,0.9262270400481782,0.9721116201582674,0.9499938735923008,735.0,0.8153638814016172,0.8462064772110065,0.5808756529877669,0.7170956588551672,0.2561792854274641,742.0,0.4405901432037353,0.3444530963897705,2026-04-21T17:18:30.701231+00:00
NR-Aromatase,atom_pair,LogisticRegression,smote,accuracy,"{'C': 0.001, 'l1_ratio': 1.0}",0.0252206809583858,1586,0.974779319041614,0.9623300301649652,0.4936143039591315,0.5,0.0252206809583858,0.5,0.3333333333333333,0.3333333333333333,0.5,0.5,8214.0,0.9231805929919138,0.886305124315993,0.4800280308339173,0.5,0.0768194070080862,742.0,0.2027850151062011,0.1475780010223388,2026-04-21T08:38:13.448483+00:00
NR-Aromatase,atom_pair,LogisticRegression,smoteenn,accuracy,"{'C': 0.001, 'l1_ratio': 1.0}",0.0252206809583858,1586,0.974779319041614,0.9623300301649652,0.4936143039591315,0.5,0.0252206809583858,0.5038645564961355,0.3376361125027946,0.3350465002447381,0.5,0.4961354435038645,8151.0,0.9231805929919138,0.886305124315993,0.4800280308339173,0.5,0.0768194070080862,742.0,0.1571400165557861,0.1341340541839599,2026-04-21T08:38:16.846263+00:00
NR-Aromatase,atom_pair,RandomForest,smoten,accuracy,"{'max_depth': 10, 'max_features': 'sqrt', 'min_samples_leaf': 20, 'n_estimators': 200}",0.2583812072080733,1586,0.978562421185372,0.9715263571185992,0.6403915919760991,0.6020294307891334,0.2583812072080733,0.9464329194058924,0.9464329162301256,0.9464329162301256,0.9826714756926196,0.9822756128788616,8214.0,0.8935309973045822,0.8836122867582994,0.555772801333788,0.5949289281598157,0.1420159425073618,742.0,2.3382298946380615,2.6561598777770996,2026-04-21T17:19:45.836407+00:00
NR-Aromatase,atom_pair,RandomForest,smoten_enn,accuracy,"{'max_depth': 10, 'max_features': 'sqrt', 'min_samples_leaf': 10, 'n_estimators': 100}",0.221704005444693,1586,0.9779319041614124,0.9703011134662338,0.6220595744680851,0.5552150711513584,0.221704005444693,0.9612775927981256,0.9612791981424176,0.961276291915682,0.9913405544610212,0.9898391341132182,8109.0,0.8935309973045822,0.8809550849535138,0.5375779998895577,0.5673453707260852,0.1315477812161685,742.0,1.1063969135284424,1.329444169998169,2026-04-21T17:19:48.301298+00:00
NR-Aromatase,avalon,BalancedRandomForest,none,accuracy,"{'max_depth': 10, 'max_features': 'sqrt', 'min_samples_leaf': 20, 'n_estimators': 100}",0.5867188793009183,1586,0.9861286254728878,0.9846886810352552,0.8297918008156256,0.8967658473479948,0.5867188793009183,0.7272518382352942,0.8004330635072106,0.5394673275883357,0.8509220196478884,0.3612156946836499,4352.0,0.7210242587601078,0.78395018502212,0.5354125643142984,0.7422973492124473,0.2218259240998878,742.0,0.5659787654876709,0.4898827075958252,2026-04-21T22:37:26.605027+00:00
NR-Aromatase,avalon,BernoulliNB,random_over,accuracy,{'alpha': 0.1},0.576919977154422,1586,0.9854981084489282,0.983581152176821,0.8137613788948623,0.8713130659767141,0.576919977154422,0.6380569758948137,0.6370483848004797,0.6370483848004795,0.7025284914156253,0.6613485310994417,8214.0,0.692722371967655,0.7633183110458885,0.5114191647894646,0.6709053656037904,0.1172083518452021,742.0,0.0576162338256835,0.0506560802459716,2026-04-21T14:11:54.621342+00:00
NR-Aromatase,avalon,RandomForest,random_under,accuracy,"{'max_depth': 5, 'max_features': 'sqrt', 'min_samples_leaf': 20, 'n_estimators': 200}",0.5685178744310659,1586,0.9867591424968474,0.9855023000755494,0.8399019395774749,0.8788163001293662,0.5685178744310659,0.7646258503401361,0.7703280131934762,0.7506515357418095,0.8677509371095377,0.7921824004405564,735.0,0.683288409703504,0.7568744924771386,0.5174337671826179,0.7369957741067998,0.2471222501128179,742.0,0.4046826362609863,0.3308768272399902,2026-04-21T17:20:14.334945+00:00
NR-Aromatase,avalon,LogisticRegression,smote,accuracy,"{'C': 0.001, 'l1_ratio': 1.0}",0.0252206809583858,1586,0.974779319041614,0.9623300301649652,0.4936143039591315,0.5,0.0252206809583858,0.5,0.3333333333333333,0.3333333333333333,0.5,0.5,8214.0,0.9231805929919138,0.886305124315993,0.4800280308339173,0.5,0.0768194070080862,742.0,0.060129165649414,0.0562450885772705,2026-04-21T08:38:31.536458+00:00
NR-Aromatase,avalon,LogisticRegression,smoteenn,accuracy,"{'C': 0.001, 'l1_ratio': 1.0}",0.0252206809583858,1586,0.974779319041614,0.9623300301649652,0.4936143039591315,0.5,0.0252206809583858,0.5060998151571164,0.3401328654639629,0.336033382425135,0.5,0.4939001848428835,8115.0,0.9231805929919138,0.886305124315993,0.4800280308339173,0.5,0.0768194070080862,742.0,0.0673837661743164,0.0508198738098144,2026-04-21T08:38:34.116892+00:00
NR-Aromatase,avalon,RandomForest,smoten,accuracy,"{'max_depth': 5, 'max_features': 'log2', 'min_samples_leaf': 20, 'n_estimators': 100}",0.3275129735346134,1586,0.980453972257251,0.9760900780008056,0.7132090879925336,0.6277086028460543,0.3275129735346134,0.8984660336011687,0.8984586591521612,0.898458659152161,0.9632140876785814,0.9600454974136636,8214.0,0.8867924528301887,0.8794405060530047,0.5496531791907514,0.642130874631835,0.1554909054500507,742.0,0.3748722076416015,0.2682719230651855,2026-04-21T17:20:58.123592+00:00
NR-Aromatase,avalon,RandomForest,smoten_enn,accuracy,"{'max_depth': 5, 'max_features': 'log2', 'min_samples_leaf': 20, 'n_estimators': 100}",0.2954457245923386,1586,0.980453972257251,0.9760900780008056,0.7132090879925336,0.626859637774903,0.2954457245923386,0.9200148349610582,0.919986526591026,0.9200021149005152,0.9748353529524204,0.967566997702136,8089.0,0.889487870619946,0.8823109701945998,0.5603757225433526,0.6261237034191318,0.1557763358378705,742.0,0.3377490043640136,0.2587320804595947,2026-04-21T17:21:00.931117+00:00
NR-Aromatase,erg,BalancedRandomForest,none,accuracy,"{'max_depth': 5, 'max_features': 'sqrt', 'min_samples_leaf': 20, 'n_estimators': 100}",0.516581407029786,1586,0.9854981084489282,0.9838598194452504,0.8193756034760219,0.8613761319534281,0.516581407029786,0.7704503676470589,0.830512587107659,0.5695898744452997,0.8377359709406043,0.3577000163734244,4352.0,0.7654986522911051,0.8151793839540306,0.567564308681672,0.7504674093994109,0.2510933078143249,742.0,0.4572651386260986,0.5128169059753418,2026-04-21T22:38:50.025220+00:00
NR-Aromatase,erg,DecisionTree,random_over,accuracy,"{'ccp_alpha': 0.0, 'criterion': 'gini', 'max_depth': 5, 'min_samples_leaf': 10}",0.4378741859506989,1586,0.9842370744010088,0.9821534262791534,0.7975667161900677,0.7739893272962485,0.4378741859506989,0.792427562697833,0.7917886850067476,0.7917886850067477,0.8528901436132992,0.8004568333061466,8214.0,0.7816711590296496,0.824439659203959,0.5611198738170347,0.6818798821872198,0.1752671931709137,742.0,0.1001739501953125,0.0829670429229736,2026-04-22T08:33:59.349908+00:00
NR-Aromatase,erg,RandomForest,random_under,accuracy,"{'max_depth': 5, 'max_features': 'sqrt', 'min_samples_leaf': 20, 'n_estimators': 200}",0.5122030976066654,1586,0.9854981084489282,0.9838598194452504,0.8193756034760219,0.8713939197930142,0.5122030976066654,0.7891156462585034,0.7930326273749003,0.7726143215553839,0.8483340274885465,0.767362466286041,735.0,0.7749326145552561,0.8219735115958798,0.5778273682776007,0.7492636701242157,0.2277930672659652,742.0,0.4083411693572998,0.2897989749908447,2026-04-21T17:21:21.774108+00:00
NR-Aromatase,erg,DecisionTree,smote,accuracy,"{'ccp_alpha': 0.0, 'criterion': 'entropy', 'max_depth': 5, 'min_samples_leaf': 10}",0.4602636317666296,1586,0.9842370744010088,0.9821534262791534,0.7975667161900677,0.7780320181112548,0.4602636317666296,0.799853907962016,0.7993637318854361,0.7993637318854361,0.8792517766023777,0.8464010942796373,8214.0,0.7601078167115903,0.8103883477944078,0.5515672533681009,0.6471123063132282,0.1507274213595607,742.0,0.1583588123321533,0.1499388217926025,2026-04-22T08:34:02.291649+00:00
NR-Aromatase,erg,DecisionTree,smoteenn,accuracy,"{'ccp_alpha': 0.0, 'criterion': 'entropy', 'max_depth': 5, 'min_samples_leaf': 10}",0.4716075013532925,1586,0.9854981084489282,0.9838598194452504,0.8193756034760219,0.7554010349288487,0.4716075013532925,0.8059177532597793,0.8040092617657153,0.8045051361932123,0.8894479937454935,0.8540199405374259,7976.0,0.7210242587601078,0.7841127588175673,0.5380284231897136,0.6554104238698937,0.1391274320492384,742.0,0.1439380645751953,0.1584458351135254,2026-04-22T08:34:03.575676+00:00
NR-Aromatase,erg,DecisionTree,smoten,accuracy,"{'ccp_alpha': 0.0, 'criterion': 'entropy', 'max_depth': 15, 'min_samples_leaf': 20}",0.1966138565204212,1586,0.9791929382093316,0.9727143816595726,0.6579819247583759,0.521838615782665,0.1966138565204212,0.9276844411979548,0.9276813156322036,0.9276813156322036,0.9844686354172464,0.983294127102494,8214.0,0.9029649595687332,0.8933401767431612,0.5911219960202051,0.5828915354078628,0.1491219890259498,742.0,0.1152708530426025,0.1103720664978027,2026-04-22T08:34:06.873589+00:00
NR-Aromatase,erg,XGBoost,smoten_enn,accuracy,"{'colsample_bytree': 0.8, 'learning_rate': 0.05, 'max_depth': 3, 'min_child_weight': 5, 'n_estimators': 100, 'scale_pos_weight': 1, 'subsample': 0.8}",0.22111601452513027,1586,0.9773013871374527,0.9706008613161446,0.6342344650864831,0.5790022639068564,0.22111601452513027,0.9169563538045578,0.9170175665855755,0.9168339282425221,0.9788660836290433,0.9741233256158921,7767.0,0.8840970350404312,0.8811302036537886,0.5706018518518519,0.6335510308618261,0.19208882348974832,742.0,0.42264533042907715,0.3871338367462158,2026-04-29T23:53:03.536096+00:00
NR-Aromatase,estate,BalancedRandomForest,none,accuracy,"{'max_depth': 5, 'max_features': 'sqrt', 'min_samples_leaf': 20, 'n_estimators': 100}",0.5660224239727012,1586,0.9854981084489282,0.9838598194452504,0.8193756034760219,0.8887047218628719,0.5660224239727012,0.73828125,0.8079584420364725,0.5385957637132922,0.8249906829057407,0.3122424568048997,4352.0,0.7479784366576819,0.8027560318772827,0.5516587340823245,0.7457805096683314,0.2386671230980379,742.0,0.3796286582946777,0.3544368743896484,2026-04-21T22:39:26.521547+00:00
NR-Aromatase,estate,LogisticRegression,random_over,accuracy,"{'C': 0.01, 'l1_ratio': 1.0}",0.5027595423603394,1586,0.9836065573770492,0.9805553649467948,0.7716873740393773,0.7615297542043983,0.5027595423603394,0.6212563915266618,0.6081721893877182,0.6081721893877183,0.6699243021277254,0.6678986111902672,8214.0,0.8032345013477089,0.8368093252290272,0.5593752542097128,0.6841977205788193,0.1287548885552913,742.0,0.0174710750579834,0.0142958164215087,2026-04-21T08:38:41.982286+00:00
NR-Aromatase,estate,DecisionTree,random_under,accuracy,"{'ccp_alpha': 0.01, 'criterion': 'entropy', 'max_depth': 5, 'min_samples_leaf': 50}",0.4433505271006617,1586,0.9842370744010088,0.9821534262791534,0.7975667161900677,0.8009459896507116,0.4433505271006617,0.6789115646258503,0.6874378573204077,0.6631478374347501,0.7320283215326947,0.5270042593439437,735.0,0.692722371967655,0.763652221199391,0.5189052689052689,0.6457805096683313,0.1787215992073756,742.0,0.0047521591186523,0.001528263092041,2026-04-22T08:34:15.250701+00:00
NR-Aromatase,estate,RandomForest,smote,accuracy,"{'max_depth': 5, 'max_features': 'sqrt', 'min_samples_leaf': 20, 'n_estimators': 200}",0.4515983391018697,1586,0.9848675914249684,0.9827147430065978,0.8025930920029043,0.8528298835705045,0.4515983391018697,0.8953007061115169,0.8952991170492921,0.8952991170492921,0.963369357156497,0.9657681370452348,8214.0,0.8908355795148248,0.8929290148570314,0.6299935358758888,0.6957869125368166,0.2270669538206481,742.0,0.5742490291595459,0.4073560237884521,2026-04-21T17:22:01.778154+00:00
NR-Aromatase,estate,RandomForest,smoteenn,accuracy,"{'max_depth': 5, 'max_features': 'log2', 'min_samples_leaf': 5, 'n_estimators': 200}",0.4375016184524201,1586,0.9836065573770492,0.9809269950974197,0.7791559554413025,0.8320342820181112,0.4375016184524201,0.896288074978419,0.8962713744437502,0.8962435402193023,0.9652523385251616,0.9663220208575538,8109.0,0.8881401617250674,0.8867507489585573,0.5959003431690977,0.6736842105263158,0.2120111537750269,742.0,0.4902160167694092,0.4075877666473388,2026-04-21T17:22:11.622321+00:00
NR-Aromatase,estate,LogisticRegression,smoten,accuracy,"{'C': 0.001, 'l1_ratio': 0.0}",0.496644612282056,1586,0.9848675914249684,0.9830149912117124,0.8086389961389961,0.6806435963777491,0.496644612282056,0.7086681275870466,0.7080917292328412,0.7080917292328414,0.7590383999382478,0.7388772576071796,8214.0,0.7102425876010782,0.7756004337186271,0.517457494336107,0.6881803047765399,0.1516941372345024,742.0,0.0159790515899658,0.0075457096099853,2026-04-21T08:38:43.358853+00:00
NR-Aromatase,estate,LogisticRegression,smoten_enn,accuracy,"{'C': 0.001, 'l1_ratio': 0.0}",0.4946001370214883,1586,0.9854981084489282,0.983581152176821,0.8137613788948623,0.6772800776196637,0.4946001370214883,0.7013722774770238,0.7008572211751553,0.7011409208861439,0.765634501282558,0.7315507899108683,7943.0,0.7035040431266847,0.7707999268204218,0.5131059331639166,0.6870533999231656,0.1555899552528231,742.0,0.0135531425476074,0.0075721740722656,2026-04-21T08:38:43.775021+00:00
NR-Aromatase,fcfp,BalancedRandomForest,none,accuracy,"{'max_depth': 15, 'max_features': 'sqrt', 'min_samples_leaf': 10, 'n_estimators': 100}",0.5592469096997967,1586,0.9848675914249684,0.9827147430065978,0.8025930920029043,0.8603250323415265,0.5592469096997967,0.8363970588235294,0.873367489085478,0.6059895833333333,0.8388763832779277,0.3144189249635317,4352.0,0.8059299191374663,0.8394922517169728,0.5692724458204335,0.7231271609681137,0.2423095536629708,742.0,0.6183159351348877,1.0465798377990725,2026-04-21T22:40:25.716941+00:00
NR-Aromatase,fcfp,BernoulliNB,random_over,accuracy,{'alpha': 10.0},0.5245864757808132,1586,0.9842370744010088,0.982456325483968,0.8036691342130673,0.8282098965071152,0.5245864757808132,0.8158022887752617,0.8147296423803448,0.8147296423803448,0.9194988821368304,0.9125341853273816,8214.0,0.8436657681940701,0.8628400451691028,0.5891708192527254,0.7033551030861825,0.2284258546257894,742.0,0.3439600467681885,0.305051326751709,2026-04-21T14:12:16.905984+00:00
NR-Aromatase,fcfp,RandomForest,random_under,accuracy,"{'max_depth': 10, 'max_features': 'sqrt', 'min_samples_leaf': 5, 'n_estimators': 100}",0.4852312537829177,1586,0.9829760403530896,0.9813601000971348,0.7941596365996106,0.8375323415265201,0.4852312537829177,0.8353741496598639,0.8316456877671202,0.8069572238827352,0.9006788837984174,0.8251282850993565,735.0,0.8153638814016172,0.845748187758733,0.5769968582901608,0.7096811371494429,0.2379324896845862,742.0,0.2497649192810058,0.2513210773468017,2026-04-21T17:22:32.901138+00:00
NR-Aromatase,fcfp,LogisticRegression,smote,accuracy,"{'C': 0.001, 'l1_ratio': 1.0}",0.0252206809583858,1586,0.974779319041614,0.9623300301649652,0.4936143039591315,0.5,0.0252206809583858,0.5,0.3333333333333333,0.3333333333333333,0.5,0.5,8214.0,0.9231805929919138,0.886305124315993,0.4800280308339173,0.5,0.0768194070080862,742.0,0.1574296951293945,0.1130340099334716,2026-04-21T08:38:44.870793+00:00
NR-Aromatase,fcfp,LogisticRegression,smoteenn,accuracy,"{'C': 0.001, 'l1_ratio': 1.0}",0.0252206809583858,1586,0.974779319041614,0.9623300301649652,0.4936143039591315,0.5,0.0252206809583858,0.5070996419311026,0.341251553237922,0.3364738653121416,0.5,0.4929003580688973,8099.0,0.9231805929919138,0.886305124315993,0.4800280308339173,0.5,0.0768194070080862,742.0,0.2207679748535156,0.1062462329864502,2026-04-21T08:38:45.201645+00:00
NR-Aromatase,fcfp,DecisionTree,smoten,accuracy,"{'ccp_alpha': 0.01, 'criterion': 'gini', 'max_depth': 10, 'min_samples_leaf': 10}",0.1596275526534425,1586,0.9779319041614124,0.9710607078207588,0.637253556561914,0.580651681759379,0.1596275526534425,0.7966885804723642,0.7943170646042145,0.7943170646042144,0.8707370628480928,0.8263290069670883,8214.0,0.8517520215633423,0.855132162420659,0.5013440860215054,0.532129594058138,0.0829494234543006,742.0,1.6265642642974854,1.5753040313720703,2026-04-22T08:34:32.482773+00:00
NR-Aromatase,fcfp,LogisticRegression,smoten_enn,accuracy,"{'C': 0.001, 'l1_ratio': 1.0}",0.0252206809583858,1586,0.974779319041614,0.9623300301649652,0.4936143039591315,0.5,0.0252206809583858,0.5089850043375883,0.3433642268092108,0.3373028909329829,0.5,0.4910149956624117,8069.0,0.9231805929919138,0.886305124315993,0.4800280308339173,0.5,0.0768194070080862,742.0,0.1078560352325439,0.100395917892456,2026-04-21T08:38:46.083874+00:00
NR-Aromatase,klekota_roth,RUSBoost,none,accuracy,"{'learning_rate': 0.2, 'n_estimators': 50, 'sampling_strategy': 'auto'}",0.2300398361451507,1586,0.9798234552332912,0.9750502617620044,0.6985722091559167,0.6796733505821475,0.2300398361451507,0.8885569852941176,0.9020075452361302,0.6051729024015444,0.7579657429078278,0.2023379413773092,4352.0,0.898921832884097,0.8895053355300309,0.5782653177219507,0.6383531822256371,0.1275181653069814,742.0,0.2747821807861328,0.2364330291748047,2026-04-29T18:35:39.766220+00:00
NR-Aromatase,klekota_roth,LogisticRegression,random_over,accuracy,"{'C': 0.001, 'l1_ratio': 1.0}",0.0252206809583858,1586,0.974779319041614,0.9623300301649652,0.4936143039591315,0.5,0.0252206809583858,0.5,0.3333333333333333,0.3333333333333333,0.5,0.5,8214.0,0.9231805929919138,0.886305124315993,0.4800280308339173,0.5,0.0768194070080862,742.0,0.3863739967346191,0.2834579944610595,2026-04-21T08:38:48.577429+00:00
NR-Aromatase,klekota_roth,BernoulliNB,random_under,accuracy,{'alpha': 10.0},0.0761013227783859,1586,0.974779319041614,0.9623300301649652,0.4936143039591315,0.6751455368693402,0.0761013227783859,0.6666666666666666,0.5333333333333333,0.4,0.7635568513119534,0.6031922686828515,735.0,0.9231805929919138,0.886305124315993,0.4800280308339173,0.5651427839672173,0.0979435532522071,742.0,0.2081589698791504,0.0213210582733154,2026-04-21T14:12:29.125586+00:00
NR-Aromatase,klekota_roth,LogisticRegression,smote,accuracy,"{'C': 0.001, 'l1_ratio': 1.0}",0.0252206809583858,1586,0.974779319041614,0.9623300301649652,0.4936143039591315,0.5,0.0252206809583858,0.5,0.3333333333333333,0.3333333333333333,0.5,0.5,8214.0,0.9231805929919138,0.886305124315993,0.4800280308339173,0.5,0.0768194070080862,742.0,0.4901859760284424,0.3207080364227295,2026-04-21T08:38:51.822123+00:00
NR-Aromatase,klekota_roth,LogisticRegression,smoteenn,accuracy,"{'C': 0.001, 'l1_ratio': 1.0}",0.0252206809583858,1586,0.974779319041614,0.9623300301649652,0.4936143039591315,0.5,0.0252206809583858,0.5110751617720258,0.3457112228275896,0.3382195503582311,0.5,0.4889248382279741,8036.0,0.9231805929919138,0.886305124315993,0.4800280308339173,0.5,0.0768194070080862,742.0,0.3614208698272705,0.288215160369873,2026-04-21T08:38:55.666179+00:00
NR-Aromatase,klekota_roth,LogisticRegression,smoten,accuracy,"{'C': 0.001, 'l1_ratio': 1.0}",0.0252206809583858,1586,0.974779319041614,0.9623300301649652,0.4936143039591315,0.5,0.0252206809583858,0.5,0.3333333333333333,0.3333333333333333,0.5,0.5,8214.0,0.9231805929919138,0.886305124315993,0.4800280308339173,0.5,0.0768194070080862,742.0,0.3662881851196289,0.2514739036560058,2026-04-21T08:38:56.250821+00:00
NR-Aromatase,klekota_roth,LogisticRegression,smoten_enn,accuracy,"{'C': 0.001, 'l1_ratio': 1.0}",0.0252206809583858,1586,0.974779319041614,0.9623300301649652,0.4936143039591315,0.5,0.0252206809583858,0.5102497204621692,0.3447837449717224,0.337857847976308,0.5,0.4897502795378308,8049.0,0.9231805929919138,0.886305124315993,0.4800280308339173,0.5,0.0768194070080862,742.0,0.3748118877410888,0.2566719055175781,2026-04-21T08:38:56.511327+00:00
NR-Aromatase,maccs,BalancedRandomForest,none,accuracy,"{'max_depth': 10, 'max_features': 'sqrt', 'min_samples_leaf': 20, 'n_estimators': 200}",0.6151718087694722,1586,0.9848675914249684,0.9835616296934137,0.8196634323832626,0.9003961836998706,0.6151718087694722,0.7451746323529411,0.8129674930015679,0.5493058335604841,0.8475554429222384,0.3658699287066581,4352.0,0.7439353099730458,0.8003571666321205,0.5542951806467115,0.7385836854911,0.2143180617058498,742.0,0.8111739158630371,0.7379639148712158,2026-04-21T22:43:17.115333+00:00
NR-Aromatase,maccs,RandomForest,random_over,accuracy,"{'max_depth': 5, 'max_features': 'sqrt', 'min_samples_leaf': 5, 'n_estimators': 100}",0.6234230767740718,1586,0.9842370744010088,0.9821534262791534,0.7975667161900677,0.9022881630012936,0.6234230767740718,0.8289505721938154,0.828874662519723,0.828874662519723,0.9082046727990698,0.9093119688766008,8214.0,0.793800539083558,0.8343558471666476,0.5870865901163531,0.7621462415161993,0.2219915563580514,742.0,0.4384300708770752,0.2458260059356689,2026-04-21T17:25:53.402234+00:00
NR-Aromatase,maccs,DecisionTree,random_under,accuracy,"{'ccp_alpha': 0.0, 'criterion': 'gini', 'max_depth': 5, 'min_samples_leaf': 50}",0.570183738235634,1586,0.9880201765447668,0.9868830334016876,0.8551493739034297,0.8436287192755497,0.570183738235634,0.7156462585034014,0.7224272081699392,0.6983499231220875,0.78314035818409,0.5973137645013578,735.0,0.692722371967655,0.763842609455817,0.5237162162162162,0.7214496094250223,0.1482738983479256,742.0,0.0082778930664062,0.0029950141906738,2026-04-22T08:37:21.927078+00:00
NR-Aromatase,maccs,LogisticRegression,smote,accuracy,"{'C': 0.001, 'l1_ratio': 1.0}",0.0252206809583858,1586,0.974779319041614,0.9623300301649652,0.4936143039591315,0.5,0.0252206809583858,0.5,0.3333333333333333,0.3333333333333333,0.5,0.5,8214.0,0.9231805929919138,0.886305124315993,0.4800280308339173,0.5,0.0768194070080862,742.0,0.0278117656707763,0.0204782485961914,2026-04-21T08:39:01.250056+00:00
NR-Aromatase,maccs,LogisticRegression,smoteenn,accuracy,"{'C': 0.001, 'l1_ratio': 1.0}",0.0252206809583858,1586,0.974779319041614,0.9623300301649652,0.4936143039591315,0.5,0.0252206809583858,0.5087328130806391,0.3430813897080764,0.337192118226601,0.5,0.4912671869193608,8073.0,0.9231805929919138,0.886305124315993,0.4800280308339173,0.5,0.0768194070080862,742.0,0.0215218067169189,0.0160930156707763,2026-04-21T08:39:02.845889+00:00
NR-Aromatase,maccs,RandomForest,smoten,accuracy,"{'max_depth': 10, 'max_features': 'sqrt', 'min_samples_leaf': 10, 'n_estimators': 100}",0.3730804997031213,1586,0.9810844892812106,0.976609620401879,0.7174114460836718,0.8148366752910738,0.3730804997031213,0.940345751156562,0.9403342583698012,0.9403342583698012,0.9869455956262264,0.9871353249260004,8214.0,0.9097035040431268,0.902344291635073,0.6304863273846245,0.7489179152260212,0.2198687388808072,742.0,0.4007191658020019,0.2333378791809082,2026-04-21T17:26:39.706063+00:00
NR-Aromatase,maccs,RandomForest,smoten_enn,accuracy,"{'max_depth': 5, 'max_features': 'sqrt', 'min_samples_leaf': 5, 'n_estimators': 100}",0.3882359102521263,1586,0.9817150063051704,0.9776326536136568,0.7317117274768863,0.79376617076326,0.3882359102521263,0.8914941381890746,0.8914414699541999,0.8914758798676514,0.9548120753729328,0.9473850118014254,8018.0,0.8706199460916442,0.8793168032255614,0.6062354892205638,0.7003329491612242,0.186322813953514,742.0,0.3556480407714844,0.1733691692352295,2026-04-21T17:26:40.441003+00:00
NR-Aromatase,map4,RandomForest,none,accuracy,"{'max_depth': 5, 'max_features': 'log2', 'min_samples_leaf': 10, 'n_estimators': 100}",0.3741978840992391,1586,0.9791929382093316,0.973983085664808,0.6833890881813838,0.8426584734799483,0.3741978840992391,0.9682904411764706,0.9684110953386617,0.8519195017432084,0.9396565346372296,0.7553910260148754,4352.0,0.9191374663072776,0.8931003485500374,0.5376370887337986,0.6925598668203355,0.2000623818343506,742.0,0.2772419452667236,0.2483017444610595,2026-04-21T17:26:49.906105+00:00
NR-Aromatase,map4,RandomForest,random_over,accuracy,"{'max_depth': 5, 'max_features': 'sqrt', 'min_samples_leaf': 5, 'n_estimators': 100}",0.4245111909262699,1586,0.980453972257251,0.976582635726997,0.7230942524851454,0.8503880983182405,0.4245111909262699,0.9130752373995618,0.9129060782118444,0.9129060782118446,0.9573522647081962,0.9639199007828634,8214.0,0.8854447439353099,0.8809090535936623,0.5644186608653614,0.6916890767063645,0.2162274311637916,742.0,0.7738509178161621,0.5401449203491211,2026-04-21T17:26:55.144233+00:00
NR-Aromatase,map4,XGBoost,random_under,accuracy,"{'colsample_bytree': 0.8, 'learning_rate': 0.05, 'max_depth': 5, 'min_child_weight': 1, 'n_estimators': 200, 'scale_pos_weight': 1, 'subsample': 0.8}",0.45801592896967275,1586,0.9779319041614124,0.9762119682636673,0.7407371080814733,0.8533796895213454,0.45801592896967275,1.0,1.0,1.0,1.0,1.0,735.0,0.8773584905660378,0.8797103747159241,0.5843137254901961,0.6859777180176719,0.21764241950405988,742.0,0.41068410873413086,0.39117908477783203,2026-04-30T00:05:03.647715+00:00
NR-Aromatase,map4,LogisticRegression,smote,accuracy,"{'C': 0.001, 'l1_ratio': 1.0}",0.0252206809583858,1586,0.974779319041614,0.9623300301649652,0.4936143039591315,0.5,0.0252206809583858,0.5,0.3333333333333333,0.3333333333333333,0.5,0.5,8214.0,0.9231805929919138,0.886305124315993,0.4800280308339173,0.5,0.0768194070080862,742.0,0.1226277351379394,0.0821759700775146,2026-04-21T08:39:08.110297+00:00
NR-Aromatase,map4,LogisticRegression,smoteenn,accuracy,"{'C': 0.001, 'l1_ratio': 1.0}",0.0252206809583858,1586,0.974779319041614,0.9623300301649652,0.4936143039591315,0.5,0.0252206809583858,0.5039263803680981,0.3377050900174233,0.3350738353593864,0.5,0.4960736196319018,8150.0,0.9231805929919138,0.886305124315993,0.4800280308339173,0.5,0.0768194070080862,742.0,0.0995068550109863,0.0929799079895019,2026-04-21T08:39:10.097933+00:00
NR-Aromatase,map4,LogisticRegression,smoten,accuracy,"{'C': 0.001, 'l1_ratio': 1.0}",0.0252206809583858,1586,0.974779319041614,0.9623300301649652,0.4936143039591315,0.5,0.0252206809583858,0.5,0.3333333333333333,0.3333333333333333,0.5,0.5,8214.0,0.9231805929919138,0.886305124315993,0.4800280308339173,0.5,0.0768194070080862,742.0,0.10406494140625,0.0911552906036377,2026-04-21T08:39:13.037468+00:00
NR-Aromatase,map4,LogisticRegression,smoten_enn,accuracy,"{'C': 0.001, 'l1_ratio': 1.0}",0.0252206809583858,1586,0.974779319041614,0.9623300301649652,0.4936143039591315,0.5,0.0252206809583858,0.5064742878283389,0.3405517190751453,0.3361984282907662,0.5,0.4935257121716611,8109.0,0.9231805929919138,0.886305124315993,0.4800280308339173,0.5,0.0768194070080862,742.0,0.112933874130249,0.0883681774139404,2026-04-21T08:39:13.825283+00:00
NR-Aromatase,mhfp,BalancedRandomForest,none,accuracy,"{'max_depth': 10, 'max_features': 'sqrt', 'min_samples_leaf': 5, 'n_estimators': 200}",0.2751025924550604,1586,0.978562421185372,0.9728869596145764,0.6676282051282052,0.7297703751617077,0.2751025924550604,0.9926470588235294,0.992858057565415,0.9673931469041004,0.9972346864238756,0.8964441175032909,4352.0,0.9231805929919138,0.8934655561267169,0.527562749237626,0.6025611473940324,0.1745039378885241,742.0,1.773833990097046,1.6918420791625977,2026-04-21T22:44:35.343990+00:00
NR-Aromatase,mhfp,RandomForest,random_over,accuracy,"{'max_depth': 5, 'max_features': 'sqrt', 'min_samples_leaf': 10, 'n_estimators': 200}",0.290393974036854,1586,0.9779319041614124,0.9703011134662338,0.6220595744680851,0.7734152652005175,0.290393974036854,0.9957389822254687,0.9957389715523404,0.99573897155234,0.9968761725617192,0.9913344275796194,8214.0,0.9245283018867924,0.8919970320118719,0.5136704119850187,0.6552183378153413,0.1805182978468238,742.0,2.2362990379333496,1.7234511375427246,2026-04-21T17:28:01.218873+00:00
NR-Aromatase,mhfp,RandomForest,random_under,accuracy,"{'max_depth': 10, 'max_features': 'sqrt', 'min_samples_leaf': 5, 'n_estimators': 200}",0.2380875930919873,1586,0.978562421185372,0.9715263571185992,0.6403915919760991,0.7105595084087969,0.2380875930919873,0.997278911564626,0.997281659933164,0.9969449847872712,0.9980966264056642,0.9890585925840664,735.0,0.9258760107816713,0.8927571567229555,0.5146000594707106,0.6023306441285695,0.1769932003794793,742.0,0.585205078125,0.3200199604034424,2026-04-21T17:28:14.917780+00:00
NR-Aromatase,mhfp,LogisticRegression,smote,accuracy,"{'C': 0.001, 'l1_ratio': 1.0}",0.0252206809583858,1586,0.974779319041614,0.9623300301649652,0.4936143039591315,0.5,0.0252206809583858,0.5,0.3333333333333333,0.3333333333333333,0.5,0.5,8214.0,0.9231805929919138,0.886305124315993,0.4800280308339173,0.5,0.0768194070080862,742.0,0.4194540977478027,0.4277310371398926,2026-04-21T08:39:22.729979+00:00
NR-Aromatase,mhfp,LogisticRegression,smoteenn,accuracy,"{'C': 0.001, 'l1_ratio': 1.0}",0.0252206809583858,1586,0.974779319041614,0.9623300301649652,0.4936143039591315,0.5,0.0252206809583858,0.5013427734375,0.3348263713322729,0.3339295877713635,0.5,0.4986572265625,8192.0,0.9231805929919138,0.886305124315993,0.4800280308339173,0.5,0.0768194070080862,742.0,0.3624391555786133,0.3495957851409912,2026-04-21T08:39:23.168465+00:00
NR-Aromatase,mhfp,LogisticRegression,smoten,accuracy,"{'C': 0.1, 'l1_ratio': 0.0}",0.2588640200228903,1586,0.9766708701134932,0.969407033981945,0.6165251883654519,0.7699708926261318,0.2588640200228903,0.9990260530801072,0.9990260530223658,0.999026053022366,0.999949784937841,0.9999410043185932,8214.0,0.9258760107816713,0.8992167697740316,0.5575432319618366,0.6068638750160071,0.1836666009982311,742.0,2.94415283203125,2.855463981628418,2026-04-21T08:39:27.499257+00:00
NR-Aromatase,mhfp,XGBoost,smoten_enn,accuracy,"{'colsample_bytree': 0.8, 'learning_rate': 0.05, 'max_depth': 7, 'min_child_weight': 5, 'n_estimators': 100, 'scale_pos_weight': 1, 'subsample': 0.8}",0.13309862754892152,1586,0.9754098360655737,0.9649757346052638,0.5402796048964302,0.7294469598965072,0.13309862754892152,0.9933928789918023,0.9933924563893533,0.9933920954164281,0.9998778075079906,0.9998502663744169,8173.0,0.9258760107816711,0.8927571567229555,0.5146000594707106,0.6411320271481624,0.18039724552257203,742.0,4.545269966125488,4.525795936584473,2026-04-30T00:10:54.500060+00:00
NR-Aromatase,morgan_2048,BalancedRandomForest,none,accuracy,"{'max_depth': 10, 'max_features': 'sqrt', 'min_samples_leaf': 10, 'n_estimators': 200}",0.4527872327897296,1586,0.9836065573770492,0.9812743049238142,0.7861425163364797,0.8379123544631306,0.4527872327897296,0.8713235294117647,0.8962381876378473,0.6416868382486127,0.864424104192444,0.4019565260485562,4352.0,0.8517520215633423,0.8625329281816304,0.5547870483504975,0.6880010244589576,0.2285582983759575,742.0,1.880857229232788,1.930335998535156,2026-04-21T22:45:08.593053+00:00
NR-Aromatase,morgan_2048,RandomForest,random_over,accuracy,"{'max_depth': 5, 'max_features': 'sqrt', 'min_samples_leaf': 20, 'n_estimators': 200}",0.4658868474507622,1586,0.9836065573770492,0.9809269950974197,0.7791559554413025,0.8377829883570505,0.4658868474507622,0.7494521548575602,0.7398256357109608,0.7398256357109608,0.871538517768751,0.8760017805211097,8214.0,0.889487870619946,0.8834669492950771,0.5683720666269402,0.6982968369829683,0.2316007258703631,742.0,1.6649999618530271,1.5651299953460691,2026-04-21T17:29:34.293316+00:00
NR-Aromatase,morgan_2048,XGBoost,random_under,accuracy,"{'colsample_bytree': 0.8, 'learning_rate': 0.05, 'max_depth': 3, 'min_child_weight': 10, 'n_estimators': 100, 'scale_pos_weight': 1, 'subsample': 0.8}",0.5151778065499842,1586,0.9842370744010088,0.9818303274837731,0.7910639665702346,0.8186125485122897,0.5151778065499842,0.763265306122449,0.7350858647306381,0.681148652691625,0.8373969179508538,0.7445655053701509,735.0,0.8827493261455526,0.8832162882093041,0.5899641121732778,0.7285952106543732,0.22874398501861762,742.0,0.24337100982666016,0.22126197814941406,2026-04-30T00:12:20.292928+00:00
NR-Aromatase,morgan_2048,LogisticRegression,smote,accuracy,"{'C': 0.001, 'l1_ratio': 1.0}",0.0252206809583858,1586,0.974779319041614,0.9623300301649652,0.4936143039591315,0.5,0.0252206809583858,0.5,0.3333333333333333,0.3333333333333333,0.5,0.5,8214.0,0.9231805929919138,0.886305124315993,0.4800280308339173,0.5,0.0768194070080862,742.0,0.1681251525878906,0.1344821453094482,2026-04-21T08:39:45.137088+00:00
NR-Aromatase,morgan_2048,LogisticRegression,smoteenn,accuracy,"{'C': 0.001, 'l1_ratio': 1.0}",0.0252206809583858,1586,0.974779319041614,0.9623300301649652,0.4936143039591315,0.5,0.0252206809583858,0.5044215180545321,0.3382576822026227,0.3352926769532207,0.5,0.4955784819454679,8142.0,0.9231805929919138,0.886305124315993,0.4800280308339173,0.5,0.0768194070080862,742.0,0.1311352252960205,0.107393741607666,2026-04-21T08:39:45.786190+00:00
NR-Aromatase,morgan_2048,DecisionTree,smoten,accuracy,"{'ccp_alpha': 0.0, 'criterion': 'gini', 'max_depth': 15, 'min_samples_leaf': 10}",0.2150706912226164,1586,0.9754098360655736,0.9659846113787722,0.5604306577123974,0.6902490297542043,0.2150706912226164,0.9502069637204772,0.9502051917077872,0.9502051917077872,0.9726439368513876,0.9516350420868468,8214.0,0.8706199460916442,0.8635710625893588,0.4946794926364178,0.6065181201178127,0.1210261067283339,742.0,3.2582929134368896,3.024695873260498,2026-04-22T08:42:06.092022+00:00
NR-Aromatase,morgan_2048,LogisticRegression,smoten_enn,accuracy,"{'C': 0.001, 'l1_ratio': 1.0}",0.0252206809583858,1586,0.974779319041614,0.9623300301649652,0.4936143039591315,0.5,0.0252206809583858,0.5091111937523243,0.3435057783375712,0.3373583045835387,0.5,0.4908888062476757,8067.0,0.9231805929919138,0.886305124315993,0.4800280308339173,0.5,0.0768194070080862,742.0,0.1417527198791504,0.1068999767303466,2026-04-21T08:39:49.114432+00:00
NR-Aromatase,morgan_4096,XGBoost,none,accuracy,"{'colsample_bytree': 0.8, 'learning_rate': 0.05, 'max_depth': 5, 'min_child_weight': 5, 'n_estimators': 200, 'scale_pos_weight': 8, 'subsample': 0.8}",0.41230469871649933,1586,0.9817150063051703,0.9776326536136567,0.7317117274768863,0.8320989650711514,0.41230469871649933,0.9832261029411765,0.9832421631230858,0.9212177405895923,0.9944624160840377,0.8964710984296843,4352.0,0.9110512129380054,0.8916633166881428,0.553452237662764,0.7018824433346138,0.19514577015761514,742.0,5.434995889663696,5.383767127990723,2026-04-30T00:14:52.295265+00:00
NR-Aromatase,morgan_4096,XGBoost,random_over,accuracy,"{'colsample_bytree': 0.8, 'learning_rate': 0.05, 'max_depth': 7, 'min_child_weight': 5, 'n_estimators': 200, 'scale_pos_weight': 1, 'subsample': 0.8}",0.42348770756954085,1586,0.9810844892812106,0.9771040109115405,0.7273289932147442,0.8448010996119018,0.42348770756954085,0.9919649379108838,0.9919644191159207,0.9919644191159207,0.9979444431697999,0.996195838930414,8214.0,0.9029649595687331,0.8851386830481845,0.5352980063324171,0.7028044563964656,0.18974429418818134,742.0,10.419718980789185,10.33436107635498,2026-04-30T00:14:56.706684+00:00
NR-Aromatase,morgan_4096,XGBoost,random_under,accuracy,"{'colsample_bytree': 0.8, 'learning_rate': 0.1, 'max_depth': 5, 'min_child_weight': 10, 'n_estimators': 200, 'scale_pos_weight': 1, 'subsample': 0.8}",0.48046607820280857,1586,0.9848675914249685,0.9830149912117125,0.8086389961389961,0.8348399094437258,0.48046607820280857,0.8435374149659864,0.8369977764790445,0.8107320153429664,0.9173885880882965,0.860667200619845,735.0,0.8557951482479784,0.8695408627100044,0.5910792923179934,0.7115123575361761,0.19017122349654003,742.0,1.3799192905426025,1.3100850582122803,2026-04-30T00:14:58.815939+00:00
NR-Aromatase,morgan_4096,LogisticRegression,smote,accuracy,"{'C': 0.001, 'l1_ratio': 1.0}",0.0252206809583858,1586,0.974779319041614,0.9623300301649652,0.4936143039591315,0.5,0.0252206809583858,0.5,0.3333333333333333,0.3333333333333333,0.5,0.5,8214.0,0.9231805929919138,0.886305124315993,0.4800280308339173,0.5,0.0768194070080862,742.0,0.4071807861328125,0.2234790325164795,2026-04-21T08:39:59.744511+00:00
NR-Aromatase,morgan_4096,LogisticRegression,smoteenn,accuracy,"{'C': 0.001, 'l1_ratio': 1.0}",0.0252206809583858,1586,0.974779319041614,0.9623300301649652,0.4936143039591315,0.5,0.0252206809583858,0.5033705110920456,0.3370850626210714,0.3348279797815098,0.5,0.4966294889079544,8159.0,0.9231805929919138,0.886305124315993,0.4800280308339173,0.5,0.0768194070080862,742.0,0.289531946182251,0.2648971080780029,2026-04-21T08:40:00.533023+00:00
NR-Aromatase,morgan_4096,LogisticRegression,smoten,accuracy,"{'C': 0.01, 'l1_ratio': 1.0}",0.1372945271194528,1586,0.9760403530895334,0.9681765167796108,0.5980847204438754,0.6308053040103493,0.1372945271194528,0.8550036523009495,0.8548702861442062,0.8548702861442063,0.9256357911620186,0.9308582873239158,8214.0,0.7789757412398922,0.8156245273238785,0.4959656709246649,0.5857087975412985,0.1107933210687713,742.0,0.381800889968872,0.2431581020355224,2026-04-21T08:40:01.807680+00:00
NR-Aromatase,morgan_4096,LogisticRegression,smoten_enn,accuracy,"{'C': 0.01, 'l1_ratio': 1.0}",0.1367637519159826,1586,0.9760403530895334,0.9681765167796108,0.5980847204438754,0.6255336351875809,0.1367637519159826,0.8592418817137918,0.8591774892008225,0.8592083439466203,0.9367497168673846,0.9362799860591776,8099.0,0.7830188679245284,0.8170111388562773,0.4885935058541493,0.5752593161736457,0.1082683253439295,742.0,0.3616299629211426,0.2477850914001464,2026-04-21T08:40:04.937971+00:00
NR-Aromatase,pubchem,BalancedRandomForest,none,accuracy,"{'max_depth': 15, 'max_features': 'sqrt', 'min_samples_leaf': 5, 'n_estimators': 100}",0.5395083088540268,1586,0.9867591424968474,0.9852633134065332,0.8350820727389765,0.8320585381630012,0.5395083088540268,0.8327205882352942,0.8733768137172621,0.6347531924234012,0.929299404202879,0.6128202218339938,4352.0,0.8045822102425876,0.8420552991397146,0.5994460225686236,0.7756947112306314,0.3162523972626767,742.0,0.6859009265899658,0.6416468620300293,2026-04-21T22:47:01.951186+00:00
NR-Aromatase,pubchem,RandomForest,random_over,accuracy,"{'max_depth': 5, 'max_features': 'sqrt', 'min_samples_leaf': 20, 'n_estimators': 100}",0.5365823296427321,1586,0.9854981084489282,0.9838598194452504,0.8193756034760219,0.8381387451487711,0.5365823296427321,0.8007061115169223,0.8006747694720957,0.8006747694720957,0.8815054665349812,0.8878428252455632,8214.0,0.7722371967654986,0.8206138784030895,0.5813969014864987,0.7869893712383148,0.3063874319863048,742.0,0.6072371006011963,0.3732790946960449,2026-04-21T17:33:29.688136+00:00
NR-Aromatase,pubchem,RandomForest,random_under,accuracy,"{'max_depth': 5, 'max_features': 'sqrt', 'min_samples_leaf': 20, 'n_estimators': 200}",0.5693143747621319,1586,0.9861286254728878,0.9846886810352552,0.8297918008156256,0.85619340232859,0.5693143747621319,0.7482993197278912,0.7532543158193541,0.7294509032231107,0.8302498958767179,0.7454615674027304,735.0,0.7048517520215634,0.7731211582365777,0.5413742009229076,0.7636445127417082,0.2692539100988013,742.0,0.4206588268280029,0.3519220352172851,2026-04-21T17:33:54.455558+00:00
NR-Aromatase,pubchem,BernoulliNB,smote,accuracy,{'alpha': 50.0},0.4871339657904533,1586,0.9836065573770492,0.9812743049238142,0.7861425163364797,0.8033230918499352,0.4871339657904533,0.7243730216703189,0.7243702600537845,0.7243702600537846,0.7993610355661962,0.807364425415711,8214.0,0.7358490566037735,0.7938370989797799,0.5373829397394136,0.712754514022282,0.1822531343711159,742.0,0.0690722465515136,0.0753388404846191,2026-04-21T14:13:41.911984+00:00
NR-Aromatase,pubchem,BernoulliNB,smoteenn,accuracy,{'alpha': 50.0},0.4877835047132533,1586,0.9836065573770492,0.9812743049238142,0.7861425163364797,0.7990378395860285,0.4877835047132533,0.7297430830039525,0.7297565093086914,0.7297205024005282,0.8019626715127179,0.8063425213106179,8096.0,0.7412398921832885,0.797598627787307,0.5411255411255411,0.71260084517864,0.1817385589797377,742.0,0.0922458171844482,0.0809879302978515,2026-04-21T14:13:43.362916+00:00
NR-Aromatase,pubchem,BernoulliNB,smoten,accuracy,{'alpha': 0.1},0.4418749543978347,1586,0.9829760403530896,0.9800037736203748,0.7668497879314193,0.7602360931435964,0.4418749543978347,0.8009495982468955,0.800678372893509,0.800678372893509,0.8893055494046551,0.8869321948306612,8214.0,0.8221024258760108,0.8452280140402768,0.5426682355577969,0.6370726085286208,0.1508571991322557,742.0,0.1287710666656494,0.1064567565917968,2026-04-21T14:13:45.349130+00:00
NR-Aromatase,pubchem,BernoulliNB,smoten_enn,accuracy,{'alpha': 50.0},0.480378422568802,1586,0.9829760403530896,0.9807257003814857,0.7813720534852732,0.750663001293661,0.480378422568802,0.7849182763744428,0.7849287022972016,0.7848790892854527,0.8676876606949537,0.8626764988874991,8076.0,0.7857142857142857,0.8264323911382734,0.5572642837039121,0.6892687924190037,0.1714737795937782,742.0,0.1062550544738769,0.0871529579162597,2026-04-21T14:13:47.359437+00:00
NR-Aromatase,rdkit,BalancedRandomForest,none,accuracy,"{'max_depth': 15, 'max_features': 'sqrt', 'min_samples_leaf': 10, 'n_estimators': 100}",0.5658344988607307,1586,0.9861286254728878,0.9844304086107364,0.8245857464607464,0.8835866752910738,0.5658344988607307,0.8028492647058824,0.853079250857049,0.6050124906066576,0.9165580914615664,0.6268681108317639,4352.0,0.7654986522911051,0.8134818102219856,0.549153536708012,0.7084645921372774,0.1979485948711086,742.0,0.977592945098877,0.9273600578308104,2026-04-21T22:47:54.977542+00:00
NR-Aromatase,rdkit,LogisticRegression,random_over,accuracy,"{'C': 0.01, 'l1_ratio': 1.0}",0.5488863130383423,1586,0.9854981084489282,0.9838598194452504,0.8193756034760219,0.8397396507115136,0.5488863130383423,0.8122717311906501,0.8122124027109284,0.8122124027109284,0.89059537100127,0.8884020434137758,8214.0,0.7924528301886793,0.832072509700542,0.5728937728937729,0.7269048533743117,0.2486773220941503,742.0,0.432358980178833,0.4161620140075683,2026-04-21T08:40:23.901048+00:00
NR-Aromatase,rdkit,RandomForest,random_under,accuracy,"{'max_depth': 10, 'max_features': 'log2', 'min_samples_leaf': 20, 'n_estimators': 100}",0.55382398856445,1586,0.9854981084489282,0.983581152176821,0.8137613788948623,0.8651196636481242,0.55382398856445,0.7482993197278912,0.7550732812678697,0.7364258590510749,0.8654685547688463,0.7975676095113083,735.0,0.6792452830188679,0.7532860905502415,0.4978046228046228,0.6906133948008707,0.1503324749873453,742.0,0.2128770351409912,0.1404590606689453,2026-04-21T17:35:09.839846+00:00
NR-Aromatase,rdkit,LogisticRegression,smote,accuracy,"{'C': 0.001, 'l1_ratio': 1.0}",0.0252206809583858,1586,0.974779319041614,0.9623300301649652,0.4936143039591315,0.5,0.0252206809583858,0.5,0.3333333333333333,0.3333333333333333,0.5,0.5,8214.0,0.9231805929919138,0.886305124315993,0.4800280308339173,0.5,0.0768194070080862,742.0,0.2401778697967529,0.1975331306457519,2026-04-21T08:40:29.058238+00:00
NR-Aromatase,rdkit,LogisticRegression,smoteenn,accuracy,"{'C': 0.001, 'l1_ratio': 1.0}",0.0252206809583858,1586,0.974779319041614,0.9623300301649652,0.4936143039591315,0.5,0.0252206809583858,0.5138245965219567,0.3488062178373018,0.3394214876033057,0.5,0.4861754034780433,7993.0,0.9231805929919138,0.886305124315993,0.4800280308339173,0.5,0.0768194070080862,742.0,0.2087910175323486,0.1607351303100586,2026-04-21T08:40:30.548588+00:00
NR-Aromatase,rdkit,XGBoost,smoten,accuracy,"{'colsample_bytree': 0.8, 'learning_rate': 0.1, 'max_depth': 7, 'min_child_weight': 5, 'n_estimators': 200, 'scale_pos_weight': 1, 'subsample': 0.8}",0.20314419990227922,1586,0.9773013871374527,0.9712920748860221,0.6480769230769231,0.6398124191461837,0.20314419990227922,0.9976868760652544,0.9976868719169019,0.9976868719169019,0.9998102854794463,0.9997614596520694,8214.0,0.9177897574123989,0.8922892996179042,0.5364162441747324,0.6179792547061084,0.16711661316319817,742.0,6.134721040725708,6.2776429653167725,2026-04-30T00:26:16.858274+00:00
NR-Aromatase,rdkit,XGBoost,smoten_enn,accuracy,"{'colsample_bytree': 0.8, 'learning_rate': 0.1, 'max_depth': 7, 'min_child_weight': 1, 'n_estimators': 200, 'scale_pos_weight': 1, 'subsample': 0.8}",0.174946669953782,1586,0.9760403530895334,0.9673159997540302,0.5808784667167376,0.5677635834411384,0.174946669953782,0.9996284369581372,0.9996284393014049,0.999628329948914,0.9999435628817217,0.999923222645539,8074.0,0.9285714285714286,0.8988711713387127,0.5469511422416276,0.5562556025099243,0.15612075009722204,742.0,6.533433198928833,6.503063201904297,2026-04-30T00:27:26.169431+00:00
NR-Aromatase,topological_torsion,RandomForest,none,accuracy,"{'max_depth': 10, 'max_features': 'log2', 'min_samples_leaf': 20, 'n_estimators': 200}",0.555824943274342,1586,0.9861286254728878,0.9841551810893812,0.8190436676693289,0.833675614489004,0.555824943274342,0.859375,0.8896964935889512,0.643684711571032,0.8867081091019315,0.4681769773265989,4352.0,0.8530997304582211,0.8664068052443386,0.5782398064277259,0.7409143296196696,0.2303061143792872,742.0,0.5658738613128662,0.4105746746063232,2026-04-21T17:36:02.765892+00:00
NR-Aromatase,topological_torsion,RandomForest,random_over,accuracy,"{'max_depth': 10, 'max_features': 'log2', 'min_samples_leaf': 20, 'n_estimators': 100}",0.5554027349027597,1586,0.9861286254728878,0.9841551810893812,0.8190436676693289,0.8123625485122897,0.5554027349027597,0.8069150231312393,0.8059136646368411,0.8059136646368411,0.9038460113322412,0.9067516981721524,8214.0,0.8598382749326146,0.870031132098996,0.5790713911677431,0.7459854014598539,0.2338877699156388,742.0,0.5290100574493408,0.453704833984375,2026-04-21T17:36:11.088271+00:00
NR-Aromatase,topological_torsion,BernoulliNB,random_under,accuracy,{'alpha': 1.0},0.5449667350606184,1586,0.9842370744010088,0.9821534262791534,0.7975667161900677,0.8644404915912031,0.5449667350606184,0.8285714285714286,0.8243137254901961,0.798235294117647,0.8950937109537692,0.8128975169440625,735.0,0.8584905660377359,0.865934596160354,0.554277868360079,0.7426302983736714,0.194053096834718,742.0,0.0537209510803222,0.0141608715057373,2026-04-21T14:14:03.859833+00:00
NR-Aromatase,topological_torsion,LogisticRegression,smote,accuracy,"{'C': 0.001, 'l1_ratio': 1.0}",0.0252206809583858,1586,0.974779319041614,0.9623300301649652,0.4936143039591315,0.5,0.0252206809583858,0.5,0.3333333333333333,0.3333333333333333,0.5,0.5,8214.0,0.9231805929919138,0.886305124315993,0.4800280308339173,0.5,0.0768194070080862,742.0,0.1508400440216064,0.113840103149414,2026-04-21T08:40:43.655076+00:00
NR-Aromatase,topological_torsion,LogisticRegression,smoteenn,accuracy,"{'C': 0.001, 'l1_ratio': 1.0}",0.0252206809583858,1586,0.974779319041614,0.9623300301649652,0.4936143039591315,0.5,0.0252206809583858,0.5058504741963296,0.3398540647021635,0.3359234418452478,0.5,0.4941495258036704,8119.0,0.9231805929919138,0.886305124315993,0.4800280308339173,0.5,0.0768194070080862,742.0,0.1344039440155029,0.0987029075622558,2026-04-21T08:40:44.255805+00:00
NR-Aromatase,topological_torsion,LogisticRegression,smoten,accuracy,"{'C': 0.001, 'l1_ratio': 1.0}",0.0252206809583858,1586,0.974779319041614,0.9623300301649652,0.4936143039591315,0.5,0.0252206809583858,0.5,0.3333333333333333,0.3333333333333333,0.5,0.5,8214.0,0.9231805929919138,0.886305124315993,0.4800280308339173,0.5,0.0768194070080862,742.0,0.1503322124481201,0.139869213104248,2026-04-21T08:40:44.626966+00:00
NR-Aromatase,topological_torsion,LogisticRegression,smoten_enn,accuracy,"{'C': 0.001, 'l1_ratio': 1.0}",0.0252206809583858,1586,0.974779319041614,0.9623300301649652,0.4936143039591315,0.5,0.0252206809583858,0.5097430805510736,0.3442148687641005,0.3376356461690233,0.5,0.4902569194489264,8057.0,0.9231805929919138,0.886305124315993,0.4800280308339173,0.5,0.0768194070080862,742.0,0.1104929447174072,0.0865159034729003,2026-04-21T08:40:47.278387+00:00
NR-ER,atom_pair,BalancedRandomForest,none,accuracy,"{'max_depth': 5, 'max_features': 'sqrt', 'min_samples_leaf': 10, 'n_estimators': 100}",0.2866959000051463,1596,0.9511278195488722,0.9370917547279504,0.6452241715399609,0.6580774707020554,0.2866959000051463,0.8047401609045445,0.8288120975677462,0.6717994842758819,0.8254208282825823,0.5307217730636737,4599.0,0.7897435897435897,0.8234073904750668,0.6168040644171779,0.7538563854353328,0.3388275447095156,780.0,1.3895399570465088,1.299290895462036,2026-04-21T22:50:46.473874+00:00
NR-ER,atom_pair,RandomForest,random_over,accuracy,"{'max_depth': 5, 'max_features': 'log2', 'min_samples_leaf': 10, 'n_estimators': 200}",0.2763689784013595,1596,0.9511278195488722,0.9349709119317966,0.6262429744920017,0.652276295133438,0.2763689784013595,0.7742055610724925,0.7730003517799136,0.7730003517799136,0.8531125591564117,0.8614087737629307,8056.0,0.8025641025641026,0.8315064102564104,0.6208333333333333,0.7594169699432858,0.361539045190436,780.0,0.7804431915283203,0.5840110778808594,2026-04-21T17:38:08.482410+00:00
NR-ER,atom_pair,RandomForest,random_under,accuracy,"{'max_depth': 15, 'max_features': 'log2', 'min_samples_leaf': 10, 'n_estimators': 100}",0.2988235379064628,1596,0.9517543859649122,0.9361699300729602,0.6343011543028207,0.6562337994231682,0.2988235379064628,0.8114419147694104,0.8095936245641793,0.7838528024376666,0.8647424710389184,0.8007203796077944,1713.0,0.8025641025641026,0.8303579946113883,0.6128707893413776,0.7532837006521217,0.3165885044521278,780.0,0.2233188152313232,0.168497085571289,2026-04-21T17:38:12.643001+00:00
NR-ER,atom_pair,LogisticRegression,smote,accuracy,"{'C': 0.001, 'l1_ratio': 1.0}",0.0570175438596491,1596,0.9429824561403508,0.9153102847411982,0.4853273137697517,0.5,0.0570175438596491,0.5,0.3333333333333333,0.3333333333333333,0.5,0.5,8056.0,0.9012820512820512,0.8544858827394228,0.4740391099123398,0.5,0.0987179487179487,780.0,0.1514148712158203,0.1084067821502685,2026-04-21T08:40:54.502787+00:00
NR-ER,atom_pair,LogisticRegression,smoteenn,accuracy,"{'C': 0.001, 'l1_ratio': 1.0}",0.0570175438596491,1596,0.9429824561403508,0.9153102847411982,0.4853273137697517,0.5,0.0570175438596491,0.5141690068930304,0.3491945303937154,0.3395717416961726,0.5,0.4858309931069696,7834.0,0.9012820512820512,0.8544858827394228,0.4740391099123398,0.5,0.0987179487179487,780.0,0.1227850914001464,0.1084091663360595,2026-04-21T08:40:55.832811+00:00
NR-ER,atom_pair,LogisticRegression,smoten,accuracy,"{'C': 0.001, 'l1_ratio': 1.0}",0.0570175438596491,1596,0.9429824561403508,0.9153102847411982,0.4853273137697517,0.5,0.0570175438596491,0.5,0.3333333333333333,0.3333333333333333,0.5,0.5,8056.0,0.9012820512820512,0.8544858827394228,0.4740391099123398,0.5,0.0987179487179487,780.0,0.112962007522583,0.1054470539093017,2026-04-21T08:40:56.597544+00:00
NR-ER,atom_pair,LogisticRegression,smoten_enn,accuracy,"{'C': 0.001, 'l1_ratio': 1.0}",0.0570175438596491,1596,0.9429824561403508,0.9153102847411982,0.4853273137697517,0.5,0.0570175438596491,0.515353121801433,0.3505306272570368,0.3400878081729145,0.5,0.484646878198567,7816.0,0.9012820512820512,0.8544858827394228,0.4740391099123398,0.5,0.0987179487179487,780.0,0.1204500198364257,0.0987038612365722,2026-04-21T08:40:58.360562+00:00
NR-ER,avalon,BernoulliNB,none,accuracy,{'alpha': 50.0},0.2225196354797363,1596,0.949248120300752,0.9312720576952586,0.6011661807580175,0.606359753203607,0.2225196354797363,0.7432050445749075,0.7694932290669131,0.5382508530138264,0.6299354605328377,0.2065516348017786,4599.0,0.7217948717948718,0.767363568566085,0.5007653986709494,0.6071197650145018,0.1322121417349203,780.0,0.0134408473968505,0.0025839805603027,2026-04-21T14:14:25.875240+00:00
NR-ER,avalon,RandomForest,random_over,accuracy,"{'max_depth': 5, 'max_features': 'sqrt', 'min_samples_leaf': 5, 'n_estimators': 100}",0.2488208244948607,1596,0.9473684210526316,0.9264873697828012,0.5664165588615783,0.5700303019239896,0.2488208244948607,0.7802879841112215,0.7798285558431239,0.7798285558431239,0.8741670767388953,0.8701781387972275,8056.0,0.8346153846153846,0.844667625304683,0.5929595184446539,0.6564076037760248,0.2662628909800439,780.0,0.2951700687408447,0.2918708324432373,2026-04-21T17:39:20.375944+00:00
NR-ER,avalon,RandomForest,random_under,accuracy,"{'max_depth': 5, 'max_features': 'log2', 'min_samples_leaf': 5, 'n_estimators': 100}",0.1587621648041116,1596,0.9473684210526316,0.9264873697828012,0.5664165588615783,0.583253623452959,0.1587621648041116,0.7723292469352014,0.7743164297759576,0.7485282160925077,0.8441561030667922,0.7533695607954324,1713.0,0.7948717948717948,0.8185187896850177,0.5632943284250602,0.6109622951728215,0.2450773470522048,780.0,0.2217907905578613,0.1480159759521484,2026-04-21T17:39:32.929190+00:00
NR-ER,avalon,LogisticRegression,smote,accuracy,"{'C': 0.001, 'l1_ratio': 1.0}",0.0570175438596491,1596,0.9429824561403508,0.9153102847411982,0.4853273137697517,0.5,0.0570175438596491,0.5,0.3333333333333333,0.3333333333333333,0.5,0.5,8056.0,0.9012820512820512,0.8544858827394228,0.4740391099123398,0.5,0.0987179487179487,780.0,0.052671194076538,0.0462031364440918,2026-04-21T08:41:03.098845+00:00
NR-ER,avalon,LogisticRegression,smoteenn,accuracy,"{'C': 0.001, 'l1_ratio': 1.0}",0.0570175438596491,1596,0.9429824561403508,0.9153102847411982,0.4853273137697517,0.5,0.0570175438596491,0.525711302531976,0.36228659137704,0.3445680068434559,0.5,0.474288697468024,7662.0,0.9012820512820512,0.8544858827394228,0.4740391099123398,0.5,0.0987179487179487,780.0,0.0560739040374755,0.0401561260223388,2026-04-21T08:41:03.925862+00:00
NR-ER,avalon,XGBoost,smoten,accuracy,"{'colsample_bytree': 0.8, 'learning_rate': 0.05, 'max_depth': 3, 'min_child_weight': 5, 'n_estimators': 100, 'scale_pos_weight': 1, 'subsample': 0.8}",0.14219181806412873,1596,0.9454887218045113,0.9233694337834416,0.546542045087147,0.5696141068234091,0.14219181806412873,0.8741310824230387,0.874125837919718,0.8741258379197181,0.9438517640666279,0.9449308422228238,8056.0,0.8641025641025641,0.8633050200895597,0.6136737440191388,0.6551329182908131,0.2852399422575384,780.0,0.5753159523010254,0.5117173194885254,2026-04-30T00:35:36.789823+00:00
NR-ER,avalon,RandomForest,smoten_enn,accuracy,"{'max_depth': 10, 'max_features': 'sqrt', 'min_samples_leaf': 20, 'n_estimators': 200}",0.0966240795414613,1596,0.9448621553884712,0.9209307992202728,0.5274547803617571,0.4704355445219233,0.0966240795414613,0.9255867939128192,0.9256130387435436,0.925571541681351,0.9774040119592268,0.973550949058756,7754.0,0.8871794871794871,0.8689468644480657,0.5836063187013176,0.6361788993367941,0.2603811490858478,780.0,0.8504331111907959,0.6253409385681152,2026-04-21T17:40:20.496465+00:00
NR-ER,erg,BalancedRandomForest,none,accuracy,"{'max_depth': 15, 'max_features': 'sqrt', 'min_samples_leaf': 20, 'n_estimators': 100}",0.2073204221086402,1596,0.949874686716792,0.9340555388234612,0.6233850510294379,0.5935599284436494,0.2073204221086402,0.8180039138943248,0.8388704259119723,0.6850633213383964,0.8399330779117108,0.5655097014204994,4599.0,0.808974358974359,0.8356723903712657,0.6241158377831179,0.7289815447710185,0.3425391289473438,780.0,0.5512380599975586,0.5296287536621094,2026-04-21T22:52:17.794822+00:00
NR-ER,erg,RandomForest,random_over,accuracy,"{'max_depth': 5, 'max_features': 'sqrt', 'min_samples_leaf': 5, 'n_estimators': 100}",0.2106992399477346,1596,0.949248120300752,0.9320781656955212,0.6083672882049107,0.5699098243948743,0.2106992399477346,0.7791708043694141,0.777317176793125,0.7773171767931251,0.8659438547841376,0.8724522903201534,8056.0,0.8384615384615385,0.8552797020782443,0.6447162935970848,0.7265799634220687,0.3522898647705135,780.0,0.2843179702758789,0.2647237777709961,2026-04-21T17:40:25.611453+00:00
NR-ER,erg,XGBoost,random_under,accuracy,"{'colsample_bytree': 0.8, 'learning_rate': 0.1, 'max_depth': 5, 'min_child_weight': 5, 'n_estimators': 100, 'scale_pos_weight': 1, 'subsample': 0.8}",0.22616778589764053,1596,0.9505012531328321,0.933755248024027,0.618037231706024,0.5694936292942938,0.22616778589764053,0.8768242848803269,0.8717300568846961,0.8511002399662193,0.9437823770630074,0.910577623368297,1713.0,0.8423076923076923,0.8498870121880653,0.6001683677084071,0.7118194749773696,0.2922870253003176,780.0,0.1423501968383789,0.15097284317016602,2026-04-30T00:36:15.922618+00:00
NR-ER,erg,XGBoost,smote,accuracy,"{'colsample_bytree': 0.8, 'learning_rate': 0.05, 'max_depth': 7, 'min_child_weight': 5, 'n_estimators': 100, 'scale_pos_weight': 1, 'subsample': 0.8}",0.18310744767461262,1596,0.9479949874686717,0.9287163218212835,0.5836526101072707,0.5830017158920814,0.18310744767461262,0.9364448857994042,0.9363884285529572,0.9363884285529571,0.9855412558959182,0.9868951459759527,8056.0,0.8833333333333333,0.8720308513424658,0.609980713331978,0.6339712918660287,0.26700062088613064,780.0,1.530989170074463,1.5141839981079102,2026-04-30T00:36:21.245963+00:00
NR-ER,erg,RandomForest,smoteenn,accuracy,"{'max_depth': 15, 'max_features': 'sqrt', 'min_samples_leaf': 20, 'n_estimators': 100}",0.2067525411828168,1596,0.9479949874686716,0.9304010833670158,0.5986973447037974,0.588273520499434,0.2067525411828168,0.9190431139343156,0.918894201426012,0.918123843016914,0.9733775835541008,0.9706334403160136,7399.0,0.867948717948718,0.8683276964874944,0.6310871312134083,0.7131680552733184,0.3445814004170573,780.0,0.5281238555908203,0.5232992172241211,2026-04-21T17:40:53.550506+00:00
NR-ER,erg,LogisticRegression,smoten,accuracy,"{'C': 0.001, 'l1_ratio': 1.0}",0.0570175438596491,1596,0.9429824561403508,0.9153102847411982,0.4853273137697517,0.5,0.0570175438596491,0.5,0.3333333333333333,0.3333333333333333,0.5,0.5,8056.0,0.9012820512820512,0.8544858827394228,0.4740391099123398,0.5,0.0987179487179487,780.0,0.0268499851226806,0.0147891044616699,2026-04-21T08:41:10.693518+00:00
NR-ER,erg,LogisticRegression,smoten_enn,accuracy,"{'C': 0.001, 'l1_ratio': 1.0}",0.0570175438596491,1596,0.9429824561403508,0.9153102847411982,0.4853273137697517,0.5,0.0570175438596491,0.5637508747375787,0.4064778525808587,0.3605119484471494,0.5,0.4362491252624212,7145.0,0.9012820512820512,0.8544858827394228,0.4740391099123398,0.5,0.0987179487179487,780.0,0.0202710628509521,0.012192964553833,2026-04-21T08:41:15.071269+00:00
NR-ER,estate,DecisionTree,none,accuracy,"{'ccp_alpha': 0.0, 'criterion': 'entropy', 'max_depth': 5, 'min_samples_leaf': 50}",0.2253936570707205,1596,0.949248120300752,0.9328540822845428,0.6153038116692011,0.6107298017597023,0.2253936570707205,0.6908023483365949,0.7423511278307751,0.5826700071216526,0.777765362254064,0.3668241286791698,4599.0,0.7384615384615385,0.7862715483568564,0.572492504110649,0.7143041879883986,0.2607534946017645,780.0,0.0151422023773193,0.0081229209899902,2026-04-22T08:54:54.516417+00:00
NR-ER,estate,XGBoost,random_over,accuracy,"{'colsample_bytree': 0.8, 'learning_rate': 0.1, 'max_depth': 3, 'min_child_weight': 5, 'n_estimators': 100, 'scale_pos_weight': 1, 'subsample': 0.8}",0.2425578160301307,1596,0.9505012531328321,0.9359434341918569,0.6376136373434658,0.630002555583951,0.2425578160301307,0.7753227408142999,0.7750509960269503,0.7750509960269504,0.861107827383095,0.8610600217506014,8056.0,0.7923076923076923,0.8238736539104062,0.6090878717006348,0.7262104893683841,0.32583999991718077,780.0,0.09703969955444336,0.09587717056274414,2026-04-30T00:37:18.877371+00:00
NR-ER,estate,XGBoost,random_under,accuracy,"{'colsample_bytree': 0.8, 'learning_rate': 0.1, 'max_depth': 5, 'min_child_weight': 10, 'n_estimators': 200, 'scale_pos_weight': 1, 'subsample': 0.8}",0.2215070811960991,1596,0.9479949874686717,0.9278228909236681,0.5756828351874334,0.6100142382534408,0.2215070811960991,0.8388791593695272,0.8316623373181011,0.8041903013756726,0.9001459939087415,0.8391422443225232,1713.0,0.8423076923076923,0.8554505774401062,0.63308716952413,0.7246032772348562,0.333911857918884,780.0,0.0749199390411377,0.06336283683776855,2026-04-30T00:37:19.342732+00:00
NR-ER,estate,RandomForest,smote,accuracy,"{'max_depth': 15, 'max_features': 'sqrt', 'min_samples_leaf': 5, 'n_estimators': 200}",0.1460098937375773,1596,0.9467418546365914,0.9251310559953164,0.5569663658897412,0.5634697528385236,0.1460098937375773,0.9425273088381332,0.942510682777118,0.942510682777118,0.9848961933792156,0.9857886953305484,8056.0,0.8871794871794871,0.87252849002849,0.6027777777777777,0.7012894644473592,0.2982042640396127,780.0,0.4291210174560547,0.3846879005432129,2026-04-21T17:41:23.411385+00:00
NR-ER,estate,RandomForest,smoteenn,accuracy,"{'max_depth': 15, 'max_features': 'sqrt', 'min_samples_leaf': 5, 'n_estimators': 200}",0.1577016264323161,1596,0.9467418546365914,0.9251310559953164,0.5569663658897412,0.5684823482165675,0.1577016264323161,0.9496714848883048,0.949635268669942,0.9494308074877932,0.9889665765104902,0.9876544812412832,7610.0,0.8858974358974359,0.8727494088815948,0.6072440891423528,0.7106925791136317,0.2997688289412648,780.0,0.5382280349731445,0.4879181385040283,2026-04-21T17:41:32.141993+00:00
NR-ER,estate,LogisticRegression,smoten,accuracy,"{'C': 0.001, 'l1_ratio': 1.0}",0.0570175438596491,1596,0.9429824561403508,0.9153102847411982,0.4853273137697517,0.5,0.0570175438596491,0.5,0.3333333333333333,0.3333333333333333,0.5,0.5,8056.0,0.9012820512820512,0.8544858827394228,0.4740391099123398,0.5,0.0987179487179487,780.0,0.0178649425506591,0.0070571899414062,2026-04-21T08:41:19.818453+00:00
NR-ER,estate,LogisticRegression,smoten_enn,accuracy,"{'C': 0.001, 'l1_ratio': 1.0}",0.0570175438596491,1596,0.9429824561403508,0.9153102847411982,0.4853273137697517,0.5,0.0570175438596491,0.5442507769220376,0.3836279866028466,0.3524367836206142,0.5,0.4557492230779624,7401.0,0.9012820512820512,0.8544858827394228,0.4740391099123398,0.5,0.0987179487179487,780.0,0.0111019611358642,0.005361795425415,2026-04-21T08:41:20.515373+00:00
NR-ER,fcfp,DecisionTree,none,accuracy,"{'ccp_alpha': 0.0, 'criterion': 'gini', 'max_depth': 15, 'min_samples_leaf': 50}",0.1945156902960658,1596,0.949874686716792,0.9333034994172272,0.6166594610174376,0.5395531378920083,0.1945156902960658,0.730811045879539,0.7731419574909228,0.6098183398117335,0.8060313792941529,0.3962995361048914,4599.0,0.7512820512820513,0.7925431307375752,0.5577300785634118,0.6857438436385805,0.2472083238595422,780.0,0.8071730136871338,0.4029750823974609,2026-04-22T08:54:59.338441+00:00
NR-ER,fcfp,RandomForest,random_over,accuracy,"{'max_depth': 15, 'max_features': 'sqrt', 'min_samples_leaf': 10, 'n_estimators': 100}",0.2145805150191444,1596,0.9479949874686716,0.927822890923668,0.5756828351874334,0.6027089189879888,0.2145805150191444,0.8031281032770605,0.8018220166393109,0.8018220166393109,0.8958477968027188,0.8950321385873156,8056.0,0.841025641025641,0.8516393137583268,0.6143479162347087,0.6881361881361883,0.3386842588331091,780.0,1.720898151397705,1.637078046798706,2026-04-21T17:41:49.985207+00:00
NR-ER,fcfp,XGBoost,random_under,accuracy,"{'colsample_bytree': 0.8, 'learning_rate': 0.1, 'max_depth': 7, 'min_child_weight': 5, 'n_estimators': 100, 'scale_pos_weight': 1, 'subsample': 0.8}",0.21641768964846547,1596,0.949874686716792,0.9308665724848959,0.5948981534361317,0.5977145777810229,0.21641768964846547,0.833041447752481,0.8240852054579849,0.7943525638873031,0.8985787063590163,0.8460122278602406,1713.0,0.8525641025641025,0.8576146618905324,0.6144108050947639,0.7060002586318376,0.2904879912312255,780.0,0.642632007598877,0.5578389167785645,2026-04-30T00:37:30.642743+00:00
NR-ER,fcfp,LogisticRegression,smote,accuracy,"{'C': 0.001, 'l1_ratio': 1.0}",0.0570175438596491,1596,0.9429824561403508,0.9153102847411982,0.4853273137697517,0.5,0.0570175438596491,0.5,0.3333333333333333,0.3333333333333333,0.5,0.5,8056.0,0.9012820512820512,0.8544858827394228,0.4740391099123398,0.5,0.0987179487179487,780.0,0.1195509433746337,0.089426040649414,2026-04-21T08:41:22.326588+00:00
NR-ER,fcfp,LogisticRegression,smoteenn,accuracy,"{'C': 0.001, 'l1_ratio': 1.0}",0.0570175438596491,1596,0.9429824561403508,0.9153102847411982,0.4853273137697517,0.5,0.0570175438596491,0.5214914552045572,0.3574825700415174,0.3427501701837985,0.5,0.4785085447954428,7724.0,0.9012820512820512,0.8544858827394228,0.4740391099123398,0.5,0.0987179487179487,780.0,0.1060810089111328,0.0901858806610107,2026-04-21T08:41:22.969655+00:00
NR-ER,fcfp,LogisticRegression,smoten,accuracy,"{'C': 0.001, 'l1_ratio': 1.0}",0.0570175438596491,1596,0.9429824561403508,0.9153102847411982,0.4853273137697517,0.5,0.0570175438596491,0.5,0.3333333333333333,0.3333333333333333,0.5,0.5,8056.0,0.9012820512820512,0.8544858827394228,0.4740391099123398,0.5,0.0987179487179487,780.0,0.1167778968811035,0.0927019119262695,2026-04-21T08:41:23.588113+00:00
NR-ER,fcfp,LogisticRegression,smoten_enn,accuracy,"{'C': 0.001, 'l1_ratio': 1.0}",0.0570175438596491,1596,0.9429824561403508,0.9153102847411982,0.4853273137697517,0.5,0.0570175438596491,0.5221674876847291,0.3582508329746361,0.343042071197411,0.5,0.4778325123152709,7714.0,0.9012820512820512,0.8544858827394228,0.4740391099123398,0.5,0.0987179487179487,780.0,0.1002628803253173,0.0845868587493896,2026-04-21T08:41:24.667741+00:00
NR-ER,klekota_roth,DecisionTree,none,accuracy,"{'ccp_alpha': 0.001, 'criterion': 'entropy', 'max_depth': 15, 'min_samples_leaf': 20}",0.1230807653884577,1596,0.9461152882205514,0.9291097042352208,0.5951389298566456,0.5541856814282062,0.1230807653884577,0.7788649706457925,0.8103821078445885,0.6549545139840498,0.819165578255191,0.4727206173147538,4599.0,0.7756410256410257,0.8083192852196303,0.5676535146760252,0.6167168535589589,0.2145302746413719,780.0,0.4993090629577636,0.4285690784454345,2026-04-22T08:56:34.060674+00:00
NR-ER,klekota_roth,DecisionTree,random_over,accuracy,"{'ccp_alpha': 0.0, 'criterion': 'entropy', 'max_depth': 10, 'min_samples_leaf': 10}",0.1521210987155259,1596,0.9448621553884712,0.92663384935895,0.5783254071191815,0.5525135993574533,0.1521210987155259,0.7512413108242304,0.7469590365216554,0.7469590365216554,0.7973157916925119,0.7976781207383603,8056.0,0.8320512820512821,0.8408549476997131,0.5784218669417225,0.5849420849420849,0.1866411146086109,780.0,2.277132987976074,1.6234369277954102,2026-04-22T08:56:36.714687+00:00
NR-ER,klekota_roth,XGBoost,random_under,accuracy,"{'colsample_bytree': 0.8, 'learning_rate': 0.1, 'max_depth': 7, 'min_child_weight': 1, 'n_estimators': 200, 'scale_pos_weight': 1, 'subsample': 0.8}",0.1813097146876606,1596,0.9473684210526315,0.9274099011091406,0.5746430611079383,0.559592566901537,0.1813097146876606,0.9416228838295388,0.9409117018371517,0.9327900034840908,0.9847036108955621,0.9745715159158845,1713.0,0.8641025641025641,0.8641025641025641,0.6181485655169865,0.7042544937281778,0.31620659630647363,780.0,2.950622081756592,2.823152780532837,2026-04-30T00:40:25.325639+00:00
NR-ER,klekota_roth,LogisticRegression,smote,accuracy,"{'C': 0.001, 'l1_ratio': 1.0}",0.0570175438596491,1596,0.9429824561403508,0.9153102847411982,0.4853273137697517,0.5,0.0570175438596491,0.5,0.3333333333333333,0.3333333333333333,0.5,0.5,8056.0,0.9012820512820512,0.8544858827394228,0.4740391099123398,0.5,0.0987179487179487,780.0,0.3470017910003662,0.2323660850524902,2026-04-21T08:41:41.865134+00:00
NR-ER,klekota_roth,LogisticRegression,smoteenn,accuracy,"{'C': 0.001, 'l1_ratio': 1.0}",0.0570175438596491,1596,0.9429824561403508,0.9153102847411982,0.4853273137697517,0.5,0.0570175438596491,0.531258243207597,0.3686319041585186,0.3469422911283376,0.5,0.468741756792403,7582.0,0.9012820512820512,0.8544858827394228,0.4740391099123398,0.5,0.0987179487179487,780.0,0.3036718368530273,0.1913819313049316,2026-04-21T08:41:33.372775+00:00
NR-ER,klekota_roth,LogisticRegression,smoten,accuracy,"{'C': 0.001, 'l1_ratio': 1.0}",0.0570175438596491,1596,0.9429824561403508,0.9153102847411982,0.4853273137697517,0.5,0.0570175438596491,0.5,0.3333333333333333,0.3333333333333333,0.5,0.5,8056.0,0.9012820512820512,0.8544858827394228,0.4740391099123398,0.5,0.0987179487179487,780.0,1.0593228340148926,0.2434139251708984,2026-04-21T08:41:35.312488+00:00
NR-ER,klekota_roth,LogisticRegression,smoten_enn,accuracy,"{'C': 0.001, 'l1_ratio': 1.0}",0.0570175438596491,1596,0.9429824561403508,0.9153102847411982,0.4853273137697517,0.5,0.0570175438596491,0.5218968644726613,0.3579432266466677,0.3429252511493274,0.5,0.4781031355273387,7718.0,0.9012820512820512,0.8544858827394228,0.4740391099123398,0.5,0.0987179487179487,780.0,0.3388998508453369,0.2545998096466064,2026-04-21T08:41:37.727995+00:00
NR-ER,maccs,DecisionTree,none,accuracy,"{'ccp_alpha': 0.001, 'criterion': 'entropy', 'max_depth': 10, 'min_samples_leaf': 50}",0.1636354216214979,1596,0.9486215538847118,0.93083552312469,0.599921740300077,0.5804789894490892,0.1636354216214979,0.7101543813872581,0.7582782410175487,0.6060694736415975,0.830212375021087,0.4381894513390294,4599.0,0.732051282051282,0.7809110285813471,0.5608664147121334,0.6780772570246254,0.2299982448202741,780.0,0.0393941402435302,0.0323610305786132,2026-04-22T08:58:30.197933+00:00
NR-ER,maccs,DecisionTree,random_over,accuracy,"{'ccp_alpha': 0.0, 'criterion': 'entropy', 'max_depth': 5, 'min_samples_leaf': 10}",0.2061976384260007,1596,0.949874686716792,0.9317107535678576,0.6024312475089677,0.5764484684750466,0.2061976384260007,0.7133813306852036,0.7111819721494289,0.7111819721494289,0.7952325590282125,0.7619710366574162,8056.0,0.7,0.7580726357425387,0.5442286947141316,0.7081524449945503,0.2395479057621251,780.0,0.0469000339508056,0.0418751239776611,2026-04-22T08:58:33.121586+00:00
NR-ER,maccs,LogisticRegression,random_under,accuracy,"{'C': 0.01, 'l1_ratio': 1.0}",0.1887965442830328,1596,0.950501253132832,0.9359434341918568,0.6376136373434658,0.5790807199445073,0.1887965442830328,0.6182136602451839,0.6291021827897363,0.6078099006906286,0.689278342294374,0.5185768439061347,1713.0,0.5846153846153846,0.6677765409077051,0.4705837990933391,0.5912600912600913,0.1369168300432777,780.0,0.0097959041595458,0.0041968822479248,2026-04-21T08:41:59.823454+00:00
NR-ER,maccs,LogisticRegression,smote,accuracy,"{'C': 0.001, 'l1_ratio': 1.0}",0.0570175438596491,1596,0.9429824561403508,0.9153102847411982,0.4853273137697517,0.5,0.0570175438596491,0.5,0.3333333333333333,0.3333333333333333,0.5,0.5,8056.0,0.9012820512820512,0.8544858827394228,0.4740391099123398,0.5,0.0987179487179487,780.0,0.0185039043426513,0.0121710300445556,2026-04-21T08:41:51.382823+00:00
NR-ER,maccs,DecisionTree,smoteenn,accuracy,"{'ccp_alpha': 0.0, 'criterion': 'entropy', 'max_depth': 5, 'min_samples_leaf': 10}",0.1187821099205158,1596,0.9461152882205514,0.924737069063344,0.5560931435963777,0.5125333138622175,0.1187821099205158,0.7486454341218448,0.7452873848041603,0.7427765497638734,0.8377465750484108,0.8086099938400823,7567.0,0.8435897435897436,0.8485699114746149,0.588771153480493,0.6400399031977979,0.1931051189030502,780.0,0.0353169441223144,0.0311141014099121,2026-04-22T08:58:38.932498+00:00
NR-ER,maccs,DecisionTree,smoten,accuracy,"{'ccp_alpha': 0.01, 'criterion': 'gini', 'max_depth': 5, 'min_samples_leaf': 10}",0.2554262416401185,1596,0.9486215538847118,0.929138236797018,0.584770607272035,0.6138403125114089,0.2554262416401185,0.7271598808341608,0.726505693972714,0.726505693972714,0.795548464620546,0.754342181574204,8056.0,0.75,0.7913010720850397,0.5541040892847197,0.645129408287303,0.1938538357555982,780.0,0.0392782688140869,0.0335817337036132,2026-04-22T08:58:41.999185+00:00
NR-ER,maccs,DecisionTree,smoten_enn,accuracy,"{'ccp_alpha': 0.01, 'criterion': 'entropy', 'max_depth': 5, 'min_samples_leaf': 10}",0.2540107186784677,1596,0.9511278195488722,0.9342094000454372,0.619437752968366,0.6029462232120039,0.2540107186784677,0.752442996742671,0.7482302295672129,0.7495633394458254,0.8273447942820874,0.7824470148945448,7675.0,0.6935897435897436,0.7514579623331457,0.5177450272791476,0.6020302599249968,0.1654309885977171,780.0,0.0414652824401855,0.0312118530273437,2026-04-22T08:58:42.711476+00:00
NR-ER,map4,BalancedRandomForest,none,accuracy,"{'max_depth': 5, 'max_features': 'sqrt', 'min_samples_leaf': 5, 'n_estimators': 200}",0.2793370208355215,1596,0.949248120300752,0.9320781656955212,0.6083672882049107,0.6822898032200357,0.2793370208355215,0.8804087845183736,0.8911185230816692,0.776848256991197,0.907018210529794,0.7466691473054936,4599.0,0.8205128205128205,0.8386659443105294,0.6019189547820761,0.6955164323585377,0.3208918806550123,780.0,2.1969451904296875,2.3075029850006104,2026-04-21T22:55:55.582806+00:00
NR-ER,map4,XGBoost,random_over,accuracy,"{'colsample_bytree': 0.8, 'learning_rate': 0.05, 'max_depth': 5, 'min_child_weight': 10, 'n_estimators': 100, 'scale_pos_weight': 1, 'subsample': 0.8}",0.22085886105872068,1596,0.9479949874686717,0.9287163218212835,0.5836526101072707,0.6592603409879159,0.22085886105872068,0.939175769612711,0.9391736102002637,0.9391736102002637,0.9830214380666022,0.9842141861011596,8056.0,0.8833333333333333,0.8759012345679013,0.6310331384015595,0.6758049915944653,0.2864164164531164,780.0,1.5560598373413086,1.5103869438171387,2026-04-30T00:48:14.745606+00:00
NR-ER,map4,RandomForest,random_under,accuracy,"{'max_depth': 5, 'max_features': 'sqrt', 'min_samples_leaf': 10, 'n_estimators': 200}",0.2638333160003219,1596,0.949248120300752,0.9312720576952586,0.6011661807580175,0.691679748822606,0.2638333160003219,0.8890834792761237,0.8873026057255797,0.8714138745168193,0.9341171815814576,0.9071747141315548,1713.0,0.8397435897435898,0.8494841330471734,0.6055809287254399,0.6882562672036356,0.3074166872407963,780.0,0.4361066818237304,0.43426513671875,2026-04-21T17:46:30.021492+00:00
NR-ER,map4,LogisticRegression,smote,accuracy,"{'C': 0.001, 'l1_ratio': 1.0}",0.0570175438596491,1596,0.9429824561403508,0.9153102847411982,0.4853273137697517,0.5,0.0570175438596491,0.5,0.3333333333333333,0.3333333333333333,0.5,0.5,8056.0,0.9012820512820512,0.8544858827394228,0.4740391099123398,0.5,0.0987179487179487,780.0,0.0825350284576416,0.07106614112854,2026-04-21T08:41:59.463088+00:00
NR-ER,map4,LogisticRegression,smoteenn,accuracy,"{'C': 0.001, 'l1_ratio': 1.0}",0.0570175438596491,1596,0.9429824561403508,0.9153102847411982,0.4853273137697517,0.5,0.0570175438596491,0.5119471276054905,0.3466918342291386,0.3386012104909213,0.5,0.4880528723945094,7868.0,0.9012820512820512,0.8544858827394228,0.4740391099123398,0.5,0.0987179487179487,780.0,0.0763552188873291,0.0715079307556152,2026-04-21T08:42:01.063089+00:00
NR-ER,map4,LogisticRegression,smoten,accuracy,"{'C': 0.001, 'l1_ratio': 1.0}",0.0570175438596491,1596,0.9429824561403508,0.9153102847411982,0.4853273137697517,0.5,0.0570175438596491,0.5,0.3333333333333333,0.3333333333333333,0.5,0.5,8056.0,0.9012820512820512,0.8544858827394228,0.4740391099123398,0.5,0.0987179487179487,780.0,0.0939130783081054,0.0763831138610839,2026-04-21T08:42:09.791763+00:00
NR-ER,map4,LogisticRegression,smoten_enn,accuracy,"{'C': 0.001, 'l1_ratio': 1.0}",0.0570175438596491,1596,0.9429824561403508,0.9153102847411982,0.4853273137697517,0.5,0.0570175438596491,0.5157490396927017,0.3509777212167937,0.3402601790843048,0.5,0.4842509603072983,7810.0,0.9012820512820512,0.8544858827394228,0.4740391099123398,0.5,0.0987179487179487,780.0,0.0824866294860839,0.0796940326690673,2026-04-21T08:42:03.713285+00:00
NR-ER,mhfp,BernoulliNB,none,accuracy,{'alpha': 10.0},0.2341812123354466,1596,0.9479949874686716,0.9287163218212836,0.5836526101072707,0.6114271110948852,0.2341812123354466,0.8151772124374864,0.8350033337022985,0.6725888758528779,0.8078331278250147,0.4851974774151938,4599.0,0.8128205128205128,0.8287437678062677,0.5664290935672515,0.6448615395983817,0.239445141160519,780.0,0.0379068851470947,0.0096137523651123,2026-04-21T14:15:50.810169+00:00
NR-ER,mhfp,BernoulliNB,random_over,accuracy,{'alpha': 0.1},0.242181032588922,1596,0.9486215538847118,0.93083552312469,0.599921740300077,0.6226643788105581,0.242181032588922,0.73733862959285,0.736239681370219,0.736239681370219,0.8049455080573029,0.8209318565298667,8056.0,0.7974358974358975,0.8223399350937328,0.5787473167530319,0.656185919343814,0.241944635910399,780.0,0.293508768081665,0.2747740745544433,2026-04-21T14:15:52.154356+00:00
NR-ER,mhfp,BernoulliNB,random_under,accuracy,{'alpha': 10.0},0.2330107515990029,1596,0.949248120300752,0.9320781656955212,0.6083672882049107,0.6207294366762806,0.2330107515990029,0.7769994162288383,0.7770966252561343,0.7493434479630798,0.8249054566756941,0.7383986786403479,1713.0,0.7858974358974359,0.8134962158651498,0.5631072845638619,0.6407973250078514,0.2349449872793749,780.0,0.0759060382843017,0.0462231636047363,2026-04-21T14:15:54.169822+00:00
NR-ER,mhfp,LogisticRegression,smote,accuracy,"{'C': 0.001, 'l1_ratio': 1.0}",0.0570175438596491,1596,0.9429824561403508,0.9153102847411982,0.4853273137697517,0.5,0.0570175438596491,0.5,0.3333333333333333,0.3333333333333333,0.5,0.5,8056.0,0.9012820512820512,0.8544858827394228,0.4740391099123398,0.5,0.0987179487179487,780.0,0.7495720386505127,0.3169348239898681,2026-04-21T08:42:26.801592+00:00
NR-ER,mhfp,LogisticRegression,smoteenn,accuracy,"{'C': 0.001, 'l1_ratio': 1.0}",0.0570175438596491,1596,0.9429824561403508,0.9153102847411982,0.4853273137697517,0.5,0.0570175438596491,0.5068579338115012,0.3409810033223761,0.3363674321503132,0.5,0.4931420661884988,7947.0,0.9012820512820512,0.8544858827394228,0.4740391099123398,0.5,0.0987179487179487,780.0,0.3243820667266845,0.2965190410614013,2026-04-21T08:42:39.376458+00:00
NR-ER,mhfp,LogisticRegression,smoten,accuracy,"{'C': 0.1, 'l1_ratio': 1.0}",0.1299767083399688,1596,0.9448621553884712,0.9209307992202728,0.5274547803617571,0.558329378262933,0.1299767083399688,0.9620158887785502,0.9619864990895768,0.9619864990895768,0.9917846055762592,0.9932478683935264,8056.0,0.9025641025641026,0.8845552608311228,0.6283385579937304,0.6556132345606029,0.2997598334369891,780.0,1.3382158279418943,1.7331571578979492,2026-04-21T08:42:40.591263+00:00
NR-ER,mhfp,LogisticRegression,smoten_enn,accuracy,"{'C': 0.01, 'l1_ratio': 0.0}",0.136420464642189,1596,0.9442355889724312,0.9183533655360648,0.5071459055470547,0.5793289766711693,0.136420464642189,0.973336687209156,0.9733191419870748,0.9733074821875902,0.9970745502866628,0.9974037035487766,7951.0,0.9012820512820512,0.8785699042624098,0.5997894330017125,0.6735142524616208,0.2983939195303011,780.0,2.279482126235962,2.170503854751587,2026-04-21T08:42:45.959452+00:00
NR-ER,morgan_2048,EasyEnsemble,none,accuracy,"{'n_estimators': 20, 'replacement': False}",0.2401761980606482,1596,0.950501253132832,0.9352409089251196,0.6313236313236313,0.6231718447665292,0.2401761980606482,0.6634050880626223,0.7203695523896486,0.560785959862477,0.7725072913423896,0.4657464336940303,4599.0,0.7448717948717949,0.7886816886816888,0.5582195582195583,0.6820491031017346,0.2764777444181903,780.0,36.711328983306885,28.774873733520508,2026-04-21T22:59:20.617805+00:00
NR-ER,morgan_2048,RandomForest,random_over,accuracy,"{'max_depth': 5, 'max_features': 'sqrt', 'min_samples_leaf': 20, 'n_estimators': 200}",0.2493710517441686,1596,0.9486215538847118,0.929138236797018,0.584770607272035,0.5977510861231792,0.2493710517441686,0.6983614697120158,0.6825483312352678,0.6825483312352679,0.8129161534600399,0.8268026345030757,8056.0,0.867948717948718,0.8651317307368263,0.6132125886447998,0.6959320906689328,0.2836213464215457,780.0,0.9264907836914062,1.6902501583099363,2026-04-21T17:49:08.179194+00:00
NR-ER,morgan_2048,DecisionTree,random_under,accuracy,"{'ccp_alpha': 0.0, 'criterion': 'gini', 'max_depth': 5, 'min_samples_leaf': 50}",0.2204306525238521,1596,0.949874686716792,0.9347801321485532,0.6298701298701299,0.6255229820013872,0.2204306525238521,0.6147110332749562,0.6235893371638969,0.611102855586101,0.7260658935532648,0.5594634320637036,1713.0,0.6397435897435897,0.7123828962561908,0.5120648086928066,0.6740038055827529,0.1796483640518112,780.0,0.1354198455810547,0.1391022205352783,2026-04-22T09:03:17.949382+00:00
NR-ER,morgan_2048,LogisticRegression,smote,accuracy,"{'C': 0.001, 'l1_ratio': 1.0}",0.0570175438596491,1596,0.9429824561403508,0.9153102847411982,0.4853273137697517,0.5,0.0570175438596491,0.5,0.3333333333333333,0.3333333333333333,0.5,0.5,8056.0,0.9012820512820512,0.8544858827394228,0.4740391099123398,0.5,0.0987179487179487,780.0,0.1348781585693359,0.1230947971343994,2026-04-21T08:43:00.102295+00:00
NR-ER,morgan_2048,LogisticRegression,smoteenn,accuracy,"{'C': 0.001, 'l1_ratio': 1.0}",0.0570175438596491,1596,0.9429824561403508,0.9153102847411982,0.4853273137697517,0.5,0.0570175438596491,0.514037774374681,0.3490465534695238,0.3395144976399191,0.5,0.485962225625319,7836.0,0.9012820512820512,0.8544858827394228,0.4740391099123398,0.5,0.0987179487179487,780.0,0.1118769645690918,0.0888519287109375,2026-04-21T08:43:02.141540+00:00
NR-ER,morgan_2048,LogisticRegression,smoten,accuracy,"{'C': 0.001, 'l1_ratio': 1.0}",0.0570175438596491,1596,0.9429824561403508,0.9153102847411982,0.4853273137697517,0.5,0.0570175438596491,0.5,0.3333333333333333,0.3333333333333333,0.5,0.5,8056.0,0.9012820512820512,0.8544858827394228,0.4740391099123398,0.5,0.0987179487179487,780.0,0.1350960731506347,0.1111609935760498,2026-04-21T08:43:13.855031+00:00
NR-ER,morgan_2048,LogisticRegression,smoten_enn,accuracy,"{'C': 0.01, 'l1_ratio': 1.0}",0.117923320079377,1596,0.943609022556391,0.9231745977638396,0.5527351534475887,0.5062100690007667,0.117923320079377,0.8330119552641728,0.8330056634897596,0.8330117786529612,0.9308472391473496,0.9180691153296452,7779.0,0.7974358974358975,0.8160205386011837,0.5390208869471542,0.5934307513254881,0.1577760469174763,780.0,0.1738638877868652,0.1333158016204834,2026-04-21T08:43:15.798245+00:00
NR-ER,morgan_4096,XGBoost,none,accuracy,"{'colsample_bytree': 0.8, 'learning_rate': 0.05, 'max_depth': 5, 'min_child_weight': 5, 'n_estimators': 100, 'scale_pos_weight': 8, 'subsample': 0.8}",0.21958693704136367,1596,0.9492481203007519,0.9312720576952586,0.6011661807580175,0.5955094739147895,0.21958693704136367,0.8401826484018264,0.8593399171301904,0.7281979805084985,0.906532773214469,0.6705749339357627,4599.0,0.8320512820512821,0.847185122569738,0.6161172161172161,0.7004212004212003,0.287249750851446,780.0,3.6290810108184814,3.3192062377929688,2026-04-30T00:58:45.053504+00:00
NR-ER,morgan_4096,XGBoost,random_over,accuracy,"{'colsample_bytree': 0.8, 'learning_rate': 0.05, 'max_depth': 7, 'min_child_weight': 1, 'n_estimators': 100, 'scale_pos_weight': 1, 'subsample': 0.8}",0.22932024891545658,1596,0.949874686716792,0.9325224615850636,0.6096797466342215,0.5937972326676646,0.22932024891545658,0.8920059582919563,0.8918808849677111,0.8918808849677111,0.9614635239519985,0.9607569025916729,8056.0,0.8717948717948718,0.8710424717826034,0.6355412679425837,0.7070070754281281,0.3053221657222588,780.0,5.902645111083984,5.792400121688843,2026-04-30T00:59:23.498738+00:00
NR-ER,morgan_4096,RandomForest,random_under,accuracy,"{'max_depth': 10, 'max_features': 'log2', 'min_samples_leaf': 10, 'n_estimators': 100}",0.232716721354396,1596,0.949248120300752,0.9304340008135416,0.5936850773336015,0.6449746267022014,0.232716721354396,0.7933450087565674,0.7824313038928633,0.745774095203598,0.8318516689618791,0.7564471319059328,1713.0,0.8397435897435898,0.8536492717900513,0.6304452471468478,0.7097781308307625,0.2971313539756501,780.0,0.213829755783081,0.1786680221557617,2026-04-21T17:50:55.908760+00:00
NR-ER,morgan_4096,LogisticRegression,smote,accuracy,"{'C': 0.001, 'l1_ratio': 1.0}",0.0570175438596491,1596,0.9429824561403508,0.9153102847411982,0.4853273137697517,0.5,0.0570175438596491,0.5,0.3333333333333333,0.3333333333333333,0.5,0.5,8056.0,0.9012820512820512,0.8544858827394228,0.4740391099123398,0.5,0.0987179487179487,780.0,0.3391098976135254,0.243729829788208,2026-04-21T08:43:20.783452+00:00
NR-ER,morgan_4096,LogisticRegression,smoteenn,accuracy,"{'C': 0.001, 'l1_ratio': 1.0}",0.0570175438596491,1596,0.9429824561403508,0.9153102847411982,0.4853273137697517,0.5,0.0570175438596491,0.5118170266836086,0.3465454670501892,0.338544293158514,0.5,0.4881829733163914,7870.0,0.9012820512820512,0.8544858827394228,0.4740391099123398,0.5,0.0987179487179487,780.0,0.275954008102417,0.2531399726867676,2026-04-21T08:43:22.026433+00:00
NR-ER,morgan_4096,LogisticRegression,smoten,accuracy,"{'C': 0.001, 'l1_ratio': 1.0}",0.0570175438596491,1596,0.9429824561403508,0.9153102847411982,0.4853273137697517,0.5,0.0570175438596491,0.5,0.3333333333333333,0.3333333333333333,0.5,0.5,8056.0,0.9012820512820512,0.8544858827394228,0.4740391099123398,0.5,0.0987179487179487,780.0,0.3702321052551269,0.3020999431610107,2026-04-21T08:43:27.634501+00:00
NR-ER,morgan_4096,LogisticRegression,smoten_enn,accuracy,"{'C': 0.001, 'l1_ratio': 1.0}",0.0570175438596491,1596,0.9429824561403508,0.9153102847411982,0.4853273137697517,0.5,0.0570175438596491,0.5162117134435473,0.3515004279859029,0.3404614994505959,0.5,0.4837882865564527,7803.0,0.9012820512820512,0.8544858827394228,0.4740391099123398,0.5,0.0987179487179487,780.0,0.2909648418426513,0.1970469951629638,2026-04-21T08:43:40.549106+00:00
NR-ER,pubchem,LogisticRegression,none,accuracy,"{'C': 0.01, 'l1_ratio': 1.0}",0.177051520578664,1596,0.949874686716792,0.9347801321485532,0.6298701298701299,0.5601913037128986,0.177051520578664,0.720808871493803,0.7644781032928425,0.5933164997449067,0.7168859141873785,0.3119855883568428,4599.0,0.717948717948718,0.7678357225854978,0.5238570905337462,0.5786333154754207,0.1909755181527641,780.0,0.1032040119171142,0.0731058120727539,2026-04-21T08:43:43.599925+00:00
NR-ER,pubchem,LogisticRegression,random_over,accuracy,"{'C': 0.01, 'l1_ratio': 1.0}",0.1981979966431242,1596,0.949874686716792,0.9347801321485532,0.6298701298701299,0.5669124895038516,0.1981979966431242,0.6896722939424031,0.688373914662357,0.6883739146623571,0.7270773527709212,0.7528952784619439,8056.0,0.7371794871794872,0.7823102823102823,0.5448995448995448,0.6031109715320243,0.2216121044780281,780.0,0.1422328948974609,0.1171021461486816,2026-04-21T08:43:45.557914+00:00
NR-ER,pubchem,LogisticRegression,random_under,accuracy,"{'C': 0.01, 'l1_ratio': 1.0}",0.167591040767895,1596,0.949248120300752,0.933601438264996,0.6219900523697992,0.5565769778394363,0.167591040767895,0.6748394629305312,0.6792397905720183,0.6448207894310714,0.6958066623522808,0.5534118631761998,1713.0,0.6961538461538461,0.7530890310133991,0.5170530990790935,0.5800465537307643,0.1614888503697736,780.0,0.0341989994049072,0.0251450538635253,2026-04-21T08:43:46.182407+00:00
NR-ER,pubchem,RandomForest,smote,accuracy,"{'max_depth': 10, 'max_features': 'log2', 'min_samples_leaf': 20, 'n_estimators': 100}",0.1533225504202758,1596,0.9473684210526316,0.9274099011091406,0.5746430611079383,0.4934504034171808,0.1533225504202758,0.7825223435948362,0.7824137166389873,0.7824137166389873,0.8749598145651738,0.8796166579639507,8056.0,0.8,0.8176902990143545,0.5408371194397066,0.6040808409229461,0.2085013901683813,780.0,0.314863920211792,0.3027350902557373,2026-04-21T17:53:20.627278+00:00
NR-ER,pubchem,RandomForest,smoteenn,accuracy,"{'max_depth': 10, 'max_features': 'log2', 'min_samples_leaf': 10, 'n_estimators': 100}",0.1487203235669438,1596,0.9473684210526316,0.9264873697828012,0.5664165588615783,0.4983607754371874,0.1487203235669438,0.82365308804205,0.8237815095825045,0.8235967482694635,0.9115129049196108,0.9022080628531768,7610.0,0.8115384615384615,0.8229933404634757,0.5361631721811172,0.6135578503999556,0.2156814913917581,780.0,0.3695840835571289,0.3087129592895508,2026-04-21T17:53:29.237062+00:00
NR-ER,pubchem,DecisionTree,smoten,accuracy,"{'ccp_alpha': 0.0, 'criterion': 'entropy', 'max_depth': 5, 'min_samples_leaf': 50}",0.1597524289046324,1596,0.9486215538847118,0.93083552312469,0.599921740300077,0.5424007885801906,0.1597524289046324,0.7554617676266137,0.7531115561685552,0.7531115561685553,0.8362638910940201,0.7931675815374006,8056.0,0.7448717948717949,0.7895764634527195,0.5656954831994494,0.6790563632668897,0.2203879373219748,780.0,0.2137289047241211,0.1881132125854492,2026-04-22T09:10:08.747245+00:00
NR-ER,pubchem,RandomForest,smoten_enn,accuracy,"{'max_depth': 5, 'max_features': 'sqrt', 'min_samples_leaf': 5, 'n_estimators': 100}",0.160367706678011,1596,0.9467418546365914,0.9269986428290252,0.5736201428809399,0.536314847942755,0.160367706678011,0.8394709543568465,0.8393793909039357,0.8394536782336557,0.9126244545510418,0.9021393400023996,7712.0,0.8192307692307692,0.8316504893489786,0.5635558412800457,0.6492490439858861,0.2103090827580494,780.0,0.5606539249420166,0.3991928100585937,2026-04-21T17:53:54.052687+00:00
NR-ER,rdkit,BalancedRandomForest,none,accuracy,"{'max_depth': 5, 'max_features': 'log2', 'min_samples_leaf': 10, 'n_estimators': 100}",0.1817697717342243,1596,0.9479949874686716,0.9287163218212836,0.5836526101072707,0.5519039100434449,0.1817697717342243,0.8184387910415307,0.8390910430710748,0.6848905349368762,0.85082900432524,0.5229021108876236,4599.0,0.8192307692307692,0.8316504893489786,0.5635558412800457,0.6243372559162031,0.2100354839353152,780.0,1.607917070388794,1.6395649909973145,2026-04-21T23:04:39.274425+00:00
NR-ER,rdkit,RandomForest,random_over,accuracy,"{'max_depth': 5, 'max_features': 'log2', 'min_samples_leaf': 5, 'n_estimators': 100}",0.1679595166159664,1596,0.9467418546365914,0.9241384317847064,0.5481238445780524,0.530758278266584,0.1679595166159664,0.8005213505461768,0.8000058549225879,0.8000058549225879,0.8849404713184472,0.8773056606302797,8056.0,0.8461538461538461,0.853206374082991,0.6079351249916225,0.6266834161571003,0.2326142479784737,780.0,0.3274528980255127,0.3574287891387939,2026-04-21T17:54:44.679156+00:00
NR-ER,rdkit,RandomForest,random_under,accuracy,"{'max_depth': 10, 'max_features': 'log2', 'min_samples_leaf': 10, 'n_estimators': 100}",0.2037109710568547,1596,0.9467418546365914,0.9241384317847064,0.5481238445780524,0.6237523274068124,0.2037109710568547,0.8266199649737302,0.8254481000975386,0.8023744847766578,0.9064281792780662,0.8357938162456708,1713.0,0.8461538461538461,0.8517904509283821,0.5997536945812808,0.6602501339343445,0.2577384119453295,780.0,0.2300410270690918,0.1876521110534668,2026-04-21T17:54:49.979336+00:00
NR-ER,rdkit,LogisticRegression,smote,accuracy,"{'C': 0.001, 'l1_ratio': 1.0}",0.0570175438596491,1596,0.9429824561403508,0.9153102847411982,0.4853273137697517,0.5,0.0570175438596491,0.5,0.3333333333333333,0.3333333333333333,0.5,0.5,8056.0,0.9012820512820512,0.8544858827394228,0.4740391099123398,0.5,0.0987179487179487,780.0,0.207543134689331,0.1746711730957031,2026-04-21T08:44:14.757526+00:00
NR-ER,rdkit,LogisticRegression,smoteenn,accuracy,"{'C': 0.001, 'l1_ratio': 1.0}",0.0570175438596491,1596,0.9429824561403508,0.9153102847411982,0.4853273137697517,0.5,0.0570175438596491,0.5495974894255696,0.3898527229737069,0.3546711279387162,0.5,0.4504025105744303,7329.0,0.9012820512820512,0.8544858827394228,0.4740391099123398,0.5,0.0987179487179487,780.0,0.1899058818817138,0.1817626953125,2026-04-21T08:44:15.792014+00:00
NR-ER,rdkit,LogisticRegression,smoten,accuracy,"{'C': 0.001, 'l1_ratio': 1.0}",0.0570175438596491,1596,0.9429824561403508,0.9153102847411982,0.4853273137697517,0.5,0.0570175438596491,0.5,0.3333333333333333,0.3333333333333333,0.5,0.5,8056.0,0.9012820512820512,0.8544858827394228,0.4740391099123398,0.5,0.0987179487179487,780.0,0.2155861854553222,0.1615443229675293,2026-04-21T08:44:18.218210+00:00
NR-ER,rdkit,LogisticRegression,smoten_enn,accuracy,"{'C': 0.001, 'l1_ratio': 1.0}",0.0570175438596491,1596,0.9429824561403508,0.9153102847411982,0.4853273137697517,0.5,0.0570175438596491,0.5229131507204985,0.359098827227375,0.343363737106811,0.5,0.4770868492795015,7703.0,0.9012820512820512,0.8544858827394228,0.4740391099123398,0.5,0.0987179487179487,780.0,0.1896240711212158,0.1472299098968505,2026-04-21T08:44:19.179885+00:00
NR-ER,topological_torsion,BalancedRandomForest,none,accuracy,"{'max_depth': 10, 'max_features': 'sqrt', 'min_samples_leaf': 10, 'n_estimators': 100}",0.2761885569299718,1596,0.9511278195488722,0.9357041503528748,0.6328004247537018,0.6628308568507905,0.2761885569299718,0.7903892150467493,0.8180536029203503,0.6586606214552855,0.8203284104090978,0.506795523497149,4599.0,0.8,0.8285524092375441,0.6105791387167802,0.7139439507860561,0.3030149042346524,780.0,1.5893187522888184,1.915438890457153,2026-04-21T23:08:22.437181+00:00
NR-ER,topological_torsion,RandomForest,random_over,accuracy,"{'max_depth': 5, 'max_features': 'sqrt', 'min_samples_leaf': 10, 'n_estimators': 200}",0.2638622159974072,1596,0.950501253132832,0.9329690439250052,0.6110139293812763,0.6542404439414407,0.2638622159974072,0.7311320754716981,0.7279445661805206,0.7279445661805206,0.8245682346217984,0.8322977249106582,8056.0,0.8333333333333334,0.8496813725490197,0.6272058823529412,0.7159483475272949,0.3065916827653954,780.0,0.9223668575286864,1.442234754562378,2026-04-21T17:56:07.404640+00:00
NR-ER,topological_torsion,RandomForest,random_under,accuracy,"{'max_depth': 10, 'max_features': 'sqrt', 'min_samples_leaf': 5, 'n_estimators': 100}",0.2890604277350096,1596,0.950501253132832,0.933755248024027,0.618037231706024,0.669654265999781,0.2890604277350096,0.8003502626970228,0.800437292768581,0.7755902073386736,0.8569236691090998,0.7917103377674355,1713.0,0.8141025641025641,0.8380655766493815,0.620662013543473,0.7135744767323715,0.3200461424798617,780.0,0.3386659622192383,0.2395641803741455,2026-04-21T17:56:20.179594+00:00
NR-ER,topological_torsion,LogisticRegression,smote,accuracy,"{'C': 0.001, 'l1_ratio': 1.0}",0.0570175438596491,1596,0.9429824561403508,0.9153102847411982,0.4853273137697517,0.5,0.0570175438596491,0.5,0.3333333333333333,0.3333333333333333,0.5,0.5,8056.0,0.9012820512820512,0.8544858827394228,0.4740391099123398,0.5,0.0987179487179487,780.0,0.1451539993286132,0.1117959022521972,2026-04-21T08:44:33.827367+00:00
NR-ER,topological_torsion,LogisticRegression,smoteenn,accuracy,"{'C': 0.001, 'l1_ratio': 1.0}",0.0570175438596491,1596,0.9429824561403508,0.9153102847411982,0.4853273137697517,0.5,0.0570175438596491,0.5170068027210885,0.3523992556663921,0.3408071748878923,0.5,0.4829931972789115,7791.0,0.9012820512820512,0.8544858827394228,0.4740391099123398,0.5,0.0987179487179487,780.0,0.1069872379302978,0.0933320522308349,2026-04-21T08:44:34.606637+00:00
NR-ER,topological_torsion,LogisticRegression,smoten,accuracy,"{'C': 0.001, 'l1_ratio': 1.0}",0.0570175438596491,1596,0.9429824561403508,0.9153102847411982,0.4853273137697517,0.5,0.0570175438596491,0.5,0.3333333333333333,0.3333333333333333,0.5,0.5,8056.0,0.9012820512820512,0.8544858827394228,0.4740391099123398,0.5,0.0987179487179487,780.0,0.1355040073394775,0.0998988151550293,2026-04-21T08:44:36.284508+00:00
NR-ER,topological_torsion,LogisticRegression,smoten_enn,accuracy,"{'C': 0.001, 'l1_ratio': 1.0}",0.0570175438596491,1596,0.9429824561403508,0.9153102847411982,0.4853273137697517,0.5,0.0570175438596491,0.5190052828243783,0.3546616810953594,0.3416744422766986,0.5,0.4809947171756217,7761.0,0.9012820512820512,0.8544858827394228,0.4740391099123398,0.5,0.0987179487179487,780.0,0.1115100383758544,0.0939159393310546,2026-04-21T08:44:37.064112+00:00
NR-ER-LBD,atom_pair,RandomForest,none,accuracy,"{'max_depth': 5, 'max_features': 'sqrt', 'min_samples_leaf': 5, 'n_estimators': 200}",0.1582917315463808,1718,0.979627473806752,0.9718099616258444,0.6059503915593565,0.6019442789034565,0.1582917315463808,0.9505965697240863,0.9547466150531576,0.7801560124266773,0.9499311623829816,0.6665999012035072,5364.0,0.9345372460496614,0.941742845703445,0.6110858838131565,0.8095015576323987,0.2266195491425027,886.0,0.778778076171875,0.4839468002319336,2026-04-21T17:57:47.858740+00:00
NR-ER-LBD,atom_pair,RandomForest,random_over,accuracy,"{'max_depth': 5, 'max_features': 'sqrt', 'min_samples_leaf': 5, 'n_estimators': 100}",0.1797305630580088,1718,0.979627473806752,0.9718099616258444,0.6059503915593565,0.6414034564958284,0.1797305630580088,0.8652225053910998,0.8643353412376588,0.8643353412376588,0.9525172576491628,0.9533137316980472,10202.0,0.91196388261851,0.9294257596180392,0.6016187050359711,0.8006230529595015,0.2300531315583256,886.0,0.9977788925170898,0.7719569206237793,2026-04-21T17:57:51.885503+00:00
NR-ER-LBD,atom_pair,RandomForest,random_under,accuracy,"{'max_depth': 10, 'max_features': 'sqrt', 'min_samples_leaf': 5, 'n_estimators': 100}",0.172741255693455,1718,0.9784633294528522,0.971007438843174,0.6009241413082376,0.6534713945172825,0.172741255693455,0.9150823827629913,0.914244461755774,0.9026458709716628,0.9735502898697392,0.9506915753068363,789.0,0.90744920993228,0.927091320503484,0.6026036538671917,0.7600077881619938,0.2934242487760132,886.0,0.2842559814453125,0.195775032043457,2026-04-21T17:58:08.494623+00:00
NR-ER-LBD,atom_pair,LogisticRegression,smote,accuracy,"{'C': 0.001, 'l1_ratio': 1.0}",0.0232828870779976,1718,0.9767171129220024,0.9652127888593168,0.4941107184923439,0.5,0.0232828870779976,0.5,0.3333333333333333,0.3333333333333333,0.5,0.5,10202.0,0.9661399548532732,0.9495014940923098,0.4913892078071182,0.5,0.0338600451467268,886.0,0.1662228107452392,0.2313418388366699,2026-04-21T08:45:05.853652+00:00
NR-ER-LBD,atom_pair,LogisticRegression,smoteenn,accuracy,"{'C': 0.001, 'l1_ratio': 1.0}",0.0232828870779976,1718,0.9767171129220024,0.9652127888593168,0.4941107184923439,0.5,0.0232828870779976,0.5021657806654853,0.3357425319057134,0.3342945147126286,0.5,0.4978342193345146,10158.0,0.9661399548532732,0.9495014940923098,0.4913892078071182,0.5,0.0338600451467268,886.0,0.2311229705810547,0.2159101963043213,2026-04-21T08:45:00.171125+00:00
NR-ER-LBD,atom_pair,XGBoost,smoten,accuracy,"{'colsample_bytree': 0.8, 'learning_rate': 0.1, 'max_depth': 5, 'min_child_weight': 5, 'n_estimators': 100, 'scale_pos_weight': 1, 'subsample': 0.8}",0.17077275441316173,1718,0.9796274738067521,0.9718099616258443,0.6059503915593565,0.5889973182359953,0.17077275441316173,0.9827484806900608,0.9827484747230151,0.9827484747230151,0.9981571625830253,0.9983203977347799,10202.0,0.9424379232505643,0.9445675462964517,0.5927538191158578,0.6655763239875389,0.1635384870149568,886.0,3.188707113265991,3.1506800651550293,2026-04-30T01:16:20.720302+00:00
NR-ER-LBD,atom_pair,XGBoost,smoten_enn,accuracy,"{'colsample_bytree': 0.8, 'learning_rate': 0.1, 'max_depth': 3, 'min_child_weight': 5, 'n_estimators': 100, 'scale_pos_weight': 1, 'subsample': 0.8}",0.1604158729666173,1718,0.9796274738067521,0.9718099616258443,0.6059503915593565,0.5260354588796186,0.1604158729666173,0.9784158415841584,0.9784139693902081,0.9784151780217456,0.9972565381533471,0.9971111819974646,10100.0,0.9334085778781038,0.9390831869584356,0.5785272561619648,0.6198598130841121,0.11887246480037611,886.0,2.576859951019287,2.500077962875366,2026-04-30T01:18:41.568458+00:00
NR-ER-LBD,avalon,BernoulliNB,none,accuracy,{'alpha': 50.0},0.2539367387815854,1718,0.981373690337602,0.9758683121007063,0.6752746603662139,0.7286352800953515,0.2539367387815854,0.7716256524981358,0.8325968773811109,0.5037465028171934,0.6495170185820569,0.0899746038411469,5364.0,0.7595936794582393,0.8353311200940743,0.4737176752085267,0.6083722741433022,0.0466198353525056,886.0,0.0122148990631103,0.0032489299774169,2026-04-21T14:18:33.820798+00:00
NR-ER-LBD,avalon,RandomForest,random_over,accuracy,"{'max_depth': 10, 'max_features': 'log2', 'min_samples_leaf': 20, 'n_estimators': 100}",0.2480715596051753,1718,0.980209545983702,0.9729949267075798,0.6254200333461588,0.6590584028605483,0.2480715596051753,0.9385414624583416,0.9385386510130868,0.9385386510130866,0.9833077576918028,0.981109507208744,10202.0,0.9288939051918736,0.9382618099548778,0.6018318389008966,0.7210280373831776,0.2235636869934129,886.0,0.3611829280853271,0.3041050434112549,2026-04-21T17:59:49.686444+00:00
NR-ER-LBD,avalon,BernoulliNB,random_under,accuracy,{'alpha': 50.0},0.2569567680256281,1718,0.980791618160652,0.9754126926631594,0.671596142149622,0.5832240762812873,0.2569567680256281,0.7084917617237009,0.6921127476683031,0.6395800562467229,0.7790411889719383,0.6413669862569358,789.0,0.8747178329571106,0.9052133648271634,0.5292535241605438,0.6443146417445483,0.1040613846152976,886.0,0.0129170417785644,0.0024449825286865,2026-04-21T14:18:36.210904+00:00
NR-ER-LBD,avalon,LogisticRegression,smote,accuracy,"{'C': 0.001, 'l1_ratio': 1.0}",0.0195562896402252,1718,0.9767171129220024,0.9652127888593168,0.4941107184923439,0.3967371871275328,0.0195562896402252,0.5,0.3333333333333333,0.3333333333333333,0.7217212311311507,0.6528791665725009,10202.0,0.9661399548532732,0.9495014940923098,0.4913892078071182,0.5008177570093457,0.0339137607990842,886.0,0.0823609828948974,0.0629520416259765,2026-04-21T08:45:13.136281+00:00
NR-ER-LBD,avalon,LogisticRegression,smoteenn,accuracy,"{'C': 0.001, 'l1_ratio': 1.0}",0.0195562896402252,1718,0.9767171129220024,0.9652127888593168,0.4941107184923439,0.3967371871275328,0.0195562896402252,0.5062022427309715,0.3402474160193287,0.3360785347213071,0.723312677168779,0.6486700174739466,10077.0,0.9661399548532732,0.9495014940923098,0.4913892078071182,0.5008177570093457,0.0339137607990842,886.0,0.0684337615966796,0.0675117969512939,2026-04-21T08:45:15.420950+00:00
NR-ER-LBD,avalon,XGBoost,smoten,accuracy,"{'colsample_bytree': 0.8, 'learning_rate': 0.05, 'max_depth': 5, 'min_child_weight': 1, 'n_estimators': 200, 'scale_pos_weight': 1, 'subsample': 0.8}",0.2730746121782745,1718,0.9796274738067521,0.9718099616258443,0.6059503915593565,0.721349821215733,0.2730746121782745,0.9861791805528328,0.9861790359437476,0.9861790359437476,0.9989124219294079,0.9989272407739749,10202.0,0.9480812641083521,0.9480812641083521,0.6032320872274143,0.707632398753894,0.25342082406419564,886.0,1.5475897789001465,1.588766098022461,2026-04-30T01:20:07.721884+00:00
NR-ER-LBD,avalon,XGBoost,smoten_enn,accuracy,"{'colsample_bytree': 0.8, 'learning_rate': 0.05, 'max_depth': 7, 'min_child_weight': 1, 'n_estimators': 200, 'scale_pos_weight': 1, 'subsample': 0.8}",0.21112857922423384,1718,0.9790454016298021,0.9705842636836882,0.585602487135506,0.6894666269368296,0.21112857922423384,0.9972197398470857,0.9972198189114765,0.9972194490030768,0.9999163575848347,0.9998899350053916,10071.0,0.9593679458239278,0.9544303499133203,0.6145591647331787,0.658917445482866,0.25284918716437765,886.0,1.8630399703979492,1.8426790237426758,2026-04-30T01:20:27.926269+00:00
NR-ER-LBD,erg,XGBoost,none,accuracy,"{'colsample_bytree': 0.8, 'learning_rate': 0.05, 'max_depth': 7, 'min_child_weight': 10, 'n_estimators': 200, 'scale_pos_weight': 8, 'subsample': 0.8}",0.16859733769056687,1718,0.9796274738067521,0.9718099616258443,0.6059503915593565,0.5712827771156137,0.16859733769056687,0.982475764354959,0.983140723563286,0.9132043616092453,0.9917081791909885,0.8884115884663598,5364.0,0.9492099322799097,0.9503746408461453,0.629691548942573,0.7007982866043614,0.2272217975209048,886.0,0.878028154373169,0.8612778186798096,2026-04-30T01:20:28.942909+00:00
NR-ER-LBD,erg,DecisionTree,random_over,accuracy,"{'ccp_alpha': 0.0, 'criterion': 'gini', 'max_depth': 5, 'min_samples_leaf': 50}",0.19505934487459,1718,0.980209545983702,0.9737061893903888,0.6408156237701692,0.5899508343265791,0.19505934487459,0.8045481278180748,0.8036394655215763,0.8036394655215764,0.8596931476432484,0.8443895632897006,10202.0,0.8115124153498872,0.8688548005819494,0.5231262589638224,0.6425623052959502,0.1062898871345722,886.0,0.1381008625030517,0.1165659427642822,2026-04-22T09:17:31.847135+00:00
NR-ER-LBD,erg,XGBoost,random_under,accuracy,"{'colsample_bytree': 0.8, 'learning_rate': 0.05, 'max_depth': 5, 'min_child_weight': 1, 'n_estimators': 100, 'scale_pos_weight': 1, 'subsample': 0.8}",0.17870069530207391,1718,0.9790454016298021,0.9714063929844962,0.6033859176606388,0.6420738974970204,0.17870069530207391,0.935361216730038,0.9339283328032041,0.9242655514504523,0.9795826164900461,0.9654985434312062,789.0,0.9153498871331829,0.9310367371891594,0.5987972975420675,0.7053933021806853,0.22370742597945367,886.0,0.12310624122619629,0.11937904357910156,2026-04-30T01:21:01.569625+00:00
NR-ER-LBD,erg,DecisionTree,smote,accuracy,"{'ccp_alpha': 0.0, 'criterion': 'entropy', 'max_depth': 5, 'min_samples_leaf': 10}",0.0937380852421838,1718,0.9784633294528522,0.970199102290178,0.583433271077034,0.552696662693683,0.0937380852421838,0.8753185649872574,0.8752018446010548,0.8752018446010548,0.921610117462198,0.9117502012053924,10202.0,0.8792325056433409,0.9096860115739294,0.5651025061127498,0.6112928348909658,0.1428055064016425,886.0,0.1993899345397949,0.1856210231781005,2026-04-22T09:17:36.732416+00:00
NR-ER-LBD,erg,XGBoost,smoteenn,accuracy,"{'colsample_bytree': 0.8, 'learning_rate': 0.1, 'max_depth': 5, 'min_child_weight': 10, 'n_estimators': 200, 'scale_pos_weight': 1, 'subsample': 0.8}",0.15715076948498996,1718,0.9790454016298021,0.9705842636836882,0.585602487135506,0.5676474970202623,0.15715076948498996,0.9899979793897757,0.9899969179457033,0.9899865089457673,0.9988625225929246,0.9987156737377997,9898.0,0.9503386004514672,0.9503386004514672,0.6204828660436137,0.7416082554517134,0.21283564312974135,886.0,1.478248119354248,1.4514400959014893,2026-04-30T01:21:23.486934+00:00
NR-ER-LBD,erg,LogisticRegression,smoten,accuracy,"{'C': 0.001, 'l1_ratio': 1.0}",0.0232828870779976,1718,0.9767171129220024,0.9652127888593168,0.4941107184923439,0.5,0.0232828870779976,0.5,0.3333333333333333,0.3333333333333333,0.5,0.5,10202.0,0.9661399548532732,0.9495014940923098,0.4913892078071182,0.5,0.0338600451467268,886.0,0.0333528518676757,0.0238840579986572,2026-04-21T08:45:22.668276+00:00
NR-ER-LBD,erg,XGBoost,smoten_enn,accuracy,"{'colsample_bytree': 0.8, 'learning_rate': 0.1, 'max_depth': 3, 'min_child_weight': 1, 'n_estimators': 200, 'scale_pos_weight': 1, 'subsample': 0.8}",0.10121484662773957,1718,0.9772991850989523,0.968588242954512,0.5609161505947114,0.5327324195470798,0.10121484662773957,0.9857419869966921,0.9857406143233595,0.9853466570769032,0.9988736523854794,0.9977961783133997,8767.0,0.9604966139954854,0.9540842712759724,0.6009779321881232,0.6482671339563864,0.20216680331207854,886.0,0.8233599662780762,0.7986118793487549,2026-04-30T01:21:36.949120+00:00
NR-ER-LBD,estate,XGBoost,none,accuracy,"{'colsample_bytree': 0.8, 'learning_rate': 0.05, 'max_depth': 7, 'min_child_weight': 10, 'n_estimators': 200, 'scale_pos_weight': 8, 'subsample': 0.8}",0.18845666648306733,1718,0.9790454016298021,0.9734904705924944,0.6485270049099836,0.6090807508939213,0.18845666648306733,0.9673750932140194,0.9704154657996585,0.8581305606903316,0.9890355503245094,0.8225023612007049,5364.0,0.9288939051918735,0.9376698397527031,0.5924830803600762,0.7050623052959502,0.1796557730686052,886.0,0.21667909622192383,0.20597481727600098,2026-04-30T01:21:54.111068+00:00
NR-ER-LBD,estate,XGBoost,random_over,accuracy,"{'colsample_bytree': 0.8, 'learning_rate': 0.1, 'max_depth': 7, 'min_child_weight': 1, 'n_estimators': 200, 'scale_pos_weight': 1, 'subsample': 0.8}",0.17898189118853478,1718,0.9772991850989523,0.9709422731473704,0.6118863498131897,0.6146826579261025,0.17898189118853478,0.988727700450892,0.9887268035195034,0.9887268035195034,0.998798702592651,0.9985693397525109,10202.0,0.9379232505643341,0.9418077028829233,0.5853013011990775,0.6728971962616823,0.22326554557707945,886.0,0.36101317405700684,0.3260762691497803,2026-04-30T01:22:08.140839+00:00
NR-ER-LBD,estate,BernoulliNB,random_under,accuracy,{'alpha': 10.0},0.1162404444069705,1718,0.9767171129220024,0.9673158485374314,0.5395583190394511,0.764243146603099,0.1162404444069705,0.688212927756654,0.5807946290997138,0.4659531146819282,0.6343665514898291,0.4862164380503978,789.0,0.963882618510158,0.9483718637295347,0.4908045977011494,0.5049454828660436,0.0330365223728842,886.0,0.00791597366333,0.0040249824523925,2026-04-21T14:18:45.912157+00:00
NR-ER-LBD,estate,RandomForest,smote,accuracy,"{'max_depth': 15, 'max_features': 'log2', 'min_samples_leaf': 5, 'n_estimators': 100}",0.1586039744938557,1718,0.979627473806752,0.9718099616258444,0.6059503915593565,0.6103694874851013,0.1586039744938557,0.966183101352676,0.966180969483487,0.9661809694834868,0.9939033906771128,0.9937427222547934,10202.0,0.937923250564334,0.9425312943719596,0.5965090957266231,0.6903426791277258,0.1886081869422239,886.0,0.2480931282043457,0.3344988822937011,2026-04-21T18:02:08.450728+00:00
NR-ER-LBD,estate,RandomForest,smoteenn,accuracy,"{'max_depth': 15, 'max_features': 'sqrt', 'min_samples_leaf': 5, 'n_estimators': 100}",0.1747240374524285,1718,0.979627473806752,0.9718099616258444,0.6059503915593565,0.6650476758045292,0.1747240374524285,0.976514091545073,0.9765154719130996,0.9765081596932824,0.9965531932836418,0.9961370116070964,10006.0,0.9401805869074492,0.9431826851720756,0.5889350899461636,0.7008566978193147,0.1993176157261193,886.0,0.4891729354858398,0.2827639579772949,2026-04-21T18:02:17.086311+00:00
NR-ER-LBD,estate,LogisticRegression,smoten,accuracy,"{'C': 0.001, 'l1_ratio': 1.0}",0.0232828870779976,1718,0.9767171129220024,0.9652127888593168,0.4941107184923439,0.5,0.0232828870779976,0.5,0.3333333333333333,0.3333333333333333,0.5,0.5,10202.0,0.9661399548532732,0.9495014940923098,0.4913892078071182,0.5,0.0338600451467268,886.0,0.0126359462738037,0.0062532424926757,2026-04-21T08:45:26.417636+00:00
NR-ER-LBD,estate,LogisticRegression,smoten_enn,accuracy,"{'C': 0.001, 'l1_ratio': 1.0}",0.0232828870779976,1718,0.9767171129220024,0.9652127888593168,0.4941107184923439,0.5,0.0232828870779976,0.5304700499168054,0.367728168054036,0.3466059658897873,0.5,0.4695299500831947,9616.0,0.9661399548532732,0.9495014940923098,0.4913892078071182,0.5,0.0338600451467268,886.0,0.0161089897155761,0.0063240528106689,2026-04-21T08:45:26.916583+00:00
NR-ER-LBD,fcfp,RandomForest,none,accuracy,"{'max_depth': 10, 'max_features': 'sqrt', 'min_samples_leaf': 20, 'n_estimators': 200}",0.1854415582640547,1718,0.980209545983702,0.9729949267075798,0.6254200333461588,0.621208283671037,0.1854415582640547,0.8847874720357942,0.9081092338187428,0.6444861415152252,0.8839491697370903,0.5416986484034966,5364.0,0.881489841986456,0.9106959222023656,0.5610695126611842,0.7149922118380062,0.223742378470968,886.0,0.6440119743347168,1.3713819980621338,2026-04-21T18:02:28.026865+00:00
NR-ER-LBD,fcfp,RandomForest,random_over,accuracy,"{'max_depth': 10, 'max_features': 'sqrt', 'min_samples_leaf': 5, 'n_estimators': 100}",0.1968173631116185,1718,0.980209545983702,0.9729949267075798,0.6254200333461588,0.6099746722288439,0.1968173631116185,0.8263085669476573,0.8242955032611082,0.8242955032611081,0.954708651174524,0.9532998925929452,10202.0,0.9085778781038376,0.9264834399606664,0.5825300889434404,0.7062694704049844,0.2520236700654932,886.0,1.7925519943237305,2.160306930541992,2026-04-21T18:02:39.437964+00:00
NR-ER-LBD,fcfp,XGBoost,random_under,accuracy,"{'colsample_bytree': 0.8, 'learning_rate': 0.05, 'max_depth': 3, 'min_child_weight': 1, 'n_estimators': 100, 'scale_pos_weight': 1, 'subsample': 0.8}",0.19775470341278628,1718,0.980209545983702,0.9729949267075798,0.6254200333461588,0.6315256257449344,0.19775470341278628,0.8390367553865653,0.830434550406779,0.8017968300310351,0.9099090633087078,0.8649681344171319,789.0,0.9108352144469526,0.9278391346881364,0.5852723512925799,0.7539135514018691,0.23367717647656117,886.0,0.24657011032104492,0.23530983924865723,2026-04-30T01:22:25.091818+00:00
NR-ER-LBD,fcfp,LogisticRegression,smote,accuracy,"{'C': 0.001, 'l1_ratio': 1.0}",0.0232828870779976,1718,0.9767171129220024,0.9652127888593168,0.4941107184923439,0.5,0.0232828870779976,0.5,0.3333333333333333,0.3333333333333333,0.5,0.5,10202.0,0.9661399548532732,0.9495014940923098,0.4913892078071182,0.5,0.0338600451467268,886.0,0.2084441184997558,0.1451241970062255,2026-04-21T08:45:28.343098+00:00
NR-ER-LBD,fcfp,LogisticRegression,smoteenn,accuracy,"{'C': 0.001, 'l1_ratio': 1.0}",0.0232828870779976,1718,0.9767171129220024,0.9652127888593168,0.4941107184923439,0.5,0.0232828870779976,0.5045499505440159,0.338401064719614,0.3353494181842087,0.5,0.4954500494559842,10110.0,0.9661399548532732,0.9495014940923098,0.4913892078071182,0.5,0.0338600451467268,886.0,0.1742599010467529,0.2047531604766845,2026-04-21T08:45:28.639025+00:00
NR-ER-LBD,fcfp,XGBoost,smoten,accuracy,"{'colsample_bytree': 0.8, 'learning_rate': 0.05, 'max_depth': 3, 'min_child_weight': 1, 'n_estimators': 200, 'scale_pos_weight': 1, 'subsample': 0.8}",0.15662299585000877,1718,0.9796274738067521,0.9718099616258443,0.6059503915593565,0.6002085816448153,0.15662299585000877,0.9614781415408743,0.9614699228664448,0.9614699228664447,0.9884095822318975,0.9889872921493721,10202.0,0.9356659142212189,0.9411481636717092,0.5928144678174914,0.6506425233644859,0.16625916400637802,886.0,4.363665819168091,4.254064083099365,2026-04-30T01:22:42.959830+00:00
NR-ER-LBD,fcfp,XGBoost,smoten_enn,accuracy,"{'colsample_bytree': 0.8, 'learning_rate': 0.1, 'max_depth': 3, 'min_child_weight': 1, 'n_estimators': 200, 'scale_pos_weight': 1, 'subsample': 0.8}",0.15463813685973396,1718,0.9796274738067521,0.9718099616258443,0.6059503915593565,0.5739943384982121,0.15463813685973396,0.9838149141098202,0.9838148716623835,0.983814913471513,0.997972583590151,0.9973070188403791,10071.0,0.9492099322799097,0.9487943328656151,0.6055092166582564,0.6192172897196262,0.16866229623498355,886.0,4.252871036529541,4.0950798988342285,2026-04-30T01:24:53.256794+00:00
NR-ER-LBD,klekota_roth,XGBoost,none,accuracy,"{'colsample_bytree': 0.8, 'learning_rate': 0.05, 'max_depth': 5, 'min_child_weight': 5, 'n_estimators': 200, 'scale_pos_weight': 4, 'subsample': 0.8}",0.23393029857237366,1718,0.980791618160652,0.9741417697790471,0.6440674773830226,0.6081868295589987,0.23393029857237366,0.9712900820283371,0.9702859084917766,0.8353361426617922,0.9748718472408676,0.7726358511770048,5364.0,0.9525959367945824,0.9500451554864136,0.5988875953951623,0.7206970404984424,0.16954229451226308,886.0,8.152703046798706,8.116109132766724,2026-04-30T01:25:14.015884+00:00
NR-ER-LBD,klekota_roth,LogisticRegression,random_over,accuracy,"{'C': 0.001, 'l1_ratio': 1.0}",0.0232828870779976,1718,0.9767171129220024,0.9652127888593168,0.4941107184923439,0.5,0.0232828870779976,0.5,0.3333333333333333,0.3333333333333333,0.5,0.5,10202.0,0.9661399548532732,0.9495014940923098,0.4913892078071182,0.5,0.0338600451467268,886.0,0.4828801155090332,0.3256387710571289,2026-04-21T08:45:32.449395+00:00
NR-ER-LBD,klekota_roth,XGBoost,random_under,accuracy,"{'colsample_bytree': 0.8, 'learning_rate': 0.05, 'max_depth': 3, 'min_child_weight': 1, 'n_estimators': 100, 'scale_pos_weight': 1, 'subsample': 0.8}",0.19963722782661522,1718,0.9790454016298021,0.9721594946486469,0.6196871310507674,0.5654648390941597,0.19963722782661522,0.8453738910012675,0.8352024319766256,0.8061253262866166,0.9132523240179851,0.8708371365735422,789.0,0.9334085778781038,0.940425639736453,0.5994789870896066,0.6913746105919003,0.18094715641555417,886.0,0.7481157779693604,0.5930521488189697,2026-04-30T01:25:35.022971+00:00
NR-ER-LBD,klekota_roth,LogisticRegression,smote,accuracy,"{'C': 0.001, 'l1_ratio': 1.0}",0.021454807445027,1718,0.9767171129220024,0.9652127888593168,0.4941107184923439,0.4537544696066746,0.021454807445027,0.5,0.3333333333333333,0.3333333333333333,0.7356400705743972,0.6610099353833294,10202.0,0.9661399548532732,0.9495014940923098,0.4913892078071182,0.5712616822429907,0.0402945085546718,886.0,0.391024112701416,0.3008220195770263,2026-04-21T08:45:40.923499+00:00
NR-ER-LBD,klekota_roth,LogisticRegression,smoteenn,accuracy,"{'C': 0.001, 'l1_ratio': 1.0}",0.021454807445027,1718,0.9767171129220024,0.9652127888593168,0.4941107184923439,0.4537544696066746,0.021454807445027,0.5056001585885618,0.3395742473943718,0.3358130348913759,0.7386738955693233,0.6584965417649374,10089.0,0.9661399548532732,0.9495014940923098,0.4913892078071182,0.5712616822429907,0.0402945085546718,886.0,0.5351638793945312,0.3988738059997558,2026-04-21T08:45:42.494519+00:00
NR-ER-LBD,klekota_roth,LogisticRegression,smoten,accuracy,"{'C': 0.001, 'l1_ratio': 1.0}",0.021454807445027,1718,0.9767171129220024,0.9652127888593168,0.4941107184923439,0.4537544696066746,0.021454807445027,0.5,0.3333333333333333,0.3333333333333333,0.7164281513428741,0.6457709255743815,10202.0,0.9661399548532732,0.9495014940923098,0.4913892078071182,0.5712616822429907,0.0402945085546718,886.0,0.4427907466888428,0.3953158855438232,2026-04-21T08:45:42.779491+00:00
NR-ER-LBD,klekota_roth,LogisticRegression,smoten_enn,accuracy,"{'C': 0.001, 'l1_ratio': 1.0}",0.021454807445027,1718,0.9767171129220024,0.9652127888593168,0.4941107184923439,0.4537544696066746,0.021454807445027,0.5111222444889779,0.3457641494779228,0.3382401697500166,0.7187326157147249,0.6375463949792874,9980.0,0.9661399548532732,0.9495014940923098,0.4913892078071182,0.5712616822429907,0.0402945085546718,886.0,0.5548980236053467,0.3230929374694824,2026-04-21T08:45:43.180853+00:00
NR-ER-LBD,maccs,XGBoost,none,accuracy,"{'colsample_bytree': 0.8, 'learning_rate': 0.05, 'max_depth': 3, 'min_child_weight': 10, 'n_estimators': 100, 'scale_pos_weight': 4, 'subsample': 0.8}",0.17356470177674135,1718,0.9796274738067521,0.9718099616258443,0.6059503915593565,0.6379320619785459,0.17356470177674135,0.9537658463832961,0.9526225229568231,0.7398764176769652,0.9195076936379432,0.5567857648303396,5364.0,0.9548532731376975,0.9524239576061082,0.6179881860906308,0.7176985981308411,0.13262108985839177,886.0,0.15805983543395996,0.14444899559020996,2026-04-30T01:34:11.386034+00:00
NR-ER-LBD,maccs,RandomForest,random_over,accuracy,"{'max_depth': 5, 'max_features': 'sqrt', 'min_samples_leaf': 20, 'n_estimators': 100}",0.2170455977439656,1718,0.979045401629802,0.9721594946486468,0.6196871310507674,0.6909415971394517,0.2170455977439656,0.8071946677122133,0.8070778903107576,0.8070778903107576,0.9063174608067016,0.9032886013339996,10202.0,0.8668171557562077,0.9016051115705876,0.5424194677871148,0.7178738317757009,0.1418930433320981,886.0,0.4469270706176758,0.3046588897705078,2026-04-21T18:06:42.786469+00:00
NR-ER-LBD,maccs,XGBoost,random_under,accuracy,"{'colsample_bytree': 0.8, 'learning_rate': 0.05, 'max_depth': 3, 'min_child_weight': 5, 'n_estimators': 100, 'scale_pos_weight': 1, 'subsample': 0.8}",0.160818628405704,1718,0.9796274738067521,0.9718099616258443,0.6059503915593565,0.5619115017878427,0.160818628405704,0.844106463878327,0.8395683740910206,0.815210871763234,0.9159197039136029,0.8551251675240591,789.0,0.917607223476298,0.9314155999987337,0.5857877512856475,0.7022196261682243,0.13126101901851134,886.0,0.036112070083618164,0.030734777450561523,2026-04-30T01:34:42.822661+00:00
NR-ER-LBD,maccs,DecisionTree,smote,accuracy,"{'ccp_alpha': 0.01, 'criterion': 'gini', 'max_depth': 5, 'min_samples_leaf': 10}",0.1436329676594629,1718,0.979627473806752,0.9718099616258444,0.6059503915593565,0.4993966030989273,0.1436329676594629,0.7446579102136835,0.7360437697470867,0.7360437697470867,0.8283248657456566,0.7897163096406189,10202.0,0.9300225733634312,0.9383561735213912,0.594178486997636,0.6081191588785048,0.0820894814181475,886.0,0.0724351406097412,0.0546488761901855,2026-04-22T09:21:48.587267+00:00
NR-ER-LBD,maccs,DecisionTree,smoteenn,accuracy,"{'ccp_alpha': 0.01, 'criterion': 'gini', 'max_depth': 5, 'min_samples_leaf': 10}",0.1436329676594629,1718,0.979627473806752,0.9718099616258444,0.6059503915593565,0.4993966030989273,0.1436329676594629,0.7586586586586587,0.7509707780668283,0.7499824028785518,0.8327667393954054,0.7894205144559971,9990.0,0.9300225733634312,0.9383561735213912,0.594178486997636,0.6081191588785048,0.0820894814181475,886.0,0.061155080795288,0.0816900730133056,2026-04-22T09:21:50.783502+00:00
NR-ER-LBD,maccs,XGBoost,smoten,accuracy,"{'colsample_bytree': 0.8, 'learning_rate': 0.05, 'max_depth': 3, 'min_child_weight': 10, 'n_estimators': 200, 'scale_pos_weight': 1, 'subsample': 0.8}",0.22923211489765255,1718,0.9790454016298021,0.9734904705924944,0.6485270049099836,0.5701430274135877,0.22923211489765255,0.9370711625171535,0.9370270551745762,0.937027055174576,0.9839392478174939,0.9843602728831632,10202.0,0.9040632054176072,0.9223585626391342,0.553774048859105,0.6893107476635514,0.13756829524591682,886.0,0.4428060054779053,0.42933082580566406,2026-04-30T01:35:04.889809+00:00
NR-ER-LBD,maccs,XGBoost,smoten_enn,accuracy,"{'colsample_bytree': 0.8, 'learning_rate': 0.05, 'max_depth': 3, 'min_child_weight': 10, 'n_estimators': 100, 'scale_pos_weight': 1, 'subsample': 0.8}",0.15339954151436877,1718,0.9790454016298021,0.9714063929844962,0.6033859176606388,0.49588051251489873,0.15339954151436877,0.9096850861556743,0.9096119210819409,0.9096340407553952,0.9743233903486573,0.9717960275368405,10098.0,0.8871331828442438,0.9133002475964561,0.5530669895076675,0.6883566978193146,0.1351393086227737,886.0,0.2531437873840332,0.2474040985107422,2026-04-30T01:35:09.683574+00:00
NR-ER-LBD,map4,BalancedRandomForest,none,accuracy,"{'max_depth': 5, 'max_features': 'sqrt', 'min_samples_leaf': 5, 'n_estimators': 200}",0.2142918076997712,1718,0.979045401629802,0.9714063929844962,0.6033859176606388,0.7230110250297974,0.2142918076997712,0.9450037285607756,0.9519049724774128,0.7806833413559191,0.9399070338105628,0.7321004968905881,5364.0,0.91196388261851,0.927525159333466,0.5704803102625298,0.731113707165109,0.1972975311647649,886.0,1.2466387748718262,1.3364267349243164,2026-04-21T23:17:47.678724+00:00
NR-ER-LBD,map4,RandomForest,random_over,accuracy,"{'max_depth': 5, 'max_features': 'sqrt', 'min_samples_leaf': 20, 'n_estimators': 200}",0.2214489916813408,1718,0.979627473806752,0.9718099616258444,0.6059503915593565,0.7083805125148986,0.2214489916813408,0.8980592040776318,0.8976886171817335,0.8976886171817335,0.9640666111687608,0.9688026806256128,10202.0,0.9345372460496614,0.9411192756797226,0.6013219960278053,0.7552959501557632,0.2311120278945267,886.0,1.471153736114502,1.3961200714111328,2026-04-21T18:08:04.942345+00:00
NR-ER-LBD,map4,RandomForest,random_under,accuracy,"{'max_depth': 5, 'max_features': 'sqrt', 'min_samples_leaf': 5, 'n_estimators': 200}",0.2160719069884304,1718,0.979627473806752,0.9718099616258444,0.6059503915593565,0.704342967818832,0.2160719069884304,0.929024081115336,0.927772880967676,0.9174895797540972,0.96920585811563,0.9560981537144008,789.0,0.9130925507900676,0.9281949123465878,0.571779179612717,0.7294781931464174,0.2101805996244021,886.0,0.6052742004394531,0.3055040836334228,2026-04-21T18:08:07.152116+00:00
NR-ER-LBD,map4,LogisticRegression,smote,accuracy,"{'C': 0.001, 'l1_ratio': 1.0}",0.0232828870779976,1718,0.9767171129220024,0.9652127888593168,0.4941107184923439,0.5,0.0232828870779976,0.5,0.3333333333333333,0.3333333333333333,0.5,0.5,10202.0,0.9661399548532732,0.9495014940923098,0.4913892078071182,0.5,0.0338600451467268,886.0,0.1268951892852783,0.1167821884155273,2026-04-21T08:45:58.448942+00:00
NR-ER-LBD,map4,LogisticRegression,smoteenn,accuracy,"{'C': 0.001, 'l1_ratio': 1.0}",0.0232828870779976,1718,0.9767171129220024,0.9652127888593168,0.4941107184923439,0.5,0.0232828870779976,0.5024625689519306,0.3360731087948336,0.3344260145545139,0.5,0.4975374310480693,10152.0,0.9661399548532732,0.9495014940923098,0.4913892078071182,0.5,0.0338600451467268,886.0,0.1110742092132568,0.1172170639038086,2026-04-21T08:46:00.012674+00:00
NR-ER-LBD,map4,LogisticRegression,smoten,accuracy,"{'C': 0.001, 'l1_ratio': 1.0}",0.0232828870779976,1718,0.9767171129220024,0.9652127888593168,0.4941107184923439,0.5,0.0232828870779976,0.5,0.3333333333333333,0.3333333333333333,0.5,0.5,10202.0,0.9661399548532732,0.9495014940923098,0.4913892078071182,0.5,0.0338600451467268,886.0,0.121384859085083,0.1147918701171875,2026-04-21T08:46:03.970304+00:00
NR-ER-LBD,map4,LogisticRegression,smoten_enn,accuracy,"{'C': 0.001, 'l1_ratio': 1.0}",0.0232828870779976,1718,0.9767171129220024,0.9652127888593168,0.4941107184923439,0.5,0.0232828870779976,0.5050995148034458,0.3390148190805759,0.3355921052631579,0.5,0.4949004851965541,10099.0,0.9661399548532732,0.9495014940923098,0.4913892078071182,0.5,0.0338600451467268,886.0,0.1246500015258789,0.1165938377380371,2026-04-21T08:46:05.567944+00:00
NR-ER-LBD,mhfp,BalancedRandomForest,none,accuracy,"{'max_depth': 5, 'max_features': 'sqrt', 'min_samples_leaf': 5, 'n_estimators': 200}",0.1626907078671091,1718,0.979627473806752,0.9718099616258444,0.6059503915593565,0.621729737783075,0.1626907078671091,0.9666293810589112,0.9702720843960126,0.8608099803904428,0.9927427932940904,0.8529899799702727,5364.0,0.9525959367945824,0.951806282339706,0.6256789924757575,0.6900311526479751,0.1947532538901956,886.0,2.0913290977478027,2.2881946563720703,2026-04-21T23:18:33.286870+00:00
NR-ER-LBD,mhfp,BernoulliNB,random_over,accuracy,{'alpha': 0.1},0.17345062226806,1718,0.979627473806752,0.9718099616258444,0.6059503915593565,0.5453292610250298,0.17345062226806,0.7954322681827093,0.7922276945863603,0.7922276945863604,0.8773953168155773,0.8875996493855208,10202.0,0.8972911963882618,0.919737157411638,0.5699189724058101,0.6972546728971962,0.1476919856975762,886.0,0.5083520412445068,0.3996269702911377,2026-04-21T14:19:40.547733+00:00
NR-ER-LBD,mhfp,XGBoost,random_under,accuracy,"{'colsample_bytree': 0.8, 'learning_rate': 0.05, 'max_depth': 5, 'min_child_weight': 1, 'n_estimators': 200, 'scale_pos_weight': 1, 'subsample': 0.8}",0.19348391901226117,1718,0.9796274738067521,0.9718099616258443,0.6059503915593565,0.6674985101311084,0.19348391901226117,1.0,1.0,1.0,1.0,1.0,789.0,0.9492099322799097,0.9487943328656151,0.6055092166582564,0.7032710280373833,0.1604773967683271,886.0,0.9500832557678223,0.9580159187316895,2026-04-30T01:39:44.872318+00:00
NR-ER-LBD,mhfp,LogisticRegression,smote,accuracy,"{'C': 0.001, 'l1_ratio': 1.0}",0.0253576326026704,1718,0.9767171129220024,0.9652127888593168,0.4941107184923439,0.5373063170441,0.0253576326026704,0.5,0.3333333333333333,0.3333333333333333,0.7240737110370516,0.6553582783391195,10202.0,0.9661399548532732,0.9495014940923098,0.4913892078071182,0.5215342679127726,0.0354493248892233,886.0,0.5515589714050293,0.534940242767334,2026-04-21T08:46:16.379565+00:00
NR-ER-LBD,mhfp,LogisticRegression,smoteenn,accuracy,"{'C': 0.001, 'l1_ratio': 1.0}",0.0253576326026704,1718,0.9767171129220024,0.9652127888593168,0.4941107184923439,0.5373063170441,0.0253576326026704,0.5007362324531265,0.3341516904426215,0.3336603872318158,0.7244722087678674,0.6550340917112774,10187.0,0.9661399548532732,0.9495014940923098,0.4913892078071182,0.5215342679127726,0.0354493248892233,886.0,0.6121621131896973,0.4813308715820312,2026-04-21T08:46:19.144043+00:00
NR-ER-LBD,mhfp,LogisticRegression,smoten,accuracy,"{'C': 0.1, 'l1_ratio': 0.0}",0.1544246988628702,1718,0.9784633294528522,0.9693149791751978,0.5643150398563389,0.6317714541120382,0.1544246988628702,0.9993138600274456,0.999313859862636,0.999313859862636,0.9999904689437256,0.9999900405655218,10202.0,0.963882618510158,0.9574830319751312,0.6271043771043772,0.6814252336448597,0.2227838131060298,886.0,3.2149271965026855,2.808551073074341,2026-04-21T08:46:22.008943+00:00
NR-ER-LBD,mhfp,LogisticRegression,smoten_enn,accuracy,"{'C': 0.1, 'l1_ratio': 0.0}",0.1430870929149713,1718,0.9778812572759022,0.967998982627276,0.5420209332996604,0.6349448748510131,0.1430870929149713,0.9998033044846576,0.9998033044846576,0.9998033022853496,0.9999917784688508,0.999991529608192,10168.0,0.9650112866817157,0.955803240107784,0.5936200748664684,0.6597352024922117,0.1918417002734385,886.0,3.039206027984619,2.6630849838256836,2026-04-21T08:46:30.385002+00:00
NR-ER-LBD,morgan_2048,XGBoost,none,accuracy,"{'colsample_bytree': 0.8, 'learning_rate': 0.1, 'max_depth': 7, 'min_child_weight': 1, 'n_estimators': 100, 'scale_pos_weight': 4, 'subsample': 0.8}",0.2758314145081665,1718,0.9813736903376019,0.9752528841321306,0.6619441164895711,0.6841626936829559,0.2758314145081665,0.9875093214019388,0.9876088688066633,0.9340966083559269,0.9972658756987187,0.9464826320846236,5364.0,0.9582392776523702,0.9526212178479224,0.5956583410422448,0.6848520249221184,0.18236846447012595,886.0,1.7100532054901123,1.615170955657959,2026-04-30T01:44:11.111797+00:00
NR-ER-LBD,morgan_2048,RandomForest,random_over,accuracy,"{'max_depth': 5, 'max_features': 'sqrt', 'min_samples_leaf': 5, 'n_estimators': 200}",0.2413331950634419,1718,0.980209545983702,0.9729949267075798,0.6254200333461588,0.6088423718712753,0.2413331950634419,0.7741619290335229,0.7662756433080404,0.7662756433080404,0.9189143273720292,0.9217202932624288,10202.0,0.9367945823927766,0.9443217051160954,0.633451536643026,0.7669392523364486,0.2542746026481558,886.0,2.00970196723938,1.7771852016448977,2026-04-21T18:11:09.552271+00:00
NR-ER-LBD,morgan_2048,RandomForest,random_under,accuracy,"{'max_depth': 15, 'max_features': 'sqrt', 'min_samples_leaf': 5, 'n_estimators': 100}",0.2712361527749763,1718,0.981373690337602,0.9752528841321306,0.6619441164895711,0.6370008939213349,0.2712361527749763,0.8491761723700887,0.8452144732910458,0.8220605431179725,0.9305902933395016,0.875118023923179,789.0,0.9040632054176072,0.9250292129669148,0.5982759632361963,0.776518691588785,0.2875503350988354,886.0,0.2602012157440185,0.1907370090484619,2026-04-21T18:11:21.540386+00:00
NR-ER-LBD,morgan_2048,LogisticRegression,smote,accuracy,"{'C': 0.001, 'l1_ratio': 1.0}",0.0232828870779976,1718,0.9767171129220024,0.9652127888593168,0.4941107184923439,0.5,0.0232828870779976,0.5,0.3333333333333333,0.3333333333333333,0.5,0.5,10202.0,0.9661399548532732,0.9495014940923098,0.4913892078071182,0.5,0.0338600451467268,886.0,0.2117152214050293,0.1666500568389892,2026-04-21T08:46:44.188400+00:00
NR-ER-LBD,morgan_2048,LogisticRegression,smoteenn,accuracy,"{'C': 0.001, 'l1_ratio': 1.0}",0.0232828870779976,1718,0.9767171129220024,0.9652127888593168,0.4941107184923439,0.5,0.0232828870779976,0.5028588328075709,0.3365146482323935,0.3346015086913742,0.5,0.497141167192429,10144.0,0.9661399548532732,0.9495014940923098,0.4913892078071182,0.5,0.0338600451467268,886.0,0.1574480533599853,0.1353800296783447,2026-04-21T08:46:44.617618+00:00
NR-ER-LBD,morgan_2048,XGBoost,smoten,accuracy,"{'colsample_bytree': 0.8, 'learning_rate': 0.1, 'max_depth': 3, 'min_child_weight': 1, 'n_estimators': 100, 'scale_pos_weight': 1, 'subsample': 0.8}",0.2013191245572828,1718,0.9796274738067521,0.9725746043111105,0.6224958093456301,0.628292610250298,0.2013191245572828,0.9594197216232111,0.9594025200952155,0.9594025200952156,0.9891402260881843,0.9895884145195841,10202.0,0.9300225733634312,0.9383561735213913,0.594178486997636,0.7454244548286604,0.16356581353318292,886.0,2.5134341716766357,2.450684070587158,2026-04-30T01:47:19.764111+00:00
NR-ER-LBD,morgan_2048,XGBoost,smoten_enn,accuracy,"{'colsample_bytree': 0.8, 'learning_rate': 0.1, 'max_depth': 7, 'min_child_weight': 5, 'n_estimators': 100, 'scale_pos_weight': 1, 'subsample': 0.8}",0.1829940050591018,1718,0.9796274738067521,0.9718099616258443,0.6059503915593565,0.6435041716328964,0.1829940050591018,0.9890851359396706,0.9890855451814577,0.9890847989170224,0.9985129596536146,0.9983407240236668,10078.0,0.9582392776523702,0.9526212178479224,0.5956583410422448,0.7371884735202492,0.17839301326978133,886.0,3.174437999725342,3.0773940086364746,2026-04-30T01:47:58.116348+00:00
NR-ER-LBD,morgan_4096,XGBoost,none,accuracy,"{'colsample_bytree': 0.8, 'learning_rate': 0.05, 'max_depth': 5, 'min_child_weight': 1, 'n_estimators': 100, 'scale_pos_weight': 8, 'subsample': 0.8}",0.2355314566182082,1718,0.980791618160652,0.9741417697790471,0.6440674773830226,0.6530095351609059,0.2355314566182082,0.970730797912006,0.9714537701663116,0.8508420540859349,0.9883669272333837,0.8190547337670561,5364.0,0.9503386004514672,0.9511105490126441,0.6322957932465573,0.730880062305296,0.2206132469967335,886.0,4.221238851547241,4.056798934936523,2026-04-30T01:48:04.090711+00:00
NR-ER-LBD,morgan_4096,RandomForest,random_over,accuracy,"{'max_depth': 10, 'max_features': 'log2', 'min_samples_leaf': 5, 'n_estimators': 100}",0.2199122651128375,1718,0.980209545983702,0.9729949267075798,0.6254200333461588,0.5699940405244338,0.2199122651128375,0.8046461478141541,0.7993136372826851,0.799313637282685,0.9489898060357028,0.9464823796959112,10202.0,0.9356659142212188,0.9411481636717092,0.5928144678174914,0.7346183800623054,0.2180242890580704,886.0,0.7792181968688965,0.5071680545806885,2026-04-21T18:13:26.298502+00:00
NR-ER-LBD,morgan_4096,RandomForest,random_under,accuracy,"{'max_depth': 10, 'max_features': 'sqrt', 'min_samples_leaf': 5, 'n_estimators': 100}",0.2369923900663718,1718,0.980209545983702,0.9729949267075798,0.6254200333461588,0.653888557806913,0.2369923900663718,0.8326996197718631,0.8245021141482889,0.7953677360536946,0.9136896586621174,0.8597075760818366,789.0,0.917607223476298,0.9324112999499488,0.6019202954300662,0.7712227414330218,0.2642741604870311,886.0,0.2855818271636963,0.2174539566040039,2026-04-21T18:13:26.675444+00:00
NR-ER-LBD,morgan_4096,LogisticRegression,smote,accuracy,"{'C': 0.001, 'l1_ratio': 1.0}",0.0232828870779976,1718,0.9767171129220024,0.9652127888593168,0.4941107184923439,0.5,0.0232828870779976,0.5,0.3333333333333333,0.3333333333333333,0.5,0.5,10202.0,0.9661399548532732,0.9495014940923098,0.4913892078071182,0.5,0.0338600451467268,886.0,0.3570029735565185,0.3238170146942138,2026-04-21T08:47:00.420504+00:00
NR-ER-LBD,morgan_4096,LogisticRegression,smoteenn,accuracy,"{'C': 0.001, 'l1_ratio': 1.0}",0.0232828870779976,1718,0.9767171129220024,0.9652127888593168,0.4941107184923439,0.5,0.0232828870779976,0.5025615763546798,0.3361834110530747,0.3344698708281424,0.5,0.4974384236453202,10150.0,0.9661399548532732,0.9495014940923098,0.4913892078071182,0.5,0.0338600451467268,886.0,0.3995249271392822,0.3586649894714355,2026-04-21T08:47:02.049016+00:00
NR-ER-LBD,morgan_4096,XGBoost,smoten,accuracy,"{'colsample_bytree': 0.8, 'learning_rate': 0.1, 'max_depth': 3, 'min_child_weight': 10, 'n_estimators': 200, 'scale_pos_weight': 1, 'subsample': 0.8}",0.1839386403647658,1718,0.9796274738067521,0.9718099616258443,0.6059503915593565,0.6210518474374255,0.1839386403647658,0.9711821211527152,0.9711808408033424,0.9711808408033422,0.990940500421192,0.9930637484330671,10202.0,0.9435665914221218,0.9474317636060693,0.6281685412120195,0.7441588785046729,0.25348460589817906,886.0,11.403139114379883,12.048887014389038,2026-04-30T01:50:51.899132+00:00
NR-ER-LBD,morgan_4096,XGBoost,smoten_enn,accuracy,"{'colsample_bytree': 0.8, 'learning_rate': 0.05, 'max_depth': 5, 'min_child_weight': 10, 'n_estimators': 200, 'scale_pos_weight': 1, 'subsample': 0.8}",0.18349827005023725,1718,0.9796274738067521,0.9718099616258443,0.6059503915593565,0.6039928486293206,0.18349827005023725,0.9806930693069307,0.9806928340501586,0.980693046405829,0.9969953018245288,0.9970894006042754,10100.0,0.9480812641083521,0.9480812641083521,0.6032320872274143,0.7526869158878505,0.22570712294084558,886.0,13.33328890800476,13.743198871612549,2026-04-30T01:54:43.606078+00:00
NR-ER-LBD,pubchem,RUSBoost,none,accuracy,"{'learning_rate': 0.25, 'n_estimators': 50, 'sampling_strategy': 'auto'}",0.3401871715852596,1718,0.9825378346915018,0.9773765425944124,0.6955699940933255,0.6371275327771156,0.3401871715852596,0.8780760626398211,0.904642902632844,0.6475821588603543,0.8883675235527515,0.5005846785786281,5364.0,0.8803611738148984,0.9116113714108668,0.588953081232493,0.7788746105919004,0.1696257059142602,886.0,0.1095647811889648,0.0827782154083252,2026-04-29T18:51:27.978017+00:00
NR-ER-LBD,pubchem,XGBoost,random_over,accuracy,"{'colsample_bytree': 0.8, 'learning_rate': 0.05, 'max_depth': 3, 'min_child_weight': 1, 'n_estimators': 100, 'scale_pos_weight': 1, 'subsample': 0.8}",0.3016235884355496,1718,0.9813736903376019,0.9752528841321306,0.6619441164895711,0.6532404648390943,0.3016235884355496,0.8423838463046461,0.8420954451479915,0.8420954451479915,0.941949237824873,0.9427310564447963,10202.0,0.8702031602708804,0.9048565479331256,0.568107157238836,0.7876752336448599,0.1686587257159454,886.0,1.2086219787597656,1.1466171741485596,2026-04-30T01:57:30.644069+00:00
NR-ER-LBD,pubchem,XGBoost,random_under,accuracy,"{'colsample_bytree': 0.8, 'learning_rate': 0.05, 'max_depth': 3, 'min_child_weight': 1, 'n_estimators': 100, 'scale_pos_weight': 1, 'subsample': 0.8}",0.3169889287162257,1718,0.980791618160652,0.9741417697790471,0.6440674773830226,0.6489719904648391,0.3169889287162257,0.8656527249683144,0.8612473309426754,0.8397914304103964,0.9424344720900981,0.9037674641238959,789.0,0.9142212189616253,0.9303509131951571,0.5972727272727273,0.7623442367601246,0.1773141353094769,886.0,0.12894916534423828,0.10855507850646973,2026-04-30T01:58:17.488510+00:00
NR-ER-LBD,pubchem,LogisticRegression,smote,accuracy,"{'C': 0.001, 'l1_ratio': 1.0}",0.021454807445027,1718,0.9767171129220024,0.9652127888593168,0.4941107184923439,0.4537544696066746,0.021454807445027,0.5,0.3333333333333333,0.3333333333333333,0.7259360909625564,0.6603895251451547,10202.0,0.9661399548532732,0.9495014940923098,0.4913892078071182,0.5904984423676013,0.0437870677956634,886.0,0.1168849468231201,0.0822529792785644,2026-04-21T08:47:20.112645+00:00
NR-ER-LBD,pubchem,RandomForest,smoteenn,accuracy,"{'max_depth': 15, 'max_features': 'log2', 'min_samples_leaf': 20, 'n_estimators': 100}",0.2126490651145928,1718,0.9784633294528522,0.9730635167129762,0.6454748771604972,0.5908820023837902,0.2126490651145928,0.8672008012018027,0.8672132183990102,0.8671961644003139,0.9462747665060938,0.9458791617737582,9985.0,0.8972911963882618,0.9201474154177062,0.5768885623573247,0.6686915887850468,0.205588951213778,886.0,0.390510082244873,0.3177711963653564,2026-04-21T18:16:34.563291+00:00
NR-ER-LBD,pubchem,XGBoost,smoten,accuracy,"{'colsample_bytree': 0.8, 'learning_rate': 0.05, 'max_depth': 3, 'min_child_weight': 1, 'n_estimators': 200, 'scale_pos_weight': 1, 'subsample': 0.8}",0.23132944848630108,1718,0.980791618160652,0.9741417697790471,0.6440674773830226,0.5811978545887961,0.23132944848630108,0.9511860419525583,0.9511538266295018,0.9511538266295018,0.9864447434514438,0.9865335472368559,10202.0,0.9300225733634312,0.9400609914855906,0.6211481696046788,0.7293808411214953,0.22964087179271675,886.0,1.9153368473052979,1.8856308460235596,2026-04-30T01:58:43.188965+00:00
NR-ER-LBD,pubchem,XGBoost,smoten_enn,accuracy,"{'colsample_bytree': 0.8, 'learning_rate': 0.05, 'max_depth': 5, 'min_child_weight': 1, 'n_estimators': 100, 'scale_pos_weight': 1, 'subsample': 0.8}",0.21679311188229153,1718,0.980209545983702,0.9729949267075798,0.6254200333461588,0.5474970202622169,0.21679311188229153,0.9647480581557458,0.9647389682573687,0.9647445620409855,0.9933064503426255,0.992116612797161,10042.0,0.9356659142212189,0.9424451095758953,0.6130559705780945,0.6911799065420561,0.21970843804358303,886.0,1.323509931564331,1.2677452564239502,2026-04-30T01:59:01.551046+00:00
NR-ER-LBD,rdkit,BalancedRandomForest,none,accuracy,"{'max_depth': 15, 'max_features': 'sqrt', 'min_samples_leaf': 5, 'n_estimators': 100}",0.2670764293128874,1718,0.980791618160652,0.9741417697790472,0.6440674773830226,0.7487410607866508,0.2670764293128874,0.9308351976137212,0.9427743270485544,0.7617037684099227,0.9763715904508398,0.7367937381352249,5364.0,0.9209932279909706,0.9329056612786631,0.5814888792917297,0.7720404984423677,0.1675010499217112,886.0,1.4468297958374023,1.471069097518921,2026-04-21T23:22:34.158255+00:00
NR-ER-LBD,rdkit,RandomForest,random_over,accuracy,"{'max_depth': 10, 'max_features': 'sqrt', 'min_samples_leaf': 20, 'n_estimators': 200}",0.2456402072083851,1718,0.980209545983702,0.9729949267075798,0.6254200333461588,0.7560041716328963,0.2456402072083851,0.9649088414036464,0.964908537963294,0.964908537963294,0.9933440560278533,0.9921095929163384,10202.0,0.945823927765237,0.9481912079119122,0.6222956410529681,0.7908489096573209,0.1961476102015266,886.0,1.9536187648773191,3.923375129699707,2026-04-21T18:17:53.360283+00:00
NR-ER-LBD,rdkit,XGBoost,random_under,accuracy,"{'colsample_bytree': 0.8, 'learning_rate': 0.05, 'max_depth': 5, 'min_child_weight': 5, 'n_estimators': 200, 'scale_pos_weight': 1, 'subsample': 0.8}",0.2467128754627586,1718,0.980791618160652,0.9748034011003069,0.6583937383633701,0.6857643027413589,0.2467128754627586,0.9809885931558935,0.9809037494280239,0.9784244271580587,0.9984096922031546,0.9964451808432679,789.0,0.9153498871331829,0.9310367371891594,0.5987972975420675,0.7492211838006232,0.16463554474157804,886.0,0.6926379203796387,0.6329889297485352,2026-04-30T02:00:02.099400+00:00
NR-ER-LBD,rdkit,LogisticRegression,smote,accuracy,"{'C': 0.001, 'l1_ratio': 1.0}",0.0214665833693401,1718,0.9767171129220024,0.9652127888593168,0.4941107184923439,0.4546185935637664,0.0214665833693401,0.5,0.3333333333333333,0.3333333333333333,0.7246618310135268,0.6504170779833169,10202.0,0.9661399548532732,0.9495014940923098,0.4913892078071182,0.5917445482866044,0.0425953915442579,886.0,0.2967550754547119,0.2567260265350342,2026-04-21T08:47:32.668048+00:00
NR-ER-LBD,rdkit,LogisticRegression,smoteenn,accuracy,"{'C': 0.001, 'l1_ratio': 1.0}",0.0214665833693401,1718,0.9767171129220024,0.9652127888593168,0.4941107184923439,0.4546185935637664,0.0214665833693401,0.5094377309497653,0.3438721537084495,0.3375016540955405,0.726361276641803,0.6432364304269645,10013.0,0.9661399548532732,0.9495014940923098,0.4913892078071182,0.5917445482866044,0.0425953915442579,886.0,0.2789161205291748,0.295436143875122,2026-04-21T08:47:34.205803+00:00
NR-ER-LBD,rdkit,XGBoost,smoten,accuracy,"{'colsample_bytree': 0.8, 'learning_rate': 0.1, 'max_depth': 5, 'min_child_weight': 5, 'n_estimators': 100, 'scale_pos_weight': 1, 'subsample': 0.8}",0.1515074976210178,1718,0.9790454016298021,0.9705842636836882,0.585602487135506,0.5441224672228844,0.1515074976210178,0.9859831405606744,0.9859831393486186,0.9859831393486185,0.9981747450759508,0.9979833954466769,10202.0,0.9548532731376975,0.9493670554592448,0.5717324052590874,0.6601635514018692,0.17876569657218422,886.0,3.509117841720581,3.5084378719329834,2026-04-30T02:02:26.168919+00:00
NR-ER-LBD,rdkit,XGBoost,smoten_enn,accuracy,"{'colsample_bytree': 0.8, 'learning_rate': 0.05, 'max_depth': 5, 'min_child_weight': 1, 'n_estimators': 200, 'scale_pos_weight': 1, 'subsample': 0.8}",0.12588868029314498,1718,0.9784633294528522,0.9693149791751978,0.5643150398563389,0.47372616209773544,0.12588868029314498,0.9941311051427435,0.9941314096965421,0.9941306135822265,0.9993506769080407,0.9991656726132093,10053.0,0.9616252821670429,0.9536017656060974,0.5854115056427195,0.5912383177570093,0.15234273983605082,886.0,6.062119245529175,6.1530609130859375,2026-04-30T02:03:32.538173+00:00
NR-ER-LBD,topological_torsion,BalancedRandomForest,none,accuracy,"{'max_depth': 5, 'max_features': 'log2', 'min_samples_leaf': 20, 'n_estimators': 100}",0.2536641387130685,1718,0.980791618160652,0.9748034011003068,0.6583937383633701,0.6507374851013111,0.2536641387130685,0.8970917225950783,0.9113896723071636,0.6053123240457949,0.7905193419913936,0.3031801352111601,5364.0,0.9221218961625284,0.933582480316734,0.5829734984139978,0.688785046728972,0.1430351406570152,886.0,0.9241008758544922,0.8658320903778076,2026-04-21T23:24:41.591688+00:00
NR-ER-LBD,topological_torsion,RandomForest,random_over,accuracy,"{'max_depth': 5, 'max_features': 'log2', 'min_samples_leaf': 10, 'n_estimators': 200}",0.1751047636143622,1718,0.980209545983702,0.9729949267075798,0.6254200333461588,0.5274955303933254,0.1751047636143622,0.7509311899627524,0.7397016304031695,0.7397016304031695,0.9120173783438492,0.9102586294730104,10202.0,0.9334085778781038,0.9383517521444658,0.5671643026885593,0.7277647975077883,0.169835226606868,886.0,0.9017019271850586,0.8237550258636475,2026-04-21T18:19:40.941353+00:00
NR-ER-LBD,topological_torsion,RandomForest,random_under,accuracy,"{'max_depth': 5, 'max_features': 'sqrt', 'min_samples_leaf': 20, 'n_estimators': 100}",0.2205167463324787,1718,0.980209545983702,0.9729949267075798,0.6254200333461588,0.6288289630512516,0.2205167463324787,0.7959442332065906,0.7922179327793409,0.762520447556108,0.8367296043025054,0.7517577143794887,789.0,0.8656884875846501,0.90154721046993,0.5530847974906216,0.757126168224299,0.2036029633083287,886.0,0.2867507934570312,0.1643519401550293,2026-04-21T18:19:44.944411+00:00
NR-ER-LBD,topological_torsion,DecisionTree,smote,accuracy,"{'ccp_alpha': 0.0, 'criterion': 'entropy', 'max_depth': 5, 'min_samples_leaf': 50}",0.1286681911403732,1718,0.9767171129220024,0.9705449673249936,0.6094744498999818,0.5672824791418356,0.1286681911403732,0.7236816310527348,0.7141705681506663,0.7141705681506663,0.7924210308752035,0.7703895985962442,10202.0,0.891647855530474,0.915969780346847,0.5572213893053473,0.6261292834890966,0.1640553803320585,886.0,1.1078178882598877,1.6115729808807373,2026-04-22T09:37:42.096431+00:00
NR-ER-LBD,topological_torsion,DecisionTree,smoteenn,accuracy,"{'ccp_alpha': 0.0, 'criterion': 'entropy', 'max_depth': 5, 'min_samples_leaf': 50}",0.1286681911403732,1718,0.9767171129220024,0.9705449673249936,0.6094744498999818,0.5672824791418356,0.1286681911403732,0.7273176517098241,0.7179499258857527,0.7175130080794105,0.795782654989503,0.7707812955881664,10118.0,0.891647855530474,0.915969780346847,0.5572213893053473,0.6210085669781933,0.1638727906945609,886.0,1.3288118839263916,0.9882650375366212,2026-04-22T09:39:08.092291+00:00
NR-ER-LBD,topological_torsion,DecisionTree,smoten,accuracy,"{'ccp_alpha': 0.0, 'criterion': 'entropy', 'max_depth': 5, 'min_samples_leaf': 10}",0.0796892458271573,1718,0.9767171129220024,0.9690661051651632,0.5774301456119638,0.5604216328963052,0.0796892458271573,0.8016075279356989,0.7983941318777066,0.7983941318777066,0.8932554556361806,0.8624314330243849,10202.0,0.899548532731377,0.9206471812074828,0.5649842497531266,0.7080412772585669,0.0854340994568243,886.0,1.1068882942199707,0.9852919578552246,2026-04-22T09:39:17.178451+00:00
NR-ER-LBD,topological_torsion,DecisionTree,smoten_enn,accuracy,"{'ccp_alpha': 0.0, 'criterion': 'gini', 'max_depth': 5, 'min_samples_leaf': 50}",0.1018337785716154,1718,0.9772991850989524,0.968588242954512,0.5609161505947114,0.5488974970202622,0.1018337785716154,0.7984303596264654,0.7947463323331434,0.7943552099975526,0.893066995334722,0.8673165199770156,10066.0,0.9006772009029346,0.9213163936640234,0.5661502849002849,0.7035241433021807,0.1259431927456517,886.0,1.086331129074097,1.0204010009765625,2026-04-22T09:39:27.156830+00:00
NR-PPAR-gamma,atom_pair,XGBoost,none,accuracy,"{'colsample_bytree': 0.8, 'learning_rate': 0.05, 'max_depth': 3, 'min_child_weight': 1, 'n_estimators': 100, 'scale_pos_weight': 8, 'subsample': 0.8}",0.13330410668378603,1678,0.9791418355184743,0.9693864657229774,0.5217543545353127,0.7709010014886994,0.13330410668378603,0.9833095868105027,0.9827475446152789,0.8380216793451165,0.965678902207099,0.7071181392189001,4913.0,0.9390804597701149,0.9269189331855312,0.5764867967853042,0.6626741241029971,0.19442944349060812,870.0,1.4125099182128906,1.49357008934021,2026-04-30T02:07:46.821957+00:00
NR-PPAR-gamma,atom_pair,XGBoost,random_over,accuracy,"{'colsample_bytree': 0.8, 'learning_rate': 0.05, 'max_depth': 5, 'min_child_weight': 5, 'n_estimators': 200, 'scale_pos_weight': 1, 'subsample': 0.8}",0.17011380668439458,1678,0.9797377830750894,0.9707769219370147,0.5475080105326607,0.7451955609690079,0.17011380668439458,0.9939254294093004,0.9939252052468964,0.9939252052468963,0.9996630698787543,0.9996113338014546,9548.0,0.9321839080459771,0.9258842898173565,0.5991440910262318,0.5919955677501055,0.17700732521301754,870.0,5.193745851516724,5.541441917419434,2026-04-30T02:08:02.097660+00:00
NR-PPAR-gamma,atom_pair,LogisticRegression,random_under,accuracy,"{'C': 0.001, 'l1_ratio': 1.0}",0.0214541120381406,1678,0.9785458879618594,0.9679351494176948,0.494578313253012,0.5,0.0214541120381406,0.6666666666666666,0.5333333333333333,0.4,0.5,0.3333333333333333,417.0,0.9471264367816092,0.9214075370815183,0.48642266824085,0.5,0.0528735632183908,870.0,0.0425910949707031,0.0088639259338378,2026-04-21T08:48:07.151346+00:00
NR-PPAR-gamma,atom_pair,LogisticRegression,smote,accuracy,"{'C': 0.001, 'l1_ratio': 1.0}",0.0214541120381406,1678,0.9785458879618594,0.9679351494176948,0.494578313253012,0.5,0.0214541120381406,0.5,0.3333333333333333,0.3333333333333333,0.5,0.5,9548.0,0.9471264367816092,0.9214075370815183,0.48642266824085,0.5,0.0528735632183908,870.0,0.201625108718872,0.1546850204467773,2026-04-21T08:48:07.850805+00:00
NR-PPAR-gamma,atom_pair,LogisticRegression,smoteenn,accuracy,"{'C': 0.001, 'l1_ratio': 1.0}",0.0214541120381406,1678,0.9785458879618594,0.9679351494176948,0.494578313253012,0.5,0.0214541120381406,0.5010495382031906,0.3345001391948024,0.3337994686057894,0.5,0.4989504617968094,9528.0,0.9471264367816092,0.9214075370815183,0.48642266824085,0.5,0.0528735632183908,870.0,0.1897070407867431,0.1512541770935058,2026-04-21T08:48:08.561359+00:00
NR-PPAR-gamma,atom_pair,LogisticRegression,smoten,accuracy,"{'C': 0.001, 'l1_ratio': 1.0}",0.0214541120381406,1678,0.9785458879618594,0.9679351494176948,0.494578313253012,0.5,0.0214541120381406,0.5,0.3333333333333333,0.3333333333333333,0.5,0.5,9548.0,0.9471264367816092,0.9214075370815183,0.48642266824085,0.5,0.0528735632183908,870.0,0.189976692199707,0.1444568634033203,2026-04-21T08:48:10.043440+00:00
NR-PPAR-gamma,atom_pair,LogisticRegression,smoten_enn,accuracy,"{'C': 0.001, 'l1_ratio': 1.0}",0.0214541120381406,1678,0.9785458879618594,0.9679351494176948,0.494578313253012,0.5,0.0214541120381406,0.5042780183796345,0.3380975015440454,0.3352292676076118,0.5,0.4957219816203654,9467.0,0.9471264367816092,0.9214075370815183,0.48642266824085,0.5,0.0528735632183908,870.0,0.1738691329956054,0.140995979309082,2026-04-21T08:48:14.905785+00:00
NR-PPAR-gamma,avalon,XGBoost,none,accuracy,"{'colsample_bytree': 0.8, 'learning_rate': 0.05, 'max_depth': 7, 'min_child_weight': 1, 'n_estimators': 200, 'scale_pos_weight': 8, 'subsample': 0.8}",0.3170695441221574,1678,0.9809296781883194,0.9733935654916891,0.5951749095295537,0.8071626742455001,0.3170695441221574,0.9993893751272135,0.9993925387306848,0.9945047713676927,0.9999977395544812,0.9998968553831138,4913.0,0.9494252873563218,0.9305727012541852,0.5638899015676266,0.6818805403123681,0.2112083028466203,870.0,1.1435739994049072,1.1304099559783936,2026-04-30T02:11:47.273988+00:00
NR-PPAR-gamma,avalon,XGBoost,random_over,accuracy,"{'colsample_bytree': 0.8, 'learning_rate': 0.1, 'max_depth': 7, 'min_child_weight': 5, 'n_estimators': 200, 'scale_pos_weight': 1, 'subsample': 0.8}",0.2509691128303488,1678,0.9815256257449344,0.9753767516456924,0.6348563446324907,0.7739206929219109,0.2509691128303488,0.9991621281943862,0.9991621276061752,0.9991621276061754,0.999997959727746,0.9999970950073109,9548.0,0.9448275862068966,0.9276833249476382,0.5571767899558874,0.6629907133811734,0.19607657258328953,870.0,1.834118127822876,1.7499797344207764,2026-04-30T02:12:07.739815+00:00
NR-PPAR-gamma,avalon,BernoulliNB,random_under,accuracy,{'alpha': 0.1},0.0357310130994001,1678,0.9785458879618594,0.9679351494176948,0.494578313253012,0.6839220462850183,0.0357310130994001,0.6906474820143885,0.6872758258526048,0.6446703525355211,0.7554345013198075,0.6178985917519152,417.0,0.6885057471264368,0.7745402666542667,0.4921147130987744,0.7291051076403545,0.1255881025893957,870.0,0.0125958919525146,0.0015308856964111,2026-04-21T14:21:36.290427+00:00
NR-PPAR-gamma,avalon,LogisticRegression,smote,accuracy,"{'C': 0.001, 'l1_ratio': 1.0}",0.0214541120381406,1678,0.9785458879618594,0.9679351494176948,0.494578313253012,0.5,0.0214541120381406,0.5,0.3333333333333333,0.3333333333333333,0.5,0.5,9548.0,0.9471264367816092,0.9214075370815183,0.48642266824085,0.5,0.0528735632183908,870.0,0.0684306621551513,0.0494248867034912,2026-04-21T08:48:20.397274+00:00
NR-PPAR-gamma,avalon,LogisticRegression,smoteenn,accuracy,"{'C': 0.001, 'l1_ratio': 1.0}",0.0214541120381406,1678,0.9785458879618594,0.9679351494176948,0.494578313253012,0.5,0.0214541120381406,0.5029498525073747,0.3366160936310397,0.3346418056918547,0.5,0.4970501474926254,9492.0,0.9471264367816092,0.9214075370815183,0.48642266824085,0.5,0.0528735632183908,870.0,0.0619521141052246,0.0525529384613037,2026-04-21T08:48:21.060017+00:00
NR-PPAR-gamma,avalon,XGBoost,smoten,accuracy,"{'colsample_bytree': 0.8, 'learning_rate': 0.1, 'max_depth': 7, 'min_child_weight': 5, 'n_estimators': 200, 'scale_pos_weight': 1, 'subsample': 0.8}",0.17883737323525395,1678,0.9791418355184743,0.974913774020208,0.6515677375337428,0.7416598998511301,0.17883737323525395,0.9968579807289485,0.9968579739737046,0.9968579739737047,0.9999622001172739,0.999962565909322,9548.0,0.9459770114942528,0.9267250795981928,0.5426737202357652,0.6292211903756859,0.15096469118979228,870.0,1.661539077758789,1.636789083480835,2026-04-30T02:13:05.311413+00:00
NR-PPAR-gamma,avalon,LogisticRegression,smoten_enn,accuracy,"{'C': 0.001, 'l1_ratio': 1.0}",0.0214541120381406,1678,0.9785458879618594,0.9679351494176948,0.494578313253012,0.5,0.0214541120381406,0.5049714406600381,0.3388717539655639,0.3355355636772561,0.5,0.4950285593399619,9454.0,0.9471264367816092,0.9214075370815183,0.48642266824085,0.5,0.0528735632183908,870.0,0.0587368011474609,0.0563552379608154,2026-04-21T08:48:25.798095+00:00
NR-PPAR-gamma,erg,EasyEnsemble,none,accuracy,"{'n_estimators': 10, 'replacement': True}",0.0509422535580008,1678,0.9785458879618594,0.9679351494176948,0.494578313253012,0.656338814453918,0.0509422535580008,0.7616527579890088,0.8412738528021078,0.5072975863236339,0.8643333343379759,0.248610056426643,4913.0,0.7540229885057471,0.8190565774117423,0.5067347739002342,0.5896607218235542,0.1472319419638899,870.0,2.341676950454712,1.8461682796478271,2026-04-21T23:28:08.621543+00:00
NR-PPAR-gamma,erg,LogisticRegression,random_over,accuracy,"{'C': 0.001, 'l1_ratio': 1.0}",0.0214541120381406,1678,0.9785458879618594,0.9679351494176948,0.494578313253012,0.5,0.0214541120381406,0.5,0.3333333333333333,0.3333333333333333,0.5,0.5,9548.0,0.9471264367816092,0.9214075370815183,0.48642266824085,0.5,0.0528735632183908,870.0,0.0256760120391845,0.0217139720916748,2026-04-21T08:48:28.357788+00:00
NR-PPAR-gamma,erg,BernoulliNB,random_under,accuracy,{'alpha': 50.0},0.01881092498659,1678,0.9785458879618594,0.9679351494176948,0.494578313253012,0.4485299093246718,0.01881092498659,0.6642685851318945,0.5321805955811719,0.3991354466858789,0.6180321929506755,0.4096137187950266,417.0,0.9448275862068966,0.920257601695606,0.4858156028368794,0.6532687842971718,0.0924370649566448,870.0,0.0059571266174316,0.000586986541748,2026-04-21T14:21:42.179489+00:00
NR-PPAR-gamma,erg,DecisionTree,smote,accuracy,"{'ccp_alpha': 0.01, 'criterion': 'gini', 'max_depth': 5, 'min_samples_leaf': 10}",0.0228626587011957,1678,0.9785458879618594,0.9679351494176948,0.494578313253012,0.5092705372851536,0.0228626587011957,0.7763929618768328,0.7758049054462723,0.7758049054462722,0.8642341853451763,0.839106880503361,9548.0,0.803448275862069,0.849781742627857,0.5190713101160862,0.5954780498100465,0.0814499103272829,870.0,0.2141990661621093,0.1822509765625,2026-04-22T09:43:31.950812+00:00
NR-PPAR-gamma,erg,DecisionTree,smoteenn,accuracy,"{'ccp_alpha': 0.0, 'criterion': 'gini', 'max_depth': 5, 'min_samples_leaf': 10}",0.0228626587011957,1678,0.9785458879618594,0.9679351494176948,0.494578313253012,0.5092705372851536,0.0228626587011957,0.8496641432988592,0.849493832779523,0.8493748969209785,0.9317102637476704,0.906346595967582,9379.0,0.8655172413793103,0.8862795533243224,0.5425970279366763,0.5697419797382862,0.0836721103425176,870.0,0.2255401611328125,0.1793749332427978,2026-04-22T09:43:32.401860+00:00
NR-PPAR-gamma,erg,LogisticRegression,smoten,accuracy,"{'C': 0.001, 'l1_ratio': 1.0}",0.0214541120381406,1678,0.9785458879618594,0.9679351494176948,0.494578313253012,0.5,0.0214541120381406,0.5,0.3333333333333333,0.3333333333333333,0.5,0.5,9548.0,0.9471264367816092,0.9214075370815183,0.48642266824085,0.5,0.0528735632183908,870.0,0.0281653404235839,0.0186269283294677,2026-04-21T08:48:29.858263+00:00
NR-PPAR-gamma,erg,LogisticRegression,smoten_enn,accuracy,"{'C': 0.001, 'l1_ratio': 1.0}",0.0214541120381406,1678,0.9785458879618594,0.9679351494176948,0.494578313253012,0.5,0.0214541120381406,0.5724220623501199,0.4167672602805356,0.364038432209852,0.5,0.4275779376498801,8340.0,0.9471264367816092,0.9214075370815183,0.48642266824085,0.5,0.0528735632183908,870.0,0.0225729942321777,0.0172960758209228,2026-04-21T08:48:30.571327+00:00
NR-PPAR-gamma,estate,KNeighbors,none,accuracy,"{'n_neighbors': 5, 'weights': 'distance'}",0.1860061309345866,1678,0.9791418355184744,0.9736732446558096,0.6223709676382271,0.6373409798348897,0.1860061309345866,0.9969468756360677,0.9968622038340677,0.970698617016074,0.9998153969493028,0.9912676982256466,4913.0,0.942528735632184,0.9191049445691356,0.4852071005917159,0.5593341072182356,0.0713805609546617,870.0,0.084686279296875,0.0026552677154541,2026-04-24T02:21:14.000319+00:00
NR-PPAR-gamma,estate,RandomForest,random_over,accuracy,"{'max_depth': 15, 'max_features': 'log2', 'min_samples_leaf': 5, 'n_estimators': 100}",0.1981683740597597,1678,0.9791418355184744,0.9713539587356028,0.5678916970165176,0.7624424820679387,0.1981683740597597,0.9334939254294092,0.9334923138833084,0.9334923138833088,0.9871007625967286,0.9863630538758464,9548.0,0.9080459770114944,0.9106928923864896,0.5674761987620871,0.6417528493035036,0.1682002503055014,870.0,0.2784676551818847,0.2412211894989013,2026-04-21T18:25:28.031483+00:00
NR-PPAR-gamma,estate,BernoulliNB,random_under,accuracy,{'alpha': 10.0},0.1103919615952595,1678,0.9785458879618594,0.9679351494176948,0.494578313253012,0.6922706049533089,0.1103919615952595,0.6690647482014388,0.5388637299300124,0.4077192260189378,0.6615987785311319,0.4670559874687128,417.0,0.9459770114942528,0.9208329090032656,0.4861193148257531,0.7040417897847193,0.0921397277734832,870.0,0.0052127838134765,0.0009219646453857,2026-04-21T14:21:45.036989+00:00
NR-PPAR-gamma,estate,LogisticRegression,smote,accuracy,"{'C': 0.001, 'l1_ratio': 1.0}",0.0214541120381406,1678,0.9785458879618594,0.9679351494176948,0.494578313253012,0.5,0.0214541120381406,0.5,0.3333333333333333,0.3333333333333333,0.5,0.5,9548.0,0.9471264367816092,0.9214075370815183,0.48642266824085,0.5,0.0528735632183908,870.0,0.0090818405151367,0.0058271884918212,2026-04-21T08:48:33.085072+00:00
NR-PPAR-gamma,estate,DecisionTree,smoteenn,accuracy,"{'ccp_alpha': 0.0, 'criterion': 'entropy', 'max_depth': 5, 'min_samples_leaf': 10}",0.0280324366379005,1678,0.9785458879618594,0.9679351494176948,0.494578313253012,0.5511994180538639,0.0280324366379005,0.8465692503176621,0.8465728270283379,0.8465590500686972,0.9289752486927316,0.922796232502234,9444.0,0.8229885057471265,0.8616424285141915,0.5275007405944505,0.604382123258759,0.0963492378768465,870.0,0.0317358970642089,0.0294110774993896,2026-04-22T09:43:49.448302+00:00
NR-PPAR-gamma,estate,LogisticRegression,smoten,accuracy,"{'C': 0.001, 'l1_ratio': 1.0}",0.0214541120381406,1678,0.9785458879618594,0.9679351494176948,0.494578313253012,0.5,0.0214541120381406,0.5,0.3333333333333333,0.3333333333333333,0.5,0.5,9548.0,0.9471264367816092,0.9214075370815183,0.48642266824085,0.5,0.0528735632183908,870.0,0.0091550350189208,0.0057582855224609,2026-04-21T08:48:33.641267+00:00
NR-PPAR-gamma,estate,LogisticRegression,smoten_enn,accuracy,"{'C': 0.001, 'l1_ratio': 1.0}",0.0214541120381406,1678,0.9785458879618594,0.9679351494176948,0.494578313253012,0.5,0.0214541120381406,0.5146060148754985,0.3496874407537726,0.3397622944986121,0.5,0.4853939851245014,9277.0,0.9471264367816092,0.9214075370815183,0.48642266824085,0.5,0.0528735632183908,870.0,0.0099499225616455,0.0050020217895507,2026-04-21T08:48:33.737389+00:00
NR-PPAR-gamma,fcfp,XGBoost,none,accuracy,"{'colsample_bytree': 0.8, 'learning_rate': 0.05, 'max_depth': 5, 'min_child_weight': 1, 'n_estimators': 200, 'scale_pos_weight': 4, 'subsample': 0.8}",0.1410741687166009,1678,0.9791418355184743,0.9693864657229774,0.5217543545353127,0.7170794424143997,0.1410741687166009,0.9879910441685325,0.9870356602334813,0.8734919541062622,0.9919641161808718,0.8868629035676946,4913.0,0.9482758620689655,0.9281125814691651,0.5455020374046599,0.5834212747994934,0.16473495478151817,870.0,2.4041311740875244,2.3696627616882324,2026-04-30T02:14:58.117302+00:00
NR-PPAR-gamma,fcfp,LogisticRegression,random_over,accuracy,"{'C': 0.001, 'l1_ratio': 1.0}",0.0214541120381406,1678,0.9785458879618594,0.9679351494176948,0.494578313253012,0.5,0.0214541120381406,0.5,0.3333333333333333,0.3333333333333333,0.5,0.5,9548.0,0.9471264367816092,0.9214075370815183,0.48642266824085,0.5,0.0528735632183908,870.0,0.2006547451019287,0.1625089645385742,2026-04-21T08:48:45.037630+00:00
NR-PPAR-gamma,fcfp,BernoulliNB,random_under,accuracy,{'alpha': 10.0},0.0359813462861426,1678,0.9785458879618594,0.9679351494176948,0.494578313253012,0.6283495736906212,0.0359813462861426,0.6666666666666666,0.5333333333333333,0.4,0.7947570001552715,0.6694659204175223,417.0,0.9471264367816092,0.9214075370815183,0.48642266824085,0.6982376530181511,0.1242300922511472,870.0,0.0439097881317138,0.0139260292053222,2026-04-21T14:21:46.906426+00:00
NR-PPAR-gamma,fcfp,LogisticRegression,smote,accuracy,"{'C': 0.001, 'l1_ratio': 1.0}",0.0214541120381406,1678,0.9785458879618594,0.9679351494176948,0.494578313253012,0.5,0.0214541120381406,0.5,0.3333333333333333,0.3333333333333333,0.5,0.5,9548.0,0.9471264367816092,0.9214075370815183,0.48642266824085,0.5,0.0528735632183908,870.0,0.1680340766906738,0.1256830692291259,2026-04-21T08:48:34.607954+00:00
NR-PPAR-gamma,fcfp,LogisticRegression,smoteenn,accuracy,"{'C': 0.001, 'l1_ratio': 1.0}",0.0214541120381406,1678,0.9785458879618594,0.9679351494176948,0.494578313253012,0.5,0.0214541120381406,0.5022091310751104,0.3357908111698287,0.334313725490196,0.5,0.4977908689248895,9506.0,0.9471264367816092,0.9214075370815183,0.48642266824085,0.5,0.0528735632183908,870.0,0.150958776473999,0.1550889015197754,2026-04-21T08:48:34.912837+00:00
NR-PPAR-gamma,fcfp,LogisticRegression,smoten,accuracy,"{'C': 0.001, 'l1_ratio': 1.0}",0.0214541120381406,1678,0.9785458879618594,0.9679351494176948,0.494578313253012,0.5,0.0214541120381406,0.5,0.3333333333333333,0.3333333333333333,0.5,0.5,9548.0,0.9471264367816092,0.9214075370815183,0.48642266824085,0.5,0.0528735632183908,870.0,0.156369924545288,0.1265408992767334,2026-04-21T08:48:35.228922+00:00
NR-PPAR-gamma,fcfp,LogisticRegression,smoten_enn,accuracy,"{'C': 0.001, 'l1_ratio': 1.0}",0.0214541120381406,1678,0.9785458879618594,0.9679351494176948,0.494578313253012,0.5,0.0214541120381406,0.5051317320918421,0.3390508104051254,0.3356063268892794,0.5,0.4948682679081578,9451.0,0.9471264367816092,0.9214075370815183,0.48642266824085,0.5,0.0528735632183908,870.0,0.1605701446533203,0.1345946788787841,2026-04-21T08:48:35.649975+00:00
NR-PPAR-gamma,klekota_roth,XGBoost,none,accuracy,"{'colsample_bytree': 0.8, 'learning_rate': 0.05, 'max_depth': 5, 'min_child_weight': 5, 'n_estimators': 200, 'scale_pos_weight': 1, 'subsample': 0.8}",0.09021627703901666,1678,0.9791418355184743,0.9693864657229774,0.5217543545353127,0.7259778048450399,0.09021627703901666,0.9767962548341136,0.9691029998452914,0.650725884906084,0.9306887125406504,0.5241642426684415,4913.0,0.9471264367816092,0.9235802016249558,0.5072399527186762,0.6511318066694808,0.14830923805009694,870.0,8.316798210144043,8.267633199691772,2026-04-30T02:17:38.036536+00:00
NR-PPAR-gamma,klekota_roth,LogisticRegression,random_over,accuracy,"{'C': 0.001, 'l1_ratio': 1.0}",0.0214541120381406,1678,0.9785458879618594,0.9679351494176948,0.494578313253012,0.5,0.0214541120381406,0.5,0.3333333333333333,0.3333333333333333,0.5,0.5,9548.0,0.9471264367816092,0.9214075370815183,0.48642266824085,0.5,0.0528735632183908,870.0,0.4488179683685303,0.3245599269866943,2026-04-21T08:48:38.740147+00:00
NR-PPAR-gamma,klekota_roth,BernoulliNB,random_under,accuracy,{'alpha': 10.0},0.0392562267873049,1678,0.9785458879618594,0.9679351494176948,0.494578313253012,0.6252368385437812,0.0392562267873049,0.6666666666666666,0.5333333333333333,0.4,0.7782464675741421,0.6442836464220603,417.0,0.9471264367816092,0.9214075370815183,0.48642266824085,0.6291156606162938,0.0757575075521123,870.0,0.121392011642456,0.0173089504241943,2026-04-21T14:21:59.808783+00:00
NR-PPAR-gamma,klekota_roth,LogisticRegression,smote,accuracy,"{'C': 0.001, 'l1_ratio': 1.0}",0.0265918280515191,1678,0.9785458879618594,0.9679351494176948,0.494578313253012,0.5963932873189877,0.0265918280515191,0.5,0.3333333333333333,0.3333333333333333,0.724759111855886,0.6507086288811161,9548.0,0.9471264367816092,0.9214075370815183,0.48642266824085,0.5256964964119882,0.0557910319288305,870.0,0.4588737487792969,0.2849009037017822,2026-04-21T08:48:44.895150+00:00
NR-PPAR-gamma,klekota_roth,LogisticRegression,smoteenn,accuracy,"{'C': 0.001, 'l1_ratio': 1.0}",0.0265918280515191,1678,0.9785458879618594,0.9679351494176948,0.494578313253012,0.5963932873189877,0.0265918280515191,0.5027909426013691,0.3364389880130263,0.334571448594856,0.7264365636891278,0.6495185481529705,9495.0,0.9471264367816092,0.9214075370815183,0.48642266824085,0.5256964964119882,0.0557910319288305,870.0,0.4955039024353027,0.356964111328125,2026-04-21T08:48:47.264887+00:00
NR-PPAR-gamma,klekota_roth,LogisticRegression,smoten,accuracy,"{'C': 0.001, 'l1_ratio': 1.0}",0.0265918280515191,1678,0.9785458879618594,0.9679351494176948,0.494578313253012,0.5963932873189877,0.0265918280515191,0.5,0.3333333333333333,0.3333333333333333,0.7508378718056138,0.6713413256730596,9548.0,0.9471264367816092,0.9214075370815183,0.48642266824085,0.5256964964119882,0.0557910319288305,870.0,0.4042642116546631,0.3096969127655029,2026-04-21T08:48:47.985417+00:00
NR-PPAR-gamma,klekota_roth,LogisticRegression,smoten_enn,accuracy,"{'C': 0.001, 'l1_ratio': 1.0}",0.0265918280515191,1678,0.9785458879618594,0.9679351494176948,0.494578313253012,0.5963932873189877,0.0265918280515191,0.5052386495925495,0.3391702612887339,0.3356535189481825,0.7544372705093769,0.6696406323891164,9449.0,0.9471264367816092,0.9214075370815183,0.48642266824085,0.5256964964119882,0.0557910319288305,870.0,0.4663631916046142,0.4559850692749023,2026-04-21T08:48:48.746489+00:00
NR-PPAR-gamma,maccs,XGBoost,none,accuracy,"{'colsample_bytree': 0.8, 'learning_rate': 0.1, 'max_depth': 3, 'min_child_weight': 5, 'n_estimators': 200, 'scale_pos_weight': 1, 'subsample': 0.8}",0.15880496563143653,1678,0.9797377830750894,0.9707769219370147,0.5475080105326607,0.8027896197049668,0.15880496563143653,0.9788316710767352,0.9729952144639856,0.7024754504630406,0.9654897782653642,0.6882685088193341,4913.0,0.9459770114942528,0.9229599154248049,0.5065110609589785,0.7146475306036302,0.13619737587270908,870.0,0.2696719169616699,0.24636483192443848,2026-04-30T02:25:43.782489+00:00
NR-PPAR-gamma,maccs,LogisticRegression,random_over,accuracy,"{'C': 0.001, 'l1_ratio': 1.0}",0.0214541120381406,1678,0.9785458879618594,0.9679351494176948,0.494578313253012,0.5,0.0214541120381406,0.5,0.3333333333333333,0.3333333333333333,0.5,0.5,9548.0,0.9471264367816092,0.9214075370815183,0.48642266824085,0.5,0.0528735632183908,870.0,0.0216319561004638,0.0236501693725585,2026-04-21T08:48:52.097073+00:00
NR-PPAR-gamma,maccs,BernoulliNB,random_under,accuracy,{'alpha': 50.0},0.0321436120659094,1678,0.9785458879618594,0.9679351494176948,0.494578313253012,0.6289162944918122,0.0321436120659094,0.6666666666666666,0.5537582259671124,0.4320971929652672,0.7259846798819937,0.5291705458457958,417.0,0.9367816091954024,0.918029805186846,0.5012039903680771,0.6816430983537357,0.1074236195695768,870.0,0.0075209140777587,0.0008971691131591,2026-04-21T14:22:10.747023+00:00
NR-PPAR-gamma,maccs,LogisticRegression,smote,accuracy,"{'C': 0.001, 'l1_ratio': 1.0}",0.0214541120381406,1678,0.9785458879618594,0.9679351494176948,0.494578313253012,0.5,0.0214541120381406,0.5,0.3333333333333333,0.3333333333333333,0.5,0.5,9548.0,0.9471264367816092,0.9214075370815183,0.48642266824085,0.5,0.0528735632183908,870.0,0.0204663276672363,0.0245337486267089,2026-04-21T08:48:54.060123+00:00
NR-PPAR-gamma,maccs,LogisticRegression,smoteenn,accuracy,"{'C': 0.001, 'l1_ratio': 1.0}",0.0214541120381406,1678,0.9785458879618594,0.9679351494176948,0.494578313253012,0.5,0.0214541120381406,0.5048646362098139,0.3387524628623544,0.3354884047786367,0.5,0.4951353637901861,9456.0,0.9471264367816092,0.9214075370815183,0.48642266824085,0.5,0.0528735632183908,870.0,0.0295171737670898,0.019061803817749,2026-04-21T08:48:54.359991+00:00
NR-PPAR-gamma,maccs,LogisticRegression,smoten,accuracy,"{'C': 0.001, 'l1_ratio': 1.0}",0.0214541120381406,1678,0.9785458879618594,0.9679351494176948,0.494578313253012,0.5,0.0214541120381406,0.5,0.3333333333333333,0.3333333333333333,0.5,0.5,9548.0,0.9471264367816092,0.9214075370815183,0.48642266824085,0.5,0.0528735632183908,870.0,0.0304517745971679,0.0160779953002929,2026-04-21T08:48:55.551417+00:00
NR-PPAR-gamma,maccs,LogisticRegression,smoten_enn,accuracy,"{'C': 0.001, 'l1_ratio': 1.0}",0.0214541120381406,1678,0.9785458879618594,0.9679351494176948,0.494578313253012,0.5,0.0214541120381406,0.5076023391812865,0.3418144533819679,0.3366951124903025,0.5,0.4923976608187134,9405.0,0.9471264367816092,0.9214075370815183,0.48642266824085,0.5,0.0528735632183908,870.0,0.022111177444458,0.014862060546875,2026-04-21T08:48:56.367913+00:00
NR-PPAR-gamma,map4,KNeighbors,none,accuracy,"{'n_neighbors': 15, 'weights': 'uniform'}",0.0509750199199155,1678,0.9785458879618594,0.9679351494176948,0.494578313253012,0.6811561104344297,0.0509750199199155,0.9717077142275596,0.9577645561520324,0.4928254361515433,0.9243632324973704,0.301271010985448,4913.0,0.9471264367816092,0.9214075370815183,0.48642266824085,0.60235067539046,0.0716983278869391,870.0,24.099081993103027,18.10367512702942,2026-04-24T02:47:19.581628+00:00
NR-PPAR-gamma,map4,LogisticRegression,random_over,accuracy,"{'C': 0.001, 'l1_ratio': 1.0}",0.0214541120381406,1678,0.9785458879618594,0.9679351494176948,0.494578313253012,0.5,0.0214541120381406,0.5,0.3333333333333333,0.3333333333333333,0.5,0.5,9548.0,0.9471264367816092,0.9214075370815183,0.48642266824085,0.5,0.0528735632183908,870.0,0.1269159317016601,0.1218299865722656,2026-04-21T08:48:58.341036+00:00
NR-PPAR-gamma,map4,LogisticRegression,random_under,accuracy,"{'C': 0.001, 'l1_ratio': 1.0}",0.0214541120381406,1678,0.9785458879618594,0.9679351494176948,0.494578313253012,0.5,0.0214541120381406,0.6666666666666666,0.5333333333333333,0.4,0.5,0.3333333333333333,417.0,0.9471264367816092,0.9214075370815183,0.48642266824085,0.5,0.0528735632183908,870.0,0.0217032432556152,0.0077450275421142,2026-04-21T08:48:59.738188+00:00
NR-PPAR-gamma,map4,LogisticRegression,smote,accuracy,"{'C': 0.001, 'l1_ratio': 1.0}",0.0214541120381406,1678,0.9785458879618594,0.9679351494176948,0.494578313253012,0.5,0.0214541120381406,0.5,0.3333333333333333,0.3333333333333333,0.5,0.5,9548.0,0.9471264367816092,0.9214075370815183,0.48642266824085,0.5,0.0528735632183908,870.0,0.123323917388916,0.0987489223480224,2026-04-21T08:49:00.697705+00:00
NR-PPAR-gamma,map4,LogisticRegression,smoteenn,accuracy,"{'C': 0.001, 'l1_ratio': 1.0}",0.0214541120381406,1678,0.9785458879618594,0.9679351494176948,0.494578313253012,0.5,0.0214541120381406,0.5008918266708635,0.3343247228978263,0.3337294652219503,0.5,0.4991081733291365,9531.0,0.9471264367816092,0.9214075370815183,0.48642266824085,0.5,0.0528735632183908,870.0,0.1169776916503906,0.1137490272521972,2026-04-21T08:49:03.032782+00:00
NR-PPAR-gamma,map4,LogisticRegression,smoten,accuracy,"{'C': 0.001, 'l1_ratio': 1.0}",0.0214541120381406,1678,0.9785458879618594,0.9679351494176948,0.494578313253012,0.5,0.0214541120381406,0.5,0.3333333333333333,0.3333333333333333,0.5,0.5,9548.0,0.9471264367816092,0.9214075370815183,0.48642266824085,0.5,0.0528735632183908,870.0,0.1128802299499511,0.1038503646850586,2026-04-21T08:49:05.111232+00:00
NR-PPAR-gamma,map4,LogisticRegression,smoten_enn,accuracy,"{'C': 0.001, 'l1_ratio': 1.0}",0.0214541120381406,1678,0.9785458879618594,0.9679351494176948,0.494578313253012,0.5,0.0214541120381406,0.5030558482613278,0.3367342427929863,0.3346887268648345,0.5,0.4969441517386723,9490.0,0.9471264367816092,0.9214075370815183,0.48642266824085,0.5,0.0528735632183908,870.0,0.113041877746582,0.0983729362487793,2026-04-21T08:49:06.492501+00:00
NR-PPAR-gamma,mhfp,KNeighbors,none,accuracy,"{'n_neighbors': 5, 'weights': 'uniform'}",0.0935569513179941,1678,0.9785458879618594,0.9679351494176948,0.494578313253012,0.6645858708891595,0.0935569513179941,0.9776104213311624,0.971039906385532,0.6782097451067255,0.9811380891097764,0.5370631136106815,4913.0,0.9471264367816092,0.9214075370815183,0.48642266824085,0.5442169691853103,0.0646267775203307,870.0,34.49096918106079,8.807433128356934,2026-04-24T02:53:22.874289+00:00
NR-PPAR-gamma,mhfp,LogisticRegression,random_over,accuracy,"{'C': 0.001, 'l1_ratio': 1.0}",0.0214541120381406,1678,0.9785458879618594,0.9679351494176948,0.494578313253012,0.5,0.0214541120381406,0.5,0.3333333333333333,0.3333333333333333,0.5,0.5,9548.0,0.9471264367816092,0.9214075370815183,0.48642266824085,0.5,0.0528735632183908,870.0,0.5161862373352051,0.9812679290771484,2026-04-21T08:49:11.775771+00:00
NR-PPAR-gamma,mhfp,RandomForest,random_under,accuracy,"{'max_depth': 10, 'max_features': 'log2', 'min_samples_leaf': 5, 'n_estimators': 200}",0.0551428053613124,1678,0.9791418355184744,0.9693864657229774,0.5217543545353127,0.5236331032616051,0.0551428053613124,1.0,1.0,1.0,1.0,1.0,417.0,0.9448275862068966,0.9292139899134856,0.5719381688466112,0.5554295061207261,0.1291419913766893,870.0,0.3940029144287109,0.2587840557098388,2026-04-21T18:32:34.060336+00:00
NR-PPAR-gamma,mhfp,LogisticRegression,smote,accuracy,"{'C': 0.001, 'l1_ratio': 1.0}",0.0240453138415772,1678,0.9785458879618594,0.9679351494176948,0.494578313253012,0.5491439978346191,0.0240453138415772,0.5,0.3333333333333333,0.3333333333333333,0.715123586091328,0.6440432862616141,9548.0,0.9471264367816092,0.9214075370815183,0.48642266824085,0.4954622203461375,0.0524294083961058,870.0,0.591951847076416,0.6328167915344238,2026-04-21T08:49:14.523160+00:00
NR-PPAR-gamma,mhfp,LogisticRegression,smoteenn,accuracy,"{'C': 0.001, 'l1_ratio': 1.0}",0.0240453138415772,1678,0.9785458879618594,0.9679351494176948,0.494578313253012,0.5491439978346191,0.0240453138415772,0.5002095557418273,0.3335661990657191,0.3334264562089677,0.7152700819164605,0.6439687251362285,9544.0,0.9471264367816092,0.9214075370815183,0.48642266824085,0.4954622203461375,0.0524294083961058,870.0,0.5614316463470459,0.5515689849853516,2026-04-21T08:49:19.158229+00:00
NR-PPAR-gamma,mhfp,BernoulliNB,smoten,accuracy,{'alpha': 0.1},0.0378927497140349,1678,0.9785458879618594,0.9679351494176948,0.494578313253012,0.6094701583434836,0.0378927497140349,0.952869710934227,0.9528160471562788,0.952816047156279,0.9867748236195606,0.9867931053683652,9548.0,0.9459770114942528,0.9249175850900168,0.5253021279559781,0.5533716758125792,0.0972025838358592,870.0,0.4088618755340576,0.387747049331665,2026-04-21T14:22:36.306659+00:00
NR-PPAR-gamma,mhfp,BernoulliNB,smoten_enn,accuracy,{'alpha': 0.1},0.0379376955376447,1678,0.9785458879618594,0.9679351494176948,0.494578313253012,0.6092671538773854,0.0379376955376447,0.9550608987820244,0.9550126868228714,0.9550088298661392,0.9883391837364672,0.9879929316287772,9524.0,0.9471264367816092,0.9255765490036046,0.5263905325443787,0.5535299704516673,0.0973286647720808,870.0,0.4371230602264404,0.4558999538421631,2026-04-21T14:22:39.346355+00:00
NR-PPAR-gamma,morgan_2048,BalancedRandomForest,none,accuracy,"{'max_depth': 5, 'max_features': 'sqrt', 'min_samples_leaf': 5, 'n_estimators': 100}",0.1408860094706474,1678,0.9785458879618594,0.9679351494176948,0.494578313253012,0.6995872242522669,0.1408860094706474,0.8607775290046814,0.9036464082442472,0.5713767505930971,0.8718003393682205,0.4104372057542119,4913.0,0.860919540229885,0.8864202192177545,0.5715070723516842,0.6698237653018151,0.1659187722590205,870.0,1.102591037750244,0.9182288646697998,2026-04-21T23:33:14.895777+00:00
NR-PPAR-gamma,morgan_2048,XGBoost,random_over,accuracy,"{'colsample_bytree': 0.8, 'learning_rate': 0.1, 'max_depth': 7, 'min_child_weight': 10, 'n_estimators': 200, 'scale_pos_weight': 1, 'subsample': 0.8}",0.23974198543951547,1678,0.9797377830750894,0.9733763635212046,0.6085035133948177,0.7549905264582487,0.23974198543951547,0.9909928780896523,0.9909921472983704,0.9909921472983705,0.9987965465079403,0.9976981346535421,9548.0,0.9275862068965517,0.9238568157298205,0.6014716682057136,0.6673438159560996,0.18311136295645075,870.0,4.418142080307007,4.38804292678833,2026-04-30T02:35:23.364781+00:00
NR-PPAR-gamma,morgan_2048,BernoulliNB,random_under,accuracy,{'alpha': 10.0},0.0540206416938206,1678,0.9785458879618594,0.9679351494176948,0.494578313253012,0.6678762349438354,0.0540206416938206,0.6690647482014388,0.5388637299300124,0.4077192260189378,0.7957662646860928,0.6481088435723374,417.0,0.9471264367816092,0.9214075370815183,0.48642266824085,0.7025643731532293,0.1138400516242319,870.0,0.0456278324127197,0.0076332092285156,2026-04-21T14:22:45.825531+00:00
NR-PPAR-gamma,morgan_2048,LogisticRegression,smote,accuracy,"{'C': 0.001, 'l1_ratio': 1.0}",0.0214541120381406,1678,0.9785458879618594,0.9679351494176948,0.494578313253012,0.5,0.0214541120381406,0.5,0.3333333333333333,0.3333333333333333,0.5,0.5,9548.0,0.9471264367816092,0.9214075370815183,0.48642266824085,0.5,0.0528735632183908,870.0,0.2167119979858398,0.1540808677673339,2026-04-21T08:49:41.741794+00:00
NR-PPAR-gamma,morgan_2048,LogisticRegression,smoteenn,accuracy,"{'C': 0.001, 'l1_ratio': 1.0}",0.0214541120381406,1678,0.9785458879618594,0.9679351494176948,0.494578313253012,0.5,0.0214541120381406,0.5019451161812638,0.335496812691544,0.3341967098354917,0.5,0.4980548838187362,9511.0,0.9471264367816092,0.9214075370815183,0.48642266824085,0.5,0.0528735632183908,870.0,0.214432954788208,0.1458368301391601,2026-04-21T08:49:42.527037+00:00
NR-PPAR-gamma,morgan_2048,LogisticRegression,smoten,accuracy,"{'C': 0.001, 'l1_ratio': 1.0}",0.0214541120381406,1678,0.9785458879618594,0.9679351494176948,0.494578313253012,0.5,0.0214541120381406,0.5,0.3333333333333333,0.3333333333333333,0.5,0.5,9548.0,0.9471264367816092,0.9214075370815183,0.48642266824085,0.5,0.0528735632183908,870.0,0.172011137008667,0.1663737297058105,2026-04-21T08:49:43.869965+00:00
NR-PPAR-gamma,morgan_2048,LogisticRegression,smoten_enn,accuracy,"{'C': 0.001, 'l1_ratio': 1.0}",0.0214541120381406,1678,0.9785458879618594,0.9679351494176948,0.494578313253012,0.5,0.0214541120381406,0.5049180327868853,0.3388121004321583,0.3355119825708061,0.5,0.4950819672131147,9455.0,0.9471264367816092,0.9214075370815183,0.48642266824085,0.5,0.0528735632183908,870.0,0.1794607639312744,0.131373643875122,2026-04-21T08:49:46.718905+00:00
NR-PPAR-gamma,morgan_4096,XGBoost,none,accuracy,"{'colsample_bytree': 0.8, 'learning_rate': 0.1, 'max_depth': 7, 'min_child_weight': 5, 'n_estimators': 200, 'scale_pos_weight': 8, 'subsample': 0.8}",0.25590813910042776,1678,0.9803337306317044,0.9729908753792827,0.5925836000441452,0.7686425768033562,0.25590813910042776,0.9979645837573784,0.997998853841232,0.9821146699750705,0.9998930055787796,0.9962706153158173,4913.0,0.9459770114942528,0.9267250795981928,0.5426737202357652,0.6048438159560997,0.15177555040645485,870.0,6.595806121826172,6.635607957839966,2026-04-30T02:38:23.911670+00:00
NR-PPAR-gamma,morgan_4096,RandomForest,random_over,accuracy,"{'max_depth': 15, 'max_features': 'log2', 'min_samples_leaf': 10, 'n_estimators': 200}",0.2211225855132983,1678,0.9791418355184744,0.9693864657229774,0.5217543545353127,0.783631073216944,0.2211225855132983,0.9027021365731044,0.9021748316583622,0.9021748316583622,0.9773776367557198,0.979509138278096,9548.0,0.9298850574712644,0.9211600854132432,0.5638954400900642,0.6313317855635289,0.1704304550850229,870.0,1.9265930652618408,1.7713158130645752,2026-04-21T18:36:18.162321+00:00
NR-PPAR-gamma,morgan_4096,BernoulliNB,random_under,accuracy,{'alpha': 10.0},0.0492148715612532,1678,0.9785458879618594,0.9679351494176948,0.494578313253012,0.6555437136283664,0.0492148715612532,0.6690647482014388,0.5388637299300124,0.4077192260189378,0.7701723513275711,0.6149705863179943,417.0,0.9471264367816092,0.9214075370815183,0.48642266824085,0.6910352469396369,0.1001573521280923,870.0,0.1343781948089599,0.0235817432403564,2026-04-21T14:22:58.253211+00:00
NR-PPAR-gamma,morgan_4096,LogisticRegression,smote,accuracy,"{'C': 0.001, 'l1_ratio': 1.0}",0.0214541120381406,1678,0.9785458879618594,0.9679351494176948,0.494578313253012,0.5,0.0214541120381406,0.5,0.3333333333333333,0.3333333333333333,0.5,0.5,9548.0,0.9471264367816092,0.9214075370815183,0.48642266824085,0.5,0.0528735632183908,870.0,0.3817300796508789,0.2675008773803711,2026-04-21T08:49:57.947768+00:00
NR-PPAR-gamma,morgan_4096,LogisticRegression,smoteenn,accuracy,"{'C': 0.001, 'l1_ratio': 1.0}",0.0224517475920296,1678,0.9785458879618594,0.9679351494176948,0.494578313253012,0.5206218703478144,0.0224517475920296,0.5013652593992859,0.3348513917700322,0.3339395635142697,0.7101773983551032,0.6440068350230758,9522.0,0.9471264367816092,0.9214075370815183,0.48642266824085,0.5183621781342338,0.0548725637181409,870.0,0.4091060161590576,0.3073139190673828,2026-04-21T08:49:59.287263+00:00
NR-PPAR-gamma,morgan_4096,LogisticRegression,smoten,accuracy,"{'C': 0.001, 'l1_ratio': 1.0}",0.0224517475920296,1678,0.9785458879618594,0.9679351494176948,0.494578313253012,0.5206218703478144,0.0224517475920296,0.5,0.3333333333333333,0.3333333333333333,0.7397360703812318,0.6694215718623371,9548.0,0.9471264367816092,0.9214075370815183,0.48642266824085,0.5183621781342338,0.0548725637181409,870.0,0.3178310394287109,0.2443118095397949,2026-04-21T08:50:01.116248+00:00
NR-PPAR-gamma,morgan_4096,LogisticRegression,smoten_enn,accuracy,"{'C': 0.001, 'l1_ratio': 1.0}",0.0224517475920296,1678,0.9785458879618594,0.9679351494176948,0.494578313253012,0.5206218703478144,0.0224517475920296,0.5034802784222738,0.3372074704247945,0.3348765432098765,0.7429324142845399,0.6690827986296123,9482.0,0.9471264367816092,0.9214075370815183,0.48642266824085,0.5183621781342338,0.0548725637181409,870.0,0.3904371261596679,0.3021838665008545,2026-04-21T08:50:02.422828+00:00
NR-PPAR-gamma,pubchem,XGBoost,none,accuracy,"{'colsample_bytree': 0.8, 'learning_rate': 0.1, 'max_depth': 3, 'min_child_weight': 1, 'n_estimators': 100, 'scale_pos_weight': 8, 'subsample': 0.8}",0.19537514939944425,1678,0.9797377830750894,0.9740910840828536,0.6252988309470642,0.8227940181350656,0.19537514939944425,0.9804600040708324,0.9808519853881513,0.8294492015737098,0.9783841129861088,0.6969424971922951,4913.0,0.9379310344827586,0.9234691970020986,0.5484255450036526,0.6370172013507809,0.1683721586094681,870.0,0.6071879863739014,0.5706312656402588,2026-04-30T02:46:29.541915+00:00
NR-PPAR-gamma,pubchem,BernoulliNB,random_over,accuracy,{'alpha': 0.1},0.0588213061666881,1678,0.9785458879618594,0.9679351494176948,0.494578313253012,0.6859351739071593,0.0588213061666881,0.7000418935902807,0.699628998512154,0.699628998512154,0.7817771964781304,0.7879606543537956,9548.0,0.696551724137931,0.7796836477321719,0.4626413116717826,0.6038280920219503,0.1179866051988226,870.0,0.1067008972167968,0.1143422126770019,2026-04-21T14:23:12.807072+00:00
NR-PPAR-gamma,pubchem,BernoulliNB,random_under,accuracy,{'alpha': 0.1},0.0520931891860079,1678,0.9785458879618594,0.9679351494176948,0.494578313253012,0.6797604547300041,0.0520931891860079,0.6762589928057554,0.6851218970166914,0.6618776765389536,0.7635603747218053,0.6239500741266458,417.0,0.6494252873563219,0.746222647272261,0.4437794905871182,0.5950295483326298,0.095727993684586,870.0,0.0239670276641845,0.002591848373413,2026-04-21T14:23:14.967346+00:00
NR-PPAR-gamma,pubchem,LogisticRegression,smote,accuracy,"{'C': 0.001, 'l1_ratio': 1.0}",0.0214541120381406,1678,0.9785458879618594,0.9679351494176948,0.494578313253012,0.5,0.0214541120381406,0.5,0.3333333333333333,0.3333333333333333,0.5,0.5,9548.0,0.9471264367816092,0.9214075370815183,0.48642266824085,0.5,0.0528735632183908,870.0,0.1201081275939941,0.0726191997528076,2026-04-21T08:50:06.809714+00:00
NR-PPAR-gamma,pubchem,BernoulliNB,smoteenn,accuracy,{'alpha': 0.1},0.0705001364960874,1678,0.9791418355184744,0.9704209837887504,0.5460061996088527,0.6596291785085937,0.0705001364960874,0.7783743946093914,0.7783451105105481,0.7783557981378633,0.861899140915352,0.8509642523528277,9498.0,0.828735632183908,0.8648082385096818,0.5266818804198996,0.504893942591811,0.0958291469827147,870.0,0.1532998085021972,0.1629199981689453,2026-04-21T14:23:17.755963+00:00
NR-PPAR-gamma,pubchem,LogisticRegression,smoten,accuracy,"{'C': 0.001, 'l1_ratio': 1.0}",0.0214541120381406,1678,0.9785458879618594,0.9679351494176948,0.494578313253012,0.5,0.0214541120381406,0.5,0.3333333333333333,0.3333333333333333,0.5,0.5,9548.0,0.9471264367816092,0.9214075370815183,0.48642266824085,0.5,0.0528735632183908,870.0,0.0882208347320556,0.0825119018554687,2026-04-21T08:50:18.114278+00:00
NR-PPAR-gamma,pubchem,LogisticRegression,smoten_enn,accuracy,"{'C': 0.001, 'l1_ratio': 1.0}",0.0214541120381406,1678,0.9785458879618594,0.9679351494176948,0.494578313253012,0.5,0.0214541120381406,0.5051317320918421,0.3390508104051254,0.3356063268892794,0.5,0.4948682679081578,9451.0,0.9471264367816092,0.9214075370815183,0.48642266824085,0.5,0.0528735632183908,870.0,0.1310911178588867,0.075261116027832,2026-04-21T08:50:23.314889+00:00
NR-PPAR-gamma,rdkit,XGBoost,none,accuracy,"{'colsample_bytree': 0.8, 'learning_rate': 0.1, 'max_depth': 3, 'min_child_weight': 1, 'n_estimators': 200, 'scale_pos_weight': 8, 'subsample': 0.8}",0.13220352936773347,1678,0.9791418355184743,0.9693864657229774,0.5217543545353127,0.7374983082961158,0.13220352936773347,0.9945043761449216,0.9946057948089139,0.9518716577540107,0.9994778370851705,0.9835527546896006,4913.0,0.9413793103448276,0.9255607850799894,0.5526270682301697,0.5067802870409455,0.12076835591913862,870.0,2.7003941535949707,2.6875059604644775,2026-04-30T02:48:52.528190+00:00
NR-PPAR-gamma,rdkit,LogisticRegression,random_over,accuracy,"{'C': 0.001, 'l1_ratio': 1.0}",0.0214541120381406,1678,0.9785458879618594,0.9679351494176948,0.494578313253012,0.5,0.0214541120381406,0.5,0.3333333333333333,0.3333333333333333,0.5,0.5,9548.0,0.9471264367816092,0.9214075370815183,0.48642266824085,0.5,0.0528735632183908,870.0,0.2893800735473633,0.2829420566558838,2026-04-21T08:50:31.393110+00:00
NR-PPAR-gamma,rdkit,XGBoost,random_under,accuracy,"{'colsample_bytree': 0.8, 'learning_rate': 0.05, 'max_depth': 5, 'min_child_weight': 5, 'n_estimators': 100, 'scale_pos_weight': 1, 'subsample': 0.8}",0.10229432921290932,1678,0.9791418355184743,0.9704209837887504,0.5460061996088527,0.7323132358911896,0.10229432921290932,0.9616306954436451,0.9610845295055822,0.9556618819776714,0.9871901040318825,0.9834170162062473,417.0,0.8517241379310345,0.8793739877589682,0.5484265544338534,0.6568436048965809,0.135284611006161,870.0,0.23772287368774414,0.2148730754852295,2026-04-30T02:49:44.862202+00:00
NR-PPAR-gamma,rdkit,LogisticRegression,smote,accuracy,"{'C': 0.001, 'l1_ratio': 1.0}",0.0214541120381406,1678,0.9785458879618594,0.9679351494176948,0.494578313253012,0.5,0.0214541120381406,0.5,0.3333333333333333,0.3333333333333333,0.5,0.5,9548.0,0.9471264367816092,0.9214075370815183,0.48642266824085,0.5,0.0528735632183908,870.0,0.324502944946289,0.2397079467773437,2026-04-21T08:50:33.514076+00:00
NR-PPAR-gamma,rdkit,LogisticRegression,smoteenn,accuracy,"{'C': 0.001, 'l1_ratio': 1.0}",0.0214541120381406,1678,0.9785458879618594,0.9679351494176948,0.494578313253012,0.5,0.0214541120381406,0.5031088628938771,0.3367933410159671,0.3347121923858935,0.5,0.4968911371061228,9489.0,0.9471264367816092,0.9214075370815183,0.48642266824085,0.5,0.0528735632183908,870.0,0.2627770900726318,0.2054567337036132,2026-04-21T08:50:34.175268+00:00
NR-PPAR-gamma,rdkit,LogisticRegression,smoten,accuracy,"{'C': 0.001, 'l1_ratio': 1.0}",0.0214541120381406,1678,0.9785458879618594,0.9679351494176948,0.494578313253012,0.5,0.0214541120381406,0.5,0.3333333333333333,0.3333333333333333,0.5,0.5,9548.0,0.9471264367816092,0.9214075370815183,0.48642266824085,0.5,0.0528735632183908,870.0,0.3057420253753662,0.2372791767120361,2026-04-21T08:50:39.328946+00:00
NR-PPAR-gamma,rdkit,LogisticRegression,smoten_enn,accuracy,"{'C': 0.001, 'l1_ratio': 1.0}",0.0214541120381406,1678,0.9785458879618594,0.9679351494176948,0.494578313253012,0.5,0.0214541120381406,0.5050248598328573,0.3389314234683434,0.3355591480986856,0.5,0.4949751401671427,9453.0,0.9471264367816092,0.9214075370815183,0.48642266824085,0.5,0.0528735632183908,870.0,0.2632310390472412,0.2077810764312744,2026-04-21T08:50:39.821668+00:00
NR-PPAR-gamma,topological_torsion,XGBoost,none,accuracy,"{'colsample_bytree': 0.8, 'learning_rate': 0.1, 'max_depth': 5, 'min_child_weight': 1, 'n_estimators': 100, 'scale_pos_weight': 8, 'subsample': 0.8}",0.3920169290101838,1678,0.9833134684147795,0.9786632457152914,0.6914225666622882,0.79659798348897,0.3920169290101838,0.9916547934052514,0.9916980293193577,0.9248985420251329,0.9977794890187556,0.9253349241778065,4913.0,0.9425287356321839,0.9277504105090312,0.5684523809523809,0.6203039257070494,0.12693099996574392,870.0,1.4990198612213135,1.418736219406128,2026-04-30T02:53:13.587279+00:00
NR-PPAR-gamma,topological_torsion,XGBoost,random_over,accuracy,"{'colsample_bytree': 0.8, 'learning_rate': 0.1, 'max_depth': 5, 'min_child_weight': 5, 'n_estimators': 200, 'scale_pos_weight': 1, 'subsample': 0.8}",0.42460440835436847,1678,0.9839094159713945,0.9796907887344817,0.7086861750352038,0.7572912437406956,0.42460440835436847,0.9879555927943025,0.9879538452858029,0.987953845285803,0.9987531523303244,0.9983753765468288,9548.0,0.9149425287356322,0.9121296835904762,0.5473974297685666,0.5715755593077247,0.11717896679442885,870.0,4.2417120933532715,4.242411851882935,2026-04-30T02:53:31.536480+00:00
NR-PPAR-gamma,topological_torsion,BernoulliNB,random_under,accuracy,{'alpha': 10.0},0.0406096803890064,1678,0.9785458879618594,0.9679351494176948,0.494578313253012,0.6669627148463932,0.0406096803890064,0.6690647482014388,0.5388637299300124,0.4077192260189378,0.7490036747580354,0.5828528614546744,417.0,0.9471264367816092,0.9214075370815183,0.48642266824085,0.720108695652174,0.1047880693453365,870.0,0.0577819347381591,0.0090727806091308,2026-04-21T14:23:44.721648+00:00
NR-PPAR-gamma,topological_torsion,LogisticRegression,smote,accuracy,"{'C': 0.001, 'l1_ratio': 1.0}",0.0214541120381406,1678,0.9785458879618594,0.9679351494176948,0.494578313253012,0.5,0.0214541120381406,0.5,0.3333333333333333,0.3333333333333333,0.5,0.5,9548.0,0.9471264367816092,0.9214075370815183,0.48642266824085,0.5,0.0528735632183908,870.0,0.1904430389404297,0.1513569355010986,2026-04-21T08:50:46.723167+00:00
NR-PPAR-gamma,topological_torsion,LogisticRegression,smoteenn,accuracy,"{'C': 0.001, 'l1_ratio': 1.0}",0.0214541120381406,1678,0.9785458879618594,0.9679351494176948,0.494578313253012,0.5,0.0214541120381406,0.5025263157894737,0.3361441266048686,0.3344542524870393,0.5,0.4974736842105263,9500.0,0.9471264367816092,0.9214075370815183,0.48642266824085,0.5,0.0528735632183908,870.0,0.1584298610687255,0.1335539817810058,2026-04-21T08:50:49.788305+00:00
NR-PPAR-gamma,topological_torsion,LogisticRegression,smoten,accuracy,"{'C': 0.001, 'l1_ratio': 1.0}",0.0214541120381406,1678,0.9785458879618594,0.9679351494176948,0.494578313253012,0.5,0.0214541120381406,0.5,0.3333333333333333,0.3333333333333333,0.5,0.5,9548.0,0.9471264367816092,0.9214075370815183,0.48642266824085,0.5,0.0528735632183908,870.0,0.1407279968261718,0.1590888500213623,2026-04-21T08:50:50.682504+00:00
NR-PPAR-gamma,topological_torsion,LogisticRegression,smoten_enn,accuracy,"{'C': 0.001, 'l1_ratio': 1.0}",0.0214541120381406,1678,0.9785458879618594,0.9679351494176948,0.494578313253012,0.5,0.0214541120381406,0.5050782903089294,0.3389911089462714,0.3355827358357936,0.5,0.4949217096910707,9452.0,0.9471264367816092,0.9214075370815183,0.48642266824085,0.5,0.0528735632183908,870.0,0.1433000564575195,0.1199431419372558,2026-04-21T08:50:51.423835+00:00
SR-ARE,atom_pair,XGBoost,none,accuracy,"{'colsample_bytree': 0.8, 'learning_rate': 0.05, 'max_depth': 3, 'min_child_weight': 10, 'n_estimators': 100, 'scale_pos_weight': 4, 'subsample': 0.8}",0.16235118212728541,1539,0.9129304743339831,0.8782978295941591,0.5244304030993451,0.6158206154878202,0.16235118212728541,0.8285648889906158,0.8393909808499792,0.7476472114677595,0.8676338682525773,0.6468840849330726,4369.0,0.7458703939008895,0.7663720131087579,0.6426300971755518,0.7690880989180835,0.4175743463013659,787.0,1.4587352275848389,1.406613826751709,2026-04-30T02:56:27.576146+00:00
SR-ARE,atom_pair,XGBoost,random_over,accuracy,"{'colsample_bytree': 0.8, 'learning_rate': 0.05, 'max_depth': 5, 'min_child_weight': 5, 'n_estimators': 100, 'scale_pos_weight': 1, 'subsample': 0.8}",0.18337463077072008,1539,0.9122807017543859,0.879952016794122,0.5357466063348416,0.6403007211437675,0.18337463077072008,0.8904376916643435,0.8904100185644142,0.8904100185644142,0.9531933882296049,0.9552751571465778,7174.0,0.7776365946632783,0.7916752879618827,0.67103770317557,0.7893850739677633,0.4751953521495849,787.0,2.4983110427856445,2.4270904064178467,2026-04-30T02:57:01.515806+00:00
SR-ARE,atom_pair,LogisticRegression,random_under,accuracy,"{'C': 0.001, 'l1_ratio': 1.0}",0.0883690708252111,1539,0.9116309291747888,0.869488914773779,0.4768864717878994,0.5,0.0883690708252111,0.6666666666666666,0.5333333333333333,0.4,0.5,0.3333333333333333,2346.0,0.8221092757306226,0.7418475612241462,0.4511854951185495,0.5,0.1778907242693773,787.0,0.0687010288238525,0.038870096206665,2026-04-21T08:50:58.809891+00:00
SR-ARE,atom_pair,LogisticRegression,smote,accuracy,"{'C': 0.001, 'l1_ratio': 1.0}",0.0883690708252111,1539,0.9116309291747888,0.869488914773779,0.4768864717878994,0.5,0.0883690708252111,0.5,0.3333333333333333,0.3333333333333333,0.5,0.5,7174.0,0.8221092757306226,0.7418475612241462,0.4511854951185495,0.5,0.1778907242693773,787.0,0.1520130634307861,0.1142389774322509,2026-04-21T08:51:01.634488+00:00
SR-ARE,atom_pair,LogisticRegression,smoteenn,accuracy,"{'C': 0.001, 'l1_ratio': 1.0}",0.0883690708252111,1539,0.9116309291747888,0.869488914773779,0.4768864717878994,0.5,0.0883690708252111,0.5194786386676321,0.3551982228175365,0.3418795272588639,0.5,0.4805213613323678,6905.0,0.8221092757306226,0.7418475612241462,0.4511854951185495,0.5,0.1778907242693773,787.0,0.1271891593933105,0.0882380008697509,2026-04-21T08:51:02.758549+00:00
SR-ARE,atom_pair,LogisticRegression,smoten,accuracy,"{'C': 0.001, 'l1_ratio': 1.0}",0.0883690708252111,1539,0.9116309291747888,0.869488914773779,0.4768864717878994,0.5,0.0883690708252111,0.5,0.3333333333333333,0.3333333333333333,0.5,0.5,7174.0,0.8221092757306226,0.7418475612241462,0.4511854951185495,0.5,0.1778907242693773,787.0,0.1557021141052246,0.1192991733551025,2026-04-21T08:51:04.204508+00:00
SR-ARE,atom_pair,LogisticRegression,smoten_enn,accuracy,"{'C': 0.001, 'l1_ratio': 1.0}",0.0883690708252111,1539,0.9116309291747888,0.869488914773779,0.4768864717878994,0.5,0.0883690708252111,0.5250292740046838,0.3615087831566946,0.3442748824263365,0.5,0.4749707259953161,6832.0,0.8221092757306226,0.7418475612241462,0.4511854951185495,0.5,0.1778907242693773,787.0,0.1423029899597168,0.1594340801239013,2026-04-21T08:51:05.264059+00:00
SR-ARE,avalon,BernoulliNB,none,accuracy,{'alpha': 10.0},0.1524554442731099,1539,0.912280701754386,0.8710746181715455,0.4843478929903677,0.6803540732044777,0.1524554442731099,0.661020828564889,0.6945139604474682,0.5553313901798613,0.6548902794048128,0.2477491314350027,4369.0,0.6404066073697586,0.6803392167262586,0.5530069340611923,0.6526661514683153,0.2472224324830994,787.0,0.015841007232666,0.0036678314208984,2026-04-21T14:24:10.965854+00:00
SR-ARE,avalon,BernoulliNB,random_over,accuracy,{'alpha': 0.1},0.1504562787537363,1539,0.912280701754386,0.8710746181715455,0.4843478929903677,0.6799400444425812,0.1504562787537363,0.5954836911067745,0.5925182571614521,0.5925182571614522,0.6560801873444273,0.6050024292168724,7174.0,0.627700127064803,0.6698016135123246,0.54349715416976,0.6527103113270037,0.2466251185296288,787.0,0.0571699142456054,0.0481388568878173,2026-04-21T14:24:11.754650+00:00
SR-ARE,avalon,BernoulliNB,random_under,accuracy,{'alpha': 0.1},0.150344697299147,1539,0.912280701754386,0.8710746181715455,0.4843478929903677,0.6795155339398767,0.150344697299147,0.6308610400682012,0.6356910491570503,0.5963466001207998,0.6653262995401652,0.4401597062266208,2346.0,0.6327827191867853,0.6740284694406437,0.5472915277515152,0.6538363877235592,0.2475062429535667,787.0,0.0164229869842529,0.0125732421875,2026-04-21T14:24:11.870162+00:00
SR-ARE,avalon,LogisticRegression,smote,accuracy,"{'C': 0.001, 'l1_ratio': 1.0}",0.0883690708252111,1539,0.9116309291747888,0.869488914773779,0.4768864717878994,0.5,0.0883690708252111,0.5,0.3333333333333333,0.3333333333333333,0.5,0.5,7174.0,0.8221092757306226,0.7418475612241462,0.4511854951185495,0.5,0.1778907242693773,787.0,0.0533449649810791,0.0450539588928222,2026-04-21T08:51:09.964373+00:00
SR-ARE,avalon,LogisticRegression,smoteenn,accuracy,"{'C': 0.001, 'l1_ratio': 1.0}",0.0883690708252111,1539,0.9116309291747888,0.869488914773779,0.4768864717878994,0.5,0.0883690708252111,0.5382653061224489,0.3766964497241682,0.3499170812603648,0.5,0.461734693877551,6664.0,0.8221092757306226,0.7418475612241462,0.4511854951185495,0.5,0.1778907242693773,787.0,0.0429780483245849,0.0318331718444824,2026-04-21T08:51:11.875746+00:00
SR-ARE,avalon,LogisticRegression,smoten,accuracy,"{'C': 0.001, 'l1_ratio': 1.0}",0.0883690708252111,1539,0.9116309291747888,0.869488914773779,0.4768864717878994,0.5,0.0883690708252111,0.5,0.3333333333333333,0.3333333333333333,0.5,0.5,7174.0,0.8221092757306226,0.7418475612241462,0.4511854951185495,0.5,0.1778907242693773,787.0,0.0513489246368408,0.04168701171875,2026-04-21T08:51:21.772665+00:00
SR-ARE,avalon,LogisticRegression,smoten_enn,accuracy,"{'C': 0.001, 'l1_ratio': 1.0}",0.0883690708252111,1539,0.9116309291747888,0.869488914773779,0.4768864717878994,0.5,0.0883690708252111,0.53125,0.3686224489795918,0.3469387755102041,0.5,0.46875,6752.0,0.8221092757306226,0.7418475612241462,0.4511854951185495,0.5,0.1778907242693773,787.0,0.0383839607238769,0.0328099727630615,2026-04-21T08:51:12.756441+00:00
SR-ARE,erg,KNeighbors,none,accuracy,"{'n_neighbors': 15, 'weights': 'uniform'}",0.1011371231030798,1539,0.912280701754386,0.8710746181715455,0.4843478929903677,0.5362589618883904,0.1011371231030798,0.8349736781872282,0.7999909896305654,0.6094542102102951,0.8148603546338475,0.4428079108919273,4369.0,0.8271918678526048,0.7731852163475539,0.5371389033039267,0.7335725325678958,0.3727388728516655,787.0,0.0863292217254638,0.003260850906372,2026-04-24T03:58:42.862486+00:00
SR-ARE,erg,DecisionTree,random_over,accuracy,"{'ccp_alpha': 0.01, 'criterion': 'gini', 'max_depth': 5, 'min_samples_leaf': 10}",0.0883690708252111,1539,0.9116309291747888,0.869488914773779,0.4768864717878994,0.5,0.0883690708252111,0.6350710900473934,0.6324484373874735,0.6324484373874735,0.6385168804519682,0.5954057179797877,7174.0,0.7420584498094028,0.7627081849833194,0.6365706460293954,0.6715500110399647,0.2761466332711169,787.0,0.096513032913208,0.0831680297851562,2026-04-22T10:10:27.740060+00:00
SR-ARE,erg,XGBoost,random_under,accuracy,"{'colsample_bytree': 0.8, 'learning_rate': 0.05, 'max_depth': 5, 'min_child_weight': 10, 'n_estimators': 200, 'scale_pos_weight': 1, 'subsample': 0.8}",0.09751349748578014,1539,0.9122807017543859,0.8710746181715455,0.48434789299036773,0.5047849146786298,0.09751349748578014,0.8482523444160273,0.8420223166719355,0.8166479328392287,0.9050940764385371,0.855912596919441,2346.0,0.7928843710292249,0.7974333143631819,0.6617677690504629,0.7402351512475159,0.4125487430405594,787.0,0.3051478862762451,0.29416894912719727,2026-04-30T03:02:05.285607+00:00
SR-ARE,erg,DecisionTree,smote,accuracy,"{'ccp_alpha': 0.01, 'criterion': 'gini', 'max_depth': 5, 'min_samples_leaf': 10}",0.0883690708252111,1539,0.9116309291747888,0.869488914773779,0.4768864717878994,0.5,0.0883690708252111,0.6761918037357123,0.67558212252374,0.67558212252374,0.702970038088631,0.6593364715079562,7174.0,0.7420584498094028,0.7627081849833194,0.6365706460293954,0.7028151909913889,0.2952769524890201,787.0,0.1279230117797851,0.1261301040649414,2026-04-22T10:10:31.439601+00:00
SR-ARE,erg,DecisionTree,smoteenn,accuracy,"{'ccp_alpha': 0.0, 'criterion': 'gini', 'max_depth': 5, 'min_samples_leaf': 20}",0.1026891806147783,1539,0.9116309291747888,0.8707409579081512,0.4841171251109139,0.5407372856484005,0.1026891806147783,0.7793103448275862,0.7772841905536729,0.7723188618700703,0.845690533634257,0.7938335664918104,6380.0,0.7763659466327827,0.7763659466327827,0.6177081033340693,0.6541455067343784,0.2974069576081131,787.0,0.1368682384490966,0.1112682819366455,2026-04-22T10:10:32.604370+00:00
SR-ARE,erg,DecisionTree,smoten,accuracy,"{'ccp_alpha': 0.01, 'criterion': 'entropy', 'max_depth': 10, 'min_samples_leaf': 10}",0.0918430113563585,1539,0.9116309291747888,0.869488914773779,0.4768864717878994,0.5196663661900969,0.0918430113563585,0.706718706439922,0.6970129042696138,0.6970129042696138,0.7703079585552295,0.7390634430016065,7174.0,0.8005082592121983,0.7820762988240899,0.5988409279070145,0.6123316405387502,0.2568597293640645,787.0,0.1160860061645507,0.1150689125061035,2026-04-22T10:10:33.107305+00:00
SR-ARE,erg,DecisionTree,smoten_enn,accuracy,"{'ccp_alpha': 0.0, 'criterion': 'gini', 'max_depth': 5, 'min_samples_leaf': 50}",0.0931818737349987,1539,0.9116309291747888,0.869488914773779,0.4768864717878994,0.526987862144145,0.0931818737349987,0.8035987098964522,0.8053573629430067,0.7981022122718507,0.8788076953233901,0.7983153149979743,5891.0,0.770012706480305,0.7640708027564085,0.5868622622849071,0.5775833517332745,0.2690156042698195,787.0,0.0695321559906005,0.0665628910064697,2026-04-22T10:10:36.537350+00:00
SR-ARE,estate,XGBoost,none,accuracy,"{'colsample_bytree': 0.8, 'learning_rate': 0.1, 'max_depth': 3, 'min_child_weight': 10, 'n_estimators': 200, 'scale_pos_weight': 1, 'subsample': 0.8}",0.1800478923578268,1539,0.9135802469135802,0.8753622052955333,0.5057266424706062,0.6806763867343089,0.1800478923578268,0.8539711604486152,0.822153190296768,0.651829895877051,0.8470817109525233,0.6077125301910422,4369.0,0.8386277001270648,0.8073392753810351,0.6250032828955514,0.763976595274895,0.42707860477591725,787.0,0.10282492637634277,0.11068296432495117,2026-04-30T03:02:47.449204+00:00
SR-ARE,estate,DecisionTree,random_over,accuracy,"{'ccp_alpha': 0.01, 'criterion': 'gini', 'max_depth': 5, 'min_samples_leaf': 10}",0.0883690708252111,1539,0.9116309291747888,0.869488914773779,0.4768864717878994,0.5,0.0883690708252111,0.6017563423473655,0.5878668506321721,0.5878668506321721,0.6017563423473654,0.5672398737978186,7174.0,0.7420584498094028,0.7583433340357839,0.6184037356836611,0.6416206668138662,0.2574593789422699,787.0,0.0231051445007324,0.014772891998291,2026-04-22T10:10:42.960876+00:00
SR-ARE,estate,BernoulliNB,random_under,accuracy,{'alpha': 50.0},0.1882608873601709,1539,0.9116309291747888,0.869488914773779,0.4768864717878994,0.7087962768856652,0.1882608873601709,0.6666666666666666,0.5333333333333333,0.4,0.6627785663359084,0.4802096012357395,2346.0,0.820838627700127,0.741217853624539,0.4508025122121423,0.6163060278207109,0.226528860082247,787.0,0.0049939155578613,0.0006778240203857,2026-04-21T14:24:39.321212+00:00
SR-ARE,estate,RandomForest,smote,accuracy,"{'max_depth': 10, 'max_features': 'sqrt', 'min_samples_leaf': 20, 'n_estimators': 200}",0.1991196948728894,1539,0.9129304743339832,0.8726418261742078,0.4917036379769299,0.7153316422791498,0.1991196948728894,0.8773348201839978,0.8773268018723853,0.8773268018723852,0.948899858229494,0.9562701044780908,7174.0,0.7890724269377383,0.7949311601330358,0.6599139905868633,0.7744976816074189,0.4800512900250997,787.0,0.4125866889953613,0.3685052394866943,2026-04-21T18:47:23.984493+00:00
SR-ARE,estate,XGBoost,smoteenn,accuracy,"{'colsample_bytree': 0.8, 'learning_rate': 0.05, 'max_depth': 5, 'min_child_weight': 5, 'n_estimators': 200, 'scale_pos_weight': 1, 'subsample': 0.8}",0.1633715588487573,1539,0.9135802469135802,0.8764998813834702,0.5123074540451031,0.6623726468491886,0.1633715588487573,0.9368990384615384,0.9365730005481507,0.935974108210793,0.9826480040019974,0.983484012949082,6656.0,0.8360864040660737,0.8085901779491522,0.6321270559076432,0.781248620004416,0.45745746209712895,787.0,0.260836124420166,0.2532651424407959,2026-04-30T03:03:08.443057+00:00
SR-ARE,estate,LogisticRegression,smoten,accuracy,"{'C': 0.001, 'l1_ratio': 1.0}",0.0883690708252111,1539,0.9116309291747888,0.869488914773779,0.4768864717878994,0.5,0.0883690708252111,0.5,0.3333333333333333,0.3333333333333333,0.5,0.5,7174.0,0.8221092757306226,0.7418475612241462,0.4511854951185495,0.5,0.1778907242693773,787.0,0.0108380317687988,0.0054478645324707,2026-04-21T08:51:27.522197+00:00
SR-ARE,estate,LogisticRegression,smoten_enn,accuracy,"{'C': 0.001, 'l1_ratio': 1.0}",0.0883690708252111,1539,0.9116309291747888,0.869488914773779,0.4768864717878994,0.5,0.0883690708252111,0.5550913030021665,0.3962807252201754,0.3569509403920788,0.5,0.4449086969978335,6462.0,0.8221092757306226,0.7418475612241462,0.4511854951185495,0.5,0.1778907242693773,787.0,0.0102627277374267,0.004594087600708,2026-04-21T08:51:27.934531+00:00
SR-ARE,fcfp,RandomForest,none,accuracy,"{'max_depth': 10, 'max_features': 'sqrt', 'min_samples_leaf': 5, 'n_estimators': 100}",0.1867079100397833,1539,0.9129304743339832,0.8761321744615015,0.5118865030674847,0.6815673347029474,0.1867079100397833,0.797894254978256,0.8116517828083611,0.7065022853602816,0.8388349303430904,0.5554479299716528,4369.0,0.7674714104193139,0.7752189957563606,0.6297365599829292,0.7310057407816295,0.3882162265257727,787.0,0.3383209705352783,0.4092428684234619,2026-04-21T18:47:39.564739+00:00
SR-ARE,fcfp,RandomForest,random_over,accuracy,"{'max_depth': 15, 'max_features': 'log2', 'min_samples_leaf': 20, 'n_estimators': 100}",0.1516997960474831,1539,0.912280701754386,0.8722990769827503,0.4914214936319063,0.6384978617248752,0.1516997960474831,0.7256760524114859,0.7248795727287183,0.7248795727287183,0.8224968132530124,0.8067134008850564,7174.0,0.7662007623888183,0.7779611526816949,0.6424493827160493,0.7459759328770149,0.3918720219959373,787.0,0.5692262649536133,0.4272899627685547,2026-04-21T18:47:42.268909+00:00
SR-ARE,fcfp,XGBoost,random_under,accuracy,"{'colsample_bytree': 0.8, 'learning_rate': 0.05, 'max_depth': 5, 'min_child_weight': 10, 'n_estimators': 100, 'scale_pos_weight': 1, 'subsample': 0.8}",0.17002965652589494,1539,0.9122807017543859,0.8710746181715455,0.48434789299036773,0.705180076307073,0.17002965652589494,0.7523444160272805,0.7230421227083814,0.6667414018843544,0.822100195576952,0.7059672560429519,2346.0,0.8081321473951716,0.7938117982474032,0.6249648908539491,0.7218591300507838,0.37360304546058437,787.0,0.7590348720550537,0.7013030052185059,2026-04-30T03:03:17.947279+00:00
SR-ARE,fcfp,LogisticRegression,smote,accuracy,"{'C': 0.001, 'l1_ratio': 1.0}",0.0883690708252111,1539,0.9116309291747888,0.869488914773779,0.4768864717878994,0.5,0.0883690708252111,0.5,0.3333333333333333,0.3333333333333333,0.5,0.5,7174.0,0.8221092757306226,0.7418475612241462,0.4511854951185495,0.5,0.1778907242693773,787.0,0.1233551502227783,0.0995941162109375,2026-04-21T08:51:32.160647+00:00
SR-ARE,fcfp,LogisticRegression,smoteenn,accuracy,"{'C': 0.001, 'l1_ratio': 1.0}",0.0883690708252111,1539,0.9116309291747888,0.869488914773779,0.4768864717878994,0.5,0.0883690708252111,0.5335415737022162,0.371253855454869,0.3479146459747818,0.5,0.4664584262977837,6723.0,0.8221092757306226,0.7418475612241462,0.4511854951185495,0.5,0.1778907242693773,787.0,0.1436731815338134,0.0906069278717041,2026-04-21T08:51:33.140956+00:00
SR-ARE,fcfp,LogisticRegression,smoten,accuracy,"{'C': 0.001, 'l1_ratio': 1.0}",0.0883690708252111,1539,0.9116309291747888,0.869488914773779,0.4768864717878994,0.5,0.0883690708252111,0.5,0.3333333333333333,0.3333333333333333,0.5,0.5,7174.0,0.8221092757306226,0.7418475612241462,0.4511854951185495,0.5,0.1778907242693773,787.0,0.1335299015045166,0.1003189086914062,2026-04-21T08:51:33.950015+00:00
SR-ARE,fcfp,LogisticRegression,smoten_enn,accuracy,"{'C': 0.001, 'l1_ratio': 1.0}",0.0883690708252111,1539,0.9116309291747888,0.869488914773779,0.4768864717878994,0.5,0.0883690708252111,0.5376199040767387,0.3759513784819693,0.349644214835754,0.5,0.4623800959232614,6672.0,0.8221092757306226,0.7418475612241462,0.4511854951185495,0.5,0.1778907242693773,787.0,0.1155810356140136,0.0780391693115234,2026-04-21T08:51:35.644139+00:00
SR-ARE,klekota_roth,BernoulliNB,none,accuracy,{'alpha': 10.0},0.0960809221209929,1539,0.9116309291747888,0.869488914773779,0.4768864717878994,0.5300590122007464,0.0960809221209929,0.8212405584802014,0.7408641933350261,0.4521885157009455,0.7479422709314754,0.3856323595833944,4369.0,0.8221092757306226,0.7418475612241462,0.4511854951185495,0.6974828880547582,0.2832440707633741,787.0,0.1019747257232666,0.021144151687622,2026-04-21T14:24:55.411102+00:00
SR-ARE,klekota_roth,DecisionTree,random_over,accuracy,"{'ccp_alpha': 0.01, 'criterion': 'gini', 'max_depth': 5, 'min_samples_leaf': 10}",0.0883690708252111,1539,0.9116309291747888,0.869488914773779,0.4768864717878994,0.5,0.0883690708252111,0.5,0.3333333333333333,0.3333333333333333,0.5,0.5,7174.0,0.8221092757306226,0.7418475612241462,0.4511854951185495,0.5,0.1778907242693773,787.0,1.2850918769836426,1.0167479515075684,2026-04-22T10:12:18.964532+00:00
SR-ARE,klekota_roth,BernoulliNB,random_under,accuracy,{'alpha': 10.0},0.0994835390373076,1539,0.9116309291747888,0.869488914773779,0.4768864717878994,0.5456872877447486,0.0994835390373076,0.6670929241261722,0.534321196753603,0.4013794671692891,0.7702718944800204,0.6384438349933412,2346.0,0.8221092757306226,0.7418475612241462,0.4511854951185495,0.7254139986752043,0.3145800420206143,787.0,0.1893908977508545,0.057690143585205,2026-04-21T14:25:04.210190+00:00
SR-ARE,klekota_roth,LogisticRegression,smote,accuracy,"{'C': 0.001, 'l1_ratio': 1.0}",0.0883690708252111,1539,0.9116309291747888,0.869488914773779,0.4768864717878994,0.5,0.0883690708252111,0.5,0.3333333333333333,0.3333333333333333,0.5,0.5,7174.0,0.8221092757306226,0.7418475612241462,0.4511854951185495,0.5,0.1778907242693773,787.0,0.3826098442077636,0.3613710403442383,2026-04-21T08:52:01.647422+00:00
SR-ARE,klekota_roth,LogisticRegression,smoteenn,accuracy,"{'C': 0.001, 'l1_ratio': 1.0}",0.0883690708252111,1539,0.9116309291747888,0.869488914773779,0.4768864717878994,0.5,0.0883690708252111,0.5359330643956373,0.3740062066122861,0.3489299610894941,0.5,0.4640669356043627,6693.0,0.8221092757306226,0.7418475612241462,0.4511854951185495,0.5,0.1778907242693773,787.0,0.3103129863739013,0.3570611476898193,2026-04-21T08:52:03.980037+00:00
SR-ARE,klekota_roth,LogisticRegression,smoten,accuracy,"{'C': 0.001, 'l1_ratio': 1.0}",0.0883690708252111,1539,0.9116309291747888,0.869488914773779,0.4768864717878994,0.5,0.0883690708252111,0.5,0.3333333333333333,0.3333333333333333,0.5,0.5,7174.0,0.8221092757306226,0.7418475612241462,0.4511854951185495,0.5,0.1778907242693773,787.0,0.2933969497680664,0.2022650241851806,2026-04-21T08:52:06.602920+00:00
SR-ARE,klekota_roth,LogisticRegression,smoten_enn,accuracy,"{'C': 0.001, 'l1_ratio': 1.0}",0.0883690708252111,1539,0.9116309291747888,0.869488914773779,0.4768864717878994,0.5,0.0883690708252111,0.5350536992840096,0.3729934154759969,0.348556991546011,0.5,0.4649463007159904,6704.0,0.8221092757306226,0.7418475612241462,0.4511854951185495,0.5,0.1778907242693773,787.0,0.3570079803466797,0.2559010982513428,2026-04-21T08:52:12.143308+00:00
SR-ARE,maccs,XGBoost,none,accuracy,"{'colsample_bytree': 0.8, 'learning_rate': 0.1, 'max_depth': 7, 'min_child_weight': 10, 'n_estimators': 200, 'scale_pos_weight': 1, 'subsample': 0.8}",0.15937035430347168,1539,0.9129304743339831,0.8738393648190264,0.4986239424292521,0.6620293698377426,0.15937035430347168,0.9258411535820554,0.9210912133861163,0.8582441273030538,0.9676545810139913,0.8884383045586538,4369.0,0.8284625158831004,0.8027957570596619,0.6245348430393436,0.759963568116582,0.43589523130813984,787.0,0.32530713081359863,0.31288814544677734,2026-04-30T03:11:44.022128+00:00
SR-ARE,maccs,RandomForest,random_over,accuracy,"{'max_depth': 15, 'max_features': 'log2', 'min_samples_leaf': 5, 'n_estimators': 100}",0.1796053691275211,1539,0.9135802469135802,0.8741909425089318,0.4989559900225447,0.6860089723701313,0.1796053691275211,0.9240312238639532,0.9240241955566212,0.9240241955566212,0.9751213785120184,0.9724535366375728,7174.0,0.7941550190597204,0.797421317402382,0.6594202124249353,0.7579763744756017,0.4296815032771515,787.0,0.2544350624084472,0.1549201011657714,2026-04-21T18:50:45.826436+00:00
SR-ARE,maccs,XGBoost,random_under,accuracy,"{'colsample_bytree': 0.8, 'learning_rate': 0.1, 'max_depth': 7, 'min_child_weight': 10, 'n_estimators': 100, 'scale_pos_weight': 1, 'subsample': 0.8}",0.15938929793031315,1539,0.9129304743339831,0.8726418261742078,0.4917036379769299,0.6742274957024863,0.15938929793031315,0.8759590792838875,0.8730682525696377,0.8543853890114278,0.9417933719690479,0.9010554721692535,2346.0,0.8005082592121983,0.8002277709700752,0.6580202322137806,0.7574850960476927,0.4231762400690317,787.0,0.10378408432006836,0.09840726852416992,2026-04-30T03:12:12.500715+00:00
SR-ARE,maccs,LogisticRegression,smote,accuracy,"{'C': 0.001, 'l1_ratio': 1.0}",0.0883690708252111,1539,0.9116309291747888,0.869488914773779,0.4768864717878994,0.5,0.0883690708252111,0.5,0.3333333333333333,0.3333333333333333,0.5,0.5,7174.0,0.8221092757306226,0.7418475612241462,0.4511854951185495,0.5,0.1778907242693773,787.0,0.0211009979248046,0.0153748989105224,2026-04-21T08:52:19.649158+00:00
SR-ARE,maccs,LogisticRegression,smoteenn,accuracy,"{'C': 0.001, 'l1_ratio': 1.0}",0.0883690708252111,1539,0.9116309291747888,0.869488914773779,0.4768864717878994,0.5,0.0883690708252111,0.5407809437660184,0.3796049403696102,0.3509784735812133,0.5,0.4592190562339816,6633.0,0.8221092757306226,0.7418475612241462,0.4511854951185495,0.5,0.1778907242693773,787.0,0.0238690376281738,0.022933006286621,2026-04-21T08:52:21.174266+00:00
SR-ARE,maccs,RandomForest,smoten,accuracy,"{'max_depth': 10, 'max_features': 'sqrt', 'min_samples_leaf': 5, 'n_estimators': 200}",0.1320313228403649,1539,0.912280701754386,0.8734879527435863,0.4982939604024949,0.5982689405056392,0.1320313228403649,0.8890437691664344,0.8890343772638097,0.8890343772638098,0.9537234440665574,0.949161587254042,7174.0,0.8157560355781448,0.8103829051656998,0.667005162054667,0.7637613159637889,0.4515321064479279,787.0,0.4014821052551269,0.3233850002288818,2026-04-21T18:51:14.913231+00:00
SR-ARE,maccs,RandomForest,smoten_enn,accuracy,"{'max_depth': 10, 'max_features': 'log2', 'min_samples_leaf': 5, 'n_estimators': 200}",0.1266314507394711,1539,0.912280701754386,0.8710746181715455,0.4843478929903677,0.5739617835730159,0.1266314507394711,0.9041381363501042,0.9042464704345856,0.9040564691171876,0.9644826677691016,0.9521683026552562,6718.0,0.806861499364676,0.7974613143337543,0.6385981873111782,0.7274177522631927,0.4156093250723364,787.0,0.471588134765625,0.3601672649383545,2026-04-21T18:51:24.556115+00:00
SR-ARE,map4,RandomForest,none,accuracy,"{'max_depth': 10, 'max_features': 'sqrt', 'min_samples_leaf': 10, 'n_estimators': 100}",0.1615239727021624,1539,0.912280701754386,0.8710746181715455,0.4843478929903677,0.6164102134082428,0.1615239727021624,0.956969558251316,0.9562177578503032,0.9242662408072642,0.9629236223161644,0.9067142142793908,4369.0,0.820838627700127,0.7980406749574835,0.6202166435648647,0.7033230293663061,0.3822047757608985,787.0,0.2876102924346924,0.217303991317749,2026-04-21T18:51:32.655253+00:00
SR-ARE,map4,RandomForest,random_over,accuracy,"{'max_depth': 10, 'max_features': 'sqrt', 'min_samples_leaf': 5, 'n_estimators': 100}",0.1578098710889379,1539,0.912280701754386,0.8710746181715455,0.4843478929903677,0.6151366819001299,0.1578098710889379,0.9414552550878172,0.9412974138895088,0.9412974138895088,0.9905676097489547,0.9922547275004658,7174.0,0.8170266836086404,0.7742055079390224,0.5526714664645699,0.7005851181276219,0.3459908565215681,787.0,0.5467510223388672,0.9727997779846193,2026-04-21T18:51:43.696992+00:00
SR-ARE,map4,LogisticRegression,random_under,accuracy,"{'C': 0.001, 'l1_ratio': 1.0}",0.0883690708252111,1539,0.9116309291747888,0.869488914773779,0.4768864717878994,0.5,0.0883690708252111,0.6666666666666666,0.5333333333333333,0.4,0.5,0.3333333333333333,2346.0,0.8221092757306226,0.7418475612241462,0.4511854951185495,0.5,0.1778907242693773,787.0,0.0459368228912353,0.028379201889038,2026-04-21T08:52:35.590771+00:00
SR-ARE,map4,LogisticRegression,smote,accuracy,"{'C': 0.001, 'l1_ratio': 1.0}",0.0883690708252111,1539,0.9116309291747888,0.869488914773779,0.4768864717878994,0.5,0.0883690708252111,0.5,0.3333333333333333,0.3333333333333333,0.5,0.5,7174.0,0.8221092757306226,0.7418475612241462,0.4511854951185495,0.5,0.1778907242693773,787.0,0.1231529712677002,0.0759851932525634,2026-04-21T08:52:37.771886+00:00
SR-ARE,map4,LogisticRegression,smoteenn,accuracy,"{'C': 0.001, 'l1_ratio': 1.0}",0.0883690708252111,1539,0.9116309291747888,0.869488914773779,0.4768864717878994,0.5,0.0883690708252111,0.523191365227538,0.359415383907149,0.3434836732739634,0.5,0.4768086347724621,6856.0,0.8221092757306226,0.7418475612241462,0.4511854951185495,0.5,0.1778907242693773,787.0,0.091599702835083,0.0675687789916992,2026-04-21T08:52:39.013801+00:00
SR-ARE,map4,LogisticRegression,smoten,accuracy,"{'C': 0.001, 'l1_ratio': 1.0}",0.0883690708252111,1539,0.9116309291747888,0.869488914773779,0.4768864717878994,0.5,0.0883690708252111,0.5,0.3333333333333333,0.3333333333333333,0.5,0.5,7174.0,0.8221092757306226,0.7418475612241462,0.4511854951185495,0.5,0.1778907242693773,787.0,0.0859599113464355,0.0715572834014892,2026-04-21T08:52:41.314889+00:00
SR-ARE,map4,LogisticRegression,smoten_enn,accuracy,"{'C': 0.001, 'l1_ratio': 1.0}",0.0883690708252111,1539,0.9116309291747888,0.869488914773779,0.4768864717878994,0.5,0.0883690708252111,0.5222011937691076,0.3582891511189344,0.3430566182096404,0.5,0.4777988062308924,6869.0,0.8221092757306226,0.7418475612241462,0.4511854951185495,0.5,0.1778907242693773,787.0,0.0859420299530029,0.0738146305084228,2026-04-21T08:52:43.100680+00:00
SR-ARE,mhfp,BalancedRandomForest,none,accuracy,"{'max_depth': 10, 'max_features': 'sqrt', 'min_samples_leaf': 5, 'n_estimators': 100}",0.1472321604104605,1539,0.912280701754386,0.8768555887940839,0.5177866438284628,0.5944981342501363,0.1472321604104605,0.9929045548180362,0.9929547404156212,0.9881005817526556,0.999109992962652,0.9871985758101354,4369.0,0.8170266836086404,0.7783293243024515,0.5650732246476927,0.670501214396114,0.32058422503799,787.0,2.5960500240325928,2.299015998840332,2026-04-21T23:47:33.458377+00:00
SR-ARE,mhfp,RandomForest,random_over,accuracy,"{'max_depth': 10, 'max_features': 'log2', 'min_samples_leaf': 20, 'n_estimators': 200}",0.1065512184043264,1539,0.912280701754386,0.8710746181715455,0.4843478929903677,0.556383904238816,0.1065512184043264,0.9806244772790632,0.9806194971800604,0.9806194971800604,0.998254468615526,0.9958950550402008,7174.0,0.8170266836086404,0.7460902588409978,0.469438202247191,0.6803930227423272,0.3168292908077432,787.0,0.7984588146209717,1.031507968902588,2026-04-21T18:53:08.143094+00:00
SR-ARE,mhfp,RandomForest,random_under,accuracy,"{'max_depth': 10, 'max_features': 'log2', 'min_samples_leaf': 5, 'n_estimators': 100}",0.1501597745550534,1539,0.9135802469135802,0.8753622052955333,0.5057266424706062,0.5712417718334661,0.1501597745550534,0.9970161977834612,0.9970157200702487,0.9966421483380352,0.9990008568756092,0.9923250477356532,2346.0,0.8157560355781448,0.7535281965289284,0.4927884081160966,0.670699933760212,0.2883078699049575,787.0,0.3205509185791015,0.2287249565124511,2026-04-21T18:53:30.308937+00:00
SR-ARE,mhfp,LogisticRegression,smote,accuracy,"{'C': 0.001, 'l1_ratio': 1.0}",0.0883690708252111,1539,0.9116309291747888,0.869488914773779,0.4768864717878994,0.5,0.0883690708252111,0.5,0.3333333333333333,0.3333333333333333,0.5,0.5,7174.0,0.8221092757306226,0.7418475612241462,0.4511854951185495,0.5,0.1778907242693773,787.0,0.3308277130126953,0.2582190036773681,2026-04-21T08:53:12.455053+00:00
SR-ARE,mhfp,LogisticRegression,smoteenn,accuracy,"{'C': 0.001, 'l1_ratio': 1.0}",0.0883690708252111,1539,0.9116309291747888,0.869488914773779,0.4768864717878994,0.5,0.0883690708252111,0.506638418079096,0.3407353530795383,0.3362707415393269,0.5,0.4933615819209039,7080.0,0.8221092757306226,0.7418475612241462,0.4511854951185495,0.5,0.1778907242693773,787.0,0.3349871635437011,0.2413311004638672,2026-04-21T08:53:13.942376+00:00
SR-ARE,mhfp,LogisticRegression,smoten,accuracy,"{'C': 0.001, 'l1_ratio': 0.0}",0.0968650861887571,1539,0.9116309291747888,0.869488914773779,0.4768864717878994,0.4999187665087417,0.0968650861887571,0.9139949818790076,0.913769313230078,0.913769313230078,0.9651119502021092,0.9733311891136592,7174.0,0.8170266836086404,0.775613017127318,0.5568970910228339,0.67382424376242,0.3089823559484931,787.0,1.1206159591674805,1.12561297416687,2026-04-21T08:53:21.742995+00:00
SR-ARE,mhfp,LogisticRegression,smoten_enn,accuracy,"{'C': 0.001, 'l1_ratio': 0.0}",0.0941342193837158,1539,0.9116309291747888,0.869488914773779,0.4768864717878994,0.4957208293153327,0.0941342193837158,0.9248056537102474,0.924612369315002,0.9245510386895874,0.9717815816160804,0.9777159849586666,7075.0,0.820838627700127,0.7753144858885737,0.55122963250549,0.668944579377346,0.3066063815513906,787.0,1.0973901748657229,0.9546113014221193,2026-04-21T08:53:25.414272+00:00
SR-ARE,morgan_2048,BalancedRandomForest,none,accuracy,"{'max_depth': 5, 'max_features': 'sqrt', 'min_samples_leaf': 5, 'n_estimators': 100}",0.1313519993163952,1539,0.9116309291747888,0.869488914773779,0.4768864717878994,0.5963219571506436,0.1313519993163952,0.7692835889219501,0.7873384745500345,0.6747963541349755,0.801793311596223,0.5062420651243104,4369.0,0.7331639135959339,0.752217405386551,0.6142156862745098,0.714545153455509,0.3460764509739573,787.0,2.636409044265747,2.1186041831970215,2026-04-21T23:49:33.695458+00:00
SR-ARE,morgan_2048,LogisticRegression,random_over,accuracy,"{'C': 0.001, 'l1_ratio': 1.0}",0.0883690708252111,1539,0.9116309291747888,0.869488914773779,0.4768864717878994,0.5,0.0883690708252111,0.5,0.3333333333333333,0.3333333333333333,0.5,0.5,7174.0,0.8221092757306226,0.7418475612241462,0.4511854951185495,0.5,0.1778907242693773,787.0,0.1775670051574707,0.0794579982757568,2026-04-21T08:53:49.860884+00:00
SR-ARE,morgan_2048,BernoulliNB,random_under,accuracy,{'alpha': 10.0},0.1457709764858384,1539,0.9116309291747888,0.869488914773779,0.4768864717878994,0.6235718628149763,0.1457709764858384,0.7139812446717817,0.6460902040395068,0.5589132027678501,0.8061147232160961,0.6612759678021863,2346.0,0.7979669631512071,0.7545020793132672,0.517548357745143,0.6850187679399427,0.2854509976697387,787.0,0.0951800346374511,0.0569179058074951,2026-04-21T14:27:02.420813+00:00
SR-ARE,morgan_2048,LogisticRegression,smote,accuracy,"{'C': 0.001, 'l1_ratio': 1.0}",0.0883690708252111,1539,0.9116309291747888,0.869488914773779,0.4768864717878994,0.5,0.0883690708252111,0.5,0.3333333333333333,0.3333333333333333,0.5,0.5,7174.0,0.8221092757306226,0.7418475612241462,0.4511854951185495,0.5,0.1778907242693773,787.0,0.1189701557159423,0.0888299942016601,2026-04-21T08:53:54.022651+00:00
SR-ARE,morgan_2048,LogisticRegression,smoteenn,accuracy,"{'C': 0.001, 'l1_ratio': 1.0}",0.0883690708252111,1539,0.9116309291747888,0.869488914773779,0.4768864717878994,0.5,0.0883690708252111,0.5241852988455356,0.3605470118809082,0.3439117929050815,0.5,0.4758147011544644,6843.0,0.8221092757306226,0.7418475612241462,0.4511854951185495,0.5,0.1778907242693773,787.0,0.1121788024902343,0.0771882534027099,2026-04-21T08:53:54.404295+00:00
SR-ARE,morgan_2048,LogisticRegression,smoten,accuracy,"{'C': 0.001, 'l1_ratio': 1.0}",0.0883690708252111,1539,0.9116309291747888,0.869488914773779,0.4768864717878994,0.5,0.0883690708252111,0.5,0.3333333333333333,0.3333333333333333,0.5,0.5,7174.0,0.8221092757306226,0.7418475612241462,0.4511854951185495,0.5,0.1778907242693773,787.0,0.1222231388092041,0.0917661190032959,2026-04-21T08:53:57.012665+00:00
SR-ARE,morgan_2048,LogisticRegression,smoten_enn,accuracy,"{'C': 0.001, 'l1_ratio': 1.0}",0.0883690708252111,1539,0.9116309291747888,0.869488914773779,0.4768864717878994,0.5,0.0883690708252111,0.5303859234067722,0.3676317501951868,0.3465700483091787,0.5,0.4696140765932278,6763.0,0.8221092757306226,0.7418475612241462,0.4511854951185495,0.5,0.1778907242693773,787.0,0.1094679832458496,0.0801329612731933,2026-04-21T08:54:03.022504+00:00
SR-ARE,morgan_4096,BernoulliNB,none,accuracy,{'alpha': 50.0},0.1107155417716647,1539,0.9116309291747888,0.869488914773779,0.4768864717878994,0.55996079828938,0.1107155417716647,0.8203250171663996,0.7399738052498116,0.4506475543819942,0.6577959482844058,0.2768806611749875,4369.0,0.8221092757306226,0.7418475612241462,0.4511854951185495,0.6190439390593951,0.2308055395530328,787.0,0.0759291648864746,0.021224021911621,2026-04-21T14:27:32.276346+00:00
SR-ARE,morgan_4096,DecisionTree,random_over,accuracy,"{'ccp_alpha': 0.0, 'criterion': 'gini', 'max_depth': 5, 'min_samples_leaf': 50}",0.0993244276268012,1539,0.9116309291747888,0.8719563702640866,0.4911407176893902,0.5045412142048551,0.0993244276268012,0.645107332032339,0.6239406514445948,0.6239406514445947,0.6728363637578907,0.6802787107185151,7174.0,0.7649301143583227,0.7556348090050864,0.5671260164414516,0.5869286818282181,0.2336136344768586,787.0,1.5240461826324463,1.470249891281128,2026-04-22T10:20:34.209300+00:00
SR-ARE,morgan_4096,BernoulliNB,random_under,accuracy,{'alpha': 10.0},0.1149683766956937,1539,0.9116309291747888,0.869488914773779,0.4768864717878994,0.5771063058152699,0.1149683766956937,0.7105711849957375,0.6383488168641515,0.5479841898579113,0.7888713280263734,0.6470447815341498,2346.0,0.795425667090216,0.7498957073715362,0.5069095012939505,0.6604879664385074,0.2605014146392155,787.0,0.23702073097229,0.1548638343811035,2026-04-21T14:27:42.338488+00:00
SR-ARE,morgan_4096,LogisticRegression,smote,accuracy,"{'C': 0.001, 'l1_ratio': 1.0}",0.0883690708252111,1539,0.9116309291747888,0.869488914773779,0.4768864717878994,0.5,0.0883690708252111,0.5,0.3333333333333333,0.3333333333333333,0.5,0.5,7174.0,0.8221092757306226,0.7418475612241462,0.4511854951185495,0.5,0.1778907242693773,787.0,0.2962648868560791,0.2004368305206298,2026-04-21T08:54:23.413861+00:00
SR-ARE,morgan_4096,LogisticRegression,smoteenn,accuracy,"{'C': 0.001, 'l1_ratio': 1.0}",0.0883690708252111,1539,0.9116309291747888,0.869488914773779,0.4768864717878994,0.5,0.0883690708252111,0.5168587896253602,0.3522318758214433,0.3407428517146385,0.5,0.4831412103746397,6940.0,0.8221092757306226,0.7418475612241462,0.4511854951185495,0.5,0.1778907242693773,787.0,0.2331249713897705,0.1734237670898437,2026-04-21T08:54:24.804888+00:00
SR-ARE,morgan_4096,LogisticRegression,smoten,accuracy,"{'C': 0.001, 'l1_ratio': 1.0}",0.0883690708252111,1539,0.9116309291747888,0.869488914773779,0.4768864717878994,0.5,0.0883690708252111,0.5,0.3333333333333333,0.3333333333333333,0.5,0.5,7174.0,0.8221092757306226,0.7418475612241462,0.4511854951185495,0.5,0.1778907242693773,787.0,0.2439990043640136,0.1863710880279541,2026-04-21T08:54:29.682042+00:00
SR-ARE,morgan_4096,LogisticRegression,smoten_enn,accuracy,"{'C': 0.001, 'l1_ratio': 1.0}",0.0883690708252111,1539,0.9116309291747888,0.869488914773779,0.4768864717878994,0.5,0.0883690708252111,0.522581585081585,0.3587216813104288,0.3432207444263707,0.5,0.4774184149184149,6864.0,0.8221092757306226,0.7418475612241462,0.4511854951185495,0.5,0.1778907242693773,787.0,0.2642159461975097,0.3215091228485107,2026-04-21T08:54:41.484463+00:00
SR-ARE,pubchem,XGBoost,none,accuracy,"{'colsample_bytree': 0.8, 'learning_rate': 0.1, 'max_depth': 3, 'min_child_weight': 5, 'n_estimators': 200, 'scale_pos_weight': 1, 'subsample': 0.8}",0.16004757660557853,1539,0.9122807017543859,0.8734879527435863,0.4982939604024949,0.6643982432602407,0.16004757660557853,0.8818951705195697,0.8632271866061737,0.7397279062357129,0.8990112062812787,0.73689680699387,4369.0,0.8157560355781448,0.781278594512684,0.5756307989810527,0.7601788474276883,0.37401020578925287,787.0,0.8745620250701904,0.9167509078979492,2026-04-30T03:28:40.042394+00:00
SR-ARE,pubchem,BernoulliNB,random_over,accuracy,{'alpha': 0.1},0.1225857607034291,1539,0.9116309291747888,0.869488914773779,0.4768864717878994,0.6028180160161,0.1225857607034291,0.6572344577641483,0.6567373745827322,0.6567373745827321,0.6933121798048882,0.6788453242545173,7174.0,0.639135959339263,0.6810956035515607,0.5702959180534621,0.700298079046147,0.3125785072197526,787.0,0.0523431301116943,0.0539441108703613,2026-04-21T14:27:59.486860+00:00
SR-ARE,pubchem,BernoulliNB,random_under,accuracy,{'alpha': 0.1},0.1286358428145949,1539,0.9116309291747888,0.869488914773779,0.4768864717878994,0.6284406314200662,0.1286358428145949,0.6628303495311167,0.6713014443797582,0.6440405547845419,0.7033293051458324,0.5282031518953976,2346.0,0.6454891994917408,0.6860538094047569,0.5698602657556091,0.6917421064252595,0.306072642334359,787.0,0.0264201164245605,0.0169610977172851,2026-04-21T14:28:00.623538+00:00
SR-ARE,pubchem,BernoulliNB,smote,accuracy,{'alpha': 0.1},0.1208289380676869,1539,0.9116309291747888,0.869488914773779,0.4768864717878994,0.5649841725713807,0.1208289380676869,0.6839977697240034,0.6834912144769374,0.6834912144769374,0.7497564035913538,0.7407155059501489,7174.0,0.6937738246505718,0.7255413424542337,0.6044426091726052,0.7138937955398543,0.3441431732977914,787.0,0.0620279312133789,0.0434057712554931,2026-04-21T14:28:01.457833+00:00
SR-ARE,pubchem,BernoulliNB,smoteenn,accuracy,{'alpha': 0.1},0.11729460166292,1539,0.9116309291747888,0.869488914773779,0.4768864717878994,0.5576469540061213,0.11729460166292,0.716841455891425,0.7175808115602088,0.7164266137967228,0.7741175777716852,0.7194336350136054,6484.0,0.7064803049555273,0.7341038152229431,0.6056164784745046,0.7125248399205123,0.3386703238700142,787.0,0.0454866886138916,0.0661642551422119,2026-04-21T14:28:02.745005+00:00
SR-ARE,pubchem,BernoulliNB,smoten,accuracy,{'alpha': 0.1},0.104787066455538,1539,0.9116309291747888,0.869488914773779,0.4768864717878994,0.5316915433315166,0.104787066455538,0.7201003624198494,0.7198782735528416,0.7198782735528417,0.7911003314092513,0.791477737028776,7174.0,0.7141041931385006,0.7366328033504996,0.595620391282802,0.6962960918525061,0.3402479769624846,787.0,0.0486259460449218,0.0599277019500732,2026-04-21T14:28:05.448419+00:00
SR-ARE,pubchem,BernoulliNB,smoten_enn,accuracy,{'alpha': 10.0},0.1045217440338212,1539,0.9116309291747888,0.8707409579081512,0.4841171251109139,0.5226169762274119,0.1045217440338212,0.7387062884586523,0.7390174749834002,0.7385841880238738,0.8177331684311537,0.7881933501075098,6663.0,0.7255400254129606,0.744341290735423,0.5999133889401442,0.6852009273570324,0.3325690469995296,787.0,0.060945987701416,0.0575349330902099,2026-04-21T14:28:20.933724+00:00
SR-ARE,rdkit,BalancedRandomForest,none,accuracy,"{'max_depth': 5, 'max_features': 'sqrt', 'min_samples_leaf': 5, 'n_estimators': 100}",0.1967383053888833,1539,0.9129304743339832,0.8726418261742078,0.4917036379769299,0.6657294243427948,0.1967383053888833,0.8079652094300755,0.8242471556346287,0.7348716975059174,0.8715445160379518,0.6955159180386645,4369.0,0.7179161372299873,0.7448494526262055,0.6229281052522532,0.7232998454404946,0.3353931851280722,787.0,2.0622329711914062,1.8141260147094729,2026-04-21T23:57:00.580546+00:00
SR-ARE,rdkit,RandomForest,random_over,accuracy,"{'max_depth': 5, 'max_features': 'log2', 'min_samples_leaf': 20, 'n_estimators': 100}",0.1727853669753072,1539,0.912280701754386,0.8710746181715455,0.4843478929903677,0.640096327198021,0.1727853669753072,0.755505993866741,0.7553119979141855,0.7553119979141854,0.8386469228898552,0.856883296622681,7174.0,0.7115628970775095,0.74020345112525,0.6201971626772795,0.7213126517995142,0.3634326203952593,787.0,0.3935039043426513,0.264183759689331,2026-04-21T19:00:19.103825+00:00
SR-ARE,rdkit,XGBoost,random_under,accuracy,"{'colsample_bytree': 0.8, 'learning_rate': 0.1, 'max_depth': 3, 'min_child_weight': 10, 'n_estimators': 200, 'scale_pos_weight': 1, 'subsample': 0.8}",0.19719601051712402,1539,0.9135802469135802,0.8797248980985939,0.5309872806304005,0.6287183975514653,0.19719601051712402,0.9202898550724637,0.9189876521094679,0.9075458238278636,0.972806872665668,0.9567179673213374,2346.0,0.761118170266836,0.7688176408000287,0.6186779654027752,0.7325789357474056,0.3453899368334123,787.0,1.2979097366333008,1.2449560165405273,2026-04-30T03:31:49.795273+00:00
SR-ARE,rdkit,LogisticRegression,smote,accuracy,"{'C': 0.001, 'l1_ratio': 1.0}",0.0883690708252111,1539,0.9116309291747888,0.869488914773779,0.4768864717878994,0.5,0.0883690708252111,0.5,0.3333333333333333,0.3333333333333333,0.5,0.5,7174.0,0.8221092757306226,0.7418475612241462,0.4511854951185495,0.5,0.1778907242693773,787.0,0.197808027267456,0.1548829078674316,2026-04-21T08:55:31.161929+00:00
SR-ARE,rdkit,LogisticRegression,smoteenn,accuracy,"{'C': 0.001, 'l1_ratio': 1.0}",0.0883690708252111,1539,0.9116309291747888,0.869488914773779,0.4768864717878994,0.5,0.0883690708252111,0.5671146245059289,0.4104600803274348,0.3618845843422114,0.5,0.4328853754940711,6325.0,0.8221092757306226,0.7418475612241462,0.4511854951185495,0.5,0.1778907242693773,787.0,0.1636688709259033,0.1352808475494384,2026-04-21T08:55:33.172391+00:00
SR-ARE,rdkit,LogisticRegression,smoten,accuracy,"{'C': 0.001, 'l1_ratio': 1.0}",0.0883690708252111,1539,0.9116309291747888,0.869488914773779,0.4768864717878994,0.5,0.0883690708252111,0.5,0.3333333333333333,0.3333333333333333,0.5,0.5,7174.0,0.8221092757306226,0.7418475612241462,0.4511854951185495,0.5,0.1778907242693773,787.0,0.2652227878570556,0.1883399486541748,2026-04-21T08:55:34.682488+00:00
SR-ARE,rdkit,LogisticRegression,smoten_enn,accuracy,"{'C': 0.001, 'l1_ratio': 1.0}",0.0883690708252111,1539,0.9116309291747888,0.869488914773779,0.4768864717878994,0.5,0.0883690708252111,0.5397231417393921,0.3783811022025211,0.3505325906381315,0.5,0.4602768582606079,6646.0,0.8221092757306226,0.7418475612241462,0.4511854951185495,0.5,0.1778907242693773,787.0,0.2126169204711914,0.1796679496765136,2026-04-21T08:55:46.634797+00:00
SR-ARE,topological_torsion,XGBoost,none,accuracy,"{'colsample_bytree': 0.8, 'learning_rate': 0.05, 'max_depth': 5, 'min_child_weight': 1, 'n_estimators': 100, 'scale_pos_weight': 4, 'subsample': 0.8}",0.13207228045599467,1539,0.9135802469135802,0.8741909425089318,0.4989559900225447,0.5332402205358265,0.13207228045599467,0.8720531013962005,0.877852298184194,0.8028903304868593,0.9155919322190034,0.7564588660586494,4369.0,0.7407878017789072,0.7577612594498837,0.6189621781727045,0.7050949436961802,0.3916174147729411,787.0,1.4855890274047852,1.4500370025634766,2026-04-30T03:34:30.481115+00:00
SR-ARE,topological_torsion,XGBoost,random_over,accuracy,"{'colsample_bytree': 0.8, 'learning_rate': 0.05, 'max_depth': 5, 'min_child_weight': 10, 'n_estimators': 100, 'scale_pos_weight': 1, 'subsample': 0.8}",0.12825930997530416,1539,0.9135802469135802,0.8741909425089318,0.4989559900225447,0.5446391136639973,0.12825930997530416,0.8022023975466964,0.8020736072497879,0.802073607249788,0.8800949188552131,0.8819888241720245,7174.0,0.7153748411689962,0.7396779483652635,0.6057466945771385,0.6982336056524618,0.3853044714481375,787.0,1.8924427032470703,1.8545022010803223,2026-04-30T03:34:57.416977+00:00
SR-ARE,topological_torsion,RandomForest,random_under,accuracy,"{'max_depth': 5, 'max_features': 'log2', 'min_samples_leaf': 20, 'n_estimators': 100}",0.1124427329245759,1539,0.912280701754386,0.8710746181715455,0.4843478929903677,0.5332244979246153,0.1124427329245759,0.7097186700767263,0.7118179729612456,0.678314812640959,0.7627492952034589,0.6129429799854104,2346.0,0.7064803049555273,0.7323479765038028,0.5971427241844665,0.6807904614705232,0.317754404610621,787.0,0.3601758480072021,0.1913838386535644,2026-04-21T19:02:11.280497+00:00
SR-ARE,topological_torsion,LogisticRegression,smote,accuracy,"{'C': 0.001, 'l1_ratio': 1.0}",0.0883690708252111,1539,0.9116309291747888,0.869488914773779,0.4768864717878994,0.5,0.0883690708252111,0.5,0.3333333333333333,0.3333333333333333,0.5,0.5,7174.0,0.8221092757306226,0.7418475612241462,0.4511854951185495,0.5,0.1778907242693773,787.0,0.1174097061157226,0.0912139415740966,2026-04-21T08:55:55.324611+00:00
SR-ARE,topological_torsion,LogisticRegression,smoteenn,accuracy,"{'C': 0.001, 'l1_ratio': 1.0}",0.0883690708252111,1539,0.9116309291747888,0.869488914773779,0.4768864717878994,0.5,0.0883690708252111,0.5242619117217188,0.3606342846573603,0.3439447693930386,0.5,0.4757380882782812,6842.0,0.8221092757306226,0.7418475612241462,0.4511854951185495,0.5,0.1778907242693773,787.0,0.1093909740447998,0.0875158309936523,2026-04-21T08:55:55.693116+00:00
SR-ARE,topological_torsion,LogisticRegression,smoten,accuracy,"{'C': 0.001, 'l1_ratio': 1.0}",0.0883690708252111,1539,0.9116309291747888,0.869488914773779,0.4768864717878994,0.5,0.0883690708252111,0.5,0.3333333333333333,0.3333333333333333,0.5,0.5,7174.0,0.8221092757306226,0.7418475612241462,0.4511854951185495,0.5,0.1778907242693773,787.0,0.1319248676300048,0.1165571212768554,2026-04-21T08:56:10.042173+00:00
SR-ARE,topological_torsion,LogisticRegression,smoten_enn,accuracy,"{'C': 0.001, 'l1_ratio': 1.0}",0.0883690708252111,1539,0.9116309291747888,0.869488914773779,0.4768864717878994,0.5,0.0883690708252111,0.5273448985592473,0.3641517280069343,0.3452690345557802,0.5,0.4726551014407527,6802.0,0.8221092757306226,0.7418475612241462,0.4511854951185495,0.5,0.1778907242693773,787.0,0.1143999099731445,0.0875411033630371,2026-04-21T08:56:03.727543+00:00
SR-ATAD5,atom_pair,XGBoost,none,accuracy,"{'colsample_bytree': 0.8, 'learning_rate': 0.1, 'max_depth': 3, 'min_child_weight': 5, 'n_estimators': 200, 'scale_pos_weight': 8, 'subsample': 0.8}",0.23042100521676728,1740,0.9816091954022989,0.9735209437480253,0.5509097948122338,0.770257223639749,0.23042100521676728,0.9821493624772313,0.9831562560019272,0.8919604710509004,0.9935251316219833,0.9003304887262622,5490.0,0.9181614349775785,0.9112200466070617,0.6306418219461698,0.7360668480373105,0.25280367143182925,892.0,2.622157096862793,2.5512049198150635,2026-04-30T03:37:59.106908+00:00
SR-ATAD5,atom_pair,XGBoost,random_over,accuracy,"{'colsample_bytree': 0.8, 'learning_rate': 0.05, 'max_depth': 5, 'min_child_weight': 1, 'n_estimators': 100, 'scale_pos_weight': 1, 'subsample': 0.8}",0.1738035905475645,1740,0.9816091954022989,0.9735209437480253,0.5509097948122338,0.7733087373284601,0.1738035905475645,0.9562582844158304,0.9562444214292438,0.956244421429244,0.9919815227250667,0.9910115996919652,10562.0,0.8811659192825112,0.8905194365619964,0.6142309261525908,0.7123785464438398,0.23896983712258305,892.0,3.3350300788879395,3.316229820251465,2026-04-30T03:38:10.886400+00:00
SR-ATAD5,atom_pair,LogisticRegression,random_under,accuracy,"{'C': 0.001, 'l1_ratio': 1.0}",0.0195402298850574,1740,0.9804597701149426,0.9707860521277376,0.4950667440510737,0.5,0.0195402298850574,0.6666666666666666,0.5333333333333334,0.4,0.5,0.3333333333333333,627.0,0.9304932735426008,0.8969911928459451,0.4819976771196283,0.5,0.0695067264573991,892.0,0.0404460430145263,0.0108308792114257,2026-04-21T08:56:28.843906+00:00
SR-ATAD5,atom_pair,LogisticRegression,smote,accuracy,"{'C': 0.001, 'l1_ratio': 1.0}",0.0195402298850574,1740,0.9804597701149426,0.9707860521277376,0.4950667440510737,0.5,0.0195402298850574,0.5,0.3333333333333333,0.3333333333333333,0.5,0.5,10562.0,0.9304932735426008,0.8969911928459451,0.4819976771196283,0.5,0.0695067264573991,892.0,0.2381219863891601,0.2277839183807373,2026-04-21T08:56:30.306858+00:00
SR-ATAD5,atom_pair,LogisticRegression,smoteenn,accuracy,"{'C': 0.001, 'l1_ratio': 1.0}",0.0195402298850574,1740,0.9804597701149426,0.9707860521277376,0.4950667440510737,0.5,0.0195402298850574,0.5009485866059571,0.3343878513386917,0.3337546609366112,0.5,0.4990514133940428,10542.0,0.9304932735426008,0.8969911928459451,0.4819976771196283,0.5,0.0695067264573991,892.0,0.3350667953491211,0.1749379634857177,2026-04-21T08:56:32.175268+00:00
SR-ATAD5,atom_pair,LogisticRegression,smoten,accuracy,"{'C': 0.001, 'l1_ratio': 1.0}",0.0195402298850574,1740,0.9804597701149426,0.9707860521277376,0.4950667440510737,0.5,0.0195402298850574,0.5,0.3333333333333333,0.3333333333333333,0.5,0.5,10562.0,0.9304932735426008,0.8969911928459451,0.4819976771196283,0.5,0.0695067264573991,892.0,0.2460310459136963,0.1919670104980468,2026-04-21T08:56:37.448774+00:00
SR-ATAD5,atom_pair,LogisticRegression,smoten_enn,accuracy,"{'C': 0.001, 'l1_ratio': 1.0}",0.0195402298850574,1740,0.9804597701149426,0.9707860521277376,0.4950667440510737,0.5,0.0195402298850574,0.5041046200840015,0.3379039790142301,0.3351526305768865,0.5,0.4958953799159984,10476.0,0.9304932735426008,0.8969911928459451,0.4819976771196283,0.5,0.0695067264573991,892.0,0.1946179866790771,0.1823248863220214,2026-04-21T08:56:38.743842+00:00
SR-ATAD5,avalon,XGBoost,none,accuracy,"{'colsample_bytree': 0.8, 'learning_rate': 0.05, 'max_depth': 3, 'min_child_weight': 1, 'n_estimators': 200, 'scale_pos_weight': 8, 'subsample': 0.8}",0.19917463006609595,1740,0.9816091954022989,0.9735209437480253,0.5509097948122338,0.8150730984070064,0.19917463006609595,0.9726775956284153,0.974072146694536,0.8326088865472427,0.9809939758763246,0.7509160915889312,5490.0,0.9181614349775785,0.9084353938447697,0.609651410244882,0.749844539448115,0.2284910549450611,892.0,0.7000710964202881,0.6921076774597168,2026-04-30T03:41:47.251760+00:00
SR-ATAD5,avalon,XGBoost,random_over,accuracy,"{'colsample_bytree': 0.8, 'learning_rate': 0.1, 'max_depth': 7, 'min_child_weight': 5, 'n_estimators': 100, 'scale_pos_weight': 1, 'subsample': 0.8}",0.24157156881601813,1740,0.9827586206896551,0.9767943063352045,0.6206395348837209,0.8033583890766154,0.24157156881601813,0.99318310925961,0.99318279246398,0.99318279246398,0.9997132915779832,0.9996778118567446,10562.0,0.92152466367713,0.9086188626578484,0.5988796381950868,0.7612903225806451,0.23085664263762806,892.0,1.0811593532562256,1.0765271186828613,2026-04-30T03:42:18.625315+00:00
SR-ATAD5,avalon,XGBoost,random_under,accuracy,"{'colsample_bytree': 0.8, 'learning_rate': 0.1, 'max_depth': 3, 'min_child_weight': 5, 'n_estimators': 100, 'scale_pos_weight': 1, 'subsample': 0.8}",0.21762822158162612,1740,0.982183908045977,0.9748006161138254,0.5765791931926117,0.8046427832563272,0.21762822158162612,0.9266347687400319,0.9251899335232668,0.9144052706552707,0.9844554840777455,0.9714771875197115,627.0,0.8340807174887892,0.8612150834454739,0.5796043664896124,0.7637971239797902,0.2182925059931228,892.0,0.06569290161132812,0.0645592212677002,2026-04-30T03:42:26.837871+00:00
SR-ATAD5,avalon,LogisticRegression,smote,accuracy,"{'C': 0.001, 'l1_ratio': 1.0}",0.0195402298850574,1740,0.9804597701149426,0.9707860521277376,0.4950667440510737,0.5,0.0195402298850574,0.5,0.3333333333333333,0.3333333333333333,0.5,0.5,10562.0,0.9304932735426008,0.8969911928459451,0.4819976771196283,0.5,0.0695067264573991,892.0,0.0731558799743652,0.1398820877075195,2026-04-21T08:56:56.326057+00:00
SR-ATAD5,avalon,LogisticRegression,smoteenn,accuracy,"{'C': 0.001, 'l1_ratio': 1.0}",0.0195402298850574,1740,0.9804597701149426,0.9707860521277376,0.4950667440510737,0.5,0.0195402298850574,0.5036238794583254,0.337367629532494,0.3349400646920784,0.5,0.4963761205416746,10486.0,0.9304932735426008,0.8969911928459451,0.4819976771196283,0.5,0.0695067264573991,892.0,0.0758180618286132,0.0644478797912597,2026-04-21T08:56:57.019284+00:00
SR-ATAD5,avalon,DecisionTree,smoten,accuracy,"{'ccp_alpha': 0.01, 'criterion': 'entropy', 'max_depth': 10, 'min_samples_leaf': 10}",0.0512036371957029,1740,0.9810344827586208,0.972184432353593,0.5237818784988596,0.5154903110130336,0.0512036371957029,0.9124218897935996,0.9123315767942806,0.9123315767942806,0.948094444966953,0.9224047710515192,10562.0,0.8643497757847534,0.871825490130834,0.5340991008490782,0.5919354838709678,0.1003553247969031,892.0,0.3942358493804931,0.3288378715515136,2026-04-22T10:31:10.140003+00:00
SR-ATAD5,avalon,DecisionTree,smoten_enn,accuracy,"{'ccp_alpha': 0.0, 'criterion': 'entropy', 'max_depth': 10, 'min_samples_leaf': 50}",0.0483772819472616,1740,0.9810344827586208,0.972184432353593,0.5237818784988596,0.5036118198744913,0.0483772819472616,0.9360498561840844,0.9360426340771436,0.936047522887996,0.9722705710298912,0.9521765231079264,10430.0,0.8766816143497758,0.8775859539002772,0.530319566507745,0.5842207539836767,0.0910333271750172,892.0,0.2713081836700439,0.2950367927551269,2026-04-22T10:31:25.643884+00:00
SR-ATAD5,erg,BalancedRandomForest,none,accuracy,"{'max_depth': 10, 'max_features': 'sqrt', 'min_samples_leaf': 5, 'n_estimators': 100}",0.1552480018105283,1740,0.9816091954022989,0.9735209437480252,0.5509097948122338,0.6314995517550515,0.1552480018105283,0.8092896174863388,0.8664648385437149,0.5732467180148859,0.9125913154406562,0.4913920586740323,5490.0,0.7589686098654709,0.81286049948445,0.5350821690993762,0.7100660707345511,0.1843457153822515,892.0,0.6868841648101807,0.4105899333953857,2026-04-22T00:02:44.475724+00:00
SR-ATAD5,erg,RandomForest,random_over,accuracy,"{'max_depth': 5, 'max_features': 'log2', 'min_samples_leaf': 5, 'n_estimators': 200}",0.1622482045241978,1740,0.9816091954022989,0.9735209437480252,0.5509097948122338,0.6949434521757121,0.1622482045241978,0.8024048475667487,0.8023780464380204,0.8023780464380204,0.8869451608469745,0.887829961488759,10562.0,0.7432735426008968,0.8021999426633042,0.5245589902220236,0.6824329576369996,0.1503123070334044,892.0,0.6142091751098633,0.7095098495483398,2026-04-21T19:07:13.324733+00:00
SR-ATAD5,erg,BernoulliNB,random_under,accuracy,{'alpha': 0.1},0.1028079403415957,1740,0.9810344827586208,0.972184432353593,0.5237818784988596,0.6533601130956486,0.1028079403415957,0.7097288676236044,0.6737541711480655,0.6066228179035327,0.7499427668780476,0.5871929143147895,627.0,0.8183856502242153,0.8509958412156904,0.5663978107446349,0.6974737660318694,0.1519673675404517,892.0,0.0102081298828125,0.0014948844909667,2026-04-21T14:30:27.890631+00:00
SR-ATAD5,erg,LogisticRegression,smote,accuracy,"{'C': 0.01, 'l1_ratio': 0.0}",0.1086033807713546,1740,0.9816091954022989,0.9735209437480252,0.5509097948122338,0.5764171436452659,0.1086033807713546,0.6955122135959099,0.6942672132224093,0.6942672132224093,0.764537839900167,0.731996383558829,10562.0,0.6984304932735426,0.7717882064004177,0.5145337603664446,0.7043334628837933,0.133205041905988,892.0,0.0589079856872558,0.0536501407623291,2026-04-21T08:57:05.877187+00:00
SR-ATAD5,erg,BernoulliNB,smoteenn,accuracy,{'alpha': 10.0},0.1259670240375224,1740,0.9816091954022989,0.9735209437480252,0.5509097948122338,0.7140973036342322,0.1259670240375224,0.6979700433582972,0.6979920877584681,0.697511751881061,0.7590310904795841,0.72391697478272,10148.0,0.6692825112107623,0.7505279844940121,0.5058357355468126,0.6918383210260396,0.1380456954052855,892.0,0.0182509422302246,0.0072150230407714,2026-04-21T14:30:29.600969+00:00
SR-ATAD5,erg,DecisionTree,smoten,accuracy,"{'ccp_alpha': 0.01, 'criterion': 'gini', 'max_depth': 5, 'min_samples_leaf': 10}",0.0482756458226216,1740,0.9810344827586208,0.972184432353593,0.5237818784988596,0.485975105165161,0.0482756458226216,0.8105472448399924,0.8104279081950471,0.8104279081950472,0.863591117646871,0.8143101079846528,10562.0,0.7567264573991032,0.8075645074999679,0.4901366824799349,0.4251846094053634,0.0804886903190497,892.0,0.1182038784027099,0.1132209300994873,2026-04-22T10:31:45.948845+00:00
SR-ATAD5,erg,LogisticRegression,smoten_enn,accuracy,"{'C': 0.001, 'l1_ratio': 1.0}",0.0195402298850574,1740,0.9804597701149426,0.9707860521277376,0.4950667440510737,0.5,0.0195402298850574,0.5612711233924965,0.4035497348721272,0.359496255956433,0.5,0.4387288766075035,9409.0,0.9304932735426008,0.8969911928459451,0.4819976771196283,0.5,0.0695067264573991,892.0,0.026073932647705,0.0200860500335693,2026-04-21T08:57:07.371273+00:00
SR-ATAD5,estate,XGBoost,none,accuracy,"{'colsample_bytree': 0.8, 'learning_rate': 0.1, 'max_depth': 5, 'min_child_weight': 10, 'n_estimators': 100, 'scale_pos_weight': 8, 'subsample': 0.8}",0.22878854287290634,1740,0.982183908045977,0.9748006161138254,0.5765791931926117,0.7252689469691745,0.22878854287290634,0.9570127504553734,0.9607011670801586,0.7573571548963425,0.9609646027240383,0.6032471494821307,5490.0,0.9125560538116592,0.9064961180022665,0.6156191991514187,0.7654100272055966,0.24878377492643983,892.0,0.08607220649719238,0.07956624031066895,2026-04-30T03:44:27.540011+00:00
SR-ATAD5,estate,RandomForest,random_over,accuracy,"{'max_depth': 10, 'max_features': 'log2', 'min_samples_leaf': 10, 'n_estimators': 100}",0.2227984481539415,1740,0.982183908045977,0.9748006161138254,0.5765791931926117,0.8331925384456245,0.2227984481539415,0.8626207157735277,0.8626151874174904,0.8626151874174903,0.944395848952566,0.944059881420668,10562.0,0.8150224215246636,0.8491713499969544,0.5671672955161026,0.7075981344733773,0.2896764613016612,892.0,0.1757071018218994,0.1906280517578125,2026-04-21T19:08:02.043804+00:00
SR-ATAD5,estate,XGBoost,random_under,accuracy,"{'colsample_bytree': 0.8, 'learning_rate': 0.05, 'max_depth': 5, 'min_child_weight': 5, 'n_estimators': 100, 'scale_pos_weight': 1, 'subsample': 0.8}",0.31234431705661686,1740,0.9833333333333333,0.9791298722303089,0.6735565259582726,0.7472501896420938,0.31234431705661686,0.8325358851674641,0.8242946732855075,0.7951012278053562,0.9138584281495388,0.8548008030986753,627.0,0.8262331838565022,0.8579679645408441,0.5901403649191457,0.7447532063738828,0.2765574439225645,892.0,0.025534868240356445,0.01995086669921875,2026-04-30T03:44:51.248992+00:00
SR-ATAD5,estate,DecisionTree,smote,accuracy,"{'ccp_alpha': 0.0, 'criterion': 'entropy', 'max_depth': 5, 'min_samples_leaf': 10}",0.1701290910151875,1740,0.9816091954022989,0.9778313640382604,0.662004662004662,0.6549893110819944,0.1701290910151875,0.7785457299753834,0.7778874411566679,0.7778874411566679,0.8374925476786317,0.7838667077537567,10562.0,0.7130044843049327,0.7825353960428163,0.5306498289923705,0.7107170617955694,0.1276008855700395,892.0,0.0459122657775878,0.0439932346343994,2026-04-22T10:31:58.162577+00:00
SR-ATAD5,estate,DecisionTree,smoteenn,accuracy,"{'ccp_alpha': 0.01, 'criterion': 'gini', 'max_depth': 5, 'min_samples_leaf': 10}",0.0483881879376247,1740,0.9810344827586208,0.972184432353593,0.5237818784988596,0.5149903454934142,0.0483881879376247,0.7472190257000384,0.746932975537864,0.7470233781834568,0.7903108559128521,0.7366084883199995,10428.0,0.7085201793721974,0.7792246766066612,0.5254814341951272,0.6826758647493198,0.1259474153169108,892.0,0.0399606227874755,0.0428509712219238,2026-04-22T10:31:58.624067+00:00
SR-ATAD5,estate,DecisionTree,smoten,accuracy,"{'ccp_alpha': 0.01, 'criterion': 'gini', 'max_depth': 5, 'min_samples_leaf': 10}",0.0575268940464825,1740,0.9810344827586208,0.972184432353593,0.5237818784988596,0.5589183504585891,0.0575268940464825,0.7928422647225905,0.7916348824736522,0.7916348824736523,0.8229684318465647,0.7443636239298624,10562.0,0.7242152466367713,0.7892496853228934,0.5148186473506859,0.6155849203264673,0.1012247557474979,892.0,0.0202612876892089,0.017845869064331,2026-04-22T10:31:59.283920+00:00
SR-ATAD5,estate,LogisticRegression,smoten_enn,accuracy,"{'C': 0.001, 'l1_ratio': 1.0}",0.0195402298850574,1740,0.9804597701149426,0.9707860521277376,0.4950667440510737,0.5,0.0195402298850574,0.5192723697148476,0.3549643886433383,0.3417901753931784,0.5,0.4807276302851524,10170.0,0.9304932735426008,0.8969911928459451,0.4819976771196283,0.5,0.0695067264573991,892.0,0.0126559734344482,0.0076410770416259,2026-04-21T08:57:10.541672+00:00
SR-ATAD5,fcfp,BalancedRandomForest,none,accuracy,"{'max_depth': 5, 'max_features': 'log2', 'min_samples_leaf': 20, 'n_estimators': 200}",0.1507761940455828,1740,0.9816091954022989,0.9735209437480252,0.5509097948122338,0.7963761119922764,0.1507761940455828,0.6539162112932605,0.7590801726538581,0.4573880844067141,0.7167339084141126,0.1111399416351322,5490.0,0.6221973094170403,0.71379678052658,0.4861320756329671,0.683696074621065,0.1402780416110941,892.0,1.6350619792938232,1.3395392894744873,2026-04-22T00:04:31.578873+00:00
SR-ATAD5,fcfp,XGBoost,random_over,accuracy,"{'colsample_bytree': 0.8, 'learning_rate': 0.1, 'max_depth': 7, 'min_child_weight': 5, 'n_estimators': 100, 'scale_pos_weight': 1, 'subsample': 0.8}",0.2775054325104052,1740,0.982183908045977,0.9748006161138254,0.5765791931926117,0.825830977173988,0.2775054325104052,0.9730164741526226,0.9730017090029328,0.9730017090029328,0.993144384260138,0.9909942394370703,10562.0,0.8800448430493274,0.8859703355938063,0.5825851173164811,0.687019043917606,0.198633726727503,892.0,2.823725938796997,2.8758649826049805,2026-04-30T03:45:06.197694+00:00
SR-ATAD5,fcfp,XGBoost,random_under,accuracy,"{'colsample_bytree': 0.8, 'learning_rate': 0.05, 'max_depth': 7, 'min_child_weight': 1, 'n_estimators': 100, 'scale_pos_weight': 1, 'subsample': 0.8}",0.2356236910261225,1740,0.982183908045977,0.9770696067613965,0.6350251368486579,0.8082459830356528,0.2356236910261225,0.9027113237639554,0.8995130830489192,0.8839681456200228,0.9735754675946063,0.9526553028053928,627.0,0.820627802690583,0.8512577534845465,0.5572102258624969,0.7242907112320248,0.19108591231833505,892.0,0.32669806480407715,0.25493907928466797,2026-04-30T03:45:06.412833+00:00
SR-ATAD5,fcfp,LogisticRegression,smote,accuracy,"{'C': 0.001, 'l1_ratio': 1.0}",0.0195402298850574,1740,0.9804597701149426,0.9707860521277376,0.4950667440510737,0.5,0.0195402298850574,0.5,0.3333333333333333,0.3333333333333333,0.5,0.5,10562.0,0.9304932735426008,0.8969911928459451,0.4819976771196283,0.5,0.0695067264573991,892.0,0.2162008285522461,0.1829650402069091,2026-04-21T08:57:11.845625+00:00
SR-ATAD5,fcfp,LogisticRegression,smoteenn,accuracy,"{'C': 0.001, 'l1_ratio': 1.0}",0.0195402298850574,1740,0.9804597701149426,0.9707860521277376,0.4950667440510737,0.5,0.0195402298850574,0.5034318398474737,0.3371534520619503,0.3348551138164986,0.5,0.4965681601525262,10490.0,0.9304932735426008,0.8969911928459451,0.4819976771196283,0.5,0.0695067264573991,892.0,0.2173860073089599,0.1765058040618896,2026-04-21T08:57:11.931789+00:00
SR-ATAD5,fcfp,LogisticRegression,smoten,accuracy,"{'C': 0.001, 'l1_ratio': 1.0}",0.0195402298850574,1740,0.9804597701149426,0.9707860521277376,0.4950667440510737,0.5,0.0195402298850574,0.5,0.3333333333333333,0.3333333333333333,0.5,0.5,10562.0,0.9304932735426008,0.8969911928459451,0.4819976771196283,0.5,0.0695067264573991,892.0,0.2590210437774658,0.1676228046417236,2026-04-21T08:57:12.695151+00:00
SR-ATAD5,fcfp,LogisticRegression,smoten_enn,accuracy,"{'C': 0.001, 'l1_ratio': 1.0}",0.0195402298850574,1740,0.9804597701149426,0.9707860521277376,0.4950667440510737,0.5,0.0195402298850574,0.5106856203461948,0.3452734299127198,0.3380489053898348,0.5,0.4893143796538052,10341.0,0.9304932735426008,0.8969911928459451,0.4819976771196283,0.5,0.0695067264573991,892.0,0.1592509746551513,0.1283950805664062,2026-04-21T08:57:14.668319+00:00
SR-ATAD5,klekota_roth,BernoulliNB,none,accuracy,{'alpha': 1.0},0.0388006432133491,1740,0.9804597701149426,0.9707860521277376,0.4950667440510737,0.6415333425281016,0.0388006432133491,0.9602914389799636,0.947775710702458,0.5607039190956995,0.8414117052283667,0.259402310484574,5490.0,0.9260089686098656,0.8967493861980805,0.4954751131221719,0.6627769141080451,0.1434108646268099,892.0,0.1497132778167724,0.0394990444183349,2026-04-21T14:30:44.527840+00:00
SR-ATAD5,klekota_roth,LogisticRegression,random_over,accuracy,"{'C': 0.001, 'l1_ratio': 1.0}",0.0195402298850574,1740,0.9804597701149426,0.9707860521277376,0.4950667440510737,0.5,0.0195402298850574,0.5,0.3333333333333333,0.3333333333333333,0.5,0.5,10562.0,0.9304932735426008,0.8969911928459451,0.4819976771196283,0.5,0.0695067264573991,892.0,0.5922069549560547,0.4291529655456543,2026-04-21T08:57:16.782451+00:00
SR-ATAD5,klekota_roth,BernoulliNB,random_under,accuracy,{'alpha': 10.0},0.0595563232825429,1740,0.9804597701149426,0.9707860521277376,0.4950667440510737,0.6965985104475554,0.0595563232825429,0.6666666666666666,0.5333333333333334,0.4,0.813030837206108,0.7040457729984824,627.0,0.9304932735426008,0.8969911928459451,0.4819976771196283,0.6533521181500195,0.1386762774977196,892.0,0.1474628448486328,0.0130858421325683,2026-04-21T14:30:51.935831+00:00
SR-ATAD5,klekota_roth,LogisticRegression,smote,accuracy,"{'C': 0.001, 'l1_ratio': 1.0}",0.0250510131375884,1740,0.9804597701149426,0.9707860521277376,0.4950667440510737,0.5696331287497414,0.0250510131375884,0.5,0.3333333333333333,0.3333333333333333,0.6941867070630562,0.6374129461804781,10562.0,0.9304932735426008,0.8969911928459451,0.4819976771196283,0.5085503303536728,0.0706853968100894,892.0,0.663754940032959,0.3685040473937988,2026-04-21T08:57:22.547065+00:00
SR-ATAD5,klekota_roth,LogisticRegression,smoteenn,accuracy,"{'C': 0.001, 'l1_ratio': 1.0}",0.0250510131375884,1740,0.9804597701149426,0.9707860521277376,0.4950667440510737,0.5696331287497414,0.0250510131375884,0.5034318398474737,0.3371534520619503,0.3348551138164986,0.6950170071470768,0.6350589256922734,10490.0,0.9304932735426008,0.8969911928459451,0.4819976771196283,0.5085503303536728,0.0706853968100894,892.0,0.6145257949829102,0.430797815322876,2026-04-21T08:57:24.373067+00:00
SR-ATAD5,klekota_roth,LogisticRegression,smoten,accuracy,"{'C': 0.001, 'l1_ratio': 1.0}",0.0224475997295469,1740,0.9804597701149426,0.9707860521277376,0.4950667440510737,0.5533756292669472,0.0224475997295469,0.5,0.3333333333333333,0.3333333333333333,0.7064949820109827,0.6429272756544739,10562.0,0.9304932735426008,0.8969911928459451,0.4819976771196283,0.545958025650991,0.0771374120306711,892.0,0.4836101531982422,0.4570710659027099,2026-04-21T08:57:27.909729+00:00
SR-ATAD5,klekota_roth,LogisticRegression,smoten_enn,accuracy,"{'C': 0.001, 'l1_ratio': 1.0}",0.0224475997295469,1740,0.9804597701149426,0.9707860521277376,0.4950667440510737,0.5533756292669472,0.0224475997295469,0.5070084485407066,0.3411494701845539,0.3364337134484296,0.7098634907119588,0.6394209309099174,10416.0,0.9304932735426008,0.8969911928459451,0.4819976771196283,0.545958025650991,0.0771374120306711,892.0,0.4495878219604492,0.4269189834594726,2026-04-21T08:57:29.843088+00:00
SR-ATAD5,maccs,RUSBoost,none,accuracy,"{'learning_rate': 0.01, 'n_estimators': 50, 'sampling_strategy': 'auto'}",0.2979702815628018,1740,0.982183908045977,0.9748006161138254,0.5765791931926117,0.847700158609751,0.2979702815628018,0.7848816029143898,0.8501088281778155,0.5412082805250656,0.8340679641469962,0.18740327398019,5490.0,0.7432735426008968,0.8046542025503737,0.5629088341339724,0.762883793237466,0.1715441974132562,892.0,0.1588139533996582,0.1500389575958252,2026-04-29T19:12:15.111291+00:00
SR-ATAD5,maccs,XGBoost,random_over,accuracy,"{'colsample_bytree': 0.8, 'learning_rate': 0.05, 'max_depth': 5, 'min_child_weight': 10, 'n_estimators': 200, 'scale_pos_weight': 1, 'subsample': 0.8}",0.25700337704167703,1740,0.982183908045977,0.9776905530737785,0.6510431829209122,0.8107802910144128,0.25700337704167703,0.9562582844158304,0.9562101986278002,0.9562101986278003,0.9912929348640847,0.9884738644528667,10562.0,0.8834080717488789,0.8920062738190733,0.6168638075728541,0.7067333851535174,0.26737909962936135,892.0,0.5713121891021729,0.5919439792633057,2026-04-30T03:56:51.210324+00:00
SR-ATAD5,maccs,XGBoost,random_under,accuracy,"{'colsample_bytree': 0.8, 'learning_rate': 0.05, 'max_depth': 7, 'min_child_weight': 1, 'n_estimators': 100, 'scale_pos_weight': 1, 'subsample': 0.8}",0.2716676876782224,1740,0.982183908045977,0.9792587229278332,0.6915581630727532,0.8273136335425143,0.2716676876782224,0.9792663476874003,0.9792284752837332,0.9765900311615952,0.9977908014926399,0.9953945551995395,627.0,0.8374439461883408,0.8620844360754675,0.5709475709475709,0.7322677808006217,0.18554056041178432,892.0,0.06329798698425293,0.0526888370513916,2026-04-30T03:56:56.681796+00:00
SR-ATAD5,maccs,LogisticRegression,smote,accuracy,"{'C': 0.001, 'l1_ratio': 1.0}",0.0195402298850574,1740,0.9804597701149426,0.9707860521277376,0.4950667440510737,0.5,0.0195402298850574,0.5,0.3333333333333333,0.3333333333333333,0.5,0.5,10562.0,0.9304932735426008,0.8969911928459451,0.4819976771196283,0.5,0.0695067264573991,892.0,0.0254151821136474,0.0208559036254882,2026-04-21T08:57:34.847358+00:00
SR-ATAD5,maccs,LogisticRegression,smoteenn,accuracy,"{'C': 0.001, 'l1_ratio': 1.0}",0.0195402298850574,1740,0.9804597701149426,0.9707860521277376,0.4950667440510737,0.5,0.0195402298850574,0.5080815855301135,0.3423513688273722,0.3369059011164274,0.5,0.4919184144698865,10394.0,0.9304932735426008,0.8969911928459451,0.4819976771196283,0.5,0.0695067264573991,892.0,0.0394599437713623,0.0176019668579101,2026-04-21T08:57:36.886899+00:00
SR-ATAD5,maccs,XGBoost,smoten,accuracy,"{'colsample_bytree': 0.8, 'learning_rate': 0.1, 'max_depth': 5, 'min_child_weight': 10, 'n_estimators': 100, 'scale_pos_weight': 1, 'subsample': 0.8}",0.19441684195984926,1740,0.9816091954022989,0.9735209437480253,0.5509097948122338,0.7874198331149576,0.19441684195984926,0.967998485135391,0.9679957298426196,0.9679957298426195,0.9937658846451827,0.994210528892733,10562.0,0.9103139013452914,0.897978520675267,0.5596366508688784,0.6984356781966576,0.15734340240750186,892.0,0.3081851005554199,0.282365083694458,2026-04-30T03:57:19.136809+00:00
SR-ATAD5,maccs,DecisionTree,smoten_enn,accuracy,"{'ccp_alpha': 0.01, 'criterion': 'gini', 'max_depth': 10, 'min_samples_leaf': 10}",0.0830822836043114,1740,0.9810344827586208,0.972184432353593,0.5237818784988596,0.6966502310185505,0.0830822836043114,0.8400998176408484,0.8395959667693099,0.8397051344581433,0.8589345722516046,0.792618170336053,10419.0,0.7724215246636771,0.8169121116153,0.491495247054859,0.4798970073843761,0.070754588948014,892.0,0.0859251022338867,0.0840990543365478,2026-04-22T10:36:31.244103+00:00
SR-ATAD5,map4,BalancedRandomForest,none,accuracy,"{'max_depth': 5, 'max_features': 'log2', 'min_samples_leaf': 5, 'n_estimators': 100}",0.0835814001020274,1740,0.9816091954022989,0.9735209437480252,0.5509097948122338,0.5854510033790773,0.0835814001020274,0.8947176684881603,0.9211354124798902,0.6624659191863493,0.9450068812181248,0.6282205335392576,5490.0,0.875560538116592,0.8844214051388625,0.5885454976126064,0.6855616012436844,0.1724790388248433,892.0,0.6266250610351562,0.4872400760650635,2026-04-22T00:07:56.628498+00:00
SR-ATAD5,map4,RandomForest,random_over,accuracy,"{'max_depth': 5, 'max_features': 'sqrt', 'min_samples_leaf': 5, 'n_estimators': 100}",0.0816117123359993,1740,0.9810344827586208,0.972184432353593,0.5237818784988596,0.702270533066685,0.0816117123359993,0.904468850596478,0.9043952769532284,0.9043952769532284,0.974326042479675,0.9755518897001748,10562.0,0.9035874439461884,0.8996474834141016,0.5970585145498477,0.6014963078118928,0.2024580354853926,892.0,0.8113410472869873,0.938183069229126,2026-04-21T19:14:23.420166+00:00
SR-ATAD5,map4,RandomForest,random_under,accuracy,"{'max_depth': 5, 'max_features': 'log2', 'min_samples_leaf': 5, 'n_estimators': 100}",0.1040294537975905,1740,0.9816091954022989,0.9735209437480252,0.5509097948122338,0.6616267843596993,0.1040294537975905,0.937799043062201,0.9374459281549746,0.929245815309385,0.9794418625947208,0.9589432941525836,627.0,0.852017937219731,0.8704633902525304,0.5753361417277396,0.6453944811504081,0.1608583911674579,892.0,0.3288571834564209,0.1521599292755127,2026-04-21T19:14:32.297983+00:00
SR-ATAD5,map4,LogisticRegression,smote,accuracy,"{'C': 0.001, 'l1_ratio': 1.0}",0.0195402298850574,1740,0.9804597701149426,0.9707860521277376,0.4950667440510737,0.5,0.0195402298850574,0.5,0.3333333333333333,0.3333333333333333,0.5,0.5,10562.0,0.9304932735426008,0.8969911928459451,0.4819976771196283,0.5,0.0695067264573991,892.0,0.1267938613891601,0.1259300708770752,2026-04-21T08:57:46.308276+00:00
SR-ATAD5,map4,LogisticRegression,smoteenn,accuracy,"{'C': 0.001, 'l1_ratio': 1.0}",0.0195402298850574,1740,0.9804597701149426,0.9707860521277376,0.4950667440510737,0.5,0.0195402298850574,0.5020439205247648,0.3356068283913016,0.3342405063291139,0.5,0.4979560794752353,10519.0,0.9304932735426008,0.8969911928459451,0.4819976771196283,0.5,0.0695067264573991,892.0,0.1406559944152832,0.1324849128723144,2026-04-21T08:57:50.749489+00:00
SR-ATAD5,map4,LogisticRegression,smoten,accuracy,"{'C': 0.001, 'l1_ratio': 1.0}",0.0195402298850574,1740,0.9804597701149426,0.9707860521277376,0.4950667440510737,0.5,0.0195402298850574,0.5,0.3333333333333333,0.3333333333333333,0.5,0.5,10562.0,0.9304932735426008,0.8969911928459451,0.4819976771196283,0.5,0.0695067264573991,892.0,0.1293160915374755,0.1149539947509765,2026-04-21T08:57:52.715508+00:00
SR-ATAD5,map4,LogisticRegression,smoten_enn,accuracy,"{'C': 0.001, 'l1_ratio': 1.0}",0.0195402298850574,1740,0.9804597701149426,0.9707860521277376,0.4950667440510737,0.5,0.0195402298850574,0.5051654868949684,0.3390885206599718,0.3356212265649825,0.5,0.4948345131050315,10454.0,0.9304932735426008,0.8969911928459451,0.4819976771196283,0.5,0.0695067264573991,892.0,0.1222107410430908,0.1235592365264892,2026-04-21T08:57:54.239402+00:00
SR-ATAD5,mhfp,BalancedRandomForest,none,accuracy,"{'max_depth': 5, 'max_features': 'log2', 'min_samples_leaf': 10, 'n_estimators': 200}",0.1093451106780718,1740,0.9816091954022989,0.9735209437480252,0.5509097948122338,0.6780480656506449,0.1093451106780718,0.9515482695810564,0.9601876488134988,0.7903468291741703,0.994849732135334,0.8601123623258448,5490.0,0.9035874439461884,0.8969059762589092,0.576195527269513,0.6402254178002332,0.1830017210896935,892.0,2.066242933273315,1.5889458656311035,2026-04-22T00:08:48.007719+00:00
SR-ATAD5,mhfp,XGBoost,random_over,accuracy,"{'colsample_bytree': 0.8, 'learning_rate': 0.1, 'max_depth': 3, 'min_child_weight': 1, 'n_estimators': 100, 'scale_pos_weight': 1, 'subsample': 0.8}",0.14753441486811603,1740,0.9816091954022989,0.9735209437480253,0.5509097948122338,0.6973570788221501,0.14753441486811603,0.9905320961939027,0.9905312474035338,0.9905312474035339,0.9991299783451955,0.9984296928941282,10562.0,0.9136771300448431,0.8948644050086719,0.5243984350656095,0.6188301593470658,0.14575706034878372,892.0,3.5504250526428223,3.460314989089966,2026-04-30T04:01:15.918432+00:00
SR-ATAD5,mhfp,RandomForest,random_under,accuracy,"{'max_depth': 5, 'max_features': 'log2', 'min_samples_leaf': 10, 'n_estimators': 200}",0.1219331603223253,1740,0.9810344827586208,0.9731748494114916,0.5492617217856834,0.698925936142335,0.1219331603223253,0.9872408293460924,0.9872408293460924,0.985645933014354,0.9978709278633732,0.9920255410987334,627.0,0.8923766816143498,0.8931659234038782,0.5900970762249411,0.6466187329965021,0.1700291813913199,892.0,0.4545321464538574,0.3018586635589599,2026-04-21T19:16:00.632115+00:00
SR-ATAD5,mhfp,LogisticRegression,smote,accuracy,"{'C': 0.001, 'l1_ratio': 1.0}",0.0223764374197452,1740,0.9804597701149426,0.9707860521277376,0.4950667440510737,0.5464623129439349,0.0223764374197452,0.5,0.3333333333333333,0.3333333333333333,0.7702251977045685,0.7260591073419149,10562.0,0.9304932735426008,0.8969911928459451,0.4819976771196283,0.5483579479207151,0.0774335339130297,892.0,0.8907022476196289,0.9669089317321776,2026-04-21T08:58:07.041814+00:00
SR-ATAD5,mhfp,LogisticRegression,smoteenn,accuracy,"{'C': 0.001, 'l1_ratio': 1.0}",0.0223764374197452,1740,0.9804597701149426,0.9707860521277376,0.4950667440510737,0.5464623129439349,0.0223764374197452,0.5006636329161926,0.3340709641077027,0.3336281508623412,0.7705947040784825,0.7259894447356485,10548.0,0.9304932735426008,0.8969911928459451,0.4819976771196283,0.5483579479207151,0.0774335339130297,892.0,0.9808483123779296,0.7480583190917969,2026-04-21T08:58:07.448658+00:00
SR-ATAD5,mhfp,BernoulliNB,smoten,accuracy,{'alpha': 0.1},0.0721446444639441,1740,0.9810344827586208,0.972184432353593,0.5237818784988596,0.6063116336804358,0.0721446444639441,0.9480212081045256,0.9479941315055802,0.94799413150558,0.9821787552429794,0.9838102620801294,10562.0,0.9282511210762332,0.9017067867066036,0.5241873645607601,0.5947434900893898,0.1491724863380134,892.0,0.5800318717956543,0.475442886352539,2026-04-21T14:31:39.742847+00:00
SR-ATAD5,mhfp,BernoulliNB,smoten_enn,accuracy,{'alpha': 0.1},0.0720717107873011,1740,0.9810344827586208,0.972184432353593,0.5237818784988596,0.6067598786290601,0.0720717107873011,0.9498623112714842,0.9498364727298976,0.9498328968603028,0.9834309699642024,0.9845714464615926,10531.0,0.9282511210762332,0.9017067867066036,0.5241873645607601,0.594733773804897,0.1490888683379332,892.0,0.4723618030548095,0.4268579483032226,2026-04-21T14:31:41.033263+00:00
SR-ATAD5,morgan_2048,RandomForest,none,accuracy,"{'max_depth': 5, 'max_features': 'sqrt', 'min_samples_leaf': 20, 'n_estimators': 200}",0.1050090565030838,1740,0.9816091954022989,0.9735209437480252,0.5509097948122338,0.7259326942969451,0.1050090565030838,0.8642987249544627,0.9004987806484739,0.6019513294614409,0.875034541993551,0.398952142263658,5490.0,0.8094170403587444,0.8444130704100276,0.5522722978080121,0.6880392537893508,0.1984615833248383,892.0,0.5056960582733154,0.5429770946502686,2026-04-21T19:17:23.600793+00:00
SR-ATAD5,morgan_2048,RandomForest,random_over,accuracy,"{'max_depth': 5, 'max_features': 'sqrt', 'min_samples_leaf': 10, 'n_estimators': 100}",0.1406165498291341,1740,0.9810344827586208,0.972184432353593,0.5237818784988596,0.7757051237845667,0.1406165498291341,0.8233289149782238,0.8227415313665781,0.8227415313665781,0.9040038996074468,0.9091981250573264,10562.0,0.8183856502242153,0.8498134450351084,0.5554653180257669,0.6929071123202487,0.1846433449846788,892.0,0.9723026752471924,0.8151748180389404,2026-04-21T19:17:47.517963+00:00
SR-ATAD5,morgan_2048,XGBoost,random_under,accuracy,"{'colsample_bytree': 0.8, 'learning_rate': 0.1, 'max_depth': 5, 'min_child_weight': 1, 'n_estimators': 200, 'scale_pos_weight': 1, 'subsample': 0.8}",0.30353600395269303,1740,0.9827586206896551,0.9781166406954211,0.6547253677637845,0.7828770429625543,0.30353600395269303,0.9617224880382775,0.9613744903902155,0.9561793826441467,0.9955014766145464,0.991494509745104,627.0,0.820627802690583,0.8520669651533961,0.5646231940648184,0.7551593470656821,0.19199129530211181,892.0,0.4218580722808838,0.39121007919311523,2026-04-30T04:06:53.610274+00:00
SR-ATAD5,morgan_2048,LogisticRegression,smote,accuracy,"{'C': 0.001, 'l1_ratio': 1.0}",0.0294707464790758,1740,0.9804597701149426,0.9707860521277376,0.4950667440510737,0.6322322598441488,0.0294707464790758,0.5,0.3333333333333333,0.3333333333333333,0.6900208293883735,0.6293496731655055,10562.0,0.9304932735426008,0.8969911928459451,0.4819976771196283,0.5604741546832491,0.0795104231962325,892.0,0.1816799640655517,0.1450014114379882,2026-04-21T08:58:38.297775+00:00
SR-ATAD5,morgan_2048,LogisticRegression,smoteenn,accuracy,"{'C': 0.001, 'l1_ratio': 1.0}",0.0294707464790758,1740,0.9804597701149426,0.9707860521277376,0.4950667440510737,0.6322322598441488,0.0294707464790758,0.5026651437273939,0.3362988058560039,0.3345157407993919,0.691081433938947,0.6277778185032522,10506.0,0.9304932735426008,0.8969911928459451,0.4819976771196283,0.5604741546832491,0.0795104231962325,892.0,0.1739509105682373,0.1493258476257324,2026-04-21T08:58:38.819733+00:00
SR-ATAD5,morgan_2048,LogisticRegression,smoten,accuracy,"{'C': 0.001, 'l1_ratio': 1.0}",0.0235219338013292,1740,0.9804597701149426,0.9707860521277376,0.4950667440510737,0.5677884283842494,0.0235219338013292,0.5,0.3333333333333333,0.3333333333333333,0.6963643249384587,0.6264483763727803,10562.0,0.9304932735426008,0.8969911928459451,0.4819976771196283,0.5327633113097552,0.0743124077646242,892.0,0.2191159725189209,0.1868231296539306,2026-04-21T08:58:42.235474+00:00
SR-ATAD5,morgan_2048,LogisticRegression,smoten_enn,accuracy,"{'C': 0.001, 'l1_ratio': 1.0}",0.0235219338013292,1740,0.9804597701149426,0.9707860521277376,0.4950667440510737,0.5677884283842494,0.0235219338013292,0.5059883108172847,0.3400081778122001,0.3359842219111846,0.6990606025171257,0.6229057342115336,10437.0,0.9304932735426008,0.8969911928459451,0.4819976771196283,0.5327633113097552,0.0743124077646242,892.0,0.1929881572723388,0.1430940628051757,2026-04-21T08:58:43.256387+00:00
SR-ATAD5,morgan_4096,RandomForest,none,accuracy,"{'max_depth': 10, 'max_features': 'sqrt', 'min_samples_leaf': 20, 'n_estimators': 100}",0.1015391746270633,1740,0.9816091954022989,0.9735209437480252,0.5509097948122338,0.706718502172264,0.1015391746270633,0.8941712204007286,0.9195538847270892,0.6414958426897214,0.8991985351476676,0.4434051195967449,5490.0,0.8396860986547086,0.862575108621754,0.5646300297286874,0.6917022930431403,0.2166943295638135,892.0,0.5084128379821777,0.4164087772369385,2026-04-21T19:19:38.045748+00:00
SR-ATAD5,morgan_4096,RandomForest,random_over,accuracy,"{'max_depth': 5, 'max_features': 'log2', 'min_samples_leaf': 10, 'n_estimators': 100}",0.1178892655237969,1740,0.9816091954022989,0.9735209437480252,0.5509097948122338,0.7259326942969451,0.1178892655237969,0.8323234235940162,0.8312789947056736,0.8312789947056736,0.9363448677776128,0.9348594804979588,10562.0,0.852017937219731,0.8693819333887266,0.5663012729844413,0.6939564710454722,0.1690932851871103,892.0,0.528872013092041,0.3621280193328857,2026-04-21T19:19:55.719809+00:00
SR-ATAD5,morgan_4096,DecisionTree,random_under,accuracy,"{'ccp_alpha': 0.0, 'criterion': 'gini', 'max_depth': 5, 'min_samples_leaf': 20}",0.086235250496194,1740,0.9816091954022989,0.9735209437480252,0.5509097948122338,0.6369905523756982,0.086235250496194,0.6905901116427432,0.6994213810171145,0.682008783854439,0.7773116457956548,0.5912359710241473,627.0,0.6647982062780269,0.7468696536174116,0.4786531789082734,0.6231247570928877,0.1300040218107207,892.0,0.0801661014556884,0.0626139640808105,2026-04-22T10:42:33.574421+00:00
SR-ATAD5,morgan_4096,LogisticRegression,smote,accuracy,"{'C': 0.001, 'l1_ratio': 1.0}",0.0302608754006815,1740,0.9804597701149426,0.9707860521277376,0.4950667440510737,0.6423867319495208,0.0302608754006815,0.5,0.3333333333333333,0.3333333333333333,0.7745137762572081,0.710852824377964,10562.0,0.9304932735426008,0.8969911928459451,0.4819976771196283,0.5734551107656432,0.0819252838990873,892.0,0.4801030158996582,0.7250480651855469,2026-04-21T08:58:55.794963+00:00
SR-ATAD5,morgan_4096,LogisticRegression,smoteenn,accuracy,"{'C': 0.001, 'l1_ratio': 1.0}",0.0302608754006815,1740,0.9804597701149426,0.9707860521277376,0.4950667440510737,0.6423867319495208,0.0302608754006815,0.5021393933631264,0.3357131455058451,0.3342828206102038,0.7764178565678392,0.7105864153686642,10517.0,0.9304932735426008,0.8969911928459451,0.4819976771196283,0.5734551107656432,0.0819252838990873,892.0,0.4740810394287109,0.3198609352111816,2026-04-21T08:58:57.570308+00:00
SR-ATAD5,morgan_4096,LogisticRegression,smoten,accuracy,"{'C': 0.001, 'l1_ratio': 1.0}",0.0280890804597701,1740,0.9804597701149426,0.9707860521277376,0.4950667440510737,0.6189917936694022,0.0280890804597701,0.5,0.3333333333333333,0.3333333333333333,0.7511834879757621,0.6794109810739493,10562.0,0.9304932735426008,0.8969911928459451,0.4819976771196283,0.5604741546832491,0.0795104231962325,892.0,0.4451818466186523,0.2804322242736816,2026-04-21T08:58:58.493816+00:00
SR-ATAD5,morgan_4096,LogisticRegression,smoten_enn,accuracy,"{'C': 0.001, 'l1_ratio': 1.0}",0.0280890804597701,1740,0.9804597701149426,0.9707860521277376,0.4950667440510737,0.6189917936694022,0.0280890804597701,0.505117168818747,0.3390345409928575,0.3355998983223182,0.7543334233400261,0.6777206532131084,10455.0,0.9304932735426008,0.8969911928459451,0.4819976771196283,0.5604741546832491,0.0795104231962325,892.0,0.5746707916259766,0.3385381698608398,2026-04-21T08:59:01.039876+00:00
SR-ATAD5,pubchem,BalancedRandomForest,none,accuracy,"{'max_depth': 15, 'max_features': 'sqrt', 'min_samples_leaf': 5, 'n_estimators': 100}",0.1127544942948542,1740,0.9816091954022989,0.9735209437480252,0.5509097948122338,0.6508861457830495,0.1127544942948542,0.825136612021858,0.8764656428219358,0.5806237743923963,0.9058052293633674,0.4024662637890094,5490.0,0.7881165919282511,0.8332077932943848,0.5647578502774027,0.7462495141857753,0.180864343609061,892.0,0.5581388473510742,0.5601460933685303,2026-04-22T00:12:16.354177+00:00
SR-ATAD5,pubchem,XGBoost,random_over,accuracy,"{'colsample_bytree': 0.8, 'learning_rate': 0.05, 'max_depth': 5, 'min_child_weight': 1, 'n_estimators': 100, 'scale_pos_weight': 1, 'subsample': 0.8}",0.28490362625802057,1740,0.9827586206896551,0.9781166406954211,0.6547253677637845,0.751034411419902,0.28490362625802057,0.9194281386101117,0.9193686031587335,0.9193686031587335,0.9750986600038634,0.9719731737439095,10562.0,0.8531390134529148,0.8741072673388096,0.6011645726885178,0.7095511076564321,0.19431282118612414,892.0,1.215226173400879,1.2905371189117432,2026-04-30T04:18:58.205115+00:00
SR-ATAD5,pubchem,XGBoost,random_under,accuracy,"{'colsample_bytree': 0.8, 'learning_rate': 0.1, 'max_depth': 3, 'min_child_weight': 10, 'n_estimators': 200, 'scale_pos_weight': 1, 'subsample': 0.8}",0.2508244153238905,1740,0.9839080459770115,0.9795755313157263,0.6777436765795322,0.6847027791186815,0.2508244153238905,0.8660287081339713,0.8619989852866566,0.8409436834094368,0.939218424486619,0.8919554823098478,627.0,0.827354260089686,0.858709826043991,0.5911423299005893,0.7186649825106879,0.1767787778580941,892.0,0.1802210807800293,0.15723967552185059,2026-04-30T04:19:40.896694+00:00
SR-ATAD5,pubchem,RandomForest,smote,accuracy,"{'max_depth': 10, 'max_features': 'sqrt', 'min_samples_leaf': 5, 'n_estimators': 200}",0.219959703944267,1740,0.982183908045977,0.9763875719995732,0.6174440953481939,0.6544462450865458,0.219959703944267,0.9164930884302216,0.9162209209464156,0.9162209209464156,0.9748425192318926,0.9695525391453697,10562.0,0.8665919282511211,0.8792595818994248,0.5844487333570832,0.5858045083560046,0.1836742585008581,892.0,1.5843429565429688,1.902627229690552,2026-04-21T19:23:34.470334+00:00
SR-ATAD5,pubchem,RandomForest,smoteenn,accuracy,"{'max_depth': 10, 'max_features': 'sqrt', 'min_samples_leaf': 20, 'n_estimators': 100}",0.170064548567087,1740,0.982183908045977,0.9756350514971204,0.5980595980595981,0.6248965588580098,0.170064548567087,0.8945904469595243,0.8943412678658182,0.8943997969793658,0.9614906400247766,0.953793612661428,10426.0,0.850896860986547,0.8712490411373071,0.5870585983048783,0.5996599300427516,0.1596345417626717,892.0,0.944488286972046,0.643071174621582,2026-04-21T19:23:46.594585+00:00
SR-ATAD5,pubchem,BernoulliNB,smoten,accuracy,{'alpha': 10.0},0.0812837339137543,1740,0.9816091954022989,0.9735209437480252,0.5509097948122338,0.5374370733052893,0.0812837339137543,0.7958719939405415,0.7953527914543732,0.7953527914543731,0.8863674053687408,0.8960026773984034,10562.0,0.7836322869955157,0.8262896747011104,0.5201132844403933,0.5485328410415857,0.148151914920386,892.0,0.1420040130615234,0.1468570232391357,2026-04-21T14:32:33.933423+00:00
SR-ATAD5,pubchem,BernoulliNB,smoten_enn,accuracy,{'alpha': 50.0},0.0823393595193829,1740,0.9816091954022989,0.9735209437480252,0.5509097948122338,0.5659695883042548,0.0823393595193829,0.7819317635752042,0.7803006593606312,0.7805622358281368,0.882174505514518,0.8905587691530472,10405.0,0.7466367713004485,0.8026714222820843,0.503819950380026,0.5436941313641663,0.1454950841501769,892.0,0.1459572315216064,0.1500849723815918,2026-04-21T14:32:34.400247+00:00
SR-ATAD5,rdkit,RandomForest,none,accuracy,"{'max_depth': 5, 'max_features': 'sqrt', 'min_samples_leaf': 10, 'n_estimators': 100}",0.0898932416795984,1740,0.9810344827586208,0.972184432353593,0.5237818784988596,0.753922143300462,0.0898932416795984,0.946448087431694,0.954754962510742,0.7502284071664141,0.9682340502061648,0.6594999277561961,5490.0,0.9103139013452914,0.9012284032535076,0.584061924413047,0.6759619121647882,0.1823866026059833,892.0,0.4441781044006347,0.2843871116638183,2026-04-21T19:24:37.426618+00:00
SR-ATAD5,rdkit,XGBoost,random_over,accuracy,"{'colsample_bytree': 0.8, 'learning_rate': 0.1, 'max_depth': 3, 'min_child_weight': 1, 'n_estimators': 200, 'scale_pos_weight': 1, 'subsample': 0.8}",0.11099492523874735,1740,0.9816091954022989,0.9744298131371026,0.574298908223493,0.6116819529687608,0.11099492523874735,0.9816322666161712,0.9816285612309804,0.9816285612309804,0.9979195173316066,0.9975934629748757,10562.0,0.9147982062780269,0.9061669830908321,0.6048588281923947,0.6530703458997279,0.23187616504006062,892.0,5.340275764465332,5.4163901805877686,2026-04-30T04:21:12.413893+00:00
SR-ATAD5,rdkit,LogisticRegression,random_under,accuracy,"{'C': 0.001, 'l1_ratio': 1.0}",0.0195402298850574,1740,0.9804597701149426,0.9707860521277376,0.4950667440510737,0.5,0.0195402298850574,0.6666666666666666,0.5333333333333334,0.4,0.5,0.3333333333333333,627.0,0.9304932735426008,0.8969911928459451,0.4819976771196283,0.5,0.0695067264573991,892.0,0.0442931652069091,0.0131692886352539,2026-04-21T08:59:34.141286+00:00
SR-ATAD5,rdkit,LogisticRegression,smote,accuracy,"{'C': 0.001, 'l1_ratio': 1.0}",0.0250510131375884,1740,0.9804597701149426,0.9707860521277376,0.4950667440510737,0.5696331287497414,0.0250510131375884,0.5,0.3333333333333333,0.3333333333333333,0.7085779208483242,0.6506934402897305,10562.0,0.9304932735426008,0.8969911928459451,0.4819976771196283,0.5083171395258453,0.0706560891876834,892.0,0.4088988304138183,0.3039350509643554,2026-04-21T08:59:35.762914+00:00
SR-ATAD5,rdkit,LogisticRegression,smoteenn,accuracy,"{'C': 0.001, 'l1_ratio': 1.0}",0.0250510131375884,1740,0.9804597701149426,0.9707860521277376,0.4950667440510737,0.5696331287497414,0.0250510131375884,0.5093065869418459,0.3437249949699537,0.337444089456869,0.7075682344086253,0.6417286421505275,10369.0,0.9304932735426008,0.8969911928459451,0.4819976771196283,0.5083171395258453,0.0706560891876834,892.0,0.3524239063262939,0.3412380218505859,2026-04-21T08:59:36.736292+00:00
SR-ATAD5,rdkit,LogisticRegression,smoten,accuracy,"{'C': 0.001, 'l1_ratio': 1.0}",0.0250510131375884,1740,0.9804597701149426,0.9707860521277376,0.4950667440510737,0.5696331287497414,0.0250510131375884,0.5,0.3333333333333333,0.3333333333333333,0.7114182919901534,0.65309893178247,10562.0,0.9304932735426008,0.8969911928459451,0.4819976771196283,0.5083171395258453,0.0706560891876834,892.0,0.3593957424163818,0.2828831672668457,2026-04-21T08:59:39.777126+00:00
SR-ATAD5,rdkit,LogisticRegression,smoten_enn,accuracy,"{'C': 0.001, 'l1_ratio': 1.0}",0.0250510131375884,1740,0.9804597701149426,0.9707860521277376,0.4950667440510737,0.5696331287497414,0.0250510131375884,0.5066679458888995,0.34076839305136,0.3362837493632196,0.7145239927582873,0.6499835281227926,10423.0,0.9304932735426008,0.8969911928459451,0.4819976771196283,0.5083171395258453,0.0706560891876834,892.0,0.3290681838989258,0.3652129173278808,2026-04-21T08:59:42.310252+00:00
SR-ATAD5,topological_torsion,BalancedRandomForest,none,accuracy,"{'max_depth': 5, 'max_features': 'sqrt', 'min_samples_leaf': 5, 'n_estimators': 100}",0.1004150663387813,1740,0.9810344827586208,0.9731748494114916,0.5492617217856834,0.6322495000344804,0.1004150663387813,0.7857923497267759,0.8505262634642556,0.5360335331227836,0.8258752827913374,0.2971625041083707,5490.0,0.7376681614349776,0.7975734225983704,0.5100281690140844,0.617285270112709,0.1229269538248808,892.0,1.0648677349090576,1.094905138015747,2026-04-22T00:15:10.723100+00:00
SR-ATAD5,topological_torsion,RandomForest,random_over,accuracy,"{'max_depth': 5, 'max_features': 'sqrt', 'min_samples_leaf': 5, 'n_estimators': 100}",0.0949633263034867,1740,0.9810344827586208,0.9731748494114916,0.5492617217856834,0.6847372594993449,0.0949633263034867,0.7886763870479075,0.7884305962965061,0.7884305962965061,0.8882075061885597,0.8927021266685806,10562.0,0.7836322869955157,0.8282569757980125,0.5402589841987059,0.5932374659930043,0.1348731386033616,892.0,1.4057910442352295,0.8538289070129395,2026-04-21T19:26:45.102990+00:00
SR-ATAD5,topological_torsion,BernoulliNB,random_under,accuracy,{'alpha': 1.0},0.1939046922086243,1740,0.9810344827586208,0.9740631193356444,0.5721279592247335,0.7410351010275154,0.1939046922086243,0.8165869218500797,0.8125199312130994,0.7851005427250699,0.9039284814908084,0.8362210356422317,627.0,0.7903587443946188,0.8329932654970714,0.5482688115259102,0.6342207539836766,0.1276939686750875,892.0,0.0547080039978027,0.0122139453887939,2026-04-21T14:32:55.911640+00:00
SR-ATAD5,topological_torsion,LogisticRegression,smote,accuracy,"{'C': 0.001, 'l1_ratio': 1.0}",0.0195402298850574,1740,0.9804597701149426,0.9707860521277376,0.4950667440510737,0.5,0.0195402298850574,0.5,0.3333333333333333,0.3333333333333333,0.5,0.5,10562.0,0.9304932735426008,0.8969911928459451,0.4819976771196283,0.5,0.0695067264573991,892.0,0.2061889171600341,0.2072451114654541,2026-04-21T08:59:51.628226+00:00
SR-ATAD5,topological_torsion,LogisticRegression,smoteenn,accuracy,"{'C': 0.001, 'l1_ratio': 1.0}",0.0195402298850574,1740,0.9804597701149426,0.9707860521277376,0.4950667440510737,0.5,0.0195402298850574,0.5023782343987824,0.3359791623959943,0.3343886532007851,0.5,0.4976217656012177,10512.0,0.9304932735426008,0.8969911928459451,0.4819976771196283,0.5,0.0695067264573991,892.0,0.186279296875,0.1770968437194824,2026-04-21T08:59:52.582138+00:00
SR-ATAD5,topological_torsion,LogisticRegression,smoten,accuracy,"{'C': 0.001, 'l1_ratio': 1.0}",0.0195402298850574,1740,0.9804597701149426,0.9707860521277376,0.4950667440510737,0.5,0.0195402298850574,0.5,0.3333333333333333,0.3333333333333333,0.5,0.5,10562.0,0.9304932735426008,0.8969911928459451,0.4819976771196283,0.5,0.0695067264573991,892.0,0.1768450736999511,0.1645040512084961,2026-04-21T08:59:56.080964+00:00
SR-ATAD5,topological_torsion,LogisticRegression,smoten_enn,accuracy,"{'C': 0.001, 'l1_ratio': 1.0}",0.0195402298850574,1740,0.9804597701149426,0.9707860521277376,0.4950667440510737,0.5,0.0195402298850574,0.5058913689050676,0.3398997861561911,0.335941475826972,0.5,0.4941086310949324,10439.0,0.9304932735426008,0.8969911928459451,0.4819976771196283,0.5,0.0695067264573991,892.0,0.1828868389129638,0.1726789474487304,2026-04-21T08:59:56.478927+00:00
SR-HSE,atom_pair,XGBoost,none,accuracy,"{'colsample_bytree': 0.8, 'learning_rate': 0.05, 'max_depth': 5, 'min_child_weight': 1, 'n_estimators': 100, 'scale_pos_weight': 4, 'subsample': 0.8}",0.11388039519352108,1634,0.9608323133414932,0.9433190069724685,0.5328508889484499,0.6486393812685138,0.11388039519352108,0.9787406357562259,0.9771614897949605,0.8820017215263836,0.9854584612455677,0.8924555511080566,4939.0,0.9645714285714285,0.9557159289924421,0.6128815881488248,0.7937242011924782,0.25472828127170427,875.0,1.6781079769134521,1.7461519241333008,2026-04-30T04:29:22.104353+00:00
SR-HSE,atom_pair,LogisticRegression,random_over,accuracy,"{'C': 0.001, 'l1_ratio': 1.0}",0.0410036719706242,1634,0.9589963280293756,0.9389236151340404,0.4895345204623555,0.5,0.0410036719706242,0.5,0.3333333333333333,0.3333333333333333,0.5,0.5,9338.0,0.9645714285714284,0.9471765976896868,0.4909831297265852,0.5,0.0354285714285714,875.0,0.2073240280151367,0.161870002746582,2026-04-21T09:00:06.528120+00:00
SR-HSE,atom_pair,LogisticRegression,random_under,accuracy,"{'C': 0.001, 'l1_ratio': 1.0}",0.0410036719706242,1634,0.9589963280293756,0.9389236151340404,0.4895345204623555,0.5,0.0410036719706242,0.6666666666666666,0.5333333333333333,0.4,0.5,0.3333333333333333,810.0,0.9645714285714284,0.9471765976896868,0.4909831297265852,0.5,0.0354285714285714,875.0,0.0419750213623046,0.0139241218566894,2026-04-21T09:00:08.000936+00:00
SR-HSE,atom_pair,LogisticRegression,smote,accuracy,"{'C': 0.001, 'l1_ratio': 1.0}",0.0410036719706242,1634,0.9589963280293756,0.9389236151340404,0.4895345204623555,0.5,0.0410036719706242,0.5,0.3333333333333333,0.3333333333333333,0.5,0.5,9338.0,0.9645714285714284,0.9471765976896868,0.4909831297265852,0.5,0.0354285714285714,875.0,0.2435519695281982,0.1485531330108642,2026-04-21T09:00:09.488150+00:00
SR-HSE,atom_pair,LogisticRegression,smoteenn,accuracy,"{'C': 0.001, 'l1_ratio': 1.0}",0.0410036719706242,1634,0.9589963280293756,0.9389236151340404,0.4895345204623555,0.5,0.0410036719706242,0.5030165912518854,0.3366904830557025,0.3346713497240341,0.5,0.4969834087481146,9282.0,0.9645714285714284,0.9471765976896868,0.4909831297265852,0.5,0.0354285714285714,875.0,0.1707417964935302,0.1607608795166015,2026-04-21T09:00:09.969026+00:00
SR-HSE,atom_pair,LogisticRegression,smoten,accuracy,"{'C': 0.001, 'l1_ratio': 1.0}",0.0410036719706242,1634,0.9589963280293756,0.9389236151340404,0.4895345204623555,0.5,0.0410036719706242,0.5,0.3333333333333333,0.3333333333333333,0.5,0.5,9338.0,0.9645714285714284,0.9471765976896868,0.4909831297265852,0.5,0.0354285714285714,875.0,0.1755049228668213,0.1787030696868896,2026-04-21T09:00:10.623929+00:00
SR-HSE,atom_pair,LogisticRegression,smoten_enn,accuracy,"{'C': 0.001, 'l1_ratio': 1.0}",0.0410036719706242,1634,0.9589963280293756,0.9389236151340404,0.4895345204623555,0.5,0.0410036719706242,0.5093269335660522,0.3437478249233734,0.3374530211043654,0.5,0.4906730664339478,9167.0,0.9645714285714284,0.9471765976896868,0.4909831297265852,0.5,0.0354285714285714,875.0,0.1395931243896484,0.1592018604278564,2026-04-21T09:00:14.256721+00:00
SR-HSE,avalon,XGBoost,none,accuracy,"{'colsample_bytree': 0.8, 'learning_rate': 0.05, 'max_depth': 5, 'min_child_weight': 1, 'n_estimators': 100, 'scale_pos_weight': 4, 'subsample': 0.8}",0.3358111585036642,1634,0.9675642594859241,0.9584647967491094,0.679909815009887,0.7669851127260952,0.3358111585036642,0.9793480461631909,0.978349370665378,0.8904859003678165,0.9862552850558848,0.8838207611281486,4939.0,0.9634285714285714,0.960019777631085,0.6828848418954426,0.818376395046629,0.2924044991060091,875.0,0.4923279285430908,0.46436190605163574,2026-04-30T04:33:22.125246+00:00
SR-HSE,avalon,RandomForest,random_over,accuracy,"{'max_depth': 10, 'max_features': 'sqrt', 'min_samples_leaf': 10, 'n_estimators': 200}",0.4294332031749548,1634,0.9681762545899631,0.959535237608734,0.6895034569453174,0.8115469239634628,0.4294332031749548,0.9509530948811308,0.9509336277435292,0.9509336277435292,0.9923289510279588,0.9919217212739077,9338.0,0.9451428571428572,0.948788921051138,0.6523639253079062,0.8179941904907506,0.2952346208521891,875.0,1.5773448944091797,1.282458782196045,2026-04-21T19:30:34.617474+00:00
SR-HSE,avalon,RandomForest,random_under,accuracy,"{'max_depth': 5, 'max_features': 'sqrt', 'min_samples_leaf': 5, 'n_estimators': 200}",0.3244398668652772,1634,0.9657282741738066,0.9564225635786364,0.6656191074795726,0.7711807903685147,0.3244398668652772,0.8876543209876543,0.8865769323243313,0.8712666723718474,0.9431275720164608,0.913142069171882,810.0,0.8297142857142857,0.8801739718660151,0.5621606010027907,0.7902461397339855,0.1678916491815602,875.0,0.3893330097198486,0.2869110107421875,2026-04-21T19:30:56.920007+00:00
SR-HSE,avalon,LogisticRegression,smote,accuracy,"{'C': 0.001, 'l1_ratio': 1.0}",0.0410036719706242,1634,0.9589963280293756,0.9389236151340404,0.4895345204623555,0.5,0.0410036719706242,0.5,0.3333333333333333,0.3333333333333333,0.5,0.5,9338.0,0.9645714285714284,0.9471765976896868,0.4909831297265852,0.5,0.0354285714285714,875.0,0.0988867282867431,0.056610107421875,2026-04-21T09:00:21.013954+00:00
SR-HSE,avalon,LogisticRegression,smoteenn,accuracy,"{'C': 0.001, 'l1_ratio': 1.0}",0.0410036719706242,1634,0.9589963280293756,0.9389236151340404,0.4895345204623555,0.5,0.0410036719706242,0.5074448429518531,0.3416380636975056,0.3366258111031002,0.5,0.4925551570481469,9201.0,0.9645714285714284,0.9471765976896868,0.4909831297265852,0.5,0.0354285714285714,875.0,0.0580480098724365,0.0544071197509765,2026-04-21T09:00:22.502729+00:00
SR-HSE,avalon,LogisticRegression,smoten,accuracy,"{'C': 0.001, 'l1_ratio': 1.0}",0.0410036719706242,1634,0.9589963280293756,0.9389236151340404,0.4895345204623555,0.5,0.0410036719706242,0.5,0.3333333333333333,0.3333333333333333,0.5,0.5,9338.0,0.9645714285714284,0.9471765976896868,0.4909831297265852,0.5,0.0354285714285714,875.0,0.0603351593017578,0.054438829421997,2026-04-21T09:00:24.728813+00:00
SR-HSE,avalon,XGBoost,smoten_enn,accuracy,"{'colsample_bytree': 0.8, 'learning_rate': 0.1, 'max_depth': 7, 'min_child_weight': 5, 'n_estimators': 100, 'scale_pos_weight': 1, 'subsample': 0.8}",0.17964008889512176,1634,0.9620563035495716,0.947922514364246,0.5823934837092731,0.6525112154606674,0.17964008889512176,0.9890865437083924,0.9890873931661937,0.98908464029369,0.999557964675873,0.9995397684347382,9163.0,0.9531428571428572,0.9492886733684145,0.6011274057437653,0.7320363858737196,0.20169250316866996,875.0,0.7987368106842041,0.7992782592773438,2026-04-30T04:34:30.807696+00:00
SR-HSE,erg,RandomForest,none,accuracy,"{'max_depth': 15, 'max_features': 'log2', 'min_samples_leaf': 10, 'n_estimators': 100}",0.0751151622104839,1634,0.9596083231334148,0.940423019115847,0.5043933823529412,0.6258227052357865,0.0751151622104839,0.9018019842073294,0.918714817160249,0.6952927386020112,0.9310832678898646,0.4907917023241131,4939.0,0.8971428571428571,0.9189668547897862,0.5777570454252992,0.7303929062834429,0.1522174995100861,875.0,0.2979609966278076,0.1720211505889892,2026-04-21T19:31:48.554535+00:00
SR-HSE,erg,DecisionTree,random_over,accuracy,"{'ccp_alpha': 0.0, 'criterion': 'gini', 'max_depth': 5, 'min_samples_leaf': 10}",0.0444002650762094,1634,0.9589963280293756,0.9389236151340404,0.4895345204623555,0.5398851308232291,0.0444002650762094,0.7309916470336261,0.7298235565561093,0.7298235565561093,0.7940206915175952,0.7663569328013784,9338.0,0.7942857142857143,0.8568905380333951,0.512987012987013,0.7148754013147836,0.103848092032668,875.0,0.1018612384796142,0.0767922401428222,2026-04-22T10:54:48.229738+00:00
SR-HSE,erg,XGBoost,random_under,accuracy,"{'colsample_bytree': 0.8, 'learning_rate': 0.05, 'max_depth': 3, 'min_child_weight': 5, 'n_estimators': 100, 'scale_pos_weight': 1, 'subsample': 0.8}",0.06916229759147965,1634,0.9596083231334149,0.940423019115847,0.5043933823529412,0.5851946394384174,0.06916229759147965,0.7950617283950617,0.7735805953100854,0.728965934287442,0.8697050754458162,0.7930918525667299,810.0,0.9074285714285715,0.9236899793120265,0.5663785033863774,0.7467321510472404,0.18336847825120026,875.0,0.0649409294128418,0.05843210220336914,2026-04-30T04:34:59.091181+00:00
SR-HSE,erg,XGBoost,smote,accuracy,"{'colsample_bytree': 0.8, 'learning_rate': 0.05, 'max_depth': 3, 'min_child_weight': 5, 'n_estimators': 200, 'scale_pos_weight': 1, 'subsample': 0.8}",0.06116348802754574,1634,0.9589963280293757,0.9389236151340405,0.4895345204623555,0.6382335292268714,0.06116348802754574,0.9349967873206254,0.9349623099379946,0.9349623099379947,0.9817039434876692,0.9841483575707639,9338.0,0.9348571428571428,0.9395515195222108,0.5925944078221874,0.6932044029964837,0.13558561201036823,875.0,1.1404368877410889,1.0893690586090088,2026-04-30T04:35:04.487906+00:00
SR-HSE,erg,XGBoost,smoteenn,accuracy,"{'colsample_bytree': 0.8, 'learning_rate': 0.05, 'max_depth': 5, 'min_child_weight': 1, 'n_estimators': 200, 'scale_pos_weight': 1, 'subsample': 0.8}",0.05650237042513964,1634,0.9589963280293757,0.9389236151340405,0.4895345204623555,0.6269371076969968,0.05650237042513964,0.9790523132071245,0.9790366949101843,0.9789798885381276,0.9972356973898475,0.9972996291631587,8927.0,0.9554285714285714,0.9517623966187357,0.6205846054635816,0.7376547928451307,0.2095423444560641,875.0,2.0181198120117188,1.9513349533081055,2026-04-30T04:35:06.764110+00:00
SR-HSE,erg,LogisticRegression,smoten,accuracy,"{'C': 0.001, 'l1_ratio': 1.0}",0.0410036719706242,1634,0.9589963280293756,0.9389236151340404,0.4895345204623555,0.5,0.0410036719706242,0.5,0.3333333333333333,0.3333333333333333,0.5,0.5,9338.0,0.9645714285714284,0.9471765976896868,0.4909831297265852,0.5,0.0354285714285714,875.0,0.0300569534301757,0.0222618579864501,2026-04-21T09:00:29.674904+00:00
SR-HSE,erg,LogisticRegression,smoten_enn,accuracy,"{'C': 0.001, 'l1_ratio': 1.0}",0.0410036719706242,1634,0.9589963280293756,0.9389236151340404,0.4895345204623555,0.5,0.0410036719706242,0.5777750278430888,0.4231578988234323,0.3661960784313725,0.5,0.4222249721569113,8081.0,0.9645714285714284,0.9471765976896868,0.4909831297265852,0.5,0.0354285714285714,875.0,0.0270740985870361,0.0171489715576171,2026-04-21T09:00:30.044008+00:00
SR-HSE,estate,KNeighbors,none,accuracy,"{'n_neighbors': 5, 'weights': 'uniform'}",0.217503347112949,1634,0.96328029375765,0.9519371186907312,0.6247301456065408,0.7059072855251503,0.217503347112949,0.9520145778497672,0.9371573114959476,0.6274079527734249,0.9591410643884408,0.4835774693849082,4939.0,0.9645714285714284,0.954362665193758,0.5935050727569722,0.7282525607705244,0.1793213358284626,875.0,0.0621950626373291,0.0009419918060302,2026-04-24T07:22:39.745303+00:00
SR-HSE,estate,LogisticRegression,random_over,accuracy,"{'C': 0.001, 'l1_ratio': 1.0}",0.0410036719706242,1634,0.9589963280293756,0.9389236151340404,0.4895345204623555,0.5,0.0410036719706242,0.5,0.3333333333333333,0.3333333333333333,0.5,0.5,9338.0,0.9645714285714284,0.9471765976896868,0.4909831297265852,0.5,0.0354285714285714,875.0,0.0182888507843017,0.0077271461486816,2026-04-21T09:00:31.113721+00:00
SR-HSE,estate,BernoulliNB,random_under,accuracy,{'alpha': 50.0},0.1634916842358223,1634,0.9589963280293756,0.9389236151340404,0.4895345204623555,0.7587413919553477,0.1634916842358223,0.6666666666666666,0.5333333333333333,0.4,0.6504046639231824,0.4378385633408496,810.0,0.9634285714285714,0.9466050224513556,0.4906868451688009,0.643728023238037,0.0528760315029861,875.0,0.0044968128204345,0.0005412101745605,2026-04-21T14:33:33.776343+00:00
SR-HSE,estate,XGBoost,smote,accuracy,"{'colsample_bytree': 0.8, 'learning_rate': 0.1, 'max_depth': 5, 'min_child_weight': 1, 'n_estimators': 100, 'scale_pos_weight': 1, 'subsample': 0.8}",0.18299147031128618,1634,0.9608323133414932,0.9443483601067362,0.5455430399109998,0.7565316366476489,0.18299147031128618,0.975048190190619,0.9750381797838598,0.9750381797838596,0.9952699964921312,0.9962129466073812,9338.0,0.9554285714285714,0.9526842431904379,0.6339501206757844,0.7776524996177955,0.2290572422000047,875.0,0.20468878746032715,0.19543099403381348,2026-04-30T04:35:47.331772+00:00
SR-HSE,estate,XGBoost,smoteenn,accuracy,"{'colsample_bytree': 0.8, 'learning_rate': 0.1, 'max_depth': 7, 'min_child_weight': 1, 'n_estimators': 200, 'scale_pos_weight': 1, 'subsample': 0.8}",0.18870028226781613,1634,0.9608323133414932,0.9453214083031771,0.5575487823452758,0.7194515615921668,0.18870028226781613,0.9928977272727273,0.9928963961232813,0.992892466063013,0.9997443759239528,0.9997566815583002,9152.0,0.9542857142857143,0.9500247220388565,0.6036060523693033,0.7932846659532182,0.25785386523689474,875.0,0.483842134475708,0.4608340263366699,2026-04-30T04:35:49.227497+00:00
SR-HSE,estate,LogisticRegression,smoten,accuracy,"{'C': 0.001, 'l1_ratio': 1.0}",0.0410036719706242,1634,0.9589963280293756,0.9389236151340404,0.4895345204623555,0.5,0.0410036719706242,0.5,0.3333333333333333,0.3333333333333333,0.5,0.5,9338.0,0.9645714285714284,0.9471765976896868,0.4909831297265852,0.5,0.0354285714285714,875.0,0.0126597881317138,0.0073888301849365,2026-04-21T09:00:32.790032+00:00
SR-HSE,estate,LogisticRegression,smoten_enn,accuracy,"{'C': 0.001, 'l1_ratio': 1.0}",0.0410036719706242,1634,0.9589963280293756,0.9389236151340404,0.4895345204623555,0.5,0.0410036719706242,0.5400185056673606,0.3787227041623592,0.350657153586181,0.5,0.4599814943326393,8646.0,0.9645714285714284,0.9471765976896868,0.4909831297265852,0.5,0.0354285714285714,875.0,0.0097260475158691,0.0055680274963378,2026-04-21T09:00:33.115741+00:00
SR-HSE,fcfp,XGBoost,none,accuracy,"{'colsample_bytree': 0.8, 'learning_rate': 0.05, 'max_depth': 3, 'min_child_weight': 1, 'n_estimators': 100, 'scale_pos_weight': 1, 'subsample': 0.8}",0.0688430872359603,1634,0.9589963280293757,0.9389236151340405,0.4895345204623555,0.6467058453742773,0.0688430872359603,0.9485725855436323,0.9273987874409741,0.5518200057732595,0.8234985681762294,0.3811564230091427,4939.0,0.9645714285714285,0.9471765976896867,0.4909831297265852,0.7206084696529582,0.16357607086246048,875.0,1.25008225440979,1.2563529014587402,2026-04-30T04:36:01.001598+00:00
SR-HSE,fcfp,LogisticRegression,random_over,accuracy,"{'C': 0.001, 'l1_ratio': 1.0}",0.0410036719706242,1634,0.9589963280293756,0.9389236151340404,0.4895345204623555,0.5,0.0410036719706242,0.5,0.3333333333333333,0.3333333333333333,0.5,0.5,9338.0,0.9645714285714284,0.9471765976896868,0.4909831297265852,0.5,0.0354285714285714,875.0,0.1688110828399658,0.14528489112854,2026-04-21T09:00:33.678880+00:00
SR-HSE,fcfp,BernoulliNB,random_under,accuracy,{'alpha': 10.0},0.0872685174329584,1634,0.9589963280293756,0.9389236151340404,0.4895345204623555,0.7004114716779852,0.0872685174329584,0.6666666666666666,0.5333333333333333,0.4,0.7464060356652948,0.6142062105519278,810.0,0.9645714285714284,0.9471765976896868,0.4909831297265852,0.5867413239565815,0.0614376907877858,875.0,0.0486669540405273,0.0112068653106689,2026-04-21T14:33:35.401271+00:00
SR-HSE,fcfp,LogisticRegression,smote,accuracy,"{'C': 0.001, 'l1_ratio': 1.0}",0.0410036719706242,1634,0.9589963280293756,0.9389236151340404,0.4895345204623555,0.5,0.0410036719706242,0.5,0.3333333333333333,0.3333333333333333,0.5,0.5,9338.0,0.9645714285714284,0.9471765976896868,0.4909831297265852,0.5,0.0354285714285714,875.0,0.1601631641387939,0.1526272296905517,2026-04-21T09:00:34.465111+00:00
SR-HSE,fcfp,LogisticRegression,smoteenn,accuracy,"{'C': 0.001, 'l1_ratio': 1.0}",0.0410036719706242,1634,0.9589963280293756,0.9389236151340404,0.4895345204623555,0.5,0.0410036719706242,0.5079416884247171,0.3421946098052095,0.3368443835221124,0.5,0.4920583115752828,9192.0,0.9645714285714284,0.9471765976896868,0.4909831297265852,0.5,0.0354285714285714,875.0,0.1707968711853027,0.2130398750305175,2026-04-21T09:00:35.520185+00:00
SR-HSE,fcfp,DecisionTree,smoten,accuracy,"{'ccp_alpha': 0.01, 'criterion': 'gini', 'max_depth': 10, 'min_samples_leaf': 10}",0.0521151058836717,1634,0.9589963280293756,0.9389236151340404,0.4895345204623555,0.5915000619112478,0.0521151058836717,0.8693510387663311,0.8693287342905802,0.8693287342905802,0.8896604844473703,0.8481231367936177,9338.0,0.8628571428571429,0.8973882218763004,0.5279965476318912,0.6158270906589207,0.0584251655626004,875.0,1.5203089714050293,1.492229700088501,2026-04-22T10:55:18.631921+00:00
SR-HSE,fcfp,LogisticRegression,smoten_enn,accuracy,"{'C': 0.001, 'l1_ratio': 1.0}",0.0410036719706242,1634,0.9589963280293756,0.9389236151340404,0.4895345204623555,0.5,0.0410036719706242,0.5106080489938758,0.3451862710131623,0.3380149134872945,0.5,0.4893919510061242,9144.0,0.9645714285714284,0.9471765976896868,0.4909831297265852,0.5,0.0354285714285714,875.0,0.1484899520874023,0.1328928470611572,2026-04-21T09:00:36.889874+00:00
SR-HSE,klekota_roth,XGBoost,none,accuracy,"{'colsample_bytree': 0.8, 'learning_rate': 0.05, 'max_depth': 3, 'min_child_weight': 1, 'n_estimators': 100, 'scale_pos_weight': 1, 'subsample': 0.8}",0.05739361141506119,1634,0.9589963280293757,0.9389236151340405,0.4895345204623555,0.6596786329996476,0.05739361141506119,0.9473577647297023,0.9239844171134252,0.5254597808188399,0.853347532582915,0.4541428462033754,4939.0,0.9645714285714285,0.9471765976896867,0.4909831297265852,0.7483182999541356,0.2036187049249085,875.0,3.889693021774292,3.757840156555176,2026-04-30T04:38:29.172678+00:00
SR-HSE,klekota_roth,LogisticRegression,random_over,accuracy,"{'C': 0.001, 'l1_ratio': 1.0}",0.0410036719706242,1634,0.9589963280293756,0.9389236151340404,0.4895345204623555,0.5,0.0410036719706242,0.5,0.3333333333333333,0.3333333333333333,0.5,0.5,9338.0,0.9645714285714284,0.9471765976896868,0.4909831297265852,0.5,0.0354285714285714,875.0,0.4500536918640136,0.3466691970825195,2026-04-21T09:00:38.659000+00:00
SR-HSE,klekota_roth,BernoulliNB,random_under,accuracy,{'alpha': 10.0},0.0492478871542186,1634,0.9589963280293756,0.9389236151340404,0.4895345204623555,0.5902761241653888,0.0492478871542186,0.6666666666666666,0.5333333333333333,0.4,0.7595747599451304,0.632371546866705,810.0,0.9645714285714284,0.9471765976896868,0.4909831297265852,0.7336416450084084,0.0881375289234156,875.0,0.1127951145172119,0.0204670429229736,2026-04-21T14:33:45.422195+00:00
SR-HSE,klekota_roth,LogisticRegression,smote,accuracy,"{'C': 0.001, 'l1_ratio': 1.0}",0.0410036719706242,1634,0.9589963280293756,0.9389236151340404,0.4895345204623555,0.5,0.0410036719706242,0.5,0.3333333333333333,0.3333333333333333,0.5,0.5,9338.0,0.9645714285714284,0.9471765976896868,0.4909831297265852,0.5,0.0354285714285714,875.0,0.3738620281219482,0.4042108058929443,2026-04-21T09:00:42.063745+00:00
SR-HSE,klekota_roth,LogisticRegression,smoteenn,accuracy,"{'C': 0.001, 'l1_ratio': 1.0}",0.0410036719706242,1634,0.9589963280293756,0.9389236151340404,0.4895345204623555,0.5,0.0410036719706242,0.5080522306855277,0.3423184739260739,0.3368929937224908,0.5,0.4919477693144722,9190.0,0.9645714285714284,0.9471765976896868,0.4909831297265852,0.5,0.0354285714285714,875.0,0.411564826965332,0.3790040016174316,2026-04-21T09:00:47.559066+00:00
SR-HSE,klekota_roth,LogisticRegression,smoten,accuracy,"{'C': 0.001, 'l1_ratio': 1.0}",0.0410036719706242,1634,0.9589963280293756,0.9389236151340404,0.4895345204623555,0.5,0.0410036719706242,0.5,0.3333333333333333,0.3333333333333333,0.5,0.5,9338.0,0.9645714285714284,0.9471765976896868,0.4909831297265852,0.5,0.0354285714285714,875.0,0.6939661502838135,0.4261050224304199,2026-04-21T09:00:48.292358+00:00
SR-HSE,klekota_roth,LogisticRegression,smoten_enn,accuracy,"{'C': 0.001, 'l1_ratio': 1.0}",0.0410036719706242,1634,0.9589963280293756,0.9389236151340404,0.4895345204623555,0.5,0.0410036719706242,0.5126262626262627,0.3474561980405052,0.33889816360601,0.5,0.4873737373737373,9108.0,0.9645714285714284,0.9471765976896868,0.4909831297265852,0.5,0.0354285714285714,875.0,0.6533210277557373,0.3717858791351318,2026-04-21T09:00:50.010487+00:00
SR-HSE,maccs,XGBoost,none,accuracy,"{'colsample_bytree': 0.8, 'learning_rate': 0.1, 'max_depth': 5, 'min_child_weight': 1, 'n_estimators': 200, 'scale_pos_weight': 1, 'subsample': 0.8}",0.4052931911340834,1634,0.9651162790697675,0.9546782801315884,0.647678311361616,0.806508300869615,0.4052931911340834,0.9793480461631909,0.97716581925143,0.8792105520592168,0.9905067307616033,0.9265144048728302,4939.0,0.9668571428571429,0.9607620537168924,0.6692733789507983,0.8259440452530195,0.33549100241318086,875.0,0.3361930847167969,0.3044731616973877,2026-04-30T04:46:31.470934+00:00
SR-HSE,maccs,LogisticRegression,random_over,accuracy,"{'C': 0.001, 'l1_ratio': 1.0}",0.0410036719706242,1634,0.9589963280293756,0.9389236151340404,0.4895345204623555,0.5,0.0410036719706242,0.5,0.3333333333333333,0.3333333333333333,0.5,0.5,9338.0,0.9645714285714284,0.9471765976896868,0.4909831297265852,0.5,0.0354285714285714,875.0,0.0364112854003906,0.0422589778900146,2026-04-21T09:00:53.156934+00:00
SR-HSE,maccs,LogisticRegression,random_under,accuracy,"{'C': 0.001, 'l1_ratio': 1.0}",0.0410036719706242,1634,0.9589963280293756,0.9389236151340404,0.4895345204623555,0.5,0.0410036719706242,0.6666666666666666,0.5333333333333333,0.4,0.5,0.3333333333333333,810.0,0.9645714285714284,0.9471765976896868,0.4909831297265852,0.5,0.0354285714285714,875.0,0.0096020698547363,0.0022947788238525,2026-04-21T09:00:54.015914+00:00
SR-HSE,maccs,LogisticRegression,smote,accuracy,"{'C': 0.001, 'l1_ratio': 1.0}",0.0410036719706242,1634,0.9589963280293756,0.9389236151340404,0.4895345204623555,0.5,0.0410036719706242,0.5,0.3333333333333333,0.3333333333333333,0.5,0.5,9338.0,0.9645714285714284,0.9471765976896868,0.4909831297265852,0.5,0.0354285714285714,875.0,0.0364389419555664,0.0180070400238037,2026-04-21T09:00:54.657801+00:00
SR-HSE,maccs,LogisticRegression,smoteenn,accuracy,"{'C': 0.001, 'l1_ratio': 1.0}",0.0410036719706242,1634,0.9589963280293756,0.9389236151340404,0.4895345204623555,0.5,0.0410036719706242,0.5163680601636806,0.35167711660772,0.3405295018598205,0.5,0.4836319398363194,9042.0,0.9645714285714284,0.9471765976896868,0.4909831297265852,0.5,0.0354285714285714,875.0,0.0227279663085937,0.0158100128173828,2026-04-21T09:00:55.838101+00:00
SR-HSE,maccs,LogisticRegression,smoten,accuracy,"{'C': 0.001, 'l1_ratio': 1.0}",0.0410036719706242,1634,0.9589963280293756,0.9389236151340404,0.4895345204623555,0.5,0.0410036719706242,0.5,0.3333333333333333,0.3333333333333333,0.5,0.5,9338.0,0.9645714285714284,0.9471765976896868,0.4909831297265852,0.5,0.0354285714285714,875.0,0.0237619876861572,0.0188379287719726,2026-04-21T09:00:56.844976+00:00
SR-HSE,maccs,LogisticRegression,smoten_enn,accuracy,"{'C': 0.001, 'l1_ratio': 1.0}",0.0410036719706242,1634,0.9589963280293756,0.9389236151340404,0.4895345204623555,0.5,0.0410036719706242,0.5097161572052402,0.344184646466305,0.3376238339720876,0.5,0.4902838427947598,9160.0,0.9645714285714284,0.9471765976896868,0.4909831297265852,0.5,0.0354285714285714,875.0,0.0271120071411132,0.0191400051116943,2026-04-21T09:00:59.293751+00:00
SR-HSE,map4,XGBoost,none,accuracy,"{'colsample_bytree': 0.8, 'learning_rate': 0.05, 'max_depth': 3, 'min_child_weight': 1, 'n_estimators': 100, 'scale_pos_weight': 1, 'subsample': 0.8}",0.05372513027549561,1634,0.9589963280293757,0.9389236151340405,0.4895345204623555,0.5571440817609463,0.05372513027549561,0.9475602348653573,0.9241007662023426,0.5256521073274307,0.9230146831346231,0.6848642945415366,4939.0,0.9645714285714285,0.9471765976896867,0.4909831297265852,0.6862865005350864,0.08931485033372791,875.0,0.7421720027923584,0.743323802947998,2026-04-30T04:47:38.593785+00:00
SR-HSE,map4,XGBoost,random_over,accuracy,"{'colsample_bytree': 0.8, 'learning_rate': 0.05, 'max_depth': 7, 'min_child_weight': 1, 'n_estimators': 200, 'scale_pos_weight': 1, 'subsample': 0.8}",0.06496039609143084,1634,0.9589963280293757,0.9389236151340405,0.4895345204623555,0.6240510910666832,0.06496039609143084,0.9997858213750268,0.9997858213652019,0.9997858213652019,0.9999446319125417,0.9999397059486105,9338.0,0.9691428571428572,0.9589433155948042,0.6272542244521229,0.7649824185904296,0.29120634916604893,875.0,3.9117307662963867,3.779448986053467,2026-04-30T04:47:42.730574+00:00
SR-HSE,map4,LogisticRegression,random_under,accuracy,"{'C': 0.001, 'l1_ratio': 1.0}",0.0410036719706242,1634,0.9589963280293756,0.9389236151340404,0.4895345204623555,0.5,0.0410036719706242,0.6666666666666666,0.5333333333333333,0.4,0.5,0.3333333333333333,810.0,0.9645714285714284,0.9471765976896868,0.4909831297265852,0.5,0.0354285714285714,875.0,0.0348138809204101,0.0149309635162353,2026-04-21T09:01:04.490979+00:00
SR-HSE,map4,LogisticRegression,smote,accuracy,"{'C': 0.001, 'l1_ratio': 1.0}",0.0410036719706242,1634,0.9589963280293756,0.9389236151340404,0.4895345204623555,0.5,0.0410036719706242,0.5,0.3333333333333333,0.3333333333333333,0.5,0.5,9338.0,0.9645714285714284,0.9471765976896868,0.4909831297265852,0.5,0.0354285714285714,875.0,0.1662640571594238,0.1012909412384033,2026-04-21T09:01:05.867672+00:00
SR-HSE,map4,LogisticRegression,smoteenn,accuracy,"{'C': 0.001, 'l1_ratio': 1.0}",0.0410036719706242,1634,0.9589963280293756,0.9389236151340404,0.4895345204623555,0.5,0.0410036719706242,0.5033962264150943,0.3371137379707509,0.3348393574297189,0.5,0.4966037735849056,9275.0,0.9645714285714284,0.9471765976896868,0.4909831297265852,0.5,0.0354285714285714,875.0,0.1142380237579345,0.1064541339874267,2026-04-21T09:01:07.221219+00:00
SR-HSE,map4,LogisticRegression,smoten,accuracy,"{'C': 0.001, 'l1_ratio': 1.0}",0.0410036719706242,1634,0.9589963280293756,0.9389236151340404,0.4895345204623555,0.5,0.0410036719706242,0.5,0.3333333333333333,0.3333333333333333,0.5,0.5,9338.0,0.9645714285714284,0.9471765976896868,0.4909831297265852,0.5,0.0354285714285714,875.0,0.1223177909851074,0.1139531135559082,2026-04-21T09:01:11.932765+00:00
SR-HSE,map4,LogisticRegression,smoten_enn,accuracy,"{'C': 0.001, 'l1_ratio': 1.0}",0.0410036719706242,1634,0.9589963280293756,0.9389236151340404,0.4895345204623555,0.5,0.0410036719706242,0.506783892326061,0.3408981405086268,0.3363348220717476,0.5,0.493216107673939,9213.0,0.9645714285714284,0.9471765976896868,0.4909831297265852,0.5,0.0354285714285714,875.0,0.1167120933532714,0.1143910884857177,2026-04-21T09:01:12.242887+00:00
SR-HSE,mhfp,XGBoost,none,accuracy,"{'colsample_bytree': 0.8, 'learning_rate': 0.05, 'max_depth': 3, 'min_child_weight': 1, 'n_estimators': 100, 'scale_pos_weight': 8, 'subsample': 0.8}",0.06524549029698372,1634,0.9589963280293757,0.9389236151340405,0.4895345204623555,0.6164217203707055,0.06524549029698372,0.9799554565701559,0.9781735697715812,0.8859556871018188,0.994062095936159,0.9329287466587544,4939.0,0.9657142857142857,0.9518763589351824,0.550082270670506,0.6948096621311726,0.17458885727005594,875.0,1.7822449207305908,1.7326173782348633,2026-04-30T04:50:03.362781+00:00
SR-HSE,mhfp,XGBoost,random_over,accuracy,"{'colsample_bytree': 0.8, 'learning_rate': 0.05, 'max_depth': 5, 'min_child_weight': 1, 'n_estimators': 100, 'scale_pos_weight': 1, 'subsample': 0.8}",0.056536325707890515,1634,0.9589963280293757,0.9389236151340405,0.4895345204623555,0.6009915324462562,0.056536325707890515,0.9991432855001071,0.9991432848713125,0.9991432848713127,0.9996893744786879,0.9995073130117863,9338.0,0.9657142857142857,0.95359337667389,0.5745818747569039,0.6873948937471334,0.1693095839581732,875.0,4.142704963684082,4.233424186706543,2026-04-30T04:50:54.699713+00:00
SR-HSE,mhfp,LogisticRegression,random_under,accuracy,"{'C': 0.001, 'l1_ratio': 1.0}",0.0410036719706242,1634,0.9589963280293756,0.9389236151340404,0.4895345204623555,0.5,0.0410036719706242,0.6666666666666666,0.5333333333333333,0.4,0.5,0.3333333333333333,810.0,0.9645714285714284,0.9471765976896868,0.4909831297265852,0.5,0.0354285714285714,875.0,0.0626611709594726,0.0313150882720947,2026-04-21T09:01:22.462425+00:00
SR-HSE,mhfp,LogisticRegression,smote,accuracy,"{'C': 0.001, 'l1_ratio': 1.0}",0.0410036719706242,1634,0.9589963280293756,0.9389236151340404,0.4895345204623555,0.5,0.0410036719706242,0.5,0.3333333333333333,0.3333333333333333,0.5,0.5,9338.0,0.9645714285714284,0.9471765976896868,0.4909831297265852,0.5,0.0354285714285714,875.0,0.526129961013794,0.4786019325256347,2026-04-21T09:01:23.081238+00:00
SR-HSE,mhfp,LogisticRegression,smoteenn,accuracy,"{'C': 0.001, 'l1_ratio': 1.0}",0.0410036719706242,1634,0.9589963280293756,0.9389236151340404,0.4895345204623555,0.5,0.0410036719706242,0.5013422098142382,0.334825744188625,0.3339293377199256,0.5,0.4986577901857618,9313.0,0.9645714285714284,0.9471765976896868,0.4909831297265852,0.5,0.0354285714285714,875.0,0.5196659564971924,0.4034128189086914,2026-04-21T09:01:25.745863+00:00
SR-HSE,mhfp,XGBoost,smoten,accuracy,"{'colsample_bytree': 0.8, 'learning_rate': 0.05, 'max_depth': 5, 'min_child_weight': 5, 'n_estimators': 100, 'scale_pos_weight': 1, 'subsample': 0.8}",0.11146854575947227,1634,0.9589963280293757,0.9389236151340405,0.4895345204623555,0.5860042480640829,0.11146854575947227,0.9834011565645748,0.9833969293605124,0.9833969293605125,0.9998281846134425,0.9998300024270698,9338.0,0.9645714285714285,0.9511850062473968,0.5481049562682215,0.7118942057789328,0.18344367854532834,875.0,4.476367950439453,4.117534160614014,2026-04-30T04:52:11.279732+00:00
SR-HSE,mhfp,XGBoost,smoten_enn,accuracy,"{'colsample_bytree': 0.8, 'learning_rate': 0.05, 'max_depth': 3, 'min_child_weight': 1, 'n_estimators': 100, 'scale_pos_weight': 1, 'subsample': 0.8}",0.06599908202423574,1634,0.9589963280293757,0.9389236151340405,0.4895345204623555,0.544528474411605,0.06599908202423574,0.9780692324231348,0.9780637611180457,0.9780622459874055,0.9936884106434342,0.9951397966653812,9302.0,0.96,0.9500018553140476,0.5629308253293183,0.6529200428069103,0.12335840889155601,875.0,3.2281441688537598,3.178389072418213,2026-04-30T04:55:02.884330+00:00
SR-HSE,morgan_2048,XGBoost,none,accuracy,"{'colsample_bytree': 0.8, 'learning_rate': 0.05, 'max_depth': 7, 'min_child_weight': 1, 'n_estimators': 200, 'scale_pos_weight': 4, 'subsample': 0.8}",0.20731272439558612,1634,0.9602203182374541,0.9449411663084396,0.5564881511640046,0.7422682376248939,0.20731272439558612,0.9850172099615306,0.9843246531457117,0.9208547066293165,0.9949703719568788,0.9315679132416552,4939.0,0.9565714285714285,0.9492225235470796,0.5758062869973464,0.782716709983183,0.23109613803680054,875.0,2.4831840991973877,2.3984220027923584,2026-04-30T04:55:16.162510+00:00
SR-HSE,morgan_2048,LogisticRegression,random_over,accuracy,"{'C': 0.001, 'l1_ratio': 1.0}",0.0410036719706242,1634,0.9589963280293756,0.9389236151340404,0.4895345204623555,0.5,0.0410036719706242,0.5,0.3333333333333333,0.3333333333333333,0.5,0.5,9338.0,0.9645714285714284,0.9471765976896868,0.4909831297265852,0.5,0.0354285714285714,875.0,0.2114617824554443,0.1714010238647461,2026-04-21T09:01:47.911648+00:00
SR-HSE,morgan_2048,BernoulliNB,random_under,accuracy,{'alpha': 10.0},0.0854430178638527,1634,0.9589963280293756,0.9389236151340404,0.4895345204623555,0.6633504462372248,0.0854430178638527,0.6666666666666666,0.5333333333333333,0.4,0.7643964334705076,0.6269090456565599,810.0,0.9645714285714284,0.9471765976896868,0.4909831297265852,0.5887478978749426,0.0673465205533986,875.0,0.0374321937561035,0.0089747905731201,2026-04-21T14:34:35.130974+00:00
SR-HSE,morgan_2048,LogisticRegression,smote,accuracy,"{'C': 0.001, 'l1_ratio': 1.0}",0.0413758979593422,1634,0.9589963280293756,0.9389236151340404,0.4895345204623555,0.5045861947442113,0.0413758979593422,0.5,0.3333333333333333,0.3333333333333333,0.7155707860355537,0.6496476342187771,9338.0,0.9645714285714284,0.9471765976896868,0.4909831297265852,0.5297164042195384,0.0377548921391838,875.0,0.1840879917144775,0.167896032333374,2026-04-21T09:01:51.033436+00:00
SR-HSE,morgan_2048,LogisticRegression,smoteenn,accuracy,"{'C': 0.001, 'l1_ratio': 1.0}",0.0413758979593422,1634,0.9589963280293756,0.9389236151340404,0.4895345204623555,0.5045861947442113,0.0413758979593422,0.5070590790616855,0.3412061454405145,0.3364560063414282,0.7213187382326209,0.6481062367455243,9208.0,0.9645714285714284,0.9471765976896868,0.4909831297265852,0.5297164042195384,0.0377548921391838,875.0,0.2181758880615234,0.1479132175445556,2026-04-21T09:01:53.308491+00:00
SR-HSE,morgan_2048,LogisticRegression,smoten,accuracy,"{'C': 0.001, 'l1_ratio': 1.0}",0.0413758979593422,1634,0.9589963280293756,0.9389236151340404,0.4895345204623555,0.5045861947442113,0.0413758979593422,0.5,0.3333333333333333,0.3333333333333333,0.7476975797815378,0.6760943217195758,9338.0,0.9645714285714284,0.9471765976896868,0.4909831297265852,0.5297164042195384,0.0377548921391838,875.0,0.1905770301818847,0.1804189682006836,2026-04-21T09:01:54.164319+00:00
SR-HSE,morgan_2048,XGBoost,smoten_enn,accuracy,"{'colsample_bytree': 0.8, 'learning_rate': 0.1, 'max_depth': 3, 'min_child_weight': 5, 'n_estimators': 200, 'scale_pos_weight': 1, 'subsample': 0.8}",0.07180480900112306,1634,0.9589963280293757,0.9389236151340405,0.4895345204623555,0.6071874196344379,0.07180480900112306,0.9824139814309121,0.9824155432028902,0.9824108578869561,0.9976126435858563,0.9980147600586737,9155.0,0.96,0.9513854034686177,0.5827713518889388,0.6433649289099526,0.1105011236790151,875.0,3.719316005706787,3.6956429481506348,2026-04-30T04:58:35.171343+00:00
SR-HSE,morgan_4096,XGBoost,none,accuracy,"{'colsample_bytree': 0.8, 'learning_rate': 0.1, 'max_depth': 3, 'min_child_weight': 5, 'n_estimators': 200, 'scale_pos_weight': 4, 'subsample': 0.8}",0.13282382188901398,1634,0.9602203182374541,0.9418876502964083,0.5188260824261205,0.6998352208326587,0.13282382188901398,0.9661874873456165,0.9620117437425735,0.7965243914021563,0.9666833250041647,0.7374520298695144,4939.0,0.9508571428571428,0.9445259811155503,0.5485848660451835,0.6766167252713653,0.15844367728162626,875.0,5.661420106887817,5.613379955291748,2026-04-30T04:58:47.945197+00:00
SR-HSE,morgan_4096,LogisticRegression,random_over,accuracy,"{'C': 0.001, 'l1_ratio': 1.0}",0.0410036719706242,1634,0.9589963280293756,0.9389236151340404,0.4895345204623555,0.5,0.0410036719706242,0.5,0.3333333333333333,0.3333333333333333,0.5,0.5,9338.0,0.9645714285714284,0.9471765976896868,0.4909831297265852,0.5,0.0354285714285714,875.0,0.3989949226379394,0.3501989841461181,2026-04-21T09:02:06.998757+00:00
SR-HSE,morgan_4096,BernoulliNB,random_under,accuracy,{'alpha': 10.0},0.0741596462662684,1634,0.9589963280293756,0.9389236151340404,0.4895345204623555,0.5574917372296145,0.0741596462662684,0.6666666666666666,0.5333333333333333,0.4,0.7305144032921811,0.5833925905615056,810.0,0.9645714285714284,0.9471765976896868,0.4909831297265852,0.5608851857514141,0.0537037646624127,875.0,0.1358530521392822,0.0400471687316894,2026-04-21T14:34:50.690632+00:00
SR-HSE,morgan_4096,LogisticRegression,smote,accuracy,"{'C': 0.001, 'l1_ratio': 1.0}",0.0422100519928394,1634,0.9589963280293756,0.9389236151340404,0.4895345204623555,0.5139633675908905,0.0422100519928394,0.5,0.3333333333333333,0.3333333333333333,0.7487684729064039,0.677082500411033,9338.0,0.9645714285714284,0.9471765976896868,0.4909831297265852,0.5297164042195384,0.0377548921391838,875.0,0.3772130012512207,0.3299980163574219,2026-04-21T09:02:08.972178+00:00
SR-HSE,morgan_4096,LogisticRegression,smoteenn,accuracy,"{'C': 0.001, 'l1_ratio': 1.0}",0.0422100519928394,1634,0.9589963280293756,0.9389236151340404,0.4895345204623555,0.5139633675908905,0.0422100519928394,0.5038851715950787,0.3376591124761282,0.3350556153570147,0.752269410526099,0.6767087455243124,9266.0,0.9645714285714284,0.9471765976896868,0.4909831297265852,0.5297164042195384,0.0377548921391838,875.0,0.3358361721038818,0.2573208808898926,2026-04-21T09:02:11.279197+00:00
SR-HSE,morgan_4096,XGBoost,smoten,accuracy,"{'colsample_bytree': 0.8, 'learning_rate': 0.05, 'max_depth': 3, 'min_child_weight': 5, 'n_estimators': 200, 'scale_pos_weight': 1, 'subsample': 0.8}",0.0675279539029867,1634,0.9589963280293757,0.9389236151340405,0.4895345204623555,0.5907523645334273,0.0675279539029867,0.9493467551938316,0.9493464478971727,0.9493464478971725,0.981604950668502,0.9859712621319554,9338.0,0.9394285714285714,0.9398913446429747,0.5636567213330699,0.6573536156550986,0.0884623087465985,875.0,10.627233028411865,10.37623405456543,2026-04-30T05:01:10.897845+00:00
SR-HSE,morgan_4096,XGBoost,smoten_enn,accuracy,"{'colsample_bytree': 0.8, 'learning_rate': 0.05, 'max_depth': 3, 'min_child_weight': 1, 'n_estimators': 200, 'scale_pos_weight': 1, 'subsample': 0.8}",0.06442305529153115,1634,0.9589963280293757,0.9389236151340405,0.4895345204623555,0.5631970968387165,0.06442305529153115,0.9658658549842374,0.9658670046083364,0.9658656028736894,0.9929594568846136,0.9937001697930937,9199.0,0.944,0.941626553092714,0.5557040859680211,0.6370967741935485,0.08931878470239693,875.0,10.201719999313354,10.263459205627441,2026-04-30T05:04:29.949152+00:00
SR-HSE,pubchem,XGBoost,none,accuracy,"{'colsample_bytree': 0.8, 'learning_rate': 0.05, 'max_depth': 7, 'min_child_weight': 1, 'n_estimators': 100, 'scale_pos_weight': 4, 'subsample': 0.8}",0.3170835199143932,1634,0.9626682986536108,0.9541008096179541,0.6552349130252813,0.8179523569135814,0.3170835199143932,0.9787406357562259,0.9773595273464858,0.8838903597396128,0.9871175523349436,0.8912645251763428,4939.0,0.9645714285714285,0.9608653895931534,0.6869554178351741,0.8319828772358966,0.3736127386356872,875.0,0.8045961856842041,0.83660888671875,2026-04-30T05:06:12.033817+00:00
SR-HSE,pubchem,RandomForest,random_over,accuracy,"{'max_depth': 15, 'max_features': 'sqrt', 'min_samples_leaf': 5, 'n_estimators': 200}",0.2252652331304298,1634,0.9596083231334148,0.947904136436686,0.596778535534817,0.7960024383506844,0.2252652331304298,0.9737631184407796,0.9737616015780496,0.9737616015780496,0.9945795238720632,0.99364895568727,9338.0,0.9405714285714286,0.946936869118905,0.6594311377245509,0.8341996636599909,0.274654535470819,875.0,2.027113914489746,1.8567008972167969,2026-04-21T19:45:53.475489+00:00
SR-HSE,pubchem,XGBoost,random_under,accuracy,"{'colsample_bytree': 0.8, 'learning_rate': 0.05, 'max_depth': 3, 'min_child_weight': 1, 'n_estimators': 100, 'scale_pos_weight': 1, 'subsample': 0.8}",0.3162282238361474,1634,0.9645042839657283,0.9535392147343736,0.6372391407529895,0.8258198477935783,0.3162282238361474,0.817283950617284,0.79767682650618,0.7575713453698311,0.9015500685871056,0.8564468748431977,810.0,0.896,0.9182795904799893,0.5765190799095865,0.7747095245375324,0.2277117283711286,875.0,0.11558794975280762,0.09494495391845703,2026-04-30T05:07:41.926071+00:00
SR-HSE,pubchem,LogisticRegression,smote,accuracy,"{'C': 0.001, 'l1_ratio': 1.0}",0.0410036719706242,1634,0.9589963280293756,0.9389236151340404,0.4895345204623555,0.5,0.0410036719706242,0.5,0.3333333333333333,0.3333333333333333,0.5,0.5,9338.0,0.9645714285714284,0.9471765976896868,0.4909831297265852,0.5,0.0354285714285714,875.0,0.0822241306304931,0.0648660659790039,2026-04-21T09:02:30.033243+00:00
SR-HSE,pubchem,LogisticRegression,smoteenn,accuracy,"{'C': 0.001, 'l1_ratio': 1.0}",0.0410036719706242,1634,0.9589963280293756,0.9389236151340404,0.4895345204623555,0.5,0.0410036719706242,0.5098831495031124,0.3443721141371375,0.3376970924345436,0.5,0.4901168504968876,9157.0,0.9645714285714284,0.9471765976896868,0.4909831297265852,0.5,0.0354285714285714,875.0,0.0862040519714355,0.0825967788696289,2026-04-21T09:02:36.028269+00:00
SR-HSE,pubchem,LogisticRegression,smoten,accuracy,"{'C': 0.001, 'l1_ratio': 1.0}",0.0410036719706242,1634,0.9589963280293756,0.9389236151340404,0.4895345204623555,0.5,0.0410036719706242,0.5,0.3333333333333333,0.3333333333333333,0.5,0.5,9338.0,0.9645714285714284,0.9471765976896868,0.4909831297265852,0.5,0.0354285714285714,875.0,0.0869209766387939,0.0718240737915039,2026-04-21T09:02:37.483328+00:00
SR-HSE,pubchem,LogisticRegression,smoten_enn,accuracy,"{'C': 0.001, 'l1_ratio': 1.0}",0.0410036719706242,1634,0.9589963280293756,0.9389236151340404,0.4895345204623555,0.5,0.0410036719706242,0.5105522143247676,0.3451235396962994,0.3379904444766179,0.5,0.4894477856752324,9145.0,0.9645714285714284,0.9471765976896868,0.4909831297265852,0.5,0.0354285714285714,875.0,0.0826508998870849,0.0672121047973632,2026-04-21T09:02:40.870630+00:00
SR-HSE,rdkit,XGBoost,none,accuracy,"{'colsample_bytree': 0.8, 'learning_rate': 0.1, 'max_depth': 5, 'min_child_weight': 5, 'n_estimators': 200, 'scale_pos_weight': 8, 'subsample': 0.8}",0.26975920103638673,1634,0.9614443084455324,0.9447185030395979,0.5464850409935371,0.733633999752355,0.26975920103638673,0.9949382466086252,0.9950353903616268,0.9764555916897153,0.9997731293083617,0.9957687003227087,4939.0,0.9565714285714285,0.9525234859369135,0.6234257497508381,0.7394511542577586,0.2733360682696868,875.0,3.4681661128997803,3.4881248474121094,2026-04-30T05:08:59.547900+00:00
SR-HSE,rdkit,XGBoost,random_over,accuracy,"{'colsample_bytree': 0.8, 'learning_rate': 0.1, 'max_depth': 5, 'min_child_weight': 10, 'n_estimators': 100, 'scale_pos_weight': 1, 'subsample': 0.8}",0.24908469764392857,1634,0.9620563035495716,0.9495716610176781,0.602776035131744,0.7142653039842269,0.24908469764392857,0.9852216748768473,0.985221104725415,0.985221104725415,0.9983766186851194,0.9982479858752018,9338.0,0.9337142857142857,0.9408142001710864,0.6201347305389222,0.7937242011924782,0.2961843887058738,875.0,3.580414056777954,3.4137890338897705,2026-04-30T05:09:04.625244+00:00
SR-HSE,rdkit,XGBoost,random_under,accuracy,"{'colsample_bytree': 0.8, 'learning_rate': 0.1, 'max_depth': 3, 'min_child_weight': 10, 'n_estimators': 200, 'scale_pos_weight': 1, 'subsample': 0.8}",0.21937109479823805,1634,0.9614443084455324,0.9475180504644108,0.5810375772770007,0.7405918715293983,0.21937109479823805,0.9320987654320988,0.9307259991231365,0.920708515246925,0.9861899862825789,0.9790436470700764,810.0,0.8582857142857143,0.8970653629812718,0.5686502130907704,0.7695306528053815,0.2511220545280718,875.0,0.5083341598510742,0.4717550277709961,2026-04-30T05:09:10.420674+00:00
SR-HSE,rdkit,LogisticRegression,smote,accuracy,"{'C': 0.001, 'l1_ratio': 1.0}",0.0410036719706242,1634,0.9589963280293756,0.9389236151340404,0.4895345204623555,0.5,0.0410036719706242,0.5,0.3333333333333333,0.3333333333333333,0.5,0.5,9338.0,0.9645714285714284,0.9471765976896868,0.4909831297265852,0.5,0.0354285714285714,875.0,0.3155579566955566,0.1927778720855713,2026-04-21T09:02:50.486542+00:00
SR-HSE,rdkit,LogisticRegression,smoteenn,accuracy,"{'C': 0.001, 'l1_ratio': 1.0}",0.0410036719706242,1634,0.9589963280293756,0.9389236151340404,0.4895345204623555,0.5,0.0410036719706242,0.5212100915382898,0.3571629731257467,0.3426286049754165,0.5,0.4787899084617102,8958.0,0.9645714285714284,0.9471765976896868,0.4909831297265852,0.5,0.0354285714285714,875.0,0.2158000469207763,0.2080428600311279,2026-04-21T09:02:50.897710+00:00
SR-HSE,rdkit,LogisticRegression,smoten,accuracy,"{'C': 0.001, 'l1_ratio': 1.0}",0.0410036719706242,1634,0.9589963280293756,0.9389236151340404,0.4895345204623555,0.5,0.0410036719706242,0.5,0.3333333333333333,0.3333333333333333,0.5,0.5,9338.0,0.9645714285714284,0.9471765976896868,0.4909831297265852,0.5,0.0354285714285714,875.0,0.2750389575958252,0.2013418674468994,2026-04-21T09:02:55.742271+00:00
SR-HSE,rdkit,LogisticRegression,smoten_enn,accuracy,"{'C': 0.001, 'l1_ratio': 1.0}",0.0410036719706242,1634,0.9589963280293756,0.9389236151340404,0.4895345204623555,0.5,0.0410036719706242,0.5099945385035499,0.3444971788589517,0.337745949074074,0.5,0.49000546149645,9155.0,0.9645714285714284,0.9471765976896868,0.4909831297265852,0.5,0.0354285714285714,875.0,0.2425129413604736,0.2679421901702881,2026-04-21T09:02:56.983332+00:00
SR-HSE,topological_torsion,XGBoost,none,accuracy,"{'colsample_bytree': 0.8, 'learning_rate': 0.05, 'max_depth': 3, 'min_child_weight': 1, 'n_estimators': 200, 'scale_pos_weight': 8, 'subsample': 0.8}",0.1468693152669072,1634,0.9620563035495716,0.9460874738534009,0.5597448199137811,0.5636019011515492,0.1468693152669072,0.955051629884592,0.9542352701778007,0.7746769526690449,0.9420857031801559,0.6112645881830776,4939.0,0.936,0.9416271143809344,0.614852543545243,0.6970455587830606,0.15900802504762557,875.0,2.0895297527313232,2.03865385055542,2026-04-30T05:12:41.454659+00:00
SR-HSE,topological_torsion,RandomForest,random_over,accuracy,"{'max_depth': 10, 'max_features': 'log2', 'min_samples_leaf': 10, 'n_estimators': 200}",0.1369382580344961,1634,0.9608323133414932,0.94624259547277,0.568922305764411,0.5405471049348027,0.1369382580344961,0.8170914542728636,0.8166542415276883,0.8166542415276883,0.9070558576844736,0.909872460479048,9338.0,0.8148571428571428,0.8694323464967757,0.5172923420600976,0.708033939764562,0.1285763087442429,875.0,1.186793088912964,0.9539809226989746,2026-04-21T19:49:20.979845+00:00
SR-HSE,topological_torsion,XGBoost,random_under,accuracy,"{'colsample_bytree': 0.8, 'learning_rate': 0.1, 'max_depth': 3, 'min_child_weight': 1, 'n_estimators': 100, 'scale_pos_weight': 1, 'subsample': 0.8}",0.13589031164169726,1634,0.9608323133414932,0.9453214083031771,0.5575487823452758,0.6313375686976731,0.13589031164169726,0.8345679012345679,0.8224431927929599,0.7903483763298798,0.9210390946502058,0.8638796061903193,810.0,0.8697142857142857,0.9018140133842809,0.539354588443919,0.7012115884421342,0.12509196527997757,875.0,0.25017809867858887,0.21441888809204102,2026-04-30T05:14:05.382982+00:00
SR-HSE,topological_torsion,LogisticRegression,smote,accuracy,"{'C': 0.001, 'l1_ratio': 1.0}",0.0410036719706242,1634,0.9589963280293756,0.9389236151340404,0.4895345204623555,0.5,0.0410036719706242,0.5,0.3333333333333333,0.3333333333333333,0.5,0.5,9338.0,0.9645714285714284,0.9471765976896868,0.4909831297265852,0.5,0.0354285714285714,875.0,0.1873369216918945,0.1642630100250244,2026-04-21T09:03:06.280717+00:00
SR-HSE,topological_torsion,LogisticRegression,smoteenn,accuracy,"{'C': 0.001, 'l1_ratio': 1.0}",0.0410036719706242,1634,0.9589963280293756,0.9389236151340404,0.4895345204623555,0.5,0.0410036719706242,0.506014956107077,0.340037972087499,0.3359959700633276,0.5,0.4939850438929229,9227.0,0.9645714285714284,0.9471765976896868,0.4909831297265852,0.5,0.0354285714285714,875.0,0.1897499561309814,0.1615228652954101,2026-04-21T09:03:06.667990+00:00
SR-HSE,topological_torsion,LogisticRegression,smoten,accuracy,"{'C': 0.001, 'l1_ratio': 1.0}",0.0410036719706242,1634,0.9589963280293756,0.9389236151340404,0.4895345204623555,0.5,0.0410036719706242,0.5,0.3333333333333333,0.3333333333333333,0.5,0.5,9338.0,0.9645714285714284,0.9471765976896868,0.4909831297265852,0.5,0.0354285714285714,875.0,0.1683740615844726,0.1424670219421386,2026-04-21T09:03:07.912554+00:00
SR-HSE,topological_torsion,LogisticRegression,smoten_enn,accuracy,"{'C': 0.001, 'l1_ratio': 1.0}",0.0410036719706242,1634,0.9589963280293756,0.9389236151340404,0.4895345204623555,0.5,0.0410036719706242,0.5105522143247676,0.3451235396962994,0.3379904444766179,0.5,0.4894477856752324,9145.0,0.9645714285714284,0.9471765976896868,0.4909831297265852,0.5,0.0354285714285714,875.0,0.1448657512664795,0.1128387451171875,2026-04-21T09:03:10.492911+00:00
SR-MMP,atom_pair,BalancedRandomForest,none,accuracy,"{'max_depth': 5, 'max_features': 'log2', 'min_samples_leaf': 5, 'n_estimators': 200}",0.5799284059541856,1553,0.951706374758532,0.9417929340833844,0.7514261385099013,0.8439949770186412,0.5799284059541856,0.7883731617647058,0.8052199484159016,0.7070475158885123,0.845395670184996,0.6103604354722458,4352.0,0.7817715019255456,0.8139180340293009,0.6641560154189491,0.8606027330405076,0.4999946074960343,779.0,3.683943748474121,2.8816089630126953,2026-04-22T00:31:48.252872+00:00
SR-MMP,atom_pair,RandomForest,random_over,accuracy,"{'max_depth': 10, 'max_features': 'log2', 'min_samples_leaf': 20, 'n_estimators': 100}",0.6113454817985173,1553,0.9510624597553125,0.9408028741858344,0.7466035759064287,0.8394992867854139,0.6113454817985173,0.8153089887640449,0.8150208674471834,0.8150208674471835,0.9064538883979296,0.9089712007602512,7120.0,0.8215661103979461,0.8411058567991727,0.6839848823125976,0.8744662030258662,0.5214677563603209,779.0,0.3950347900390625,0.3975098133087158,2026-04-21T19:51:32.314750+00:00
SR-MMP,atom_pair,RandomForest,random_under,accuracy,"{'max_depth': 5, 'max_features': 'log2', 'min_samples_leaf': 5, 'n_estimators': 200}",0.6299660098602525,1553,0.9504185447520928,0.9393561693214132,0.7385664782851084,0.8452476744327811,0.6299660098602525,0.8034511784511784,0.8032948469249295,0.778531933167098,0.867401126160596,0.776991437420991,2376.0,0.803594351732991,0.8296051373926773,0.6784335415289563,0.8662762323084431,0.5098008969432198,779.0,0.4560508728027344,0.3860359191894531,2026-04-21T19:51:34.161200+00:00
SR-MMP,atom_pair,DecisionTree,smote,accuracy,"{'ccp_alpha': 0.01, 'criterion': 'gini', 'max_depth': 5, 'min_samples_leaf': 10}",0.2833830417188746,1553,0.9426915647134578,0.9270927037011566,0.6780747417577939,0.6458737183472928,0.2833830417188746,0.7029494382022472,0.6980275113244195,0.6980275113244195,0.7531197134200227,0.7067901223407618,7120.0,0.803594351732991,0.8258381873550994,0.6562650508592869,0.7140830893118595,0.2484003302278963,779.0,0.5449709892272949,0.5391430854797363,2026-04-22T11:12:13.104959+00:00
SR-MMP,atom_pair,DecisionTree,smoteenn,accuracy,"{'ccp_alpha': 0.01, 'criterion': 'gini', 'max_depth': 5, 'min_samples_leaf': 10}",0.2833830417188746,1553,0.9426915647134578,0.9270927037011566,0.6780747417577939,0.6458737183472928,0.2833830417188746,0.7163941542468528,0.7119972557388229,0.7107784867889844,0.7657951760165504,0.7049967603262539,6911.0,0.803594351732991,0.8258381873550994,0.6562650508592869,0.7140830893118595,0.2484003302278963,779.0,0.5065767765045166,0.5068359375,2026-04-22T11:12:18.487068+00:00
SR-MMP,atom_pair,RandomForest,smoten,accuracy,"{'max_depth': 5, 'max_features': 'sqrt', 'min_samples_leaf': 5, 'n_estimators': 200}",0.4009539434360785,1553,0.9388280746941404,0.919449312626714,0.6372860187878148,0.6926654718798386,0.4009539434360785,0.8518258426966292,0.8518127206812418,0.8518127206812417,0.9257875426082566,0.9245260918012594,7120.0,0.8562259306803595,0.8629277688180443,0.6990119777005023,0.8044167886774036,0.4777058311960969,779.0,1.013885259628296,1.3717401027679443,2026-04-21T19:52:25.671785+00:00
SR-MMP,atom_pair,DecisionTree,smoten_enn,accuracy,"{'ccp_alpha': 0.0, 'criterion': 'entropy', 'max_depth': 5, 'min_samples_leaf': 50}",0.2350605141314427,1553,0.9356084996780424,0.9221090449813608,0.6665836525084589,0.6702693147044121,0.2350605141314427,0.8070660075603373,0.8069057835646576,0.8065564663848871,0.879074472912476,0.8324653837346508,6878.0,0.7997432605905006,0.8206851263225144,0.6399075500770416,0.7356332357247437,0.2794098198376689,779.0,0.526947021484375,0.5131399631500244,2026-04-22T11:12:30.971332+00:00
SR-MMP,avalon,XGBoost,none,accuracy,"{'colsample_bytree': 0.8, 'learning_rate': 0.05, 'max_depth': 3, 'min_child_weight': 1, 'n_estimators': 100, 'scale_pos_weight': 8, 'subsample': 0.8}",0.5567471036323972,1553,0.9504185447520928,0.9406659061241608,0.7477965601240126,0.8249393462809212,0.5567471036323972,0.7431066176470589,0.7718628247787459,0.6927403781181996,0.9214687251730791,0.7447942769486279,4352.0,0.7676508344030809,0.8045182234229183,0.663072750516745,0.8940336749633967,0.5594540018535997,779.0,0.37548017501831055,0.3366279602050781,2026-04-30T05:19:40.931895+00:00
SR-MMP,avalon,DecisionTree,random_over,accuracy,"{'ccp_alpha': 0.01, 'criterion': 'gini', 'max_depth': 5, 'min_samples_leaf': 10}",0.3557177522265342,1553,0.9471989697359948,0.9402339231676996,0.7556601891078775,0.7195786547675652,0.3557177522265342,0.652247191011236,0.6377998532060812,0.6377998532060812,0.7182332959853555,0.673820665313551,7120.0,0.5532734274711169,0.6252129953379335,0.4907272426697124,0.7346190214738897,0.2599465458016799,779.0,0.1207506656646728,0.1170859336853027,2026-04-22T11:13:01.088064+00:00
SR-MMP,avalon,BernoulliNB,random_under,accuracy,{'alpha': 50.0},0.5383117015223143,1553,0.9471989697359948,0.9331026487769072,0.7053267308404294,0.8026894895334236,0.5383117015223143,0.7424242424242424,0.7454021218822607,0.7173249727066595,0.8000833779716356,0.6562066116968358,2376.0,0.7676508344030809,0.8030771850799849,0.6512869088220091,0.8321284773060028,0.3720393236836358,779.0,0.0241830348968505,0.0112690925598144,2026-04-21T14:36:01.183475+00:00
SR-MMP,avalon,LogisticRegression,smote,accuracy,"{'C': 0.001, 'l1_ratio': 1.0}",0.0734063103670315,1553,0.9265936896329684,0.8912889835440118,0.4809491978609626,0.5,0.0734063103670315,0.5,0.3333333333333333,0.3333333333333333,0.5,0.5,7120.0,0.8767650834403081,0.8191936415728187,0.4671682626538987,0.5,0.1232349165596919,779.0,0.0527291297912597,0.0387017726898193,2026-04-21T09:03:33.473788+00:00
SR-MMP,avalon,LogisticRegression,smoteenn,accuracy,"{'C': 0.001, 'l1_ratio': 1.0}",0.0734063103670315,1553,0.9265936896329684,0.8912889835440118,0.4809491978609626,0.5,0.0734063103670315,0.5280332245624444,0.3649385128018447,0.345563968161522,0.5,0.4719667754375556,6742.0,0.8767650834403081,0.8191936415728187,0.4671682626538987,0.5,0.1232349165596919,779.0,0.0494849681854248,0.0360918045043945,2026-04-21T09:03:33.800403+00:00
SR-MMP,avalon,RandomForest,smoten,accuracy,"{'max_depth': 5, 'max_features': 'sqrt', 'min_samples_leaf': 20, 'n_estimators': 200}",0.2762018398383398,1553,0.936252414681262,0.9145039232217916,0.6111697002344407,0.6973166063177402,0.2762018398383398,0.8470505617977528,0.8470501967292996,0.8470501967292996,0.9263655551698016,0.9200807866756104,7120.0,0.8421052631578947,0.8481006821511287,0.6628737900970033,0.813765861395803,0.4141118901680854,779.0,0.8879139423370361,0.5601599216461182,2026-04-21T19:53:39.913714+00:00
SR-MMP,avalon,RandomForest,smoten_enn,accuracy,"{'max_depth': 5, 'max_features': 'sqrt', 'min_samples_leaf': 5, 'n_estimators': 200}",0.2753467699732775,1553,0.9375402446877013,0.9162311166920584,0.6190248578054622,0.6789711422405911,0.2753467699732775,0.8675738952297337,0.8676172214219096,0.8674426961970885,0.9428067065679204,0.9303452994129684,6834.0,0.8485237483953787,0.8534521210259336,0.6726424501424502,0.8021900927281601,0.4041152981840101,779.0,0.4409220218658447,0.6163699626922607,2026-04-21T19:53:40.577961+00:00
SR-MMP,erg,DecisionTree,none,accuracy,"{'ccp_alpha': 0.0, 'criterion': 'entropy', 'max_depth': 5, 'min_samples_leaf': 20}",0.4098325980913109,1553,0.951706374758532,0.9413678362505342,0.7484303218407189,0.6944180290894018,0.4098325980913109,0.7467830882352942,0.7731398422200738,0.6810243181924598,0.831856663545568,0.5022886322126994,4352.0,0.7740693196405648,0.8066380403862916,0.647322714738445,0.7348172889214252,0.3542082964329616,779.0,0.0499160289764404,0.0434708595275878,2026-04-22T11:13:38.964149+00:00
SR-MMP,erg,DecisionTree,random_over,accuracy,"{'ccp_alpha': 0.0, 'criterion': 'entropy', 'max_depth': 5, 'min_samples_leaf': 20}",0.3640441085590425,1553,0.9497746297488732,0.9373786821438624,0.7268064952638701,0.6291406069029418,0.3640441085590425,0.7813202247191011,0.7810122732283284,0.7810122732283284,0.8362950937381644,0.7993743712372934,7120.0,0.7894736842105263,0.8174992182082693,0.6562150176526307,0.6898563323572474,0.2982234597498321,779.0,0.0774698257446289,0.06874680519104,2026-04-22T11:13:39.747359+00:00
SR-MMP,erg,RandomForest,random_under,accuracy,"{'max_depth': 5, 'max_features': 'log2', 'min_samples_leaf': 20, 'n_estimators': 100}",0.5028102659530735,1553,0.9478428847392144,0.934186944649623,0.7108027394803815,0.7788699511112737,0.5028102659530735,0.7647306397306397,0.7688223870100475,0.7455082586266593,0.8438755452249771,0.7327962222582434,2376.0,0.7907573812580231,0.8212567995543674,0.6757026650831961,0.8725369082479258,0.5106301677614504,779.0,0.2508561611175537,0.2135701179504394,2026-04-21T19:54:16.173500+00:00
SR-MMP,erg,DecisionTree,smote,accuracy,"{'ccp_alpha': 0.01, 'criterion': 'gini', 'max_depth': 5, 'min_samples_leaf': 10}",0.4294595140042566,1553,0.948486799742434,0.9398140167077252,0.7482900580245713,0.7116510003291759,0.4294595140042566,0.748314606741573,0.7466216122289769,0.7466216122289769,0.79362473961621,0.749121585827054,7120.0,0.7509627727856226,0.7908876576840259,0.6425591296121098,0.802472242557345,0.2893179916362393,779.0,0.0962870121002197,0.0980579853057861,2026-04-22T11:13:48.792530+00:00
SR-MMP,erg,DecisionTree,smoteenn,accuracy,"{'ccp_alpha': 0.01, 'criterion': 'gini', 'max_depth': 5, 'min_samples_leaf': 10}",0.4294595140042566,1553,0.948486799742434,0.9398140167077252,0.7482900580245713,0.7116510003291759,0.4294595140042566,0.7588289962825279,0.7581053013706671,0.7586934695732075,0.821882274660128,0.7358524889882629,6456.0,0.7509627727856226,0.7908876576840259,0.6425591296121098,0.802472242557345,0.2893179916362393,779.0,0.0959360599517822,0.086008071899414,2026-04-22T11:13:43.132214+00:00
SR-MMP,erg,DecisionTree,smoten,accuracy,"{'ccp_alpha': 0.01, 'criterion': 'gini', 'max_depth': 5, 'min_samples_leaf': 10}",0.2689797943323604,1553,0.9420476497102382,0.9240288017830705,0.6587513184108754,0.5897918876412713,0.2689797943323604,0.7164325842696629,0.7158550336629621,0.7158550336629621,0.7874593248958466,0.726276742817227,7120.0,0.7817715019255456,0.809570752755048,0.6359733034261336,0.7009288067349927,0.2464756644578819,779.0,0.0654778480529785,0.0665380954742431,2026-04-22T11:13:45.450495+00:00
SR-MMP,erg,DecisionTree,smoten_enn,accuracy,"{'ccp_alpha': 0.0, 'criterion': 'gini', 'max_depth': 5, 'min_samples_leaf': 10}",0.3037801402310892,1553,0.9446233097231166,0.9292569948401294,0.6868716707930078,0.5907001694646624,0.3037801402310892,0.8177755710029792,0.8173403628138908,0.8109135898298179,0.8839781256507528,0.8028875659558049,6042.0,0.8498074454428755,0.8555104049730249,0.6793189710678812,0.676183504148365,0.2941592737671659,779.0,0.0603420734405517,0.0512230396270751,2026-04-22T11:13:45.841082+00:00
SR-MMP,estate,DecisionTree,none,accuracy,"{'ccp_alpha': 0.01, 'criterion': 'gini', 'max_depth': 5, 'min_samples_leaf': 10}",0.3903988883993629,1553,0.951706374758532,0.9404829802481212,0.7422030105641986,0.6710526315789473,0.3903988883993629,0.6459099264705882,0.6854200128887029,0.5750628794827075,0.6485799001248439,0.2524692659476391,4352.0,0.675224646983312,0.7305269755159655,0.5752041676276034,0.7163097852611031,0.2152631929684267,779.0,0.0092248916625976,0.0068931579589843,2026-04-22T11:13:51.554937+00:00
SR-MMP,estate,DecisionTree,random_over,accuracy,"{'ccp_alpha': 0.001, 'criterion': 'entropy', 'max_depth': 5, 'min_samples_leaf': 20}",0.3417794188251163,1553,0.9433354797166774,0.933351034267034,0.7199737726415868,0.7314320373553759,0.3417794188251163,0.7230337078651685,0.719942771996575,0.719942771996575,0.80416539104911,0.783219842355448,7120.0,0.7843388960205392,0.8108035461377594,0.6342723004694836,0.796280197657394,0.3803434639099589,779.0,0.0140252113342285,0.011470079421997,2026-04-22T11:13:52.526416+00:00
SR-MMP,estate,DecisionTree,random_under,accuracy,"{'ccp_alpha': 0.01, 'criterion': 'gini', 'max_depth': 5, 'min_samples_leaf': 10}",0.431038962506072,1553,0.9549259497746296,0.9454763314869528,0.7666085567559212,0.6929824561403508,0.431038962506072,0.6755050505050505,0.6821085797520625,0.6518773938351056,0.6722986653147637,0.4619834948521396,2376.0,0.7329910141206675,0.7750771344278541,0.6103801169590644,0.7209461932650072,0.2320353609386022,779.0,0.0079281330108642,0.004239797592163,2026-04-22T11:13:54.474848+00:00
SR-MMP,estate,XGBoost,smote,accuracy,"{'colsample_bytree': 0.8, 'learning_rate': 0.05, 'max_depth': 5, 'min_child_weight': 5, 'n_estimators': 200, 'scale_pos_weight': 1, 'subsample': 0.8}",0.5019438045146964,1553,0.9446233097231166,0.9344204316020984,0.7231889705028933,0.8403496580227496,0.5019438045146964,0.934129213483146,0.9341154255805373,0.9341154255805372,0.9820137135462694,0.9843925322915171,7120.0,0.8960205391527599,0.8967059503513015,0.7625938258366725,0.9018423621278673,0.5350072499782474,779.0,0.2882399559020996,0.26947712898254395,2026-04-30T05:22:23.377393+00:00
SR-MMP,estate,RandomForest,smoteenn,accuracy,"{'max_depth': 15, 'max_features': 'sqrt', 'min_samples_leaf': 20, 'n_estimators': 100}",0.529324748060389,1553,0.9459111397295557,0.9314710060641488,0.6981395779340984,0.8231898369969397,0.529324748060389,0.9094181163767248,0.9094340992963752,0.9090327504251492,0.9668453013607508,0.964481409316254,6668.0,0.8767650834403081,0.8820909693883672,0.7399866488651535,0.8703940946803319,0.5216071017800269,779.0,0.229043960571289,0.1876571178436279,2026-04-21T19:55:07.965623+00:00
SR-MMP,estate,LogisticRegression,smoten,accuracy,"{'C': 0.001, 'l1_ratio': 1.0}",0.0734063103670315,1553,0.9265936896329684,0.8912889835440118,0.4809491978609626,0.5,0.0734063103670315,0.5,0.3333333333333333,0.3333333333333333,0.5,0.5,7120.0,0.8767650834403081,0.8191936415728187,0.4671682626538987,0.5,0.1232349165596919,779.0,0.0115699768066406,0.0060353279113769,2026-04-21T09:03:51.416383+00:00
SR-MMP,estate,DecisionTree,smoten_enn,accuracy,"{'ccp_alpha': 0.0, 'criterion': 'gini', 'max_depth': 5, 'min_samples_leaf': 50}",0.244984221141633,1553,0.9375402446877013,0.9211868349507832,0.6536773546863828,0.5704192726430393,0.244984221141633,0.7715577732730391,0.7678687319972544,0.7628626817439341,0.8563494665579697,0.7939871395755521,6413.0,0.8421052631578947,0.8463531333877932,0.6545454545454545,0.6748337603709127,0.2502124281116987,779.0,0.0177478790283203,0.0106000900268554,2026-04-22T11:13:56.850894+00:00
SR-MMP,fcfp,RandomForest,none,accuracy,"{'max_depth': 15, 'max_features': 'log2', 'min_samples_leaf': 10, 'n_estimators': 100}",0.4502352076890819,1553,0.943979394719897,0.9281334496424491,0.6811231293175269,0.7659406507930702,0.4502352076890819,0.8097426470588235,0.8234442801705314,0.7304881025891409,0.8646003575076608,0.6178981979219411,4352.0,0.8254172015404364,0.8425741930198902,0.6801362253031255,0.8266074914592485,0.4780551210159171,779.0,0.296595811843872,0.236354112625122,2026-04-21T19:55:19.299065+00:00
SR-MMP,fcfp,RandomForest,random_over,accuracy,"{'max_depth': 10, 'max_features': 'log2', 'min_samples_leaf': 10, 'n_estimators': 100}",0.4324483830175898,1553,0.9407598197037992,0.926138958426094,0.6777717636445647,0.7553186301403265,0.4324483830175898,0.8,0.7996102601709818,0.7996102601709818,0.8801641601439212,0.8751672026243831,7120.0,0.8241335044929397,0.8419801480283062,0.6808112287166113,0.8340730234260616,0.4925091703805795,779.0,0.4236180782318115,0.3555531501770019,2026-04-21T19:55:22.612241+00:00
SR-MMP,fcfp,RandomForest,random_under,accuracy,"{'max_depth': 15, 'max_features': 'sqrt', 'min_samples_leaf': 20, 'n_estimators': 200}",0.4715617024363232,1553,0.9433354797166774,0.9276118086736206,0.6795896166254033,0.8032411640637382,0.4715617024363232,0.7584175084175084,0.7604314921937929,0.7329301964900463,0.8304354306958472,0.714967355987868,2376.0,0.7881899871630296,0.8165302390785618,0.655018317967712,0.8322809907271841,0.4294727458826194,779.0,0.8023800849914551,0.6764569282531738,2026-04-21T19:55:28.962341+00:00
SR-MMP,fcfp,DecisionTree,smote,accuracy,"{'ccp_alpha': 0.01, 'criterion': 'entropy', 'max_depth': 10, 'min_samples_leaf': 50}",0.2620769900069162,1553,0.9407598197037992,0.9216402245757196,0.6462764903941375,0.6148245004449971,0.2620769900069162,0.7563202247191011,0.7561828592239439,0.7561828592239438,0.8123674015275849,0.7699079115033512,7120.0,0.7625160462130937,0.7939669961937601,0.6111778116526595,0.6945461200585652,0.256348025685308,779.0,1.0696420669555664,0.9864010810852052,2026-04-22T11:14:03.792365+00:00
SR-MMP,fcfp,LogisticRegression,smoteenn,accuracy,"{'C': 0.01, 'l1_ratio': 1.0}",0.1945138710965519,1553,0.9343206696716032,0.9097674235442827,0.5844369123572868,0.5906056837716249,0.1945138710965519,0.7368421052631579,0.7359323139070376,0.734860781865385,0.8169931690106675,0.7985767625875143,6802.0,0.7676508344030809,0.795974902274951,0.6048688351394599,0.6998307101024891,0.2938786843232542,779.0,0.1259000301361084,0.0984811782836914,2026-04-21T09:03:56.367327+00:00
SR-MMP,fcfp,LogisticRegression,smoten,accuracy,"{'C': 0.01, 'l1_ratio': 1.0}",0.1864582684879047,1553,0.9336767546683836,0.9084284370959508,0.5772005085467036,0.5642959901491046,0.1864582684879047,0.7615168539325843,0.7606920519442761,0.7606920519442761,0.8313965250599672,0.8301600684697596,7120.0,0.785622593068036,0.8086827122170279,0.6180307412246575,0.689658064909712,0.3199183889094352,779.0,0.1545987129211425,0.1080162525177002,2026-04-21T09:03:56.743306+00:00
SR-MMP,fcfp,LogisticRegression,smoten_enn,accuracy,"{'C': 0.01, 'l1_ratio': 1.0}",0.1778823562402796,1553,0.9336767546683836,0.9084284370959508,0.5772005085467036,0.5513727856820647,0.1778823562402796,0.7825766509433962,0.7823465100930315,0.7816370850864025,0.8564129283185101,0.8385560793287629,6784.0,0.7843388960205392,0.8081608158431266,0.6191950464396285,0.6904282576866764,0.3214666604388212,779.0,0.1281430721282959,0.0980069637298584,2026-04-21T09:03:57.998432+00:00
SR-MMP,klekota_roth,RUSBoost,none,accuracy,"{'learning_rate': 0.25, 'n_estimators': 50, 'sampling_strategy': 'auto'}",0.1856161100874444,1553,0.933032839665164,0.906117607680996,0.5632072001903896,0.6313747363544371,0.1856161100874444,0.8391544117647058,0.816423538241547,0.6583354530352561,0.7881465639541481,0.4661843000295995,4352.0,0.8639281129653402,0.8358653465139105,0.5613179480640911,0.6809876769155685,0.2585503337988527,779.0,0.9614629745483398,0.8824689388275146,2026-04-29T19:19:09.647990+00:00
SR-MMP,klekota_roth,LogisticRegression,random_over,accuracy,"{'C': 0.001, 'l1_ratio': 1.0}",0.0734063103670315,1553,0.9265936896329684,0.8912889835440118,0.4809491978609626,0.5,0.0734063103670315,0.5,0.3333333333333333,0.3333333333333333,0.5,0.5,7120.0,0.8767650834403081,0.8191936415728187,0.4671682626538987,0.5,0.1232349165596919,779.0,0.3279862403869629,0.2501389980316162,2026-04-21T09:04:05.048119+00:00
SR-MMP,klekota_roth,BernoulliNB,random_under,accuracy,{'alpha': 10.0},0.1700231225496521,1553,0.927237604636188,0.8928636053273998,0.4898056488305496,0.5921052631578947,0.1700231225496521,0.6742424242424242,0.5513015428471406,0.425175664524518,0.7927531310580553,0.68149351614428,2376.0,0.8793324775353016,0.8253458212377395,0.4882163824433883,0.757015617374329,0.3943657339788227,779.0,0.1367287635803222,0.0621540546417236,2026-04-21T14:36:49.692386+00:00
SR-MMP,klekota_roth,LogisticRegression,smote,accuracy,"{'C': 0.001, 'l1_ratio': 1.0}",0.0734063103670315,1553,0.9265936896329684,0.8912889835440118,0.4809491978609626,0.5,0.0734063103670315,0.5,0.3333333333333333,0.3333333333333333,0.5,0.5,7120.0,0.8767650834403081,0.8191936415728187,0.4671682626538987,0.5,0.1232349165596919,779.0,0.4393420219421386,0.2844138145446777,2026-04-21T09:04:10.544030+00:00
SR-MMP,klekota_roth,LogisticRegression,smoteenn,accuracy,"{'C': 0.001, 'l1_ratio': 1.0}",0.0734063103670315,1553,0.9265936896329684,0.8912889835440118,0.4809491978609626,0.5,0.0734063103670315,0.5262379896526238,0.3628876015812767,0.3447941888619855,0.5,0.4737620103473762,6765.0,0.8767650834403081,0.8191936415728187,0.4671682626538987,0.5,0.1232349165596919,779.0,0.2962551116943359,0.1985490322113037,2026-04-21T09:04:13.267553+00:00
SR-MMP,klekota_roth,LogisticRegression,smoten,accuracy,"{'C': 0.001, 'l1_ratio': 1.0}",0.0734063103670315,1553,0.9265936896329684,0.8912889835440118,0.4809491978609626,0.5,0.0734063103670315,0.5,0.3333333333333333,0.3333333333333333,0.5,0.5,7120.0,0.8767650834403081,0.8191936415728187,0.4671682626538987,0.5,0.1232349165596919,779.0,0.2910208702087402,0.2442648410797119,2026-04-21T09:04:18.221782+00:00
SR-MMP,klekota_roth,LogisticRegression,smoten_enn,accuracy,"{'C': 0.001, 'l1_ratio': 1.0}",0.0734063103670315,1553,0.9265936896329684,0.8912889835440118,0.4809491978609626,0.5,0.0734063103670315,0.5307887281944237,0.3680934785959187,0.3467419888964644,0.5,0.4692112718055762,6707.0,0.8767650834403081,0.8191936415728187,0.4671682626538987,0.5,0.1232349165596919,779.0,0.3450250625610351,0.2141697406768798,2026-04-21T09:04:19.259365+00:00
SR-MMP,maccs,BalancedRandomForest,none,accuracy,"{'max_depth': 10, 'max_features': 'sqrt', 'min_samples_leaf': 10, 'n_estimators': 200}",0.5782989678118342,1553,0.948486799742434,0.9357730073270382,0.7198015336039694,0.8389872352876633,0.5782989678118342,0.8515625,0.8616624452272011,0.7873096569588689,0.922466590057882,0.7315604110485611,4352.0,0.8536585365853658,0.8644706189102329,0.7133588968936401,0.8651476329917033,0.5130848312025763,779.0,1.08634614944458,1.0629258155822754,2026-04-22T00:38:49.014375+00:00
SR-MMP,maccs,RandomForest,random_over,accuracy,"{'max_depth': 10, 'max_features': 'log2', 'min_samples_leaf': 20, 'n_estimators': 200}",0.5346889246201854,1553,0.9465550547327752,0.932561930937268,0.7036620663811317,0.8312637918632579,0.5346889246201854,0.8537921348314607,0.8537799484811406,0.8537799484811406,0.9302828714808736,0.9220928109777242,7120.0,0.8523748395378691,0.8626673814802663,0.7077514296805931,0.8646900927281601,0.5091132411685346,779.0,0.5774948596954346,0.3957407474517822,2026-04-21T19:58:23.484978+00:00
SR-MMP,maccs,LogisticRegression,random_under,accuracy,"{'C': 0.01, 'l1_ratio': 1.0}",0.4714071606394345,1553,0.957501609787508,0.9493209049183288,0.7850870571658615,0.7036075247186764,0.4714071606394345,0.6502525252525253,0.658755068560993,0.6296034915033893,0.6968533185389246,0.516615339979798,2376.0,0.7034659820282413,0.7523798448453364,0.5883087735674233,0.7649844436310396,0.3003715958738432,779.0,0.017003059387207,0.0101020336151123,2026-04-21T09:04:28.787244+00:00
SR-MMP,maccs,RandomForest,smote,accuracy,"{'max_depth': 15, 'max_features': 'log2', 'min_samples_leaf': 20, 'n_estimators': 100}",0.3933615190017608,1553,0.943979394719897,0.930425874650852,0.6971997176185833,0.7408867025102714,0.3933615190017608,0.8495786516853933,0.8495292579926432,0.8495292579926432,0.9254943346799648,0.9199149719188596,7120.0,0.8562259306803595,0.8634047906526184,0.7013282212789265,0.7966843582235237,0.4305907724101702,779.0,0.1921861171722412,0.1534459590911865,2026-04-21T19:58:42.160958+00:00
SR-MMP,maccs,RandomForest,smoteenn,accuracy,"{'max_depth': 15, 'max_features': 'log2', 'min_samples_leaf': 20, 'n_estimators': 200}",0.363172670541256,1553,0.9388280746941404,0.9240282539290912,0.6693560134915566,0.7360161174304769,0.363172670541256,0.8658280922431866,0.8658144306489072,0.8652105881817596,0.9420403726819988,0.9283908870702674,6678.0,0.8600770218228498,0.8648860196576329,0.6988341532448278,0.7972791605661298,0.4456964458982264,779.0,0.3407859802246094,0.2627050876617431,2026-04-21T19:58:49.573735+00:00
SR-MMP,maccs,LogisticRegression,smoten,accuracy,"{'C': 0.01, 'l1_ratio': 1.0}",0.3899657630814718,1553,0.9433354797166774,0.9314559595835976,0.7065936142074438,0.7199962205722785,0.3899657630814718,0.7484550561797753,0.7483749988234604,0.7483749988234603,0.8194470000631233,0.8208065454203204,7120.0,0.754813863928113,0.7905524461035838,0.6199951474287757,0.7799917642752562,0.405575599730807,779.0,0.0380671024322509,0.033071756362915,2026-04-21T09:04:33.470913+00:00
SR-MMP,maccs,DecisionTree,smoten_enn,accuracy,"{'ccp_alpha': 0.0, 'criterion': 'gini', 'max_depth': 5, 'min_samples_leaf': 10}",0.4187631069622499,1553,0.951706374758532,0.9404829802481212,0.7422030105641986,0.7014495934067274,0.4187631069622499,0.8006487761722206,0.7996471519298443,0.800146486729141,0.8721316842075897,0.8112849966935891,6782.0,0.7753530166880617,0.8065666387944075,0.6415000065743626,0.7492831869204489,0.3107167549986292,779.0,0.0290150642395019,0.0258882045745849,2026-04-22T11:16:32.082857+00:00
SR-MMP,map4,BalancedRandomForest,none,accuracy,"{'max_depth': 15, 'max_features': 'log2', 'min_samples_leaf': 20, 'n_estimators': 100}",0.5496657839324022,1553,0.9452672247263362,0.9349586704862124,0.7248227571298433,0.8396516830645063,0.5496657839324022,0.7996323529411765,0.8185372709911971,0.7365171876644623,0.8969001815911929,0.7449560729651737,4352.0,0.7445442875481386,0.7845279181205805,0.6248653933177009,0.8290629575402635,0.3971178908737602,779.0,1.1979389190673828,1.0037260055541992,2026-04-22T00:39:27.902400+00:00
SR-MMP,map4,RandomForest,random_over,accuracy,"{'max_depth': 5, 'max_features': 'sqrt', 'min_samples_leaf': 10, 'n_estimators': 200}",0.5543650071310691,1553,0.9452672247263362,0.930936917224913,0.6965213932818819,0.8321629299099034,0.5543650071310691,0.8522471910112359,0.8521916649189402,0.85219166491894,0.9126448286201236,0.9202967636815088,7120.0,0.8010269576379975,0.8224300622373611,0.64547763407079,0.828681673987311,0.4300514023664157,779.0,0.650209903717041,0.9731161594390868,2026-04-21T19:59:19.518719+00:00
SR-MMP,map4,RandomForest,random_under,accuracy,"{'max_depth': 5, 'max_features': 'sqrt', 'min_samples_leaf': 20, 'n_estimators': 100}",0.5425703370045092,1553,0.9471989697359948,0.9346779400474589,0.7163836724512703,0.827990319788352,0.5425703370045092,0.8501683501683501,0.8504011109848548,0.8319664543176875,0.900115421895725,0.8485179199948507,2376.0,0.7753530166880617,0.8044674901633929,0.6282799032559763,0.8098920204978038,0.4032199586643152,779.0,0.3235688209533691,0.2214210033416748,2026-04-21T19:59:27.456788+00:00
SR-MMP,map4,LogisticRegression,smote,accuracy,"{'C': 0.001, 'l1_ratio': 1.0}",0.0734063103670315,1553,0.9265936896329684,0.8912889835440118,0.4809491978609626,0.5,0.0734063103670315,0.5,0.3333333333333333,0.3333333333333333,0.5,0.5,7120.0,0.8767650834403081,0.8191936415728187,0.4671682626538987,0.5,0.1232349165596919,779.0,0.0911641120910644,0.0888149738311767,2026-04-21T09:04:45.403278+00:00
SR-MMP,map4,LogisticRegression,smoteenn,accuracy,"{'C': 0.001, 'l1_ratio': 1.0}",0.0734063103670315,1553,0.9265936896329684,0.8912889835440118,0.4809491978609626,0.5,0.0734063103670315,0.5175170809710714,0.3529764935831045,0.3410288341795191,0.5,0.4824829190289286,6879.0,0.8767650834403081,0.8191936415728187,0.4671682626538987,0.5,0.1232349165596919,779.0,0.0959482192993164,0.0694978237152099,2026-04-21T09:04:46.453751+00:00
SR-MMP,map4,LogisticRegression,smoten,accuracy,"{'C': 0.001, 'l1_ratio': 1.0}",0.0734063103670315,1553,0.9265936896329684,0.8912889835440118,0.4809491978609626,0.5,0.0734063103670315,0.5,0.3333333333333333,0.3333333333333333,0.5,0.5,7120.0,0.8767650834403081,0.8191936415728187,0.4671682626538987,0.5,0.1232349165596919,779.0,0.0951027870178222,0.0786390304565429,2026-04-21T09:04:47.635130+00:00
SR-MMP,map4,LogisticRegression,smoten_enn,accuracy,"{'C': 0.001, 'l1_ratio': 1.0}",0.0734063103670315,1553,0.9265936896329684,0.8912889835440118,0.4809491978609626,0.5,0.0734063103670315,0.5166158757800029,0.3519572323752388,0.3406372595923835,0.5,0.4833841242199971,6891.0,0.8767650834403081,0.8191936415728187,0.4671682626538987,0.5,0.1232349165596919,779.0,0.0933670997619628,0.0777680873870849,2026-04-21T09:04:49.875128+00:00
SR-MMP,mhfp,BernoulliNB,none,accuracy,{'alpha': 0.1},0.4206566058364388,1553,0.9407598197037992,0.9216402245757196,0.6462764903941375,0.7802262779951965,0.4206566058364388,0.7879136029411765,0.8015366334486493,0.692866465020163,0.8173054278742481,0.5275811856948125,4352.0,0.7817715019255456,0.808551207401304,0.6299183992845965,0.8091675817471937,0.4082909663664097,779.0,0.0345780849456787,0.0088798999786376,2026-04-21T14:38:10.873227+00:00
SR-MMP,mhfp,BernoulliNB,random_over,accuracy,{'alpha': 50.0},0.3911904755281856,1553,0.9401159047005796,0.9218425383007548,0.649795229539321,0.7709240091193933,0.3911904755281856,0.7460674157303371,0.7451891813399596,0.7451891813399595,0.8329658108193408,0.8204949081158535,7120.0,0.772785622593068,0.8028765314934894,0.6279917441217338,0.8118518179599804,0.4188790017771105,779.0,0.2317991256713867,0.1960937976837158,2026-04-21T14:38:11.935385+00:00
SR-MMP,mhfp,BernoulliNB,random_under,accuracy,{'alpha': 10.0},0.3899597716880726,1553,0.9407598197037992,0.9230202932161032,0.6559194682593199,0.7722163295660973,0.3899597716880726,0.7723063973063973,0.7737487236222086,0.7471830854333128,0.8318443271094785,0.7160026811251482,2376.0,0.7702182284980744,0.8006491476685572,0.6237882610044652,0.8065062225475841,0.4119330867897547,779.0,0.0791907310485839,0.0483138561248779,2026-04-21T14:38:14.906234+00:00
SR-MMP,mhfp,XGBoost,smote,accuracy,"{'colsample_bytree': 0.8, 'learning_rate': 0.1, 'max_depth': 3, 'min_child_weight': 10, 'n_estimators': 200, 'scale_pos_weight': 1, 'subsample': 0.8}",0.2336669066424376,1553,0.9291693496458467,0.9045559476397939,0.5648397220354181,0.7284359265084184,0.2336669066424376,0.9709269662921348,0.9709089881266771,0.9709089881266771,0.9985747538189623,0.9986275926771425,7120.0,0.8857509627727856,0.8536060990216561,0.5951261672146273,0.8158247925817472,0.4619935080136932,779.0,4.940191984176636,4.81498908996582,2026-04-30T05:36:15.616118+00:00
SR-MMP,mhfp,LogisticRegression,smoteenn,accuracy,"{'C': 0.001, 'l1_ratio': 0.0}",0.3584381058067525,1553,0.9265936896329684,0.8991518263141984,0.535547137340497,0.7784340977530693,0.3584381058067525,0.932811387900356,0.932680306758202,0.9326334920645756,0.9836614134928742,0.98557206657014,7025.0,0.883183568677792,0.8681100140861753,0.6623384665215466,0.8236639824304539,0.453763292168177,779.0,0.87030029296875,0.855802059173584,2026-04-21T09:05:21.035984+00:00
SR-MMP,mhfp,LogisticRegression,smoten,accuracy,"{'C': 0.001, 'l1_ratio': 0.0}",0.316211533133087,1553,0.930457179652286,0.9004205502475817,0.5319156061620898,0.7503200321860941,0.316211533133087,0.9273876404494382,0.9272943819669904,0.9272943819669904,0.9779948475571266,0.9819385632568636,7120.0,0.8767650834403081,0.8623029488511551,0.6500711237553343,0.8116916788677404,0.4379720253640334,779.0,1.2075231075286863,1.1884040832519531,2026-04-21T09:05:22.794521+00:00
SR-MMP,mhfp,LogisticRegression,smoten_enn,accuracy,"{'C': 0.001, 'l1_ratio': 0.0}",0.3294454589737288,1553,0.930457179652286,0.9004205502475817,0.5319156061620898,0.7496251051534326,0.3294454589737288,0.9366457858769932,0.9365664033125816,0.9365292290385154,0.9828460716324572,0.9852829013493792,7024.0,0.8806161745827985,0.8652113330770802,0.6549173339176244,0.8111883845778428,0.4406043473743156,779.0,1.1949059963226318,1.1959259510040283,2026-04-21T09:05:25.453842+00:00
SR-MMP,morgan_2048,BalancedRandomForest,none,accuracy,"{'max_depth': 5, 'max_features': 'sqrt', 'min_samples_leaf': 20, 'n_estimators': 200}",0.5070549166406371,1553,0.9446233097231166,0.9286576850002956,0.6826756761893901,0.7996507077283201,0.5070549166406371,0.7690716911764706,0.7895984828795735,0.6900920740631307,0.8305381767109296,0.5638674492599416,4352.0,0.7817715019255456,0.8108223603378402,0.6436375182984586,0.8297187652513421,0.4481362373978579,779.0,3.7992429733276367,3.594920873641968,2026-04-22T00:43:33.842674+00:00
SR-MMP,morgan_2048,RandomForest,random_over,accuracy,"{'max_depth': 5, 'max_features': 'sqrt', 'min_samples_leaf': 10, 'n_estimators': 100}",0.4566152588398293,1553,0.9414037347070188,0.9228409205161155,0.6525581864178015,0.7949812857369274,0.4566152588398293,0.7786516853932585,0.7779648508721746,0.7779648508721746,0.8625529447039515,0.8614263160116498,7120.0,0.7984595635430038,0.8223548077515183,0.6533607312407,0.8160993167398731,0.4205970384964264,779.0,1.5714449882507324,0.3429276943206787,2026-04-21T20:02:23.502914+00:00
SR-MMP,morgan_2048,RandomForest,random_under,accuracy,"{'max_depth': 15, 'max_features': 'sqrt', 'min_samples_leaf': 20, 'n_estimators': 100}",0.4253901524287054,1553,0.9420476497102382,0.925339437791007,0.6679164053144779,0.7949142313741269,0.4253901524287054,0.7638888888888888,0.7672322542367872,0.742485101381316,0.8463936237373737,0.7442442930107446,2376.0,0.7804878048780488,0.8107159343701525,0.6479277507750616,0.8395253782332845,0.4223189367891485,779.0,0.3259520530700683,0.2614030838012695,2026-04-21T20:02:39.107357+00:00
SR-MMP,morgan_2048,LogisticRegression,smote,accuracy,"{'C': 0.01, 'l1_ratio': 1.0}",0.2244050211417586,1553,0.9336767546683836,0.9134385101610512,0.6121388026080652,0.6346604001316704,0.2244050211417586,0.7290730337078651,0.7288696634925023,0.7288696634925022,0.8077712331145058,0.8039124589273695,7120.0,0.7535301668806161,0.7863405481462665,0.5975200206664945,0.7192075402635433,0.3189621052583292,779.0,0.1288809776306152,0.1025967597961425,2026-04-21T09:05:51.259665+00:00
SR-MMP,morgan_2048,LogisticRegression,smoteenn,accuracy,"{'C': 0.01, 'l1_ratio': 1.0}",0.2222004697969304,1553,0.9336767546683836,0.9134385101610512,0.6121388026080652,0.6294667349401997,0.2222004697969304,0.733391736019857,0.7333003143094332,0.7328048086389367,0.817144823910823,0.7975052077423448,6849.0,0.7535301668806161,0.785999709807627,0.5954034928260729,0.7176519033674963,0.325725097946983,779.0,0.1211259365081787,0.1049408912658691,2026-04-21T09:05:54.056017+00:00
SR-MMP,morgan_2048,XGBoost,smoten,accuracy,"{'colsample_bytree': 0.8, 'learning_rate': 0.1, 'max_depth': 7, 'min_child_weight': 5, 'n_estimators': 200, 'scale_pos_weight': 1, 'subsample': 0.8}",0.32393639400174723,1553,0.9362524146812621,0.9136904557785621,0.6054987491179679,0.7565499920753935,0.32393639400174723,0.940870786516854,0.94087052407895,0.9408705240789499,0.9845992851281405,0.9844452881591909,7120.0,0.8716302952503209,0.8692133604257509,0.6918707676729321,0.8186767935578332,0.40966321903427344,779.0,3.8037121295928955,3.797755002975464,2026-04-30T05:42:20.375913+00:00
SR-MMP,morgan_2048,XGBoost,smoten_enn,accuracy,"{'colsample_bytree': 0.8, 'learning_rate': 0.05, 'max_depth': 7, 'min_child_weight': 5, 'n_estimators': 100, 'scale_pos_weight': 1, 'subsample': 0.8}",0.2490847586572557,1553,0.9343206696716033,0.9088602210548477,0.5781240012783637,0.7024706484766468,0.2490847586572557,0.935332845647403,0.9353565553734934,0.9352779824440078,0.9811468393515739,0.9777409840095224,6835.0,0.8626444159178434,0.855250123479871,0.6485620443803572,0.7878690824792581,0.3364253802861549,779.0,2.537386178970337,2.398987054824829,2026-04-30T05:43:08.204084+00:00
SR-MMP,morgan_4096,XGBoost,none,accuracy,"{'colsample_bytree': 0.8, 'learning_rate': 0.1, 'max_depth': 3, 'min_child_weight': 10, 'n_estimators': 200, 'scale_pos_weight': 8, 'subsample': 0.8}",0.5153707483090418,1553,0.9497746297488732,0.9392450550854615,0.7399352489565979,0.8155029686795168,0.5153707483090418,0.7892922794117647,0.811737136912246,0.7380391943721131,0.9442101847122915,0.8008166903912548,4352.0,0.7715019255455713,0.8058267008215306,0.6531854653140445,0.8445964494875549,0.44903593101271316,779.0,5.488281011581421,5.2921741008758545,2026-04-30T05:43:32.321255+00:00
SR-MMP,morgan_4096,DecisionTree,random_over,accuracy,"{'ccp_alpha': 0.001, 'criterion': 'entropy', 'max_depth': 15, 'min_samples_leaf': 50}",0.3632008066753185,1553,0.9459111397295557,0.9314710060641488,0.6981395779340984,0.5595778013484022,0.3632008066753185,0.7893258426966292,0.7890313862036482,0.7890313862036482,0.8702657098219921,0.8672721381964883,7120.0,0.7715019255455713,0.8044407453906811,0.6433150183150182,0.7613012445095169,0.3657378244149339,779.0,2.7203001976013184,2.899822950363159,2026-04-22T11:20:51.250966+00:00
SR-MMP,morgan_4096,RandomForest,random_under,accuracy,"{'max_depth': 10, 'max_features': 'sqrt', 'min_samples_leaf': 5, 'n_estimators': 200}",0.417516011755805,1553,0.9414037347070188,0.9241858388926094,0.6619592647076412,0.7998823500725407,0.417516011755805,0.8261784511784511,0.8266324079556487,0.8054833628062119,0.8981322058973573,0.8293388419480107,2376.0,0.8292682926829268,0.847294839895997,0.6939385614311836,0.8372071742313323,0.4467787566505453,779.0,0.6339941024780273,0.6723220348358154,2026-04-21T20:04:16.595314+00:00
SR-MMP,morgan_4096,LogisticRegression,smote,accuracy,"{'C': 0.001, 'l1_ratio': 1.0}",0.0734063103670315,1553,0.9265936896329684,0.8912889835440118,0.4809491978609626,0.5,0.0734063103670315,0.5,0.3333333333333333,0.3333333333333333,0.5,0.5,7120.0,0.8767650834403081,0.8191936415728187,0.4671682626538987,0.5,0.1232349165596919,779.0,0.2976891994476318,0.2695460319519043,2026-04-21T09:06:28.899936+00:00
SR-MMP,morgan_4096,LogisticRegression,smoteenn,accuracy,"{'C': 0.001, 'l1_ratio': 1.0}",0.0734063103670315,1553,0.9265936896329684,0.8912889835440118,0.4809491978609626,0.5,0.0734063103670315,0.5117148196061521,0.3464304949696494,0.3384995721213273,0.5,0.4882851803938479,6957.0,0.8767650834403081,0.8191936415728187,0.4671682626538987,0.5,0.1232349165596919,779.0,0.2440178394317627,0.1755611896514892,2026-04-21T09:06:31.476466+00:00
SR-MMP,morgan_4096,LogisticRegression,smoten,accuracy,"{'C': 0.01, 'l1_ratio': 1.0}",0.2569718144473633,1553,0.9375402446877013,0.9154340829345504,0.6134684713580089,0.6574131646001731,0.2569718144473633,0.7797752808988764,0.7797040831274847,0.7797040831274846,0.852352251925262,0.8590070637192433,7120.0,0.7843388960205392,0.8089598333054269,0.623671497584541,0.7338259516837482,0.3086525659122176,779.0,0.2879128456115722,0.211789846420288,2026-04-21T09:06:33.583364+00:00
SR-MMP,morgan_4096,LogisticRegression,smoten_enn,accuracy,"{'C': 0.01, 'l1_ratio': 1.0}",0.2302668552308408,1553,0.9356084996780424,0.9115366897492968,0.5925852081934184,0.6452610853053412,0.2302668552308408,0.7908192911098199,0.7906857888434234,0.7903433265078844,0.872767808853554,0.8663079273591446,6884.0,0.7971758664955071,0.8162066006367452,0.6236024464831804,0.7317365178135676,0.3158881415655655,779.0,0.2907400131225586,0.227996826171875,2026-04-21T09:06:35.703556+00:00
SR-MMP,pubchem,DecisionTree,none,accuracy,"{'ccp_alpha': 0.01, 'criterion': 'gini', 'max_depth': 5, 'min_samples_leaf': 50}",0.4798070514341229,1553,0.9549259497746296,0.9454763314869528,0.7666085567559212,0.7192982456140351,0.4798070514341229,0.7107077205882353,0.7408343201218779,0.6356761517623285,0.759091441096357,0.3651178070842876,4352.0,0.7381258023106547,0.77958762836909,0.6194686027355274,0.7914455222059541,0.3222350797582336,779.0,0.0691277980804443,0.0751609802246093,2026-04-22T11:23:59.557770+00:00
SR-MMP,pubchem,XGBoost,random_over,accuracy,"{'colsample_bytree': 0.8, 'learning_rate': 0.1, 'max_depth': 5, 'min_child_weight': 1, 'n_estimators': 100, 'scale_pos_weight': 1, 'subsample': 0.8}",0.6292163624453699,1553,0.9517063747585319,0.9437614962895443,0.7653383781300808,0.8739652292649622,0.6292163624453699,0.9279494382022472,0.9279426708878318,0.9279426708878318,0.9795635020830703,0.9766598948167161,7120.0,0.8754813863928113,0.8823007334329922,0.7442677433438136,0.8818631039531478,0.5371179842813063,779.0,1.0542981624603271,1.007991075515747,2026-04-30T05:51:10.534282+00:00
SR-MMP,pubchem,DecisionTree,random_under,accuracy,"{'ccp_alpha': 0.01, 'criterion': 'gini', 'max_depth': 5, 'min_samples_leaf': 50}",0.4798070514341229,1553,0.9549259497746296,0.9454763314869528,0.7666085567559212,0.7192982456140351,0.4798070514341229,0.7015993265993266,0.7090486014623946,0.684769483390173,0.75311471724824,0.5470844841068951,2376.0,0.7381258023106547,0.77958762836909,0.6194686027355274,0.7701546486090776,0.25696612220962,779.0,0.0414919853210449,0.035550832748413,2026-04-22T11:24:17.214654+00:00
SR-MMP,pubchem,DecisionTree,smote,accuracy,"{'ccp_alpha': 0.01, 'criterion': 'gini', 'max_depth': 5, 'min_samples_leaf': 10}",0.3076375650394155,1553,0.9433354797166774,0.9263672369893162,0.6708794913784799,0.7078532850541921,0.3076375650394155,0.7112359550561798,0.7059344404664448,0.7059344404664448,0.7836213072844338,0.7416905979626522,7120.0,0.8562259306803595,0.8592545543988321,0.6814743421244779,0.7691861883845778,0.3233441597102761,779.0,0.1387820243835449,0.1418209075927734,2026-04-22T11:24:18.768814+00:00
SR-MMP,pubchem,RandomForest,smoteenn,accuracy,"{'max_depth': 5, 'max_features': 'sqrt', 'min_samples_leaf': 10, 'n_estimators': 100}",0.5295158221736461,1553,0.9420476497102382,0.9240288017830705,0.6587513184108754,0.8330955951379491,0.5295158221736461,0.8162097017173847,0.8164421416839769,0.8160558104291583,0.8987880646268188,0.8799897669994166,6638.0,0.785622593068036,0.8086827122170279,0.6180307412246575,0.8088473035627134,0.4262635572578366,779.0,0.262359619140625,0.1967651844024658,2026-04-21T20:06:44.311807+00:00
SR-MMP,pubchem,DecisionTree,smoten,accuracy,"{'ccp_alpha': 0.01, 'criterion': 'gini', 'max_depth': 5, 'min_samples_leaf': 10}",0.3045740389520505,1553,0.9433354797166774,0.9263672369893162,0.6708794913784799,0.6789010399522085,0.3045740389520505,0.736938202247191,0.733800540157488,0.7338005401574881,0.7864851344527205,0.7402951312695413,7120.0,0.8562259306803595,0.8592545543988321,0.6814743421244779,0.7424963396778916,0.2886360337684385,779.0,0.1582841873168945,0.1417047977447509,2026-04-22T11:24:30.393734+00:00
SR-MMP,pubchem,DecisionTree,smoten_enn,accuracy,"{'ccp_alpha': 0.01, 'criterion': 'entropy', 'max_depth': 10, 'min_samples_leaf': 10}",0.3846473010994975,1553,0.9446233097231166,0.935723674697732,0.7324130469626543,0.7442333247991417,0.3846473010994975,0.8060813832165747,0.8062630892194023,0.805915734953532,0.8744117982880244,0.8140715971854514,6709.0,0.8125802310654685,0.8314013791362749,0.6587761616743472,0.7571071254270376,0.3104076554385134,779.0,0.1791508197784423,0.180067777633667,2026-04-22T11:24:32.340828+00:00
SR-MMP,rdkit,XGBoost,none,accuracy,"{'colsample_bytree': 0.8, 'learning_rate': 0.05, 'max_depth': 3, 'min_child_weight': 1, 'n_estimators': 100, 'scale_pos_weight': 8, 'subsample': 0.8}",0.5743115099062047,1553,0.952994204764971,0.9425064981878333,0.7521474404521158,0.8434981651487997,0.5743115099062047,0.7640165441176471,0.7898834092266643,0.7123108386722117,0.9373430583929179,0.7939169188976348,4352.0,0.772785622593068,0.8078131480882261,0.6619893362750506,0.8557223035627136,0.4003022155369358,779.0,1.6624681949615479,1.5568740367889404,2026-04-30T05:53:06.090637+00:00
SR-MMP,rdkit,BernoulliNB,random_over,accuracy,{'alpha': 0.1},0.625382276012592,1553,0.9510624597553125,0.9394576029708154,0.737136086662153,0.851224656498787,0.625382276012592,0.6419943820224719,0.6408665571891783,0.6408665571891783,0.7091220726549678,0.6658115451054555,7120.0,0.6957637997432606,0.7466921339364169,0.5868261864958677,0.772503355295266,0.2570876240665999,779.0,0.2406511306762695,0.210033893585205,2026-04-21T14:40:39.427424+00:00
SR-MMP,rdkit,BernoulliNB,random_under,accuracy,{'alpha': 10.0},0.6304568238696621,1553,0.951706374758532,0.9404829802481212,0.7422030105641986,0.8560098996622898,0.6304568238696621,0.6637205387205387,0.6690442041511674,0.6347649925978512,0.7067674057494132,0.4964979764290813,2376.0,0.6919127086007703,0.7436432718514823,0.5838230580190191,0.7690794289897511,0.2519121292871485,779.0,0.0905649662017822,0.0567069053649902,2026-04-21T14:40:50.582741+00:00
SR-MMP,rdkit,RandomForest,smote,accuracy,"{'max_depth': 5, 'max_features': 'sqrt', 'min_samples_leaf': 5, 'n_estimators': 100}",0.2090295051730122,1553,0.9343206696716032,0.9088602210548477,0.5781240012783637,0.6329779452104898,0.2090295051730122,0.8299157303370787,0.8298891505168469,0.8298891505168469,0.9242325779573286,0.9155843109637574,7120.0,0.810012836970475,0.816194185693544,0.5894159544159544,0.7308900683260127,0.2762402618113052,779.0,0.6899290084838867,0.5716707706451416,2026-04-21T20:08:08.204266+00:00
SR-MMP,rdkit,XGBoost,smoteenn,accuracy,"{'colsample_bytree': 0.8, 'learning_rate': 0.05, 'max_depth': 3, 'min_child_weight': 1, 'n_estimators': 100, 'scale_pos_weight': 1, 'subsample': 0.8}",0.21534613724729826,1553,0.9349645846748229,0.9102065256960292,0.5854102074098744,0.6413749801884837,0.21534613724729826,0.889300602130616,0.8890996649607031,0.8878204312948215,0.9563471397811358,0.9416933761376108,6477.0,0.8446726572528883,0.8380828373775557,0.610540233446958,0.7277635431918009,0.29299691480738066,779.0,2.16705584526062,2.162480115890503,2026-04-30T05:54:44.872864+00:00
SR-MMP,rdkit,RandomForest,smoten,accuracy,"{'max_depth': 5, 'max_features': 'sqrt', 'min_samples_leaf': 5, 'n_estimators': 100}",0.2261833348273964,1553,0.933032839665164,0.906117607680996,0.5632072001903896,0.6253611791814491,0.2261833348273964,0.8570224719101124,0.8568705063702277,0.8568705063702278,0.9387129544880698,0.9330870365152474,7120.0,0.8382541720154044,0.8343983445130562,0.6080612701252236,0.7334065397755003,0.291197733568527,779.0,0.5092370510101318,0.3675141334533691,2026-04-21T20:08:28.830911+00:00
SR-MMP,rdkit,RandomForest,smoten_enn,accuracy,"{'max_depth': 5, 'max_features': 'sqrt', 'min_samples_leaf': 10, 'n_estimators': 100}",0.1786379439269654,1553,0.9311010946555056,0.9018724005721276,0.5399282915957196,0.5890786730551186,0.1786379439269654,0.8827371233486715,0.8825148479306558,0.8819760410629343,0.9545502169738252,0.9412037797470214,6737.0,0.8472400513478819,0.839899311176431,0.6131090753531855,0.6986182284040996,0.2673976857832378,779.0,0.5862410068511963,0.5216798782348633,2026-04-21T20:08:43.231650+00:00
SR-MMP,topological_torsion,BalancedRandomForest,none,accuracy,"{'max_depth': 15, 'max_features': 'sqrt', 'min_samples_leaf': 10, 'n_estimators': 200}",0.5804497995102065,1553,0.951706374758532,0.9413678362505342,0.7484303218407189,0.838182582934055,0.5804497995102065,0.8017003676470589,0.8190802477152855,0.7327112925467907,0.8833180825104983,0.676909636240361,4352.0,0.7817715019255456,0.8143474207143737,0.6672546181832801,0.8624786481210347,0.4656970075451749,779.0,4.7366862297058105,5.029533863067627,2026-04-22T00:55:28.560264+00:00
SR-MMP,topological_torsion,RandomForest,random_over,accuracy,"{'max_depth': 15, 'max_features': 'log2', 'min_samples_leaf': 20, 'n_estimators': 100}",0.5485136157616058,1553,0.9497746297488732,0.9373786821438624,0.7268064952638701,0.8239944893505481,0.5485136157616058,0.7918539325842696,0.7917024625911532,0.7917024625911533,0.8733456160838278,0.8737325010213205,7120.0,0.810012836970475,0.8342145376926301,0.6830826406298105,0.8480966325036603,0.4542443022703238,779.0,0.4348180294036865,0.439640998840332,2026-04-21T20:09:18.054528+00:00
SR-MMP,topological_torsion,RandomForest,random_under,accuracy,"{'max_depth': 10, 'max_features': 'sqrt', 'min_samples_leaf': 10, 'n_estimators': 200}",0.5510685522917346,1553,0.9504185447520928,0.9388958597214044,0.7353284241792439,0.8267863891835217,0.5510685522917346,0.813973063973064,0.8162540960126321,0.7961810140644323,0.8789899468166513,0.7951231702678051,2376.0,0.7740693196405648,0.8071191479615557,0.6506655251839621,0.8539531478770132,0.4798980390006828,779.0,0.5592339038848877,0.4779050350189209,2026-04-21T20:09:24.118657+00:00
SR-MMP,topological_torsion,DecisionTree,smote,accuracy,"{'ccp_alpha': 0.01, 'criterion': 'gini', 'max_depth': 5, 'min_samples_leaf': 10}",0.2315950076706311,1553,0.9323889246619448,0.9232369709419396,0.6854656242947498,0.6395614644672835,0.2315950076706311,0.664185393258427,0.664071675254447,0.6640716752544471,0.697688147014266,0.6368999675055018,7120.0,0.7432605905006419,0.7822933299936338,0.6138211382113821,0.690085102489019,0.2486985081556388,779.0,0.5811572074890137,0.5208649635314941,2026-04-22T11:26:38.037596+00:00
SR-MMP,topological_torsion,DecisionTree,smoteenn,accuracy,"{'ccp_alpha': 0.0, 'criterion': 'entropy', 'max_depth': 15, 'min_samples_leaf': 10}",0.2394292541379702,1553,0.9368963296844816,0.9247492224544878,0.6808868424584005,0.5201224046913671,0.2394292541379702,0.8319941563184806,0.8313325862877494,0.8307494716773294,0.9170834829750484,0.8822868882482486,6845.0,0.8446726572528883,0.8516508085286353,0.6735562520563128,0.6854486944851148,0.2934893954547468,779.0,0.8838999271392822,0.8540630340576172,2026-04-22T11:27:00.627371+00:00
SR-MMP,topological_torsion,DecisionTree,smoten,accuracy,"{'ccp_alpha': 0.0, 'criterion': 'entropy', 'max_depth': 10, 'min_samples_leaf': 10}",0.2803918829798202,1553,0.9311010946555056,0.9186856188248892,0.6575664842920879,0.6385343135462005,0.2803918829798202,0.8349719101123596,0.8344415125064041,0.8344415125064042,0.9047219811261203,0.8802434367823884,7120.0,0.8061617458279846,0.827012512244139,0.6546265983528341,0.7353205832113225,0.3315293359114309,779.0,0.7237279415130615,0.8225109577178955,2026-04-22T11:27:07.163905+00:00
SR-MMP,topological_torsion,LogisticRegression,smoten_enn,accuracy,"{'C': 0.001, 'l1_ratio': 1.0}",0.0734063103670315,1553,0.9265936896329684,0.8912889835440118,0.4809491978609626,0.5,0.0734063103670315,0.5246094901267315,0.3610303083029507,0.3440943359752561,0.5,0.4753905098732685,6786.0,0.8767650834403081,0.8191936415728187,0.4671682626538987,0.5,0.1232349165596919,779.0,0.1216161251068115,0.097916841506958,2026-04-21T09:07:59.498461+00:00
SR-p53,atom_pair,RandomForest,none,accuracy,"{'max_depth': 5, 'max_features': 'sqrt', 'min_samples_leaf': 5, 'n_estimators': 100}",0.3258119934073563,1715,0.974927113702624,0.9674951043515254,0.6907823840931867,0.6953897107061986,0.3258119934073563,0.8369272237196765,0.8700633907793388,0.6410204856489157,0.8662300975860298,0.5175613831267216,5194.0,0.7633069082672707,0.8132727394613894,0.5627729011928877,0.7769667989895345,0.200001393630664,883.0,0.2368671894073486,0.21486496925354,2026-04-21T20:10:43.965570+00:00
SR-p53,atom_pair,RandomForest,random_over,accuracy,"{'max_depth': 5, 'max_features': 'log2', 'min_samples_leaf': 5, 'n_estimators': 100}",0.3326481765655052,1715,0.9731778425655976,0.9660884568184316,0.6823357922881165,0.7441379383319577,0.3326481765655052,0.7621900826446281,0.7617542948646205,0.7617542948646205,0.8443015120210368,0.8622369439359823,9680.0,0.7372593431483578,0.7952967611061353,0.5461361219425735,0.7686845904005775,0.1979396492435088,883.0,0.3011388778686523,0.3625688552856445,2026-04-21T20:11:02.968221+00:00
SR-p53,atom_pair,XGBoost,random_under,accuracy,"{'colsample_bytree': 0.8, 'learning_rate': 0.05, 'max_depth': 3, 'min_child_weight': 10, 'n_estimators': 200, 'scale_pos_weight': 1, 'subsample': 0.8}",0.27044738159440523,1715,0.9720116618075801,0.9651731277739821,0.6770548912531776,0.6905170042113729,0.27044738159440523,0.864406779661017,0.8597074693725185,0.8378185767129331,0.938445609499186,0.9040554363470622,1062.0,0.8357870894677236,0.8584795650577249,0.5894116402048533,0.7665914832190545,0.18746419072592027,883.0,0.6348302364349365,0.5811471939086914,2026-04-30T06:00:51.906952+00:00
SR-p53,atom_pair,LogisticRegression,smote,accuracy,"{'C': 0.001, 'l1_ratio': 1.0}",0.0332361516034985,1715,0.9667638483965014,0.9504265998466644,0.4915505484731693,0.5,0.0332361516034985,0.5,0.3333333333333333,0.3333333333333333,0.5,0.5,9680.0,0.9229898074745186,0.8860267292010987,0.4799764428739694,0.5,0.0770101925254813,883.0,0.2086150646209716,0.165208101272583,2026-04-21T09:08:28.960504+00:00
SR-p53,atom_pair,LogisticRegression,smoteenn,accuracy,"{'C': 0.001, 'l1_ratio': 1.0}",0.0332361516034985,1715,0.9667638483965014,0.9504265998466644,0.4915505484731693,0.5,0.0332361516034985,0.5031185031185031,0.3368040878414322,0.334716459197787,0.5,0.4968814968814969,9620.0,0.9229898074745186,0.8860267292010987,0.4799764428739694,0.5,0.0770101925254813,883.0,0.1836419105529785,0.1642200946807861,2026-04-21T09:08:31.409846+00:00
SR-p53,atom_pair,RandomForest,smoten,accuracy,"{'max_depth': 5, 'max_features': 'sqrt', 'min_samples_leaf': 10, 'n_estimators': 100}",0.1310556857799288,1715,0.9685131195335276,0.9564474166289894,0.5701036096256684,0.6387054790172052,0.1310556857799288,0.8991735537190083,0.8990460598077894,0.8990460598077895,0.9572566551123556,0.9562339958603192,9680.0,0.8312570781426953,0.8541020351881177,0.5743449382548295,0.6434590400577408,0.1502461155977267,883.0,0.9330332279205322,0.7463109493255615,2026-04-21T20:12:09.707855+00:00
SR-p53,atom_pair,RandomForest,smoten_enn,accuracy,"{'max_depth': 15, 'max_features': 'log2', 'min_samples_leaf': 20, 'n_estimators': 100}",0.117286809780776,1715,0.967930029154519,0.9551922088365236,0.5553245553245554,0.5719266501597782,0.117286809780776,0.927006530440278,0.9269824218542696,0.9269979381068564,0.9806173575028324,0.9788811784190696,9494.0,0.8561721404303511,0.864139249433244,0.5509060691616107,0.588821725009022,0.1211980575602815,883.0,0.5915100574493408,0.5298910140991211,2026-04-21T20:12:09.744486+00:00
SR-p53,avalon,BalancedRandomForest,none,accuracy,"{'max_depth': 5, 'max_features': 'log2', 'min_samples_leaf': 20, 'n_estimators': 200}",0.419287675667583,1715,0.9743440233236152,0.9675628717393696,0.6961472795799375,0.8457769877044843,0.419287675667583,0.6859838274932615,0.7638105335371783,0.5221976592721189,0.8026132861745341,0.3803013737708129,5194.0,0.6421291053227633,0.7255241965025506,0.4998135692876913,0.751506676290148,0.1822783494973383,883.0,1.0194358825683594,1.0706539154052734,2026-04-22T00:58:05.854285+00:00
SR-p53,avalon,XGBoost,random_over,accuracy,"{'colsample_bytree': 0.8, 'learning_rate': 0.05, 'max_depth': 3, 'min_child_weight': 5, 'n_estimators': 200, 'scale_pos_weight': 1, 'subsample': 0.8}",0.4666448608646803,1715,0.9749271137026239,0.9674951043515254,0.6907823840931867,0.8706960404630393,0.4666448608646803,0.9025826446280992,0.9025658732857453,0.9025658732857453,0.9660021941807253,0.9643786623856132,9680.0,0.8210645526613817,0.8543164566803945,0.6243241205488895,0.7861331649224106,0.22903436794592869,883.0,1.2587189674377441,1.242431879043579,2026-04-30T06:04:54.096147+00:00
SR-p53,avalon,XGBoost,random_under,accuracy,"{'colsample_bytree': 0.8, 'learning_rate': 0.1, 'max_depth': 7, 'min_child_weight': 5, 'n_estimators': 100, 'scale_pos_weight': 1, 'subsample': 0.8}",0.42686025413600914,1715,0.9743440233236151,0.9675628717393696,0.6961472795799375,0.8627917804160583,0.42686025413600914,0.9792843691148776,0.9792241840556447,0.9765609951845906,0.9977596635704937,0.995657095159889,1062.0,0.8176670441676104,0.8508069543102152,0.6104621691012267,0.7764976542764346,0.2727911862629764,883.0,0.15669894218444824,0.146514892578125,2026-04-30T06:05:00.211350+00:00
SR-p53,avalon,LogisticRegression,smote,accuracy,"{'C': 0.001, 'l1_ratio': 1.0}",0.0332361516034985,1715,0.9667638483965014,0.9504265998466644,0.4915505484731693,0.5,0.0332361516034985,0.5,0.3333333333333333,0.3333333333333333,0.5,0.5,9680.0,0.9229898074745186,0.8860267292010987,0.4799764428739694,0.5,0.0770101925254813,883.0,0.0770940780639648,0.0614399909973144,2026-04-21T09:08:55.898219+00:00
SR-p53,avalon,LogisticRegression,smoteenn,accuracy,"{'C': 0.001, 'l1_ratio': 1.0}",0.0332361516034985,1715,0.9667638483965014,0.9504265998466644,0.4915505484731693,0.5,0.0332361516034985,0.5081364829396325,0.3424128893042564,0.3369300382875043,0.5,0.4918635170603674,9525.0,0.9229898074745186,0.8860267292010987,0.4799764428739694,0.5,0.0770101925254813,883.0,0.0751230716705322,0.0650131702423095,2026-04-21T09:08:57.264226+00:00
SR-p53,avalon,XGBoost,smoten,accuracy,"{'colsample_bytree': 0.8, 'learning_rate': 0.1, 'max_depth': 3, 'min_child_weight': 1, 'n_estimators': 100, 'scale_pos_weight': 1, 'subsample': 0.8}",0.2651689186241498,1715,0.9720116618075801,0.9620337632713569,0.6292292725110799,0.6539796415042431,0.2651689186241498,0.9433884297520662,0.9433772529377085,0.9433772529377085,0.9840138993238166,0.9853885576767932,9680.0,0.8686296715741789,0.8775008497297084,0.6013854296388543,0.7133435582822086,0.21480201782524194,883.0,0.6775598526000977,0.6913719177246094,2026-04-30T06:05:46.094594+00:00
SR-p53,avalon,XGBoost,smoten_enn,accuracy,"{'colsample_bytree': 0.8, 'learning_rate': 0.05, 'max_depth': 3, 'min_child_weight': 10, 'n_estimators': 200, 'scale_pos_weight': 1, 'subsample': 0.8}",0.2685281956597261,1715,0.9714285714285714,0.9608673644334863,0.6157960909818265,0.6488265295325164,0.2685281956597261,0.9534687861880198,0.9534690615664416,0.9534687815468104,0.9910402242881902,0.9902767592426516,9499.0,0.8765571913929785,0.8807564450621304,0.5955889458933666,0.7002796824251173,0.22574813511316244,883.0,1.167855978012085,1.1200251579284668,2026-04-30T06:05:54.270152+00:00
SR-p53,erg,DecisionTree,none,accuracy,"{'ccp_alpha': 0.01, 'criterion': 'gini', 'max_depth': 5, 'min_samples_leaf': 10}",0.355728095749578,1715,0.97667638483965,0.9722368984560092,0.7501238453244747,0.6831947177956955,0.355728095749578,0.5231035810550635,0.6300725461768226,0.4252655561912438,0.7076609702572723,0.1363154544991668,5194.0,0.5345413363533409,0.6345513170861529,0.4405059778461254,0.6669252977264525,0.1150705998534802,883.0,0.0579380989074707,0.0530378818511962,2026-04-22T11:30:01.696351+00:00
SR-p53,erg,DecisionTree,random_over,accuracy,"{'ccp_alpha': 0.01, 'criterion': 'gini', 'max_depth': 5, 'min_samples_leaf': 10}",0.355728095749578,1715,0.97667638483965,0.9722368984560092,0.7501238453244747,0.6831947177956955,0.355728095749578,0.6619834710743802,0.6531123179332955,0.6531123179332955,0.7155564425244176,0.6664329722088622,9680.0,0.5345413363533409,0.6345513170861529,0.4405059778461254,0.6669252977264525,0.1150705998534802,883.0,0.1065669059753418,0.1081359386444091,2026-04-22T11:30:03.275554+00:00
SR-p53,erg,DecisionTree,random_under,accuracy,"{'ccp_alpha': 0.01, 'criterion': 'gini', 'max_depth': 5, 'min_samples_leaf': 10}",0.3373638177075341,1715,0.9760932944606414,0.9713411946036976,0.7407923500289381,0.6744016252936321,0.3373638177075341,0.5979284369114878,0.6070070650234383,0.5944037930562599,0.6824527594241757,0.4778171011572804,1062.0,0.551528878822197,0.6505106420874828,0.4462582189958572,0.6471761097076868,0.1104586584824875,883.0,0.0168418884277343,0.0119688510894775,2026-04-22T11:30:06.901444+00:00
SR-p53,erg,LogisticRegression,smote,accuracy,"{'C': 0.01, 'l1_ratio': 1.0}",0.3625774826405161,1715,0.9755102040816328,0.9695264868022344,0.7174230298465305,0.683178845787569,0.3625774826405161,0.6398760330578512,0.6398070100090469,0.6398070100090469,0.6711812931152243,0.6434905532006654,9680.0,0.609286523216308,0.6998306545272347,0.4705544982924476,0.6590039696860339,0.1072000168249305,883.0,0.0582509040832519,0.0529799461364746,2026-04-21T09:09:03.447225+00:00
SR-p53,erg,LogisticRegression,smoteenn,accuracy,"{'C': 0.01, 'l1_ratio': 1.0}",0.3625774826405161,1715,0.9755102040816328,0.9695264868022344,0.7174230298465305,0.683178845787569,0.3625774826405161,0.6404385682038052,0.640555118165776,0.6403953387633652,0.6816502491560544,0.636118834163157,9303.0,0.609286523216308,0.6998306545272347,0.4705544982924476,0.6591302778780224,0.1072531913556097,883.0,0.0527679920196533,0.0427799224853515,2026-04-21T09:09:04.456409+00:00
SR-p53,erg,LogisticRegression,smoten,accuracy,"{'C': 0.001, 'l1_ratio': 0.0}",0.2604781644981308,1715,0.97201166180758,0.9640234278004576,0.6595195552908477,0.5932268850654985,0.2604781644981308,0.7553719008264462,0.7552632059966528,0.7552632059966528,0.8227040716139609,0.7862754245193762,9680.0,0.6976217440543602,0.7670739321123303,0.5211934369497535,0.643089137495489,0.1572941077156986,883.0,0.0405192375183105,0.0308380126953125,2026-04-21T09:09:05.192983+00:00
SR-p53,erg,LogisticRegression,smoten_enn,accuracy,"{'C': 0.01, 'l1_ratio': 1.0}",0.3478883880984887,1715,0.9760932944606414,0.9713411946036976,0.7407923500289381,0.6744122066323831,0.3478883880984887,0.5054491224044969,0.4471753506489024,0.4637048476152168,0.6570525316712036,0.5853645827995352,8717.0,0.3884484711211778,0.4831743317782959,0.3506645604096307,0.6621075424034645,0.1103408631288516,883.0,0.0365130901336669,0.0288751125335693,2026-04-21T09:09:06.110715+00:00
SR-p53,estate,RandomForest,none,accuracy,"{'max_depth': 5, 'max_features': 'sqrt', 'min_samples_leaf': 5, 'n_estimators': 100}",0.3182516128995058,1715,0.9731778425655976,0.9655224516421048,0.6737062404870624,0.7760089306499058,0.3182516128995058,0.8186368887177512,0.8567794615106847,0.6144174479850482,0.8396309006863706,0.4151094209111108,5194.0,0.7440543601359003,0.799299842982095,0.5413724949439235,0.7390202093107182,0.2006476649222401,883.0,0.2886579036712646,0.1662960052490234,2026-04-21T20:14:56.909191+00:00
SR-p53,estate,LogisticRegression,random_over,accuracy,"{'C': 0.01, 'l1_ratio': 1.0}",0.3298311680561949,1715,0.974927113702624,0.9680392088490896,0.6990749242025455,0.6572069498232918,0.3298311680561949,0.6257231404958677,0.620871779002658,0.620871779002658,0.6906204323475171,0.6827273899167987,9680.0,0.5186862967157417,0.6195786814387313,0.4325647573988475,0.7313334536268496,0.150118962562589,883.0,0.0228521823883056,0.0223190784454345,2026-04-21T09:09:07.330099+00:00
SR-p53,estate,LogisticRegression,random_under,accuracy,"{'C': 0.1, 'l1_ratio': 1.0}",0.3310738581146744,1715,0.974927113702624,0.9680392088490896,0.6990749242025455,0.6572175311620427,0.3310738581146744,0.5903954802259888,0.6009374053131622,0.5846411543050425,0.6574160522199879,0.4830794673000018,1062.0,0.5605889014722537,0.6575710331564225,0.4574449216424056,0.737432334897149,0.1505315238780085,883.0,0.0087478160858154,0.0028159618377685,2026-04-21T09:09:07.670898+00:00
SR-p53,estate,LogisticRegression,smote,accuracy,"{'C': 0.01, 'l1_ratio': 1.0}",0.3284944930353093,1715,0.9755102040816328,0.9699902211664913,0.7245043143014503,0.6571963684845408,0.3284944930353093,0.568801652892562,0.4976065750995875,0.4976065750995876,0.6952072518953624,0.6745609737694461,9680.0,0.3578708946772367,0.448531316842469,0.3273804485823106,0.7207055214723925,0.1457377992933891,883.0,0.0157711505889892,0.010448932647705,2026-04-21T09:09:08.204174+00:00
SR-p53,estate,LogisticRegression,smoteenn,accuracy,"{'C': 0.01, 'l1_ratio': 1.0}",0.3284944930353093,1715,0.9755102040816328,0.9699902211664913,0.7245043143014503,0.6571963684845408,0.3284944930353093,0.5628604382929643,0.4917654372598087,0.4945515663767562,0.6950847824442188,0.6643758428998253,9537.0,0.3578708946772367,0.448531316842469,0.3273804485823106,0.7209400938289426,0.1463462006189527,883.0,0.0149569511413574,0.0104167461395263,2026-04-21T09:09:08.749782+00:00
SR-p53,estate,LogisticRegression,smoten,accuracy,"{'C': 0.001, 'l1_ratio': 1.0}",0.0332361516034985,1715,0.9667638483965014,0.9504265998466644,0.4915505484731693,0.5,0.0332361516034985,0.5,0.3333333333333333,0.3333333333333333,0.5,0.5,9680.0,0.9229898074745186,0.8860267292010987,0.4799764428739694,0.5,0.0770101925254813,883.0,0.0147359371185302,0.0073959827423095,2026-04-21T09:09:09.019775+00:00
SR-p53,estate,LogisticRegression,smoten_enn,accuracy,"{'C': 0.001, 'l1_ratio': 1.0}",0.0332361516034985,1715,0.9667638483965014,0.9504265998466644,0.4915505484731693,0.5,0.0332361516034985,0.5150031921685465,0.3501356159707494,0.3399353841831718,0.5,0.4849968078314535,9398.0,0.9229898074745186,0.8860267292010987,0.4799764428739694,0.5,0.0770101925254813,883.0,0.0158300399780273,0.0065789222717285,2026-04-21T09:09:09.344595+00:00
SR-p53,fcfp,BalancedRandomForest,none,accuracy,"{'max_depth': 5, 'max_features': 'log2', 'min_samples_leaf': 10, 'n_estimators': 200}",0.2764493671398678,1715,0.972594752186589,0.9638417210168656,0.6524283231784881,0.727837385986075,0.2764493671398678,0.794185598767809,0.8394489363638672,0.5846793849762677,0.7895325559135267,0.3163806603228751,5194.0,0.7202718006795017,0.7834018112310008,0.5365006704877028,0.7075694695055936,0.1445577352979617,883.0,1.916105031967163,2.1162660121917725,2026-04-22T01:03:56.192091+00:00
SR-p53,fcfp,RandomForest,random_over,accuracy,"{'max_depth': 15, 'max_features': 'log2', 'min_samples_leaf': 5, 'n_estimators': 100}",0.3017152190142778,1715,0.97201166180758,0.9620337632713568,0.6292292725110799,0.758258734895139,0.3017152190142778,0.8148760330578513,0.8136661868648892,0.8136661868648893,0.9189603254559114,0.9184969265837362,9680.0,0.7916194790486977,0.8300097061494036,0.5594672566755602,0.7344189823168531,0.1731938752445854,883.0,0.732306957244873,0.6355998516082764,2026-04-21T20:15:33.022645+00:00
SR-p53,fcfp,RandomForest,random_under,accuracy,"{'max_depth': 5, 'max_features': 'sqrt', 'min_samples_leaf': 10, 'n_estimators': 100}",0.2939884237502829,1715,0.972594752186589,0.9638417210168656,0.6524283231784881,0.7099919581825492,0.2939884237502829,0.748587570621469,0.7506156808090992,0.7218976405522541,0.8035865332439592,0.6740472712354565,1062.0,0.6987542468856173,0.7678975416399707,0.521944964585199,0.7131089859256586,0.1679101126680657,883.0,0.262523889541626,0.2313587665557861,2026-04-21T20:15:38.457181+00:00
SR-p53,fcfp,LogisticRegression,smote,accuracy,"{'C': 0.001, 'l1_ratio': 1.0}",0.0332361516034985,1715,0.9667638483965014,0.9504265998466644,0.4915505484731693,0.5,0.0332361516034985,0.5,0.3333333333333333,0.3333333333333333,0.5,0.5,9680.0,0.9229898074745186,0.8860267292010987,0.4799764428739694,0.5,0.0770101925254813,883.0,0.2446768283843994,0.169619083404541,2026-04-21T09:09:10.804967+00:00
SR-p53,fcfp,LogisticRegression,smoteenn,accuracy,"{'C': 0.001, 'l1_ratio': 1.0}",0.0332361516034985,1715,0.9667638483965014,0.9504265998466644,0.4915505484731693,0.5,0.0332361516034985,0.5067532195581614,0.3408638152541868,0.336321311931068,0.5,0.4932467804418385,9551.0,0.9229898074745186,0.8860267292010987,0.4799764428739694,0.5,0.0770101925254813,883.0,0.2068443298339843,0.1655068397521972,2026-04-21T09:09:11.268340+00:00
SR-p53,fcfp,DecisionTree,smoten,accuracy,"{'ccp_alpha': 0.0, 'criterion': 'entropy', 'max_depth': 10, 'min_samples_leaf': 10}",0.0938695955976183,1715,0.967930029154519,0.956905705359544,0.5813750160881587,0.5402249592618458,0.0938695955976183,0.906611570247934,0.9065834323431892,0.9065834323431892,0.9534529531794276,0.9313051230164316,9680.0,0.8221970554926388,0.8477280450691933,0.5630765642679072,0.5639931432695778,0.1358071235827993,883.0,1.6650760173797607,1.649277925491333,2026-04-22T11:30:42.219503+00:00
SR-p53,fcfp,DecisionTree,smoten_enn,accuracy,"{'ccp_alpha': 0.0, 'criterion': 'entropy', 'max_depth': 10, 'min_samples_leaf': 50}",0.0963508952782543,1715,0.9685131195335276,0.9564474166289894,0.5701036096256684,0.569805091740207,0.0963508952782543,0.9077151021272092,0.9077167228369216,0.9077150514800308,0.9635272974722472,0.9451481248367212,9449.0,0.8380520951302378,0.8585415400212648,0.5802576248649547,0.5882443161313605,0.1269188552316237,883.0,1.7045118808746338,1.4642930030822754,2026-04-22T11:31:50.990030+00:00
SR-p53,klekota_roth,DecisionTree,none,accuracy,"{'ccp_alpha': 0.0, 'criterion': 'gini', 'max_depth': 5, 'min_samples_leaf': 10}",0.1897924308712167,1715,0.97201166180758,0.9620337632713568,0.6292292725110799,0.6017766067762893,0.1897924308712167,0.8161340007701193,0.8524730514834096,0.5847932789057086,0.7302715132838399,0.1676538793421657,5194.0,0.7474518686296716,0.7980687960343084,0.5049614722260631,0.5691356910862504,0.0942481489853481,883.0,0.2583150863647461,0.2045118808746338,2026-04-22T11:31:54.416097+00:00
SR-p53,klekota_roth,DecisionTree,random_over,accuracy,"{'ccp_alpha': 0.0, 'criterion': 'gini', 'max_depth': 5, 'min_samples_leaf': 10}",0.203658960369265,1715,0.972594752186589,0.9631739663981556,0.642265922838972,0.5940628108268258,0.203658960369265,0.6824380165289257,0.6732642509212212,0.6732642509212211,0.7330994083395944,0.6963156067486461,9680.0,0.7599093997734995,0.805970689047626,0.5093518693254493,0.5275802959220498,0.0844519463073106,883.0,1.250615119934082,1.044447898864746,2026-04-22T11:31:57.317233+00:00
SR-p53,klekota_roth,XGBoost,random_under,accuracy,"{'colsample_bytree': 0.8, 'learning_rate': 0.05, 'max_depth': 3, 'min_child_weight': 1, 'n_estimators': 100, 'scale_pos_weight': 1, 'subsample': 0.8}",0.15501982715718962,1715,0.9685131195335277,0.9564474166289894,0.5701036096256684,0.6483503692887225,0.15501982715718962,0.800376647834275,0.7768066157760815,0.7314599236641222,0.8949176481853874,0.8426289233220594,1062.0,0.8844847112117781,0.8844847112117781,0.5937116564417177,0.726037531577048,0.22093454192254158,883.0,0.8434641361236572,0.7482528686523438,2026-04-30T06:10:42.025429+00:00
SR-p53,klekota_roth,LogisticRegression,smote,accuracy,"{'C': 0.001, 'l1_ratio': 1.0}",0.0332361516034985,1715,0.9667638483965014,0.9504265998466644,0.4915505484731693,0.5,0.0332361516034985,0.5,0.3333333333333333,0.3333333333333333,0.5,0.5,9680.0,0.9229898074745186,0.8860267292010987,0.4799764428739694,0.5,0.0770101925254813,883.0,0.513272762298584,0.6026630401611328,2026-04-21T09:09:20.423870+00:00
SR-p53,klekota_roth,LogisticRegression,smoteenn,accuracy,"{'C': 0.001, 'l1_ratio': 1.0}",0.0332361516034985,1715,0.9667638483965014,0.9504265998466644,0.4915505484731693,0.5,0.0332361516034985,0.5150579972331595,0.3501974723057515,0.3399592610802838,0.5,0.4849420027668404,9397.0,0.9229898074745186,0.8860267292010987,0.4799764428739694,0.5,0.0770101925254813,883.0,0.6159331798553467,0.3652658462524414,2026-04-21T09:09:27.330501+00:00
SR-p53,klekota_roth,LogisticRegression,smoten,accuracy,"{'C': 0.001, 'l1_ratio': 1.0}",0.0332361516034985,1715,0.9667638483965014,0.9504265998466644,0.4915505484731693,0.5,0.0332361516034985,0.5,0.3333333333333333,0.3333333333333333,0.5,0.5,9680.0,0.9229898074745186,0.8860267292010987,0.4799764428739694,0.5,0.0770101925254813,883.0,0.5633730888366699,0.320164680480957,2026-04-21T09:09:28.819541+00:00
SR-p53,klekota_roth,LogisticRegression,smoten_enn,accuracy,"{'C': 0.001, 'l1_ratio': 1.0}",0.0332361516034985,1715,0.9667638483965014,0.9504265998466644,0.4915505484731693,0.5,0.0332361516034985,0.5134189031505251,0.3483489859463856,0.3392444101773323,0.5,0.4865810968494749,9427.0,0.9229898074745186,0.8860267292010987,0.4799764428739694,0.5,0.0770101925254813,883.0,0.4151229858398437,0.3798508644104004,2026-04-21T09:09:29.700315+00:00
SR-p53,maccs,BalancedRandomForest,none,accuracy,"{'max_depth': 5, 'max_features': 'sqrt', 'min_samples_leaf': 10, 'n_estimators': 100}",0.3970330250767703,1715,0.974927113702624,0.9680392088490896,0.6990749242025455,0.7895847882674116,0.3970330250767703,0.7420100115517906,0.8047243425672157,0.5663035892323032,0.8354581057104169,0.3464686863982389,5194.0,0.6896942242355606,0.7615828767696771,0.5239686137476193,0.7618278599783472,0.1956197193676068,883.0,0.4930620193481445,0.5537962913513184,2026-04-22T01:06:12.469817+00:00
SR-p53,maccs,DecisionTree,random_over,accuracy,"{'ccp_alpha': 0.01, 'criterion': 'gini', 'max_depth': 5, 'min_samples_leaf': 10}",0.256687938333228,1715,0.9743440233236152,0.9675628717393696,0.6961472795799375,0.6309758110596153,0.256687938333228,0.6569214876033058,0.655400991699435,0.655400991699435,0.6622210957243357,0.6069517657119954,9680.0,0.5889014722536806,0.6819259560998422,0.4744952413742223,0.6848249729339588,0.1234305760556402,883.0,0.0501468181610107,0.0413000583648681,2026-04-22T11:33:40.724746+00:00
SR-p53,maccs,DecisionTree,random_under,accuracy,"{'ccp_alpha': 0.01, 'criterion': 'entropy', 'max_depth': 5, 'min_samples_leaf': 50}",0.3659161764884943,1715,0.9760932944606414,0.9700165020660168,0.7205563835072032,0.7893572894842656,0.3659161764884943,0.5922787193973634,0.596924838293095,0.5916701223535137,0.7088520220881611,0.5091304932049225,1062.0,0.5537938844847112,0.6509692396842457,0.4568783564381166,0.7695687477444966,0.1737090346528103,883.0,0.0068178176879882,0.0043299198150634,2026-04-22T11:33:42.054038+00:00
SR-p53,maccs,LogisticRegression,smote,accuracy,"{'C': 0.001, 'l1_ratio': 1.0}",0.0332361516034985,1715,0.9667638483965014,0.9504265998466644,0.4915505484731693,0.5,0.0332361516034985,0.5,0.3333333333333333,0.3333333333333333,0.5,0.5,9680.0,0.9229898074745186,0.8860267292010987,0.4799764428739694,0.5,0.0770101925254813,883.0,0.0266969203948974,0.0182220935821533,2026-04-21T09:09:34.075951+00:00
SR-p53,maccs,LogisticRegression,smoteenn,accuracy,"{'C': 0.001, 'l1_ratio': 1.0}",0.0332361516034985,1715,0.9667638483965014,0.9504265998466644,0.4915505484731693,0.5,0.0332361516034985,0.5136368460150695,0.3485945922615069,0.3393395498843161,0.5,0.4863631539849304,9423.0,0.9229898074745186,0.8860267292010987,0.4799764428739694,0.5,0.0770101925254813,883.0,0.0323319435119628,0.0195271968841552,2026-04-21T09:09:36.024443+00:00
SR-p53,maccs,RandomForest,smoten,accuracy,"{'max_depth': 5, 'max_features': 'log2', 'min_samples_leaf': 5, 'n_estimators': 100}",0.2258565914664831,1715,0.9714285714285714,0.9616069011385028,0.6270431961512686,0.6582227583433855,0.2258565914664831,0.8354338842975206,0.8345910067242859,0.8345910067242859,0.9067453128201626,0.8827119500017968,9680.0,0.7644394110985278,0.8123434958022927,0.5452960982372748,0.6729971129556117,0.1678153324045211,883.0,0.4256787300109863,0.3073229789733886,2026-04-21T20:20:09.874300+00:00
SR-p53,maccs,XGBoost,smoten_enn,accuracy,"{'colsample_bytree': 0.8, 'learning_rate': 0.05, 'max_depth': 3, 'min_child_weight': 1, 'n_estimators': 100, 'scale_pos_weight': 1, 'subsample': 0.8}",0.26868656031313853,1715,0.9720116618075801,0.9627364908740754,0.6399202155579662,0.6708621674814298,0.26868656031313853,0.9034614163226421,0.9032474218353782,0.9033339855776221,0.956776227157021,0.9411088076015728,9447.0,0.7995469988674971,0.8356389718122011,0.5687013105281022,0.6909870083002525,0.1714175786248805,883.0,0.2272179126739502,0.22020816802978516,2026-04-30T06:19:30.416971+00:00
SR-p53,map4,DecisionTree,none,accuracy,"{'ccp_alpha': 0.01, 'criterion': 'gini', 'max_depth': 5, 'min_samples_leaf': 10}",0.1953509056086929,1715,0.9708454810495628,0.9642740728172516,0.6720289455969647,0.6277908280955706,0.1953509056086929,0.8117058144012322,0.8478056494514291,0.5636936143019846,0.6541474062660503,0.1162118338218967,5194.0,0.7893544733861835,0.8259538951326997,0.5351052989130435,0.6231053771201732,0.107623155968836,883.0,0.1915557384490966,0.1945340633392334,2026-04-22T11:33:51.526366+00:00
SR-p53,map4,XGBoost,random_over,accuracy,"{'colsample_bytree': 0.8, 'learning_rate': 0.05, 'max_depth': 5, 'min_child_weight': 10, 'n_estimators': 100, 'scale_pos_weight': 1, 'subsample': 0.8}",0.3057304552580385,1715,0.9708454810495627,0.9596735339157307,0.6019477866904337,0.7478731509110532,0.3057304552580385,0.9785123966942149,0.9785123957769447,0.9785123957769447,0.996425811932245,0.9963001833498287,9680.0,0.9003397508493771,0.8847478729273747,0.5421851432880844,0.6769126669072536,0.15580389983088347,883.0,1.9138400554656982,1.8943488597869873,2026-04-30T06:19:49.190417+00:00
SR-p53,map4,RandomForest,random_under,accuracy,"{'max_depth': 15, 'max_features': 'sqrt', 'min_samples_leaf': 5, 'n_estimators': 100}",0.298807797825046,1715,0.970262390670554,0.9620930151465948,0.6430888635890656,0.7215943961229976,0.298807797825046,0.9651600753295668,0.9650718162221156,0.960608427073862,0.9867375275304032,0.9603351324728696,1062.0,0.8448471121177803,0.8608151390993192,0.5698854767771366,0.7151479610249009,0.179687950453316,883.0,0.2598068714141845,0.2584259510040283,2026-04-21T20:20:57.627186+00:00
SR-p53,map4,LogisticRegression,smote,accuracy,"{'C': 0.001, 'l1_ratio': 1.0}",0.0332361516034985,1715,0.9667638483965014,0.9504265998466644,0.4915505484731693,0.5,0.0332361516034985,0.5,0.3333333333333333,0.3333333333333333,0.5,0.5,9680.0,0.9229898074745186,0.8860267292010987,0.4799764428739694,0.5,0.0770101925254813,883.0,0.120150089263916,0.099963903427124,2026-04-21T09:09:47.347678+00:00
SR-p53,map4,LogisticRegression,smoteenn,accuracy,"{'C': 0.001, 'l1_ratio': 1.0}",0.0332361516034985,1715,0.9667638483965014,0.9504265998466644,0.4915505484731693,0.5,0.0332361516034985,0.5039566847147022,0.3377389025227303,0.335087233453337,0.5,0.4960433152852977,9604.0,0.9229898074745186,0.8860267292010987,0.4799764428739694,0.5,0.0770101925254813,883.0,0.149064302444458,0.1018300056457519,2026-04-21T09:09:48.387125+00:00
SR-p53,map4,LogisticRegression,smoten,accuracy,"{'C': 0.001, 'l1_ratio': 1.0}",0.0332361516034985,1715,0.9667638483965014,0.9504265998466644,0.4915505484731693,0.5,0.0332361516034985,0.5,0.3333333333333333,0.3333333333333333,0.5,0.5,9680.0,0.9229898074745186,0.8860267292010987,0.4799764428739694,0.5,0.0770101925254813,883.0,0.125701904296875,0.1134102344512939,2026-04-21T09:09:52.931853+00:00
SR-p53,map4,LogisticRegression,smoten_enn,accuracy,"{'C': 0.001, 'l1_ratio': 1.0}",0.0332361516034985,1715,0.9667638483965014,0.9504265998466644,0.4915505484731693,0.5,0.0332361516034985,0.5078165984681565,0.3420544619839785,0.3367893674761673,0.5,0.4921834015318435,9531.0,0.9229898074745186,0.8860267292010987,0.4799764428739694,0.5,0.0770101925254813,883.0,0.1508259773254394,0.1059210300445556,2026-04-21T09:09:54.786283+00:00
SR-p53,mhfp,XGBoost,none,accuracy,"{'colsample_bytree': 0.8, 'learning_rate': 0.1, 'max_depth': 3, 'min_child_weight': 5, 'n_estimators': 100, 'scale_pos_weight': 4, 'subsample': 0.8}",0.1802424747372032,1715,0.9696793002915451,0.9571982353150111,0.572925446325952,0.7015321778511417,0.1802424747372032,0.9824797843665768,0.9815671680366738,0.923905240488155,0.9975072372414437,0.970277894263256,5194.0,0.9161947904869762,0.8846014531728948,0.4912644036125817,0.6169343197401659,0.11991733518236089,883.0,2.0642130374908447,1.9610679149627686,2026-04-30T06:22:17.462210+00:00
SR-p53,mhfp,RandomForest,random_over,accuracy,"{'max_depth': 5, 'max_features': 'sqrt', 'min_samples_leaf': 5, 'n_estimators': 200}",0.252900588075111,1715,0.9690962099125364,0.9559138770383206,0.5577079349322901,0.7232239222906482,0.252900588075111,0.984297520661157,0.9842975039033194,0.9842975039033192,0.9986769815927872,0.9987174835999034,9680.0,0.9071347678369196,0.8875546493432049,0.5393082561335641,0.6563063875857091,0.1496751328832846,883.0,2.783115863800049,2.1335270404815674,2026-04-21T20:22:06.770282+00:00
SR-p53,mhfp,RandomForest,random_under,accuracy,"{'max_depth': 5, 'max_features': 'sqrt', 'min_samples_leaf': 5, 'n_estimators': 200}",0.1280396076182814,1715,0.9673469387755104,0.9529146732877126,0.5250247279920871,0.5908619558546547,0.1280396076182814,0.9962335216572504,0.99622812633376,0.9957506402048656,0.9999720706055092,0.9999442304888416,1062.0,0.8867497168742922,0.8807339590444224,0.5597503091220932,0.5816041140382533,0.1297516070140747,883.0,0.7930150032043457,0.43072509765625,2026-04-21T20:22:26.412270+00:00
SR-p53,mhfp,LogisticRegression,smote,accuracy,"{'C': 0.001, 'l1_ratio': 1.0}",0.0332361516034985,1715,0.9667638483965014,0.9504265998466644,0.4915505484731693,0.5,0.0332361516034985,0.5,0.3333333333333333,0.3333333333333333,0.5,0.5,9680.0,0.9229898074745186,0.8860267292010987,0.4799764428739694,0.5,0.0770101925254813,883.0,0.6046719551086426,0.416867733001709,2026-04-21T09:10:08.388270+00:00
SR-p53,mhfp,LogisticRegression,smoteenn,accuracy,"{'C': 0.001, 'l1_ratio': 1.0}",0.0332361516034985,1715,0.9667638483965014,0.9504265998466644,0.4915505484731693,0.5,0.0332361516034985,0.5009314841647692,0.3343688295900541,0.3337470693697421,0.5,0.4990685158352308,9662.0,0.9229898074745186,0.8860267292010987,0.4799764428739694,0.5,0.0770101925254813,883.0,0.4948999881744385,0.4345388412475586,2026-04-21T09:10:11.997047+00:00
SR-p53,mhfp,LogisticRegression,smoten,accuracy,"{'C': 0.001, 'l1_ratio': 1.0}",0.0332361516034985,1715,0.9667638483965014,0.9504265998466644,0.4915505484731693,0.5,0.0332361516034985,0.5,0.3333333333333333,0.3333333333333333,0.5,0.5,9680.0,0.9229898074745186,0.8860267292010987,0.4799764428739694,0.5,0.0770101925254813,883.0,0.577017068862915,0.4138970375061035,2026-04-21T09:10:17.494499+00:00
SR-p53,mhfp,LogisticRegression,smoten_enn,accuracy,"{'C': 0.001, 'l1_ratio': 1.0}",0.0332361516034985,1715,0.9667638483965014,0.9504265998466644,0.4915505484731693,0.5,0.0332361516034985,0.5021788752853289,0.3357571151237729,0.3343003177234425,0.5,0.4978211247146711,9638.0,0.9229898074745186,0.8860267292010987,0.4799764428739694,0.5,0.0770101925254813,883.0,0.4468669891357422,0.3844249248504638,2026-04-21T09:10:24.468604+00:00
SR-p53,morgan_2048,BalancedRandomForest,none,accuracy,"{'max_depth': 10, 'max_features': 'sqrt', 'min_samples_leaf': 5, 'n_estimators': 100}",0.3467979955825391,1715,0.9731778425655976,0.9649236429265584,0.6645833333333333,0.7945580174803715,0.3467979955825391,0.8496341932999615,0.8781481911285066,0.6485004456009418,0.8771568730447774,0.4871438354211898,5194.0,0.7553793884484711,0.8059286044042364,0.536212430697403,0.7018495128112595,0.1509493957501966,883.0,1.4849019050598145,1.1687407493591309,2026-04-22T01:09:11.263880+00:00
SR-p53,morgan_2048,RandomForest,random_over,accuracy,"{'max_depth': 10, 'max_features': 'sqrt', 'min_samples_leaf': 20, 'n_estimators': 100}",0.377825078799941,1715,0.9737609329446064,0.9653803711863608,0.6672186072985524,0.7730408651302563,0.377825078799941,0.8143595041322315,0.8128582362323188,0.8128582362323189,0.913786092992282,0.916206554016448,9680.0,0.7938844847112118,0.8289023286918636,0.5382542236524538,0.6800162396246843,0.1373712508824422,883.0,1.8909707069396973,1.480008840560913,2026-04-21T20:23:58.271284+00:00
SR-p53,morgan_2048,RandomForest,random_under,accuracy,"{'max_depth': 15, 'max_features': 'log2', 'min_samples_leaf': 10, 'n_estimators': 200}",0.363989564579771,1715,0.974927113702624,0.9680392088490896,0.6990749242025455,0.7584386176539055,0.363989564579771,0.7777777777777778,0.7809338160215353,0.7576580339738235,0.842595917520508,0.7239727409837824,1062.0,0.6987542468856173,0.767464871585952,0.5133716208376842,0.7016510285095634,0.1517354605809006,883.0,0.4182589054107666,0.3484768867492676,2026-04-21T20:23:59.727693+00:00
SR-p53,morgan_2048,LogisticRegression,smote,accuracy,"{'C': 0.001, 'l1_ratio': 1.0}",0.0332361516034985,1715,0.9667638483965014,0.9504265998466644,0.4915505484731693,0.5,0.0332361516034985,0.5,0.3333333333333333,0.3333333333333333,0.5,0.5,9680.0,0.9229898074745186,0.8860267292010987,0.4799764428739694,0.5,0.0770101925254813,883.0,0.2724127769470215,0.1329700946807861,2026-04-21T09:10:38.990192+00:00
SR-p53,morgan_2048,LogisticRegression,smoteenn,accuracy,"{'C': 0.001, 'l1_ratio': 1.0}",0.0332361516034985,1715,0.9667638483965014,0.9504265998466644,0.4915505484731693,0.5,0.0332361516034985,0.505271949055225,0.3392074670125929,0.3356682155489285,0.5,0.494728050944775,9579.0,0.9229898074745186,0.8860267292010987,0.4799764428739694,0.5,0.0770101925254813,883.0,0.174746036529541,0.1404359340667724,2026-04-21T09:10:39.400657+00:00
SR-p53,morgan_2048,XGBoost,smoten,accuracy,"{'colsample_bytree': 0.8, 'learning_rate': 0.05, 'max_depth': 7, 'min_child_weight': 5, 'n_estimators': 100, 'scale_pos_weight': 1, 'subsample': 0.8}",0.16223263849526248,1715,0.967930029154519,0.9551922088365237,0.5553245553245554,0.7137536241085222,0.16223263849526248,0.9544421487603306,0.9544419343463245,0.9544419343463246,0.9870418473806435,0.9890828667189713,9680.0,0.8924122310305775,0.881109087724136,0.5433711657276612,0.5991248646697943,0.13448631021696367,883.0,3.2930898666381836,3.2288219928741455,2026-04-30T06:31:23.828724+00:00
SR-p53,morgan_2048,XGBoost,smoten_enn,accuracy,"{'colsample_bytree': 0.8, 'learning_rate': 0.05, 'max_depth': 7, 'min_child_weight': 1, 'n_estimators': 200, 'scale_pos_weight': 1, 'subsample': 0.8}",0.12722691713450957,1715,0.967930029154519,0.9542502497567479,0.5410176683259613,0.6354781706981567,0.12722691713450957,0.9895635673624289,0.9895635447366256,0.9895591553308034,0.9990520148852831,0.9990234119767518,9486.0,0.9071347678369196,0.884676945383692,0.5199814372845399,0.5097708408516781,0.11076786154006937,883.0,5.178581953048706,5.277574062347412,2026-04-30T06:32:01.236479+00:00
SR-p53,morgan_4096,EasyEnsemble,none,accuracy,"{'n_estimators': 10, 'replacement': False}",0.4077518874844399,1715,0.9737609329446064,0.9659832487399684,0.6764001693998465,0.8120489704357395,0.4077518874844399,0.7246823257604929,0.7918128934532431,0.5416901968837435,0.7820180814306392,0.2562353382342012,5194.0,0.6443941109852774,0.7273825512342054,0.4852248759765915,0.6676380368098158,0.1388287585304669,883.0,39.6943621635437,14.560251951217651,2026-04-22T01:12:13.604541+00:00
SR-p53,morgan_4096,BernoulliNB,random_over,accuracy,{'alpha': 10.0},0.3488613392371936,1715,0.97201166180758,0.9620337632713568,0.6292292725110799,0.7546716610585571,0.3488613392371936,0.8325413223140495,0.8301735105253693,0.8301735105253693,0.9421490591489652,0.9398341466347958,9680.0,0.8448471121177803,0.8590230272253897,0.5564684962144127,0.6819830386142187,0.1765988862117469,883.0,0.6976709365844727,0.6340079307556152,2026-04-21T14:43:59.839556+00:00
SR-p53,morgan_4096,RandomForest,random_under,accuracy,"{'max_depth': 5, 'max_features': 'sqrt', 'min_samples_leaf': 20, 'n_estimators': 100}",0.3527736351890711,1715,0.9737609329446064,0.966552660423466,0.6850784090491755,0.7083359786680211,0.3527736351890711,0.6958568738229756,0.7029116463023942,0.6766233362211918,0.7725489961377637,0.6313539008757276,1062.0,0.6511891279728199,0.7323985778967969,0.4796341650084187,0.6514345001804402,0.1672892512347742,883.0,0.2641012668609619,0.1923742294311523,2026-04-21T20:26:24.604800+00:00
SR-p53,morgan_4096,LogisticRegression,smote,accuracy,"{'C': 0.001, 'l1_ratio': 1.0}",0.0484711623440799,1715,0.9667638483965014,0.9504265998466644,0.4915505484731693,0.6247116585190359,0.0484711623440799,0.5,0.3333333333333333,0.3333333333333333,0.7358471074380165,0.6669706430140522,9680.0,0.9229898074745186,0.8860267292010987,0.4799764428739694,0.5089498376037531,0.078335677046002,883.0,0.4295690059661865,0.3261208534240722,2026-04-21T09:10:58.833285+00:00
SR-p53,morgan_4096,LogisticRegression,smoteenn,accuracy,"{'C': 0.001, 'l1_ratio': 1.0}",0.0484711623440799,1715,0.9667638483965014,0.9504265998466644,0.4915505484731693,0.6247116585190359,0.0484711623440799,0.5029093931837074,0.3365709987567953,0.3346238938053097,0.7385605254429364,0.6667215869200066,9624.0,0.9229898074745186,0.8860267292010987,0.4799764428739694,0.5089498376037531,0.078335677046002,883.0,0.3321170806884765,0.4745080471038818,2026-04-21T09:11:01.062796+00:00
SR-p53,morgan_4096,XGBoost,smoten,accuracy,"{'colsample_bytree': 0.8, 'learning_rate': 0.05, 'max_depth': 3, 'min_child_weight': 5, 'n_estimators': 100, 'scale_pos_weight': 1, 'subsample': 0.8}",0.20290958684637006,1715,0.9696793002915451,0.9571982353150111,0.572925446325952,0.7552642160286119,0.20290958684637006,0.9379132231404959,0.9379131906733055,0.9379131906733056,0.9716643330373609,0.9758714766604187,9680.0,0.8674971687429218,0.8661244870218013,0.5243267384628134,0.5684319740166006,0.10480396769664921,883.0,6.9129321575164795,6.901062965393066,2026-04-30T06:34:53.943049+00:00
SR-p53,morgan_4096,XGBoost,smoten_enn,accuracy,"{'colsample_bytree': 0.8, 'learning_rate': 0.05, 'max_depth': 3, 'min_child_weight': 1, 'n_estimators': 200, 'scale_pos_weight': 1, 'subsample': 0.8}",0.21723309953959044,1715,0.9696793002915451,0.9571982353150111,0.572925446325952,0.7057329693352803,0.21723309953959044,0.9685660218671153,0.9685681397057077,0.9685614265569618,0.9911788976706668,0.9924896363365616,9512.0,0.8867497168742922,0.8765761458178336,0.531137164946264,0.5308462648863226,0.097877514316072,883.0,11.2185959815979,11.27323603630066,2026-04-30T06:38:17.453062+00:00
SR-p53,pubchem,EasyEnsemble,none,accuracy,"{'n_estimators': 10, 'replacement': False}",0.4001248090721718,1715,0.974927113702624,0.9680392088490896,0.6990749242025455,0.7621420862167482,0.4001248090721718,0.7187139006546015,0.7875410437765178,0.5375341093271926,0.7822106854368026,0.2317175451823147,5194.0,0.6557191392978482,0.736071647190841,0.5052127110521271,0.7427733670155179,0.1757040866918317,883.0,5.637377023696899,3.699328899383545,2026-04-22T01:13:06.080953+00:00
SR-p53,pubchem,BernoulliNB,random_over,accuracy,{'alpha': 0.1},0.3911955025044455,1715,0.9737609329446064,0.9659832487399684,0.6764001693998465,0.6251772374240789,0.3911955025044455,0.6775826446280991,0.6775801362176348,0.6775801362176348,0.722458037360836,0.7079289167771419,9680.0,0.6330690826727067,0.7185033539506925,0.4905769230769231,0.6998466257668712,0.138005616852951,883.0,0.1403548717498779,0.1865389347076416,2026-04-21T14:44:15.983438+00:00
SR-p53,pubchem,BernoulliNB,random_under,accuracy,{'alpha': 0.1},0.3909174656105019,1715,0.9743440233236152,0.9670214754837526,0.6878929256832771,0.6531437157429157,0.3909174656105019,0.6421845574387948,0.6517974778844344,0.6252117447769622,0.7054665804845351,0.5415452927565961,1062.0,0.6240090600226501,0.7112402397115963,0.4880837629046002,0.7101226993865031,0.1471276195744357,883.0,0.0154178142547607,0.0026650428771972,2026-04-21T14:44:18.096050+00:00
SR-p53,pubchem,BernoulliNB,smote,accuracy,{'alpha': 50.0},0.2819423953940254,1715,0.9731778425655976,0.9649236429265584,0.6645833333333333,0.6122415508010073,0.2819423953940254,0.6895661157024794,0.6863712375672752,0.6863712375672752,0.7688350992077043,0.7760341240002396,9680.0,0.6115515288788222,0.701878172279692,0.4651272858921491,0.6567123782028149,0.1559380114322264,883.0,0.1118867397308349,0.0733468532562255,2026-04-21T14:44:18.678982+00:00
SR-p53,pubchem,BernoulliNB,smoteenn,accuracy,{'alpha': 50.0},0.2821455627683914,1715,0.9743440233236152,0.9670214754837526,0.6878929256832771,0.6122891668253867,0.2821455627683914,0.703664700926706,0.7011184321035735,0.7015994520865882,0.7723311562792876,0.770605527566469,9496.0,0.6240090600226501,0.7116266874647051,0.4744876740617516,0.6560086611331649,0.1516540556359308,883.0,0.09995698928833,0.0996148586273193,2026-04-21T14:44:20.353071+00:00
SR-p53,pubchem,BernoulliNB,smoten,accuracy,{'alpha': 10.0},0.2106559457446276,1715,0.9714285714285714,0.9608673644334864,0.6157960909818265,0.5268289844031067,0.2106559457446276,0.7415289256198347,0.7409790634111559,0.7409790634111559,0.830357706953077,0.8457642439886718,9680.0,0.7010192525481314,0.7672520347844092,0.4861390329065707,0.6141284734752797,0.1439423311827669,883.0,0.1331291198730468,0.1041100025177002,2026-04-21T14:44:24.320125+00:00
SR-p53,pubchem,BernoulliNB,smoten_enn,accuracy,{'alpha': 50.0},0.2231849093445234,1715,0.9714285714285714,0.9608673644334864,0.6157960909818265,0.5592607876748565,0.2231849093445234,0.7367251956843665,0.7357557777080729,0.736070108357488,0.8283115168710393,0.8376351722191895,9454.0,0.681766704416761,0.7540244001650788,0.4800320208554682,0.6217430530494407,0.1445081826226372,883.0,0.1125679016113281,0.1068582534790039,2026-04-21T14:44:27.382286+00:00
SR-p53,rdkit,BalancedRandomForest,none,accuracy,"{'max_depth': 10, 'max_features': 'log2', 'min_samples_leaf': 10, 'n_estimators': 100}",0.4239138374946145,1715,0.9760932944606414,0.9695257572747134,0.7130714393559154,0.7956161513554696,0.4239138374946145,0.7703118983442434,0.8251205620950179,0.5946878858195032,0.8799543003221739,0.5104581061742155,5194.0,0.711211778029445,0.7769062265047477,0.5303044525798679,0.7407343919162758,0.1599436761239199,883.0,0.9867956638336182,1.0123281478881836,2026-04-22T01:13:26.687544+00:00
SR-p53,rdkit,RandomForest,random_over,accuracy,"{'max_depth': 5, 'max_features': 'sqrt', 'min_samples_leaf': 5, 'n_estimators': 200}",0.4266554147739546,1715,0.974927113702624,0.9674951043515254,0.6907823840931867,0.761168603051658,0.4266554147739546,0.8544421487603305,0.8539724398451027,0.8539724398451027,0.9275211734171164,0.9356051323018476,9680.0,0.8108720271800679,0.8439094840281202,0.5841307443913307,0.7735564778058462,0.1780529021433214,883.0,1.806362867355347,1.8858118057250977,2026-04-21T20:30:48.765623+00:00
SR-p53,rdkit,RandomForest,random_under,accuracy,"{'max_depth': 10, 'max_features': 'sqrt', 'min_samples_leaf': 10, 'n_estimators': 100}",0.4056507912175233,1715,0.9755102040816328,0.9685204993254002,0.7020796108794918,0.7850295219351151,0.4056507912175233,0.9058380414312618,0.9065699390741788,0.8957744488411532,0.9529349803696257,0.926929200220302,1062.0,0.7406568516421291,0.7978593165159407,0.5508637022920262,0.7698213641284735,0.1809076448746211,883.0,0.2713830471038818,0.1799170970916748,2026-04-21T20:30:49.599399+00:00
SR-p53,rdkit,LogisticRegression,smote,accuracy,"{'C': 0.001, 'l1_ratio': 1.0}",0.0332361516034985,1715,0.9667638483965014,0.9504265998466644,0.4915505484731693,0.5,0.0332361516034985,0.5,0.3333333333333333,0.3333333333333333,0.5,0.5,9680.0,0.9229898074745186,0.8860267292010987,0.4799764428739694,0.5,0.0770101925254813,883.0,0.2850520610809326,0.2528319358825683,2026-04-21T09:11:37.439897+00:00
SR-p53,rdkit,LogisticRegression,smoteenn,accuracy,"{'C': 0.001, 'l1_ratio': 1.0}",0.0332361516034985,1715,0.9667638483965014,0.9504265998466644,0.4915505484731693,0.5,0.0332361516034985,0.5202063628546861,0.3560235854378791,0.3421945701357466,0.5,0.4797936371453138,9304.0,0.9229898074745186,0.8860267292010987,0.4799764428739694,0.5,0.0770101925254813,883.0,0.2491939067840576,0.2467768192291259,2026-04-21T09:11:41.875347+00:00
SR-p53,rdkit,XGBoost,smoten,accuracy,"{'colsample_bytree': 0.8, 'learning_rate': 0.1, 'max_depth': 5, 'min_child_weight': 10, 'n_estimators': 200, 'scale_pos_weight': 1, 'subsample': 0.8}",0.11855696487788772,1715,0.9685131195335277,0.9555520135963576,0.5564995019538732,0.5132742894631028,0.11855696487788772,0.9836776859504133,0.9836776413568509,0.9836776413568509,0.9982940885185438,0.9981550914661224,9680.0,0.9060022650056625,0.8918770047802291,0.5721324778590569,0.6685221941537351,0.18924870889878667,883.0,7.010286808013916,6.919872999191284,2026-04-30T06:45:42.878429+00:00
SR-p53,rdkit,XGBoost,smoten_enn,accuracy,"{'colsample_bytree': 0.8, 'learning_rate': 0.1, 'max_depth': 7, 'min_child_weight': 1, 'n_estimators': 100, 'scale_pos_weight': 1, 'subsample': 0.8}",0.1100856857331837,1715,0.9690962099125364,0.9559138770383206,0.5577079349322901,0.47609675576153887,0.1100856857331837,0.9962029321801498,0.9962031801269748,0.9962018095320253,0.9997449520176792,0.9996852700137533,9481.0,0.9150622876557192,0.8876116337999386,0.5147818441586988,0.6191356910862504,0.15599560784476488,883.0,4.5599281787872314,4.625598907470703,2026-04-30T06:47:06.699391+00:00
SR-p53,topological_torsion,BalancedRandomForest,none,accuracy,"{'max_depth': 5, 'max_features': 'log2', 'min_samples_leaf': 20, 'n_estimators': 200}",0.3626500381705132,1715,0.974927113702624,0.9674951043515254,0.6907823840931867,0.7001883478297675,0.3626500381705132,0.7456680785521755,0.8066568265675347,0.5563407025081559,0.7619764672923379,0.2217222235015838,5194.0,0.7055492638731596,0.7729308196964559,0.5285909061042119,0.7009022013713461,0.1794098108329773,883.0,2.036250114440918,2.0574069023132324,2026-04-22T01:15:22.744886+00:00
SR-p53,topological_torsion,XGBoost,random_over,accuracy,"{'colsample_bytree': 0.8, 'learning_rate': 0.05, 'max_depth': 3, 'min_child_weight': 10, 'n_estimators': 100, 'scale_pos_weight': 1, 'subsample': 0.8}",0.3180404136952049,1715,0.9743440233236151,0.9664487019297515,0.6791666666666667,0.70583878272279,0.3180404136952049,0.7935950413223141,0.7933692307692308,0.7933692307692308,0.8827526082576327,0.8845467187430038,9680.0,0.7474518686296716,0.8022597871433362,0.5510848476972777,0.7076957776975821,0.1655393321536247,883.0,2.663811206817627,2.5995540618896484,2026-04-30T06:47:51.032843+00:00
SR-p53,topological_torsion,RandomForest,random_under,accuracy,"{'max_depth': 5, 'max_features': 'sqrt', 'min_samples_leaf': 20, 'n_estimators': 100}",0.3527834556900058,1715,0.9743440233236152,0.9670214754837526,0.6878929256832771,0.6828032082619093,0.3527834556900058,0.7231638418079096,0.7288307716884036,0.7031116283846233,0.78006000829902,0.6406119041837658,1062.0,0.6976217440543602,0.7671683821710662,0.5232653837054353,0.7078671959581377,0.1742180193226913,883.0,0.2317349910736084,0.1864979267120361,2026-04-21T20:32:24.798479+00:00
SR-p53,topological_torsion,LogisticRegression,smote,accuracy,"{'C': 0.001, 'l1_ratio': 1.0}",0.0332361516034985,1715,0.9667638483965014,0.9504265998466644,0.4915505484731693,0.5,0.0332361516034985,0.5,0.3333333333333333,0.3333333333333333,0.5,0.5,9680.0,0.9229898074745186,0.8860267292010987,0.4799764428739694,0.5,0.0770101925254813,883.0,0.1576902866363525,0.1411690711975097,2026-04-21T09:11:59.282652+00:00
SR-p53,topological_torsion,LogisticRegression,smoteenn,accuracy,"{'C': 0.001, 'l1_ratio': 1.0}",0.0332361516034985,1715,0.9667638483965014,0.9504265998466644,0.4915505484731693,0.5,0.0332361516034985,0.505271949055225,0.3392074670125929,0.3356682155489285,0.5,0.494728050944775,9579.0,0.9229898074745186,0.8860267292010987,0.4799764428739694,0.5,0.0770101925254813,883.0,0.1454498767852783,0.1247849464416503,2026-04-21T09:12:00.090829+00:00
SR-p53,topological_torsion,LogisticRegression,smoten,accuracy,"{'C': 0.001, 'l1_ratio': 1.0}",0.0332361516034985,1715,0.9667638483965014,0.9504265998466644,0.4915505484731693,0.5,0.0332361516034985,0.5,0.3333333333333333,0.3333333333333333,0.5,0.5,9680.0,0.9229898074745186,0.8860267292010987,0.4799764428739694,0.5,0.0770101925254813,883.0,0.1589839458465576,0.1233088970184326,2026-04-21T09:12:00.545328+00:00
SR-p53,topological_torsion,LogisticRegression,smoten_enn,accuracy,"{'C': 0.001, 'l1_ratio': 1.0}",0.0332361516034985,1715,0.9667638483965014,0.9504265998466644,0.4915505484731693,0.5,0.0332361516034985,0.5103331927456769,0.3448774997052606,0.3378944428930466,0.5,0.489666807254323,9484.0,0.9229898074745186,0.8860267292010987,0.4799764428739694,0.5,0.0770101925254813,883.0,0.0936110019683837,0.0759260654449462,2026-04-21T09:12:03.782850+00:00
