target,fingerprint,model,resampling,optimized_for,best_params,val_selection,val_n,val_accuracy,val_f1_weighted,val_f1_macro,val_roc_auc,val_pr_auc,final_train_accuracy,final_train_f1_weighted,final_train_f1_macro,final_train_roc_auc,final_train_pr_auc,final_train_n,final_test_accuracy,final_test_f1_weighted,final_test_f1_macro,final_test_roc_auc,final_test_pr_auc,final_test_n,training_time,refit_time,run_date
NR-AR,atom_pair,BalancedRandomForest,none,roc_auc,"{'max_depth': 5, 'max_features': 'sqrt', 'min_samples_leaf': 10, 'n_estimators': 200}",0.6268417696446029,1421,0.983814215341309,0.9806685337101376,0.7788955262249944,0.8815419465708483,0.6268417696446029,0.9359573048699132,0.9461122234285688,0.6990092051679457,0.9035893723393722,0.6550265091997354,5996.0,0.9533029612756264,0.961515914801506,0.5518344683341011,0.6463499420625725,0.1674393523369569,878.0,1.2416489124298096,1.2512390613555908,2026-04-21T21:46:48.739886+00:00
NR-AR,atom_pair,RandomForest,random_over,roc_auc,"{'max_depth': 5, 'max_features': 'sqrt', 'min_samples_leaf': 20, 'n_estimators': 100}",0.529720070799496,1421,0.983814215341309,0.9802311712809514,0.7703894169634891,0.8372715200749884,0.529720070799496,0.838011088011088,0.8347814546788762,0.8347814546788761,0.9492283043478468,0.960968808474619,11544.0,0.9669703872437356,0.9692816650351802,0.577288951606209,0.6595596755504056,0.1196053461761999,878.0,0.9893288612365724,1.241645097732544,2026-04-21T16:05:07.905610+00:00
NR-AR,atom_pair,RandomForest,random_under,roc_auc,"{'max_depth': 10, 'max_features': 'log2', 'min_samples_leaf': 5, 'n_estimators': 100}",0.5860031354190323,1421,0.9824067558057706,0.978987536641454,0.7596690502445591,0.8897437900328075,0.5860031354190323,0.8854166666666666,0.8800380171671269,0.8602869108081619,0.9375398596938777,0.9238410205769269,672.0,0.9441913439635536,0.9564650129064202,0.5401421623643846,0.6750869061413672,0.1309702625562054,878.0,0.2422990798950195,0.1411292552947998,2026-04-21T16:05:07.905306+00:00
NR-AR,atom_pair,DecisionTree,smote,roc_auc,"{'ccp_alpha': 0.001, 'criterion': 'entropy', 'max_depth': 15, 'min_samples_leaf': 10}",0.1257136172010712,1421,0.7508796622097115,0.8357266700555255,0.4670527359641985,0.7142536322449617,0.1257136172010712,0.928967428967429,0.928772440329176,0.928772440329176,0.985515676199148,0.9803031254559392,11544.0,0.8519362186788155,0.904793483241605,0.4819353667392883,0.6095017381228274,0.0550779306475189,878.0,1.830373764038086,1.950470209121704,2026-04-22T07:14:55.474580+00:00
NR-AR,atom_pair,LogisticRegression,smoteenn,roc_auc,"{'C': 0.001, 'l1_ratio': 1.0}",0.4111747215195491,1421,0.9627023223082336,0.9650412954945964,0.6786233971281657,0.7084635213247931,0.4111747215195491,0.7599339187896704,0.756505827879732,0.7563960677091235,0.7859940465325349,0.7847910574740682,11501.0,0.8963553530751709,0.9300572691445677,0.5035016747139937,0.5587485515643106,0.0285949621999934,878.0,0.4716589450836181,0.2902898788452148,2026-04-21T08:28:35.634476+00:00
NR-AR,atom_pair,DecisionTree,smoten,roc_auc,"{'ccp_alpha': 0.001, 'criterion': 'entropy', 'max_depth': 15, 'min_samples_leaf': 10}",0.2387120895111447,1421,0.8866995073891626,0.9181197485207182,0.5298347503169974,0.736291204499297,0.2387120895111447,0.9724532224532224,0.9724506292587172,0.9724506292587172,0.993809578009162,0.9939477359504404,11544.0,0.938496583143508,0.9517303775004082,0.4841363102232667,0.5763229045963693,0.0272667991526191,878.0,1.4962801933288574,1.387189865112305,2026-04-22T07:15:12.511195+00:00
NR-AR,atom_pair,DecisionTree,smoten_enn,roc_auc,"{'ccp_alpha': 0.001, 'criterion': 'gini', 'max_depth': 15, 'min_samples_leaf': 10}",0.0903945483686766,1421,0.9310344827586208,0.9429883370860423,0.5596111518708731,0.721000624902359,0.0903945483686766,0.978890439637125,0.978890532159431,0.9788896069363712,0.9943064703034836,0.9906156108683288,11464.0,0.9441913439635536,0.9564650129064202,0.5401421623643846,0.7645036693704133,0.0540740555018853,878.0,1.8810031414031985,2.3269450664520264,2026-04-22T07:16:30.383221+00:00
NR-AR,avalon,BernoulliNB,none,roc_auc,{'alpha': 50.0},0.5192392702717485,1421,0.984517945109078,0.982750660937669,0.8127126767313684,0.877362912044993,0.5192392702717485,0.7886924616410941,0.8528942309091021,0.5379592920064418,0.7833448575636075,0.1218237845779205,5996.0,0.7380410022779044,0.8344427828516829,0.4488356605565684,0.5596755504055619,0.0236955889207535,878.0,0.009005069732666,0.0051660537719726,2026-04-21T14:01:12.359505+00:00
NR-AR,avalon,BernoulliNB,random_over,roc_auc,{'alpha': 50.0},0.5923042998401332,1421,0.984517945109078,0.982750660937669,0.8127126767313684,0.8613204967973754,0.5923042998401332,0.7542446292446292,0.7524201032711554,0.7524201032711554,0.8029831866890079,0.7942776531457922,11544.0,0.7961275626423691,0.8715401880714937,0.4693395191161624,0.562108922363847,0.0289630449695393,878.0,0.0630099773406982,0.0742349624633789,2026-04-21T14:01:12.933684+00:00
NR-AR,avalon,BernoulliNB,random_under,roc_auc,{'alpha': 50.0},0.5643552966372632,1421,0.984517945109078,0.982750660937669,0.8127126767313684,0.8718266677081705,0.5643552966372632,0.7886904761904762,0.7886904761904762,0.7622767857142857,0.8064911511479592,0.6794557008657359,672.0,0.7608200455580866,0.8492809780018767,0.4585785263751365,0.5586326767091541,0.0262467656611839,878.0,0.011693000793457,0.0012347698211669,2026-04-21T14:01:14.168165+00:00
NR-AR,avalon,BernoulliNB,smote,roc_auc,{'alpha': 50.0},0.4860269921057477,1421,0.9831104855735396,0.9800433770368254,0.7734736170891121,0.7573133104202467,0.4860269921057477,0.7813582813582813,0.7764179175943882,0.7764179175943882,0.7897321898101524,0.819944336549784,11544.0,0.9271070615034168,0.9470689304426608,0.5238773089306897,0.5798764001544998,0.0351351216725961,878.0,0.0778658390045166,0.0627620220184326,2026-04-21T14:01:14.589050+00:00
NR-AR,avalon,BernoulliNB,smoteenn,roc_auc,{'alpha': 50.0},0.4914675681744822,1421,0.983814215341309,0.9806685337101376,0.7788955262249944,0.763113185439775,0.4914675681744822,0.790198141329125,0.7856576412653457,0.7852638078217242,0.7953514001836686,0.8224234647375817,11406.0,0.9271070615034168,0.9470689304426608,0.5238773089306897,0.579837775202781,0.0347698827312256,878.0,0.059838056564331,0.0477781295776367,2026-04-21T14:01:23.621257+00:00
NR-AR,avalon,DecisionTree,smoten,roc_auc,"{'ccp_alpha': 0.001, 'criterion': 'entropy', 'max_depth': 15, 'min_samples_leaf': 50}",0.2270907667530593,1421,0.9155524278676987,0.934426554000451,0.5492227979274611,0.7291536478675207,0.2270907667530593,0.9571205821205822,0.957117168264024,0.957117168264024,0.9896976328239324,0.9900325792629006,11544.0,0.9396355353075172,0.9529111364089852,0.5026027470471914,0.6314407106991116,0.0291690243325732,878.0,0.3725800514221191,0.2698791027069092,2026-04-22T07:16:58.489536+00:00
NR-AR,avalon,DecisionTree,smoten_enn,roc_auc,"{'ccp_alpha': 0.001, 'criterion': 'gini', 'max_depth': 15, 'min_samples_leaf': 10}",0.344168387490154,1421,0.9676284306826178,0.9657131623032164,0.6432298489214916,0.770143336978597,0.344168387490154,0.9822769338222456,0.9822749939572673,0.9822760031355796,0.9928603518228648,0.9867120165927804,11454.0,0.9635535307517084,0.9656551103134736,0.5201202432192389,0.671687910390112,0.047359741705139,878.0,0.3538970947265625,0.3246450424194336,2026-04-22T07:17:01.712390+00:00
NR-AR,erg,RUSBoost,none,roc_auc,"{'learning_rate': 0.03, 'n_estimators': 50, 'sampling_strategy': 'auto'}",0.5883109996718379,1421,0.9831104855735396,0.98045065985401,0.7814070351758794,0.8726761443524449,0.5883109996718379,0.95263509006004,0.958318657507002,0.7508684456928838,0.920773623898624,0.7077630642755413,5996.0,0.9624145785876992,0.9673359890256292,0.5879399843561118,0.6735805330243337,0.081524924643256,878.0,0.6011238098144531,0.4982380867004394,2026-04-29T18:00:31.293494+00:00
NR-AR,erg,RandomForest,random_over,roc_auc,"{'max_depth': 5, 'max_features': 'log2', 'min_samples_leaf': 20, 'n_estimators': 200}",0.4815180238741684,1421,0.9817030260380014,0.9779046509222896,0.7453405017921146,0.8195594438369005,0.4815180238741684,0.8413028413028413,0.8384728864661095,0.8384728864661095,0.9204426319810936,0.9409638521185612,11544.0,0.9635535307517084,0.966527167099292,0.5462532299741601,0.6497875627655465,0.0714089600841534,878.0,0.5767130851745605,0.7071459293365479,2026-04-21T16:07:40.099147+00:00
NR-AR,erg,RandomForest,random_under,roc_auc,"{'max_depth': 5, 'max_features': 'log2', 'min_samples_leaf': 10, 'n_estimators': 100}",0.564948420114504,1421,0.9809992962702322,0.9782238493705764,0.7583104979684399,0.8612130917044213,0.564948420114504,0.8705357142857143,0.8641956583562423,0.8416532372736752,0.893798828125,0.8760605707755522,672.0,0.9305239179954442,0.9493553902369306,0.5398915835502521,0.5893008883738896,0.0819889513316935,878.0,0.1721119880676269,0.1588289737701416,2026-04-21T16:07:44.738730+00:00
NR-AR,erg,RandomForest,smote,roc_auc,"{'max_depth': 5, 'max_features': 'sqrt', 'min_samples_leaf': 20, 'n_estimators': 100}",0.4915128574434106,1421,0.9817030260380014,0.976832728253348,0.7245138391791935,0.8206334947664429,0.4915128574434106,0.8913721413721414,0.890324980798771,0.8903249807987711,0.9527206070215426,0.9664211738269126,11544.0,0.9726651480637812,0.9717047221318292,0.564484126984127,0.6848590189262262,0.1093947810655556,878.0,0.5356500148773193,0.4466218948364258,2026-04-21T16:07:57.470514+00:00
NR-AR,erg,RandomForest,smoteenn,roc_auc,"{'max_depth': 5, 'max_features': 'sqrt', 'min_samples_leaf': 20, 'n_estimators': 100}",0.5026395285443193,1421,0.9817030260380014,0.976832728253348,0.7245138391791935,0.8392243399468834,0.5026395285443193,0.9047661154832436,0.9039266340828858,0.9037178741579291,0.9639526215063507,0.9722205466510586,11309.0,0.9715261958997722,0.971043511961488,0.5617275322963879,0.6850907686365392,0.0922084259614137,878.0,0.4254059791564941,0.2995986938476562,2026-04-21T16:07:59.117214+00:00
NR-AR,erg,LogisticRegression,smoten,roc_auc,"{'C': 0.01, 'l1_ratio': 1.0}",0.4464797262535353,1421,0.9655172413793104,0.9665772674486848,0.6810062443592316,0.7279526636463053,0.4464797262535353,0.748960498960499,0.7401471415457925,0.7401471415457925,0.7405486207461258,0.7859317146190419,11544.0,0.9259681093394078,0.9468262792351124,0.5354837659430729,0.5184627269215913,0.0609444142438655,878.0,0.0323820114135742,0.0713918209075927,2026-04-21T08:28:52.138718+00:00
NR-AR,erg,LogisticRegression,smoten_enn,roc_auc,"{'C': 0.01, 'l1_ratio': 1.0}",0.4340223575703316,1421,0.9655172413793104,0.9665772674486848,0.6810062443592316,0.7474027495703797,0.4340223575703316,0.7842293250297646,0.7776413648451312,0.7750386624965878,0.7828415108626883,0.7932410577029725,10919.0,0.9248291571753986,0.9461940359857204,0.5344345534595237,0.5617226728466589,0.0538324131836575,878.0,0.0296449661254882,0.0233309268951416,2026-04-21T08:28:52.542008+00:00
NR-AR,estate,RUSBoost,none,roc_auc,"{'learning_rate': 0.005, 'n_estimators': 50, 'sampling_strategy': 'auto'}",0.6149263383468293,1421,0.9831104855735396,0.9815124686249048,0.8021350661406359,0.896520074988283,0.6149263383468293,0.9169446297531688,0.9343053902259036,0.6725730557076087,0.9012945809820808,0.5625871750724651,5996.0,0.9316628701594531,0.949572418119816,0.5277030661646046,0.6642332947083815,0.0881484415441938,878.0,0.1554269790649414,0.2030088901519775,2026-04-29T18:00:31.294748+00:00
NR-AR,estate,RandomForest,random_over,roc_auc,"{'max_depth': 5, 'max_features': 'log2', 'min_samples_leaf': 20, 'n_estimators': 100}",0.4866971950530505,1421,0.9809992962702322,0.9777821239141478,0.7497015363538506,0.8368028433057335,0.4866971950530505,0.8053534303534303,0.8009814218075586,0.8009814218075586,0.9101861136684422,0.9235418344808072,11544.0,0.9555808656036446,0.9627893477684926,0.5552698227157608,0.6352645809192738,0.0918797754003132,878.0,0.181039810180664,0.2226381301879882,2026-04-21T16:08:35.170444+00:00
NR-AR,estate,RandomForest,random_under,roc_auc,"{'max_depth': 10, 'max_features': 'sqrt', 'min_samples_leaf': 20, 'n_estimators': 100}",0.5714066039676085,1421,0.9802955665024632,0.9784312133957224,0.7691575771640752,0.8917551945008593,0.5714066039676085,0.8422619047619048,0.8368079096045198,0.8113559322033899,0.8723592952806122,0.8416013190625722,672.0,0.9316628701594531,0.949572418119816,0.5277030661646046,0.6376207029741213,0.0992248361695974,878.0,0.1706397533416748,0.1414358615875244,2026-04-21T16:08:36.741706+00:00
NR-AR,estate,RandomForest,smote,roc_auc,"{'max_depth': 10, 'max_features': 'sqrt', 'min_samples_leaf': 20, 'n_estimators': 100}",0.4357611899471643,1421,0.9831104855735396,0.9796042931590366,0.7649296939619521,0.819588736134979,0.4357611899471643,0.9575537075537076,0.9575246380017196,0.9575246380017196,0.9912482698995172,0.9918410020323268,11544.0,0.9783599088838268,0.976227153514434,0.6145118428653957,0.7073773657782928,0.1368597952437584,878.0,0.2840609550476074,0.301016092300415,2026-04-21T16:08:43.537095+00:00
NR-AR,estate,RandomForest,smoteenn,roc_auc,"{'max_depth': 15, 'max_features': 'sqrt', 'min_samples_leaf': 20, 'n_estimators': 200}",0.4474969113859477,1421,0.983814215341309,0.9802311712809514,0.7703894169634891,0.8330924855491331,0.4474969113859477,0.967372288313506,0.9673560519274732,0.9673471813165672,0.99421248001195,0.9942506129392176,11432.0,0.9772209567198178,0.9754950567754234,0.6096042685638061,0.6880648899188876,0.1348088938018234,878.0,0.7894749641418457,0.5780961513519287,2026-04-21T16:08:46.249430+00:00
NR-AR,estate,DecisionTree,smoten,roc_auc,"{'ccp_alpha': 0.001, 'criterion': 'entropy', 'max_depth': 15, 'min_samples_leaf': 50}",0.2172626736259163,1421,0.8895144264602393,0.9193053472116124,0.521994750656168,0.762927667551945,0.2172626736259163,0.931999306999307,0.9319761486400016,0.9319761486400016,0.981503562974457,0.9800242982152116,11544.0,0.8929384965831435,0.9283946712690304,0.5107997249685847,0.6020857473928157,0.0983144184091381,878.0,0.042814016342163,0.037693977355957,2026-04-22T07:17:45.110931+00:00
NR-AR,estate,LogisticRegression,smoten_enn,roc_auc,"{'C': 0.01, 'l1_ratio': 1.0}",0.2701601511098134,1421,0.8916256157635468,0.9221562483635652,0.5614127210633488,0.6975374941415403,0.2701601511098134,0.7204661840014127,0.7195181570911459,0.719147780986418,0.765345351792057,0.7560310365693383,11326.0,0.8405466970387244,0.8981468793796068,0.4770696843359142,0.5326767091541136,0.0251640246075651,878.0,0.012721300125122,0.0131070613861083,2026-04-21T08:29:03.044515+00:00
NR-AR,fcfp,BernoulliNB,none,roc_auc,{'alpha': 50.0},0.5062353288956841,1421,0.9739619985925404,0.9611147280228706,0.4934046345811052,0.8857600374941416,0.5062353288956841,0.962641761174116,0.9443181926405504,0.4904826648538409,0.7955918659043659,0.1452853298876943,5996.0,0.9829157175398632,0.9744471731612888,0.4956921309592188,0.5730397837002704,0.0409802395958101,878.0,0.0400960445404052,0.0098769664764404,2026-04-21T14:01:32.449118+00:00
NR-AR,fcfp,RandomForest,random_over,roc_auc,"{'max_depth': 15, 'max_features': 'sqrt', 'min_samples_leaf': 20, 'n_estimators': 200}",0.4514456316268062,1421,0.983814215341309,0.9802311712809514,0.7703894169634891,0.7828464302452742,0.4514456316268062,0.8711018711018711,0.8694359044209216,0.8694359044209216,0.963857333464922,0.9713449436722472,11544.0,0.9749430523917996,0.9740626619541768,0.6007771164021164,0.7319428350714563,0.1278862159413388,878.0,5.805349111557007,4.6166911125183105,2026-04-21T16:09:10.817528+00:00
NR-AR,fcfp,BernoulliNB,random_under,roc_auc,{'alpha': 50.0},0.5631601512714421,1421,0.9739619985925404,0.9611147280228706,0.4934046345811052,0.8627948758006562,0.5631601512714421,0.6666666666666666,0.5333333333333334,0.4,0.8297841597576531,0.8094709355001977,672.0,0.9829157175398632,0.9744471731612888,0.4956921309592188,0.5925067593665508,0.1311488955089068,878.0,0.0224609375,0.0082440376281738,2026-04-21T14:01:33.711785+00:00
NR-AR,fcfp,DecisionTree,smote,roc_auc,"{'ccp_alpha': 0.0, 'criterion': 'gini', 'max_depth': 15, 'min_samples_leaf': 20}",0.3168916224772512,1421,0.824771287825475,0.882320196977285,0.5114188542620309,0.6932803468208093,0.3168916224772512,0.9197851697851698,0.9197693697666276,0.9197693697666274,0.977635434691048,0.974893210422567,11544.0,0.8861047835990888,0.9240742752093664,0.4889644254051034,0.563924295094631,0.0248693216351119,878.0,2.115954875946045,1.962162971496582,2026-04-22T07:17:51.798872+00:00
NR-AR,fcfp,LogisticRegression,smoteenn,roc_auc,"{'C': 0.001, 'l1_ratio': 1.0}",0.3682408657778116,1421,0.9831104855735396,0.9791295931474062,0.755702005730659,0.6756756756756757,0.3682408657778116,0.7937136819862652,0.7848600631999936,0.7841145796806424,0.790472524495081,0.781183898832654,11358.0,0.9749430523917996,0.9740626619541768,0.6007771164021164,0.5942062572421783,0.0598212721219554,878.0,0.1573739051818847,0.1352977752685547,2026-04-21T08:28:57.120568+00:00
NR-AR,fcfp,DecisionTree,smoten,roc_auc,"{'ccp_alpha': 0.0, 'criterion': 'gini', 'max_depth': 15, 'min_samples_leaf': 20}",0.0993022579952808,1421,0.8733286418015482,0.910741079792082,0.5289641557523167,0.7063349476644274,0.0993022579952808,0.9572938322938322,0.9572826230800092,0.9572826230800092,0.9933870180751678,0.9932033346128216,11544.0,0.917995444191344,0.9416899309777862,0.5048872180451128,0.5165701042873696,0.0463686772970529,878.0,1.8453969955444336,2.30378794670105,2026-04-22T07:18:09.997864+00:00
NR-AR,fcfp,DecisionTree,smoten_enn,roc_auc,"{'ccp_alpha': 0.001, 'criterion': 'entropy', 'max_depth': 15, 'min_samples_leaf': 10}",0.229062813527821,1421,0.8796622097114708,0.9142473323721358,0.5292377437447329,0.6822762068426809,0.229062813527821,0.9670742358078602,0.9670506430860528,0.9670568551752684,0.9947665815488992,0.9926869831100296,11450.0,0.9396355353075172,0.9534527351963916,0.5194903090569272,0.4073773657782927,0.0855410016111485,878.0,1.883066177368164,2.0684211254119873,2026-04-22T07:19:30.561910+00:00
NR-AR,klekota_roth,BernoulliNB,none,roc_auc,{'alpha': 10.0},0.4691223204407981,1421,0.9739619985925404,0.9611147280228706,0.4934046345811052,0.8207701921574754,0.4691223204407981,0.962641761174116,0.9443181926405504,0.4904826648538409,0.8146107130482131,0.4726494763628062,5996.0,0.9829157175398632,0.9744471731612888,0.4956921309592188,0.5163769795287756,0.0438472486214815,878.0,0.0970642566680908,0.0307099819183349,2026-04-21T14:01:41.029413+00:00
NR-AR,klekota_roth,KNeighbors,random_over,roc_auc,"{'n_neighbors': 15, 'weights': 'uniform'}",0.1790761794645469,1421,0.8332160450387052,0.8879067556732665,0.5320208270512659,0.7959498515856896,0.1790761794645469,0.9339050589050588,0.933616578505988,0.933616578505988,0.9874372913614078,0.9760723443063568,11544.0,0.8394077448747153,0.8977983211667055,0.4952356488446907,0.6701815372730784,0.0517503649757262,878.0,185.18707418441772,163.73244905471802,2026-04-23T16:20:50.820249+00:00
NR-AR,klekota_roth,BernoulliNB,random_under,roc_auc,{'alpha': 50.0},0.4717653726881003,1421,0.9739619985925404,0.9611147280228706,0.4934046345811052,0.8278394000937354,0.4717653726881003,0.6666666666666666,0.5333333333333334,0.4,0.8040497448979592,0.7897848628871743,672.0,0.9829157175398632,0.9744471731612888,0.4956921309592188,0.507956740054075,0.0457037960098063,878.0,0.1193757057189941,0.021296739578247,2026-04-21T14:01:45.763467+00:00
NR-AR,klekota_roth,KNeighbors,smote,roc_auc,"{'n_neighbors': 15, 'weights': 'uniform'}",0.1223952862289903,1421,0.7705840957072484,0.8485719743988904,0.4888128216672405,0.7187255897516014,0.1223952862289903,0.9242030492030492,0.9239241234074084,0.9239241234074084,0.9838757426465328,0.9736113689603528,11544.0,0.8041002277904328,0.8764844242400875,0.4779013165173138,0.6404403244495944,0.0433790056928302,878.0,182.10366106033325,162.5118110179901,2026-04-23T16:21:19.301091+00:00
NR-AR,klekota_roth,DecisionTree,smoteenn,roc_auc,"{'ccp_alpha': 0.001, 'criterion': 'entropy', 'max_depth': 15, 'min_samples_leaf': 10}",0.3122627611920778,1421,0.8163265306122449,0.8772343943828648,0.5093290468536048,0.7313017497266052,0.3122627611920778,0.909652918837764,0.909330524338669,0.9094201459541408,0.978519007207532,0.9703896408397126,11323.0,0.7779043280182233,0.8601691417651619,0.4660416725142916,0.5940131324835844,0.0907438561401556,878.0,2.0856640338897705,2.571226119995117,2026-04-22T07:20:06.733705+00:00
NR-AR,klekota_roth,DecisionTree,smoten,roc_auc,"{'ccp_alpha': 0.001, 'criterion': 'gini', 'max_depth': 15, 'min_samples_leaf': 50}",0.4012628893720042,1421,0.9204785362420832,0.938385643753824,0.578372601689419,0.8218344789876582,0.4012628893720042,0.9414414414414416,0.9413818731783016,0.9413818731783016,0.9738515902757068,0.9607627188808432,11544.0,0.8633257403189066,0.9116899877602246,0.5015611694578485,0.5494399382000772,0.0476108920328902,878.0,1.7928569316864014,1.9733917713165283,2026-04-22T07:21:26.576383+00:00
NR-AR,klekota_roth,DecisionTree,smoten_enn,roc_auc,"{'ccp_alpha': 0.001, 'criterion': 'gini', 'max_depth': 15, 'min_samples_leaf': 50}",0.3978595528148763,1421,0.9232934553131598,0.940037106062132,0.5820419067150586,0.7709342290267145,0.3978595528148763,0.9473546359350444,0.9472918247627472,0.9473045854975252,0.9785986640527295,0.9635093683431136,11454.0,0.8701594533029613,0.91563392845565,0.505396110056926,0.6375434530706836,0.0489773749995424,878.0,1.713047981262207,2.01820707321167,2026-04-22T07:21:53.794430+00:00
NR-AR,maccs,RUSBoost,none,roc_auc,"{'learning_rate': 0.03, 'n_estimators': 50, 'sampling_strategy': 'auto'}",0.5591621666049773,1421,0.983814215341309,0.9802311712809514,0.7703894169634891,0.8723246367755038,0.5591621666049773,0.9377918612408273,0.9474598147432222,0.7047548100767688,0.9081743144243144,0.6412213922855158,5996.0,0.9578587699316627,0.9646975863444672,0.5780764984739268,0.6514484356894553,0.0857675364417237,878.0,0.2348048686981201,0.227640151977539,2026-04-29T18:02:07.512735+00:00
NR-AR,maccs,DecisionTree,random_over,roc_auc,"{'ccp_alpha': 0.0, 'criterion': 'entropy', 'max_depth': 5, 'min_samples_leaf': 10}",0.4638609812986283,1421,0.9500351864883884,0.9577371245288964,0.6613225376556326,0.8229573504139979,0.4638609812986283,0.8052668052668053,0.8044978234102578,0.8044978234102578,0.905114674085568,0.9004946666127404,11544.0,0.7186788154897494,0.8213427532433636,0.4476988939512401,0.6118964851293937,0.050414941813246,878.0,0.0848569869995117,0.0844039916992187,2026-04-22T07:22:13.923053+00:00
NR-AR,maccs,XGBoost,random_under,roc_auc,"{'colsample_bytree': 0.8, 'learning_rate': 0.05, 'max_depth': 5, 'min_child_weight': 10, 'n_estimators': 100, 'scale_pos_weight': 1, 'subsample': 0.8}",0.4817070570599864,1421,0.983814215341309,0.9802311712809514,0.7703894169634891,0.8657436338072176,0.4817070570599864,0.8630952380952381,0.8541465490130788,0.828447749597647,0.9199019451530611,0.897300837797218,672.0,0.9601366742596811,0.9653563519968797,0.562966650074664,0.6469293163383546,0.0802178297804513,878.0,0.0408780574798584,0.03238987922668457,2026-04-29T21:19:11.058409+00:00
NR-AR,maccs,DecisionTree,smote,roc_auc,"{'ccp_alpha': 0.001, 'criterion': 'entropy', 'max_depth': 15, 'min_samples_leaf': 10}",0.3550605479343672,1421,0.7445460942997889,0.8315924194642402,0.4708188810134218,0.7110412435556944,0.3550605479343672,0.9434338184338183,0.9434103675096744,0.9434103675096744,0.982629223858434,0.978377411841532,11544.0,0.8599088838268792,0.9098515731967058,0.5065049009527726,0.6946311317110854,0.0712076626313302,878.0,0.1693229675292968,0.0906839370727539,2026-04-22T07:22:20.835231+00:00
NR-AR,maccs,DecisionTree,smoteenn,roc_auc,"{'ccp_alpha': 0.0, 'criterion': 'entropy', 'max_depth': 5, 'min_samples_leaf': 10}",0.3862984776602457,1421,0.976073187895848,0.9742469705168132,0.7282554895608351,0.6754706295891267,0.3862984776602457,0.8259605216778287,0.8258855488455639,0.8257919521887236,0.900817351812689,0.8805400676104982,11348.0,0.878132118451025,0.9203917205439848,0.5177384331863473,0.6607184241019699,0.0374960028078161,878.0,0.1082444190979003,0.0684809684753418,2026-04-22T07:22:21.878728+00:00
NR-AR,maccs,DecisionTree,smoten,roc_auc,"{'ccp_alpha': 0.0, 'criterion': 'entropy', 'max_depth': 5, 'min_samples_leaf': 20}",0.4227602979416069,1421,0.983814215341309,0.9802311712809514,0.7703894169634891,0.6986310732698016,0.4227602979416069,0.8637387387387387,0.863716034619333,0.8637160346193331,0.9336577301754015,0.9087918964313836,11544.0,0.8610478359908884,0.9102181542228948,0.4932538556154792,0.5932020084974894,0.0250220617928818,878.0,0.0701329708099365,0.0876753330230712,2026-04-22T07:22:27.881923+00:00
NR-AR,maccs,DecisionTree,smoten_enn,roc_auc,"{'ccp_alpha': 0.0, 'criterion': 'gini', 'max_depth': 5, 'min_samples_leaf': 10}",0.4696823224762543,1421,0.983814215341309,0.9802311712809514,0.7703894169634891,0.7029760974847681,0.4696823224762543,0.8691588785046729,0.8691379149477682,0.8691478726372979,0.9391219124573008,0.9115599364903144,11449.0,0.8633257403189066,0.9115326952029684,0.4943949631449631,0.5969872537659328,0.0246634726261437,878.0,0.0659470558166503,0.0801231861114502,2026-04-22T07:22:30.612235+00:00
NR-AR,map4,BalancedRandomForest,none,roc_auc,"{'max_depth': 10, 'max_features': 'log2', 'min_samples_leaf': 20, 'n_estimators': 100}",0.5871811474363579,1421,0.971850809289233,0.9731831446148504,0.7488511841640155,0.8696492735510076,0.5871811474363579,0.8068712474983322,0.8648577539722869,0.5572964366515404,0.870207003019503,0.5982446069240565,5996.0,0.7961275626423691,0.8715401880714937,0.4693395191161624,0.6237929702587872,0.0686075415653306,878.0,0.883242130279541,0.7885339260101318,2026-04-21T21:48:58.307079+00:00
NR-AR,map4,RandomForest,random_over,roc_auc,"{'max_depth': 5, 'max_features': 'log2', 'min_samples_leaf': 20, 'n_estimators': 200}",0.5916097267513726,1421,0.9831104855735396,0.9800433770368254,0.7734736170891121,0.8621895016403688,0.5916097267513726,0.8508316008316008,0.8497353803041672,0.8497353803041672,0.9309671147638924,0.9457891915581944,11544.0,0.9350797266514806,0.9514499415579436,0.5307850251736843,0.6441096948628815,0.1663017874792163,878.0,0.9570977687835692,1.1584038734436035,2026-04-21T16:14:18.060844+00:00
NR-AR,map4,RandomForest,random_under,roc_auc,"{'max_depth': 5, 'max_features': 'log2', 'min_samples_leaf': 20, 'n_estimators': 100}",0.5497046671906101,1421,0.9662209711470796,0.9691253566382448,0.7246124031007752,0.8705475706920793,0.5497046671906101,0.8154761904761905,0.816073520434259,0.793773201999703,0.8774314413265307,0.8450967318180076,672.0,0.7892938496583144,0.867283882166547,0.4615443265408955,0.597759752800309,0.0531339905683305,878.0,0.2496960163116455,0.1628718376159668,2026-04-21T16:14:32.985654+00:00
NR-AR,map4,BernoulliNB,smote,roc_auc,{'alpha': 50.0},0.5236411315425198,1421,0.9831104855735396,0.9808294304642188,0.7887931034482758,0.8341470082799564,0.5236411315425198,0.764033264033264,0.7593643111534258,0.7593643111534257,0.672137374060451,0.7734847994692905,11544.0,0.8963553530751709,0.9300572691445677,0.5035016747139937,0.5679026651216686,0.0509898314004085,878.0,0.2200191020965576,0.2367780208587646,2026-04-21T14:02:08.084719+00:00
NR-AR,map4,BernoulliNB,smoteenn,roc_auc,{'alpha': 50.0},0.5230827251250715,1421,0.9831104855735396,0.9808294304642188,0.7887931034482758,0.8337369161068581,0.5230827251250715,0.7666840458811262,0.7619951561654903,0.7618894579627584,0.6734068112206187,0.7747633564476825,11508.0,0.89749430523918,0.9306928740017016,0.5041415662650602,0.5665507918115101,0.0528819439773001,878.0,0.2762701511383056,0.2267277240753173,2026-04-21T14:02:11.833915+00:00
NR-AR,map4,BernoulliNB,smoten,roc_auc,{'alpha': 50.0},0.513258246248332,1421,0.9788881069669249,0.9783001422691782,0.7803030303030303,0.848344008748633,0.513258246248332,0.7487872487872488,0.745729151143868,0.745729151143868,0.6396830722454423,0.7412417738900519,11544.0,0.8496583143507973,0.9036042922548032,0.4877298444130127,0.5779065276168405,0.027279774255698,878.0,0.2556769847869873,0.1939630508422851,2026-04-21T14:02:12.730041+00:00
NR-AR,map4,BernoulliNB,smoten_enn,roc_auc,{'alpha': 50.0},0.5080382818239814,1421,0.9802955665024632,0.9794475630293884,0.7890707833241444,0.8479436806748943,0.5080382818239814,0.7546413318225399,0.7515563807963658,0.7513801687908481,0.6410596316095352,0.7433131314501202,11473.0,0.8587699316628702,0.9089009137120048,0.4921256904015525,0.5771340285824642,0.0278340520909136,878.0,0.2354559898376464,0.2098963260650634,2026-04-21T14:02:19.609991+00:00
NR-AR,mhfp,RUSBoost,none,roc_auc,"{'learning_rate': 0.05, 'n_estimators': 150, 'sampling_strategy': 'auto'}",0.4188251554340034,1421,0.9669247009148488,0.9667041301971336,0.6695953734348487,0.7870840493672864,0.4188251554340034,0.9769846564376252,0.979555424112862,0.8762031120678357,0.9986306275368776,0.9630566379094978,5996.0,0.9669703872437356,0.9684429785368844,0.5521905063402452,0.617921977597528,0.1091996721632236,878.0,8.332864046096802,7.504223823547363,2026-04-29T18:02:45.716599+00:00
NR-AR,mhfp,RandomForest,random_over,roc_auc,"{'max_depth': 10, 'max_features': 'log2', 'min_samples_leaf': 20, 'n_estimators': 100}",0.4494868281983468,1421,0.9809992962702322,0.975633421745306,0.7079359037795455,0.7717153569754727,0.4494868281983468,0.9975744975744976,0.9975744833050324,0.9975744833050324,0.9998671958781108,0.999851310238997,11544.0,0.9829157175398632,0.9744471731612888,0.4956921309592188,0.6622634221707223,0.1138417001942605,878.0,0.5334968566894531,0.8966259956359863,2026-04-21T16:15:48.223770+00:00
NR-AR,mhfp,KNeighbors,random_under,roc_auc,"{'n_neighbors': 15, 'weights': 'distance'}",0.4530275894626981,1421,0.9690358902181564,0.9681735419947948,0.6777777777777778,0.8318231526324013,0.4530275894626981,1.0,1.0,1.0,1.0,1.0,672.0,0.9396355353075172,0.953955086268946,0.535231665051986,0.6585940517574354,0.0862479895055541,878.0,6.19859504699707,3.5864098072052,2026-04-23T16:53:42.420628+00:00
NR-AR,mhfp,KNeighbors,smote,roc_auc,"{'n_neighbors': 15, 'weights': 'distance'}",0.3549666980374085,1421,0.9683321604503872,0.9676802640476244,0.674978779207181,0.7722133260428058,0.3549666980374085,0.9993069993069992,0.9993069993069992,0.9993069993069992,0.9999986342891748,0.999998322219982,11544.0,0.9749430523917996,0.9730445624529656,0.5705646954201867,0.6844727694090382,0.1298305149006503,878.0,93.9427568912506,80.87152481079102,2026-04-23T16:54:38.700829+00:00
NR-AR,mhfp,XGBoost,smoteenn,roc_auc,"{'colsample_bytree': 0.8, 'learning_rate': 0.1, 'max_depth': 5, 'min_child_weight': 1, 'n_estimators': 200, 'scale_pos_weight': 1, 'subsample': 0.8}",0.4050887673618861,1421,0.9774806474313863,0.9690305284675447,0.6133333333333333,0.7340259334478988,0.4050887673618861,0.9999131416659428,0.9999131416449734,0.9999131409949192,0.9999999849111503,0.9999999696646322,11513.0,0.9829157175398633,0.9744471731612889,0.4956921309592188,0.634221707222866,0.1670045106743701,878.0,9.81139588356018,9.717315673828125,2026-04-29T21:25:16.917308+00:00
NR-AR,mhfp,KNeighbors,smoten,roc_auc,"{'n_neighbors': 15, 'weights': 'uniform'}",0.3508651092813362,1421,0.9648135116115412,0.9660947864376344,0.6784485879797248,0.7731995000781129,0.3508651092813362,0.9883922383922384,0.9883908553715528,0.9883908553715528,0.9996674569179764,0.9993917281200082,11544.0,0.9681093394077448,0.9707112712118804,0.6029715762273902,0.6758207802240247,0.0923749688424028,878.0,100.3896758556366,76.83847999572754,2026-04-23T16:56:59.409136+00:00
NR-AR,mhfp,KNeighbors,smoten_enn,roc_auc,"{'n_neighbors': 15, 'weights': 'distance'}",0.4100620121926903,1421,0.9655172413793104,0.9665772674486848,0.6810062443592316,0.7333033900952977,0.4100620121926903,0.999391304347826,0.9993913055399154,0.9993912980467828,0.9994790698788604,0.9989512361351564,11500.0,0.969248291571754,0.9714001708948228,0.6064414377023325,0.6432599459250675,0.0828956259446678,878.0,95.35855221748352,72.50505208969116,2026-04-23T17:01:00.389895+00:00
NR-AR,morgan_2048,BernoulliNB,none,roc_auc,{'alpha': 50.0},0.5890809730060232,1421,0.9739619985925404,0.9611147280228706,0.4934046345811052,0.870606155288236,0.5890809730060232,0.962641761174116,0.9443181926405504,0.4904826648538409,0.816016823829324,0.1773675417544404,5996.0,0.9829157175398632,0.9744471731612888,0.4956921309592188,0.5795287755890306,0.061637963908395,878.0,0.0544838905334472,0.014050006866455,2026-04-21T14:02:36.644986+00:00
NR-AR,morgan_2048,RandomForest,random_over,roc_auc,"{'max_depth': 15, 'max_features': 'sqrt', 'min_samples_leaf': 20, 'n_estimators': 200}",0.4481689387529623,1421,0.9831104855735396,0.9791295931474062,0.755702005730659,0.7365645992813623,0.4481689387529623,0.8811503811503811,0.8797540169637189,0.879754016963719,0.9738111292165348,0.9788892694381202,11544.0,0.9760820045558086,0.9747739771717712,0.605038236617184,0.6543839320200849,0.0872509278535974,878.0,5.747058153152466,6.392451047897339,2026-04-21T16:18:02.004201+00:00
NR-AR,morgan_2048,BernoulliNB,random_under,roc_auc,{'alpha': 50.0},0.5887338491884994,1421,0.9739619985925404,0.9611147280228706,0.4934046345811052,0.8616231838775191,0.5887338491884994,0.6666666666666666,0.5333333333333334,0.4,0.8475167410714286,0.8097894134775715,672.0,0.9829157175398632,0.9744471731612888,0.4956921309592188,0.5813055233680957,0.1089019857652428,878.0,0.0450260639190673,0.012319803237915,2026-04-21T14:02:39.102404+00:00
NR-AR,morgan_2048,DecisionTree,smote,roc_auc,"{'ccp_alpha': 0.001, 'criterion': 'gini', 'max_depth': 15, 'min_samples_leaf': 50}",0.3718718156566698,1421,0.8339197748064743,0.8876691775333754,0.51058352402746,0.7193797844086861,0.3718718156566698,0.9031531531531533,0.9031380813429878,0.903138081342988,0.9638969540866632,0.9627640209170378,11544.0,0.8838268792710706,0.923248488337598,0.5053794322324091,0.5986095017381228,0.1383112808457214,878.0,1.717191219329834,1.9482979774475095,2026-04-22T07:28:07.773138+00:00
NR-AR,morgan_2048,DecisionTree,smoteenn,roc_auc,"{'ccp_alpha': 0.0, 'criterion': 'gini', 'max_depth': 10, 'min_samples_leaf': 50}",0.3267259101335972,1421,0.8557353976073188,0.9005627767112763,0.5207987537362415,0.6840239806280269,0.3267259101335972,0.8945759454974234,0.8945742032648993,0.8945654921022789,0.9709559680274846,0.9682736354173525,11449.0,0.9043280182232346,0.9344958940295937,0.5081232492997199,0.5058323677095403,0.0840532088721236,878.0,1.609501838684082,2.00775408744812,2026-04-22T07:28:16.592732+00:00
NR-AR,morgan_2048,DecisionTree,smoten,roc_auc,"{'ccp_alpha': 0.01, 'criterion': 'gini', 'max_depth': 10, 'min_samples_leaf': 10}",0.3457756090568515,1421,0.8268824771287826,0.8832234342818034,0.4999341954680705,0.6674738322137166,0.3457756090568515,0.8841822591822592,0.8841715501909678,0.8841715501909677,0.9236732734653732,0.8994467383576967,11544.0,0.857630979498861,0.9083857451186036,0.4984805903991592,0.6626110467361915,0.0527209480283341,878.0,2.2238080501556396,2.017759084701538,2026-04-22T07:29:47.049207+00:00
NR-AR,morgan_2048,DecisionTree,smoten_enn,roc_auc,"{'ccp_alpha': 0.01, 'criterion': 'gini', 'max_depth': 10, 'min_samples_leaf': 10}",0.345722574805443,1421,0.8268824771287826,0.8832234342818034,0.4999341954680705,0.6671516169348539,0.345722574805443,0.8911826452064381,0.8911670173340892,0.8911755973424376,0.932247673060394,0.9045541374877356,11432.0,0.857630979498861,0.9083857451186036,0.4984805903991592,0.6616454229432214,0.0526594200002664,878.0,2.024568796157837,2.389611005783081,2026-04-22T07:29:52.341483+00:00
NR-AR,morgan_4096,BernoulliNB,none,roc_auc,{'alpha': 50.0},0.5929709912095884,1421,0.9739619985925404,0.9611147280228706,0.4934046345811052,0.8646305264802375,0.5929709912095884,0.9624749833222148,0.9442348268438556,0.4904393643239568,0.8177512591575092,0.1463467003869303,5996.0,0.9829157175398632,0.9744471731612888,0.4956921309592188,0.6082657396678254,0.0923418116813255,878.0,0.0893239974975586,0.0208268165588378,2026-04-21T14:02:46.464680+00:00
NR-AR,morgan_4096,RandomForest,random_over,roc_auc,"{'max_depth': 10, 'max_features': 'log2', 'min_samples_leaf': 10, 'n_estimators': 100}",0.5273722758551704,1421,0.9831104855735396,0.9791295931474062,0.755702005730659,0.7717934697703484,0.5273722758551704,0.8012820512820513,0.7942374537534314,0.7942374537534312,0.9325557666254132,0.943876695091464,11544.0,0.9738041002277904,0.9733600310045688,0.596789329712677,0.5699884125144843,0.1019665655190239,878.0,0.8097958564758301,0.7580318450927734,2026-04-21T16:20:25.491983+00:00
NR-AR,morgan_4096,BernoulliNB,random_under,roc_auc,{'alpha': 50.0},0.6095832474045024,1421,0.9739619985925404,0.9611147280228706,0.4934046345811052,0.8667395719418842,0.6095832474045024,0.6666666666666666,0.5333333333333334,0.4,0.8519909917091838,0.7696958261060031,672.0,0.9829157175398632,0.9744471731612888,0.4956921309592188,0.6115102356122055,0.0996364889521965,878.0,0.1085062026977539,0.0191230773925781,2026-04-21T14:02:53.317088+00:00
NR-AR,morgan_4096,LogisticRegression,smote,roc_auc,"{'C': 0.001, 'l1_ratio': 1.0}",0.3644324607095434,1421,0.9824067558057706,0.977997421421252,0.740422484783387,0.7612580065614747,0.3644324607095434,0.7416839916839917,0.7260710886746389,0.726071088674639,0.8301849946860342,0.7968095017231791,11544.0,0.9681093394077448,0.9699482215242896,0.580105212816834,0.5671301660872925,0.0643257700122591,878.0,0.3629529476165771,0.2641971111297607,2026-04-21T08:30:19.903662+00:00
NR-AR,morgan_4096,LogisticRegression,smoteenn,roc_auc,"{'C': 0.001, 'l1_ratio': 1.0}",0.3644324607095434,1421,0.9824067558057706,0.977997421421252,0.740422484783387,0.7612580065614747,0.3644324607095434,0.7448642061281338,0.729540786133342,0.7292235545179231,0.8336297772310719,0.7981894674592668,11488.0,0.9681093394077448,0.9699482215242896,0.580105212816834,0.5671301660872925,0.0643257700122591,878.0,0.4036979675292969,0.3944566249847412,2026-04-21T08:30:20.592591+00:00
NR-AR,morgan_4096,LogisticRegression,smoten,roc_auc,"{'C': 0.001, 'l1_ratio': 1.0}",0.3644324607095434,1421,0.9824067558057706,0.977997421421252,0.740422484783387,0.7612580065614747,0.3644324607095434,0.7800589050589051,0.7708599249368914,0.7708599249368914,0.8661960277085017,0.8319880708450058,11544.0,0.9681093394077448,0.9699482215242896,0.580105212816834,0.5671301660872925,0.0643257700122591,878.0,0.4063270092010498,0.2698721885681152,2026-04-21T08:30:21.613425+00:00
NR-AR,morgan_4096,LogisticRegression,smoten_enn,roc_auc,"{'C': 0.001, 'l1_ratio': 1.0}",0.3644324607095434,1421,0.9824067558057706,0.977997421421252,0.740422484783387,0.7612580065614747,0.3644324607095434,0.7847924659923264,0.7759260696156556,0.7756255138062769,0.871994492737119,0.8348730360549549,11468.0,0.9681093394077448,0.9699482215242896,0.580105212816834,0.5671301660872925,0.0643257700122591,878.0,0.2925529479980469,0.2659897804260254,2026-04-21T08:30:24.012868+00:00
NR-AR,pubchem,RUSBoost,none,roc_auc,"{'learning_rate': 0.08, 'n_estimators': 50, 'sampling_strategy': 'auto'}",0.5088938629389957,1421,0.9774806474313864,0.9761482868196288,0.7518120688149507,0.8588404155600687,0.5088938629389957,0.9414609739826552,0.9500641122087116,0.7149399206906795,0.9091380185130185,0.5655595166939407,5996.0,0.9373576309794988,0.9527021184322986,0.532956139078292,0.6406334492081884,0.0803843887932618,878.0,0.1987659931182861,0.1717040538787841,2026-04-29T18:06:30.982943+00:00
NR-AR,pubchem,LogisticRegression,random_over,roc_auc,"{'C': 0.01, 'l1_ratio': 1.0}",0.5730348011157115,1421,0.9852216748768472,0.982349530778821,0.7981220022054296,0.831549757850336,0.5730348011157115,0.7911469161469161,0.7881766301637989,0.7881766301637989,0.888540602612848,0.9055307226339486,11544.0,0.917995444191344,0.9423986495669808,0.5285202863961814,0.6259173426033218,0.0893015771986349,878.0,0.1501550674438476,0.1515500545501709,2026-04-21T08:30:28.161181+00:00
NR-AR,pubchem,XGBoost,random_under,roc_auc,"{'colsample_bytree': 0.8, 'learning_rate': 0.1, 'max_depth': 7, 'min_child_weight': 1, 'n_estimators': 100, 'scale_pos_weight': 1, 'subsample': 0.8}",0.4618039044829508,1421,0.9746657283603096,0.9731668226720823,0.7207885774168195,0.8438525230432745,0.4618039044829508,0.9821428571428571,0.9820151153861699,0.9796306025946733,0.9995316485969388,0.999099073099355,672.0,0.9419134396355353,0.9556926301833255,0.5527700927858734,0.6132869833912709,0.14235632000482942,878.0,0.1967759132385254,0.17758393287658691,2026-04-29T21:47:15.804787+00:00
NR-AR,pubchem,KNeighbors,smote,roc_auc,"{'n_neighbors': 15, 'weights': 'uniform'}",0.0608692228810343,1421,0.5524278676988037,0.6883534638097041,0.3901583856967027,0.6760369473519763,0.0608692228810343,0.9164934164934164,0.9159596505405448,0.9159596505405448,0.986917240685432,0.9786105998070912,11544.0,0.7790432801822323,0.8608859848175124,0.4573824177784574,0.5432213209733487,0.0313214495942093,878.0,35.75618600845337,32.832980155944824,2026-04-23T17:32:02.412494+00:00
NR-AR,pubchem,KNeighbors,smoteenn,roc_auc,"{'n_neighbors': 15, 'weights': 'uniform'}",0.0622344226542538,1421,0.5566502463054187,0.6918750511631491,0.3922898338220919,0.6729221996563037,0.0622344226542538,0.917619338511214,0.9171281090280308,0.9171732002872864,0.9902573509923608,0.98414770411185,11459.0,0.7927107061503417,0.8694009174394807,0.4629427976070444,0.5329470838161453,0.0268608655310809,878.0,35.079108238220215,32.779539823532104,2026-04-23T17:32:13.920527+00:00
NR-AR,pubchem,DecisionTree,smoten,roc_auc,"{'ccp_alpha': 0.001, 'criterion': 'gini', 'max_depth': 15, 'min_samples_leaf': 10}",0.3156273233285578,1421,0.904292751583392,0.9284796183381168,0.5496457867263236,0.7544817216059991,0.3156273233285578,0.9731462231462232,0.9731440434565436,0.9731440434565436,0.9895036568633244,0.9869365402237046,11544.0,0.9464692482915718,0.9577229295163516,0.5428045956635903,0.6429895712630359,0.0613132555451828,878.0,0.5035450458526611,0.4350640773773193,2026-04-22T07:36:41.109807+00:00
NR-AR,pubchem,DecisionTree,smoten_enn,roc_auc,"{'ccp_alpha': 0.001, 'criterion': 'gini', 'max_depth': 15, 'min_samples_leaf': 10}",0.2977836752321914,1421,0.904292751583392,0.9284796183381168,0.5496457867263236,0.656996953601,0.2977836752321914,0.9783349349174456,0.978331427771464,0.9783331118960196,0.9936271412042336,0.9895342085735483,11447.0,0.9453302961275628,0.9570936688892516,0.5414544979762371,0.5988412514484356,0.0478961860139177,878.0,0.4817008972167969,0.4280180931091308,2026-04-22T07:36:54.913103+00:00
NR-AR,rdkit,BernoulliNB,none,roc_auc,{'alpha': 50.0},0.3851795385369264,1421,0.976073187895848,0.976379364041147,0.7701697301822887,0.8722855803780659,0.3851795385369264,0.7583388925950634,0.8329555230154829,0.5195769722414576,0.770550254925255,0.0957724519927549,5996.0,0.7209567198177677,0.8230634266948523,0.4416251560703245,0.5716492854383932,0.022772306521259,878.0,0.0463418960571289,0.0152359008789062,2026-04-21T14:03:25.813654+00:00
NR-AR,rdkit,BernoulliNB,random_over,roc_auc,{'alpha': 50.0},0.5432350067681657,1421,0.983814215341309,0.9818003199560276,0.8009525143577532,0.8647672238712703,0.5432350067681657,0.7635135135135135,0.7616893085285276,0.7616893085285276,0.8065839207990975,0.781055668589862,11544.0,0.8314350797266514,0.8928721307166637,0.4793910256410256,0.587176516029355,0.0258393885056787,878.0,0.487206220626831,0.3859889507293701,2026-04-21T14:03:27.708797+00:00
NR-AR,rdkit,BernoulliNB,random_under,roc_auc,{'alpha': 50.0},0.4803087403851327,1421,0.9788881069669249,0.9783001422691782,0.7803030303030303,0.8725101546633338,0.4803087403851327,0.78125,0.7829312361027009,0.7578247769690343,0.7941396285076531,0.6188779511032692,672.0,0.7676537585421412,0.8536604246171445,0.4615440115440115,0.5751255310930861,0.0227914921104246,878.0,0.0312461853027343,0.0068569183349609,2026-04-21T14:03:29.491211+00:00
NR-AR,rdkit,LogisticRegression,smote,roc_auc,"{'C': 0.001, 'l1_ratio': 1.0}",0.5153173728101885,1421,0.7473610133708656,0.8334384220689235,0.4852514265245271,0.7342895641306046,0.5153173728101885,0.6751559251559252,0.6751553011293099,0.6751553011293099,0.7906539995937085,0.8213276010480558,11544.0,0.6366742596810934,0.7637082174582416,0.4034246181437879,0.4557744302819621,0.0398311089803039,878.0,0.4814159870147705,0.3445839881896972,2026-04-21T08:30:44.882813+00:00
NR-AR,rdkit,LogisticRegression,smoteenn,roc_auc,"{'C': 0.001, 'l1_ratio': 1.0}",0.5153173728101885,1421,0.7473610133708656,0.8334384220689235,0.4852514265245271,0.7342895641306046,0.5153173728101885,0.679062035173681,0.6790699812480864,0.6790561358154104,0.7962500632422853,0.8237812629885957,11429.0,0.6366742596810934,0.7637082174582416,0.4034246181437879,0.4557744302819621,0.0398311089803039,878.0,0.3553030490875244,0.2892310619354248,2026-04-21T08:30:47.450664+00:00
NR-AR,rdkit,LogisticRegression,smoten,roc_auc,"{'C': 0.001, 'l1_ratio': 1.0}",0.4258258988719568,1421,0.912737508796622,0.9350057645673164,0.594149622259075,0.6626796594282145,0.4258258988719568,0.7162162162162162,0.7152513043365124,0.7152513043365123,0.8368792589166811,0.8583836063878296,11544.0,0.7630979498861048,0.8507693161849205,0.455315493730688,0.4679026651216685,0.0426946243554717,878.0,0.4989781379699707,0.3399477005004883,2026-04-21T08:30:48.264659+00:00
NR-AR,rdkit,LogisticRegression,smoten_enn,roc_auc,"{'C': 0.001, 'l1_ratio': 1.0}",0.4227835050387433,1421,0.9310344827586208,0.9459644932978925,0.6215979740011304,0.6629530542102797,0.4227835050387433,0.7302419002707187,0.7289702895354964,0.7288102627447309,0.8472727725897299,0.863084688039943,11451.0,0.784738041002278,0.8644490910080865,0.4596887891821843,0.4579374275782155,0.0416861403256511,878.0,0.3532757759094238,0.3579730987548828,2026-04-21T08:30:49.506908+00:00
NR-AR,topological_torsion,BernoulliNB,none,roc_auc,{'alpha': 50.0},0.6314690615114017,1421,0.9739619985925404,0.9611147280228706,0.4934046345811052,0.8945867833151069,0.6314690615114017,0.9621414276184124,0.9440680527349724,0.4903527411814705,0.8245729847292347,0.2705720012261211,5996.0,0.9829157175398632,0.9744471731612888,0.4956921309592188,0.5793742757821554,0.0461235303773513,878.0,0.0493772029876709,0.0154559612274169,2026-04-21T14:03:44.456317+00:00
NR-AR,topological_torsion,RandomForest,random_over,roc_auc,"{'max_depth': 15, 'max_features': 'log2', 'min_samples_leaf': 20, 'n_estimators': 100}",0.5423673207041735,1421,0.984517945109078,0.9813039353957836,0.7845188861317893,0.8396246680206216,0.5423673207041735,0.8147089397089398,0.8099699811314565,0.8099699811314565,0.9270755442792864,0.9418716595723484,11544.0,0.9669703872437356,0.9692816650351802,0.577288951606209,0.6037079953650057,0.0834025126626291,878.0,1.0449059009552002,1.030041217803955,2026-04-21T16:28:04.089215+00:00
NR-AR,topological_torsion,BernoulliNB,random_under,roc_auc,{'alpha': 50.0},0.6230113811680416,1421,0.9739619985925404,0.9611147280228706,0.4934046345811052,0.8907397281674739,0.6230113811680416,0.6666666666666666,0.5333333333333334,0.4,0.8426937181122448,0.8175470894202875,672.0,0.9829157175398632,0.9744471731612888,0.4956921309592188,0.5512553109308613,0.0690680889384327,878.0,0.0305979251861572,0.0166270732879638,2026-04-21T14:03:46.357642+00:00
NR-AR,topological_torsion,LogisticRegression,smote,roc_auc,"{'C': 0.001, 'l1_ratio': 1.0}",0.384147694492522,1421,0.9746657283603096,0.9735754381806424,0.7288052928453285,0.7124570379628183,0.384147694492522,0.7525987525987526,0.7445914816478936,0.7445914816478936,0.7663549424204309,0.766849320204026,11544.0,0.940774487471526,0.9545819868384666,0.5364120060111287,0.5804171494785632,0.0636674259681093,878.0,0.1892352104187011,0.1634027957916259,2026-04-21T08:30:59.275383+00:00
NR-AR,topological_torsion,LogisticRegression,smoteenn,roc_auc,"{'C': 0.001, 'l1_ratio': 1.0}",0.384147694492522,1421,0.9746657283603096,0.9735754381806424,0.7288052928453285,0.7124570379628183,0.384147694492522,0.8243564168329058,0.8208468047619089,0.8174048804839882,0.829767713600521,0.8082877374541602,10527.0,0.940774487471526,0.9545819868384666,0.5364120060111287,0.5804171494785632,0.0636674259681093,878.0,0.1595568656921386,0.12416672706604,2026-04-21T08:31:01.389382+00:00
NR-AR,topological_torsion,DecisionTree,smoten,roc_auc,"{'ccp_alpha': 0.001, 'criterion': 'entropy', 'max_depth': 15, 'min_samples_leaf': 10}",0.3142023031099045,1421,0.9394792399718508,0.9486293380819888,0.5861239806009374,0.7578308076862991,0.3142023031099045,0.8883402633402634,0.8873376769025488,0.8873376769025488,0.9674478022321058,0.956004556383935,11544.0,0.9601366742596812,0.962926147456252,0.4898314933178385,0.5786790266512166,0.021140692661427,878.0,2.109326124191284,2.4756720066070557,2026-04-22T07:41:33.877870+00:00
NR-AR,topological_torsion,LogisticRegression,smoten_enn,roc_auc,"{'C': 0.001, 'l1_ratio': 1.0}",0.384147694492522,1421,0.9746657283603096,0.9735754381806424,0.7288052928453285,0.7124570379628183,0.384147694492522,0.7602374923600803,0.7528479465876646,0.7525002482085075,0.7733030174501746,0.7722274934374458,11453.0,0.940774487471526,0.9545819868384666,0.5364120060111287,0.5804171494785632,0.0636674259681093,878.0,0.1613209247589111,0.1291871070861816,2026-04-21T08:31:03.406361+00:00
NR-AR-LBD,atom_pair,XGBoost,none,roc_auc,"{'colsample_bytree': 0.8, 'learning_rate': 0.05, 'max_depth': 3, 'min_child_weight': 10, 'n_estimators': 100, 'scale_pos_weight': 4, 'subsample': 0.8}",0.4169525412631249,1343,0.9828741623231572,0.977625614557687,0.6848479283360371,0.8386519421172887,0.4169525412631249,0.9840043134435658,0.9830674158023944,0.8646069920991855,0.960612011047343,0.8167311445250761,5564.0,0.9832134292565947,0.9790574320204853,0.5582627118644068,0.7828467153284672,0.12662157375314054,834.0,3.428945779800415,1.761080026626587,2026-04-29T22:00:21.889886+00:00
NR-AR-LBD,atom_pair,RandomForest,random_over,roc_auc,"{'max_depth': 10, 'max_features': 'sqrt', 'min_samples_leaf': 20, 'n_estimators': 100}",0.4413839309766119,1343,0.9836187639612808,0.9789448761544788,0.7063722372396247,0.8206143691292206,0.4413839309766119,0.9426870115370302,0.9425845678907638,0.9425845678907638,0.9896310496624016,0.9904929770461915,10748.0,0.9760191846522782,0.9760191846522782,0.5772506082725061,0.7612530413625304,0.0897686296515998,834.0,2.7627272605895996,2.0235531330108643,2026-04-21T16:30:12.948532+00:00
NR-AR-LBD,atom_pair,RandomForest,random_under,roc_auc,"{'max_depth': 10, 'max_features': 'sqrt', 'min_samples_leaf': 20, 'n_estimators': 100}",0.4297581994197581,1343,0.9821295606850337,0.9794575297472772,0.7345849802371542,0.8038334602691037,0.4297581994197581,0.8456140350877193,0.841026839624479,0.8168166413462662,0.8931024930747924,0.8661251700339577,570.0,0.9436450839328536,0.958092066126647,0.5246826003128524,0.6415247364152473,0.0669043382516959,834.0,0.2463130950927734,0.2278611660003662,2026-04-21T16:30:20.805783+00:00
NR-AR-LBD,atom_pair,DecisionTree,smote,roc_auc,"{'ccp_alpha': 0.001, 'criterion': 'gini', 'max_depth': 15, 'min_samples_leaf': 20}",0.3043076182792011,1343,0.870439314966493,0.9119961287679816,0.5256382149468966,0.7391089108910892,0.3043076182792011,0.9507815407517678,0.950777194110504,0.9507771941105038,0.9803921076392432,0.9778794283008236,10748.0,0.9316546762589928,0.9519788174800612,0.5298620382732533,0.6518146796431469,0.1344891485000371,834.0,1.9649274349212649,2.0346009731292725,2026-04-22T07:43:00.469532+00:00
NR-AR-LBD,atom_pair,DecisionTree,smoteenn,roc_auc,"{'ccp_alpha': 0.001, 'criterion': 'gini', 'max_depth': 15, 'min_samples_leaf': 20}",0.3036132485815918,1343,0.8689501116902457,0.9111275113831798,0.5246017699115044,0.741051028179741,0.3036132485815918,0.9509785647716682,0.9509729677561088,0.9509737802261092,0.9807061556583256,0.9776086892925646,10730.0,0.9268585131894485,0.949347063969267,0.525725526023847,0.6530312246553124,0.1337904676196136,834.0,1.7311501502990725,1.7740559577941897,2026-04-22T07:43:25.967179+00:00
NR-AR-LBD,atom_pair,DecisionTree,smoten,roc_auc,"{'ccp_alpha': 0.001, 'criterion': 'gini', 'max_depth': 15, 'min_samples_leaf': 20}",0.1903430885837493,1343,0.8994787788533135,0.9281840097900566,0.5321752862218713,0.7293475501396294,0.1903430885837493,0.970040937848902,0.9700311740714136,0.9700311740714136,0.988533295641574,0.9835223382764856,10748.0,0.9304556354916068,0.9505404631518666,0.4986318407960199,0.5814071370640714,0.0229550423456442,834.0,1.7795379161834717,1.4291479587554932,2026-04-22T07:43:42.543803+00:00
NR-AR-LBD,atom_pair,DecisionTree,smoten_enn,roc_auc,"{'ccp_alpha': 0.001, 'criterion': 'gini', 'max_depth': 15, 'min_samples_leaf': 10}",0.1898864808956998,1343,0.9151154132539092,0.9362528753590044,0.5253534226190476,0.6987814166031987,0.1898864808956998,0.9757808116700952,0.9757742547992408,0.975775981974978,0.9916379616700852,0.9853549587106504,10694.0,0.9496402877697842,0.960775580162829,0.5097962382445141,0.6339213300892133,0.0275494239473602,834.0,2.0921449661254883,1.8156189918518064,2026-04-22T07:44:07.666523+00:00
NR-AR-LBD,avalon,RandomForest,none,roc_auc,"{'max_depth': 15, 'max_features': 'log2', 'min_samples_leaf': 10, 'n_estimators': 100}",0.561065806355804,1343,0.9843633655994044,0.9802155291863782,0.7268024759524571,0.9066768215283066,0.561065806355804,0.9795111430625448,0.980773285397596,0.8639349663814495,0.9933936301490608,0.8538709399709585,5564.0,0.9772182254196644,0.9756117042353626,0.5418509844739353,0.709448499594485,0.0609342215231463,834.0,0.3982620239257812,0.2764649391174316,2026-04-21T16:32:09.560954+00:00
NR-AR-LBD,avalon,RandomForest,random_over,roc_auc,"{'max_depth': 15, 'max_features': 'log2', 'min_samples_leaf': 20, 'n_estimators': 100}",0.6065508571003781,1343,0.9858525688756516,0.982625318646004,0.7647010005071695,0.912020817466362,0.6065508571003781,0.9611090435429848,0.9610947517302744,0.9610947517302744,0.9945332521510826,0.9942512669076866,10748.0,0.974820143884892,0.9742804091601835,0.537095282146161,0.7530413625304136,0.0617985757321016,834.0,0.575005292892456,0.5982761383056641,2026-04-21T16:32:35.699893+00:00
NR-AR-LBD,avalon,XGBoost,random_under,roc_auc,"{'colsample_bytree': 0.8, 'learning_rate': 0.1, 'max_depth': 5, 'min_child_weight': 1, 'n_estimators': 100, 'scale_pos_weight': 1, 'subsample': 0.8}",0.5367318128677196,1343,0.9858525688756515,0.9831014823914054,0.7754753671391741,0.9157527291190657,0.5367318128677196,0.9929824561403509,0.9929634993130593,0.9920630500167094,0.9998614958448754,0.9997269674743781,570.0,0.9532374100719424,0.9626877897145608,0.5124049949780383,0.7575020275750202,0.0596547072423963,834.0,0.10753297805786133,0.09261107444763184,2026-04-29T22:07:22.642083+00:00
NR-AR-LBD,avalon,RandomForest,smote,roc_auc,"{'max_depth': 15, 'max_features': 'sqrt', 'min_samples_leaf': 20, 'n_estimators': 200}",0.3468829216761978,1343,0.98138495904691,0.9764470585552124,0.6747648523243537,0.8260853008377761,0.3468829216761978,0.9661332340900632,0.9661282788048656,0.9661282788048656,0.995135089915206,0.9948577418688942,10748.0,0.973621103117506,0.9724380884114092,0.4933171324422843,0.5907339821573397,0.0241123372747282,834.0,1.563060998916626,1.7726900577545166,2026-04-21T16:33:26.776403+00:00
NR-AR-LBD,avalon,RandomForest,smoteenn,roc_auc,"{'max_depth': 15, 'max_features': 'sqrt', 'min_samples_leaf': 20, 'n_estimators': 200}",0.3391321946159831,1343,0.9798957557706628,0.9745628232396292,0.6487460405103019,0.8264153338410765,0.3391321946159831,0.96518898740084,0.965182471879068,0.9651808305644232,0.9956113108340888,0.995224330756671,10715.0,0.973621103117506,0.9724380884114092,0.4933171324422843,0.5764395782643957,0.0224285656790334,834.0,1.9857351779937744,1.516305923461914,2026-04-21T16:33:28.454016+00:00
NR-AR-LBD,avalon,DecisionTree,smoten,roc_auc,"{'ccp_alpha': 0.01, 'criterion': 'entropy', 'max_depth': 15, 'min_samples_leaf': 50}",0.2003881218103671,1343,0.9419210722263588,0.9512653064970796,0.551643554185927,0.8467377506981467,0.2003881218103671,0.9540379605508,0.9540301609255016,0.9540301609255016,0.977593290220498,0.9680342569560074,10748.0,0.946043165467626,0.958284019734305,0.4861367837338262,0.5138888888888888,0.0153221580646364,834.0,0.2457530498504638,0.2710449695587158,2026-04-22T07:45:26.131476+00:00
NR-AR-LBD,avalon,DecisionTree,smoten_enn,roc_auc,"{'ccp_alpha': 0.001, 'criterion': 'gini', 'max_depth': 15, 'min_samples_leaf': 10}",0.1117580287319098,1343,0.9367088607594936,0.9475351942448944,0.5266204711609834,0.7542269611576543,0.1117580287319098,0.9904530138524896,0.9904529787249314,0.990453010841556,0.9960967993344532,0.9929501424190336,10684.0,0.9508393285371702,0.9607743430332564,0.48740012292563,0.4732360097323601,0.0163907391666647,834.0,0.2620179653167724,0.2269880771636963,2026-04-22T07:45:35.160893+00:00
NR-AR-LBD,erg,RandomForest,none,roc_auc,"{'max_depth': 5, 'max_features': 'sqrt', 'min_samples_leaf': 10, 'n_estimators': 100}",0.4334729423032267,1343,0.9828741623231572,0.977625614557687,0.6848479283360371,0.8017517136329018,0.4334729423032267,0.9786125089863408,0.97895329607393,0.8430578912998906,0.9494427359802556,0.7694051838254845,5564.0,0.9796163069544364,0.9781788932632194,0.5900771966345737,0.658860502838605,0.0776451120097542,834.0,0.3411769866943359,0.2484810352325439,2026-04-21T16:34:03.461004+00:00
NR-AR-LBD,erg,RandomForest,random_over,roc_auc,"{'max_depth': 5, 'max_features': 'sqrt', 'min_samples_leaf': 20, 'n_estimators': 100}",0.4792409283648126,1343,0.9836187639612808,0.9789448761544788,0.7063722372396247,0.7964711855800964,0.4792409283648126,0.8817454410122814,0.8805949792406425,0.8805949792406425,0.9380672375463108,0.9533999132764897,10748.0,0.974820143884892,0.975316078239052,0.5736092513694461,0.6237327656123277,0.0824658249740815,834.0,0.4477062225341797,0.3687691688537597,2026-04-21T16:34:10.536420+00:00
NR-AR-LBD,erg,DecisionTree,random_under,roc_auc,"{'ccp_alpha': 0.0, 'criterion': 'entropy', 'max_depth': 5, 'min_samples_leaf': 20}",0.3957025790286034,1343,0.8279970215934475,0.8873794022075383,0.5228454580550099,0.7977024625539476,0.3957025790286034,0.8210526315789474,0.8253417057218575,0.8102505189227295,0.9097645429362882,0.8533872609809343,570.0,0.7781774580335732,0.8625327463910295,0.4675744598618985,0.614963503649635,0.0756215363674224,834.0,0.0123822689056396,0.0080912113189697,2026-04-22T07:45:44.748516+00:00
NR-AR-LBD,erg,RandomForest,smote,roc_auc,"{'max_depth': 10, 'max_features': 'log2', 'min_samples_leaf': 10, 'n_estimators': 100}",0.4220326436963508,1343,0.98138495904691,0.9771385771657948,0.6903960532989073,0.7670982482863671,0.4220326436963508,0.9408262002232972,0.9406830502273849,0.9406830502273849,0.9876940261100844,0.9890626741659926,10748.0,0.9808153477218226,0.9789201648390023,0.5951456310679611,0.7310421735604218,0.0662411002538138,834.0,0.3876259326934814,0.6613078117370605,2026-04-21T16:34:25.760640+00:00
NR-AR-LBD,erg,RandomForest,smoteenn,roc_auc,"{'max_depth': 10, 'max_features': 'log2', 'min_samples_leaf': 5, 'n_estimators': 100}",0.4168642978240952,1343,0.9836187639612808,0.9789448761544788,0.7063722372396247,0.7675806042142675,0.4168642978240952,0.9586305278174037,0.9585563825923896,0.9585060157194212,0.9959246567235662,0.995907562522384,10515.0,0.9796163069544364,0.9769651451925818,0.5474769397721106,0.7683495539334956,0.0787317118312846,834.0,0.5564630031585693,0.6984970569610596,2026-04-21T16:34:31.616238+00:00
NR-AR-LBD,erg,XGBoost,smoten,roc_auc,"{'colsample_bytree': 0.8, 'learning_rate': 0.05, 'max_depth': 7, 'min_child_weight': 5, 'n_estimators': 200, 'scale_pos_weight': 1, 'subsample': 0.8}",0.24154198870510302,1343,0.9233060312732688,0.9411370670701017,0.5397823490466542,0.7269103833460269,0.24154198870510302,0.9507815407517678,0.9507066270484615,0.9507066270484614,0.9920047960039717,0.9876482189032091,10748.0,0.9088729016786571,0.9388694559591804,0.48892114175133045,0.569647201946472,0.10254966250026064,834.0,1.5741550922393799,1.5747361183166504,2026-04-29T22:09:08.915013+00:00
NR-AR-LBD,erg,RandomForest,smoten_enn,roc_auc,"{'max_depth': 15, 'max_features': 'sqrt', 'min_samples_leaf': 20, 'n_estimators': 100}",0.3871417945484446,1343,0.9828741623231572,0.977625614557687,0.6848479283360371,0.7434247270880934,0.3871417945484446,0.9795339412360689,0.9795104100052966,0.9793259419640634,0.9983357410200956,0.9979911615631618,9870.0,0.9796163069544364,0.9754628762162892,0.4948516050878255,0.6099452554744527,0.0516565543221342,834.0,0.5761048793792725,0.3834049701690674,2026-04-21T16:34:42.988842+00:00
NR-AR-LBD,estate,BernoulliNB,none,roc_auc,{'alpha': 10.0},0.0884563901882048,1343,0.977661950856292,0.9666190824354752,0.4943524096385542,0.7793856308707794,0.0884563901882048,0.9656721782890008,0.9489846001874536,0.4912681722593033,0.7672854680430141,0.1144492479590131,5564.0,0.9832134292565948,0.9772689707967604,0.4957678355501814,0.5593065693430657,0.0223313081848271,834.0,0.0056848526000976,0.0009281635284423,2026-04-21T14:04:22.602542+00:00
NR-AR-LBD,estate,RandomForest,random_over,roc_auc,"{'max_depth': 15, 'max_features': 'sqrt', 'min_samples_leaf': 20, 'n_estimators': 200}",0.4432621585625082,1343,0.9806403574087864,0.9782644346305812,0.7242386909274703,0.7635948210205635,0.4432621585625082,0.9363602530703388,0.9363093002917998,0.9363093002917996,0.9839298132720514,0.9832340867564818,10748.0,0.9592326139088728,0.9665673208930434,0.5422021310946077,0.667477696674777,0.1456083556166279,834.0,0.6835813522338867,0.617764949798584,2026-04-21T16:35:17.736379+00:00
NR-AR-LBD,estate,BernoulliNB,random_under,roc_auc,{'alpha': 50.0},0.12645415390715,1343,0.977661950856292,0.9666190824354752,0.4943524096385542,0.7734450368113734,0.12645415390715,0.6666666666666666,0.5333333333333333,0.4,0.7890927977839335,0.5899279363724137,570.0,0.9856115107913668,0.978469398394328,0.4963768115942029,0.5436942416869424,0.0241878252451404,834.0,0.0032742023468017,0.0004880428314208,2026-04-21T14:04:23.182858+00:00
NR-AR-LBD,estate,XGBoost,smote,roc_auc,"{'colsample_bytree': 0.8, 'learning_rate': 0.05, 'max_depth': 3, 'min_child_weight': 1, 'n_estimators': 100, 'scale_pos_weight': 1, 'subsample': 0.8}",0.44031322506286535,1343,0.9836187639612807,0.9795853643848539,0.7208427815570673,0.7917999492256917,0.44031322506286535,0.9557126907331597,0.9557033589491813,0.9557033589491813,0.991190284196511,0.9910507811654019,10748.0,0.973621103117506,0.9746196109728913,0.5702239295418345,0.5884022708840226,0.11938271209874138,834.0,0.2015209197998047,0.1904752254486084,2026-04-29T22:09:56.892717+00:00
NR-AR-LBD,estate,XGBoost,smoteenn,roc_auc,"{'colsample_bytree': 0.8, 'learning_rate': 0.05, 'max_depth': 3, 'min_child_weight': 5, 'n_estimators': 100, 'scale_pos_weight': 1, 'subsample': 0.8}",0.4309281766557088,1343,0.9828741623231572,0.9789674909925311,0.7151643690349947,0.7792333079461793,0.4309281766557088,0.9506219021789956,0.9505978548300275,0.9505915567148213,0.9905378496857681,0.9903499238403488,10693.0,0.9700239808153477,0.9725623973691385,0.5613389156550462,0.6055352798053528,0.12267442615926162,834.0,0.19579577445983887,0.2407681941986084,2026-04-29T22:10:01.218136+00:00
NR-AR-LBD,estate,DecisionTree,smoten,roc_auc,"{'ccp_alpha': 0.001, 'criterion': 'entropy', 'max_depth': 15, 'min_samples_leaf': 10}",0.2492094527497191,1343,0.9516008935219658,0.9580929675687488,0.5959481413938504,0.7668062960142168,0.2492094527497191,0.9761816151842204,0.9761795531560764,0.9761795531560762,0.9920638855928606,0.9899534260347548,10748.0,0.9640287769784172,0.9692085916550076,0.5496436028511772,0.5729420113544201,0.120462315522113,834.0,0.0315921306610107,0.0265631675720214,2026-04-22T07:46:05.641457+00:00
NR-AR-LBD,estate,RandomForest,smoten_enn,roc_auc,"{'max_depth': 15, 'max_features': 'log2', 'min_samples_leaf': 20, 'n_estimators': 100}",0.3646207648310955,1343,0.9806403574087864,0.9771790435658316,0.6996249397839103,0.7576796141152577,0.3646207648310955,0.9492663278028196,0.9492324164022192,0.9491612689539008,0.9899621326923078,0.988312256017254,10427.0,0.974820143884892,0.9742804091601835,0.537095282146161,0.5659975669099757,0.0497135059251455,834.0,0.3556489944458008,0.2711920738220215,2026-04-21T16:35:39.060740+00:00
NR-AR-LBD,fcfp,RandomForest,none,roc_auc,"{'max_depth': 15, 'max_features': 'sqrt', 'min_samples_leaf': 5, 'n_estimators': 100}",0.5027352691901934,1343,0.9858525688756516,0.982625318646004,0.7647010005071695,0.8211474993653212,0.5027352691901934,0.977174694464414,0.9777500222729074,0.8357262432619859,0.9807180772922256,0.8000752379145862,5564.0,0.9784172661870504,0.976285185443878,0.5445388349514563,0.6928223844282239,0.064312283378236,834.0,0.6327250003814697,0.5889678001403809,2026-04-21T16:35:44.403777+00:00
NR-AR-LBD,fcfp,RandomForest,random_over,roc_auc,"{'max_depth': 15, 'max_features': 'sqrt', 'min_samples_leaf': 20, 'n_estimators': 100}",0.5015709804495841,1343,0.9865971705137752,0.9837707579632708,0.7823103522800952,0.8248286367098248,0.5015709804495841,0.9029586899888352,0.9023835473002136,0.9023835473002136,0.974431209469182,0.977406278606565,10748.0,0.973621103117506,0.973621103117506,0.5349756690997567,0.6158759124087592,0.0557274447202979,834.0,3.875096082687378,2.9436190128326416,2026-04-21T16:35:56.303774+00:00
NR-AR-LBD,fcfp,XGBoost,random_under,roc_auc,"{'colsample_bytree': 0.8, 'learning_rate': 0.05, 'max_depth': 3, 'min_child_weight': 10, 'n_estimators': 100, 'scale_pos_weight': 1, 'subsample': 0.8}",0.4039439843921701,1343,0.9843633655994043,0.9802155291863782,0.7268024759524571,0.7730896166539731,0.4039439843921701,0.8614035087719298,0.8517965446042896,0.8253425853020917,0.8894390581717451,0.8636047425447999,570.0,0.9784172661870504,0.9762851854438779,0.5445388349514563,0.716595701540957,0.0710145163201386,834.0,0.3045470714569092,0.22882890701293945,2026-04-29T22:10:14.905491+00:00
NR-AR-LBD,fcfp,RandomForest,smote,roc_auc,"{'max_depth': 15, 'max_features': 'sqrt', 'min_samples_leaf': 5, 'n_estimators': 100}",0.4055071043960083,1343,0.9821295606850337,0.9789345017530754,0.7227307136466864,0.7813404417364814,0.4055071043960083,0.9317082247860068,0.931614452358724,0.931614452358724,0.9854029844172462,0.9860059497697672,10748.0,0.9688249400479616,0.9710137116787408,0.527787456445993,0.6160786699107867,0.0334435764866847,834.0,4.509700775146484,3.9695327281951904,2026-04-21T16:36:06.256048+00:00
NR-AR-LBD,fcfp,XGBoost,smoteenn,roc_auc,"{'colsample_bytree': 0.8, 'learning_rate': 0.1, 'max_depth': 7, 'min_child_weight': 10, 'n_estimators': 100, 'scale_pos_weight': 1, 'subsample': 0.8}",0.30881741037687926,1343,0.9575577066269546,0.9625068655012952,0.6283084004602992,0.7693957857324194,0.30881741037687926,0.9642689674575635,0.9642674474989059,0.9642641347684986,0.9942364105009568,0.9935104282038575,10663.0,0.9652278177458034,0.9690793643682803,0.5234003980530869,0.5927615571776156,0.048636163465548526,834.0,3.9781839847564697,4.187031030654907,2026-04-29T22:10:16.496071+00:00
NR-AR-LBD,fcfp,XGBoost,smoten,roc_auc,"{'colsample_bytree': 0.8, 'learning_rate': 0.05, 'max_depth': 7, 'min_child_weight': 1, 'n_estimators': 100, 'scale_pos_weight': 1, 'subsample': 0.8}",0.3743186577195048,1343,0.9836187639612807,0.9789448761544787,0.7063722372396247,0.774892104595075,0.3743186577195048,0.9821362113881652,0.982135726427964,0.9821357264279639,0.9977009769709537,0.9975645306941084,10748.0,0.9772182254196643,0.9756117042353626,0.5418509844739353,0.5738544201135443,0.10190009611737343,834.0,4.565468072891235,4.60302209854126,2026-04-29T22:10:32.344385+00:00
NR-AR-LBD,fcfp,DecisionTree,smoten_enn,roc_auc,"{'ccp_alpha': 0.01, 'criterion': 'entropy', 'max_depth': 10, 'min_samples_leaf': 10}",0.3655538852570054,1343,0.9158600148920328,0.938688916590766,0.5770903872145355,0.7489210459507489,0.3655538852570054,0.9672315326280312,0.9672203054448488,0.9672235200656744,0.9856592002094824,0.975113135205158,10681.0,0.9268585131894485,0.9486089099348024,0.4968699006082183,0.483323195458232,0.0245220000014862,834.0,1.9174342155456543,1.7876548767089844,2026-04-22T07:47:44.790084+00:00
NR-AR-LBD,klekota_roth,XGBoost,none,roc_auc,"{'colsample_bytree': 0.8, 'learning_rate': 0.1, 'max_depth': 7, 'min_child_weight': 1, 'n_estimators': 100, 'scale_pos_weight': 4, 'subsample': 0.8}",0.4682730998011234,1343,0.9851079672375279,0.9814412403498672,0.7462207105064248,0.8510408733181011,0.4682730998011234,0.9951473759884975,0.9951535184950315,0.9633107646228319,0.9986631539772393,0.9740492572657645,5564.0,0.9820143884892086,0.9783495966614316,0.5542808280186696,0.7704785077047851,0.1545482225542752,834.0,5.3211870193481445,5.3754448890686035,2026-04-29T22:13:35.767097+00:00
NR-AR-LBD,klekota_roth,XGBoost,random_over,roc_auc,"{'colsample_bytree': 0.8, 'learning_rate': 0.1, 'max_depth': 7, 'min_child_weight': 5, 'n_estimators': 200, 'scale_pos_weight': 1, 'subsample': 0.8}",0.3931326906124939,1343,0.9791511541325391,0.9771058159150409,0.7146889226100152,0.8299822289921299,0.3931326906124939,0.9908820245627094,0.9908817770309398,0.9908817770309399,0.9990180359500158,0.9988421546830206,10748.0,0.9748201438848921,0.9742804091601835,0.537095282146161,0.782948094079481,0.1510276148922859,834.0,16.274394989013672,15.9000403881073,2026-04-29T22:13:47.071926+00:00
NR-AR-LBD,klekota_roth,LogisticRegression,random_under,roc_auc,"{'C': 1, 'l1_ratio': 0.0}",0.3672047130887277,1343,0.9121370067014148,0.9360898681872396,0.5613152183541501,0.8047727849708047,0.3672047130887277,0.9842105263157894,0.9842208459120476,0.982260122623012,0.9983102493074792,0.99714728138987,570.0,0.9124700239808152,0.9411360607612907,0.5030324797766658,0.6716342254663422,0.0508188922526396,834.0,0.0813939571380615,0.0177726745605468,2026-04-21T08:31:42.355324+00:00
NR-AR-LBD,klekota_roth,KNeighbors,smote,roc_auc,"{'n_neighbors': 5, 'weights': 'uniform'}",0.1056116838352547,1343,0.896500372300819,0.9282946726162432,0.5796443537727458,0.774054328509774,0.1056116838352547,0.9291030889467808,0.9289017184478964,0.9289017184478964,0.9507862499132612,0.9149246143248272,10748.0,0.8501199040767387,0.9062154601463938,0.4893585755920746,0.6086780210867803,0.0214526431679025,834.0,46.71497178077698,39.361018896102905,2026-04-23T18:17:56.366442+00:00
NR-AR-LBD,klekota_roth,RandomForest,smoteenn,roc_auc,"{'max_depth': 15, 'max_features': 'sqrt', 'min_samples_leaf': 10, 'n_estimators': 100}",0.4095361922651649,1343,0.9798957557706628,0.9776810884201608,0.7193703419934526,0.7607006854531606,0.4095361922651649,0.901759668768232,0.9013164033720932,0.9012343924960492,0.9785007039768367,0.978263718080166,10627.0,0.9652278177458034,0.9698737757083742,0.5517375590770086,0.7497972424979724,0.085852630404135,834.0,1.6285028457641602,2.264784812927246,2026-04-21T16:38:45.367326+00:00
NR-AR-LBD,klekota_roth,DecisionTree,smoten,roc_auc,"{'ccp_alpha': 0.0, 'criterion': 'gini', 'max_depth': 15, 'min_samples_leaf': 10}",0.338480892980924,1343,0.9724497393894268,0.9726703135290224,0.6896736924277909,0.7609672505712108,0.338480892980924,0.9811127651656122,0.9811121162188272,0.9811121162188272,0.9971783812368168,0.9965045191965718,10748.0,0.9568345323741008,0.9646006927102814,0.5152728446884082,0.6002635847526359,0.0691143573816528,834.0,1.6838312149047852,1.4231078624725342,2026-04-22T07:49:37.036365+00:00
NR-AR-LBD,klekota_roth,DecisionTree,smoten_enn,roc_auc,"{'ccp_alpha': 0.001, 'criterion': 'gini', 'max_depth': 15, 'min_samples_leaf': 10}",0.4071262522700276,1343,0.9724497393894268,0.9726703135290224,0.6896736924277909,0.7511931962427012,0.4071262522700276,0.980151671191836,0.9801518131630108,0.9801512186587162,0.9907925253940962,0.98539667885703,10681.0,0.9580335731414868,0.9652388053598416,0.5162974132931215,0.6005677210056772,0.0532665506425878,834.0,1.2377231121063232,1.2585186958312988,2026-04-22T07:49:51.652572+00:00
NR-AR-LBD,maccs,XGBoost,none,roc_auc,"{'colsample_bytree': 0.8, 'learning_rate': 0.05, 'max_depth': 5, 'min_child_weight': 10, 'n_estimators': 100, 'scale_pos_weight': 4, 'subsample': 0.8}",0.48670562527921957,1343,0.9821295606850335,0.9762536703241126,0.6621383647798742,0.8684691546077685,0.48670562527921957,0.9822070452911574,0.9816528800973778,0.8567488642472122,0.9828457681233228,0.8038937855696767,5564.0,0.9796163069544365,0.9754628762162892,0.49485160508782555,0.6367599351175993,0.041425645778449365,834.0,0.20458698272705078,0.1942451000213623,2026-04-29T22:23:41.531660+00:00
NR-AR-LBD,maccs,RandomForest,random_over,roc_auc,"{'max_depth': 10, 'max_features': 'sqrt', 'min_samples_leaf': 20, 'n_estimators': 100}",0.503327548063621,1343,0.9873417721518988,0.9848802737186256,0.7991095390192611,0.8769230769230769,0.503327548063621,0.9687383699292892,0.968736177771677,0.968736177771677,0.9937259252775186,0.9922827973448622,10748.0,0.974820143884892,0.9761960084583156,0.604712573633963,0.6862327656123276,0.0783766312528203,834.0,0.3744561672210693,0.3154590129852295,2026-04-21T16:40:33.661323+00:00
NR-AR-LBD,maccs,RandomForest,random_under,roc_auc,"{'max_depth': 10, 'max_features': 'sqrt', 'min_samples_leaf': 5, 'n_estimators': 100}",0.4647454650680213,1343,0.985107967237528,0.9814412403498672,0.7462207105064248,0.8030845392231531,0.4647454650680213,0.8929824561403509,0.8892497946887925,0.8719520952791312,0.9814404432132964,0.963027070283996,570.0,0.9712230215827338,0.974048014335784,0.5926739926739927,0.6525750202757502,0.0787732529170698,834.0,0.2375297546386718,0.2152070999145507,2026-04-21T16:40:59.453316+00:00
NR-AR-LBD,maccs,RandomForest,smote,roc_auc,"{'max_depth': 15, 'max_features': 'sqrt', 'min_samples_leaf': 20, 'n_estimators': 200}",0.2275441808124751,1343,0.9620253164556962,0.9629077592227336,0.5855164025198337,0.752944909875603,0.2275441808124751,0.9540379605508,0.954025065863631,0.954025065863631,0.9918403735528504,0.991122950925402,10748.0,0.9664268585131894,0.969722683391748,0.5247863247863248,0.6626115166261152,0.0431746103264451,834.0,0.9240050315856934,0.940047025680542,2026-04-21T16:41:03.585618+00:00
NR-AR-LBD,maccs,RandomForest,smoteenn,roc_auc,"{'max_depth': 15, 'max_features': 'sqrt', 'min_samples_leaf': 20, 'n_estimators': 100}",0.2258758094075041,1343,0.9612807148175726,0.9624611583184384,0.5838339054157131,0.7531480071084031,0.2258758094075041,0.9558404558404558,0.9558107199328846,0.9557756797823408,0.99343908823999,0.9924440941503532,10530.0,0.9640287769784172,0.9684372306555732,0.5220812958435208,0.6795417680454178,0.0444988460452341,834.0,0.530195951461792,0.5857877731323242,2026-04-21T16:41:16.216387+00:00
NR-AR-LBD,maccs,DecisionTree,smoten,roc_auc,"{'ccp_alpha': 0.001, 'criterion': 'entropy', 'max_depth': 10, 'min_samples_leaf': 20}",0.3137995802368067,1343,0.8540580789277736,0.902622467613458,0.5226949634443542,0.8235465854277735,0.3137995802368067,0.9314291030889468,0.9311919424011584,0.9311919424011584,0.9804598537749956,0.9743925677117176,10748.0,0.8609112709832134,0.9120934897789806,0.4710552214324767,0.5119120032441201,0.0181182725036447,834.0,0.0703170299530029,0.0588171482086181,2026-04-22T07:50:10.323446+00:00
NR-AR-LBD,maccs,DecisionTree,smoten_enn,roc_auc,"{'ccp_alpha': 0.01, 'criterion': 'gini', 'max_depth': 10, 'min_samples_leaf': 10}",0.2679264521694131,1343,0.7297096053611318,0.824532967549652,0.4635288913245144,0.7516882457476517,0.2679264521694131,0.850336952452265,0.8490189861123469,0.8491007997357753,0.9291040000784976,0.9010755924911922,10684.0,0.7398081534772182,0.8377360988449924,0.450801290318665,0.6774128142741281,0.0421999714646548,834.0,0.0671539306640625,0.0634469985961914,2026-04-22T07:50:15.409464+00:00
NR-AR-LBD,map4,RandomForest,none,roc_auc,"{'max_depth': 10, 'max_features': 'sqrt', 'min_samples_leaf': 20, 'n_estimators': 100}",0.3765287196048524,1343,0.9828741623231572,0.977625614557687,0.6848479283360371,0.798146737750698,0.3765287196048524,0.9867002156721782,0.987050500586272,0.9045106371925566,0.9848206765518186,0.8818049741780944,5564.0,0.9832134292565948,0.9790574320204852,0.5582627118644068,0.6272303325223033,0.0454902429688204,834.0,0.4468140602111816,0.3229491710662842,2026-04-21T16:41:55.869220+00:00
NR-AR-LBD,map4,RandomForest,random_over,roc_auc,"{'max_depth': 10, 'max_features': 'log2', 'min_samples_leaf': 20, 'n_estimators': 100}",0.3504395238014824,1343,0.9828741623231572,0.9783312938707956,0.7007836641384053,0.7824574765168826,0.3504395238014824,0.9577595831782656,0.9577187526113886,0.9577187526113886,0.9866285436959632,0.988945153452584,10748.0,0.9772182254196644,0.974255162274062,0.4942389326864767,0.6143552311435523,0.0323711772176469,834.0,0.4500980377197265,0.4415349960327148,2026-04-21T16:42:00.440943+00:00
NR-AR-LBD,map4,RandomForest,random_under,roc_auc,"{'max_depth': 10, 'max_features': 'log2', 'min_samples_leaf': 5, 'n_estimators': 100}",0.3705928623421407,1343,0.9769173492181684,0.9749200648241426,0.6901960784313725,0.7835237369890835,0.3705928623421407,0.936842105263158,0.9356798899335014,0.9264790185737216,0.9606509695290858,0.9500195776470384,570.0,0.9100719424460432,0.9398196747984348,0.5017167074268507,0.6152676399026764,0.0513691848708921,834.0,0.2830972671508789,0.1387939453125,2026-04-21T16:42:21.444529+00:00
NR-AR-LBD,map4,DecisionTree,smote,roc_auc,"{'ccp_alpha': 0.01, 'criterion': 'entropy', 'max_depth': 10, 'min_samples_leaf': 10}",0.1051421337022775,1343,0.8600148920327625,0.9058979625336392,0.5186086240295298,0.7298679867986798,0.1051421337022775,0.8819315221436547,0.8816181357606836,0.8816181357606836,0.9415149843441156,0.9210988077185474,10748.0,0.8009592326139089,0.8767300963281837,0.4563574962695358,0.5691403081914032,0.0171865468863869,834.0,0.9083330631256104,1.0501177310943604,2026-04-22T07:50:34.280086+00:00
NR-AR-LBD,map4,DecisionTree,smoteenn,roc_auc,"{'ccp_alpha': 0.01, 'criterion': 'entropy', 'max_depth': 10, 'min_samples_leaf': 10}",0.1051125459937737,1343,0.8600148920327625,0.9058979625336392,0.5186086240295298,0.7286240162477786,0.1051125459937737,0.8830600074543421,0.8827419667592376,0.8827509414525738,0.9425674549310668,0.9217453634992164,10732.0,0.8009592326139089,0.8767300963281837,0.4563574962695358,0.5691403081914032,0.0171865468863869,834.0,0.8057479858398438,0.9446887969970704,2026-04-22T07:51:09.394872+00:00
NR-AR-LBD,map4,BernoulliNB,smoten,roc_auc,{'alpha': 50.0},0.3532660960128482,1343,0.9761727475800448,0.9753398938629212,0.7082020640956002,0.7266565118050268,0.3532660960128482,0.7622813546706364,0.7603089055274774,0.7603089055274774,0.6696742395985358,0.7541654433697227,10748.0,0.8597122302158273,0.9115451162925484,0.4787137995694145,0.5518045417680454,0.0198593360541434,834.0,0.2160587310791015,0.1646399497985839,2026-04-21T14:05:11.517093+00:00
NR-AR-LBD,map4,BernoulliNB,smoten_enn,roc_auc,{'alpha': 50.0},0.3532218748512181,1343,0.9769173492181684,0.9758900711625724,0.7122905220966794,0.7264280274181265,0.3532218748512181,0.7657169546940682,0.7637228251631163,0.7636336904751424,0.6703391074681888,0.7549976969588534,10705.0,0.8621103117505995,0.9129219336391616,0.4796859996419484,0.5512976480129765,0.0200337844631546,834.0,0.1888430118560791,0.1817069053649902,2026-04-21T14:05:13.858021+00:00
NR-AR-LBD,mhfp,RandomForest,none,roc_auc,"{'max_depth': 10, 'max_features': 'sqrt', 'min_samples_leaf': 5, 'n_estimators': 200}",0.5037531881653481,1343,0.9791511541325392,0.9701397629058204,0.5572249434815373,0.8542015740035542,0.5037531881653481,0.9974838245866284,0.9975268873286768,0.9815813691302082,0.9998256713611344,0.9945658139045076,5564.0,0.9856115107913668,0.978469398394328,0.4963768115942029,0.5914436334144363,0.0525490378631749,834.0,1.7842738628387451,1.496466875076294,2026-04-21T16:43:23.041021+00:00
NR-AR-LBD,mhfp,RandomForest,random_over,roc_auc,"{'max_depth': 10, 'max_features': 'sqrt', 'min_samples_leaf': 20, 'n_estimators': 200}",0.4556777972685985,1343,0.9806403574087864,0.9733330413326908,0.6127450980392157,0.846052297537446,0.4556777972685985,0.9977670264235208,0.9977670152894772,0.9977670152894772,0.9998721254897356,0.9998505180039304,10748.0,0.9856115107913668,0.978469398394328,0.4963768115942029,0.5250405515004055,0.0282897625649621,834.0,4.270295143127441,5.32997727394104,2026-04-21T16:43:31.796569+00:00
NR-AR-LBD,mhfp,RandomForest,random_under,roc_auc,"{'max_depth': 10, 'max_features': 'log2', 'min_samples_leaf': 5, 'n_estimators': 100}",0.390164166366041,1343,0.9828741623231572,0.977625614557687,0.6848479283360371,0.8376237623762376,0.390164166366041,0.9912280701754386,0.9912104135451176,0.9900921602914644,0.9999307479224376,0.9998607552221104,570.0,0.9844124700239808,0.9778695472624922,0.4960725075528701,0.5262570965125709,0.031536502919394,834.0,0.234699010848999,0.1581549644470214,2026-04-21T16:43:49.624564+00:00
NR-AR-LBD,mhfp,RandomForest,smote,roc_auc,"{'max_depth': 10, 'max_features': 'sqrt', 'min_samples_leaf': 10, 'n_estimators': 200}",0.3842468722257721,1343,0.977661950856292,0.9666190824354752,0.4943524096385542,0.8016247778624016,0.3842468722257721,0.992277633048009,0.9922773147666528,0.9922773147666528,0.9999167240191752,0.9999106499958618,10748.0,0.9856115107913668,0.978469398394328,0.4963768115942029,0.6812652068126521,0.0446023587971525,834.0,4.196385145187378,4.155311107635498,2026-04-21T16:44:01.091083+00:00
NR-AR-LBD,mhfp,RandomForest,smoteenn,roc_auc,"{'max_depth': 15, 'max_features': 'log2', 'min_samples_leaf': 5, 'n_estimators': 200}",0.4504279627479669,1343,0.977661950856292,0.9666190824354752,0.4943524096385542,0.8115765422696115,0.4504279627479669,0.993386736214605,0.993386510545178,0.9933864630358252,0.9999369434137066,0.9999313866566608,10736.0,0.9856115107913668,0.978469398394328,0.4963768115942029,0.6151662611516625,0.0340084680502561,834.0,1.471959114074707,1.4629368782043457,2026-04-21T16:44:06.951850+00:00
NR-AR-LBD,mhfp,RandomForest,smoten,roc_auc,"{'max_depth': 15, 'max_features': 'sqrt', 'min_samples_leaf': 5, 'n_estimators': 200}",0.3931699083303537,1343,0.977661950856292,0.9666190824354752,0.4943524096385542,0.7740035542015741,0.3931699083303537,0.9905098622999629,0.9905090075154253,0.9905090075154253,0.9999951177075692,0.9999949151033772,10748.0,0.9856115107913668,0.978469398394328,0.4963768115942029,0.749493106244931,0.0380374935642994,834.0,4.536471843719482,4.780922889709473,2026-04-21T16:44:12.306408+00:00
NR-AR-LBD,mhfp,RandomForest,smoten_enn,roc_auc,"{'max_depth': 15, 'max_features': 'sqrt', 'min_samples_leaf': 20, 'n_estimators': 200}",0.3218554168938857,1343,0.977661950856292,0.9666190824354752,0.4943524096385542,0.7848946433104849,0.3218554168938857,0.9916985355843672,0.9916978191814756,0.9916975968495436,0.999947241631726,0.9999472144918222,10721.0,0.9856115107913668,0.978469398394328,0.4963768115942029,0.7334752635847526,0.0522220253079171,834.0,5.765302658081055,5.921468019485474,2026-04-21T16:45:11.429297+00:00
NR-AR-LBD,morgan_2048,XGBoost,none,roc_auc,"{'colsample_bytree': 0.8, 'learning_rate': 0.05, 'max_depth': 3, 'min_child_weight': 10, 'n_estimators': 100, 'scale_pos_weight': 8, 'subsample': 0.8}",0.6111314586159661,1343,0.9851079672375279,0.9814412403498672,0.7462207105064248,0.9041000253871541,0.6111314586159661,0.9800503235082675,0.9797090416279033,0.8436163287195891,0.9512844494936634,0.7320902600102053,5564.0,0.9808153477218226,0.9776527868614201,0.5507070707070707,0.607765612327656,0.12139140647499233,834.0,1.419382095336914,1.3492028713226318,2026-04-29T22:33:50.902927+00:00
NR-AR-LBD,morgan_2048,RandomForest,random_over,roc_auc,"{'max_depth': 15, 'max_features': 'sqrt', 'min_samples_leaf': 20, 'n_estimators': 200}",0.5731032944778883,1343,0.9865971705137752,0.9837707579632708,0.7823103522800952,0.8843361259202843,0.5731032944778883,0.8917938221064384,0.8908735654751895,0.8908735654751894,0.983596847853502,0.9845852046050602,10748.0,0.9772182254196644,0.9756117042353626,0.5418509844739353,0.6324006488240065,0.0661303895777736,834.0,6.431797981262207,6.554234743118286,2026-04-21T16:45:51.891421+00:00
NR-AR-LBD,morgan_2048,RandomForest,random_under,roc_auc,"{'max_depth': 15, 'max_features': 'sqrt', 'min_samples_leaf': 5, 'n_estimators': 100}",0.5089557855345775,1343,0.9858525688756516,0.982625318646004,0.7647010005071695,0.8447956334094948,0.5089557855345775,0.8771929824561403,0.87139052425007,0.8501892346509672,0.9383518005540166,0.910381727482129,570.0,0.9688249400479616,0.9710137116787408,0.527787456445993,0.5430859691808597,0.0684875960702853,834.0,0.3094639778137207,0.1979901790618896,2026-04-21T16:45:54.450546+00:00
NR-AR-LBD,morgan_2048,KNeighbors,smote,roc_auc,"{'n_neighbors': 15, 'weights': 'distance'}",0.1267577874602839,1343,0.8190618019359642,0.8819002789552604,0.5170959078432389,0.7880807311500382,0.1267577874602839,0.9926497953107556,0.992649437389251,0.9926494373892508,0.9926380743463026,0.9856230012148302,10748.0,0.8645083932853717,0.9145692148808372,0.4965355500114858,0.5745640713706407,0.0370128139912312,834.0,72.22774720191956,65.03859400749207,2026-04-23T18:54:29.850071+00:00
NR-AR-LBD,morgan_2048,DecisionTree,smoteenn,roc_auc,"{'ccp_alpha': 0.001, 'criterion': 'gini', 'max_depth': 10, 'min_samples_leaf': 50}",0.3084520750157135,1343,0.9597915115413254,0.9650154816380836,0.6603630437226031,0.7797918253363799,0.3084520750157135,0.9231056364315045,0.923070366313898,0.9230650922776208,0.971303795455942,0.9638721431478552,10716.0,0.9448441247002398,0.959215947881451,0.5434596344249809,0.5749695863746959,0.0444533681661987,834.0,1.5989322662353516,1.4814519882202148,2026-04-22T07:54:38.485384+00:00
NR-AR-LBD,morgan_2048,KNeighbors,smoten,roc_auc,"{'n_neighbors': 15, 'weights': 'distance'}",0.1024754821676904,1343,0.8615040953090097,0.9072597624517832,0.5357121615392622,0.7921172886519421,0.1024754821676904,0.9787867510234464,0.9787773676108243,0.9787773676108243,0.9792752919022228,0.9601978594917184,10748.0,0.8848920863309353,0.9258434884745266,0.4893877551020408,0.5515510948905109,0.019247191677878,834.0,76.95537400245667,65.24772191047668,2026-04-23T18:58:17.322066+00:00
NR-AR-LBD,morgan_2048,DecisionTree,smoten_enn,roc_auc,"{'ccp_alpha': 0.01, 'criterion': 'entropy', 'max_depth': 5, 'min_samples_leaf': 50}",0.3926710731857725,1343,0.810126582278481,0.8763785938274808,0.5115660152121732,0.7933739527798934,0.3926710731857725,0.9057062675397568,0.9055418397649316,0.9055618750820325,0.9609677674996772,0.9394699740135792,10690.0,0.8525179856115108,0.9076156260249092,0.4905213387832945,0.6303223844282239,0.1042223925539982,834.0,1.0984199047088623,1.0903270244598389,2026-04-22T07:56:10.664153+00:00
NR-AR-LBD,morgan_4096,XGBoost,none,roc_auc,"{'colsample_bytree': 0.8, 'learning_rate': 0.1, 'max_depth': 5, 'min_child_weight': 1, 'n_estimators': 100, 'scale_pos_weight': 8, 'subsample': 0.8}",0.5401487274921825,1343,0.9836187639612807,0.9801642597328863,0.7339348750090051,0.8847296268088347,0.5401487274921825,0.9937095614665709,0.9938537639397306,0.9545092575786562,0.9987395451785399,0.9628460928459819,5564.0,0.9796163069544365,0.9769651451925818,0.5474769397721106,0.6516119221411192,0.0704322089659924,834.0,4.076542854309082,3.9974782466888428,2026-04-29T22:37:59.810685+00:00
NR-AR-LBD,morgan_4096,XGBoost,random_over,roc_auc,"{'colsample_bytree': 0.8, 'learning_rate': 0.1, 'max_depth': 7, 'min_child_weight': 10, 'n_estimators': 200, 'scale_pos_weight': 1, 'subsample': 0.8}",0.43868330236807196,1343,0.9798957557706627,0.9771648994116624,0.7076503833657172,0.8683295252602183,0.43868330236807196,0.992277633048009,0.9922771724975666,0.9922771724975666,0.9989924125713006,0.9987676400684894,10748.0,0.9688249400479616,0.9710137116787407,0.527787456445993,0.6884630981346309,0.07820116947530874,834.0,14.055846929550171,13.852733850479126,2026-04-29T22:38:03.402893+00:00
NR-AR-LBD,morgan_4096,XGBoost,random_under,roc_auc,"{'colsample_bytree': 0.8, 'learning_rate': 0.05, 'max_depth': 5, 'min_child_weight': 1, 'n_estimators': 100, 'scale_pos_weight': 1, 'subsample': 0.8}",0.47885882904589766,1343,0.9843633655994043,0.9802155291863782,0.7268024759524571,0.8375222137598375,0.47885882904589766,0.9228070175438596,0.9201960784313725,0.9077941176470588,0.9779916897506925,0.9686581383895324,570.0,0.9664268585131894,0.969722683391748,0.5247863247863248,0.5839416058394161,0.11595503897036191,834.0,0.5489389896392822,0.5033619403839111,2026-04-29T22:39:13.365546+00:00
NR-AR-LBD,morgan_4096,RandomForest,smote,roc_auc,"{'max_depth': 15, 'max_features': 'sqrt', 'min_samples_leaf': 5, 'n_estimators': 100}",0.4150732873310566,1343,0.9821295606850337,0.9789345017530754,0.7227307136466864,0.7843107387661843,0.4150732873310566,0.9453851879419428,0.9453780343818148,0.9453780343818146,0.9860356221751092,0.986735256286121,10748.0,0.9688249400479616,0.9710137116787408,0.527787456445993,0.5948905109489051,0.0590373894670556,834.0,3.3083128929138184,4.0504820346832275,2026-04-21T16:48:31.171074+00:00
NR-AR-LBD,morgan_4096,RandomForest,smoteenn,roc_auc,"{'max_depth': 15, 'max_features': 'sqrt', 'min_samples_leaf': 5, 'n_estimators': 100}",0.4062107566070761,1343,0.98138495904691,0.9783353158363696,0.7174891665614876,0.787001777100787,0.4062107566070761,0.9538375454630236,0.9538373471328992,0.953836965728814,0.9886144890860582,0.988910791685042,10723.0,0.9676258992805756,0.9703673891586696,0.5262460289074499,0.583434712084347,0.024093392844479,834.0,3.869132041931152,4.077777862548828,2026-04-21T16:49:16.979982+00:00
NR-AR-LBD,morgan_4096,KNeighbors,smoten,roc_auc,"{'n_neighbors': 15, 'weights': 'distance'}",0.2662860578306159,1343,0.9739389426656738,0.9732679947420698,0.6863259327474258,0.7750952018278752,0.2662860578306159,0.9866951991068106,0.9866928435042176,0.9866928435042176,0.9867348807176318,0.9741531839058436,10748.0,0.934052757793765,0.9528961171267976,0.5168069439908987,0.5532238442822385,0.0244131617782696,834.0,143.9332480430603,121.5741720199585,2026-04-23T19:08:51.932740+00:00
NR-AR-LBD,morgan_4096,RandomForest,smoten_enn,roc_auc,"{'max_depth': 15, 'max_features': 'sqrt', 'min_samples_leaf': 10, 'n_estimators': 100}",0.3833103632287377,1343,0.9828741623231572,0.9783312938707956,0.7007836641384053,0.7643310484894643,0.3833103632287377,0.9750210496772382,0.9750196416929194,0.9750203640500916,0.9956716093409576,0.9954496174610156,10689.0,0.9688249400479616,0.9710137116787408,0.527787456445993,0.4973641524736414,0.0555199419597397,834.0,2.9672529697418213,3.400446891784668,2026-04-21T16:50:17.697268+00:00
NR-AR-LBD,pubchem,XGBoost,none,roc_auc,"{'colsample_bytree': 0.8, 'learning_rate': 0.1, 'max_depth': 7, 'min_child_weight': 1, 'n_estimators': 200, 'scale_pos_weight': 8, 'subsample': 0.8}",0.5957719422472656,1343,0.9828741623231572,0.977625614557687,0.6848479283360371,0.8838918507235338,0.5957719422472656,0.9976635514018691,0.9977007802433705,0.9828550637554503,0.9999662115840401,0.9989462881611223,5564.0,0.9808153477218226,0.9760656365948404,0.49515738498789347,0.718065693430657,0.03315649383765005,834.0,1.7114322185516357,1.6916170120239258,2026-04-29T22:47:24.383743+00:00
NR-AR-LBD,pubchem,XGBoost,random_over,roc_auc,"{'colsample_bytree': 0.8, 'learning_rate': 0.05, 'max_depth': 5, 'min_child_weight': 1, 'n_estimators': 100, 'scale_pos_weight': 1, 'subsample': 0.8}",0.6324910654921473,1343,0.9888309754281459,0.9870011895018218,0.8304934999368926,0.8912287382584412,0.6324910654921473,0.9663193152214365,0.9663146858036356,0.9663146858036356,0.9950774373130965,0.9945943425820849,10748.0,0.960431654676259,0.9665162699688906,0.5184673256932901,0.5447080291970803,0.02376531627108929,834.0,1.5504581928253174,1.5208711624145508,2026-04-29T22:48:24.957700+00:00
NR-AR-LBD,pubchem,LogisticRegression,random_under,roc_auc,"{'C': 1, 'l1_ratio': 0.0}",0.4818475878492388,1343,0.9836187639612808,0.9816083677643378,0.7666635077078594,0.8307184564610306,0.4818475878492388,0.980701754385965,0.9806889744896604,0.9782607941917836,0.9982686980609418,0.9966806713843626,570.0,0.9040767386091128,0.9367740688230296,0.5095992708670214,0.6089821573398215,0.0385833644623145,834.0,0.0313739776611328,0.0130677223205566,2026-04-21T08:33:12.945705+00:00
NR-AR-LBD,pubchem,RandomForest,smote,roc_auc,"{'max_depth': 15, 'max_features': 'sqrt', 'min_samples_leaf': 20, 'n_estimators': 100}",0.4491231743101869,1343,0.9590469099032016,0.9645402033274028,0.6581099657947965,0.838080731150038,0.4491231743101869,0.944268701153703,0.944237312785414,0.944237312785414,0.9888752465557678,0.9885189638700492,10748.0,0.9508393285371702,0.9607743430332564,0.48740012292563,0.6293592862935928,0.0265436510329241,834.0,0.9299509525299072,0.7792441844940186,2026-04-21T16:51:51.271100+00:00
NR-AR-LBD,pubchem,RandomForest,smoteenn,roc_auc,"{'max_depth': 15, 'max_features': 'sqrt', 'min_samples_leaf': 10, 'n_estimators': 100}",0.3674208889620377,1343,0.9650037230081906,0.9684028252085444,0.6776662836716456,0.8247143945163746,0.3674208889620377,0.9639073778944408,0.9639000270952988,0.9638949380805084,0.9948638021820816,0.9943145063093208,10667.0,0.9580335731414868,0.9644869529973082,0.4892835272504592,0.6303730738037308,0.0255704195271956,834.0,0.9216408729553224,0.6045780181884766,2026-04-21T16:51:53.799135+00:00
NR-AR-LBD,pubchem,RandomForest,smoten,roc_auc,"{'max_depth': 15, 'max_features': 'sqrt', 'min_samples_leaf': 10, 'n_estimators': 200}",0.4656237632231093,1343,0.9858525688756516,0.982625318646004,0.7647010005071695,0.841012947448591,0.4656237632231093,0.9855787123185707,0.9855787062014792,0.9855787062014792,0.9969879891451056,0.9972614009400312,10748.0,0.9688249400479616,0.9700049947861444,0.4920828258221681,0.593978102189781,0.0238570444676218,834.0,1.1561131477355957,1.295686960220337,2026-04-21T16:52:14.533919+00:00
NR-AR-LBD,pubchem,RandomForest,smoten_enn,roc_auc,"{'max_depth': 15, 'max_features': 'sqrt', 'min_samples_leaf': 10, 'n_estimators': 100}",0.4571664832036909,1343,0.9843633655994044,0.9802155291863782,0.7268024759524571,0.8360497588220361,0.4571664832036909,0.9905368687341892,0.990536970416512,0.9905368208836842,0.9988046069460128,0.998637621511498,10673.0,0.97242206235012,0.971830924318296,0.4930091185410334,0.6153690186536902,0.0260766869328298,834.0,0.6793091297149658,0.6833999156951904,2026-04-21T16:52:30.609849+00:00
NR-AR-LBD,rdkit,RandomForest,none,roc_auc,"{'max_depth': 10, 'max_features': 'sqrt', 'min_samples_leaf': 10, 'n_estimators': 200}",0.5725700131144469,1343,0.985107967237528,0.9814412403498672,0.7462207105064248,0.8967123635440467,0.5725700131144469,0.985981308411215,0.9867080581213798,0.9048065255671572,0.9943372573599984,0.8980012530063015,5564.0,0.9808153477218226,0.9760656365948404,0.4951573849878934,0.7076236820762368,0.063451471324262,834.0,1.223804950714111,1.1839020252227783,2026-04-21T16:52:38.849129+00:00
NR-AR-LBD,rdkit,RandomForest,random_over,roc_auc,"{'max_depth': 15, 'max_features': 'log2', 'min_samples_leaf': 10, 'n_estimators': 200}",0.554885652077624,1343,0.9858525688756516,0.982625318646004,0.7647010005071695,0.8947956334094948,0.554885652077624,0.9680870859694828,0.9680782320068804,0.9680782320068804,0.9968165722041188,0.9968192999270892,10748.0,0.9808153477218226,0.97765278686142,0.5507070707070707,0.6715328467153285,0.0614834246509181,834.0,1.6549639701843262,1.6509592533111572,2026-04-21T16:52:55.863623+00:00
NR-AR-LBD,rdkit,XGBoost,random_under,roc_auc,"{'colsample_bytree': 0.8, 'learning_rate': 0.05, 'max_depth': 7, 'min_child_weight': 1, 'n_estimators': 200, 'scale_pos_weight': 1, 'subsample': 0.8}",0.5540074019380754,1343,0.9851079672375279,0.9814412403498672,0.7462207105064248,0.8646610814927647,0.5540074019380754,0.9982456140350877,0.9982444522263327,0.9980237085628894,0.9998130193905818,0.9996388028895768,570.0,0.9676258992805755,0.9703673891586695,0.5262460289074499,0.6870437956204379,0.050349093135308116,834.0,0.6712169647216797,0.6465752124786377,2026-04-29T22:50:58.830134+00:00
NR-AR-LBD,rdkit,LogisticRegression,smote,roc_auc,"{'C': 0.001, 'l1_ratio': 1.0}",0.4459953400923651,1343,0.8466120625465376,0.8986681157011834,0.5356903102804742,0.777976643818228,0.4459953400923651,0.6791030889467808,0.6791030861689217,0.6791030861689216,0.7666657744652368,0.7904229138019441,10748.0,0.6654676258992805,0.7866999469219775,0.4161407770035455,0.5431873479318735,0.0218304827819192,834.0,0.4063811302185058,0.3883681297302246,2026-04-21T08:33:27.250587+00:00
NR-AR-LBD,rdkit,LogisticRegression,smoteenn,roc_auc,"{'C': 0.001, 'l1_ratio': 1.0}",0.4459953400923651,1343,0.8466120625465376,0.8986681157011834,0.5356903102804742,0.777976643818228,0.4459953400923651,0.68198839168695,0.6819903119365845,0.6819879206823227,0.7705496075188556,0.7921126029235109,10682.0,0.6654676258992805,0.7866999469219775,0.4161407770035455,0.5431873479318735,0.0218304827819192,834.0,0.3827719688415527,0.3532431125640869,2026-04-21T08:33:28.005943+00:00
NR-AR-LBD,rdkit,RandomForest,smoten,roc_auc,"{'max_depth': 15, 'max_features': 'sqrt', 'min_samples_leaf': 5, 'n_estimators': 100}",0.3071067104683706,1343,0.9798957557706628,0.9753096633390582,0.6656277375628199,0.8301599390708301,0.3071067104683706,0.9817640491254188,0.9817631846410896,0.9817631846410896,0.997630166417612,0.9974503811318758,10748.0,0.974820143884892,0.973044515207506,0.4936247723132969,0.5801905920519059,0.0200340184434398,834.0,1.8290278911590576,1.8268659114837649,2026-04-21T16:53:24.174147+00:00
NR-AR-LBD,rdkit,RandomForest,smoten_enn,roc_auc,"{'max_depth': 15, 'max_features': 'sqrt', 'min_samples_leaf': 20, 'n_estimators': 100}",0.3456354854147984,1343,0.9798957557706628,0.9753096633390582,0.6656277375628199,0.802018278750952,0.3456354854147984,0.984198645598194,0.9841977179623264,0.9841983990114443,0.997713481206372,0.997298173904002,10632.0,0.97242206235012,0.971830924318296,0.4930091185410334,0.6342254663422546,0.0222634589589935,834.0,1.7116622924804688,1.9987938404083252,2026-04-21T16:54:06.129697+00:00
NR-AR-LBD,topological_torsion,RandomForest,none,roc_auc,"{'max_depth': 15, 'max_features': 'log2', 'min_samples_leaf': 5, 'n_estimators': 100}",0.5383357262700762,1343,0.985107967237528,0.9814412403498672,0.7462207105064248,0.9031226199543032,0.5383357262700762,0.9748382458662832,0.975088274162845,0.8130699379907466,0.9567356472685248,0.7484324479795701,5564.0,0.974820143884892,0.9742804091601835,0.537095282146161,0.725669099756691,0.0480463960632112,834.0,0.2823469638824463,0.2813229560852051,2026-04-21T16:54:21.385005+00:00
NR-AR-LBD,topological_torsion,RandomForest,random_over,roc_auc,"{'max_depth': 10, 'max_features': 'log2', 'min_samples_leaf': 10, 'n_estimators': 200}",0.5069364592525988,1343,0.9858525688756516,0.982625318646004,0.7647010005071695,0.8939070830159939,0.5069364592525988,0.8151283959806476,0.8099928365662799,0.8099928365662796,0.9476914132179792,0.955415156344845,10748.0,0.9700239808153476,0.971661914831328,0.5294197305166226,0.6619018653690187,0.1101647033206276,834.0,1.154543161392212,1.0769050121307373,2026-04-21T16:54:42.626392+00:00
NR-AR-LBD,topological_torsion,RandomForest,random_under,roc_auc,"{'max_depth': 10, 'max_features': 'sqrt', 'min_samples_leaf': 5, 'n_estimators': 100}",0.5340633176086794,1343,0.9858525688756516,0.982625318646004,0.7647010005071695,0.8648895658796649,0.5340633176086794,0.8789473684210526,0.8730830427570332,0.8520599884897933,0.9299445983379502,0.9132617308963684,570.0,0.973621103117506,0.973621103117506,0.5349756690997567,0.656021897810219,0.1085536755482439,834.0,0.2650270462036133,0.2365059852600097,2026-04-21T16:54:43.424744+00:00
NR-AR-LBD,topological_torsion,RandomForest,smote,roc_auc,"{'max_depth': 15, 'max_features': 'log2', 'min_samples_leaf': 20, 'n_estimators': 100}",0.4354156190508566,1343,0.985107967237528,0.9814412403498672,0.7462207105064248,0.8207413048997207,0.4354156190508566,0.7970785262374396,0.789927654346423,0.7899276543464231,0.95415903101523,0.9543610874885814,10748.0,0.97242206235012,0.9729652285475332,0.5330006086427267,0.5182481751824818,0.0419309160645255,834.0,0.6073901653289795,0.5611419677734375,2026-04-21T16:54:46.094894+00:00
NR-AR-LBD,topological_torsion,RandomForest,smoteenn,roc_auc,"{'max_depth': 5, 'max_features': 'sqrt', 'min_samples_leaf': 5, 'n_estimators': 200}",0.4437853417273664,1343,0.985107967237528,0.9814412403498672,0.7462207105064248,0.8344884488448845,0.4437853417273664,0.8019977595220313,0.7948791785914281,0.7947495534454991,0.949473116400894,0.9480270713339948,10712.0,0.9784172661870504,0.976285185443878,0.5445388349514563,0.5297039740470397,0.0559856848134778,834.0,2.726078987121582,1.84165358543396,2026-04-21T16:54:59.004319+00:00
NR-AR-LBD,topological_torsion,RandomForest,smoten,roc_auc,"{'max_depth': 15, 'max_features': 'log2', 'min_samples_leaf': 20, 'n_estimators': 100}",0.3872595904826859,1343,0.985107967237528,0.9814412403498672,0.7462207105064248,0.7941101802487941,0.3872595904826859,0.8257350204689244,0.8213119129222971,0.8213119129222972,0.9584564352007604,0.9589177874988708,10748.0,0.973621103117506,0.973621103117506,0.5349756690997567,0.4358272506082725,0.0397398359930663,834.0,0.8648381233215332,0.7852039337158203,2026-04-21T16:55:44.964099+00:00
NR-AR-LBD,topological_torsion,RandomForest,smoten_enn,roc_auc,"{'max_depth': 5, 'max_features': 'sqrt', 'min_samples_leaf': 20, 'n_estimators': 200}",0.4824568780284198,1343,0.985107967237528,0.9814412403498672,0.7462207105064248,0.8537572988068036,0.4824568780284198,0.9068028643639428,0.9052183089911984,0.9025264998640944,0.965940223445428,0.9658293148397432,9496.0,0.9772182254196644,0.9756117042353626,0.5418509844739353,0.4270072992700729,0.0580541284930382,834.0,2.142127752304077,1.8405051231384275,2026-04-21T16:56:02.252688+00:00
NR-AhR,atom_pair,RandomForest,none,roc_auc,"{'max_depth': 15, 'max_features': 'sqrt', 'min_samples_leaf': 5, 'n_estimators': 100}",0.8164849647040573,1732,0.9717090069284064,0.9668580033862522,0.8138038916276692,0.9552933535397272,0.8164849647040573,0.92669096800324,0.9318997369962936,0.8632043778125447,0.9787836515887384,0.8585171509147035,4938.0,0.8602272727272727,0.8721752462531606,0.7197822254324037,0.8689324058672312,0.4549933897207182,880.0,0.6097888946533203,0.4909570217132568,2026-04-21T16:56:02.572401+00:00
NR-AhR,atom_pair,RandomForest,random_over,roc_auc,"{'max_depth': 15, 'max_features': 'sqrt', 'min_samples_leaf': 20, 'n_estimators': 200}",0.833692361044302,1732,0.9757505773672056,0.97257490756318,0.8498352696375933,0.9528003568921516,0.833692361044302,0.8921660060620191,0.8921147348879694,0.8921147348879694,0.9624975829714202,0.9597299842725716,8578.0,0.8284090909090909,0.851823918445948,0.7066090247311282,0.8752331266696911,0.462395212515176,880.0,3.3679511547088623,2.7805590629577637,2026-04-21T16:56:26.704531+00:00
NR-AhR,atom_pair,RandomForest,random_under,roc_auc,"{'max_depth': 15, 'max_features': 'sqrt', 'min_samples_leaf': 5, 'n_estimators': 200}",0.8383318394116029,1732,0.9774826789838336,0.9748125665009404,0.8632451638373471,0.9571499799904216,0.8383318394116029,0.901386748844376,0.902787271208324,0.8924584187742083,0.9673819625309532,0.9315055943156656,1947.0,0.8193181818181818,0.8446765025158861,0.6956136782406853,0.8714022884217955,0.4599519407979333,880.0,0.7677628993988037,0.682513952255249,2026-04-21T16:56:29.220812+00:00
NR-AhR,atom_pair,KNeighbors,smote,roc_auc,"{'n_neighbors': 15, 'weights': 'uniform'}",0.2884689517917661,1732,0.8712471131639723,0.8986829090159989,0.6535052189163852,0.8595852440840532,0.2884689517917661,0.8946141291676382,0.8940389431048285,0.8940389431048283,0.9805562451859884,0.9787768056818296,8578.0,0.7443181818181818,0.7875914994096812,0.625974025974026,0.8222755683250164,0.3517879132276494,880.0,57.26852512359619,52.90504717826843,2026-04-23T19:49:28.775892+00:00
NR-AhR,atom_pair,KNeighbors,smoteenn,roc_auc,"{'n_neighbors': 15, 'weights': 'uniform'}",0.2744934377880824,1732,0.874133949191686,0.9004556245604641,0.655315202150035,0.8531296948703315,0.2744934377880824,0.901930409914204,0.9015075730936049,0.901628383613776,0.9855015696025524,0.9822682461418156,8392.0,0.7454545454545455,0.7883194746575167,0.625529069369828,0.8254574323302586,0.3561146164642357,880.0,55.7228569984436,51.25397300720215,2026-04-23T19:50:19.914733+00:00
NR-AhR,atom_pair,KNeighbors,smoten,roc_auc,"{'n_neighbors': 15, 'weights': 'uniform'}",0.3493270146501497,1732,0.9105080831408776,0.9246579433151793,0.7036914399871967,0.9013560589659312,0.3493270146501497,0.89962695266962,0.8990981296727766,0.8990981296727766,0.984306940803688,0.9827501071948234,8578.0,0.7420454545454546,0.7854092967266956,0.6197937186785663,0.8256653561167397,0.3368374131876672,880.0,57.748852014541626,51.969823360443115,2026-04-23T19:50:29.785597+00:00
NR-AhR,atom_pair,KNeighbors,smoten_enn,roc_auc,"{'n_neighbors': 15, 'weights': 'uniform'}",0.3757063213381386,1732,0.9116628175519632,0.9252770011256743,0.7037240768629608,0.8777611578001272,0.3757063213381386,0.909265022743596,0.9088242285898388,0.9089644812751252,0.99331144605454,0.9904628289238796,8354.0,0.7420454545454546,0.7852556341077527,0.6183408833413897,0.8218219164272392,0.3335770996007105,880.0,55.68981885910034,50.6831591129303,2026-04-23T19:50:43.643789+00:00
NR-AhR,avalon,RandomForest,none,roc_auc,"{'max_depth': 5, 'max_features': 'log2', 'min_samples_leaf': 10, 'n_estimators': 100}",0.8520001451102611,1732,0.9774826789838336,0.9748125665009404,0.8632451638373471,0.9542469509994947,0.8520001451102611,0.8246253543944917,0.8461769993291374,0.7200548328305681,0.8993979294867259,0.6038482683530828,4938.0,0.7738636363636363,0.8092210498060766,0.6443823498951139,0.8366349110338223,0.3583604140061376,880.0,0.2304978370666504,0.205301284790039,2026-04-21T16:57:49.479319+00:00
NR-AhR,avalon,RandomForest,random_over,roc_auc,"{'max_depth': 5, 'max_features': 'log2', 'min_samples_leaf': 10, 'n_estimators': 100}",0.8506239205194782,1732,0.9797921478060048,0.9778660200991488,0.8818081673636904,0.9546471425666057,0.8506239205194782,0.8317789694567498,0.8317211529707184,0.8317211529707185,0.9048926638174588,0.894501202773986,8578.0,0.7602272727272728,0.8000936002625534,0.6424933814681107,0.8362127627400574,0.3650543931082611,880.0,0.218390941619873,0.2386732101440429,2026-04-21T16:58:06.337094+00:00
NR-AhR,avalon,RandomForest,random_under,roc_auc,"{'max_depth': 10, 'max_features': 'log2', 'min_samples_leaf': 10, 'n_estimators': 100}",0.835254427829283,1732,0.9780600461893764,0.9755464186508076,0.8676000804667069,0.9495955440965184,0.835254427829283,0.8680020544427324,0.8696805610692074,0.8555331480746328,0.928490198266386,0.8525271614807108,1947.0,0.7693181818181818,0.8065363898989619,0.6462847423664311,0.8427592116538132,0.3644969875370252,880.0,0.215451955795288,0.1664879322052002,2026-04-21T16:58:09.494341+00:00
NR-AhR,avalon,XGBoost,smote,roc_auc,"{'colsample_bytree': 0.8, 'learning_rate': 0.05, 'max_depth': 5, 'min_child_weight': 5, 'n_estimators': 200, 'scale_pos_weight': 1, 'subsample': 0.8}",0.6156623782963587,1732,0.9665127020785219,0.9609304643325065,0.7811358902629263,0.8856731418974328,0.6156623782963587,0.953718815574726,0.9537040872473572,0.9537040872473572,0.9898534540011126,0.9886264962548675,8578.0,0.8602272727272727,0.8688535099703429,0.7022438992184727,0.839482836836534,0.38523965792624365,880.0,1.4248950481414795,1.3727121353149414,2026-04-29T23:03:54.081314+00:00
NR-AhR,avalon,XGBoost,smoteenn,roc_auc,"{'colsample_bytree': 0.8, 'learning_rate': 0.05, 'max_depth': 3, 'min_child_weight': 1, 'n_estimators': 100, 'scale_pos_weight': 1, 'subsample': 0.8}",0.6388727331548211,1732,0.9670900692840647,0.9631875971936823,0.8001275471468918,0.8860962952757714,0.6388727331548211,0.8937914406268836,0.8938196920903231,0.89377600266872,0.9536847386881907,0.9427681141240215,8295.0,0.825,0.844584401001929,0.6748529256518776,0.822199959675387,0.3648683060184453,880.0,0.6342358589172363,0.5897829532623291,2026-04-29T23:04:11.416623+00:00
NR-AhR,avalon,RandomForest,smoten,roc_auc,"{'max_depth': 15, 'max_features': 'sqrt', 'min_samples_leaf': 10, 'n_estimators': 100}",0.7134022137316376,1732,0.9624711316397228,0.9527559120978496,0.721683151917291,0.9067422438281932,0.7134022137316376,0.9429937048263,0.9429936420730488,0.9429936420730488,0.9862665210732546,0.9857420863411502,8578.0,0.8613636363636363,0.8641544325751989,0.6754966086735742,0.8437547255406018,0.3626051164024463,880.0,0.6896500587463379,1.0296828746795654,2026-04-21T16:58:53.559989+00:00
NR-AhR,avalon,RandomForest,smoten_enn,roc_auc,"{'max_depth': 15, 'max_features': 'sqrt', 'min_samples_leaf': 20, 'n_estimators': 200}",0.6762136723861976,1732,0.9630484988452656,0.9537101163144756,0.7281298133050789,0.888914037539281,0.6762136723861976,0.9414311485267588,0.9414427025543164,0.9413999038325188,0.9846473557224276,0.9819340540212076,8315.0,0.85,0.8546753246753246,0.6571428571428571,0.8287212057059327,0.3463320582740488,880.0,1.340824842453003,1.0558788776397705,2026-04-21T16:58:57.114804+00:00
NR-AhR,erg,RandomForest,none,roc_auc,"{'max_depth': 15, 'max_features': 'sqrt', 'min_samples_leaf': 10, 'n_estimators': 200}",0.8519918459835681,1732,0.97459584295612,0.9710517589990448,0.8405957161981259,0.9357167693387656,0.8519918459835681,0.8659376265694613,0.8807497961772469,0.7766642800144292,0.9416211823631672,0.735541195555174,4938.0,0.7863636363636364,0.8177368086458995,0.6494172494172494,0.8467601693633752,0.3951446642129403,880.0,0.7344591617584229,0.5677158832550049,2026-04-21T16:59:04.218585+00:00
NR-AhR,erg,RandomForest,random_over,roc_auc,"{'max_depth': 15, 'max_features': 'sqrt', 'min_samples_leaf': 10, 'n_estimators': 100}",0.8427838734320898,1732,0.9722863741339492,0.9679251822622312,0.8213512119649304,0.9311572096806996,0.8427838734320898,0.9041734670086268,0.9040668248810126,0.9040668248810126,0.9672714624391447,0.967168224130078,8578.0,0.7931818181818182,0.8240036693157101,0.6637300434194724,0.8504586924744191,0.4023091651801523,880.0,0.426347017288208,0.3256120681762695,2026-04-21T16:59:23.562593+00:00
NR-AhR,erg,RandomForest,random_under,roc_auc,"{'max_depth': 15, 'max_features': 'sqrt', 'min_samples_leaf': 5, 'n_estimators': 200}",0.8711501625474557,1732,0.9763279445727484,0.9731274175538392,0.8524441304505928,0.9401812014931736,0.8711501625474557,0.8813559322033898,0.8833516374700682,0.8714689519831482,0.9547947417028924,0.9194273408796512,1947.0,0.7545454545454545,0.7952774498229044,0.6333078686019862,0.8482471394727557,0.4138916651153715,880.0,0.4065361022949219,0.3153889179229736,2026-04-21T16:59:41.686828+00:00
NR-AhR,erg,RandomForest,smote,roc_auc,"{'max_depth': 15, 'max_features': 'sqrt', 'min_samples_leaf': 5, 'n_estimators': 200}",0.855819941263837,1732,0.96824480369515,0.9621702711737072,0.7849773036614351,0.9311932925269144,0.855819941263837,0.9383306131965492,0.9383037478305756,0.9383037478305756,0.985169270280521,0.9849019359486968,8578.0,0.8204545454545454,0.8415153573781291,0.6720259661835749,0.8535019406220072,0.4123891953264822,880.0,0.7532119750976562,1.0784640312194824,2026-04-21T16:59:42.288045+00:00
NR-AhR,erg,XGBoost,smoteenn,roc_auc,"{'colsample_bytree': 0.8, 'learning_rate': 0.05, 'max_depth': 7, 'min_child_weight': 5, 'n_estimators': 100, 'scale_pos_weight': 1, 'subsample': 0.8}",0.8605108932845319,1732,0.9676674364896074,0.9613159561536141,0.7794754265342501,0.9453016853969441,0.8605108932845319,0.9631024096385542,0.9631261020462283,0.9629359393004239,0.9947415054637327,0.9940534781520176,7968.0,0.8363636363636363,0.8493437596885872,0.6665403561955286,0.839741166389435,0.39780598078299845,880.0,1.3228540420532227,1.1808631420135498,2026-04-29T23:05:13.788039+00:00
NR-AhR,erg,KNeighbors,smoten,roc_auc,"{'n_neighbors': 5, 'weights': 'distance'}",0.2491163382012103,1732,0.909353348729792,0.9160421000708984,0.6205903979751725,0.799149756932827,0.2491163382012103,0.95476801119142,0.9547238167842148,0.9547238167842148,0.9890307265556654,0.9884648886112064,8578.0,0.8465909090909091,0.8537122441618746,0.6611513438429659,0.7728401129089169,0.3045754581432822,880.0,0.1544668674468994,0.0009288787841796,2026-04-23T19:59:12.356553+00:00
NR-AhR,erg,DecisionTree,smoten_enn,roc_auc,"{'ccp_alpha': 0.0, 'criterion': 'gini', 'max_depth': 10, 'min_samples_leaf': 50}",0.5494412532013854,1732,0.957852193995381,0.9446971649899912,0.6660988794785865,0.7968043719288577,0.5494412532013854,0.897086340550655,0.897180669599129,0.8950268229923024,0.9633391985864392,0.941367952632454,7482.0,0.8011363636363636,0.8195235383775963,0.6088501464272016,0.7395282020263119,0.2737284114365546,880.0,0.1073670387268066,0.1142072677612304,2026-04-22T08:11:59.276173+00:00
NR-AhR,estate,XGBoost,none,roc_auc,"{'colsample_bytree': 0.8, 'learning_rate': 0.05, 'max_depth': 5, 'min_child_weight': 1, 'n_estimators': 100, 'scale_pos_weight': 8, 'subsample': 0.8}",0.8417458124285545,1732,0.9763279445727483,0.9738930429038257,0.8598215889597558,0.9579569236421368,0.8417458124285545,0.8003240178209802,0.829013279147927,0.7078660503427222,0.9324900729676842,0.7213669186302348,4938.0,0.7318181818181818,0.7785286633093897,0.622210418319011,0.8483542517263974,0.41676748549521747,880.0,0.0949549674987793,0.08217120170593262,2026-04-29T23:05:43.359107+00:00
NR-AhR,estate,RandomForest,random_over,roc_auc,"{'max_depth': 15, 'max_features': 'sqrt', 'min_samples_leaf': 5, 'n_estimators': 200}",0.8113647683798947,1732,0.9763279445727484,0.9733269373798796,0.8543639342984707,0.9509863738051658,0.8113647683798947,0.906971321986477,0.906895990601414,0.906895990601414,0.969623284928978,0.9674971103098904,8578.0,0.8090909090909091,0.8357641259637963,0.6775966294193077,0.8641312566157568,0.4736142145351297,880.0,0.4963538646697998,0.3656280040740967,2026-04-21T17:00:12.734439+00:00
NR-AhR,estate,XGBoost,random_under,roc_auc,"{'colsample_bytree': 0.8, 'learning_rate': 0.1, 'max_depth': 7, 'min_child_weight': 10, 'n_estimators': 100, 'scale_pos_weight': 1, 'subsample': 0.8}",0.8535186053772019,1732,0.9745958429561201,0.9710517589990447,0.8405957161981259,0.9527117899059878,0.8535186053772019,0.8556753980482794,0.8532763449909024,0.8325165392010674,0.9196381300139364,0.8520514698321939,1947.0,0.8045454545454546,0.8308176762058853,0.6632703003337042,0.8515802207772568,0.42871708787083423,880.0,0.05055809020996094,0.040144920349121094,2026-04-29T23:05:51.733219+00:00
NR-AhR,estate,XGBoost,smote,roc_auc,"{'colsample_bytree': 0.8, 'learning_rate': 0.1, 'max_depth': 7, 'min_child_weight': 1, 'n_estimators': 100, 'scale_pos_weight': 1, 'subsample': 0.8}",0.786036771670706,1732,0.9659353348729792,0.9587005278176208,0.76247225224597,0.9582226246006285,0.786036771670706,0.9656096992305899,0.9656019199123154,0.9656019199123154,0.9950639343131406,0.995596831425636,8578.0,0.875,0.8739102564102563,0.6897435897435897,0.8499672362518271,0.4408690216658643,880.0,0.2510547637939453,0.26091909408569336,2026-04-29T23:05:54.614987+00:00
NR-AhR,estate,XGBoost,smoteenn,roc_auc,"{'colsample_bytree': 0.8, 'learning_rate': 0.1, 'max_depth': 7, 'min_child_weight': 1, 'n_estimators': 100, 'scale_pos_weight': 1, 'subsample': 0.8}",0.7974176033768002,1732,0.9636258660508084,0.955082835853414,0.7385660377358491,0.9563988007374021,0.7974176033768002,0.9703605129445924,0.9703474907826395,0.9702947256588829,0.996364383149015,0.9964721214189164,8266.0,0.8738636363636364,0.8719050900481574,0.6827654744390425,0.8586370280760118,0.4425267511331463,880.0,0.2518270015716553,0.2363898754119873,2026-04-29T23:05:57.079225+00:00
NR-AhR,estate,XGBoost,smoten,roc_auc,"{'colsample_bytree': 0.8, 'learning_rate': 0.05, 'max_depth': 7, 'min_child_weight': 10, 'n_estimators': 100, 'scale_pos_weight': 1, 'subsample': 0.8}",0.6813547236936413,1732,0.964203233256351,0.9582360135968173,0.766041813729335,0.9272766635832235,0.6813547236936413,0.9051060853345768,0.9050447571862809,0.9050447571862809,0.967202124908558,0.9670860728310431,8578.0,0.8295454545454546,0.845497083130773,0.6657754010695187,0.8366601139170321,0.3930316083010626,880.0,0.15595102310180664,0.1395108699798584,2026-04-29T23:05:57.352974+00:00
NR-AhR,estate,XGBoost,smoten_enn,roc_auc,"{'colsample_bytree': 0.8, 'learning_rate': 0.05, 'max_depth': 7, 'min_child_weight': 10, 'n_estimators': 100, 'scale_pos_weight': 1, 'subsample': 0.8}",0.5719842943603196,1732,0.9584295612009238,0.9493726323790852,0.7079586330935252,0.896543919384361,0.5719842943603196,0.9342740438173042,0.9343365985533426,0.9342179110503646,0.9799429847846641,0.9747003805173664,8079.0,0.85,0.8581409416271801,0.6746983902947206,0.8083572760723827,0.347211978986712,880.0,0.14363598823547363,0.11919498443603516,2026-04-29T23:05:57.605981+00:00
NR-AhR,fcfp,XGBoost,none,roc_auc,"{'colsample_bytree': 0.8, 'learning_rate': 0.05, 'max_depth': 7, 'min_child_weight': 5, 'n_estimators': 100, 'scale_pos_weight': 1, 'subsample': 0.8}",0.8543132110551663,1732,0.9555427251732102,0.9403500917153319,0.6353135809896224,0.9510651000150893,0.8543132110551663,0.9046172539489672,0.8888154793059367,0.7249452237485843,0.9112431881320366,0.6835708040589911,4938.0,0.884090909090909,0.8661385060344212,0.6327572663000786,0.851800746005343,0.43242484447192114,880.0,1.6730451583862305,1.6271798610687256,2026-04-29T23:06:03.250853+00:00
NR-AhR,fcfp,RandomForest,random_over,roc_auc,"{'max_depth': 15, 'max_features': 'sqrt', 'min_samples_leaf': 20, 'n_estimators': 100}",0.8588387449453982,1732,0.9751732101616628,0.9718165598735388,0.8452462831554997,0.950379525937006,0.8588387449453982,0.8049661925856844,0.8049220746213681,0.8049220746213681,0.8916466405055883,0.8909305538897827,8578.0,0.7806818181818181,0.815720024807694,0.6609106935717979,0.8599160743989113,0.4389958259698185,880.0,1.831839084625244,1.6610639095306396,2026-04-21T17:00:45.863827+00:00
NR-AhR,fcfp,BernoulliNB,random_under,roc_auc,{'alpha': 50.0},0.8369594183346087,1732,0.9463048498845266,0.920197952513046,0.4862058736280035,0.953587618991386,0.8369594183346087,0.6666666666666666,0.5333333333333333,0.4,0.7722951749877137,0.5685867445348668,1947.0,0.884090909090909,0.8297017216800089,0.4692400482509047,0.7860464237108724,0.2808112879690219,880.0,0.089879035949707,0.066349983215332,2026-04-21T14:07:26.846899+00:00
NR-AhR,fcfp,XGBoost,smote,roc_auc,"{'colsample_bytree': 0.8, 'learning_rate': 0.05, 'max_depth': 3, 'min_child_weight': 5, 'n_estimators': 100, 'scale_pos_weight': 1, 'subsample': 0.8}",0.6153800226844429,1732,0.9503464203233256,0.9495642202049923,0.7480173230477738,0.8735329042754892,0.6153800226844429,0.8388901841921194,0.8387841414283012,0.838784141428301,0.9180785366176907,0.9096945069685328,8578.0,0.7579545454545454,0.7955805879051534,0.6177120235931888,0.8106570391652804,0.36648108363279064,880.0,2.146059989929199,2.1671199798583984,2026-04-29T23:06:05.942778+00:00
NR-AhR,fcfp,LogisticRegression,smoteenn,roc_auc,"{'C': 0.01, 'l1_ratio': 1.0}",0.6766056036265573,1732,0.9757505773672056,0.97257490756318,0.8498352696375933,0.8680450313920762,0.6766056036265573,0.7703389830508475,0.7700020673297785,0.7702109156714938,0.8613789152986572,0.8409040254959544,8260.0,0.7193181818181819,0.7682599047344056,0.6052815565010686,0.8026173194213418,0.3781414282368169,880.0,0.1419179439544677,0.1194980144500732,2026-04-21T08:34:34.832223+00:00
NR-AhR,fcfp,DecisionTree,smoten,roc_auc,"{'ccp_alpha': 0.0, 'criterion': 'entropy', 'max_depth': 10, 'min_samples_leaf': 50}",0.5034506555061705,1732,0.9647806004618936,0.9614236350299452,0.7940085202624318,0.8943658275764792,0.5034506555061705,0.862205642340872,0.8621449413705162,0.8621449413705162,0.91734871222185,0.8819878848486975,8578.0,0.7806818181818181,0.8103125178408276,0.6231129573783005,0.7750831695145926,0.2642209939205694,880.0,1.712559938430786,1.788164138793945,2026-04-22T08:12:25.892601+00:00
NR-AhR,fcfp,XGBoost,smoten_enn,roc_auc,"{'colsample_bytree': 0.8, 'learning_rate': 0.05, 'max_depth': 3, 'min_child_weight': 1, 'n_estimators': 100, 'scale_pos_weight': 1, 'subsample': 0.8}",0.645122764105384,1732,0.9670900692840647,0.9620613174094077,0.7892957530045268,0.8477467902668163,0.645122764105384,0.8998431277905152,0.8998176888624673,0.8998393342661573,0.9644910471090056,0.956295031340352,8287.0,0.8068181818181818,0.82879160897883,0.6431161494713539,0.8149415293109531,0.38994700548760375,880.0,2.2003748416900635,2.0746407508850098,2026-04-29T23:08:08.143587+00:00
NR-AhR,klekota_roth,XGBoost,none,roc_auc,"{'colsample_bytree': 0.8, 'learning_rate': 0.1, 'max_depth': 7, 'min_child_weight': 1, 'n_estimators': 100, 'scale_pos_weight': 1, 'subsample': 0.8}",0.5686512667863249,1732,0.9543879907621247,0.9425802623958477,0.6617379846379384,0.8875527301593549,0.5686512667863249,0.9370190360469826,0.9311564328356212,0.8371481698869212,0.9711461325977768,0.874070728356678,4938.0,0.8806818181818182,0.8636432153917833,0.6285800422068134,0.8468483794546097,0.43631863447290653,880.0,4.749241828918457,4.699851036071777,2026-04-29T23:08:14.047367+00:00
NR-AhR,klekota_roth,XGBoost,random_over,roc_auc,"{'colsample_bytree': 0.8, 'learning_rate': 0.1, 'max_depth': 5, 'min_child_weight': 10, 'n_estimators': 100, 'scale_pos_weight': 1, 'subsample': 0.8}",0.5744461063026941,1732,0.9376443418013857,0.9431846079128509,0.7485198031781883,0.8754485753836263,0.5744461063026941,0.8731639076707858,0.8731128921518644,0.8731128921518643,0.9436657977776222,0.9398694136395138,8578.0,0.7829545454545455,0.8149483979304972,0.6446504115230688,0.8231324663541509,0.40014195638205485,880.0,6.695779085159302,6.5260169506073,2026-04-29T23:08:17.100081+00:00
NR-AhR,klekota_roth,XGBoost,random_under,roc_auc,"{'colsample_bytree': 0.8, 'learning_rate': 0.1, 'max_depth': 5, 'min_child_weight': 5, 'n_estimators': 100, 'scale_pos_weight': 1, 'subsample': 0.8}",0.531510120184479,1732,0.9509237875288684,0.9500164849842501,0.7496322372728587,0.8796735486495175,0.531510120184479,0.8613251155624037,0.8587725030462638,0.8385695088636453,0.9317071896790369,0.879303362622755,1947.0,0.825,0.8428763440860215,0.6651644528779254,0.815760623015273,0.3918894854777264,880.0,1.8409991264343262,1.7064080238342285,2026-04-29T23:09:13.038092+00:00
NR-AhR,klekota_roth,LogisticRegression,smote,roc_auc,"{'C': 0.01, 'l1_ratio': 0.0}",0.2583175065898068,1732,0.7534642032332564,0.8195023014154306,0.5351153939233935,0.7215355547245567,0.2583175065898068,0.8494987176498018,0.849298069385472,0.8492980693854719,0.9266865015674196,0.9217554451084178,8578.0,0.7147727272727272,0.7628863163624849,0.581183600023512,0.7442663440697617,0.3299145690043466,880.0,0.3665950298309326,0.26686692237854,2026-04-21T08:34:55.016154+00:00
NR-AhR,klekota_roth,LogisticRegression,smoteenn,roc_auc,"{'C': 0.001, 'l1_ratio': 0.0}",0.2147487346741806,1732,0.7915704387990762,0.844804473982437,0.5580455248762496,0.7172449762837294,0.2147487346741806,0.7920186069286327,0.7920646096433507,0.7920136201844898,0.8727541445029602,0.8546585692828477,8169.0,0.7295454545454545,0.7756791383798682,0.6080104810031818,0.7791975401985988,0.3311352143293105,880.0,0.4143209457397461,0.2474520206451416,2026-04-21T08:34:45.468448+00:00
NR-AhR,klekota_roth,DecisionTree,smoten,roc_auc,"{'ccp_alpha': 0.0, 'criterion': 'gini', 'max_depth': 15, 'min_samples_leaf': 10}",0.1319322954229253,1732,0.7771362586605081,0.8333470023367443,0.5161871128350605,0.714400991950245,0.1319322954229253,0.9014921893215202,0.9014511731167698,0.9014511731167698,0.950910088385102,0.9256761264888664,8578.0,0.7693181818181818,0.7984650367339414,0.5910621533333791,0.710519683451787,0.2238542590072255,880.0,1.9251630306243896,1.5407562255859375,2026-04-22T08:15:35.548794+00:00
NR-AhR,klekota_roth,LogisticRegression,smoten_enn,roc_auc,"{'C': 0.001, 'l1_ratio': 0.0}",0.1796950413088339,1732,0.766743648960739,0.8279649598953934,0.5340266160911212,0.6768912331804733,0.1796950413088339,0.8331917991022686,0.8332072655260161,0.8331908171071101,0.9150663087148276,0.9067644473860302,8243.0,0.7431818181818182,0.7834504927696417,0.5970010131712259,0.7633197237764,0.3181852712179177,880.0,0.3721089363098144,0.2692148685455322,2026-04-21T08:34:55.376121+00:00
NR-AhR,maccs,XGBoost,none,roc_auc,"{'colsample_bytree': 0.8, 'learning_rate': 0.1, 'max_depth': 3, 'min_child_weight': 1, 'n_estimators': 100, 'scale_pos_weight': 1, 'subsample': 0.8}",0.8870543614153149,1732,0.953810623556582,0.9369308712114085,0.6107296571409307,0.9631298916858562,0.8870543614153149,0.903199675982179,0.885494088194599,0.7140889298254709,0.9156977339458342,0.6790092696802335,4938.0,0.8943181818181818,0.8783815127001188,0.6671425259587345,0.8681385150461213,0.4934034185508823,880.0,0.12708592414855957,0.13991308212280273,2026-04-29T23:16:22.889661+00:00
NR-AhR,maccs,XGBoost,random_over,roc_auc,"{'colsample_bytree': 0.8, 'learning_rate': 0.05, 'max_depth': 3, 'min_child_weight': 10, 'n_estimators': 200, 'scale_pos_weight': 1, 'subsample': 0.8}",0.8914422902937786,1732,0.9803695150115473,0.9782747605827167,0.8830250444952962,0.9688637839752801,0.8914422902937786,0.8540452319888086,0.8538895547058567,0.8538895547058567,0.9195948296327134,0.9105792744791048,8578.0,0.7840909090909091,0.8188419913419913,0.6682539682539683,0.8698523111043905,0.4740231478151116,880.0,0.4247908592224121,0.4434080123901367,2026-04-29T23:16:52.889176+00:00
NR-AhR,maccs,XGBoost,random_under,roc_auc,"{'colsample_bytree': 0.8, 'learning_rate': 0.05, 'max_depth': 3, 'min_child_weight': 1, 'n_estimators': 100, 'scale_pos_weight': 1, 'subsample': 0.8}",0.8597064431143305,1732,0.9740184757505773,0.9700484084811113,0.8336545418456791,0.9620572470756492,0.8597064431143305,0.8253723677452491,0.821417965850037,0.7952301410541944,0.8938048580131576,0.8029419949313907,1947.0,0.8443181818181819,0.858357992754487,0.6918507612993592,0.860709965220021,0.47368892764737786,880.0,0.06915092468261719,0.06636500358581543,2026-04-29T23:17:10.263166+00:00
NR-AhR,maccs,XGBoost,smote,roc_auc,"{'colsample_bytree': 0.8, 'learning_rate': 0.1, 'max_depth': 3, 'min_child_weight': 10, 'n_estimators': 200, 'scale_pos_weight': 1, 'subsample': 0.8}",0.7436684009907433,1732,0.9717090069284064,0.9681224373564414,0.8259471409908552,0.920519330564795,0.7436684009907433,0.892748892515738,0.8926973513713864,0.8926973513713864,0.9565621163977905,0.9524614021309313,8578.0,0.8352272727272727,0.8538190034974655,0.6947302693120188,0.8501373557134936,0.45376330673828014,880.0,0.3937859535217285,0.38834691047668457,2026-04-29T23:17:15.244570+00:00
NR-AhR,maccs,XGBoost,smoteenn,roc_auc,"{'colsample_bytree': 0.8, 'learning_rate': 0.1, 'max_depth': 3, 'min_child_weight': 10, 'n_estimators': 100, 'scale_pos_weight': 1, 'subsample': 0.8}",0.7499954368629964,1732,0.9740184757505773,0.9705057021932384,0.8380484358604067,0.9245934119283329,0.7499954368629964,0.881783657968884,0.8818445462874539,0.881760597276801,0.9489669217805498,0.9373495049537238,8163.0,0.8329545454545455,0.8526937911930114,0.695708730967094,0.8563624678663239,0.44247991088603655,880.0,0.20431900024414062,0.20547080039978027,2026-04-29T23:17:15.644579+00:00
NR-AhR,maccs,XGBoost,smoten,roc_auc,"{'colsample_bytree': 0.8, 'learning_rate': 0.1, 'max_depth': 5, 'min_child_weight': 5, 'n_estimators': 100, 'scale_pos_weight': 1, 'subsample': 0.8}",0.794515105191407,1732,0.9711316397228638,0.9660418155259528,0.8086644513574661,0.9489394923471564,0.794515105191407,0.9348332944742365,0.9348156824504019,0.9348156824504019,0.9815978574349703,0.9809192494787512,8578.0,0.85,0.859899389148401,0.683794466403162,0.8518637532133676,0.4353374351045221,880.0,0.2889409065246582,0.27091407775878906,2026-04-29T23:17:31.058514+00:00
NR-AhR,maccs,RandomForest,smoten_enn,roc_auc,"{'max_depth': 15, 'max_features': 'sqrt', 'min_samples_leaf': 20, 'n_estimators': 100}",0.7700947569477842,1732,0.972863741339492,0.9684677467007275,0.8238675826256288,0.9353001764779206,0.7700947569477842,0.9278312812385712,0.927868886124686,0.9277976647494688,0.9767301124324528,0.9710054703765651,8203.0,0.8670454545454546,0.8744634556235532,0.7127031740495291,0.8580384595997783,0.4103001939145463,880.0,0.3498828411102295,0.3734610080718994,2026-04-21T17:04:52.296622+00:00
NR-AhR,map4,XGBoost,none,roc_auc,"{'colsample_bytree': 0.8, 'learning_rate': 0.05, 'max_depth': 7, 'min_child_weight': 10, 'n_estimators': 100, 'scale_pos_weight': 1, 'subsample': 0.8}",0.762066144423774,1732,0.9532332563510393,0.9357585293340257,0.6022285544167056,0.910507980869531,0.762066144423774,0.9228432563791008,0.9098532309854227,0.776659731174186,0.9715759776775147,0.8830552024120586,4938.0,0.8852272727272728,0.8487691547456371,0.5518331576903877,0.8025354100509099,0.3999522711624215,880.0,1.152177095413208,1.0884370803833008,2026-04-29T23:17:49.022985+00:00
NR-AhR,map4,XGBoost,random_over,roc_auc,"{'colsample_bytree': 0.8, 'learning_rate': 0.05, 'max_depth': 7, 'min_child_weight': 10, 'n_estimators': 100, 'scale_pos_weight': 1, 'subsample': 0.8}",0.7202297590426463,1732,0.9624711316397229,0.9527559120978495,0.721683151917291,0.9104850190583031,0.7202297590426463,0.9726043366752156,0.972602459710157,0.9726024597101571,0.9956416564662669,0.9946700963551259,8578.0,0.8522727272727273,0.8535028116213683,0.6456185567010309,0.8105373254700338,0.33215924616315096,880.0,1.980381965637207,1.9034748077392578,2026-04-29T23:17:49.746194+00:00
NR-AhR,map4,XGBoost,random_under,roc_auc,"{'colsample_bytree': 0.8, 'learning_rate': 0.05, 'max_depth': 3, 'min_child_weight': 10, 'n_estimators': 100, 'scale_pos_weight': 1, 'subsample': 0.8}",0.7272165102246392,1732,0.9618937644341802,0.951790598030874,0.7151315789473685,0.9089793802935175,0.7272165102246392,0.8346173600410889,0.8250974578597704,0.7951051446768791,0.9213688951355766,0.8551770126136096,1947.0,0.8670454545454546,0.8667606760391293,0.674250405763262,0.7958314431170926,0.3987885275900531,880.0,0.3367941379547119,0.28990697860717773,2026-04-29T23:18:31.498122+00:00
NR-AhR,map4,DecisionTree,smote,roc_auc,"{'ccp_alpha': 0.0, 'criterion': 'entropy', 'max_depth': 10, 'min_samples_leaf': 50}",0.1508073791222058,1732,0.8914549653579676,0.9024380057952632,0.575903765101825,0.6630288597164544,0.1508073791222058,0.8391233387736069,0.8390427005317272,0.8390427005317274,0.9187057273343876,0.9064153180295428,8578.0,0.7806818181818181,0.8014497151740795,0.571300561620496,0.6423269822067644,0.1933162740248888,880.0,0.6165270805358887,0.8354430198669434,2026-04-22T08:16:57.787909+00:00
NR-AhR,map4,DecisionTree,smoteenn,roc_auc,"{'ccp_alpha': 0.001, 'criterion': 'gini', 'max_depth': 10, 'min_samples_leaf': 20}",0.1053697964334048,1732,0.6120092378752887,0.7179038290905939,0.419157409348145,0.6397783857190655,0.1053697964334048,0.8666587225929456,0.8666740106761519,0.8666327993214222,0.9293176799079113,0.9058453054170535,8392.0,0.7,0.7430207366140514,0.500670587021562,0.6352260698623923,0.1897808687896077,880.0,0.8295249938964844,0.9922540187835692,2026-04-22T08:17:22.648557+00:00
NR-AhR,map4,KNeighbors,smoten,roc_auc,"{'n_neighbors': 15, 'weights': 'distance'}",0.0896253487476452,1732,0.819284064665127,0.8598151198073264,0.5384766005773768,0.6656366654201683,0.0896253487476452,0.996968990440662,0.9969689889577412,0.9969689889577414,0.9971650979605308,0.9958630654241274,8578.0,0.7897727272727273,0.8082425569101117,0.5812315599124394,0.6842141741015172,0.2248258101416845,880.0,33.28211998939514,29.52753710746765,2026-04-23T20:25:47.083053+00:00
NR-AhR,map4,KNeighbors,smoten_enn,roc_auc,"{'n_neighbors': 15, 'weights': 'distance'}",0.0994483751739525,1732,0.8458429561200924,0.8760411606719526,0.5540658211052214,0.6787019360087123,0.0994483751739525,0.9967598703948158,0.9967599695836104,0.9967572694442012,0.9967304163412074,0.994630513455371,8333.0,0.7965909090909091,0.8124674505184275,0.5841154929651837,0.6789845758354757,0.2222411364465832,880.0,32.9773588180542,28.928489208221436,2026-04-23T20:25:57.586183+00:00
NR-AhR,mhfp,LogisticRegression,none,roc_auc,"{'C': 0.001, 'l1_ratio': 0.0}",0.7657479487490028,1732,0.9757505773672056,0.9729723574561556,0.8536632468316234,0.9338503021118306,0.7657479487490028,0.8564196030781693,0.8728496251078186,0.7639146885177939,0.9396104486303696,0.7119160660713894,4938.0,0.7886363636363637,0.8196757787666878,0.6531468531468532,0.8244997227682846,0.3454127172955896,880.0,0.749492883682251,0.6783671379089355,2026-04-21T08:35:29.586733+00:00
NR-AhR,mhfp,RandomForest,random_over,roc_auc,"{'max_depth': 5, 'max_features': 'sqrt', 'min_samples_leaf': 10, 'n_estimators': 200}",0.7546736981606257,1732,0.9699769053117784,0.9643859432836028,0.7981623414459236,0.930268259560314,0.7546736981606257,0.8791093494987177,0.8788392648735102,0.8788392648735102,0.9423257704959812,0.9280622597839846,8578.0,0.7875,0.8170542661078939,0.6402517538164225,0.8119990926962044,0.3220534684259564,880.0,2.5501229763031006,1.8734180927276611,2026-04-21T17:07:01.692559+00:00
NR-AhR,mhfp,LogisticRegression,random_under,roc_auc,"{'C': 0.001, 'l1_ratio': 0.0}",0.750589710363422,1732,0.9717090069284064,0.969422502267575,0.8384989390955194,0.92864781173939,0.750589710363422,0.8541345659989728,0.8563565758010521,0.8413348637015782,0.9243199802469604,0.8480503073043033,1947.0,0.7625,0.8009988937333248,0.637318062514913,0.8272972428045767,0.3516603326774317,880.0,0.2216749191284179,0.1986229419708252,2026-04-21T08:35:43.784236+00:00
NR-AhR,mhfp,LogisticRegression,smote,roc_auc,"{'C': 0.001, 'l1_ratio': 0.0}",0.7042427395202051,1732,0.9486143187066974,0.9325759956727292,0.5929150722410164,0.9390790345542456,0.7042427395202051,0.94392632315225,0.9438365244352592,0.9438365244352592,0.9849893895367248,0.9879083192237536,8578.0,0.8670454545454546,0.8447764170140534,0.5710697011735593,0.8185518423307626,0.3158836579075758,880.0,1.1246318817138672,1.016334056854248,2026-04-21T08:35:49.432633+00:00
NR-AhR,mhfp,LogisticRegression,smoteenn,roc_auc,"{'C': 0.001, 'l1_ratio': 0.0}",0.704490234024365,1732,0.9486143187066974,0.9325759956727292,0.5929150722410164,0.9396366785412033,0.704490234024365,0.9460473844710298,0.9459609142481136,0.9459466849709248,0.98583240615363,0.9885183087092528,8526.0,0.8681818181818182,0.8443672350124456,0.5668041622107926,0.8184762336811332,0.3149139545424481,880.0,0.9356129169464112,0.9641799926757812,2026-04-21T08:35:49.783682+00:00
NR-AhR,mhfp,LogisticRegression,smoten,roc_auc,"{'C': 0.001, 'l1_ratio': 0.0}",0.6938305225733823,1732,0.9520785219399538,0.9333620647942688,0.5847398630204256,0.9307799799248164,0.6938305225733823,0.9462578689671252,0.9462088303254236,0.9462088303254236,0.982945250640088,0.9866972865675052,8578.0,0.8681818181818182,0.8431668166816683,0.5613311331133114,0.807512979484853,0.2994727880438005,880.0,1.2846300601959229,1.2707860469818115,2026-04-21T08:35:53.831949+00:00
NR-AhR,mhfp,LogisticRegression,smoten_enn,roc_auc,"{'C': 0.001, 'l1_ratio': 0.0}",0.6955940075818339,1732,0.9486143187066974,0.9325759956727292,0.5929150722410164,0.9309833559671188,0.6955940075818339,0.9497888315344908,0.9497422066416448,0.949731447050988,0.985460816129122,0.9884144729366868,8524.0,0.8693181818181818,0.8439104185857432,0.5623424194852766,0.8085715005796663,0.3005168334310909,880.0,1.26251482963562,1.1956140995025637,2026-04-21T08:36:04.262107+00:00
NR-AhR,morgan_2048,RandomForest,none,roc_auc,"{'max_depth': 15, 'max_features': 'sqrt', 'min_samples_leaf': 20, 'n_estimators': 100}",0.8569644654124825,1732,0.9774826789838336,0.9746280623857392,0.8614681326253746,0.9579634841596304,0.8569644654124825,0.792831105710814,0.8215313019447236,0.6894596024612463,0.8857547939491897,0.593757215238897,4938.0,0.7613636363636364,0.7997727272727272,0.6333333333333333,0.8389661777307323,0.4314501039007148,880.0,0.3651590347290039,0.34356689453125,2026-04-21T17:08:23.200965+00:00
NR-AhR,morgan_2048,XGBoost,random_over,roc_auc,"{'colsample_bytree': 0.8, 'learning_rate': 0.05, 'max_depth': 5, 'min_child_weight': 1, 'n_estimators': 100, 'scale_pos_weight': 1, 'subsample': 0.8}",0.8812161242212356,1732,0.9780600461893765,0.9753691419336609,0.8658918266879666,0.9568875592906767,0.8812161242212356,0.8887852646304499,0.8887627638404071,0.8887627638404072,0.9540322886206919,0.9480419698886454,8578.0,0.7988636363636363,0.826837460433675,0.6594896279438867,0.8528214627753415,0.45011560877336837,880.0,2.652137041091919,2.502275228500366,2026-04-29T23:26:30.440373+00:00
NR-AhR,morgan_2048,RandomForest,random_under,roc_auc,"{'max_depth': 15, 'max_features': 'sqrt', 'min_samples_leaf': 10, 'n_estimators': 100}",0.8658059245272721,1732,0.9774826789838336,0.9748125665009404,0.8632451638373471,0.9557329082117996,0.8658059245272721,0.7940421160760144,0.7987009452992871,0.7805956748447724,0.8883448757244166,0.8008963144661572,1947.0,0.7477272727272727,0.7902094793480746,0.6288725598218832,0.8422677554312212,0.421750106730138,880.0,0.347606897354126,0.392280101776123,2026-04-21T17:08:40.986120+00:00
NR-AhR,morgan_2048,XGBoost,smote,roc_auc,"{'colsample_bytree': 0.8, 'learning_rate': 0.1, 'max_depth': 3, 'min_child_weight': 10, 'n_estimators': 200, 'scale_pos_weight': 1, 'subsample': 0.8}",0.589351705951492,1732,0.9653579676674365,0.957810526982571,0.7566321942446044,0.8468217573002158,0.589351705951492,0.8933317789694567,0.8932810620783698,0.8932810620783698,0.9579822446996744,0.9570872549888082,8578.0,0.821590909090909,0.8359671991837827,0.6376330746372003,0.7717122838852766,0.32236154494198627,880.0,3.538821220397949,3.4859628677368164,2026-04-29T23:27:01.844758+00:00
NR-AhR,morgan_2048,XGBoost,smoteenn,roc_auc,"{'colsample_bytree': 0.8, 'learning_rate': 0.1, 'max_depth': 3, 'min_child_weight': 10, 'n_estimators': 100, 'scale_pos_weight': 1, 'subsample': 0.8}",0.48435620360362897,1732,0.9607390300230947,0.9503297070621125,0.7064992025518342,0.7995663497936717,0.48435620360362897,0.8846107998569556,0.8845805301943275,0.8846025339106225,0.9505353172323983,0.9438032327336776,8389.0,0.821590909090909,0.8359671991837827,0.6376330746372003,0.76019456625838,0.29458538826229425,880.0,2.1560258865356445,2.094283103942871,2026-04-29T23:27:19.913100+00:00
NR-AhR,morgan_2048,XGBoost,smoten,roc_auc,"{'colsample_bytree': 0.8, 'learning_rate': 0.1, 'max_depth': 7, 'min_child_weight': 1, 'n_estimators': 100, 'scale_pos_weight': 1, 'subsample': 0.8}",0.7036041428841506,1732,0.9613163972286374,0.9513022478547064,0.7131195565916693,0.9019169832116358,0.7036041428841506,0.9552343203543949,0.955234281418205,0.9552342814182051,0.9921185977825798,0.9923143197798583,8578.0,0.8647727272727272,0.8613937333865185,0.6537392000158714,0.8086975149957155,0.37819518744827946,880.0,2.6589159965515137,2.588823080062866,2026-04-29T23:28:40.573058+00:00
NR-AhR,morgan_2048,LogisticRegression,smoten_enn,roc_auc,"{'C': 0.01, 'l1_ratio': 1.0}",0.5380871967989113,1732,0.9676674364896074,0.961315956153614,0.7794754265342501,0.7975030670419283,0.5380871967989113,0.817876424715057,0.817855745830038,0.8178742199809925,0.9034232924308204,0.8890203166983217,8335.0,0.7840909090909091,0.8112026952472604,0.6162285735271165,0.7707482736025002,0.2786140951347338,880.0,0.175832986831665,0.1504130363464355,2026-04-21T08:36:23.676390+00:00
NR-AhR,morgan_4096,XGBoost,none,roc_auc,"{'colsample_bytree': 0.8, 'learning_rate': 0.05, 'max_depth': 5, 'min_child_weight': 1, 'n_estimators': 100, 'scale_pos_weight': 4, 'subsample': 0.8}",0.8927463970592278,1732,0.9717090069284064,0.9668580033862522,0.8138038916276692,0.964376390009644,0.8927463970592278,0.9189955447549615,0.921102128384072,0.8319397515240458,0.9540416035430874,0.779151215316941,4938.0,0.8568181818181818,0.8658612440191388,0.6960526315789474,0.8521283834870708,0.45430442035273494,880.0,4.439505100250244,4.088825702667236,2026-04-29T23:29:14.464041+00:00
NR-AhR,morgan_4096,XGBoost,random_over,roc_auc,"{'colsample_bytree': 0.8, 'learning_rate': 0.05, 'max_depth': 7, 'min_child_weight': 10, 'n_estimators': 200, 'scale_pos_weight': 1, 'subsample': 0.8}",0.8938327561075817,1732,0.9745958429561201,0.9708282270900843,0.8384479059789198,0.9581504589081986,0.8938327561075817,0.908953135929121,0.9089292227916997,0.9089292227916996,0.9681032953619524,0.9633704037825714,8578.0,0.8170454545454545,0.8404430762186154,0.6773833622901956,0.8415998790261605,0.42574717378896415,880.0,11.509549856185913,11.42925500869751,2026-04-29T23:29:34.550024+00:00
NR-AhR,morgan_4096,RandomForest,random_under,roc_auc,"{'max_depth': 15, 'max_features': 'sqrt', 'min_samples_leaf': 10, 'n_estimators': 200}",0.8704105396963625,1732,0.9780600461893764,0.9753691419336608,0.8658918266879666,0.956172462883872,0.8704105396963625,0.7976373908577299,0.8020952290854377,0.7840131227742977,0.889280889646511,0.8027810292427151,1947.0,0.7477272727272727,0.7900613688371126,0.6274599542334096,0.8415746761429508,0.4320401131540582,880.0,0.8203310966491699,0.6705789566040039,2026-04-21T17:10:45.898559+00:00
NR-AhR,morgan_4096,XGBoost,smote,roc_auc,"{'colsample_bytree': 0.8, 'learning_rate': 0.05, 'max_depth': 7, 'min_child_weight': 10, 'n_estimators': 100, 'scale_pos_weight': 1, 'subsample': 0.8}",0.4878928850303293,1732,0.9590069284064665,0.9467870793394152,0.6807041686681294,0.8590013580271212,0.4878928850303293,0.904056889717883,0.9040551046561589,0.9040551046561589,0.9651214825608907,0.9649456656595367,8578.0,0.8318181818181818,0.8358363427016275,0.609479946267511,0.7600181460759111,0.27169017605346296,880.0,7.532220840454102,7.839976072311401,2026-04-29T23:31:23.312531+00:00
NR-AhR,morgan_4096,XGBoost,smoteenn,roc_auc,"{'colsample_bytree': 0.8, 'learning_rate': 0.05, 'max_depth': 7, 'min_child_weight': 10, 'n_estimators': 100, 'scale_pos_weight': 1, 'subsample': 0.8}",0.4575609593792113,1732,0.9590069284064665,0.9467870793394152,0.6807041686681294,0.8429018480977779,0.4575609593792113,0.9109215825633736,0.910926957402719,0.9109184576567775,0.9705463671366682,0.968524239535917,8442.0,0.8306818181818182,0.8324342375192422,0.5955071430995283,0.7567165683754221,0.2731491742712138,880.0,7.338711977005005,7.6013360023498535,2026-04-29T23:31:28.478119+00:00
NR-AhR,morgan_4096,XGBoost,smoten,roc_auc,"{'colsample_bytree': 0.8, 'learning_rate': 0.1, 'max_depth': 7, 'min_child_weight': 1, 'n_estimators': 100, 'scale_pos_weight': 1, 'subsample': 0.8}",0.673986426169277,1732,0.9624711316397229,0.9527559120978495,0.721683151917291,0.9048921778949923,0.673986426169277,0.9538353928654698,0.9538349009870715,0.9538349009870715,0.9924507982133259,0.9925472805288984,8578.0,0.865909090909091,0.859472372143416,0.6419112778636062,0.8072735520943597,0.34223331694213033,880.0,6.64712119102478,6.8116538524627686,2026-04-29T23:31:33.378294+00:00
NR-AhR,morgan_4096,XGBoost,smoten_enn,roc_auc,"{'colsample_bytree': 0.8, 'learning_rate': 0.05, 'max_depth': 7, 'min_child_weight': 5, 'n_estimators': 200, 'scale_pos_weight': 1, 'subsample': 0.8}",0.5061497679214165,1732,0.957852193995381,0.9446971649899912,0.6660988794785865,0.8422425160896692,0.5061497679214165,0.9589236813906418,0.9589247578858775,0.9589072403724956,0.9912247649875566,0.9900852409318681,8399.0,0.8625,0.8515235784972556,0.6121667741148274,0.760358384999244,0.3030061656727424,880.0,11.877616882324219,11.924548864364624,2026-04-29T23:35:10.964746+00:00
NR-AhR,pubchem,XGBoost,none,roc_auc,"{'colsample_bytree': 0.8, 'learning_rate': 0.1, 'max_depth': 3, 'min_child_weight': 5, 'n_estimators': 100, 'scale_pos_weight': 8, 'subsample': 0.8}",0.8956830169738514,1732,0.9815242494226328,0.9796939996852083,0.8912700592458901,0.9650357220177527,0.8956830169738514,0.8153098420413123,0.8410525936069342,0.7242151675485009,0.9272683443976978,0.6889153116008692,4938.0,0.7340909090909091,0.780506993006993,0.6266968325791855,0.8657253389787791,0.43002027176618673,880.0,0.6205029487609863,0.5823884010314941,2026-04-29T23:37:20.999846+00:00
NR-AhR,pubchem,RandomForest,random_over,roc_auc,"{'max_depth': 10, 'max_features': 'log2', 'min_samples_leaf': 20, 'n_estimators': 200}",0.8914166131886532,1732,0.9797921478060048,0.9775569205332406,0.8788237387134368,0.962749381671226,0.8914166131886532,0.7944742364187456,0.7941602964012766,0.7941602964012766,0.8860167646243887,0.8861470129866752,8578.0,0.7318181818181818,0.7786309844002152,0.6235062072166144,0.8439122435606633,0.361641563389403,880.0,0.8122639656066895,0.4152679443359375,2026-04-21T17:12:54.704601+00:00
NR-AhR,pubchem,RandomForest,random_under,roc_auc,"{'max_depth': 10, 'max_features': 'log2', 'min_samples_leaf': 5, 'n_estimators': 200}",0.8921183033715828,1732,0.9821016166281756,0.980527059164644,0.8965868578329311,0.960732022541938,0.8921183033715828,0.7827426810477658,0.7882453411871363,0.7708247244532265,0.8880071509801734,0.8084176846163772,1947.0,0.7272727272727273,0.7748789671866595,0.6171249564914723,0.8448699531226372,0.3683089701138538,880.0,0.4177422523498535,0.2546870708465576,2026-04-21T17:13:11.066669+00:00
NR-AhR,pubchem,BernoulliNB,smote,roc_auc,{'alpha': 10.0},0.853544053166825,1732,0.972863741339492,0.9684677467007275,0.8238675826256288,0.9362547317732424,0.853544053166825,0.7395663324784332,0.7385908684823934,0.7385908684823934,0.8267625037638238,0.8165597828144905,8578.0,0.696590909090909,0.7503636363636365,0.5858823529411765,0.7951824688744393,0.2792287846712339,880.0,0.0812602043151855,0.0829091072082519,2026-04-21T14:10:19.367120+00:00
NR-AhR,pubchem,BernoulliNB,smoteenn,roc_auc,{'alpha': 10.0},0.8550776254114026,1732,0.972863741339492,0.9684677467007275,0.8238675826256288,0.9363170566894315,0.8550776254114026,0.740283549254461,0.7401379558507852,0.7402593347725865,0.833445518637783,0.8083792171952431,8182.0,0.7,0.7527815934065933,0.584478021978022,0.7916099601794445,0.2758310843146766,880.0,0.1296231746673584,0.0956330299377441,2026-04-21T14:10:21.008603+00:00
NR-AhR,pubchem,RandomForest,smoten,roc_auc,"{'max_depth': 15, 'max_features': 'log2', 'min_samples_leaf': 20, 'n_estimators': 200}",0.8577226237343603,1732,0.9688221709006928,0.9626975291481278,0.7873513041580269,0.9387903717845264,0.8577226237343603,0.8780601538820237,0.8780429099892786,0.8780429099892785,0.9410604353092256,0.9408258572942824,8578.0,0.8,0.8260266049739733,0.6500867553499132,0.8369436463531428,0.3420728236092527,880.0,0.7569420337677002,0.9473280906677246,2026-04-21T17:13:42.229842+00:00
NR-AhR,pubchem,RandomForest,smoten_enn,roc_auc,"{'max_depth': 15, 'max_features': 'log2', 'min_samples_leaf': 20, 'n_estimators': 200}",0.8484471832034087,1732,0.9659353348729792,0.9583238174692024,0.7588762597363373,0.9413981774882404,0.8484471832034087,0.8938256658595641,0.8938634230107513,0.893800560319246,0.9529916973835546,0.9473876850998796,8260.0,0.8147727272727273,0.8360085962209067,0.6587808504311626,0.8279462170472303,0.3242374937179209,880.0,1.001481056213379,0.8272678852081299,2026-04-21T17:13:50.840268+00:00
NR-AhR,rdkit,RandomForest,none,roc_auc,"{'max_depth': 10, 'max_features': 'sqrt', 'min_samples_leaf': 20, 'n_estimators': 100}",0.8576379400222877,1732,0.9740184757505772,0.9702803658473124,0.8358822749066652,0.9491199065782308,0.8576379400222877,0.8920615633859862,0.9012466860479076,0.8059935621465006,0.9441549870830924,0.70067673467072,4938.0,0.8261363636363637,0.8418158605214344,0.6558625290423501,0.8419653208327033,0.3391053946528394,880.0,0.6192512512207031,0.5699610710144043,2026-04-21T17:14:36.203271+00:00
NR-AhR,rdkit,XGBoost,random_over,roc_auc,"{'colsample_bytree': 0.8, 'learning_rate': 0.05, 'max_depth': 3, 'min_child_weight': 5, 'n_estimators': 100, 'scale_pos_weight': 1, 'subsample': 0.8}",0.8390204082653961,1732,0.9780600461893765,0.9755464186508075,0.8676000804667069,0.9469057319241341,0.8390204082653961,0.864187456283516,0.864154799342807,0.8641547993428071,0.9384736371424327,0.9342444041953095,8578.0,0.7875,0.819054969475432,0.6536971449375093,0.8374540047381419,0.4264027724446968,880.0,2.6841108798980713,2.77886700630188,2026-04-29T23:39:30.452947+00:00
NR-AhR,rdkit,XGBoost,random_under,roc_auc,"{'colsample_bytree': 0.8, 'learning_rate': 0.05, 'max_depth': 7, 'min_child_weight': 10, 'n_estimators': 200, 'scale_pos_weight': 1, 'subsample': 0.8}",0.8430457785566977,1732,0.976905311778291,0.9742593880534817,0.8606316636491651,0.948808281997284,0.8430457785566977,0.9537750385208013,0.9534722673072346,0.9473316886320846,0.9890889385352836,0.9771553527515049,1947.0,0.8375,0.8535908137798289,0.6862463504696082,0.8714904985130298,0.4883383814018308,880.0,1.5873229503631592,1.5560228824615479,2026-04-29T23:40:26.783803+00:00
NR-AhR,rdkit,DecisionTree,smote,roc_auc,"{'ccp_alpha': 0.001, 'criterion': 'gini', 'max_depth': 15, 'min_samples_leaf': 50}",0.2907975002997977,1732,0.8602771362586605,0.8877427009587731,0.5969087076274446,0.8449487295557875,0.2907975002997977,0.8519468407554208,0.85193640938936,0.85193640938936,0.9143696718347906,0.8946393372861317,8578.0,0.7670454545454546,0.7981963621278322,0.5976438523593817,0.7600748525631332,0.2740465893784985,880.0,1.725451946258545,1.4224467277526855,2026-04-22T08:28:24.941433+00:00
NR-AhR,rdkit,DecisionTree,smoteenn,roc_auc,"{'ccp_alpha': 0.001, 'criterion': 'entropy', 'max_depth': 5, 'min_samples_leaf': 10}",0.36092911524638,1732,0.8446882217090069,0.8757336578292788,0.557877735697225,0.8498822387109896,0.36092911524638,0.8206159648020113,0.8200812102217021,0.8185737346401066,0.8956663457452214,0.8471950263745952,7955.0,0.7659090909090909,0.795667496886675,0.5861187214611872,0.7340024698825547,0.2442830153637592,880.0,0.8809850215911865,0.8946399688720703,2026-04-22T08:28:38.595384+00:00
NR-AhR,rdkit,DecisionTree,smoten,roc_auc,"{'ccp_alpha': 0.01, 'criterion': 'entropy', 'max_depth': 5, 'min_samples_leaf': 10}",0.3640888530109966,1732,0.953810623556582,0.9456669048415244,0.6938631221719457,0.8542088999980318,0.3640888530109966,0.7769876428071811,0.7738838579734936,0.7738838579734937,0.8502209858584598,0.8114577617579091,8578.0,0.6715909090909091,0.728854706349163,0.538163440602465,0.7303480518171279,0.2380392974793316,880.0,0.9737920761108398,0.9972381591796876,2026-04-22T08:29:25.711086+00:00
NR-AhR,rdkit,DecisionTree,smoten_enn,roc_auc,"{'ccp_alpha': 0.0, 'criterion': 'entropy', 'max_depth': 5, 'min_samples_leaf': 50}",0.406024521596547,1732,0.964203233256351,0.9582360135968172,0.766041813729335,0.7946394011559632,0.406024521596547,0.8149587178241865,0.8147166024628871,0.814235187035187,0.8920251799859445,0.8386314310203826,8236.0,0.775,0.8049291617473435,0.6103896103896104,0.7119940521195625,0.246993589531746,880.0,0.935983180999756,0.9037539958953856,2026-04-22T08:29:48.609539+00:00
NR-AhR,topological_torsion,BalancedRandomForest,none,roc_auc,"{'max_depth': 5, 'max_features': 'log2', 'min_samples_leaf': 20, 'n_estimators': 100}",0.7999169591288898,1732,0.9757505773672056,0.973162939543356,0.855501525553013,0.9079756211169936,0.7999169591288898,0.7255974078574322,0.7675168093851945,0.6186518127402629,0.8219798308713193,0.4175470251556803,4938.0,0.7170454545454545,0.766872507544631,0.6087359449744746,0.8290110388628459,0.420684227512105,880.0,1.5113213062286377,1.7099802494049072,2026-04-21T22:34:20.746004+00:00
NR-AhR,topological_torsion,RandomForest,random_over,roc_auc,"{'max_depth': 15, 'max_features': 'sqrt', 'min_samples_leaf': 20, 'n_estimators': 100}",0.8150192458321245,1732,0.976905311778291,0.9740727809828008,0.858833501776807,0.9067192820169656,0.8150192458321245,0.813942643972954,0.8138642860417549,0.8138642860417549,0.901550518737686,0.9024707326314596,8578.0,0.7488636363636364,0.7912265972753353,0.6312413370724945,0.8553984575835475,0.4366297857614533,880.0,0.9672369956970216,1.5665428638458252,2026-04-21T17:16:22.751925+00:00
NR-AhR,topological_torsion,BernoulliNB,random_under,roc_auc,{'alpha': 50.0},0.8008191710790402,1732,0.9463048498845266,0.920197952513046,0.4862058736280035,0.908762883216228,0.8008191710790402,0.6666666666666666,0.5333333333333333,0.4,0.717392052725421,0.4805785689865088,1947.0,0.884090909090909,0.8297017216800089,0.4692400482509047,0.7734512828267555,0.2596890971142037,880.0,0.07218599319458,0.0486032962799072,2026-04-21T14:11:24.192948+00:00
NR-AhR,topological_torsion,DecisionTree,smote,roc_auc,"{'ccp_alpha': 0.0, 'criterion': 'entropy', 'max_depth': 5, 'min_samples_leaf': 20}",0.4491724394973372,1732,0.2984988452655889,0.4039871243257535,0.2658966252342933,0.7102678659292645,0.4491724394973372,0.7120540918629051,0.6962610378084523,0.6962610378084524,0.8067211034686107,0.7466094197613538,8578.0,0.4386363636363636,0.5233987268598557,0.3876182587577688,0.6312251121528304,0.2096057926559115,880.0,0.7348458766937256,0.7697458267211914,2026-04-22T08:30:16.764425+00:00
NR-AhR,topological_torsion,DecisionTree,smoteenn,roc_auc,"{'ccp_alpha': 0.001, 'criterion': 'entropy', 'max_depth': 5, 'min_samples_leaf': 20}",0.4495370253186932,1732,0.9688221709006928,0.9633251607680288,0.7933576074660633,0.7178583846693827,0.4495370253186932,0.721637146960268,0.715382677027024,0.7141539227569531,0.8136926061792099,0.7429557862283307,8356.0,0.7897727272727273,0.8134932113588352,0.6105179298118859,0.6569131508644589,0.2149851883165408,880.0,0.6312141418457031,0.8343281745910645,2026-04-22T08:30:57.937247+00:00
NR-AhR,topological_torsion,DecisionTree,smoten,roc_auc,"{'ccp_alpha': 0.0, 'criterion': 'gini', 'max_depth': 15, 'min_samples_leaf': 50}",0.6095691456509691,1732,0.9584295612009238,0.9529855558225944,0.7425747479501598,0.8982660552264362,0.6095691456509691,0.860223828398228,0.8602226411411604,0.8602226411411603,0.9359025493216528,0.9284961367087742,8578.0,0.7806818181818181,0.8004605299388029,0.5658919483998273,0.7139598770099299,0.1991768863456996,880.0,1.191399097442627,1.2121729850769043,2026-04-22T08:31:10.355465+00:00
NR-AhR,topological_torsion,DecisionTree,smoten_enn,roc_auc,"{'ccp_alpha': 0.001, 'criterion': 'gini', 'max_depth': 10, 'min_samples_leaf': 50}",0.608549438899177,1732,0.9618937644341802,0.9572200886216214,0.7670752779317315,0.871932138007046,0.608549438899177,0.8625135558501025,0.8625053673333359,0.8625131645899157,0.9261837246473464,0.8899091615678918,8299.0,0.7670454545454546,0.7924579703946304,0.5634064942073916,0.6991846867281617,0.2263898357384603,880.0,1.0149788856506348,0.973989963531494,2026-04-22T08:31:20.422223+00:00
NR-Aromatase,atom_pair,EasyEnsemble,none,roc_auc,"{'n_estimators': 10, 'replacement': True}",0.4611343459004028,1586,0.9590163934426228,0.9642743279484952,0.6912243498159447,0.8988437904269082,0.4611343459004028,0.7729779411764706,0.8328068036766383,0.583820740125294,0.8990076673474356,0.3900137498134747,4352.0,0.7560646900269542,0.8081346052296644,0.5546469560257724,0.7126136509156102,0.1666741242548188,742.0,13.349989175796509,7.164243936538696,2026-04-21T22:36:30.990924+00:00
NR-Aromatase,atom_pair,RandomForest,random_over,roc_auc,"{'max_depth': 10, 'max_features': 'log2', 'min_samples_leaf': 20, 'n_estimators': 200}",0.4625909392406818,1586,0.980453972257251,0.9770413697122824,0.7323090157731111,0.8741833764553686,0.4625909392406818,0.8995617238860482,0.8994554879383307,0.8994554879383307,0.9555259956618218,0.961832903792998,8214.0,0.8477088948787062,0.864887383585616,0.5882696679974269,0.723780253553592,0.2438697647391976,742.0,0.6062710285186768,0.7426400184631348,2026-04-21T17:18:16.867874+00:00
NR-Aromatase,atom_pair,XGBoost,random_under,roc_auc,"{'colsample_bytree': 0.8, 'learning_rate': 0.05, 'max_depth': 3, 'min_child_weight': 10, 'n_estimators': 100, 'scale_pos_weight': 1, 'subsample': 0.8}",0.44696084587764795,1586,0.9735182849936949,0.9728385048077244,0.7169012647898817,0.88744340232859,0.44696084587764795,0.8612244897959184,0.8553016305810178,0.8318967836834269,0.931874219075385,0.8913870876911557,735.0,0.8517520215633423,0.8668941166257853,0.5872107137077197,0.6834421820975797,0.17438095792544267,742.0,0.2700989246368408,0.23162412643432617,2026-04-29T23:47:46.898456+00:00
NR-Aromatase,atom_pair,KNeighbors,smote,roc_auc,"{'n_neighbors': 15, 'weights': 'uniform'}",0.0761809858369349,1586,0.7440100882723834,0.8318520996180864,0.474311372356927,0.7184104139715394,0.0761809858369349,0.924762600438276,0.9244621903520208,0.9244621903520208,0.9929436276937904,0.9915719864590052,8214.0,0.7520215633423181,0.8033991602839675,0.529965847747053,0.6501472659751568,0.1388190721891636,742.0,53.3011679649353,49.56789684295654,2026-04-23T21:30:10.394364+00:00
NR-Aromatase,atom_pair,DecisionTree,smoteenn,roc_auc,"{'ccp_alpha': 0.0, 'criterion': 'entropy', 'max_depth': 15, 'min_samples_leaf': 50}",0.0894506667137483,1586,0.8650693568726355,0.906501928258463,0.5213324683383634,0.7405643596377749,0.0894506667137483,0.8780517727886149,0.8780514093601379,0.8780517562691387,0.95584183911235,0.954235365839234,8151.0,0.77088948787062,0.8120060734867506,0.5046106476899633,0.6033038801383019,0.1010796861885769,742.0,1.2715861797332764,1.0169007778167725,2026-04-22T08:32:37.956275+00:00
NR-Aromatase,atom_pair,DecisionTree,smoten,roc_auc,"{'ccp_alpha': 0.001, 'criterion': 'gini', 'max_depth': 10, 'min_samples_leaf': 10}",0.1444220589940523,1586,0.9344262295081968,0.945586984070143,0.5635847938362544,0.7785333117723156,0.1444220589940523,0.9140491843194546,0.9138107816914458,0.9138107816914458,0.941910955236918,0.91000353857285,8214.0,0.7884097035040432,0.8215574459654381,0.5012992572614996,0.6102189781021898,0.111895410335952,742.0,1.2356550693511963,1.3458168506622314,2026-04-22T08:32:45.636989+00:00
NR-Aromatase,atom_pair,DecisionTree,smoten_enn,roc_auc,"{'ccp_alpha': 0.001, 'criterion': 'gini', 'max_depth': 5, 'min_samples_leaf': 50}",0.1347695110673793,1586,0.8984867591424969,0.9266354112970429,0.5643117348462228,0.7629366106080208,0.1347695110673793,0.8446170921198668,0.8426381192688757,0.8428536712910271,0.8688203378223234,0.7931919829188862,8109.0,0.6792452830188679,0.7512991341408239,0.4612361950088474,0.5667947240363683,0.0897014056626888,742.0,0.7403650283813477,0.6329169273376465,2026-04-22T08:32:53.253069+00:00
NR-Aromatase,avalon,RandomForest,none,roc_auc,"{'max_depth': 10, 'max_features': 'log2', 'min_samples_leaf': 5, 'n_estimators': 200}",0.5608929760593356,1586,0.9810844892812106,0.976076729071685,0.7067307692307693,0.9246119016817592,0.5608929760593356,0.9767922794117648,0.9775162142586584,0.8976351748671103,0.9886232067699248,0.8088980163627225,4352.0,0.921832884097035,0.9001966840507116,0.5766839785961599,0.7747470866948394,0.2559246975655205,742.0,0.4978628158569336,0.4185359477996826,2026-04-21T17:19:52.151833+00:00
NR-Aromatase,avalon,RandomForest,random_over,roc_auc,"{'max_depth': 15, 'max_features': 'sqrt', 'min_samples_leaf': 20, 'n_estimators': 200}",0.5738094159302856,1586,0.9829760403530896,0.9796042311170616,0.7588240263580299,0.9121119016817594,0.5738094159302856,0.9696859021183344,0.9696859016690358,0.9696859016690358,0.9943720001761972,0.9924843707564216,8214.0,0.9029649595687332,0.8921297437534602,0.5828335832083958,0.75669099756691,0.2539079446763189,742.0,1.0576896667480469,1.232274055480957,2026-04-21T17:20:09.530819+00:00
NR-Aromatase,avalon,RandomForest,random_under,roc_auc,"{'max_depth': 15, 'max_features': 'sqrt', 'min_samples_leaf': 10, 'n_estimators': 200}",0.5702424756434334,1586,0.9854981084489282,0.9843678648589814,0.8296272424535396,0.9035413971539455,0.5702424756434334,0.8571428571428571,0.8583969301787391,0.8422259884002625,0.9301999167013744,0.8797676767350957,735.0,0.7345013477088949,0.7938820762618112,0.5501494126589914,0.7452938916634653,0.2340527251308992,742.0,0.3775708675384521,0.2984049320220947,2026-04-21T17:20:14.334945+00:00
NR-Aromatase,avalon,KNeighbors,smote,roc_auc,"{'n_neighbors': 15, 'weights': 'distance'}",0.0940320565751549,1586,0.7332912988650694,0.824750145136592,0.4651234545754611,0.7274175291073739,0.0940320565751549,0.9979303627952276,0.9979303603105482,0.9979303603105484,0.9989436754781356,0.9978485537224488,8214.0,0.793800539083558,0.8310182858664935,0.556044815517275,0.6697528492764758,0.1437085554863183,742.0,15.151581048965454,13.739715099334717,2026-04-23T21:36:11.830983+00:00
NR-Aromatase,avalon,KNeighbors,smoteenn,roc_auc,"{'n_neighbors': 15, 'weights': 'distance'}",0.0935558568090878,1586,0.7370744010088273,0.8272693318980116,0.4669680960382992,0.73755659767141,0.0935558568090878,0.9977818853974122,0.9977819345116862,0.9977816643831796,0.9980857010109316,0.9960118182220314,8115.0,0.8032345013477089,0.8372629774352641,0.5632901186790505,0.6358432577794851,0.1428088868915674,742.0,14.910842895507812,13.416303873062134,2026-04-23T21:36:14.575647+00:00
NR-Aromatase,avalon,XGBoost,smoten,roc_auc,"{'colsample_bytree': 0.8, 'learning_rate': 0.05, 'max_depth': 7, 'min_child_weight': 1, 'n_estimators': 200, 'scale_pos_weight': 1, 'subsample': 0.8}",0.4349185472954033,1586,0.978562421185372,0.9715263571185992,0.6403915919760991,0.8977846054333765,0.4349185472954033,0.995982468955442,0.9959824617504086,0.9959824617504086,0.999856380179362,0.9998499146256232,8214.0,0.9137466307277629,0.8898722030904402,0.5328926660371419,0.7439620950185682,0.20708840661987693,742.0,1.796004056930542,1.7271451950073242,2026-04-29T23:51:55.669384+00:00
NR-Aromatase,avalon,XGBoost,smoten_enn,roc_auc,"{'colsample_bytree': 0.8, 'learning_rate': 0.1, 'max_depth': 7, 'min_child_weight': 1, 'n_estimators': 200, 'scale_pos_weight': 1, 'subsample': 0.8}",0.3306042674114008,1586,0.978562421185372,0.9715263571185992,0.6403915919760991,0.8642302716688228,0.3306042674114008,0.9996291259735444,0.9996291280485374,0.9996290415904958,0.9999893604492678,0.9999844605108992,8089.0,0.9204851752021563,0.8939143474421044,0.5388828616269394,0.7116660263798182,0.2220297723514567,742.0,1.6573209762573242,1.5894627571105957,2026-04-29T23:51:57.085184+00:00
NR-Aromatase,erg,LogisticRegression,none,roc_auc,"{'C': 0.001, 'l1_ratio': 0.0}",0.5743124878496911,1586,0.9842370744010088,0.9827408334232728,0.8094070709255654,0.8758893919793014,0.5743124878496911,0.6059283088235294,0.7094942711061114,0.4552210693671848,0.7138529042003946,0.1344065463797581,4352.0,0.6415094339622641,0.7251549262137013,0.498735231671018,0.7201178127801254,0.1513989851420851,742.0,0.031797170639038,0.0206899642944335,2026-04-21T08:38:38.886040+00:00
NR-Aromatase,erg,LogisticRegression,random_over,roc_auc,"{'C': 0.001, 'l1_ratio': 0.0}",0.5748226732678262,1586,0.9842370744010088,0.9821534262791534,0.7975667161900677,0.8762613195342821,0.5748226732678262,0.6622839055271488,0.6622593770840468,0.6622593770840468,0.7209086270247504,0.7016821619322018,8214.0,0.7008086253369272,0.7699676578540859,0.5339248729585658,0.7248303239851454,0.1550994175587072,742.0,0.0379540920257568,0.0285120010375976,2026-04-21T08:38:39.232190+00:00
NR-Aromatase,erg,RandomForest,random_under,roc_auc,"{'max_depth': 15, 'max_features': 'log2', 'min_samples_leaf': 20, 'n_estimators': 200}",0.4840305432331656,1586,0.9842370744010088,0.982456325483968,0.8036691342130673,0.8807487063389392,0.4840305432331656,0.7836734693877551,0.7880467497481927,0.7678306424216417,0.8509162848812994,0.7629827101221016,735.0,0.7789757412398922,0.8244894808428336,0.5780875112682893,0.7453963375592265,0.1956767465452704,742.0,0.3733267784118652,0.2508673667907715,2026-04-21T17:21:21.774108+00:00
NR-Aromatase,erg,LogisticRegression,smote,roc_auc,"{'C': 0.001, 'l1_ratio': 0.0}",0.5624443142875546,1586,0.9842370744010088,0.9821534262791534,0.7975667161900677,0.8564036222509702,0.5624443142875546,0.6586316045775505,0.6586179229423436,0.6586179229423434,0.7245831008589384,0.692053748078745,8214.0,0.7021563342318059,0.7709569461409362,0.5348542998079645,0.7360993725188885,0.1640270563817923,742.0,0.0351119041442871,0.0278358459472656,2026-04-21T08:38:40.220180+00:00
NR-Aromatase,erg,BernoulliNB,smoteenn,roc_auc,{'alpha': 50.0},0.5539438355251078,1586,0.9817150063051704,0.9780934334220294,0.7409591394215876,0.8767626131953428,0.5539438355251078,0.6664994984954865,0.6608845933803045,0.6594193001594566,0.7477457339004077,0.7028511673072267,7976.0,0.7641509433962265,0.8144947840618303,0.5694100403564097,0.74724036368293,0.1722359173155299,742.0,0.0126128196716308,0.0187189579010009,2026-04-21T14:12:12.073297+00:00
NR-Aromatase,erg,LogisticRegression,smoten,roc_auc,"{'C': 0.1, 'l1_ratio': 0.0}",0.3073669650715132,1586,0.3221941992433795,0.4621480069711154,0.261986150904667,0.622509702457956,0.3073669650715132,0.8010713416118822,0.7973438141714781,0.7973438141714783,0.8726121240977222,0.8420329333275848,8214.0,0.6549865229110512,0.7352551966816603,0.4780678133758312,0.6618260980919453,0.2106382494881882,742.0,0.0406849384307861,0.0371580123901367,2026-04-21T08:38:40.798454+00:00
NR-Aromatase,erg,DecisionTree,smoten_enn,roc_auc,"{'ccp_alpha': 0.001, 'criterion': 'gini', 'max_depth': 15, 'min_samples_leaf': 10}",0.0586771919059741,1586,0.9426229508196722,0.948391714755335,0.5346889296549323,0.6435882923673998,0.0586771919059741,0.9764387794515256,0.9764516643346804,0.97638973376726,0.9911735727752564,0.9842784763584126,7767.0,0.9029649595687332,0.8851386830481845,0.5352980063324171,0.6889742604686899,0.1694002074612067,742.0,0.1037590503692627,0.0971071720123291,2026-04-22T08:34:08.855281+00:00
NR-Aromatase,estate,BalancedRandomForest,none,roc_auc,"{'max_depth': 10, 'max_features': 'sqrt', 'min_samples_leaf': 10, 'n_estimators': 100}",0.5228921090295967,1586,0.9728877679697352,0.9742190376805588,0.7514532394027413,0.8916882276843467,0.5228921090295967,0.7624080882352942,0.8250435502283494,0.564938008059339,0.8690861297038903,0.4120159313303588,4352.0,0.7628032345013477,0.8130550090569504,0.562593783494105,0.7461390703034959,0.2217447662227792,742.0,0.3580188751220703,0.3973250389099121,2026-04-21T22:39:26.521547+00:00
NR-Aromatase,estate,RandomForest,random_over,roc_auc,"{'max_depth': 5, 'max_features': 'log2', 'min_samples_leaf': 20, 'n_estimators': 200}",0.4811058592423438,1586,0.9728877679697352,0.97272055440186,0.720896921181762,0.8851390685640361,0.4811058592423438,0.7822011200389579,0.7821707426611709,0.7821707426611709,0.8749624202213386,0.8791951608298622,8214.0,0.8005390835579514,0.8371402433690686,0.575941057444278,0.7363554872582917,0.2224116269944806,742.0,0.4134261608123779,0.4265699386596679,2026-04-21T17:21:57.756113+00:00
NR-Aromatase,estate,RandomForest,random_under,roc_auc,"{'max_depth': 5, 'max_features': 'sqrt', 'min_samples_leaf': 20, 'n_estimators': 100}",0.4829938695869509,1586,0.9672131147540984,0.9706314778808408,0.7366289838410934,0.8829964424320829,0.4829938695869509,0.7319727891156462,0.7389845149917993,0.7182872518633957,0.8317617659308622,0.7262946191230087,735.0,0.6954177897574124,0.7655113215229247,0.5182150409120162,0.7408374951978487,0.2514587146357394,742.0,0.1449048519134521,0.1351327896118164,2026-04-21T17:21:59.866368+00:00
NR-Aromatase,estate,RandomForest,smote,roc_auc,"{'max_depth': 15, 'max_features': 'sqrt', 'min_samples_leaf': 10, 'n_estimators': 100}",0.5037209039120781,1586,0.9779319041614124,0.9717601688185752,0.6512555679112402,0.8785090556274255,0.5037209039120781,0.9732164597029462,0.9732147303864024,0.9732147303864024,0.9953190906342744,0.9956542990509376,8214.0,0.921832884097035,0.9018153899727568,0.5875407322215833,0.7483672685363042,0.2590405219202428,742.0,0.2640960216522217,0.2332639694213867,2026-04-21T17:22:01.778154+00:00
NR-Aromatase,estate,RandomForest,smoteenn,roc_auc,"{'max_depth': 15, 'max_features': 'sqrt', 'min_samples_leaf': 20, 'n_estimators': 100}",0.5321216609799073,1586,0.9810844892812106,0.9771040109115404,0.7273289932147442,0.8808619016817594,0.5321216609799073,0.9617708718707608,0.9617688911749028,0.9617608922108614,0.9916359387873632,0.9921271238172958,8109.0,0.9164420485175202,0.9024162495186754,0.6088095238095238,0.7450633883980023,0.2476994359013126,742.0,0.2611548900604248,0.1804678440093994,2026-04-21T17:22:11.622321+00:00
NR-Aromatase,estate,LogisticRegression,smoten,roc_auc,"{'C': 0.01, 'l1_ratio': 1.0}",0.5027595423603394,1586,0.9848675914249684,0.9830149912117124,0.8086389961389961,0.7615297542043983,0.5027595423603394,0.5458972485999513,0.508348105143106,0.508348105143106,0.669073788217768,0.6629728241625987,8214.0,0.4353099730458221,0.5400326502524672,0.373536849528991,0.6841977205788193,0.1287548885552913,742.0,0.022874116897583,0.010481834411621,2026-04-21T08:38:43.358853+00:00
NR-Aromatase,estate,LogisticRegression,smoten_enn,roc_auc,"{'C': 0.01, 'l1_ratio': 1.0}",0.5027595423603394,1586,0.9854981084489282,0.9838598194452504,0.8193756034760219,0.7615297542043983,0.5027595423603394,0.5159259725544505,0.4576280537853652,0.463358462195384,0.668860903571892,0.6484650863564079,7943.0,0.3894878706199461,0.4871364199146152,0.3480813429144968,0.6841977205788193,0.1287548885552913,742.0,0.011664867401123,0.0064518451690673,2026-04-21T08:38:43.775021+00:00
NR-Aromatase,fcfp,BalancedRandomForest,none,roc_auc,"{'max_depth': 15, 'max_features': 'sqrt', 'min_samples_leaf': 10, 'n_estimators': 100}",0.5592469096997967,1586,0.9848675914249684,0.9827147430065978,0.8025930920029043,0.8603250323415265,0.5592469096997967,0.8363970588235294,0.873367489085478,0.6059895833333333,0.8388763832779277,0.3144189249635317,4352.0,0.8059299191374663,0.8394922517169728,0.5692724458204335,0.7231271609681137,0.2423095536629708,742.0,0.6183159351348877,0.9135279655456544,2026-04-21T22:40:25.716941+00:00
NR-Aromatase,fcfp,RandomForest,random_over,roc_auc,"{'max_depth': 5, 'max_features': 'sqrt', 'min_samples_leaf': 20, 'n_estimators': 200}",0.5538513181784682,1586,0.9817150063051704,0.9780934334220294,0.7409591394215876,0.8697364165588617,0.5538513181784682,0.7358168979790601,0.7271981613939877,0.7271981613939877,0.8488719307821828,0.8531160930656808,8214.0,0.866576819407008,0.8773353144857133,0.6070819181086358,0.7414777820463567,0.264617063222017,742.0,1.922942876815796,2.525966167449951,2026-04-21T17:22:28.381055+00:00
NR-Aromatase,fcfp,BernoulliNB,random_under,roc_auc,{'alpha': 1.0},0.5505758828559038,1586,0.9823455233291298,0.9805128667721428,0.7833713828562509,0.8481161060802069,0.5505758828559038,0.8503401360544217,0.8436853560700088,0.818210026442178,0.9328571428571428,0.8790161671014945,735.0,0.8409703504043127,0.859863411764412,0.5773671609514983,0.6850685106927903,0.1819831191865363,742.0,0.0452182292938232,0.0106561183929443,2026-04-21T14:12:17.883555+00:00
NR-Aromatase,fcfp,DecisionTree,smote,roc_auc,"{'ccp_alpha': 0.01, 'criterion': 'entropy', 'max_depth': 15, 'min_samples_leaf': 10}",0.270702938943239,1586,0.4962168978562421,0.6402858930743945,0.3603273036569268,0.6741672056921086,0.270702938943239,0.7524957389822254,0.7495354108353198,0.7495354108353198,0.8281180218775228,0.7906409277548058,8214.0,0.5929919137466307,0.6874277624395664,0.4482918230074551,0.6049302087335126,0.1034403476795633,742.0,1.904369831085205,1.7555992603302002,2026-04-22T08:34:19.538461+00:00
NR-Aromatase,fcfp,LogisticRegression,smoteenn,roc_auc,"{'C': 0.01, 'l1_ratio': 1.0}",0.2436866257312657,1586,0.8877679697351829,0.9197074675755064,0.5379544219602093,0.6498463777490298,0.2436866257312657,0.7309544388196073,0.7304192800292774,0.7305647723718021,0.8189263540472715,0.8108248519102291,8099.0,0.6792452830188679,0.7531767423950713,0.4952380952380952,0.6229734921244717,0.1514055747273435,742.0,0.1624608039855957,0.1296370029449463,2026-04-21T08:38:45.201645+00:00
NR-Aromatase,fcfp,XGBoost,smoten,roc_auc,"{'colsample_bytree': 0.8, 'learning_rate': 0.1, 'max_depth': 7, 'min_child_weight': 5, 'n_estimators': 200, 'scale_pos_weight': 1, 'subsample': 0.8}",0.17739824136906163,1586,0.9445145018915511,0.9506996519414499,0.5625814863102998,0.7038405562742562,0.17739824136906163,0.9749208668127587,0.9749197010790219,0.9749197010790218,0.9937587776314012,0.9948154510083123,8214.0,0.9043126684636119,0.8843079427705456,0.5253660074778144,0.6049814316813933,0.1345804184583051,742.0,4.376987934112549,4.3267669677734375,2026-04-29T23:54:06.396102+00:00
NR-Aromatase,fcfp,DecisionTree,smoten_enn,roc_auc,"{'ccp_alpha': 0.001, 'criterion': 'entropy', 'max_depth': 15, 'min_samples_leaf': 10}",0.0924079105959302,1586,0.8549810844892812,0.9005777912777944,0.5147989124940809,0.6747574385510996,0.0924079105959302,0.9432395588053044,0.943162713679303,0.9431921913070018,0.968801065687705,0.943484960405881,8069.0,0.8207547169811321,0.8394573580542367,0.5038785410853882,0.5704699705468049,0.0935763057517004,742.0,2.0543429851531982,1.5664551258087158,2026-04-22T08:35:36.043293+00:00
NR-Aromatase,klekota_roth,LogisticRegression,none,roc_auc,"{'C': 1, 'l1_ratio': 1.0}",0.2009384565832718,1586,0.9331651954602774,0.9465713609099732,0.5984733407851117,0.7681678525226391,0.2009384565832718,0.9485294117647058,0.9558387493574207,0.8286826151994691,0.9927768916185904,0.8872433020697111,4352.0,0.8463611859838275,0.8633744930914743,0.5822072072072072,0.6702522730183121,0.1472205265914889,742.0,0.6419129371643066,0.5191638469696045,2026-04-21T08:38:47.261088+00:00
NR-Aromatase,klekota_roth,DecisionTree,random_over,roc_auc,"{'ccp_alpha': 0.001, 'criterion': 'gini', 'max_depth': 15, 'min_samples_leaf': 50}",0.3616794827872382,1586,0.8959646910466582,0.9254912641772256,0.5697551111001504,0.809928848641656,0.3616794827872382,0.8360116873630388,0.8360101682589223,0.8360101682589223,0.9094690311498792,0.8949589366043703,8214.0,0.7493261455525606,0.7995747273324044,0.5073885295755343,0.5730311179408375,0.1162854576715032,742.0,1.3142318725585938,1.2320199012756348,2026-04-22T08:35:53.632958+00:00
NR-Aromatase,klekota_roth,LogisticRegression,random_under,roc_auc,"{'C': 1, 'l1_ratio': 1.0}",0.242172764622098,1586,0.8348045397225725,0.8895231292457016,0.5343240093240094,0.7451730271668822,0.242172764622098,0.8952380952380953,0.8967178901135584,0.8857315342199681,0.970408163265306,0.9440779222190974,735.0,0.7479784366576819,0.8006529740624523,0.5272677716641399,0.6539505698552952,0.1763762325233868,742.0,0.137812852859497,0.0389180183410644,2026-04-21T08:38:48.912500+00:00
NR-Aromatase,klekota_roth,LogisticRegression,smote,roc_auc,"{'C': 1, 'l1_ratio': 0.0}",0.0367971691156462,1586,0.7440100882723834,0.8318654167010865,0.4602077632920221,0.5720084087968952,0.0367971691156462,0.9620160701241782,0.962013764031204,0.962013764031204,0.9918534806300584,0.9919353623255208,8214.0,0.8274932614555256,0.84353166780652,0.5077943615257048,0.5182993981303624,0.0862703804064517,742.0,0.489250898361206,0.3411998748779297,2026-04-21T08:38:51.822123+00:00
NR-Aromatase,klekota_roth,KNeighbors,smoteenn,roc_auc,"{'n_neighbors': 5, 'weights': 'uniform'}",0.0405719975468473,1586,0.5907944514501892,0.720767854647015,0.4045482339452062,0.6420763260025873,0.0405719975468473,0.923469387755102,0.9232208762139889,0.923300579014562,0.9719552430612944,0.9489400187228458,8036.0,0.7196765498652291,0.7784313277597577,0.4759887005649718,0.5010628761685235,0.0777813066388653,742.0,35.25318002700806,30.42971920967102,2026-04-23T21:46:26.859045+00:00
NR-Aromatase,klekota_roth,DecisionTree,smoten,roc_auc,"{'ccp_alpha': 0.001, 'criterion': 'entropy', 'max_depth': 15, 'min_samples_leaf': 20}",0.0549696600528503,1586,0.860655737704918,0.9035132602722826,0.5075413033001895,0.7074304657179818,0.0549696600528503,0.9469198928658388,0.9469081806822311,0.9469081806822311,0.9807743897728696,0.9788089735025284,8214.0,0.8530997304582211,0.8608273426807483,0.5372979776309391,0.5460238186707644,0.1122508729100072,742.0,1.0297551155090332,1.0078442096710205,2026-04-22T08:37:09.545354+00:00
NR-Aromatase,klekota_roth,XGBoost,smoten_enn,roc_auc,"{'colsample_bytree': 0.8, 'learning_rate': 0.1, 'max_depth': 7, 'min_child_weight': 10, 'n_estimators': 200, 'scale_pos_weight': 1, 'subsample': 0.8}",0.03795833594856321,1586,0.9230769230769231,0.9372376472968189,0.5107166337935569,0.6028379689521345,0.03795833594856321,0.9868306621940613,0.9868313502816587,0.986826619679427,0.998655202160077,0.998081079629405,8049.0,0.889487870619946,0.8726042262737636,0.4939282030808131,0.5158791138430017,0.10147029550360513,742.0,14.664731979370117,14.340433835983276,2026-04-30T00:02:12.673430+00:00
NR-Aromatase,maccs,RandomForest,none,roc_auc,"{'max_depth': 5, 'max_features': 'sqrt', 'min_samples_leaf': 5, 'n_estimators': 100}",0.6134888185056689,1586,0.9829760403530896,0.9800037736203748,0.7668497879314193,0.9118935963777488,0.6134888185056689,0.8738511029411765,0.8999307507916531,0.6673219748134989,0.9109275850588592,0.4998975769171009,4352.0,0.8517520215633423,0.8699345255913906,0.6104206044637913,0.7702522730183122,0.2547483604469698,742.0,0.2814180850982666,0.2660169601440429,2026-04-21T17:25:33.505650+00:00
NR-Aromatase,maccs,RandomForest,random_over,roc_auc,"{'max_depth': 5, 'max_features': 'log2', 'min_samples_leaf': 10, 'n_estimators': 100}",0.6448120185590034,1586,0.9842370744010088,0.9821534262791534,0.7975667161900677,0.9206824062095732,0.6448120185590034,0.8128804480155831,0.8128283799148084,0.8128283799148084,0.9023661491432404,0.9041572343656888,8214.0,0.8086253369272237,0.8425658966270205,0.5826308784383318,0.7557817902420284,0.2290302202396409,742.0,0.3162448406219482,0.2339117527008056,2026-04-21T17:25:53.402234+00:00
NR-Aromatase,maccs,RandomForest,random_under,roc_auc,"{'max_depth': 5, 'max_features': 'sqrt', 'min_samples_leaf': 20, 'n_estimators': 200}",0.6417734922701734,1586,0.9842370744010088,0.983499120288463,0.824733564075022,0.9005417205692109,0.6417734922701734,0.7619047619047619,0.7677592150519313,0.7481107079141707,0.8563431903373595,0.7597259318497678,735.0,0.72911051212938,0.7905214415547646,0.5539198238913199,0.7530541682673837,0.2197342000408334,742.0,0.4662501811981201,0.3264698982238769,2026-04-21T17:25:58.238960+00:00
NR-Aromatase,maccs,RandomForest,smote,roc_auc,"{'max_depth': 15, 'max_features': 'sqrt', 'min_samples_leaf': 20, 'n_estimators': 200}",0.3205596591876472,1586,0.9583858764186634,0.9613901615076508,0.6382149226494132,0.7819615135834412,0.3205596591876472,0.907718529340151,0.9077184418043932,0.9077184418043932,0.9723882965349412,0.9698194187754242,8214.0,0.8935309973045822,0.8955727428852528,0.6391294979530273,0.7401331796644897,0.2646591126684797,742.0,0.8243210315704346,0.726996898651123,2026-04-21T17:26:14.229681+00:00
NR-Aromatase,maccs,LogisticRegression,smoteenn,roc_auc,"{'C': 0.001, 'l1_ratio': 0.0}",0.2937935416317265,1586,0.8474148802017655,0.8967316011468358,0.5290534737048762,0.7770536869340232,0.2937935416317265,0.7421033073206986,0.742121146537145,0.7420938059988957,0.8316217124840423,0.8233167137832255,8073.0,0.7601078167115903,0.8095068755489289,0.5420705914985091,0.697323600973236,0.1826401517094345,742.0,0.0337510108947753,0.0300111770629882,2026-04-21T08:39:02.845889+00:00
NR-Aromatase,maccs,RandomForest,smoten,roc_auc,"{'max_depth': 15, 'max_features': 'log2', 'min_samples_leaf': 20, 'n_estimators': 200}",0.4084242048373468,1586,0.9798234552332912,0.9760681414729784,0.7189998449715412,0.8453023932729624,0.4084242048373468,0.9370586803019236,0.9370519395117628,0.9370519395117628,0.9823915578461212,0.9827299329540846,8214.0,0.9029649595687332,0.899584929132811,0.6342525399129173,0.7626712767319759,0.2449103983704729,742.0,0.5632162094116211,0.4193179607391357,2026-04-21T17:26:39.706063+00:00
NR-Aromatase,maccs,RandomForest,smoten_enn,roc_auc,"{'max_depth': 15, 'max_features': 'log2', 'min_samples_leaf': 20, 'n_estimators': 200}",0.3914184016335227,1586,0.9798234552332912,0.9760681414729784,0.7189998449715412,0.8391898447606727,0.3914184016335227,0.952731354452482,0.9527360271531928,0.9527301184477776,0.9899435186739878,0.9883714558105756,8018.0,0.908355795148248,0.9003583857010805,0.621337656099904,0.7448456908695096,0.2306056328470872,742.0,0.4940869808197021,0.4781641960144043,2026-04-21T17:26:40.441003+00:00
NR-Aromatase,map4,RUSBoost,none,roc_auc,"{'learning_rate': 0.01, 'n_estimators': 50, 'sampling_strategy': 'auto'}",0.2713626704881245,1586,0.9558638083228248,0.9613834998310452,0.6645029494246204,0.8618531694695989,0.2713626704881245,0.7587316176470589,0.8230313021687076,0.576676756908184,0.93563751285759,0.6990168360769958,4352.0,0.7331536388140162,0.7912735849056604,0.5267857142857143,0.6712255090280446,0.2330555663297129,742.0,1.465400218963623,1.2417850494384766,2026-04-29T18:37:21.533641+00:00
NR-Aromatase,map4,RandomForest,random_over,roc_auc,"{'max_depth': 15, 'max_features': 'log2', 'min_samples_leaf': 5, 'n_estimators': 200}",0.3612336094313389,1586,0.974779319041614,0.9623300301649652,0.4936143039591315,0.8607697283311772,0.3612336094313389,0.9976868760652544,0.9976868636887208,0.9976868636887206,0.99960903987319,0.9994745293654228,8214.0,0.9258760107816713,0.8927571567229555,0.5146000594707106,0.686694839288001,0.1862718396194051,742.0,0.8322539329528809,0.7854127883911133,2026-04-21T17:26:55.144233+00:00
NR-Aromatase,map4,XGBoost,random_under,roc_auc,"{'colsample_bytree': 0.8, 'learning_rate': 0.1, 'max_depth': 3, 'min_child_weight': 10, 'n_estimators': 100, 'scale_pos_weight': 1, 'subsample': 0.8}",0.3486594010201078,1586,0.9684741488020177,0.9684741488020177,0.6794146183699871,0.8627829883570504,0.3486594010201078,0.9510204081632653,0.9500837116177918,0.9429121286915098,0.9886713869221158,0.9734314901038895,735.0,0.8423180592991913,0.860104636101921,0.5736951429707872,0.6871046228710462,0.18595435215400755,742.0,0.15482711791992188,0.13643288612365723,2026-04-30T00:05:03.647715+00:00
NR-Aromatase,map4,KNeighbors,smote,roc_auc,"{'n_neighbors': 15, 'weights': 'distance'}",0.033191627266163,1586,0.682219419924338,0.7900124896673646,0.4308612440191387,0.5809427554980595,0.033191627266163,0.9930606281957634,0.9930605293540344,0.9930605293540344,0.9957038553962724,0.9922292968204632,8214.0,0.7452830188679245,0.7982139351277097,0.5188810325130454,0.6489563324369317,0.1255992913757706,742.0,32.668293952941895,29.439122915267944,2026-04-23T21:58:41.051129+00:00
NR-Aromatase,map4,KNeighbors,smoteenn,roc_auc,"{'n_neighbors': 15, 'weights': 'distance'}",0.0349153081546636,1586,0.6916771752837326,0.7966521117533902,0.4332216420446448,0.5727765200517465,0.0349153081546636,0.9958282208588956,0.9958282841693016,0.9958281394598024,0.9974666057919732,0.9953615645484905,8150.0,0.7506738544474394,0.8015240187797994,0.5189231054990731,0.6498783454987835,0.1303520775147176,742.0,33.96364903450012,29.658910989761353,2026-04-23T21:59:35.340488+00:00
NR-Aromatase,map4,KNeighbors,smoten,roc_auc,"{'n_neighbors': 15, 'weights': 'distance'}",0.0463014559156725,1586,0.7837326607818411,0.8576218258638513,0.497501817405899,0.7154349935316946,0.0463014559156725,0.9841733625517408,0.9841699839698518,0.9841699839698516,0.98640167816722,0.9735096004323668,8214.0,0.637466307277628,0.7219644653703758,0.4579602699363178,0.597874247662953,0.0923529710449814,742.0,34.618557929992676,30.880615949630737,2026-04-23T22:00:09.818091+00:00
NR-Aromatase,map4,KNeighbors,smoten_enn,roc_auc,"{'n_neighbors': 15, 'weights': 'distance'}",0.040745055684743,1586,0.7641866330390921,0.8450566891751821,0.4847303443794671,0.6830449547218629,0.040745055684743,0.9854482673572572,0.9854481956562636,0.9854482653655632,0.9879322269714912,0.9760810096419914,8109.0,0.6293800539083558,0.7158138601549441,0.4484225777763361,0.5796901011653222,0.0845395534237615,742.0,34.766828775405884,29.252935886383057,2026-04-23T22:01:53.938329+00:00
NR-Aromatase,mhfp,XGBoost,none,roc_auc,"{'colsample_bytree': 0.8, 'learning_rate': 0.05, 'max_depth': 7, 'min_child_weight': 1, 'n_estimators': 200, 'scale_pos_weight': 8, 'subsample': 0.8}",0.21018707931286235,1586,0.9754098360655737,0.9649757346052638,0.5402796048964302,0.798706338939198,0.21018707931286235,0.9986213235294118,0.9986291583961683,0.9935861158272024,0.9999766451503903,0.9994861427377574,4352.0,0.9258760107816711,0.8927571567229555,0.5146000594707106,0.681572544499936,0.25425363857844546,742.0,5.254182815551758,5.12750506401062,2026-04-30T00:06:42.253715+00:00
NR-Aromatase,mhfp,XGBoost,random_over,roc_auc,"{'colsample_bytree': 0.8, 'learning_rate': 0.1, 'max_depth': 5, 'min_child_weight': 1, 'n_estimators': 100, 'scale_pos_weight': 1, 'subsample': 0.8}",0.17666160047569465,1586,0.969735182849937,0.9608011484215261,0.5123126201153106,0.7872250970245795,0.17666160047569465,0.9990260530801072,0.999026052156247,0.9990260521562468,0.999720941797423,0.9996285252026811,8214.0,0.9258760107816711,0.8927571567229555,0.5146000594707106,0.6543731591753106,0.20790199323291178,742.0,3.8735179901123047,3.8132269382476807,2026-04-30T00:07:23.561635+00:00
NR-Aromatase,mhfp,XGBoost,random_under,roc_auc,"{'colsample_bytree': 0.8, 'learning_rate': 0.1, 'max_depth': 7, 'min_child_weight': 1, 'n_estimators': 200, 'scale_pos_weight': 1, 'subsample': 0.8}",0.2415122960667412,1586,0.9634300126103404,0.9634300126103404,0.628120957309185,0.7926423027166882,0.2415122960667412,0.9972789115646259,0.9972816599331639,0.9969449847872712,0.9999708454810495,0.999900311442432,735.0,0.9177897574123989,0.8941460054374774,0.5488372556642046,0.6428223844282237,0.18751664195304082,742.0,0.9554839134216309,0.9373459815979004,2026-04-30T00:07:49.121025+00:00
NR-Aromatase,mhfp,RandomForest,smote,roc_auc,"{'max_depth': 5, 'max_features': 'log2', 'min_samples_leaf': 5, 'n_estimators': 100}",0.1726489792707543,1586,0.9709962168978562,0.9624344339039628,0.5326329276105061,0.840523932729625,0.1726489792707543,0.9749208668127588,0.9749085482747428,0.9749085482747428,0.9969121886777306,0.994610099565457,8214.0,0.9245283018867924,0.8895756017304799,0.4976060356918315,0.59764374439749,0.1574329561678241,742.0,0.510565996170044,0.4410371780395508,2026-04-21T17:28:18.917449+00:00
NR-Aromatase,mhfp,LogisticRegression,smoteenn,roc_auc,"{'C': 0.001, 'l1_ratio': 0.0}",0.297562605663859,1586,0.971626733921816,0.96452238954292,0.5682578475200687,0.8187257438551099,0.297562605663859,0.9781494140625,0.9781415264022733,0.9781403296538252,0.9972399870180146,0.997383466719326,8192.0,0.9245283018867924,0.8895756017304799,0.4976060356918315,0.6508387757715456,0.1747001290759638,742.0,0.9979147911071776,0.971776008605957,2026-04-21T08:39:23.168465+00:00
NR-Aromatase,mhfp,RandomForest,smoten,roc_auc,"{'max_depth': 5, 'max_features': 'sqrt', 'min_samples_leaf': 5, 'n_estimators': 100}",0.2290622592748714,1586,0.9703656998738966,0.9611386647878762,0.5128833473831416,0.8311610608020699,0.2290622592748714,0.976381787192598,0.9763723683293573,0.9763723683293573,0.9939209539035808,0.9935738096066772,8214.0,0.9231805929919138,0.886305124315993,0.4800280308339173,0.6266359328979382,0.1498684730289031,742.0,1.2062342166900637,1.025413990020752,2026-04-21T17:28:32.180425+00:00
NR-Aromatase,mhfp,LogisticRegression,smoten_enn,roc_auc,"{'C': 0.001, 'l1_ratio': 0.0}",0.2894092959740781,1586,0.971626733921816,0.96452238954292,0.5682578475200687,0.8103816300129365,0.2894092959740781,0.9826257188302948,0.9826209801023388,0.9826193052071128,0.9959043507952722,0.996592759856119,8173.0,0.9231805929919138,0.8888574169674266,0.4969491525423729,0.6477653988987065,0.1682839494290467,742.0,1.1652960777282717,1.0332200527191162,2026-04-21T08:39:36.861742+00:00
NR-Aromatase,morgan_2048,XGBoost,none,roc_auc,"{'colsample_bytree': 0.8, 'learning_rate': 0.05, 'max_depth': 3, 'min_child_weight': 10, 'n_estimators': 100, 'scale_pos_weight': 8, 'subsample': 0.8}",0.44928973061080085,1586,0.9817150063051703,0.9771366510387708,0.7217661684018221,0.8612386804657179,0.44928973061080085,0.9547334558823529,0.9504720839892703,0.7472940808894508,0.9155443916061676,0.5743267836806036,4352.0,0.9231805929919138,0.8975104712576261,0.5545139510633144,0.7291714688180305,0.2267533890706886,742.0,1.104975938796997,1.1390340328216553,2026-04-30T00:11:40.584840+00:00
NR-Aromatase,morgan_2048,RandomForest,random_over,roc_auc,"{'max_depth': 15, 'max_features': 'sqrt', 'min_samples_leaf': 5, 'n_estimators': 100}",0.4775960481573813,1586,0.980453972257251,0.9755598683517894,0.702577628291603,0.8736416558861578,0.4775960481573813,0.9001704407109813,0.8994017887312702,0.8994017887312702,0.989646270754991,0.9868445408618084,8214.0,0.9272237196765498,0.8980352836682336,0.5455287872601062,0.7212191061595595,0.2157943594310943,742.0,1.6860389709472656,1.6981728076934814,2026-04-21T17:29:34.293316+00:00
NR-Aromatase,morgan_2048,XGBoost,random_under,roc_auc,"{'colsample_bytree': 0.8, 'learning_rate': 0.1, 'max_depth': 7, 'min_child_weight': 1, 'n_estimators': 200, 'scale_pos_weight': 1, 'subsample': 0.8}",0.5168736344182687,1586,0.9817150063051703,0.9796493375614028,0.7722561956871581,0.8564763906856403,0.5168736344182687,0.9931972789115646,0.9931867065228668,0.9923232947792138,0.9989462723865056,0.9975085727216456,735.0,0.8571428571428571,0.8723581066609553,0.6069365317341329,0.7519144576770392,0.2758396571425516,742.0,0.570375919342041,0.562237024307251,2026-04-30T00:12:20.292928+00:00
NR-Aromatase,morgan_2048,LogisticRegression,smote,roc_auc,"{'C': 0.01, 'l1_ratio': 1.0}",0.1157429653081447,1586,0.8354350567465322,0.8890706762029469,0.5062496197983948,0.6760996119016818,0.1157429653081447,0.7766009252495739,0.7764534145392806,0.7764534145392807,0.8524539187876009,0.8539731310072791,8214.0,0.7318059299191375,0.7884768047366812,0.5037623296533413,0.6042515046740939,0.1042582209258978,742.0,0.2089419364929199,0.1629500389099121,2026-04-21T08:39:45.137088+00:00
NR-Aromatase,morgan_2048,LogisticRegression,smoteenn,roc_auc,"{'C': 0.01, 'l1_ratio': 1.0}",0.1135709681158186,1586,0.8007566204287516,0.8679674050073146,0.4874431885587587,0.6602199223803363,0.1135709681158186,0.7824858757062146,0.7823411974811364,0.7823830321486289,0.8588679405819966,0.8563171617999711,8142.0,0.7264150943396226,0.7848139495117232,0.5005156468134353,0.5974388526059674,0.1023089636988863,742.0,0.1926531791687011,0.1573560237884521,2026-04-21T08:39:45.786190+00:00
NR-Aromatase,morgan_2048,XGBoost,smoten,roc_auc,"{'colsample_bytree': 0.8, 'learning_rate': 0.05, 'max_depth': 7, 'min_child_weight': 1, 'n_estimators': 200, 'scale_pos_weight': 1, 'subsample': 0.8}",0.1594816909749014,1586,0.957124842370744,0.9576338346911671,0.5743626174125819,0.7663001293661061,0.1594816909749014,0.9749208668127587,0.9749198616712278,0.9749198616712278,0.9964915263712967,0.996282632939361,8214.0,0.9016172506738545,0.8792734266846187,0.5000323060024552,0.6333845562812139,0.12532275003544532,742.0,4.350834131240845,4.246534824371338,2026-04-30T00:13:59.402315+00:00
NR-Aromatase,morgan_2048,LogisticRegression,smoten_enn,roc_auc,"{'C': 0.01, 'l1_ratio': 1.0}",0.1643945816982983,1586,0.9741488020176544,0.9696353599420507,0.6459570853773405,0.6835705045278136,0.1643945816982983,0.8394694434114293,0.8393903897088484,0.8394339136574603,0.9179256037364144,0.9062988463115909,8067.0,0.784366576819407,0.8211609043605778,0.5171235662572196,0.6212703291074402,0.1177105476491453,742.0,0.1398131847381591,0.1228868961334228,2026-04-21T08:39:49.114432+00:00
NR-Aromatase,morgan_4096,RandomForest,none,roc_auc,"{'max_depth': 10, 'max_features': 'sqrt', 'min_samples_leaf': 5, 'n_estimators': 100}",0.3840045139564307,1586,0.9653215636822194,0.9666773297444876,0.6749939454907878,0.8609233505821474,0.3840045139564307,0.9574908088235294,0.95575326802028,0.7836921761702995,0.9436109578966722,0.6313935942662294,4352.0,0.9097035040431268,0.8923717065165981,0.5625423475269045,0.7355487258291714,0.2115370301237562,742.0,0.4929461479187011,0.4442548751831054,2026-04-21T17:31:05.965311+00:00
NR-Aromatase,morgan_4096,RandomForest,random_over,roc_auc,"{'max_depth': 15, 'max_features': 'sqrt', 'min_samples_leaf': 10, 'n_estimators': 200}",0.4191537529767816,1586,0.978562421185372,0.9734909031221296,0.6797329722281614,0.8616833764553687,0.4191537529767816,0.8800827854881909,0.8785693722996236,0.8785693722996237,0.987977286903313,0.986497824341842,8214.0,0.9231805929919138,0.895551925038542,0.541453894942267,0.7253169419900115,0.2139126017607095,742.0,5.251021862030029,4.777740955352783,2026-04-21T17:31:11.786371+00:00
NR-Aromatase,morgan_4096,XGBoost,random_under,roc_auc,"{'colsample_bytree': 0.8, 'learning_rate': 0.1, 'max_depth': 5, 'min_child_weight': 1, 'n_estimators': 200, 'scale_pos_weight': 1, 'subsample': 0.8}",0.4882542369266755,1586,0.9773013871374527,0.9760696416222593,0.7441935483870967,0.8619582794307892,0.4882542369266755,0.9700680272108844,0.969803263687662,0.9657490722383204,0.9961057892544773,0.9898288041551468,735.0,0.8584905660377359,0.8683954105300454,0.5721933942838316,0.7080035856063516,0.2050058148271132,742.0,1.1391820907592773,1.0322291851043701,2026-04-30T00:14:58.815939+00:00
NR-Aromatase,morgan_4096,LogisticRegression,smote,roc_auc,"{'C': 0.1, 'l1_ratio': 1.0}",0.1779586599625804,1586,0.9092055485498108,0.931878364501553,0.5524865775757338,0.6487225097024579,0.1779586599625804,0.9206233260287314,0.9206069413793954,0.9206069413793954,0.9694976104566848,0.9720713790787596,8214.0,0.8611859838274932,0.8617388239719348,0.5145552132626163,0.5531950313740556,0.0990151407976037,742.0,0.4031541347503662,0.3357970714569092,2026-04-21T08:39:59.744511+00:00
NR-Aromatase,morgan_4096,LogisticRegression,smoteenn,roc_auc,"{'C': 0.1, 'l1_ratio': 1.0}",0.1683580570096971,1586,0.9029003783102144,0.9280409106844072,0.5416976274646672,0.6161465071151359,0.1683580570096971,0.927319524451526,0.9273047570433776,0.9273102822641136,0.9759975684977686,0.9765290289933926,8159.0,0.8706199460916442,0.8673081343112058,0.520671834625323,0.531809450633884,0.0951648591323393,742.0,0.3725581169128418,0.2980031967163086,2026-04-21T08:40:00.533023+00:00
NR-Aromatase,morgan_4096,XGBoost,smoten,roc_auc,"{'colsample_bytree': 0.8, 'learning_rate': 0.1, 'max_depth': 7, 'min_child_weight': 5, 'n_estimators': 100, 'scale_pos_weight': 1, 'subsample': 0.8}",0.13913190120495386,1586,0.9470365699873896,0.951745493113071,0.5577655915977321,0.7727684346701164,0.13913190120495386,0.9726077428780131,0.9726043804382395,0.9726043804382395,0.9921903424756168,0.9926336640445593,8214.0,0.9070080862533693,0.882244970595026,0.5029465161208897,0.5734152900499424,0.1092594875215831,742.0,6.298006057739258,6.2739551067352295,2026-04-30T00:16:56.932579+00:00
NR-Aromatase,morgan_4096,XGBoost,smoten_enn,roc_auc,"{'colsample_bytree': 0.8, 'learning_rate': 0.1, 'max_depth': 7, 'min_child_weight': 1, 'n_estimators': 200, 'scale_pos_weight': 1, 'subsample': 0.8}",0.15607598013033586,1586,0.9501891551071879,0.9526349762038172,0.5433675793678272,0.7661222509702459,0.15607598013033586,0.9941968144215335,0.9941965891112766,0.9941952253913007,0.9997800568265823,0.9997640930093438,8099.0,0.9177897574123989,0.8882222355675624,0.5092752209031279,0.5793827634780382,0.14374133209124235,742.0,10.61768913269043,10.447871208190918,2026-04-30T00:20:16.600153+00:00
NR-Aromatase,pubchem,BernoulliNB,none,roc_auc,{'alpha': 1.0},0.5970900467308721,1586,0.9842370744010088,0.9821534262791534,0.7975667161900677,0.8796410090556275,0.5970900467308721,0.7699908088235294,0.8290498378772364,0.547114151591184,0.7649692163205677,0.1658723950091432,4352.0,0.7358490566037735,0.7946531507465624,0.5484600099354198,0.7222179536432322,0.1716941330340452,742.0,0.0150747299194335,0.0046279430389404,2026-04-21T14:13:39.214586+00:00
NR-Aromatase,pubchem,BernoulliNB,random_over,roc_auc,{'alpha': 1.0},0.5598961390761946,1586,0.9842370744010088,0.9821534262791534,0.7975667161900677,0.8714666882276844,0.5598961390761946,0.7140248356464572,0.7139927503430921,0.7139927503430921,0.773583397228591,0.7477530369006368,8214.0,0.6873315363881402,0.7598679702133492,0.5201159678858163,0.7142399795108209,0.1668210533692656,742.0,0.0784060955047607,0.0922079086303711,2026-04-21T14:13:39.990140+00:00
NR-Aromatase,pubchem,RandomForest,random_under,roc_auc,"{'max_depth': 10, 'max_features': 'log2', 'min_samples_leaf': 20, 'n_estimators': 100}",0.5864965498924866,1586,0.9861286254728878,0.9846886810352552,0.8297918008156256,0.8743450840879691,0.5864965498924866,0.7278911564625851,0.7334624994706305,0.7081851098970906,0.8105247813411078,0.7068857797716037,735.0,0.6954177897574124,0.7659141655132221,0.5278941441441442,0.746843385836855,0.2686548825667041,742.0,0.2040271759033203,0.1746811866760254,2026-04-21T17:33:54.455558+00:00
NR-Aromatase,pubchem,RandomForest,smote,roc_auc,"{'max_depth': 5, 'max_features': 'log2', 'min_samples_leaf': 20, 'n_estimators': 200}",0.4334553168235708,1586,0.9829760403530896,0.9803767536824748,0.7743490838958533,0.8084168822768435,0.4334553168235708,0.8063063063063063,0.8059146220161736,0.8059146220161737,0.8944500736299841,0.8920002434359586,8214.0,0.8450134770889488,0.861184933655919,0.5710227986828544,0.7261621206300423,0.2134975671568799,742.0,0.717879056930542,0.6156411170959473,2026-04-21T17:34:02.550116+00:00
NR-Aromatase,pubchem,RandomForest,smoteenn,roc_auc,"{'max_depth': 10, 'max_features': 'log2', 'min_samples_leaf': 20, 'n_estimators': 100}",0.4317587827464449,1586,0.9810844892812106,0.977563882630917,0.7365623546608199,0.8075840879689522,0.4317587827464449,0.8663537549407114,0.8662556629867224,0.8661867650666586,0.9405625636070172,0.9373594168250192,8096.0,0.8867924528301887,0.8876856259060143,0.6072292800967938,0.729773338455628,0.2287641755106214,742.0,0.3693161010742187,0.2837281227111816,2026-04-21T17:34:09.310609+00:00
NR-Aromatase,pubchem,XGBoost,smoten,roc_auc,"{'colsample_bytree': 0.8, 'learning_rate': 0.1, 'max_depth': 7, 'min_child_weight': 10, 'n_estimators': 200, 'scale_pos_weight': 1, 'subsample': 0.8}",0.21484247920404423,1586,0.937578814627995,0.9470708304868913,0.5607201309328969,0.8113437904269081,0.21484247920404423,0.9812515217920623,0.9812507703755782,0.9812507703755781,0.9978208915882893,0.9979847609224681,8214.0,0.9164420485175202,0.8996977254052726,0.590420227920228,0.7524138814188757,0.27322658293602703,742.0,2.3523757457733154,2.348145008087158,2026-04-30T00:23:18.902199+00:00
NR-Aromatase,pubchem,DecisionTree,smoten_enn,roc_auc,"{'ccp_alpha': 0.001, 'criterion': 'entropy', 'max_depth': 5, 'min_samples_leaf': 50}",0.3801914406202682,1586,0.8997477931904161,0.9275467726473898,0.5697240114319839,0.7963939197930142,0.3801914406202682,0.8437345220406142,0.8407607379538256,0.8411097024129894,0.8943793950228957,0.8567764473911783,8076.0,0.7075471698113207,0.7736834234947442,0.5157109557109557,0.6837495197848636,0.1445709060958849,742.0,0.1626448631286621,0.160315990447998,2026-04-22T08:48:27.815414+00:00
NR-Aromatase,rdkit,RUSBoost,none,roc_auc,"{'learning_rate': 0.02, 'n_estimators': 50, 'sampling_strategy': 'auto'}",0.5594586389148568,1586,0.9829760403530896,0.9807257003814857,0.7813720534852732,0.8970326649417852,0.5594586389148568,0.7899816176470589,0.8443146734611343,0.5939157933251444,0.9147562896597644,0.6717741818189475,4352.0,0.7506738544474394,0.8027850278157951,0.5323237313254859,0.7203611217825585,0.1713782430125474,742.0,1.269279956817627,1.1978051662445068,2026-04-29T18:40:16.706583+00:00
NR-Aromatase,rdkit,RandomForest,random_over,roc_auc,"{'max_depth': 10, 'max_features': 'log2', 'min_samples_leaf': 20, 'n_estimators': 200}",0.5687769829849387,1586,0.9791929382093316,0.9727143816595726,0.6579819247583759,0.8898447606727038,0.5687769829849387,0.9392500608716824,0.939172663779995,0.939172663779995,0.979863137573441,0.9811082643449294,8214.0,0.889487870619946,0.8798439356983617,0.5433777617675312,0.7327442694327058,0.1915736263429836,742.0,1.0536870956420898,0.9417037963867188,2026-04-21T17:34:58.211006+00:00
NR-Aromatase,rdkit,XGBoost,random_under,roc_auc,"{'colsample_bytree': 0.8, 'learning_rate': 0.05, 'max_depth': 3, 'min_child_weight': 1, 'n_estimators': 100, 'scale_pos_weight': 1, 'subsample': 0.8}",0.6001149080179738,1586,0.9798234552332913,0.9738674322810176,0.6748750800768738,0.896248382923674,0.6001149080179738,0.9387755102040817,0.9371174398236531,0.9276702946328407,0.9779550187421907,0.9668961420202291,735.0,0.8382749326145552,0.8568462322186255,0.5652768284347232,0.7231015494941734,0.1909857473685192,742.0,0.3035590648651123,0.30576610565185547,2026-04-30T00:24:27.303480+00:00
NR-Aromatase,rdkit,LogisticRegression,smote,roc_auc,"{'C': 0.01, 'l1_ratio': 1.0}",0.1866523155221993,1586,0.8978562421185372,0.9249453540903018,0.5326741749607125,0.6002587322121604,0.1866523155221993,0.793036279522766,0.7928090843389497,0.7928090843389497,0.8806361293874372,0.8769252412377239,8214.0,0.7587601078167115,0.8072915315237872,0.5276792921839383,0.6351005250352157,0.1489883463793239,742.0,0.440209150314331,0.3756651878356933,2026-04-21T08:40:29.058238+00:00
NR-Aromatase,rdkit,LogisticRegression,smoteenn,roc_auc,"{'C': 0.01, 'l1_ratio': 1.0}",0.1824187763479121,1586,0.8972257250945775,0.9245850202564267,0.5321745582207584,0.5998140362225097,0.1824187763479121,0.7994495183285375,0.7993460809496368,0.7994168538930951,0.8870874463229556,0.8781635147637153,7993.0,0.7695417789757413,0.8148682997744886,0.5385085418947476,0.6248559354590857,0.1444402268715864,742.0,0.4478237628936767,0.3221707344055176,2026-04-21T08:40:30.548588+00:00
NR-Aromatase,rdkit,DecisionTree,smoten,roc_auc,"{'ccp_alpha': 0.001, 'criterion': 'gini', 'max_depth': 5, 'min_samples_leaf': 50}",0.1313841194379088,1586,0.7011349306431274,0.8032666437435815,0.4317440352187414,0.6621684993531695,0.1313841194379088,0.8619430241051863,0.861516229256818,0.861516229256818,0.8987616028956127,0.845540795266041,8214.0,0.7547169811320755,0.8015402387370042,0.4952380952380952,0.545191445767704,0.0868092224657266,742.0,0.940675973892212,0.9175901412963868,2026-04-22T08:49:52.378571+00:00
NR-Aromatase,rdkit,DecisionTree,smoten_enn,roc_auc,"{'ccp_alpha': 0.001, 'criterion': 'gini', 'max_depth': 5, 'min_samples_leaf': 50}",0.220458907008059,1586,0.5800756620428752,0.7135252905469177,0.3883227977846393,0.6389149417852522,0.220458907008059,0.8484022789199901,0.8471244891075662,0.8473447976959151,0.9134276394817752,0.8761560299879878,8074.0,0.7021563342318059,0.7671593421848821,0.4734766875479622,0.5242668715584582,0.1052209477492236,742.0,0.9220290184020996,0.9581959247589112,2026-04-22T08:50:06.098280+00:00
NR-Aromatase,topological_torsion,BernoulliNB,none,roc_auc,{'alpha': 1.0},0.5069558640941152,1586,0.9817150063051704,0.9785225716663288,0.7495794018522652,0.8877587322121604,0.5069558640941152,0.9055606617647058,0.9156988166753216,0.6529232846968149,0.8644454713952783,0.2939951282163139,4352.0,0.8935309973045822,0.8848537170025489,0.5643047740803782,0.7413113074657446,0.1815936045352321,742.0,0.03902268409729,0.0106890201568603,2026-04-21T14:13:59.892857+00:00
NR-Aromatase,topological_torsion,BernoulliNB,random_over,roc_auc,{'alpha': 50.0},0.5789290079992978,1586,0.9823455233291298,0.979459840874144,0.7621679520137103,0.8526358344113842,0.5789290079992978,0.7798879961042123,0.7781645460897965,0.7781645460897965,0.8754723669240085,0.8709951898636555,8214.0,0.8517520215633423,0.8655350270212282,0.5770107794361525,0.7433730311179408,0.2172787258060072,742.0,0.3157100677490234,0.3108952045440674,2026-04-21T14:14:01.121513+00:00
NR-Aromatase,topological_torsion,BernoulliNB,random_under,roc_auc,{'alpha': 10.0},0.5348967532115042,1586,0.974779319041614,0.9623300301649652,0.4936143039591315,0.886917852522639,0.5348967532115042,0.6748299319727891,0.5586582023752623,0.4365033794079059,0.8103206997084548,0.6334373875143039,735.0,0.9204851752021564,0.8874226246978123,0.4956625923067175,0.7131002689204763,0.1492211239062032,742.0,0.0446860790252685,0.0224900245666503,2026-04-21T14:14:03.859833+00:00
NR-Aromatase,topological_torsion,LogisticRegression,smote,roc_auc,"{'C': 0.01, 'l1_ratio': 1.0}",0.0705570729877564,1586,0.2459016393442623,0.3692944166766175,0.2104657648283038,0.5317027813712807,0.0705570729877564,0.757608960311663,0.7576034958652789,0.7576034958652789,0.8335565739668163,0.8223165953203115,8214.0,0.5876010781671159,0.6838653511796164,0.4210220318237454,0.4891407350493021,0.1426242069837933,742.0,0.1792089939117431,0.1427900791168213,2026-04-21T08:40:43.655076+00:00
NR-Aromatase,topological_torsion,LogisticRegression,smoteenn,roc_auc,"{'C': 0.01, 'l1_ratio': 1.0}",0.0767606932686185,1586,0.2944514501891551,0.4307828101945098,0.2425930501871182,0.5153541397153946,0.0767606932686185,0.7763271338834832,0.77565059154086,0.7757801712234189,0.8400142887626383,0.8234880994396947,8119.0,0.5835579514824798,0.6805961334263221,0.4234654234654235,0.4863875016007171,0.1396043903965912,742.0,0.1431059837341308,0.1287679672241211,2026-04-21T08:40:44.255805+00:00
NR-Aromatase,topological_torsion,KNeighbors,smoten,roc_auc,"{'n_neighbors': 15, 'weights': 'distance'}",0.0254923776619063,1586,0.5189155107187894,0.6618760761241974,0.364912474054481,0.5304818887451488,0.0254923776619063,0.9702946189432676,0.9702713100288688,0.9702713100288688,0.970611145763654,0.9449181590698232,8214.0,0.7628032345013477,0.8076637090950688,0.5079575596816976,0.6072224356511717,0.0962423625208823,742.0,58.20528984069824,51.686280965805054,2026-04-23T22:42:46.835734+00:00
NR-Aromatase,topological_torsion,LogisticRegression,smoten_enn,roc_auc,"{'C': 0.01, 'l1_ratio': 1.0}",0.1400443243432061,1586,0.242749054224464,0.3675486536417032,0.2064962142909215,0.5027166882276842,0.1400443243432061,0.8671962268834554,0.8668785350965776,0.8669824467852022,0.9236051138377516,0.8988483950720941,8057.0,0.6630727762803235,0.7401997945356372,0.4585964953243751,0.5245998207196825,0.127168986196506,742.0,0.1310718059539795,0.1035609245300293,2026-04-21T08:40:47.278387+00:00
NR-ER,atom_pair,XGBoost,none,roc_auc,"{'colsample_bytree': 0.8, 'learning_rate': 0.05, 'max_depth': 5, 'min_child_weight': 1, 'n_estimators': 100, 'scale_pos_weight': 1, 'subsample': 0.8}",0.2410887023116361,1596,0.9442355889724311,0.9183533655360648,0.5071459055470547,0.6761673542404439,0.2410887023116361,0.9260708849749946,0.9126222080577409,0.7708780735975392,0.9504486545147192,0.836285241167805,4599.0,0.9,0.8701314911033062,0.5585033816144669,0.7750457224141434,0.3821545799013309,780.0,1.9184479713439941,1.8501980304718018,2026-04-30T00:31:02.173964+00:00
NR-ER,atom_pair,RandomForest,random_over,roc_auc,"{'max_depth': 10, 'max_features': 'sqrt', 'min_samples_leaf': 20, 'n_estimators': 100}",0.2789842287987421,1596,0.949248120300752,0.9312720576952586,0.6011661807580175,0.6901537001204775,0.2789842287987421,0.8498013902681232,0.8494412601032685,0.8494412601032684,0.9249367510840206,0.928730009579194,8056.0,0.8615384615384616,0.871316695185502,0.6672775530839231,0.7727180358759307,0.4049417289128766,780.0,1.2981808185577393,0.9961051940917968,2026-04-21T17:38:08.482410+00:00
NR-ER,atom_pair,RandomForest,random_under,roc_auc,"{'max_depth': 15, 'max_features': 'sqrt', 'min_samples_leaf': 10, 'n_estimators': 200}",0.2841222218266736,1596,0.949248120300752,0.9320781656955212,0.6083672882049107,0.6834288634953086,0.2841222218266736,0.8400467016929364,0.8388460999859964,0.8174228632777856,0.9097260773951742,0.8533207995130341,1713.0,0.8397435897435898,0.8584290277097454,0.6601733638654496,0.7618554986976039,0.3660508358620766,780.0,0.6095089912414551,0.6236798763275146,2026-04-21T17:38:12.643001+00:00
NR-ER,atom_pair,KNeighbors,smote,roc_auc,"{'n_neighbors': 5, 'weights': 'distance'}",0.0663061705946524,1596,0.7531328320802005,0.8144560220704824,0.4884748542274053,0.5705012595378044,0.0663061705946524,0.9890764647467726,0.989075817703386,0.989075817703386,0.992621288517616,0.9856158757303666,8056.0,0.791025641025641,0.8202322122853445,0.5887978628097196,0.6706877759509339,0.1818373227280906,780.0,14.742054224014282,13.28486967086792,2026-04-23T22:49:02.566990+00:00
NR-ER,atom_pair,KNeighbors,smoteenn,roc_auc,"{'n_neighbors': 5, 'weights': 'distance'}",0.0673409827334091,1596,0.7587719298245614,0.8182532242395641,0.4935175087846843,0.5676937680259939,0.0673409827334091,0.9915751850906306,0.9915764914282876,0.9915714913082898,0.9940302277123718,0.9875056105793216,7834.0,0.7794871794871795,0.8109680409542154,0.5706385375595269,0.6682861946019841,0.1821504488390133,780.0,14.622829914093018,13.16294002532959,2026-04-23T22:49:37.329826+00:00
NR-ER,atom_pair,DecisionTree,smoten,roc_auc,"{'ccp_alpha': 0.001, 'criterion': 'entropy', 'max_depth': 15, 'min_samples_leaf': 10}",0.0884496094798075,1596,0.7850877192982456,0.8339752691636141,0.4934481976875992,0.5960278923734073,0.0884496094798075,0.9226663356504468,0.922659985104588,0.922659985104588,0.9662452208916926,0.9603007205934648,8056.0,0.8205128205128205,0.833188308573799,0.5686931243680485,0.6863534758271601,0.2280646680852194,780.0,1.2747468948364258,1.667226791381836,2026-04-22T08:52:54.984695+00:00
NR-ER,atom_pair,KNeighbors,smoten_enn,roc_auc,"{'n_neighbors': 15, 'weights': 'distance'}",0.0718320110521996,1596,0.8013784461152882,0.8445431190132768,0.5073340169262275,0.5743236829615567,0.0718320110521996,0.9968014329580348,0.9968016944803888,0.9967989655514796,0.9977862525678224,0.9952918496239168,7816.0,0.7948717948717948,0.8233304571069422,0.5949314499376818,0.6727014095435149,0.2272377654051668,780.0,52.79788398742676,48.21132278442383,2026-04-23T22:50:16.682063+00:00
NR-ER,avalon,RUSBoost,none,roc_auc,"{'learning_rate': 0.005, 'n_estimators': 150, 'sampling_strategy': 'auto'}",0.2041948948967978,1596,0.9392230576441104,0.9237580417612437,0.5766543519457897,0.6744478113248877,0.2041948948967978,0.7940856707979995,0.8203467987155564,0.6590950772040218,0.8331039118464967,0.4565036853202955,4599.0,0.8294871794871795,0.846474228731815,0.6202211898564572,0.7141194509615562,0.2858943751480932,780.0,2.957491874694824,2.61952805519104,2026-04-29T18:41:27.174374+00:00
NR-ER,avalon,DecisionTree,random_over,roc_auc,"{'ccp_alpha': 0.001, 'criterion': 'gini', 'max_depth': 5, 'min_samples_leaf': 20}",0.1904162523457959,1596,0.943609022556391,0.9315926803309644,0.6281800391389432,0.6449454200284764,0.1904162523457959,0.7347318768619663,0.7345247911706099,0.7345247911706099,0.8143616272487819,0.7838349992429035,8056.0,0.7769230769230769,0.8115800352319436,0.585587786259542,0.6960614065877222,0.2112250233565425,780.0,0.1696619987487793,0.281292200088501,2026-04-22T08:53:57.393236+00:00
NR-ER,avalon,XGBoost,random_under,roc_auc,"{'colsample_bytree': 0.8, 'learning_rate': 0.05, 'max_depth': 3, 'min_child_weight': 10, 'n_estimators': 100, 'scale_pos_weight': 1, 'subsample': 0.8}",0.18327712494874776,1596,0.9448621553884712,0.9219801280836221,0.5367993351186628,0.6334270380782009,0.18327712494874776,0.8003502626970228,0.7860732009925558,0.7476194168734491,0.8788465254369849,0.8085478247391769,1713.0,0.8910256410256411,0.8814180175157214,0.6408431248273284,0.6897711108237423,0.29141326972084225,780.0,0.1519911289215088,0.14441394805908203,2026-04-30T00:35:24.878750+00:00
NR-ER,avalon,LogisticRegression,smote,roc_auc,"{'C': 0.01, 'l1_ratio': 1.0}",0.1220298085526532,1596,0.9216791979949874,0.9108183770024306,0.536252501795714,0.5312474900514768,0.1220298085526532,0.7858738828202582,0.7858607868287018,0.7858607868287018,0.8593776656749328,0.8639609600093519,8056.0,0.7961538461538461,0.8204490227503973,0.571124751448085,0.6136040346566662,0.2356263775119574,780.0,0.0983617305755615,0.0965468883514404,2026-04-21T08:41:03.098845+00:00
NR-ER,avalon,KNeighbors,smoteenn,roc_auc,"{'n_neighbors': 15, 'weights': 'uniform'}",0.0758521955297412,1596,0.7180451127819549,0.7911406613810851,0.468149706008679,0.5359680186922711,0.0758521955297412,0.8826677107804751,0.8824504357813067,0.8825977788960612,0.9714200650482396,0.965022927361553,7662.0,0.7807692307692308,0.8114092533791037,0.5686161628249206,0.641342299237036,0.2125564082048229,780.0,15.111027002334597,13.440751075744627,2026-04-23T22:55:48.906889+00:00
NR-ER,avalon,XGBoost,smoten,roc_auc,"{'colsample_bytree': 0.8, 'learning_rate': 0.1, 'max_depth': 5, 'min_child_weight': 5, 'n_estimators': 200, 'scale_pos_weight': 1, 'subsample': 0.8}",0.11804563016437382,1596,0.9423558897243107,0.9204965583576303,0.5341328764515515,0.5804570844437953,0.11804563016437382,0.9649950347567031,0.9649948190054117,0.9649948190054118,0.9948658792622449,0.9950456835317208,8056.0,0.8987179487179487,0.8829108176813909,0.6291860989920265,0.677319835214572,0.32918704388527376,780.0,1.2338120937347412,1.2598910331726074,2026-04-30T00:35:36.789823+00:00
NR-ER,avalon,KNeighbors,smoten_enn,roc_auc,"{'n_neighbors': 15, 'weights': 'distance'}",0.08693716823819,1596,0.7901002506265664,0.8378475660927426,0.5052628169835153,0.5775802270818882,0.08693716823819,0.9976786174877482,0.9976787733766428,0.9976754106304878,0.9981747133991208,0.9965823849514012,7754.0,0.7948717948717948,0.8195801112467778,0.5701058201058201,0.6240232029705715,0.2196365282056723,780.0,15.807317018508911,13.877213954925535,2026-04-23T22:56:05.049438+00:00
NR-ER,erg,KNeighbors,none,roc_auc,"{'n_neighbors': 15, 'weights': 'distance'}",0.1691055272070682,1596,0.9429824561403508,0.9187834975577444,0.5162267041953267,0.6611186156036655,0.1691055272070682,0.9726027397260274,0.9714304950876668,0.9317005959228316,0.9923810472054636,0.959546061795409,4599.0,0.8910256410256411,0.8715349367523281,0.5877865443082835,0.6879606879606879,0.2758617815350659,780.0,0.102147102355957,0.0031168460845947,2026-04-23T22:56:11.500800+00:00
NR-ER,erg,KNeighbors,random_over,roc_auc,"{'n_neighbors': 15, 'weights': 'distance'}",0.1522828285161515,1596,0.8634085213032582,0.8827089379559181,0.549894436164928,0.6546858457157461,0.1522828285161515,0.9579195630585898,0.9579194846023472,0.9579194846023472,0.9933352887779584,0.9930955461407476,8056.0,0.7064102564102565,0.7618572107710895,0.537923059610564,0.6693114851009588,0.2337248826295136,780.0,0.1530258655548095,0.0008580684661865,2026-04-23T22:56:14.202355+00:00
NR-ER,erg,DecisionTree,random_under,roc_auc,"{'ccp_alpha': 0.001, 'criterion': 'gini', 'max_depth': 10, 'min_samples_leaf': 50}",0.1748070489575517,1596,0.93796992481203,0.9293681545859248,0.6327119814222055,0.6409696615676683,0.1748070489575517,0.6865148861646234,0.6954640269436694,0.6777825065809178,0.7723261798362783,0.6270154324050766,1713.0,0.632051282051282,0.7062562110012021,0.5118951837097798,0.6821507084664978,0.2095144572626135,780.0,0.0294179916381835,0.0269391536712646,2026-04-22T08:54:37.832455+00:00
NR-ER,erg,DecisionTree,smote,roc_auc,"{'ccp_alpha': 0.001, 'criterion': 'gini', 'max_depth': 10, 'min_samples_leaf': 10}",0.0957348154578778,1596,0.9216791979949874,0.913430766416866,0.5599979709179611,0.6329816363038955,0.0957348154578778,0.8787239324726912,0.8785945394666019,0.8785945394666019,0.9321913623010328,0.9370720776916766,8056.0,0.8333333333333334,0.8409735719232403,0.5752630520742578,0.6383495594021911,0.1985595111403217,780.0,0.240523099899292,0.2933218479156494,2026-04-22T08:54:40.786274+00:00
NR-ER,erg,RandomForest,smoteenn,roc_auc,"{'max_depth': 10, 'max_features': 'log2', 'min_samples_leaf': 20, 'n_estimators': 200}",0.2081144980639836,1596,0.9461152882205514,0.9274616462039432,0.5804057276317881,0.624464240078858,0.2081144980639836,0.891066360318962,0.8905555006291551,0.8893215490989967,0.9584380340287816,0.9540884872300835,7399.0,0.8666666666666667,0.86957735035942,0.641816351401473,0.7173246383772699,0.342001676704598,780.0,0.6689200401306152,0.5323562622070312,2026-04-21T17:40:53.550506+00:00
NR-ER,erg,KNeighbors,smoten,roc_auc,"{'n_neighbors': 15, 'weights': 'distance'}",0.0721097518167428,1596,0.7456140350877193,0.8081318261681202,0.4628187144974682,0.5733525610602022,0.0721097518167428,0.9291211519364448,0.9288633191394812,0.9288633191394812,0.9911721783168268,0.9904783477470605,8056.0,0.8384615384615385,0.8479491223747228,0.6004813086391648,0.6834253939517098,0.269165701217779,780.0,0.1573619842529297,0.000885009765625,2026-04-23T22:56:29.689776+00:00
NR-ER,erg,KNeighbors,smoten_enn,roc_auc,"{'n_neighbors': 15, 'weights': 'distance'}",0.066463655708046,1596,0.7537593984962406,0.8133427245700935,0.4666315185271796,0.5201891132123689,0.066463655708046,0.986004198740378,0.9859777767395188,0.9857217081992766,0.9999107944739724,0.9998289764586432,7145.0,0.8525641025641025,0.8554003775590624,0.6017563565812315,0.6682954314533263,0.2665306323915966,780.0,0.1272370815277099,0.0007758140563964,2026-04-23T22:56:37.294605+00:00
NR-ER,estate,RUSBoost,none,roc_auc,"{'learning_rate': 0.01, 'n_estimators': 50, 'sampling_strategy': 'auto'}",0.2276357500616869,1596,0.9461152882205514,0.9283012618735192,0.5879089205937454,0.6654996166624073,0.2276357500616869,0.7910415307675581,0.8152482462347338,0.6398129938866708,0.7939093595270933,0.4172812557928197,4599.0,0.8179487179487179,0.8416249232304621,0.629892001710864,0.7311152574310469,0.3046999825229559,780.0,0.2446022033691406,0.2387671470642089,2026-04-29T18:43:43.757393+00:00
NR-ER,estate,DecisionTree,random_over,roc_auc,"{'ccp_alpha': 0.001, 'criterion': 'entropy', 'max_depth': 15, 'min_samples_leaf': 50}",0.2493604511343516,1596,0.9479949874686716,0.9319619676048724,0.6126564734159671,0.6565404694972801,0.2493604511343516,0.7729642502482622,0.7729042002805864,0.7729042002805864,0.8574657449985159,0.852873887760086,8056.0,0.7884615384615384,0.822804623342671,0.6180544220513475,0.7598326282536809,0.3835524987886118,780.0,0.0248088836669921,0.0237290859222412,2026-04-22T08:54:55.134670+00:00
NR-ER,estate,DecisionTree,random_under,roc_auc,"{'ccp_alpha': 0.0, 'criterion': 'entropy', 'max_depth': 10, 'min_samples_leaf': 50}",0.237143089462676,1596,0.9442355889724312,0.9216078115715668,0.5361177242845526,0.6744405096564564,0.237143089462676,0.7448920023350847,0.7402816186630349,0.7032037443427477,0.768389558368426,0.6453014278399184,1713.0,0.8243589743589743,0.846588987752279,0.6388876685849845,0.7150061886903992,0.2671381732071567,780.0,0.0068027973175048,0.0033409595489501,2026-04-22T08:54:55.868006+00:00
NR-ER,estate,DecisionTree,smote,roc_auc,"{'ccp_alpha': 0.0, 'criterion': 'gini', 'max_depth': 15, 'min_samples_leaf': 50}",0.0920366032699854,1596,0.87531328320802,0.886725909498546,0.5281158300584647,0.6211930926216641,0.0920366032699854,0.8470705064548163,0.8469521793410411,0.8469521793410411,0.9314809676356862,0.9384840170293158,8056.0,0.8,0.8240906084656084,0.5808531746031746,0.689817295080453,0.2360721856823168,780.0,0.103522777557373,0.0316300392150878,2026-04-22T08:54:56.784734+00:00
NR-ER,estate,LogisticRegression,smoteenn,roc_auc,"{'C': 1, 'l1_ratio': 1.0}",0.173886615802225,1596,0.9097744360902256,0.9106845731287848,0.5889511299980683,0.6115074294476288,0.173886615802225,0.7179655670916021,0.7181629439171152,0.7174627261313663,0.7716803029450091,0.7309161845841605,7609.0,0.717948717948718,0.7684257134806584,0.5290423861852434,0.6026583658162605,0.1737068063705931,780.0,0.0300369262695312,0.025590181350708,2026-04-21T08:41:19.391480+00:00
NR-ER,estate,DecisionTree,smoten,roc_auc,"{'ccp_alpha': 0.0, 'criterion': 'gini', 'max_depth': 15, 'min_samples_leaf': 10}",0.0902419979056578,1596,0.8007518796992481,0.8437487610268609,0.5021892655367232,0.5816363038954402,0.0902419979056578,0.8807100297914597,0.8805342692476219,0.8805342692476219,0.9538980611390572,0.9474718062223108,8056.0,0.7833333333333333,0.8080212713882028,0.5368870745048991,0.6337957916905286,0.1829412381452008,780.0,0.0313711166381835,0.0301172733306884,2026-04-22T08:54:57.362246+00:00
NR-ER,estate,KNeighbors,smoten_enn,roc_auc,"{'n_neighbors': 15, 'weights': 'uniform'}",0.0973045922091295,1596,0.7788220551378446,0.8319230594019025,0.5151094727800553,0.5700595085977147,0.0973045922091295,0.8960951222807728,0.8962021417834732,0.8960753826979962,0.9838394799993286,0.9796315133848972,7401.0,0.8025641025641026,0.8253243350718296,0.5796707911091205,0.6415824573719311,0.2243354712088533,780.0,0.0865111351013183,0.0004580020904541,2026-04-23T22:56:58.966213+00:00
NR-ER,fcfp,DecisionTree,none,roc_auc,"{'ccp_alpha': 0.0, 'criterion': 'gini', 'max_depth': 15, 'min_samples_leaf': 20}",0.1777885909528401,1596,0.8377192982456141,0.8667234789282064,0.5277820616952661,0.6189952904238618,0.1777885909528401,0.8175690367471189,0.8363708526132321,0.6726482393911837,0.8072509508745263,0.4665244240845951,4599.0,0.8076923076923077,0.8313353814181006,0.6000765665376886,0.6712974081395133,0.2091081501545278,780.0,0.4963130950927734,0.4545831680297851,2026-04-22T08:54:59.338441+00:00
NR-ER,fcfp,DecisionTree,random_over,roc_auc,"{'ccp_alpha': 0.01, 'criterion': 'entropy', 'max_depth': 5, 'min_samples_leaf': 10}",0.2271937580467526,1596,0.9461152882205514,0.924737069063344,0.5560931435963777,0.6185681428206345,0.2271937580467526,0.6319513406156901,0.5902142587734464,0.5902142587734464,0.6709355884183111,0.6400607378176506,8056.0,0.8807692307692307,0.8702573603407302,0.6070401248110769,0.6473185420553842,0.1829591074312763,780.0,1.0111467838287354,0.9774460792541504,2026-04-22T08:54:59.673324+00:00
NR-ER,fcfp,XGBoost,random_under,roc_auc,"{'colsample_bytree': 0.8, 'learning_rate': 0.05, 'max_depth': 3, 'min_child_weight': 5, 'n_estimators': 200, 'scale_pos_weight': 1, 'subsample': 0.8}",0.23059550392207281,1596,0.9486215538847118,0.9282376705022582,0.5767399741267788,0.626501405571173,0.23059550392207281,0.7950963222416813,0.7776851636044734,0.7360877929691358,0.8388530890286804,0.7721693990280657,1713.0,0.8666666666666667,0.8642472500829441,0.6118214531812266,0.6981581718423823,0.3072778436188705,780.0,0.7788059711456299,0.746333122253418,2026-04-30T00:37:30.642743+00:00
NR-ER,fcfp,DecisionTree,smote,roc_auc,"{'ccp_alpha': 0.001, 'criterion': 'gini', 'max_depth': 15, 'min_samples_leaf': 10}",0.1026259696197249,1596,0.6867167919799498,0.7699534741108089,0.4585866261398176,0.5249096418531635,0.1026259696197249,0.8298162859980139,0.829793602874332,0.829793602874332,0.8722929069502557,0.8421296785632134,8056.0,0.8025641025641026,0.8242499241389775,0.5728550295857988,0.6441780125990652,0.1880776132812342,780.0,1.9181692600250244,1.6555593013763428,2026-04-22T08:55:01.163042+00:00
NR-ER,fcfp,DecisionTree,smoteenn,roc_auc,"{'ccp_alpha': 0.001, 'criterion': 'gini', 'max_depth': 15, 'min_samples_leaf': 20}",0.1037832320707827,1596,0.7512531328320802,0.813351889766996,0.4893384495235608,0.5248074184951261,0.1037832320707827,0.8447695494562403,0.8448316196083897,0.8446353596987364,0.8859912431163671,0.84096540888814,7724.0,0.8128205128205128,0.8323082262176483,0.588322054485511,0.6485655169865696,0.188954589255838,780.0,1.4479620456695557,1.3907091617584229,2026-04-22T08:55:14.874148+00:00
NR-ER,fcfp,DecisionTree,smoten,roc_auc,"{'ccp_alpha': 0.0, 'criterion': 'entropy', 'max_depth': 15, 'min_samples_leaf': 20}",0.0666887637553027,1596,0.8533834586466166,0.872367229131291,0.4995470698905999,0.5579095323281369,0.0666887637553027,0.8897715988083416,0.8897201523196183,0.8897201523196183,0.9524020165692192,0.9446971617971924,8056.0,0.8423076923076923,0.8427602589122506,0.5594535644587304,0.6510225194435719,0.1762409781331046,780.0,1.3700711727142334,1.7157728672027588,2026-04-22T08:55:20.027880+00:00
NR-ER,fcfp,DecisionTree,smoten_enn,roc_auc,"{'ccp_alpha': 0.0, 'criterion': 'entropy', 'max_depth': 15, 'min_samples_leaf': 20}",0.0604293706866062,1596,0.7969924812030075,0.8399382539254666,0.4827304737516005,0.5300062064181664,0.0604293706866062,0.9148301788955148,0.914845582462228,0.9146950676103418,0.9693351773612924,0.9553099274343642,7714.0,0.8435897435897436,0.8477981403133406,0.5843525054161716,0.6384696384696384,0.1705103011005079,780.0,2.1277129650115967,1.432853937149048,2026-04-22T08:56:25.865684+00:00
NR-ER,klekota_roth,LogisticRegression,none,roc_auc,"{'C': 1, 'l1_ratio': 0.0}",0.1313375396741044,1596,0.8984962406015038,0.9004979136715874,0.5467021985343105,0.5773137161841481,0.1313375396741044,0.9001956947162426,0.9104817894511008,0.8209124456264044,0.9729302935493576,0.8310081307228214,4599.0,0.8179487179487179,0.8369025213897676,0.5996009023078258,0.6548003916424969,0.2527741260517289,780.0,0.3847939968109131,0.3833131790161133,2026-04-21T08:41:25.526246+00:00
NR-ER,klekota_roth,LogisticRegression,random_over,roc_auc,"{'C': 0.1, 'l1_ratio': 0.0}",0.1493473246727605,1596,0.9216791979949874,0.9140388471914777,0.5655402653797656,0.5771019677996422,0.1493473246727605,0.8668073485600795,0.8667975768315821,0.8667975768315821,0.9411313272336936,0.9363224801703974,8056.0,0.8192307692307692,0.838832158768532,0.6073138596998617,0.6743086216770428,0.2884196886052027,780.0,0.3750898838043213,0.3339300155639648,2026-04-21T08:41:30.246918+00:00
NR-ER,klekota_roth,LogisticRegression,random_under,roc_auc,"{'C': 1, 'l1_ratio': 0.0}",0.1283143331181243,1596,0.8527568922305765,0.8770305870465174,0.5501448301918476,0.5915592712934905,0.1283143331181243,0.915936952714536,0.9167882422867024,0.9074404279461824,0.9780273033146138,0.9594478962826254,1713.0,0.7564102564102564,0.7964818422186776,0.5642150578106071,0.6359017937965304,0.2454268370277043,780.0,0.1510732173919677,0.0632519721984863,2026-04-21T08:41:32.753573+00:00
NR-ER,klekota_roth,LogisticRegression,smote,roc_auc,"{'C': 0.001, 'l1_ratio': 1.0}",0.0570175438596491,1596,0.9429824561403508,0.9153102847411982,0.4853273137697517,0.5,0.0570175438596491,0.5,0.3333333333333333,0.3333333333333333,0.5,0.5,8056.0,0.9012820512820512,0.8544858827394228,0.4740391099123398,0.5,0.0987179487179487,780.0,0.3470017910003662,0.2163419723510742,2026-04-21T08:41:41.865134+00:00
NR-ER,klekota_roth,DecisionTree,smoteenn,roc_auc,"{'ccp_alpha': 0.0, 'criterion': 'gini', 'max_depth': 15, 'min_samples_leaf': 10}",0.0771063765956726,1596,0.6604010025062657,0.751330715223004,0.4452006824099847,0.5261947354970611,0.0771063765956726,0.8607227644420997,0.8608569767728741,0.8605511275190901,0.9333498864727996,0.9060967724338292,7582.0,0.7512820512820513,0.7886473716958545,0.5287508097065126,0.5608431397905083,0.154209805714853,780.0,1.3972761631011963,1.090224027633667,2026-04-22T08:57:17.407205+00:00
NR-ER,klekota_roth,DecisionTree,smoten,roc_auc,"{'ccp_alpha': 0.0, 'criterion': 'gini', 'max_depth': 15, 'min_samples_leaf': 10}",0.0632260937174651,1596,0.8220551378446115,0.8551108674463939,0.4955662393162393,0.5331167171698734,0.0632260937174651,0.891261171797418,0.8912493481484952,0.8912493481484951,0.9386791220148138,0.9062980717207526,8056.0,0.7666666666666667,0.7970122255489023,0.5256362275449102,0.5626350889508783,0.1212207843680314,780.0,1.878669023513794,1.803999900817871,2026-04-22T08:58:23.382549+00:00
NR-ER,klekota_roth,DecisionTree,smoten_enn,roc_auc,"{'ccp_alpha': 0.01, 'criterion': 'entropy', 'max_depth': 15, 'min_samples_leaf': 10}",0.0706828564012458,1596,0.7418546365914787,0.8061091703243034,0.4670945781667882,0.5300317622576759,0.0706828564012458,0.8494428608447785,0.8495132517247656,0.8493457016019793,0.889972697889839,0.8321154093321227,7718.0,0.7846153846153846,0.8070396027709927,0.5262883914627798,0.5633463265042212,0.1430766853990947,780.0,1.8582112789154053,1.6916522979736328,2026-04-22T08:58:28.882198+00:00
NR-ER,maccs,XGBoost,none,roc_auc,"{'colsample_bytree': 0.8, 'learning_rate': 0.1, 'max_depth': 5, 'min_child_weight': 10, 'n_estimators': 100, 'scale_pos_weight': 1, 'subsample': 0.8}",0.15422738746398454,1596,0.9442355889724311,0.9183533655360648,0.5071459055470547,0.6152312803475595,0.15422738746398454,0.9119373776908023,0.8958466935894113,0.7267722408887773,0.9106067075132566,0.6842706287591697,4599.0,0.9076923076923077,0.883086544098856,0.6080292582149138,0.6974192237350132,0.31162045310366887,780.0,0.16827702522277832,0.1638469696044922,2026-04-30T00:46:59.522399+00:00
NR-ER,maccs,DecisionTree,random_over,roc_auc,"{'ccp_alpha': 0.0, 'criterion': 'gini', 'max_depth': 5, 'min_samples_leaf': 10}",0.2055169295040772,1596,0.9454887218045112,0.9233694337834416,0.546542045087147,0.6342119674345588,0.2055169295040772,0.7189672293942403,0.7144793481229115,0.7144793481229115,0.7937579939430934,0.7676536957673413,8056.0,0.8333333333333334,0.8451034293899562,0.5995007583417594,0.6900297426613216,0.2307066353767331,780.0,0.0929598808288574,0.0358037948608398,2026-04-22T08:58:33.121586+00:00
NR-ER,maccs,XGBoost,random_under,roc_auc,"{'colsample_bytree': 0.8, 'learning_rate': 0.1, 'max_depth': 3, 'min_child_weight': 1, 'n_estimators': 200, 'scale_pos_weight': 1, 'subsample': 0.8}",0.16208540374494707,1596,0.9417293233082706,0.9201279268599921,0.5334902739756165,0.6191705304662115,0.16208540374494707,0.8493870402802102,0.8453187597418491,0.8220888778678072,0.9274048355881623,0.8670939932008985,1713.0,0.8576923076923076,0.8604299296439645,0.6156083093957974,0.6905285326337958,0.27254472767217597,780.0,0.1037299633026123,0.09724307060241699,2026-04-30T00:47:33.357476+00:00
NR-ER,maccs,KNeighbors,smote,roc_auc,"{'n_neighbors': 5, 'weights': 'uniform'}",0.0681453339990986,1596,0.6622807017543859,0.752774785273669,0.4545029109233978,0.5577890547990216,0.0681453339990986,0.9093843098311816,0.9090422874606952,0.9090422874606952,0.9687279658083584,0.9513599949279292,8056.0,0.7397435897435898,0.7847466826299511,0.5519207640608419,0.6514658883079937,0.1746227571279368,780.0,2.36472225189209,1.8259179592132568,2026-04-23T23:14:37.143556+00:00
NR-ER,maccs,DecisionTree,smoteenn,roc_auc,"{'ccp_alpha': 0.0, 'criterion': 'entropy', 'max_depth': 15, 'min_samples_leaf': 20}",0.0813249283947023,1596,0.7023809523809523,0.7810338103193324,0.4729586271479491,0.5568836479135482,0.0813249283947023,0.8558213294568521,0.8559668562512049,0.855609255233926,0.9425912158265972,0.9353307651094456,7567.0,0.7602564102564102,0.7956229999142556,0.5411461593876916,0.5957953852690695,0.2097494312267306,780.0,0.0513498783111572,0.0503919124603271,2026-04-22T08:58:38.932498+00:00
NR-ER,maccs,DecisionTree,smoten,roc_auc,"{'ccp_alpha': 0.01, 'criterion': 'gini', 'max_depth': 5, 'min_samples_leaf': 10}",0.2554262416401185,1596,0.9486215538847118,0.929138236797018,0.584770607272035,0.6138403125114089,0.2554262416401185,0.7271598808341608,0.726505693972714,0.726505693972714,0.795548464620546,0.754342181574204,8056.0,0.75,0.7913010720850397,0.5541040892847197,0.645129408287303,0.1938538357555982,780.0,0.0392782688140869,0.0330259799957275,2026-04-22T08:58:41.999185+00:00
NR-ER,maccs,DecisionTree,smoten_enn,roc_auc,"{'ccp_alpha': 0.01, 'criterion': 'gini', 'max_depth': 5, 'min_samples_leaf': 10}",0.2554262416401185,1596,0.9486215538847118,0.929138236797018,0.584770607272035,0.6138403125114089,0.2554262416401185,0.7325081433224756,0.7321212566756294,0.7323947331365727,0.8082216301082987,0.7483255469541051,7675.0,0.75,0.7913010720850397,0.5541040892847197,0.645129408287303,0.1938538357555982,780.0,0.037139892578125,0.0293288230895996,2026-04-22T08:58:42.711476+00:00
NR-ER,map4,XGBoost,none,roc_auc,"{'colsample_bytree': 0.8, 'learning_rate': 0.05, 'max_depth': 3, 'min_child_weight': 10, 'n_estimators': 100, 'scale_pos_weight': 4, 'subsample': 0.8}",0.24148502142899347,1596,0.9454887218045113,0.9233694337834416,0.546542045087147,0.6939432660362893,0.24148502142899347,0.9119373776908023,0.9095562789870723,0.7866986936319209,0.904669937408369,0.6972586713472546,4599.0,0.8794871794871795,0.8693742155280615,0.6055944055944056,0.6760636234320445,0.29300425665459406,780.0,0.7297437191009521,0.7455010414123535,2026-04-30T00:48:09.555403+00:00
NR-ER,map4,RandomForest,random_over,roc_auc,"{'max_depth': 10, 'max_features': 'sqrt', 'min_samples_leaf': 5, 'n_estimators': 100}",0.2545140229503724,1596,0.9442355889724312,0.9183533655360648,0.5071459055470547,0.6909495819794823,0.2545140229503724,0.9580436941410128,0.958026720929907,0.958026720929907,0.9920136995352298,0.9931958416780045,8056.0,0.8948717948717949,0.8714056776556777,0.5776098901098901,0.687702056123109,0.3032653026764104,780.0,0.9486980438232422,0.8671081066131592,2026-04-21T17:46:10.926925+00:00
NR-ER,map4,XGBoost,random_under,roc_auc,"{'colsample_bytree': 0.8, 'learning_rate': 0.1, 'max_depth': 3, 'min_child_weight': 1, 'n_estimators': 100, 'scale_pos_weight': 1, 'subsample': 0.8}",0.22323271251678176,1596,0.9448621553884712,0.92577470774357,0.5706477212976436,0.7008579460406703,0.22323271251678176,0.8960887332165791,0.8922874123792609,0.8753299577065363,0.9601024104330437,0.9409388372673634,1713.0,0.867948717948718,0.8690691734156376,0.635267465985082,0.6660324028745082,0.29486780073553415,780.0,0.2944040298461914,0.2717928886413574,2026-04-30T00:48:38.446557+00:00
NR-ER,map4,LogisticRegression,smote,roc_auc,"{'C': 0.001, 'l1_ratio': 1.0}",0.0570175438596491,1596,0.9429824561403508,0.9153102847411982,0.4853273137697517,0.5,0.0570175438596491,0.5,0.3333333333333333,0.3333333333333333,0.5,0.5,8056.0,0.9012820512820512,0.8544858827394228,0.4740391099123398,0.5,0.0987179487179487,780.0,0.0825350284576416,0.0699989795684814,2026-04-21T08:41:59.463088+00:00
NR-ER,map4,DecisionTree,smoteenn,roc_auc,"{'ccp_alpha': 0.0, 'criterion': 'gini', 'max_depth': 15, 'min_samples_leaf': 50}",0.0540994410221689,1596,0.5802005012531328,0.6907796073628389,0.4095586432636943,0.5022927238874083,0.0540994410221689,0.835282155566853,0.8353048063950423,0.8352667853620105,0.9008737664473684,0.8604153294688829,7868.0,0.7205128205128205,0.7614831002331002,0.4632575757575757,0.4358223568749884,0.0863085513641475,780.0,0.9829709529876708,0.910905122756958,2026-04-22T08:59:24.701775+00:00
NR-ER,map4,KNeighbors,smoten,roc_auc,"{'n_neighbors': 5, 'weights': 'uniform'}",0.0730862744564793,1596,0.825187969924812,0.8588049019804368,0.5168312190548736,0.5757767149793729,0.0730862744564793,0.8902681231380337,0.8899060398086179,0.8899060398086179,0.9644263985270928,0.9482953796464691,8056.0,0.6641025641025641,0.7301020194402548,0.5030929038281979,0.6039699987068408,0.1213433671953484,780.0,10.45562982559204,8.088743925094604,2026-04-23T23:18:33.787906+00:00
NR-ER,map4,KNeighbors,smoten_enn,roc_auc,"{'n_neighbors': 15, 'weights': 'uniform'}",0.0756568700918501,1596,0.8020050125313283,0.8449336252800363,0.5077055229096304,0.5958416998284107,0.0756568700918501,0.8541613316261204,0.852528978309099,0.8529494588493998,0.981052122188572,0.978230234090373,7810.0,0.6487179487179487,0.7192093302461197,0.5090778786430961,0.6524357576989156,0.1627620352781534,780.0,33.15121102333069,29.40608501434326,2026-04-23T23:19:27.157630+00:00
NR-ER,mhfp,BalancedRandomForest,none,roc_auc,"{'max_depth': 15, 'max_features': 'sqrt', 'min_samples_leaf': 10, 'n_estimators': 100}",0.1555591937157184,1596,0.9423558897243108,0.9204965583576304,0.5341328764515515,0.6470081413603008,0.1555591937157184,0.969993476842792,0.971175517632822,0.9365457294028724,0.9941030127113706,0.9433353661796252,4599.0,0.8897435897435897,0.8754255698005698,0.6118055555555555,0.6129759287654024,0.2669888864216031,780.0,2.2861900329589844,1.7996699810028076,2026-04-21T22:57:03.475036+00:00
NR-ER,mhfp,RandomForest,random_over,roc_auc,"{'max_depth': 5, 'max_features': 'log2', 'min_samples_leaf': 5, 'n_estimators': 200}",0.2016202318160595,1596,0.9461152882205514,0.9237533069908124,0.5473266229568751,0.6293235004198459,0.2016202318160595,0.9172045680238332,0.9171466477806908,0.9171466477806908,0.9765678236456028,0.9721876215576728,8056.0,0.8923076923076924,0.8783226495726496,0.6208333333333333,0.6679721416563522,0.2641438758855858,780.0,0.8580300807952881,0.627047061920166,2026-04-21T17:47:31.503550+00:00
NR-ER,mhfp,RandomForest,random_under,roc_auc,"{'max_depth': 5, 'max_features': 'log2', 'min_samples_leaf': 20, 'n_estimators': 200}",0.2043691782214315,1596,0.9473684210526316,0.9264873697828012,0.5664165588615783,0.6441020773246686,0.2043691782214315,0.900758902510216,0.8987002144534624,0.884006328448383,0.9710557874623132,0.942683090461373,1713.0,0.8602564102564103,0.8572753267020783,0.5906812831289628,0.63100626258521,0.2434702135910222,780.0,0.5848407745361328,0.3592579364776611,2026-04-21T17:47:59.651811+00:00
NR-ER,mhfp,XGBoost,smote,roc_auc,"{'colsample_bytree': 0.8, 'learning_rate': 0.1, 'max_depth': 7, 'min_child_weight': 1, 'n_estimators': 200, 'scale_pos_weight': 1, 'subsample': 0.8}",0.10379693826017816,1596,0.9379699248120301,0.9127997005121922,0.483996120271581,0.5911941878719287,0.10379693826017816,0.9977656405163853,0.9977656399655341,0.9977656399655341,0.9999893064832174,0.9999884306713409,8056.0,0.9038461538461539,0.8650311887621315,0.5228034684438498,0.6838779996674733,0.25822345754307496,780.0,9.382425785064697,9.316586971282959,2026-04-30T00:51:48.864267+00:00
NR-ER,mhfp,DecisionTree,smoteenn,roc_auc,"{'ccp_alpha': 0.001, 'criterion': 'gini', 'max_depth': 15, 'min_samples_leaf': 20}",0.0819526862815082,1596,0.8546365914786967,0.8751764844301514,0.5209885742672629,0.6074477017998613,0.0819526862815082,0.9173272933182332,0.9172800729657936,0.9172440798300178,0.9530134554419144,0.9479056315662054,7947.0,0.7948717948717948,0.8101285482606796,0.5116683100906231,0.5738301527775213,0.1212717271934467,780.0,1.7181639671325684,2.017072916030884,2026-04-22T09:01:21.549565+00:00
NR-ER,mhfp,RandomForest,smoten,roc_auc,"{'max_depth': 10, 'max_features': 'log2', 'min_samples_leaf': 10, 'n_estimators': 100}",0.1233307623294355,1596,0.93796992481203,0.9127997005121922,0.483996120271581,0.6489284801577161,0.1233307623294355,0.9513406156901688,0.9512366378945074,0.9512366378945074,0.997214816542396,0.9969633628663622,8056.0,0.9064102564102564,0.866546786380007,0.5247038789973205,0.6048659732870258,0.225538912501618,780.0,0.3866910934448242,0.4461522102355957,2026-04-21T17:48:27.456097+00:00
NR-ER,mhfp,RandomForest,smoten_enn,roc_auc,"{'max_depth': 10, 'max_features': 'log2', 'min_samples_leaf': 20, 'n_estimators': 100}",0.1284670722541863,1596,0.93796992481203,0.9127997005121922,0.483996120271581,0.6245263042605235,0.1284670722541863,0.9567350018865552,0.9566457165683572,0.9566156686247328,0.9946588195656152,0.9947609886658182,7951.0,0.9076923076923076,0.8694153399325186,0.5366183702432423,0.664979401821507,0.2542932046639964,780.0,0.4545700550079345,0.3629162311553955,2026-04-21T17:48:35.545548+00:00
NR-ER,morgan_2048,XGBoost,none,roc_auc,"{'colsample_bytree': 0.8, 'learning_rate': 0.1, 'max_depth': 7, 'min_child_weight': 5, 'n_estimators': 200, 'scale_pos_weight': 1, 'subsample': 0.8}",0.229135778082299,1596,0.9448621553884712,0.9198360584234647,0.5177121821902944,0.6508050089445439,0.229135778082299,0.9193302891933028,0.9049777503789246,0.7513655934708566,0.924207648039903,0.7479833357498304,4599.0,0.9076923076923077,0.884476290832455,0.6153424657534247,0.7385786333154754,0.36593014799383117,780.0,2.5831029415130615,2.557831048965454,2026-04-30T00:55:55.142578+00:00
NR-ER,morgan_2048,XGBoost,random_over,roc_auc,"{'colsample_bytree': 0.8, 'learning_rate': 0.1, 'max_depth': 3, 'min_child_weight': 10, 'n_estimators': 100, 'scale_pos_weight': 1, 'subsample': 0.8}",0.2299946623234546,1596,0.9473684210526315,0.9307583157646343,0.6045543035809097,0.6263736263736264,0.2299946623234546,0.7974180734856008,0.796865942131989,0.796865942131989,0.8763337619779715,0.8822790569660457,8056.0,0.8320512820512821,0.8482639369154974,0.6227278936933012,0.6866028708133971,0.2611002953007047,780.0,1.9165689945220947,1.824021816253662,2026-04-30T00:55:57.148061+00:00
NR-ER,morgan_2048,XGBoost,random_under,roc_auc,"{'colsample_bytree': 0.8, 'learning_rate': 0.1, 'max_depth': 3, 'min_child_weight': 5, 'n_estimators': 100, 'scale_pos_weight': 1, 'subsample': 0.8}",0.2760251904838994,1596,0.9467418546365914,0.9269986428290251,0.5736201428809399,0.6491584827133,0.2760251904838994,0.7980151780502043,0.7781123313176682,0.7350648863014629,0.8518514542649545,0.7891683748245795,1713.0,0.8730769230769231,0.8711722226755119,0.6327037324188186,0.7076259444680497,0.29071126239779305,780.0,0.46283698081970215,0.42457103729248047,2026-04-30T00:56:05.105354+00:00
NR-ER,morgan_2048,DecisionTree,smote,roc_auc,"{'ccp_alpha': 0.0, 'criterion': 'gini', 'max_depth': 15, 'min_samples_leaf': 10}",0.0976221286465053,1596,0.362781954887218,0.4823270693344497,0.3053251930743601,0.5320981344237159,0.0976221286465053,0.8583664349553128,0.8580004234391244,0.8580004234391243,0.9380408084323342,0.9220740389779086,8056.0,0.7115384615384616,0.7614187369051181,0.5033604527767952,0.5485488906541538,0.1776281553197446,780.0,1.999587059020996,1.7521159648895264,2026-04-22T09:03:26.025801+00:00
NR-ER,morgan_2048,DecisionTree,smoteenn,roc_auc,"{'ccp_alpha': 0.001, 'criterion': 'entropy', 'max_depth': 15, 'min_samples_leaf': 10}",0.0864326871382099,1596,0.6021303258145363,0.7076734647563239,0.4266226201919405,0.5184622686283815,0.0864326871382099,0.8905053598774885,0.8905149465702931,0.8905039618181212,0.9429929959819082,0.9218935430963006,7836.0,0.7769230769230769,0.8037933709808709,0.5324900793650794,0.605198499935342,0.1856347249545584,780.0,1.55204176902771,1.5978281497955322,2026-04-22T09:03:29.767061+00:00
NR-ER,morgan_2048,LogisticRegression,smoten,roc_auc,"{'C': 1, 'l1_ratio': 1.0}",0.1217229011785134,1596,0.8427318295739349,0.8674521249544984,0.5070964788914358,0.5305392282136469,0.1217229011785134,0.95506454816286,0.9550603352728732,0.9550603352728732,0.9896778595018584,0.990901913122203,8056.0,0.8448717948717949,0.8486547782282289,0.5855272692140476,0.6627256100940312,0.2027977886311283,780.0,0.2737579345703125,0.2293150424957275,2026-04-21T08:43:13.855031+00:00
NR-ER,morgan_2048,KNeighbors,smoten_enn,roc_auc,"{'n_neighbors': 15, 'weights': 'uniform'}",0.0670439234944433,1596,0.5902255639097744,0.6979555050656369,0.4269054395951929,0.5452119309262167,0.0670439234944433,0.8915027638513948,0.8908009957721006,0.8910508540728261,0.9828947633163432,0.9690227008318762,7779.0,0.7076923076923077,0.7613874707229137,0.5246749914471434,0.630997025733868,0.1540675827695045,780.0,55.43870377540589,51.334285259246826,2026-04-23T23:38:15.330999+00:00
NR-ER,morgan_4096,XGBoost,none,roc_auc,"{'colsample_bytree': 0.8, 'learning_rate': 0.1, 'max_depth': 3, 'min_child_weight': 10, 'n_estimators': 200, 'scale_pos_weight': 1, 'subsample': 0.8}",0.23093589439609427,1596,0.9454887218045113,0.9212939517019866,0.5280594123345173,0.6464349603884487,0.23093589439609427,0.9030223961730811,0.8815605830648883,0.6831822731316726,0.8410606924905695,0.5765452928248378,4599.0,0.9012820512820513,0.8742003700766586,0.5767769940314704,0.7351055772108404,0.32346771805890634,780.0,5.619805097579956,5.137202978134155,2026-04-30T00:58:45.053504+00:00
NR-ER,morgan_4096,RandomForest,random_over,roc_auc,"{'max_depth': 10, 'max_features': 'log2', 'min_samples_leaf': 20, 'n_estimators': 200}",0.2143060067495828,1596,0.9461152882205514,0.9237533069908124,0.5473266229568751,0.6139899967142493,0.2143060067495828,0.7459036742800397,0.7370901000742768,0.7370901000742768,0.8708908852037722,0.8747062676155115,8056.0,0.8589743589743589,0.8589743589743589,0.6037390774232879,0.6996730154624891,0.302527948017817,780.0,1.0144469738006592,1.2639551162719729,2026-04-21T17:50:55.483378+00:00
NR-ER,morgan_4096,RandomForest,random_under,roc_auc,"{'max_depth': 10, 'max_features': 'log2', 'min_samples_leaf': 10, 'n_estimators': 200}",0.22693647895587,1596,0.9479949874686716,0.927822890923668,0.5756828351874334,0.6547661640684895,0.22693647895587,0.7974314068884997,0.7854410362475892,0.7484329192964547,0.8447863918954978,0.770132362663045,1713.0,0.8525641025641025,0.8596504585498171,0.6261736771257465,0.7037557037557037,0.3064403616213647,780.0,0.421555757522583,0.3826642036437988,2026-04-21T17:50:55.908760+00:00
NR-ER,morgan_4096,DecisionTree,smote,roc_auc,"{'ccp_alpha': 0.0, 'criterion': 'gini', 'max_depth': 15, 'min_samples_leaf': 10}",0.0640444475993047,1596,0.618421052631579,0.7200513543173428,0.439924167994399,0.5370304114490161,0.0640444475993047,0.8803376365441906,0.880280495084183,0.8802804950841832,0.9409227266138028,0.9205406319353672,8056.0,0.764102564102564,0.7925171279337946,0.5056216931216931,0.504516820306294,0.114151802469043,780.0,4.977745294570923,4.810912847518921,2026-04-22T09:05:59.422354+00:00
NR-ER,morgan_4096,DecisionTree,smoteenn,roc_auc,"{'ccp_alpha': 0.0, 'criterion': 'gini', 'max_depth': 15, 'min_samples_leaf': 10}",0.0641627899240218,1596,0.618421052631579,0.7200513543173428,0.439924167994399,0.5393304370048555,0.0641627899240218,0.8912325285895807,0.8911422734611246,0.8911919404844761,0.9479892703185976,0.9194963180325184,7870.0,0.7717948717948718,0.7968603019268702,0.5062869822485208,0.5141139088507509,0.1110679510633438,780.0,4.960549831390381,4.811976909637451,2026-04-22T09:06:28.775570+00:00
NR-ER,morgan_4096,DecisionTree,smoten,roc_auc,"{'ccp_alpha': 0.0, 'criterion': 'gini', 'max_depth': 10, 'min_samples_leaf': 50}",0.0773517554203501,1596,0.8533834586466166,0.8734257198248007,0.5100954979536153,0.5828593333576724,0.0773517554203501,0.8732621648460774,0.8731832188833162,0.8731832188833162,0.9338824479882136,0.9349401767372472,8056.0,0.8423076923076923,0.8445057386958725,0.5693103308957214,0.6292143134248398,0.1793484288982657,780.0,3.622084856033325,2.994610071182251,2026-04-22T09:06:41.790260+00:00
NR-ER,morgan_4096,DecisionTree,smoten_enn,roc_auc,"{'ccp_alpha': 0.0, 'criterion': 'gini', 'max_depth': 10, 'min_samples_leaf': 50}",0.0774037448538466,1596,0.8809523809523809,0.8887763285635897,0.5200075978219577,0.5717644481764083,0.0774037448538466,0.8872228630014097,0.8871749555982474,0.8870195636367082,0.9563964500154548,0.948545912331073,7803.0,0.85,0.8495631088256198,0.5760692336636147,0.6148971938445623,0.1829923057897861,780.0,3.238640069961548,3.152843952178955,2026-04-22T09:08:00.169917+00:00
NR-ER,pubchem,BalancedRandomForest,none,roc_auc,"{'max_depth': 5, 'max_features': 'sqrt', 'min_samples_leaf': 5, 'n_estimators': 200}",0.2664906706170452,1596,0.9473684210526316,0.9291485846643166,0.5901637339659326,0.6451900259209229,0.2664906706170452,0.7999565122852794,0.8240748785356824,0.6605901880893233,0.8169436101405746,0.4946598068160117,4599.0,0.8166666666666667,0.8349309376590192,0.5916663921013037,0.6721194879089616,0.242183395732939,780.0,1.8299667835235596,1.859476089477539,2026-04-21T23:03:23.030726+00:00
NR-ER,pubchem,RandomForest,random_over,roc_auc,"{'max_depth': 10, 'max_features': 'sqrt', 'min_samples_leaf': 5, 'n_estimators': 100}",0.2538794766285402,1596,0.9467418546365914,0.9278780852357652,0.5814706835114998,0.6484064108648826,0.2538794766285402,0.8591112214498511,0.8589912320371916,0.8589912320371915,0.9402672787508296,0.9379387542237574,8056.0,0.8628205128205129,0.8654594817288668,0.6294602622103632,0.6978903031534611,0.2814477930692589,780.0,0.4211189746856689,0.4334766864776611,2026-04-21T17:52:54.946560+00:00
NR-ER,pubchem,XGBoost,random_under,roc_auc,"{'colsample_bytree': 0.8, 'learning_rate': 0.05, 'max_depth': 5, 'min_child_weight': 1, 'n_estimators': 100, 'scale_pos_weight': 1, 'subsample': 0.8}",0.2755916712535957,1596,0.9467418546365914,0.9269986428290251,0.5736201428809399,0.6562411010915994,0.2755916712535957,0.8575598365440747,0.8520389407486182,0.8285133325455907,0.9336394809241783,0.8896041101031599,1713.0,0.8730769230769231,0.8727072459293705,0.6412893515615201,0.7044669413090465,0.3026636981256685,780.0,0.3105800151824951,0.2733433246612549,2026-04-30T01:07:08.301658+00:00
NR-ER,pubchem,KNeighbors,smote,roc_auc,"{'n_neighbors': 5, 'weights': 'uniform'}",0.0765755093636579,1596,0.6917293233082706,0.7736342185250359,0.4672492401215805,0.5698258552079151,0.0765755093636579,0.9014399205561072,0.9009817391125584,0.9009817391125584,0.9629435436551884,0.9415025440832124,8056.0,0.7307692307692307,0.7792215973230123,0.5528694968553459,0.6646099277678225,0.1761887868794748,780.0,6.709884166717529,5.68903923034668,2026-04-23T23:55:30.102286+00:00
NR-ER,pubchem,KNeighbors,smoteenn,roc_auc,"{'n_neighbors': 5, 'weights': 'uniform'}",0.0678682727793512,1596,0.75,0.8120377501497535,0.4810136795393699,0.5401555255375854,0.0678682727793512,0.9207621550591328,0.9207054010505458,0.9207536149321264,0.975991239713962,0.9548052498607522,7610.0,0.7564102564102564,0.7957772410135501,0.5588182759975708,0.6350981877297667,0.1516026683320251,780.0,6.728844165802002,5.490586996078491,2026-04-23T23:56:51.209604+00:00
NR-ER,pubchem,DecisionTree,smoten,roc_auc,"{'ccp_alpha': 0.0, 'criterion': 'entropy', 'max_depth': 15, 'min_samples_leaf': 20}",0.0916992113847766,1596,0.9078947368421052,0.902815512898509,0.5248143204645482,0.567540432988938,0.0916992113847766,0.8839374379344588,0.8838977211238479,0.8838977211238478,0.9464283160872896,0.9342878648620976,8056.0,0.8282051282051283,0.838994178124613,0.5792270531400966,0.7100459995196837,0.238287151180188,780.0,0.279775857925415,0.3146839141845703,2026-04-22T09:10:08.747245+00:00
NR-ER,pubchem,RandomForest,smoten_enn,roc_auc,"{'max_depth': 15, 'max_features': 'sqrt', 'min_samples_leaf': 20, 'n_estimators': 100}",0.1625599139940336,1596,0.9454887218045112,0.9233694337834416,0.546542045087147,0.5523785184914753,0.1625599139940336,0.9111773858921162,0.9112213342858017,0.9111396140294352,0.9724185384717404,0.9689591660323168,7712.0,0.8666666666666667,0.8606572769953051,0.5919517102615695,0.6591509486246329,0.2565738795093617,780.0,0.7024538516998291,0.5557172298431396,2026-04-21T17:53:54.052687+00:00
NR-ER,rdkit,BalancedRandomForest,none,roc_auc,"{'max_depth': 15, 'max_features': 'log2', 'min_samples_leaf': 20, 'n_estimators': 100}",0.2136430179260344,1596,0.9467418546365914,0.9269986428290252,0.5736201428809399,0.6446168449490708,0.2136430179260344,0.8393128941074146,0.8554806083300167,0.7095490467959825,0.8517424873521079,0.5583737532102898,4599.0,0.8435897435897436,0.8507598136510408,0.6014007104081496,0.6977886977886979,0.2608105288456215,780.0,1.7453858852386477,1.5352330207824707,2026-04-21T23:04:39.274425+00:00
NR-ER,rdkit,RandomForest,random_over,roc_auc,"{'max_depth': 15, 'max_features': 'log2', 'min_samples_leaf': 20, 'n_estimators': 100}",0.2338240914149655,1596,0.9454887218045112,0.9212939517019866,0.5280594123345173,0.6229016830345734,0.2338240914149655,0.8902681231380337,0.8901657067963507,0.8901657067963507,0.9520777595559976,0.9516771355755176,8056.0,0.8807692307692307,0.8712619273525047,0.6124979300103098,0.7133435554488186,0.3028645541723758,780.0,0.6525938510894775,0.5115711688995361,2026-04-21T17:54:44.679156+00:00
NR-ER,rdkit,XGBoost,random_under,roc_auc,"{'colsample_bytree': 0.8, 'learning_rate': 0.05, 'max_depth': 7, 'min_child_weight': 1, 'n_estimators': 200, 'scale_pos_weight': 1, 'subsample': 0.8}",0.21635376409877802,1596,0.943609022556391,0.9191337719298246,0.5167151162790697,0.6589025592347852,0.21635376409877802,0.9830706363105662,0.9829891836838686,0.980774447976996,0.9990660683779033,0.9982537577682569,1713.0,0.8782051282051282,0.8713760288745799,0.6199044888202677,0.6770427296743086,0.24988694757080931,780.0,1.8970177173614502,1.8844549655914307,2026-04-30T01:08:27.450333+00:00
NR-ER,rdkit,LogisticRegression,smote,roc_auc,"{'C': 0.001, 'l1_ratio': 1.0}",0.0570175438596491,1596,0.9429824561403508,0.9153102847411982,0.4853273137697517,0.5,0.0570175438596491,0.5,0.3333333333333333,0.3333333333333333,0.5,0.5,8056.0,0.9012820512820512,0.8544858827394228,0.4740391099123398,0.5,0.0987179487179487,780.0,0.207543134689331,0.1666781902313232,2026-04-21T08:44:14.757526+00:00
NR-ER,rdkit,LogisticRegression,smoteenn,roc_auc,"{'C': 0.001, 'l1_ratio': 1.0}",0.0570175438596491,1596,0.9429824561403508,0.9153102847411982,0.4853273137697517,0.5,0.0570175438596491,0.5495974894255696,0.3898527229737069,0.3546711279387162,0.5,0.4504025105744303,7329.0,0.9012820512820512,0.8544858827394228,0.4740391099123398,0.5,0.0987179487179487,780.0,0.1899058818817138,0.1751248836517334,2026-04-21T08:44:15.792014+00:00
NR-ER,rdkit,LogisticRegression,smoten,roc_auc,"{'C': 1, 'l1_ratio': 0.0}",0.0777486233760899,1596,0.7725563909774437,0.8273072432502276,0.5033837908915807,0.5050819612281405,0.0777486233760899,0.981132075471698,0.981131739385417,0.9811317393854168,0.99736665215389,0.997028425274464,8056.0,0.8,0.8163196311947752,0.5325393776411833,0.523877260719366,0.1376640950570865,780.0,3.079972743988037,3.011979818344116,2026-04-21T08:44:18.218210+00:00
NR-ER,rdkit,DecisionTree,smoten_enn,roc_auc,"{'ccp_alpha': 0.001, 'criterion': 'entropy', 'max_depth': 15, 'min_samples_leaf': 10}",0.0609249965017649,1596,0.6384711779448622,0.7354055210856391,0.4287720508371859,0.504045124310905,0.0609249965017649,0.9424899389848111,0.9425041289710132,0.9424877058066548,0.9769948118274122,0.9628361709833788,7703.0,0.7807692307692308,0.7982700256223233,0.4852558091070126,0.5192311244942823,0.1135113537376733,780.0,1.7255711555480957,1.6722559928894043,2026-04-22T09:12:04.042723+00:00
NR-ER,topological_torsion,XGBoost,none,roc_auc,"{'colsample_bytree': 0.8, 'learning_rate': 0.1, 'max_depth': 7, 'min_child_weight': 10, 'n_estimators': 200, 'scale_pos_weight': 1, 'subsample': 0.8}",0.2494560390067941,1596,0.9442355889724311,0.9183533655360648,0.5071459055470547,0.6940673943996203,0.2494560390067941,0.9171559034572733,0.9010655745332313,0.7388956996340675,0.9052701579312588,0.7130053702160564,4599.0,0.9051282051282051,0.8839514652014651,0.6188186813186813,0.7133805028541871,0.3105004218717065,780.0,2.8100807666778564,2.7910828590393066,2026-04-30T01:11:23.840728+00:00
NR-ER,topological_torsion,RandomForest,random_over,roc_auc,"{'max_depth': 15, 'max_features': 'sqrt', 'min_samples_leaf': 20, 'n_estimators': 200}",0.2964943939449663,1596,0.950501253132832,0.9329690439250052,0.6110139293812763,0.6744770179986126,0.2964943939449663,0.7881082423038729,0.7878957266800497,0.7878957266800497,0.8706343332521407,0.8785481564226746,8056.0,0.8320512820512821,0.8524917056058218,0.6493852747305537,0.741368162420794,0.3537399532029325,780.0,2.0695202350616455,2.9999639987945557,2026-04-21T17:56:07.404640+00:00
NR-ER,topological_torsion,XGBoost,random_under,roc_auc,"{'colsample_bytree': 0.8, 'learning_rate': 0.05, 'max_depth': 7, 'min_child_weight': 1, 'n_estimators': 200, 'scale_pos_weight': 1, 'subsample': 0.8}",0.24527625801828765,1596,0.9467418546365914,0.9269986428290251,0.5736201428809399,0.6884487605417837,0.24527625801828765,0.9095154699357851,0.9069229898795494,0.8928248364308771,0.9686511819065701,0.9512783712646841,1713.0,0.8576923076923076,0.862567195389992,0.6278226031784242,0.7053721527405739,0.2815596921180894,780.0,1.1536760330200195,1.0733327865600586,2026-04-30T01:13:18.491798+00:00
NR-ER,topological_torsion,DecisionTree,smote,roc_auc,"{'ccp_alpha': 0.01, 'criterion': 'gini', 'max_depth': 5, 'min_samples_leaf': 10}",0.0999340736844042,1596,0.93796992481203,0.9229503037366068,0.57479056274237,0.5382132817348765,0.0999340736844042,0.6649702085402185,0.663541276796304,0.663541276796304,0.695338655972246,0.65175403641678,8056.0,0.7576923076923077,0.7980551523947751,0.5704232534421214,0.6178345125713546,0.1759810580018864,780.0,0.7880089282989502,0.7666530609130859,2026-04-22T09:12:38.979579+00:00
NR-ER,topological_torsion,LogisticRegression,smoteenn,roc_auc,"{'C': 0.01, 'l1_ratio': 1.0}",0.1042903886420122,1596,0.8627819548872181,0.8810508313618747,0.5366216135596815,0.5164324048044979,0.1042903886420122,0.7362341162880246,0.7362352647988365,0.7359309094336738,0.8303871636255487,0.8102526488373103,7791.0,0.7769230769230769,0.8087699949187993,0.5656459624148702,0.6008202323991798,0.2113329906293709,780.0,0.1304800510406494,0.1081378459930419,2026-04-21T08:44:34.606637+00:00
NR-ER,topological_torsion,DecisionTree,smoten,roc_auc,"{'ccp_alpha': 0.0, 'criterion': 'gini', 'max_depth': 5, 'min_samples_leaf': 10}",0.0731064888749158,1596,0.8959899749373433,0.8994616046123318,0.5488270074384894,0.5387097951882005,0.0731064888749158,0.7667576961271102,0.7666690759342729,0.7666690759342729,0.8135779804526211,0.7558928538127689,8056.0,0.767948717948718,0.8052776312103037,0.5784048185719277,0.6381463486726645,0.1659554614374649,780.0,0.9506759643554688,0.7651567459106445,2026-04-22T09:13:51.554016+00:00
NR-ER,topological_torsion,DecisionTree,smoten_enn,roc_auc,"{'ccp_alpha': 0.0, 'criterion': 'entropy', 'max_depth': 5, 'min_samples_leaf': 10}",0.083951159167062,1596,0.9060150375939848,0.9055241024207266,0.5584329349269589,0.5281260267971232,0.083951159167062,0.7340548898337843,0.7313021599265168,0.7321587583681243,0.7805157295662214,0.7068000752026689,7761.0,0.7230769230769231,0.7734450675291606,0.5449634847240827,0.5995455469139679,0.1549344513019793,780.0,0.8565819263458252,1.2474629878997805,2026-04-22T09:13:51.591816+00:00
NR-ER-LBD,atom_pair,RandomForest,none,roc_auc,"{'max_depth': 15, 'max_features': 'sqrt', 'min_samples_leaf': 5, 'n_estimators': 100}",0.1868866230431245,1718,0.979045401629802,0.9705842636836882,0.585602487135506,0.726169547079857,0.1868866230431245,0.9850857568978374,0.9857184358330688,0.9268549610513576,0.9969546715286572,0.9427602624060132,5364.0,0.9582392776523702,0.95368515431914,0.6117118931147618,0.7746884735202492,0.2823666867386423,886.0,0.3631489276885986,0.3060159683227539,2026-04-21T17:57:47.858740+00:00
NR-ER-LBD,atom_pair,RandomForest,random_over,roc_auc,"{'max_depth': 15, 'max_features': 'sqrt', 'min_samples_leaf': 5, 'n_estimators': 200}",0.175020600530409,1718,0.9772991850989524,0.9676563294008842,0.5407645014701952,0.7448748510131108,0.175020600530409,0.9928445402862184,0.9928443752158648,0.9928443752158648,0.9994996003297592,0.9994724701238924,10202.0,0.9559819413092552,0.9522130915632006,0.606316437091978,0.7794392523364486,0.2752537967292831,886.0,1.8510401248931885,4.21343207359314,2026-04-21T17:57:51.885503+00:00
NR-ER-LBD,atom_pair,XGBoost,random_under,roc_auc,"{'colsample_bytree': 0.8, 'learning_rate': 0.1, 'max_depth': 5, 'min_child_weight': 1, 'n_estimators': 200, 'scale_pos_weight': 1, 'subsample': 0.8}",0.21192568268020673,1718,0.9738067520372526,0.9686112947914111,0.5986043831092973,0.715814958283671,0.21192568268020673,1.0,1.0,1.0,1.0,1.0,789.0,0.9029345372460497,0.9231046574443865,0.5760105056980057,0.7059190031152648,0.24365419325084747,886.0,0.6939928531646729,0.6465129852294922,2026-04-30T01:15:45.869132+00:00
NR-ER-LBD,atom_pair,DecisionTree,smote,roc_auc,"{'ccp_alpha': 0.001, 'criterion': 'entropy', 'max_depth': 15, 'min_samples_leaf': 20}",0.0772718068918308,1718,0.7689173457508731,0.8494536574919168,0.4648516789734633,0.6440330750893921,0.0772718068918308,0.9286414428543422,0.9286268254558392,0.9286268254558392,0.9805378136779188,0.977231728103906,10202.0,0.8555304740406321,0.8945666746709793,0.5281587005724937,0.6673870716510903,0.1198582731779963,886.0,1.7169849872589111,1.492840051651001,2026-04-22T09:14:55.623392+00:00
NR-ER-LBD,atom_pair,DecisionTree,smoteenn,roc_auc,"{'ccp_alpha': 0.001, 'criterion': 'entropy', 'max_depth': 15, 'min_samples_leaf': 10}",0.1183734313473349,1718,0.7566938300349243,0.841619367067442,0.4573430420418514,0.6119338498212157,0.1183734313473349,0.9478243748769444,0.9478055835271904,0.9478094113947328,0.9864742096927026,0.9830945278264516,10158.0,0.8442437923250564,0.8869578322530682,0.5034600389863548,0.5706775700934579,0.0810011892130221,886.0,1.6263270378112793,1.5229628086090088,2026-04-22T09:15:32.736315+00:00
NR-ER-LBD,atom_pair,XGBoost,smoten,roc_auc,"{'colsample_bytree': 0.8, 'learning_rate': 0.1, 'max_depth': 7, 'min_child_weight': 10, 'n_estimators': 200, 'scale_pos_weight': 1, 'subsample': 0.8}",0.16952413278593356,1718,0.9790454016298021,0.9714063929844962,0.6033859176606388,0.730080452920143,0.16952413278593356,0.9903940403842384,0.9903938277357957,0.9903938277357955,0.999579230767664,0.9996039981049627,10202.0,0.9548532731376975,0.9524239576061082,0.6179881860906308,0.7060358255451713,0.22947688939370348,886.0,6.537330865859985,6.430207014083862,2026-04-30T01:16:20.720302+00:00
NR-ER-LBD,atom_pair,XGBoost,smoten_enn,roc_auc,"{'colsample_bytree': 0.8, 'learning_rate': 0.1, 'max_depth': 7, 'min_child_weight': 10, 'n_estimators': 200, 'scale_pos_weight': 1, 'subsample': 0.8}",0.15110254938317616,1718,0.9784633294528522,0.9701991022901781,0.583433271077034,0.6437351013110846,0.15110254938317616,0.997029702970297,0.9970297344199149,0.9970294670981619,0.9999319212989825,0.9999318775826624,10100.0,0.9559819413092551,0.9531647121147284,0.6207316671605914,0.683956386292835,0.20101765979820974,886.0,6.5341880321502686,6.443790674209595,2026-04-30T01:18:41.568458+00:00
NR-ER-LBD,avalon,XGBoost,none,roc_auc,"{'colsample_bytree': 0.8, 'learning_rate': 0.1, 'max_depth': 5, 'min_child_weight': 5, 'n_estimators': 200, 'scale_pos_weight': 8, 'subsample': 0.8}",0.30730307291340936,1718,0.9784633294528522,0.9693149791751978,0.5643150398563389,0.8100640643623361,0.30730307291340936,0.9932885906040269,0.9934811089327296,0.9660868832190626,0.9995781040472941,0.9902571318038242,5364.0,0.9571106094808126,0.9539111683633706,0.6235688729874777,0.7347741433021807,0.24581645007140654,886.0,1.0025079250335693,0.951179027557373,2026-04-30T01:19:02.936537+00:00
NR-ER-LBD,avalon,XGBoost,random_over,roc_auc,"{'colsample_bytree': 0.8, 'learning_rate': 0.1, 'max_depth': 7, 'min_child_weight': 5, 'n_estimators': 200, 'scale_pos_weight': 1, 'subsample': 0.8}",0.26674139869692653,1718,0.9784633294528522,0.9701991022901781,0.583433271077034,0.8061829558998808,0.26674139869692653,0.9968633601254656,0.9968633292653001,0.9968633292653002,0.9997957356286372,0.9997349034701734,10202.0,0.9559819413092551,0.9531647121147284,0.6207316671605914,0.7467679127725857,0.21886258521502394,886.0,1.9610240459442139,1.9298110008239746,2026-04-30T01:19:13.646072+00:00
NR-ER-LBD,avalon,XGBoost,random_under,roc_auc,"{'colsample_bytree': 0.8, 'learning_rate': 0.1, 'max_depth': 7, 'min_child_weight': 1, 'n_estimators': 200, 'scale_pos_weight': 1, 'subsample': 0.8}",0.22291058234430947,1718,0.9761350407450524,0.9707994182502314,0.6212094323895566,0.7741358760429082,0.22291058234430947,1.0,1.0,1.0,1.0,0.9999999999999998,789.0,0.9130925507900677,0.9291977168475369,0.588098558809856,0.7479361370716511,0.1925524034943009,886.0,0.2543678283691406,0.23854780197143555,2026-04-30T01:19:28.115813+00:00
NR-ER-LBD,avalon,KNeighbors,smote,roc_auc,"{'n_neighbors': 15, 'weights': 'distance'}",0.0607535961486825,1718,0.8410942956926659,0.8938291281689643,0.5029709580505174,0.6433253873659118,0.0607535961486825,0.9966673201333072,0.9966672950293438,0.9966672950293438,0.9978876412215264,0.9957235034009388,10202.0,0.8747178329571106,0.905592832042501,0.5359877705275375,0.6470794392523365,0.1240693969014034,886.0,20.508250951766968,18.45240592956543,2026-04-24T00:24:06.353930+00:00
NR-ER-LBD,avalon,KNeighbors,smoteenn,roc_auc,"{'n_neighbors': 5, 'weights': 'uniform'}",0.0431961399761621,1718,0.8492433061699651,0.8987496135291704,0.5107528123120498,0.6311308104886769,0.0431961399761621,0.9607025900565644,0.9606742880955376,0.960684693228268,0.9849048221110416,0.9721262810681206,10077.0,0.8724604966139955,0.90426364717387,0.5342720646040628,0.604186137071651,0.0711850781445608,886.0,6.209581136703491,4.726438999176025,2026-04-24T00:25:06.962908+00:00
NR-ER-LBD,avalon,XGBoost,smoten,roc_auc,"{'colsample_bytree': 0.8, 'learning_rate': 0.1, 'max_depth': 7, 'min_child_weight': 10, 'n_estimators': 200, 'scale_pos_weight': 1, 'subsample': 0.8}",0.22623968469571085,1718,0.9790454016298021,0.9705842636836882,0.585602487135506,0.7827771156138259,0.22623968469571085,0.9890217604391296,0.9890217334366841,0.989021733436684,0.9994183557613563,0.9994181052621839,10202.0,0.95372460496614,0.952547305519061,0.6283975244233031,0.7139797507788161,0.24756978344778874,886.0,1.7311549186706543,1.7426707744598389,2026-04-30T01:20:07.721884+00:00
NR-ER-LBD,avalon,XGBoost,smoten_enn,roc_auc,"{'colsample_bytree': 0.8, 'learning_rate': 0.1, 'max_depth': 7, 'min_child_weight': 1, 'n_estimators': 200, 'scale_pos_weight': 1, 'subsample': 0.8}",0.18713863037433845,1718,0.9790454016298021,0.9705842636836882,0.585602487135506,0.7148390941597139,0.18713863037433845,0.9996028199781551,0.9996028209886477,0.9996027548013774,0.9999515816719569,0.9999373040608572,10071.0,0.9650112866817155,0.958266922409259,0.630570164229895,0.682632398753894,0.24487877479703438,886.0,1.8412232398986816,1.8220059871673584,2026-04-30T01:20:27.926269+00:00
NR-ER-LBD,erg,BalancedRandomForest,none,roc_auc,"{'max_depth': 15, 'max_features': 'sqrt', 'min_samples_leaf': 10, 'n_estimators': 200}",0.1753131522933928,1718,0.9767171129220024,0.969835390125883,0.5940933254577673,0.6827249702026221,0.1753131522933928,0.9239373601789708,0.9352927829337796,0.7172866905220189,0.912567281596168,0.5974911674884705,5364.0,0.8950338600451467,0.9187949611510476,0.5744674258269424,0.7565615264797507,0.2450459652349393,886.0,1.209882736206055,1.010589838027954,2026-04-21T23:11:58.440935+00:00
NR-ER-LBD,erg,DecisionTree,random_over,roc_auc,"{'ccp_alpha': 0.0, 'criterion': 'gini', 'max_depth': 15, 'min_samples_leaf': 50}",0.1706523921316575,1718,0.9383003492433062,0.9494213942141884,0.5699157345828295,0.6603843861740167,0.1706523921316575,0.8826700646931974,0.8825434172760983,0.8825434172760984,0.960217140520936,0.95791900956591,10202.0,0.845372460496614,0.88975457662553,0.5471412315555805,0.6704439252336447,0.0932006214619405,886.0,0.193392276763916,0.1630017757415771,2026-04-22T09:17:31.847135+00:00
NR-ER-LBD,erg,KNeighbors,random_under,roc_auc,"{'n_neighbors': 15, 'weights': 'uniform'}",0.1604848019337565,1718,0.9714784633294528,0.9664912777517152,0.5774908026881748,0.6707911203814064,0.1604848019337565,0.7959442332065906,0.7884724232594567,0.7551658806137573,0.842266766904249,0.7538649961416668,789.0,0.8826185101580135,0.9113703706754984,0.5621198296836982,0.7025116822429907,0.1306281014326443,886.0,0.0222010612487792,0.000230073928833,2026-04-24T00:26:40.835892+00:00
NR-ER-LBD,erg,RandomForest,smote,roc_auc,"{'max_depth': 15, 'max_features': 'log2', 'min_samples_leaf': 20, 'n_estimators': 100}",0.1532211270694532,1718,0.9772991850989524,0.9694402733752372,0.5793524732708449,0.6862485101311084,0.1532211270694532,0.928445402862184,0.9283658405556536,0.9283658405556536,0.9855549924460614,0.9849674505013496,10202.0,0.9492099322799096,0.9510890114380456,0.6406651345139922,0.7705802180685359,0.2638150655180207,886.0,0.4214589595794678,0.3759310245513916,2026-04-21T18:01:23.668358+00:00
NR-ER-LBD,erg,RandomForest,smoteenn,roc_auc,"{'max_depth': 10, 'max_features': 'sqrt', 'min_samples_leaf': 10, 'n_estimators': 200}",0.1500816396736076,1718,0.9784633294528522,0.970199102290178,0.583433271077034,0.6933253873659118,0.1500816396736076,0.9661547787431805,0.9661354451763324,0.9660898839025204,0.9933812493162406,0.9925708924274405,9898.0,0.945823927765237,0.9481912079119122,0.6222956410529681,0.7494742990654205,0.2691096394903962,886.0,1.4977810382843018,0.9692988395690918,2026-04-21T18:01:29.843358+00:00
NR-ER-LBD,erg,DecisionTree,smoten,roc_auc,"{'ccp_alpha': 0.001, 'criterion': 'gini', 'max_depth': 15, 'min_samples_leaf': 50}",0.0473093828723708,1718,0.5291036088474971,0.6720086423732078,0.3691904730134221,0.5874329558998808,0.0473093828723708,0.925504802979808,0.9254761622180468,0.9254761622180468,0.9673440647134124,0.9555761854697596,10202.0,0.8442437923250564,0.8869578322530682,0.5034600389863548,0.6111176012461059,0.0794842256247609,886.0,0.146528959274292,0.1328461170196533,2026-04-22T09:17:41.423460+00:00
NR-ER-LBD,erg,DecisionTree,smoten_enn,roc_auc,"{'ccp_alpha': 0.0, 'criterion': 'entropy', 'max_depth': 15, 'min_samples_leaf': 10}",0.0312721293013812,1718,0.9272409778812571,0.941456118659626,0.5181033805693,0.583469904648391,0.0312721293013812,0.9865404357248774,0.9865519127606444,0.9861938791448684,0.9989214324544902,0.9981880312695756,8767.0,0.9446952595936796,0.9432882431813168,0.555889724310777,0.527297507788162,0.054648726373135,886.0,0.1042580604553222,0.1006956100463867,2026-04-22T09:17:41.925014+00:00
NR-ER-LBD,estate,BernoulliNB,none,roc_auc,{'alpha': 50.0},0.1094371725198619,1718,0.9767171129220024,0.9652127888593168,0.4941107184923439,0.7736889153754469,0.1094371725198619,0.9509694258016406,0.9270702419520628,0.4874343048256092,0.5033121813884253,0.0657095505049057,5364.0,0.9650112866817157,0.9489370033309,0.4910970706490523,0.4265576323987539,0.0283074134269168,886.0,0.0081479549407958,0.0017099380493164,2026-04-21T14:18:44.994167+00:00
NR-ER-LBD,estate,KNeighbors,random_over,roc_auc,"{'n_neighbors': 15, 'weights': 'uniform'}",0.0710276681844825,1718,0.880093131548312,0.9170606642082192,0.5386055486024197,0.6783969010727056,0.0710276681844825,0.9192315232307392,0.9187011664822792,0.9187011664822792,0.9942750057926149,0.9924796636854282,10202.0,0.8306997742663657,0.8803393796413874,0.5268711551606289,0.6577102803738317,0.0864031245980671,886.0,0.1711628437042236,0.000568151473999,2026-04-24T00:27:01.601224+00:00
NR-ER-LBD,estate,BernoulliNB,random_under,roc_auc,{'alpha': 50.0},0.1315699292779099,1718,0.9767171129220024,0.9652127888593168,0.4941107184923439,0.7766090584028607,0.1315699292779099,0.6666666666666666,0.5333333333333333,0.4,0.5368806835432057,0.3875279431133021,789.0,0.9650112866817157,0.9489370033309,0.4910970706490523,0.4458333333333333,0.0292193883991642,886.0,0.0140690803527832,0.0013201236724853,2026-04-21T14:18:45.912157+00:00
NR-ER-LBD,estate,KNeighbors,smote,roc_auc,"{'n_neighbors': 15, 'weights': 'uniform'}",0.1003569639225422,1718,0.90104772991851,0.928898696417342,0.5487330037082818,0.737879916567342,0.1003569639225422,0.9151146833954128,0.9145490927413428,0.9145490927413428,0.9925341468346074,0.990190125235928,10202.0,0.8148984198645598,0.8707949967140041,0.5210179324894515,0.6989096573208723,0.1102473709994709,886.0,0.1638088226318359,0.0005750656127929,2026-04-24T00:27:07.147922+00:00
NR-ER-LBD,estate,KNeighbors,smoteenn,roc_auc,"{'n_neighbors': 15, 'weights': 'uniform'}",0.0977525599531637,1718,0.9022118742724098,0.9295689506421924,0.5498156362887678,0.7184594755661502,0.0977525599531637,0.9142514491305216,0.9138287924399562,0.913931572478853,0.9928773335203804,0.990472722479026,10006.0,0.8182844243792325,0.8728943925623089,0.523221262955944,0.7028232087227414,0.1123499499671139,886.0,0.1081399917602539,0.0005600452423095,2026-04-24T00:27:07.368811+00:00
NR-ER-LBD,estate,KNeighbors,smoten,roc_auc,"{'n_neighbors': 5, 'weights': 'uniform'}",0.0359003893110934,1718,0.909778812572759,0.9320789837834784,0.5122205878851046,0.6323301549463647,0.0359003893110934,0.9722603411095864,0.972259752353498,0.972259752353498,0.99709911925738,0.9956726164702993,10202.0,0.9345372460496614,0.9390208457830403,0.5686755078059426,0.668380062305296,0.1130960205648595,886.0,0.1059532165527343,0.0006542205810546,2026-04-24T00:27:12.243839+00:00
NR-ER-LBD,estate,DecisionTree,smoten_enn,roc_auc,"{'ccp_alpha': 0.0, 'criterion': 'entropy', 'max_depth': 15, 'min_samples_leaf': 10}",0.1257174506436677,1718,0.8451688009313155,0.8960607710046622,0.4991034044325581,0.6016165077473183,0.1257174506436677,0.956426788685524,0.9564643949493976,0.9564049952981042,0.9896279213052486,0.984643261593835,9616.0,0.8871331828442438,0.9128927154789762,0.5460414403705449,0.6357671339563862,0.0916644857950524,886.0,0.024688720703125,0.0228369235992431,2026-04-22T09:17:54.993877+00:00
NR-ER-LBD,fcfp,XGBoost,none,roc_auc,"{'colsample_bytree': 0.8, 'learning_rate': 0.1, 'max_depth': 7, 'min_child_weight': 5, 'n_estimators': 100, 'scale_pos_weight': 8, 'subsample': 0.8}",0.20761168750639467,1718,0.9790454016298021,0.9721594946486469,0.6196871310507674,0.779722884386174,0.20761168750639467,0.9697986577181208,0.9713838513073282,0.8551843576014846,0.9890989092573365,0.8466459623386325,5364.0,0.9300225733634312,0.9383561735213913,0.594178486997636,0.6883177570093458,0.23656548861756085,886.0,1.743302822113037,1.6946649551391602,2026-04-30T01:22:23.097124+00:00
NR-ER-LBD,fcfp,XGBoost,random_over,roc_auc,"{'colsample_bytree': 0.8, 'learning_rate': 0.1, 'max_depth': 7, 'min_child_weight': 10, 'n_estimators': 200, 'scale_pos_weight': 1, 'subsample': 0.8}",0.22876770862949747,1718,0.9761350407450524,0.9701514644657303,0.607147836853524,0.7509162693682956,0.22876770862949747,0.9737306410507743,0.9737220932227632,0.9737220932227633,0.9933653856094348,0.9918893025206377,10202.0,0.9051918735891648,0.9239969718963499,0.5709739900387383,0.6950934579439252,0.18652209712553514,886.0,4.978213787078857,4.980005979537964,2026-04-30T01:22:24.817938+00:00
NR-ER-LBD,fcfp,XGBoost,random_under,roc_auc,"{'colsample_bytree': 0.8, 'learning_rate': 0.1, 'max_depth': 7, 'min_child_weight': 1, 'n_estimators': 100, 'scale_pos_weight': 1, 'subsample': 0.8}",0.17001916377621842,1718,0.970314318975553,0.9657746988386123,0.5744116575591985,0.7347288438617402,0.17001916377621842,0.9429657794676806,0.9420668320747798,0.9339143091667488,0.9892690367071955,0.9787457512780469,789.0,0.8848758465011287,0.9130747866240464,0.570540602189781,0.7221183800623053,0.232117974835226,886.0,0.35633111000061035,0.3396012783050537,2026-04-30T01:22:25.091818+00:00
NR-ER-LBD,fcfp,XGBoost,smote,roc_auc,"{'colsample_bytree': 0.8, 'learning_rate': 0.1, 'max_depth': 7, 'min_child_weight': 5, 'n_estimators': 200, 'scale_pos_weight': 1, 'subsample': 0.8}",0.06368345542579953,1718,0.8684516880093132,0.90991287322346,0.5196058537937315,0.683469904648391,0.06368345542579953,0.970103901195844,0.9701019222732228,0.9701019222732228,0.993615018577297,0.9936447610758626,10202.0,0.9345372460496614,0.9404597987102433,0.5910291917359055,0.6485591900311527,0.11919023433345258,886.0,5.332714080810547,5.297744035720825,2026-04-30T01:22:26.348213+00:00
NR-ER-LBD,fcfp,XGBoost,smoteenn,roc_auc,"{'colsample_bytree': 0.8, 'learning_rate': 0.1, 'max_depth': 7, 'min_child_weight': 5, 'n_estimators': 200, 'scale_pos_weight': 1, 'subsample': 0.8}",0.08300510869865564,1718,0.8550640279394645,0.9021846779545382,0.5143272672777,0.6799463647199047,0.08300510869865564,0.9750741839762611,0.975073505056027,0.9750740435100058,0.9953642940844102,0.9948918077361675,10110.0,0.9300225733634312,0.9377251109243722,0.584264220627857,0.6315809968847352,0.13639214172837663,886.0,5.451907157897949,5.3366148471832275,2026-04-30T01:22:28.681184+00:00
NR-ER-LBD,fcfp,XGBoost,smoten,roc_auc,"{'colsample_bytree': 0.8, 'learning_rate': 0.1, 'max_depth': 7, 'min_child_weight': 1, 'n_estimators': 200, 'scale_pos_weight': 1, 'subsample': 0.8}",0.16511717671092357,1718,0.9790454016298021,0.9705842636836882,0.585602487135506,0.7317565554231227,0.16511717671092357,0.9854930405802784,0.9854926034660961,0.9854926034660961,0.9985325632188621,0.9984096768126992,10202.0,0.9548532731376975,0.9514854403824953,0.6037567084078712,0.6954439252336448,0.1916142823657544,886.0,5.207758903503418,5.26282000541687,2026-04-30T01:22:42.959830+00:00
NR-ER-LBD,fcfp,DecisionTree,smoten_enn,roc_auc,"{'ccp_alpha': 0.01, 'criterion': 'entropy', 'max_depth': 15, 'min_samples_leaf': 10}",0.1078012437235011,1718,0.9784633294528522,0.9693149791751978,0.5643150398563389,0.6353545887961859,0.1078012437235011,0.953728527455069,0.9536995150861708,0.953711173430728,0.9724710939623232,0.9495733689857928,10071.0,0.9164785553047404,0.931723515073319,0.6003462316826372,0.6802180685358254,0.1266151978635953,886.0,1.7601158618927002,1.6022911071777344,2026-04-22T09:19:33.542375+00:00
NR-ER-LBD,klekota_roth,LogisticRegression,none,roc_auc,"{'C': 1, 'l1_ratio': 0.0}",0.1658438824629018,1718,0.9464493597206054,0.9531658362602776,0.5602519586894588,0.6809594755661502,0.1658438824629018,0.9608501118568232,0.9659898316938216,0.8464419251005644,0.9957732137812388,0.9099377898206724,5364.0,0.9108352144469526,0.9263298451348108,0.560656560901359,0.6964953271028038,0.1051997244780448,886.0,0.4610791206359863,0.3804090023040771,2026-04-21T08:45:32.275849+00:00
NR-ER-LBD,klekota_roth,LogisticRegression,random_over,roc_auc,"{'C': 1, 'l1_ratio': 0.0}",0.1499102972146079,1718,0.9493597206053552,0.954839005945872,0.5646185977821083,0.692222884386174,0.1499102972146079,0.981866300725348,0.9818625350695824,0.9818625350695822,0.9972445639447596,0.996384733382138,10202.0,0.9142212189616252,0.9283223270660704,0.5643374741200828,0.6870716510903427,0.1023364140124196,886.0,0.6161837577819824,0.4648880958557129,2026-04-21T08:45:32.449395+00:00
NR-ER-LBD,klekota_roth,DecisionTree,random_under,roc_auc,"{'ccp_alpha': 0.001, 'criterion': 'gini', 'max_depth': 10, 'min_samples_leaf': 10}",0.1430743315020958,1718,0.9155995343422584,0.937838291693568,0.5771740883129227,0.7214541120381407,0.1430743315020958,0.826362484157161,0.8264446197741858,0.8048429524966734,0.8902543046740592,0.788715690999452,789.0,0.7979683972911964,0.8606153694363442,0.5224036113194024,0.6948014018691588,0.1015863585962878,886.0,0.0743932723999023,0.0801260471343994,2026-04-22T09:20:00.848827+00:00
NR-ER-LBD,klekota_roth,LogisticRegression,smote,roc_auc,"{'C': 1, 'l1_ratio': 0.0}",0.078002820425772,1718,0.8265424912689173,0.8852653497926796,0.5005131807449902,0.6429082240762812,0.078002820425772,0.974024701039012,0.9740229816472264,0.9740229816472264,0.9952745176718658,0.9950122875542092,10202.0,0.9051918735891648,0.9219501715898868,0.5374403341288783,0.6346573208722741,0.0813805595038221,886.0,0.5184550285339355,0.5094380378723145,2026-04-21T08:45:40.923499+00:00
NR-ER-LBD,klekota_roth,DecisionTree,smoteenn,roc_auc,"{'ccp_alpha': 0.0, 'criterion': 'gini', 'max_depth': 10, 'min_samples_leaf': 10}",0.0516974968157233,1718,0.7275902211874272,0.8225179776243209,0.452299727520436,0.6485920738974971,0.0516974968157233,0.9140648230746358,0.9140362279555082,0.9140492048569596,0.9614629315414828,0.9421581579262944,10089.0,0.8498871331828443,0.8911982144928544,0.5242847396319038,0.601285046728972,0.078040813416251,886.0,1.5262892246246338,1.549729824066162,2026-04-22T09:20:05.961338+00:00
NR-ER-LBD,klekota_roth,DecisionTree,smoten,roc_auc,"{'ccp_alpha': 0.0, 'criterion': 'entropy', 'max_depth': 15, 'min_samples_leaf': 20}",0.0616866616942437,1718,0.9109429569266588,0.9338183705314352,0.5393980812196084,0.6874106078665078,0.0616866616942437,0.9616741815330327,0.961669806076498,0.961669806076498,0.9911508754294404,0.9898020852379484,10202.0,0.9130925507900676,0.9276575506835958,0.5630911897122584,0.6288356697819315,0.0986956972502805,886.0,1.2870206832885742,1.28407883644104,2026-04-22T09:21:27.908650+00:00
NR-ER-LBD,klekota_roth,DecisionTree,smoten_enn,roc_auc,"{'ccp_alpha': 0.0, 'criterion': 'gini', 'max_depth': 5, 'min_samples_leaf': 10}",0.0355690377406048,1718,0.8306169965075669,0.887422581984823,0.4914755649135656,0.6035831346841477,0.0355690377406048,0.8712424849699398,0.8709845534239027,0.8710848350407507,0.9328209640562944,0.8895531324748227,9980.0,0.8081264108352144,0.8662453078341308,0.5079900173781244,0.6103971962616823,0.0764497219467363,886.0,0.9105846881866456,0.948660135269165,2026-04-22T09:21:31.987552+00:00
NR-ER-LBD,maccs,XGBoost,none,roc_auc,"{'colsample_bytree': 0.8, 'learning_rate': 0.1, 'max_depth': 7, 'min_child_weight': 5, 'n_estimators': 200, 'scale_pos_weight': 8, 'subsample': 0.8}",0.25767508025078645,1718,0.9772991850989523,0.9709422731473704,0.6118863498131897,0.7993891537544696,0.25767508025078645,0.9888143176733781,0.9893377930809734,0.9456727237370901,0.9985822507030978,0.965216272976213,5364.0,0.945823927765237,0.945823927765237,0.585981308411215,0.7492990654205607,0.18462537764548678,886.0,0.4573538303375244,0.42621493339538574,2026-04-30T01:34:11.386034+00:00
NR-ER-LBD,maccs,XGBoost,random_over,roc_auc,"{'colsample_bytree': 0.8, 'learning_rate': 0.1, 'max_depth': 7, 'min_child_weight': 10, 'n_estimators': 100, 'scale_pos_weight': 1, 'subsample': 0.8}",0.2716503336283683,1718,0.9720605355064028,0.9691552934651838,0.6292419746425681,0.7885876042908224,0.2716503336283683,0.9786316408547344,0.9786255653705934,0.9786255653705935,0.9964753731149117,0.9953137768997455,10202.0,0.9311512415349887,0.9377318358915149,0.575360439992143,0.7455607476635514,0.18236285292152898,886.0,0.3935737609863281,0.37650203704833984,2026-04-30T01:34:30.443886+00:00
NR-ER-LBD,maccs,XGBoost,random_under,roc_auc,"{'colsample_bytree': 0.8, 'learning_rate': 0.1, 'max_depth': 7, 'min_child_weight': 1, 'n_estimators': 100, 'scale_pos_weight': 1, 'subsample': 0.8}",0.2574904249986576,1718,0.9708963911525029,0.968860793691308,0.6354299295475766,0.7591477949940405,0.2574904249986576,0.9898605830164765,0.9898605830164765,0.9885931558935361,0.9995915800430829,0.9991600056682004,789.0,0.9018058690744921,0.9232651944484893,0.5888236329594009,0.7199376947040498,0.16135122545824976,886.0,0.06512999534606934,0.055600881576538086,2026-04-30T01:34:42.822661+00:00
NR-ER-LBD,maccs,DecisionTree,smote,roc_auc,"{'ccp_alpha': 0.0, 'criterion': 'entropy', 'max_depth': 10, 'min_samples_leaf': 50}",0.188774324369406,1718,0.7386495925494762,0.829823781753375,0.4628868728688874,0.657896305125149,0.188774324369406,0.8796314448147422,0.8796297748179851,0.8796297748179851,0.9535472650653236,0.9515123854364016,10202.0,0.8419864559819413,0.886726062602007,0.524422973698336,0.6161993769470405,0.2049976107384037,886.0,0.0813851356506347,0.073329210281372,2026-04-22T09:21:48.587267+00:00
NR-ER-LBD,maccs,DecisionTree,smoteenn,roc_auc,"{'ccp_alpha': 0.001, 'criterion': 'entropy', 'max_depth': 15, 'min_samples_leaf': 50}",0.1573756483559033,1718,0.8463329452852154,0.8971152907725579,0.5120158374935445,0.6969681168057211,0.1573756483559033,0.8873873873873874,0.8873507731489579,0.8873754151125994,0.9605908089602908,0.9538452753088404,9990.0,0.8250564334085779,0.8764603392565076,0.5135575509625773,0.6131230529595015,0.1722445119987097,886.0,0.0854368209838867,0.363330602645874,2026-04-22T09:21:50.783502+00:00
NR-ER-LBD,maccs,XGBoost,smoten,roc_auc,"{'colsample_bytree': 0.8, 'learning_rate': 0.1, 'max_depth': 7, 'min_child_weight': 10, 'n_estimators': 200, 'scale_pos_weight': 1, 'subsample': 0.8}",0.20051484291143262,1718,0.9784633294528522,0.971007438843174,0.6009241413082376,0.7345202622169248,0.20051484291143262,0.9840227406390903,0.9840227146961584,0.9840227146961584,0.9981839878946361,0.9983477143222251,10202.0,0.9492099322799097,0.9487943328656151,0.6055092166582564,0.733138629283489,0.20422382216276533,886.0,0.693263053894043,0.6775119304656982,2026-04-30T01:35:04.889809+00:00
NR-ER-LBD,maccs,XGBoost,smoten_enn,roc_auc,"{'colsample_bytree': 0.8, 'learning_rate': 0.1, 'max_depth': 7, 'min_child_weight': 5, 'n_estimators': 200, 'scale_pos_weight': 1, 'subsample': 0.8}",0.17267904116756919,1718,0.9778812572759022,0.9713436206195888,0.6143886591848788,0.6710667461263409,0.17267904116756919,0.9939591998415528,0.9939593286982379,0.9939588665915049,0.9996890312191627,0.9996393878219263,10098.0,0.9514672686230248,0.9493319003922699,0.596569068671573,0.6928348909657321,0.19998118024789452,886.0,0.6751980781555176,0.6500742435455322,2026-04-30T01:35:09.683574+00:00
NR-ER-LBD,map4,XGBoost,none,roc_auc,"{'colsample_bytree': 0.8, 'learning_rate': 0.05, 'max_depth': 3, 'min_child_weight': 1, 'n_estimators': 100, 'scale_pos_weight': 4, 'subsample': 0.8}",0.20682455853575227,1718,0.9778812572759022,0.9679989826272761,0.5420209332996604,0.7719904648390943,0.20682455853575227,0.9718493661446681,0.9692527388954877,0.82145882558331,0.9583936796110208,0.7677192543170238,5364.0,0.9627539503386005,0.9543281802731686,0.588028913218075,0.7005646417445482,0.16414386692664054,886.0,0.8342580795288086,0.9070999622344971,2026-04-30T01:35:24.408257+00:00
NR-ER-LBD,map4,RandomForest,random_over,roc_auc,"{'max_depth': 10, 'max_features': 'sqrt', 'min_samples_leaf': 10, 'n_estimators': 200}",0.2606368776279169,1718,0.9778812572759022,0.967998982627276,0.5420209332996604,0.757203516090584,0.2606368776279169,0.9850029405998824,0.9850025946305112,0.9850025946305114,0.9989997002713392,0.9989541071872589,10202.0,0.963882618510158,0.9563310735116212,0.6097990641343243,0.7791666666666667,0.2174374453559127,886.0,1.6679832935333252,2.6751081943511963,2026-04-21T18:08:04.942345+00:00
NR-ER-LBD,map4,XGBoost,random_under,roc_auc,"{'colsample_bytree': 0.8, 'learning_rate': 0.1, 'max_depth': 3, 'min_child_weight': 10, 'n_estimators': 200, 'scale_pos_weight': 1, 'subsample': 0.8}",0.1269674806809919,1718,0.9668218859138533,0.9624290829368336,0.5391695960922169,0.7491954707985697,0.1269674806809919,0.9657794676806084,0.9654417980209836,0.960767739048282,0.9923737512469459,0.9879117093534631,789.0,0.8927765237020316,0.9162091203747871,0.5510143118522193,0.7223909657320873,0.1403122512119799,886.0,0.25986194610595703,0.2346489429473877,2026-04-30T01:36:14.581160+00:00
NR-ER-LBD,map4,DecisionTree,smote,roc_auc,"{'ccp_alpha': 0.0, 'criterion': 'gini', 'max_depth': 15, 'min_samples_leaf': 20}",0.078231918768674,1718,0.7305005820721769,0.8244743824643019,0.4517647334514669,0.6080378426698451,0.078231918768674,0.9332483826700648,0.9332287357237512,0.9332287357237512,0.9765302158888012,0.965175758759061,10202.0,0.8261851015801355,0.875944111645568,0.4881993728338009,0.579322429906542,0.0526537737726372,886.0,1.1844468116760254,0.9610719680786132,2026-04-22T09:22:23.054014+00:00
NR-ER-LBD,map4,DecisionTree,smoteenn,roc_auc,"{'ccp_alpha': 0.0, 'criterion': 'gini', 'max_depth': 15, 'min_samples_leaf': 20}",0.0782109545411315,1718,0.7345750873108265,0.8271770388542617,0.4535760619376439,0.6151594159713945,0.0782109545411315,0.9364657210401892,0.9364456819146808,0.9364505222831612,0.9793389334298874,0.9691228958494288,10152.0,0.8216704288939052,0.8737277945216996,0.4965402154992591,0.6205607476635514,0.0627344282474381,886.0,1.1240630149841309,0.8764159679412842,2026-04-22T09:22:59.547688+00:00
NR-ER-LBD,map4,KNeighbors,smoten,roc_auc,"{'n_neighbors': 15, 'weights': 'distance'}",0.0437861389880857,1718,0.8521536670547147,0.8999579768165772,0.4963318974870381,0.677361442193087,0.0437861389880857,0.9790237208390512,0.979014997855582,0.9790149978555818,0.9802103565610428,0.9619165326966532,10202.0,0.7776523702031602,0.8472152185170289,0.4947065516013513,0.6484423676012461,0.0601748773384,886.0,44.26177096366882,36.61457300186157,2026-04-24T01:02:41.058999+00:00
NR-ER-LBD,map4,KNeighbors,smoten_enn,roc_auc,"{'n_neighbors': 15, 'weights': 'distance'}",0.0443540116742682,1718,0.8690337601862631,0.9097486403729228,0.5055609207017185,0.6520113230035756,0.0443540116742682,0.9850480245568868,0.9850471317312858,0.9850477659453334,0.9871775214692816,0.9745001827195632,10099.0,0.7787810383747178,0.8479355901448671,0.4953327521069456,0.6280373831775701,0.0614841656455964,886.0,43.79271697998047,35.78922700881958,2026-04-24T01:02:55.235009+00:00
NR-ER-LBD,mhfp,EasyEnsemble,none,roc_auc,"{'n_estimators': 10, 'replacement': True}",0.1025621054984161,1718,0.8934807916181606,0.9238956677574144,0.5253391308286343,0.7304305721096545,0.1025621054984161,0.8118941088739746,0.8633364344961195,0.6152028638481264,0.9646285713007888,0.6338947105489521,5364.0,0.7742663656884876,0.845049594389358,0.4928390708537018,0.6825545171339564,0.096795568288906,886.0,18.12231206893921,12.273478746414185,2026-04-21T23:18:53.756343+00:00
NR-ER-LBD,mhfp,RandomForest,random_over,roc_auc,"{'max_depth': 15, 'max_features': 'sqrt', 'min_samples_leaf': 10, 'n_estimators': 100}",0.1009660036144848,1718,0.9732246798603028,0.9653106986447656,0.5332073242764324,0.7006033969010728,0.1009660036144848,0.9984316800627328,0.9984316762052408,0.9984316762052404,0.9996835151273428,0.9993969420774138,10202.0,0.9672686230248309,0.9541326106332588,0.5522679352466586,0.6411604361370716,0.1565817758209197,886.0,1.8070521354675293,1.7348010540008545,2026-04-21T18:09:29.829614+00:00
NR-ER-LBD,mhfp,KNeighbors,random_under,roc_auc,"{'n_neighbors': 5, 'weights': 'distance'}",0.101829514774329,1718,0.8568102444703143,0.903003236177593,0.5089192756748717,0.7030914779499403,0.101829514774329,1.0,1.0,1.0,1.0,1.0,789.0,0.8103837471783296,0.8678188924478468,0.5137783701148524,0.6465926791277259,0.1089612146959354,886.0,4.021831750869751,1.166963815689087,2026-04-24T01:05:58.408071+00:00
NR-ER-LBD,mhfp,KNeighbors,smote,roc_auc,"{'n_neighbors': 15, 'weights': 'distance'}",0.1420459800936971,1718,0.9720605355064028,0.9691552934651838,0.6292419746425681,0.7306317044100119,0.1420459800936971,0.9993138600274456,0.9993138599681144,0.9993138599681142,0.999998539596216,0.9999979249653236,10202.0,0.9571106094808126,0.9539111683633706,0.6235688729874777,0.646923676012461,0.191485388832611,886.0,95.22317790985107,67.30343723297119,2026-04-24T01:07:04.723536+00:00
NR-ER-LBD,mhfp,KNeighbors,smoteenn,roc_auc,"{'n_neighbors': 15, 'weights': 'distance'}",0.1378460518642781,1718,0.9714784633294528,0.9687664767726556,0.6270561706161977,0.7281883194278903,0.1378460518642781,0.9995091783645824,0.9995091786010664,0.9995091778916144,0.999898491679247,0.9997965558396946,10187.0,0.9571106094808126,0.9539111683633706,0.6235688729874777,0.6507009345794392,0.1901172397872761,886.0,96.72765064239502,69.63724899291992,2026-04-24T01:07:40.846048+00:00
NR-ER-LBD,mhfp,KNeighbors,smoten,roc_auc,"{'n_neighbors': 15, 'weights': 'distance'}",0.1339284301953894,1718,0.9726426076833528,0.9690204718952836,0.6200170353742841,0.7301102502979738,0.1339284301953894,0.9981376200744952,0.9981376160484272,0.9981376160484272,0.9987143066266092,0.9974356941694992,10202.0,0.9401805869074492,0.9423937245825872,0.576783380649813,0.6499415887850467,0.1255238166519036,886.0,99.65676736831664,70.17320418357849,2026-04-24T01:07:55.335498+00:00
NR-ER-LBD,mhfp,XGBoost,smoten_enn,roc_auc,"{'colsample_bytree': 0.8, 'learning_rate': 0.1, 'max_depth': 5, 'min_child_weight': 10, 'n_estimators': 200, 'scale_pos_weight': 1, 'subsample': 0.8}",0.08506429221478928,1718,0.9732246798603027,0.9653106986447655,0.5332073242764324,0.7165449940405244,0.08506429221478928,0.9997049567269867,0.9997049566271045,0.9997049532311117,0.9999892636475579,0.9999888734230457,10168.0,0.9627539503386005,0.947806074168881,0.4905117883841288,0.6601246105919003,0.13049800287045013,886.0,7.799012184143066,7.739223003387451,2026-04-30T01:43:27.388567+00:00
NR-ER-LBD,morgan_2048,XGBoost,none,roc_auc,"{'colsample_bytree': 0.8, 'learning_rate': 0.1, 'max_depth': 3, 'min_child_weight': 1, 'n_estimators': 100, 'scale_pos_weight': 8, 'subsample': 0.8}",0.2452664071090918,1718,0.9743888242142026,0.9707393896012083,0.6386408398187277,0.7446886174016687,0.2452664071090918,0.9625279642058165,0.963632379047862,0.8109706931674197,0.9765199248935756,0.7317949261010732,5364.0,0.9345372460496614,0.9411192756797226,0.6013219960278053,0.7189447040498443,0.19034934697335623,886.0,1.4353139400482178,1.364987850189209,2026-04-30T01:44:11.111797+00:00
NR-ER-LBD,morgan_2048,RandomForest,random_over,roc_auc,"{'max_depth': 5, 'max_features': 'log2', 'min_samples_leaf': 5, 'n_estimators': 200}",0.2433632826913952,1718,0.979045401629802,0.9721594946486468,0.6196871310507674,0.7064809296781882,0.2433632826913952,0.7792589688296413,0.7726611159135311,0.772661115913531,0.9200513670128836,0.9192387778966544,10202.0,0.9221218961625284,0.9341389377882732,0.591860441827395,0.7335280373831775,0.190595923788991,886.0,1.00335693359375,0.9625117778778076,2026-04-21T18:11:09.552271+00:00
NR-ER-LBD,morgan_2048,BernoulliNB,random_under,roc_auc,{'alpha': 10.0},0.2942304270289014,1718,0.9778812572759022,0.967998982627276,0.5420209332996604,0.7203665077473183,0.2942304270289014,0.7211660329531052,0.6464191976003,0.5562429696287964,0.8330465960184474,0.7204813000690151,789.0,0.9661399548532732,0.9515986222464388,0.5226293103448276,0.6923286604361371,0.1264612980145675,886.0,0.0675311088562011,0.0247359275817871,2026-04-21T14:19:57.249406+00:00
NR-ER-LBD,morgan_2048,LogisticRegression,smote,roc_auc,"{'C': 1, 'l1_ratio': 1.0}",0.078474300785619,1718,0.80034924330617,0.8693395502540187,0.4913926513223252,0.6537544696066746,0.078474300785619,0.983336600666536,0.9833365231774844,0.9833365231774844,0.9982632916632734,0.998212944453358,10202.0,0.90744920993228,0.9243422734596236,0.557140418891571,0.6798286604361371,0.1852626755947506,886.0,0.3115129470825195,0.2510719299316406,2026-04-21T08:46:44.188400+00:00
NR-ER-LBD,morgan_2048,DecisionTree,smoteenn,roc_auc,"{'ccp_alpha': 0.0, 'criterion': 'gini', 'max_depth': 15, 'min_samples_leaf': 50}",0.1095901943424495,1718,0.8440046565774156,0.895556431541839,0.5046221380616285,0.6549240166865316,0.1095901943424495,0.8970820189274448,0.8969650793040758,0.8969833118259989,0.9633717370352276,0.9521305833608668,10144.0,0.8261851015801355,0.8769245592173529,0.5092860328283918,0.6499026479750779,0.1449854333652331,886.0,2.2687528133392334,2.0951879024505615,2026-04-22T09:26:10.416014+00:00
NR-ER-LBD,morgan_2048,LogisticRegression,smoten,roc_auc,"{'C': 1, 'l1_ratio': 0.0}",0.1274639287635562,1718,0.9743888242142026,0.9668189291384712,0.553502658003544,0.6851311084624553,0.1274639287635562,0.9880415604783376,0.9880415048685476,0.9880415048685476,0.9990106340838796,0.9988824463556152,10202.0,0.948081264108352,0.9488883012404916,0.6155819656668553,0.7407320872274143,0.2014936024193382,886.0,0.2653748989105224,0.2157118320465088,2026-04-21T08:46:46.800895+00:00
NR-ER-LBD,morgan_2048,XGBoost,smoten_enn,roc_auc,"{'colsample_bytree': 0.8, 'learning_rate': 0.1, 'max_depth': 7, 'min_child_weight': 5, 'n_estimators': 200, 'scale_pos_weight': 1, 'subsample': 0.8}",0.16383682323079565,1718,0.9784633294528522,0.9701991022901781,0.583433271077034,0.6526072705601906,0.16383682323079565,0.991863464973209,0.9918637408928941,0.9918629262728713,0.9989948272935725,0.9988741121550722,10078.0,0.9582392776523702,0.95368515431914,0.6117118931147618,0.746456386292835,0.183601164627502,886.0,5.774031162261963,5.744912147521973,2026-04-30T01:47:58.116348+00:00
NR-ER-LBD,morgan_4096,BernoulliNB,none,roc_auc,{'alpha': 1.0},0.252904360599661,1718,0.979627473806752,0.9718099616258444,0.6059503915593565,0.6934594755661502,0.252904360599661,0.9464951528709918,0.9487253440318688,0.7371632884176833,0.9459186784370172,0.5084061424092556,5364.0,0.945823927765237,0.9439522103178988,0.5574425574425574,0.7297897196261682,0.1462380416676128,886.0,0.1387341022491455,0.028904914855957,2026-04-21T14:20:12.756268+00:00
NR-ER-LBD,morgan_4096,RandomForest,random_over,roc_auc,"{'max_depth': 15, 'max_features': 'sqrt', 'min_samples_leaf': 20, 'n_estimators': 200}",0.2629294345678672,1718,0.980209545983702,0.9729949267075798,0.6254200333461588,0.6854067342073897,0.2629294345678672,0.8420897863164085,0.8397567297593596,0.8397567297593596,0.9672956984459882,0.9649717371865631,10202.0,0.9435665914221218,0.9474317636060692,0.6281685412120195,0.7935747663551401,0.2436543065926007,886.0,4.89922308921814,6.098214864730835,2026-04-21T18:13:26.298502+00:00
NR-ER-LBD,morgan_4096,BernoulliNB,random_under,roc_auc,{'alpha': 10.0},0.2471100028961145,1718,0.9767171129220024,0.9652127888593168,0.4941107184923439,0.6739272943980931,0.2471100028961145,0.6894803548795945,0.587129075589205,0.4754345259901494,0.8024114849137619,0.6766186832709787,789.0,0.9661399548532732,0.9495014940923098,0.4913892078071182,0.658411214953271,0.0942756751476229,886.0,0.1554951667785644,0.0457348823547363,2026-04-21T14:20:16.488380+00:00
NR-ER-LBD,morgan_4096,DecisionTree,smote,roc_auc,"{'ccp_alpha': 0.0, 'criterion': 'gini', 'max_depth': 15, 'min_samples_leaf': 20}",0.0447251395914476,1718,0.7916181606519208,0.8638988138783356,0.486842412652643,0.6654499404052442,0.0447251395914476,0.9385414624583416,0.938539265171373,0.9385392651713732,0.9799078416035296,0.9718227283530928,10202.0,0.8893905191873589,0.9146348611693969,0.555120611563134,0.6309579439252335,0.0856511825872456,886.0,5.797324180603027,6.95389986038208,2026-04-22T09:28:42.180524+00:00
NR-ER-LBD,morgan_4096,DecisionTree,smoteenn,roc_auc,"{'ccp_alpha': 0.0, 'criterion': 'entropy', 'max_depth': 10, 'min_samples_leaf': 10}",0.1202603912094692,1718,0.7735739231664727,0.8524873369379237,0.4756355242334439,0.6544025625744935,0.1202603912094692,0.9411822660098522,0.9411796094563364,0.9411810048177792,0.9761199682437732,0.963335021584367,10150.0,0.8792325056433409,0.9078538069800972,0.5325967450092937,0.6332554517133956,0.0752734102313079,886.0,4.214388847351074,4.841950178146362,2026-04-22T09:29:32.361673+00:00
NR-ER-LBD,morgan_4096,XGBoost,smoten,roc_auc,"{'colsample_bytree': 0.8, 'learning_rate': 0.1, 'max_depth': 7, 'min_child_weight': 1, 'n_estimators': 200, 'scale_pos_weight': 1, 'subsample': 0.8}",0.2115523466258237,1718,0.9790454016298021,0.9714063929844962,0.6033859176606388,0.6973331346841478,0.2115523466258237,0.9890217604391296,0.9890215743727077,0.9890215743727075,0.999343356340714,0.9992884962654927,10202.0,0.9616252821670429,0.9559412844629321,0.6205854199203991,0.7032710280373831,0.1929969463877062,886.0,12.901631832122803,12.7900550365448,2026-04-30T01:50:51.899132+00:00
NR-ER-LBD,morgan_4096,XGBoost,smoten_enn,roc_auc,"{'colsample_bytree': 0.8, 'learning_rate': 0.1, 'max_depth': 7, 'min_child_weight': 1, 'n_estimators': 200, 'scale_pos_weight': 1, 'subsample': 0.8}",0.18445229696024998,1718,0.9796274738067521,0.9718099616258443,0.6059503915593565,0.6536650774731823,0.18445229696024998,0.9942574257425743,0.9942573892597426,0.9942567690516049,0.9996909399523504,0.9996277650665671,10100.0,0.9616252821670429,0.9559412844629321,0.6205854199203991,0.7209890965732088,0.2150800440409071,886.0,13.363260269165039,13.101454973220825,2026-04-30T01:54:43.606078+00:00
NR-ER-LBD,pubchem,RUSBoost,none,roc_auc,"{'learning_rate': 0.02, 'n_estimators': 50, 'sampling_strategy': 'auto'}",0.3401637575624179,1718,0.981373690337602,0.9752528841321306,0.6619441164895711,0.7686010131108462,0.3401637575624179,0.9146159582401192,0.9293817827009996,0.7061409741330681,0.9100660945479264,0.596337326516003,5364.0,0.8972911963882618,0.9201474154177062,0.5768885623573247,0.7666277258566978,0.1690877982334566,886.0,0.7808589935302734,0.6221439838409424,2026-04-29T18:51:27.978017+00:00
NR-ER-LBD,pubchem,RandomForest,random_over,roc_auc,"{'max_depth': 15, 'max_features': 'sqrt', 'min_samples_leaf': 5, 'n_estimators': 100}",0.2221086257523923,1718,0.979045401629802,0.9705842636836882,0.585602487135506,0.781488379022646,0.2221086257523923,0.9802979807880808,0.980293431915666,0.980293431915666,0.9972247331986406,0.9965475831249528,10202.0,0.9413092550790068,0.945993006683486,0.62359477124183,0.7798091900311527,0.194186981578826,886.0,0.7519171237945557,0.7639529705047607,2026-04-21T18:15:51.505346+00:00
NR-ER-LBD,pubchem,XGBoost,random_under,roc_auc,"{'colsample_bytree': 0.8, 'learning_rate': 0.05, 'max_depth': 7, 'min_child_weight': 1, 'n_estimators': 100, 'scale_pos_weight': 1, 'subsample': 0.8}",0.2806473697468766,1718,0.9772991850989523,0.9738277108765858,0.6745500910746812,0.732322705601907,0.2806473697468766,0.9670468948035488,0.9667768230887861,0.9623375192773739,0.9953158206711099,0.9895523033560573,789.0,0.90744920993228,0.9262532731479235,0.5885977032322363,0.7765381619937695,0.1878334278668487,886.0,0.20770883560180664,0.1878199577331543,2026-04-30T01:58:17.488510+00:00
NR-ER-LBD,pubchem,DecisionTree,smote,roc_auc,"{'ccp_alpha': 0.0, 'criterion': 'gini', 'max_depth': 5, 'min_samples_leaf': 10}",0.1359508737010395,1718,0.8870779976717112,0.920083921694687,0.5166234474436845,0.6702994636471992,0.1359508737010395,0.8438541462458341,0.8437669623395649,0.8437669623395649,0.9086433844227412,0.8750507311623118,10202.0,0.8148984198645598,0.8707949967140041,0.5210179324894515,0.6338590342679128,0.1263344560160859,886.0,0.3560619354248047,0.2392899990081787,2026-04-22T09:33:47.124084+00:00
NR-ER-LBD,pubchem,DecisionTree,smoteenn,roc_auc,"{'ccp_alpha': 0.001, 'criterion': 'entropy', 'max_depth': 15, 'min_samples_leaf': 50}",0.151678869550782,1718,0.7229336437718277,0.8193037187965241,0.4572528406074121,0.6481227651966626,0.151678869550782,0.8902353530295443,0.8902188823651859,0.8902320225643248,0.9617649563983616,0.9559612235242207,9985.0,0.863431151241535,0.8989368739119228,0.5276998242190082,0.6022196261682243,0.1033891926117412,886.0,0.4179461002349853,0.3673439025878906,2026-04-22T09:34:08.508494+00:00
NR-ER-LBD,pubchem,XGBoost,smoten,roc_auc,"{'colsample_bytree': 0.8, 'learning_rate': 0.1, 'max_depth': 7, 'min_child_weight': 5, 'n_estimators': 200, 'scale_pos_weight': 1, 'subsample': 0.8}",0.23596155964947804,1718,0.9784633294528522,0.9701991022901781,0.583433271077034,0.708157032181168,0.23596155964947804,0.9869633405214664,0.9869632953041909,0.9869632953041908,0.99903720958958,0.9989449387174616,10202.0,0.9548532731376975,0.953293508598249,0.6312021312021312,0.7439447040498443,0.25187925146546114,886.0,2.7292399406433105,2.728148937225342,2026-04-30T01:58:43.188965+00:00
NR-ER-LBD,pubchem,RandomForest,smoten_enn,roc_auc,"{'max_depth': 15, 'max_features': 'sqrt', 'min_samples_leaf': 20, 'n_estimators': 100}",0.1742709110872783,1718,0.979627473806752,0.9718099616258444,0.6059503915593565,0.6478098927294398,0.1742709110872783,0.965345548695479,0.9653473027278188,0.9653448833728672,0.9949806064829048,0.994195860982008,10042.0,0.9435665914221218,0.9460325082415753,0.6065579594301751,0.6831970404984424,0.231552121294645,886.0,0.7267420291900635,0.7267780303955078,2026-04-21T18:17:17.582747+00:00
NR-ER-LBD,rdkit,XGBoost,none,roc_auc,"{'colsample_bytree': 0.8, 'learning_rate': 0.1, 'max_depth': 5, 'min_child_weight': 1, 'n_estimators': 200, 'scale_pos_weight': 1, 'subsample': 0.8}",0.2239973044023984,1718,0.9778812572759022,0.9679989826272761,0.5420209332996604,0.7763036352800954,0.2239973044023984,0.9960850111856824,0.9960453089618143,0.9785835490460949,0.9997842069287838,0.9956720177367928,5364.0,0.963882618510158,0.9536567053632737,0.569720148121168,0.7751557632398755,0.18608636385524352,886.0,4.177792072296143,3.8543999195098877,2026-04-30T01:59:34.864181+00:00
NR-ER-LBD,rdkit,RandomForest,random_over,roc_auc,"{'max_depth': 15, 'max_features': 'sqrt', 'min_samples_leaf': 5, 'n_estimators': 200}",0.2136231812851297,1718,0.9784633294528522,0.970199102290178,0.583433271077034,0.7648316448152562,0.2136231812851297,0.9900999803960008,0.9900990099961274,0.9900990099961272,0.9991950100616056,0.9989499950092976,10202.0,0.9525959367945824,0.9479931729339868,0.5678048780487804,0.773481308411215,0.1726221944817162,886.0,3.5744717121124268,4.637307167053223,2026-04-21T18:17:53.360283+00:00
NR-ER-LBD,rdkit,XGBoost,random_under,roc_auc,"{'colsample_bytree': 0.8, 'learning_rate': 0.1, 'max_depth': 7, 'min_child_weight': 5, 'n_estimators': 200, 'scale_pos_weight': 1, 'subsample': 0.8}",0.26673283109558976,1718,0.9796274738067521,0.9732763345003255,0.6376903285672108,0.7271081644815257,0.26673283109558976,0.9936628643852978,0.9936598381042827,0.9928639261972596,0.9997397678150617,0.9994586672562886,789.0,0.9142212189616253,0.929383488581326,0.5814936356404137,0.7404205607476636,0.17972407013600708,886.0,0.7075088024139404,0.6749348640441895,2026-04-30T02:00:02.099400+00:00
NR-ER-LBD,rdkit,KNeighbors,smote,roc_auc,"{'n_neighbors': 15, 'weights': 'distance'}",0.0617954213353145,1718,0.9080325960419092,0.9319662849483092,0.5319317703699106,0.5843191299165673,0.0617954213353145,0.9957851401685944,0.9957850720936609,0.995785072093661,0.9979543778312856,0.9958559473729472,10202.0,0.8781038374717833,0.90832376120922,0.5517286611074674,0.6533489096573208,0.1133066010715519,886.0,73.23259425163269,65.11152791976929,2026-04-24T01:50:43.939516+00:00
NR-ER-LBD,rdkit,DecisionTree,smoteenn,roc_auc,"{'ccp_alpha': 0.001, 'criterion': 'entropy', 'max_depth': 15, 'min_samples_leaf': 10}",0.0488579836384377,1718,0.8242142025611175,0.8837252873737892,0.4938086596811645,0.6373733611442193,0.0488579836384377,0.9625486867072806,0.9625442227775052,0.9625477528307584,0.9893948829730644,0.9846662572196048,10013.0,0.8950338600451467,0.9150511332404644,0.5117763122811384,0.5716121495327103,0.0702862455062203,886.0,2.5581629276275635,3.518125057220459,2026-04-22T09:35:14.201671+00:00
NR-ER-LBD,rdkit,DecisionTree,smoten,roc_auc,"{'ccp_alpha': 0.001, 'criterion': 'gini', 'max_depth': 10, 'min_samples_leaf': 10}",0.0726797527697891,1718,0.9656577415599534,0.9611108051451436,0.5230001082358035,0.6859654350417164,0.0726797527697891,0.9702019211919232,0.9702008206235078,0.970200820623508,0.9785742431428566,0.966090985320202,10202.0,0.9300225733634312,0.9363535779316394,0.5628243084073472,0.6297897196261681,0.0813448612890647,886.0,2.502601146697998,3.314635992050171,2026-04-22T09:36:53.468726+00:00
NR-ER-LBD,rdkit,DecisionTree,smoten_enn,roc_auc,"{'ccp_alpha': 0.001, 'criterion': 'gini', 'max_depth': 10, 'min_samples_leaf': 50}",0.0607039717154252,1718,0.9656577415599534,0.9611108051451436,0.5230001082358035,0.6400923718712753,0.0607039717154252,0.9511588580523228,0.9511615394159793,0.9511560664956392,0.9787204368366428,0.9619471776775612,10053.0,0.927765237020316,0.9350281662672802,0.5600794438927508,0.666861370716511,0.076928780253811,886.0,1.808421850204468,1.813676118850708,2026-04-22T09:37:13.176856+00:00
NR-ER-LBD,topological_torsion,BernoulliNB,none,roc_auc,{'alpha': 10.0},0.322446353670683,1718,0.9772991850989524,0.9666328436572824,0.5186465031071519,0.7290673420738976,0.322446353670683,0.935682326621924,0.9285353660614252,0.5792727883675604,0.6845407185499301,0.1188775293356611,5364.0,0.95372460496614,0.9448046393154717,0.511399249465345,0.5748442367601246,0.0478040127495944,886.0,0.044523000717163,0.0123529434204101,2026-04-21T14:21:03.691472+00:00
NR-ER-LBD,topological_torsion,RandomForest,random_over,roc_auc,"{'max_depth': 15, 'max_features': 'sqrt', 'min_samples_leaf': 20, 'n_estimators': 100}",0.1874840208486,1718,0.9784633294528522,0.971007438843174,0.6009241413082376,0.6461486889153755,0.1874840208486,0.8694373652225054,0.8688952952918647,0.8688952952918649,0.9557409452755572,0.955956811666971,10202.0,0.9209932279909706,0.9329056612786631,0.5814888792917297,0.7493380062305296,0.2361782041481816,886.0,2.489799976348877,2.3653740882873535,2026-04-21T18:19:40.941353+00:00
NR-ER-LBD,topological_torsion,BernoulliNB,random_under,roc_auc,{'alpha': 10.0},0.3253699999438667,1718,0.9784633294528522,0.9693149791751978,0.5643150398563389,0.7163289630512515,0.3253699999438667,0.7325728770595691,0.6820503778929675,0.608639232695088,0.7979224797235757,0.6662663164794717,789.0,0.9604966139954854,0.9515601911988152,0.563060968564625,0.6513239875389408,0.0759779138112333,886.0,0.0495119094848632,0.014841079711914,2026-04-21T14:21:08.266346+00:00
NR-ER-LBD,topological_torsion,DecisionTree,smote,roc_auc,"{'ccp_alpha': 0.0, 'criterion': 'entropy', 'max_depth': 5, 'min_samples_leaf': 50}",0.1286681911403732,1718,0.9767171129220024,0.9705449673249936,0.6094744498999818,0.5672824791418356,0.1286681911403732,0.7236816310527348,0.7141705681506663,0.7141705681506663,0.7924210308752035,0.7703895985962442,10202.0,0.891647855530474,0.915969780346847,0.5572213893053473,0.6261292834890966,0.1640553803320585,886.0,1.1078178882598877,1.560065984725952,2026-04-22T09:37:42.096431+00:00
NR-ER-LBD,topological_torsion,DecisionTree,smoteenn,roc_auc,"{'ccp_alpha': 0.0, 'criterion': 'entropy', 'max_depth': 5, 'min_samples_leaf': 50}",0.1286681911403732,1718,0.9767171129220024,0.9705449673249936,0.6094744498999818,0.5672824791418356,0.1286681911403732,0.7273176517098241,0.7179499258857527,0.7175130080794105,0.795782654989503,0.7707812955881664,10118.0,0.891647855530474,0.915969780346847,0.5572213893053473,0.6210085669781933,0.1638727906945609,886.0,1.3288118839263916,0.9786088466644288,2026-04-22T09:39:08.092291+00:00
NR-ER-LBD,topological_torsion,DecisionTree,smoten,roc_auc,"{'ccp_alpha': 0.0, 'criterion': 'entropy', 'max_depth': 15, 'min_samples_leaf': 20}",0.0887089370680744,1718,0.9516880093131548,0.9540657955428484,0.5213087017386021,0.6215956495828368,0.0887089370680744,0.9508919819643208,0.9508800508359369,0.9508800508359369,0.9859342746814292,0.9820422739345476,10202.0,0.909706546275395,0.9251214406652218,0.5506301828417823,0.6928933021806853,0.1427465786417768,886.0,1.826436996459961,1.5175659656524658,2026-04-22T09:39:17.178451+00:00
NR-ER-LBD,topological_torsion,DecisionTree,smoten_enn,roc_auc,"{'ccp_alpha': 0.0, 'criterion': 'gini', 'max_depth': 10, 'min_samples_leaf': 20}",0.0822826852732794,1718,0.9476135040745052,0.9522832630074708,0.5273352001076045,0.5739049463647199,0.0822826852732794,0.925193721438506,0.9251506083104132,0.9251689888289732,0.9715989578490324,0.958445970087139,10066.0,0.881489841986456,0.9099639401826428,0.5481238615664845,0.7110591900311527,0.150093233100901,886.0,1.369046926498413,1.474998950958252,2026-04-22T09:39:27.156830+00:00
NR-PPAR-gamma,atom_pair,XGBoost,none,roc_auc,"{'colsample_bytree': 0.8, 'learning_rate': 0.05, 'max_depth': 3, 'min_child_weight': 1, 'n_estimators': 200, 'scale_pos_weight': 8, 'subsample': 0.8}",0.17957759123182737,1678,0.9791418355184743,0.9693864657229774,0.5217543545353127,0.817515902016511,0.17957759123182737,0.9894158355383676,0.989488682562114,0.9050771937959611,0.9894271428270036,0.8609963182927565,4913.0,0.9390804597701149,0.9269189331855312,0.5764867967853042,0.6225991979738287,0.1774080122658043,870.0,2.4550209045410156,2.4941091537475586,2026-04-30T02:07:46.821957+00:00
NR-PPAR-gamma,atom_pair,XGBoost,random_over,roc_auc,"{'colsample_bytree': 0.8, 'learning_rate': 0.05, 'max_depth': 3, 'min_child_weight': 10, 'n_estimators': 200, 'scale_pos_weight': 1, 'subsample': 0.8}",0.18953537507985116,1678,0.9785458879618594,0.9690579173450742,0.5208908346816408,0.8115357287860334,0.18953537507985116,0.9500418935902807,0.9500395781798301,0.9500395781798302,0.9901796650583763,0.9888485210265777,9548.0,0.871264367816092,0.8908720421312439,0.5592465939314987,0.5984065006331786,0.18782614331460384,870.0,4.2783050537109375,4.455322027206421,2026-04-30T02:08:02.097660+00:00
NR-PPAR-gamma,atom_pair,XGBoost,random_under,roc_auc,"{'colsample_bytree': 0.8, 'learning_rate': 0.1, 'max_depth': 3, 'min_child_weight': 1, 'n_estimators': 100, 'scale_pos_weight': 1, 'subsample': 0.8}",0.08989845096589132,1678,0.9749702026221693,0.9671119784673706,0.5163866930171278,0.7464135877655975,0.08989845096589132,0.9664268585131894,0.9659489633173843,0.9612041467304626,0.9944878629470524,0.9911086527025993,417.0,0.8425287356321839,0.8741349665795446,0.5462729975522572,0.6784772055719713,0.14228556959978003,870.0,0.18001413345336914,0.1571059226989746,2026-04-30T02:08:31.998615+00:00
NR-PPAR-gamma,atom_pair,LogisticRegression,smote,roc_auc,"{'C': 1, 'l1_ratio': 1.0}",0.0349994285842942,1678,0.7729439809296782,0.8534312322197549,0.4581329888807239,0.5727094329408581,0.0349994285842942,0.994763301214914,0.9947632975385964,0.9947632975385964,0.999886929427992,0.9998860944919212,9548.0,0.8770114942528736,0.88682029333582,0.4851757835183249,0.4902912621359223,0.0556987372578774,870.0,0.7278897762298584,0.6889309883117676,2026-04-21T08:48:07.850805+00:00
NR-PPAR-gamma,atom_pair,LogisticRegression,smoteenn,roc_auc,"{'C': 1, 'l1_ratio': 1.0}",0.0335991636113617,1678,0.7836710369487485,0.8601327723131011,0.4601407625569117,0.5836209229936393,0.0335991636113617,0.9953820319059614,0.9953820367893282,0.9953820245809112,0.999879492038896,0.9998771334696328,9528.0,0.8827586206896552,0.8908684546615581,0.4965277777777778,0.4757809202195018,0.0523263676393291,870.0,0.5486700534820557,0.4840850830078125,2026-04-21T08:48:08.561359+00:00
NR-PPAR-gamma,atom_pair,KNeighbors,smoten,roc_auc,"{'n_neighbors': 15, 'weights': 'distance'}",0.0399179562900546,1678,0.9284862932061978,0.9440739582613548,0.5268441236183171,0.6410627283800244,0.0399179562900546,0.9806242144951822,0.980617402203652,0.980617402203652,0.9805593645512832,0.9629770828238058,9548.0,0.8413793103448276,0.871672850283719,0.5250791139240506,0.6208711481637821,0.0781067695648767,870.0,66.49910807609558,56.96241474151611,2026-04-24T02:12:18.352062+00:00
NR-PPAR-gamma,atom_pair,KNeighbors,smoten_enn,roc_auc,"{'n_neighbors': 15, 'weights': 'distance'}",0.0252349455884745,1678,0.9255065554231228,0.942159845185616,0.5176331252084123,0.5450246988767087,0.0252349455884745,0.9805640646456112,0.9805610044955946,0.9805624977013256,0.9808474520743308,0.9636225668795422,9467.0,0.8333333333333334,0.8663395863395864,0.5145743145743146,0.5960980371464752,0.0677978340828919,870.0,66.04087781906128,55.606805086135864,2026-04-24T02:12:30.962282+00:00
NR-PPAR-gamma,avalon,XGBoost,none,roc_auc,"{'colsample_bytree': 0.8, 'learning_rate': 0.05, 'max_depth': 7, 'min_child_weight': 1, 'n_estimators': 100, 'scale_pos_weight': 4, 'subsample': 0.8}",0.3024025556143079,1678,0.9797377830750894,0.9717306633349196,0.5698733413751508,0.8367167411016376,0.3024025556143079,0.9983716670059027,0.9983716670059027,0.9851925748885599,0.9998982799516566,0.9966216425666087,4913.0,0.9494252873563218,0.9288123512208392,0.5469822485207101,0.6829886027859857,0.19668011534931715,870.0,0.6019959449768066,0.6366269588470459,2026-04-30T02:11:47.273988+00:00
NR-PPAR-gamma,avalon,RandomForest,random_over,roc_auc,"{'max_depth': 15, 'max_features': 'sqrt', 'min_samples_leaf': 5, 'n_estimators': 100}",0.2028280621491466,1678,0.9785458879618594,0.9679351494176948,0.494578313253012,0.8239612938151305,0.2028280621491466,0.9965437788018432,0.9965437375151808,0.9965437375151808,0.999908231625396,0.9999017249418996,9548.0,0.9448275862068966,0.9260368234230056,0.5413206801107157,0.6308964753060363,0.152533700743683,870.0,0.8198351860046387,0.6680960655212402,2026-04-21T18:23:20.606692+00:00
NR-PPAR-gamma,avalon,RandomForest,random_under,roc_auc,"{'max_depth': 5, 'max_features': 'log2', 'min_samples_leaf': 5, 'n_estimators': 200}",0.0708675647241938,1678,0.9767580452920144,0.967040524793179,0.4941211938498643,0.7688624983082961,0.0708675647241938,0.9280575539568344,0.9276481055055472,0.9181625497173956,0.9684022566119768,0.9549428540203154,417.0,0.8022988505747126,0.8504888719326991,0.5380569001284204,0.7416103841283243,0.1768676149320869,870.0,0.4740989208221435,0.2913818359375,2026-04-21T18:23:51.689196+00:00
NR-PPAR-gamma,avalon,LogisticRegression,smote,roc_auc,"{'C': 1, 'l1_ratio': 1.0}",0.0867901842149768,1678,0.7562574493444577,0.8427942915658959,0.4701986652719827,0.6949012044931655,0.0867901842149768,0.9767490573942188,0.9767480126855348,0.9767480126855348,0.9961440828857752,0.9961697714278388,9548.0,0.8850574712643678,0.8938272079799475,0.5147796988287786,0.5428978471929085,0.0663667059598468,870.0,0.9859051704406738,0.923896074295044,2026-04-21T08:48:20.397274+00:00
NR-PPAR-gamma,avalon,LogisticRegression,smoteenn,roc_auc,"{'C': 1, 'l1_ratio': 1.0}",0.0922318512282705,1678,0.7622169249106079,0.846655477619949,0.4710091738770079,0.684564893760996,0.0922318512282705,0.9828276443320692,0.9828273361363788,0.9828275602786992,0.9976130509810718,0.9972959160948668,9492.0,0.8885057471264368,0.8958086969415121,0.5170290331996039,0.5387558041367667,0.0690801383330718,870.0,0.6997990608215332,0.7307970523834229,2026-04-21T08:48:21.060017+00:00
NR-PPAR-gamma,avalon,XGBoost,smoten,roc_auc,"{'colsample_bytree': 0.8, 'learning_rate': 0.1, 'max_depth': 7, 'min_child_weight': 1, 'n_estimators': 200, 'scale_pos_weight': 1, 'subsample': 0.8}",0.17237818458171653,1678,0.9779499404052443,0.9697170420919231,0.5431997939888902,0.7572912437406956,0.17237818458171653,0.9997905320485966,0.9997905320394058,0.9997905320394058,0.9999998903079432,0.9999998684062797,9548.0,0.9459770114942528,0.9267250795981928,0.5426737202357652,0.6416473195441115,0.16120582181045348,870.0,1.822317123413086,1.7195100784301758,2026-04-30T02:13:05.311413+00:00
NR-PPAR-gamma,avalon,XGBoost,smoten_enn,roc_auc,"{'colsample_bytree': 0.8, 'learning_rate': 0.1, 'max_depth': 7, 'min_child_weight': 10, 'n_estimators': 100, 'scale_pos_weight': 1, 'subsample': 0.8}",0.10364893536675333,1678,0.9702026221692491,0.9683764918602109,0.6017808323207776,0.7158783326566518,0.10364893536675333,0.9955574360059234,0.9955574777616524,0.9955570852578004,0.9999257015386047,0.9999253026804529,9454.0,0.9459770114942528,0.9249175850900169,0.5253021279559781,0.5587800759814268,0.10382763037762971,870.0,0.8792567253112793,0.8592879772186279,2026-04-30T02:13:06.658413+00:00
NR-PPAR-gamma,erg,RandomForest,none,roc_auc,"{'max_depth': 10, 'max_features': 'sqrt', 'min_samples_leaf': 10, 'n_estimators': 100}",0.0651658733741684,1678,0.9499404052443384,0.9556296337493848,0.5403159528810154,0.7131123968060631,0.0651658733741684,0.9607164665174028,0.9667950940140958,0.7549572109526523,0.964627795040884,0.5064693507710797,4913.0,0.9241379310344828,0.917649311972728,0.5570674812552069,0.5746359223300971,0.1533937961862069,870.0,0.3398220539093017,0.2123210430145263,2026-04-21T18:24:32.749551+00:00
NR-PPAR-gamma,erg,XGBoost,random_over,roc_auc,"{'colsample_bytree': 0.8, 'learning_rate': 0.05, 'max_depth': 7, 'min_child_weight': 1, 'n_estimators': 100, 'scale_pos_weight': 1, 'subsample': 0.8}",0.04530547106359092,1678,0.9433849821215733,0.9519942861102397,0.5330081586618036,0.7035881039382865,0.04530547106359092,0.9639715123586091,0.963967071300332,0.9639670713003319,0.9923501417835647,0.9922158882871577,9548.0,0.9218390804597701,0.9127552605385116,0.5201323772752344,0.5729342549598987,0.13164758540203186,870.0,0.8593010902404785,0.905937910079956,2026-04-30T02:13:52.018362+00:00
NR-PPAR-gamma,erg,RandomForest,random_under,roc_auc,"{'max_depth': 5, 'max_features': 'log2', 'min_samples_leaf': 5, 'n_estimators': 100}",0.0840277085049379,1678,0.934445768772348,0.9479451274895506,0.5464641997149737,0.6362667478684532,0.0840277085049379,0.829736211031175,0.8245212403672901,0.797673798801364,0.8847109362869416,0.8258688141268333,417.0,0.8195402298850575,0.8608680805508938,0.5425208744318772,0.6302105318699873,0.1637724453788502,870.0,0.1968529224395752,0.1283738613128662,2026-04-21T18:24:43.755957+00:00
NR-PPAR-gamma,erg,DecisionTree,smote,roc_auc,"{'ccp_alpha': 0.0, 'criterion': 'entropy', 'max_depth': 10, 'min_samples_leaf': 20}",0.0446262939897432,1678,0.9392133492252682,0.950017145658298,0.5369005487191143,0.708062660711869,0.0446262939897432,0.9499371596145788,0.9499370805369128,0.9499370805369128,0.9905302847482936,0.9895457765165028,9548.0,0.8781609195402299,0.8933162143776169,0.5465274089809407,0.5389009075559308,0.0815469120401623,870.0,0.3627359867095947,0.2940940856933594,2026-04-22T09:43:31.950812+00:00
NR-PPAR-gamma,erg,XGBoost,smoteenn,roc_auc,"{'colsample_bytree': 0.8, 'learning_rate': 0.1, 'max_depth': 7, 'min_child_weight': 5, 'n_estimators': 200, 'scale_pos_weight': 1, 'subsample': 0.8}",0.041220037611035834,1678,0.9749702026221693,0.9661442804499709,0.49366324683162344,0.6509169035052105,0.041220037611035834,0.9973344706258663,0.9973343869603174,0.9973334443284645,0.9998927414919849,0.9999034904699667,9379.0,0.9425287356321839,0.9229550243989644,0.5222090417819956,0.6076271633600675,0.11826772625521163,870.0,2.1988940238952637,2.2276902198791504,2026-04-30T02:14:00.043941+00:00
NR-PPAR-gamma,erg,LogisticRegression,smoten,roc_auc,"{'C': 0.001, 'l1_ratio': 0.0}",0.0405599741271789,1678,0.0750893921334922,0.1026476223977999,0.0741305361835743,0.6589271213966708,0.0405599741271789,0.75,0.7476623023606257,0.7476623023606256,0.8616156604453427,0.8594108486222232,9548.0,0.6091954022988506,0.7166510763494195,0.4070195414925947,0.4016066905867455,0.0511129226161426,870.0,0.0393431186676025,0.0262560844421386,2026-04-21T08:48:29.858263+00:00
NR-PPAR-gamma,erg,DecisionTree,smoten_enn,roc_auc,"{'ccp_alpha': 0.001, 'criterion': 'entropy', 'max_depth': 15, 'min_samples_leaf': 10}",0.040026110026262,1678,0.7759237187127532,0.8553792175594421,0.4686957898388895,0.6715895249695494,0.040026110026262,0.9595923261390888,0.9595649551552188,0.9586713295196754,0.9930383038523544,0.987603187156351,8340.0,0.8988505747126436,0.9008348015773135,0.5149026763990268,0.4726282186576614,0.0666706987502151,870.0,0.1132769584655761,0.1019442081451416,2026-04-22T09:43:40.591932+00:00
NR-PPAR-gamma,estate,XGBoost,none,roc_auc,"{'colsample_bytree': 0.8, 'learning_rate': 0.1, 'max_depth': 5, 'min_child_weight': 1, 'n_estimators': 200, 'scale_pos_weight': 4, 'subsample': 0.8}",0.21164104344828447,1678,0.9785458879618594,0.9690579173450742,0.5208908346816408,0.8118233184463391,0.21164104344828447,0.993690209647873,0.9936340789438003,0.9416009162685599,0.9970041562058272,0.9437069909534723,4913.0,0.9425287356321839,0.9211053423343013,0.5044203426904849,0.6237864077669903,0.12883508985754832,870.0,0.16245079040527344,0.16312313079833984,2026-04-30T02:14:28.500148+00:00
NR-PPAR-gamma,estate,XGBoost,random_over,roc_auc,"{'colsample_bytree': 0.8, 'learning_rate': 0.1, 'max_depth': 7, 'min_child_weight': 1, 'n_estimators': 200, 'scale_pos_weight': 1, 'subsample': 0.8}",0.1709111469557225,1678,0.9731823599523242,0.9684525566490265,0.5686597090123902,0.7899326701854107,0.1709111469557225,0.9938206954335986,0.9938204594752287,0.9938204594752287,0.9995661679158983,0.9995146924288947,9548.0,0.9344827586206896,0.9199698813171147,0.5306244143453446,0.6117823976361334,0.11095963034770079,870.0,0.3125157356262207,0.32539963722229004,2026-04-30T02:14:42.271444+00:00
NR-PPAR-gamma,estate,KNeighbors,random_under,roc_auc,"{'n_neighbors': 5, 'weights': 'distance'}",0.0883223996682317,1678,0.9374255065554232,0.9499047166389926,0.5569319442034507,0.742581878467993,0.0883223996682317,0.9976019184652278,0.99759974247462,0.9972972797801528,0.9999870607111432,0.9999486125385406,417.0,0.8275862068965517,0.8628570690301158,0.511052828774822,0.6247757492612916,0.0749881402198331,870.0,0.0138747692108154,0.0001900196075439,2026-04-24T02:21:16.941908+00:00
NR-PPAR-gamma,estate,XGBoost,smote,roc_auc,"{'colsample_bytree': 0.8, 'learning_rate': 0.05, 'max_depth': 5, 'min_child_weight': 1, 'n_estimators': 200, 'scale_pos_weight': 1, 'subsample': 0.8}",0.2208969010304793,1678,0.9785458879618594,0.9679351494176947,0.49457831325301205,0.7995161726891324,0.2208969010304793,0.9873271889400922,0.9873260877408881,0.987326087740888,0.9986094776745074,0.998841524674096,9548.0,0.9425287356321839,0.9246701301537898,0.538725822870716,0.6243668214436471,0.1307924129773248,870.0,0.41650891304016113,0.41338276863098145,2026-04-30T02:14:44.288507+00:00
NR-PPAR-gamma,estate,XGBoost,smoteenn,roc_auc,"{'colsample_bytree': 0.8, 'learning_rate': 0.1, 'max_depth': 7, 'min_child_weight': 1, 'n_estimators': 100, 'scale_pos_weight': 1, 'subsample': 0.8}",0.2880894076877932,1678,0.9785458879618594,0.9679351494176947,0.49457831325301205,0.8367167411016375,0.2880894076877932,0.9937526471833968,0.9937520641685159,0.9937509201393151,0.9998906684943156,0.999891562493006,9444.0,0.9425287356321839,0.9229550243989644,0.5222090417819956,0.6321760236386661,0.12991701938897568,870.0,0.28845810890197754,0.29551196098327637,2026-04-30T02:14:45.168225+00:00
NR-PPAR-gamma,estate,DecisionTree,smoten,roc_auc,"{'ccp_alpha': 0.0, 'criterion': 'entropy', 'max_depth': 15, 'min_samples_leaf': 10}",0.0356827238854886,1678,0.8825983313468415,0.918674140326824,0.5018558006012703,0.6639599404520233,0.0356827238854886,0.9463762044407206,0.9463097154961072,0.9463097154961074,0.969657773068722,0.9497880473471036,9548.0,0.896551724137931,0.9021404992444536,0.5398015798382547,0.5316061629379485,0.0696424399749786,870.0,0.0313000679016113,0.0275270938873291,2026-04-22T09:43:50.756277+00:00
NR-PPAR-gamma,estate,DecisionTree,smoten_enn,roc_auc,"{'ccp_alpha': 0.01, 'criterion': 'gini', 'max_depth': 5, 'min_samples_leaf': 10}",0.028623739380996,1678,0.8224076281287247,0.8837113731949741,0.4734871457933218,0.6146552307484098,0.028623739380996,0.8393877331033739,0.8389425202808515,0.8391304527962776,0.854583631393715,0.7803308160613495,9277.0,0.7540229885057471,0.8187099899714573,0.5001879194630873,0.5690296538623891,0.0733541573417973,870.0,0.0198810100555419,0.0182130336761474,2026-04-22T09:43:50.940809+00:00
NR-PPAR-gamma,fcfp,XGBoost,none,roc_auc,"{'colsample_bytree': 0.8, 'learning_rate': 0.1, 'max_depth': 5, 'min_child_weight': 10, 'n_estimators': 100, 'scale_pos_weight': 8, 'subsample': 0.8}",0.12325616267020541,1678,0.9779499404052443,0.9687307542909648,0.5200636967293585,0.7639311814859927,0.12325616267020541,0.9774068797069001,0.9774461859122078,0.7952619243110768,0.9632029608822369,0.616852744246722,4913.0,0.9333333333333333,0.9244737543298694,0.5798361310951239,0.5806906922752216,0.18593390456819034,870.0,1.4873511791229248,1.420518159866333,2026-04-30T02:14:58.117302+00:00
NR-PPAR-gamma,fcfp,XGBoost,random_over,roc_auc,"{'colsample_bytree': 0.8, 'learning_rate': 0.1, 'max_depth': 7, 'min_child_weight': 1, 'n_estimators': 200, 'scale_pos_weight': 1, 'subsample': 0.8}",0.19257421882582199,1678,0.9761620977353993,0.9709970747014673,0.5939503932244404,0.7716030586006226,0.19257421882582199,0.992982823627985,0.9929824780798424,0.9929824780798425,0.9997574928011297,0.999704952492328,9548.0,0.9333333333333333,0.9232962646136298,0.5683490162532079,0.5537542211903757,0.1539636791006703,870.0,4.433768272399902,4.404587030410767,2026-04-30T02:15:01.340174+00:00
NR-PPAR-gamma,fcfp,XGBoost,random_under,roc_auc,"{'colsample_bytree': 0.8, 'learning_rate': 0.05, 'max_depth': 3, 'min_child_weight': 1, 'n_estimators': 200, 'scale_pos_weight': 1, 'subsample': 0.8}",0.053300897429032906,1678,0.9469606674612634,0.9539734599986234,0.5368421705541755,0.714068209500609,0.053300897429032906,0.882494004796163,0.8767577323816556,0.8563130691607186,0.9472335800424408,0.9228055720587164,417.0,0.8540229885057471,0.8793298414047271,0.5339134983274205,0.5629221190375686,0.13490084991891654,870.0,0.26760196685791016,0.24038195610046387,2026-04-30T02:15:06.071209+00:00
NR-PPAR-gamma,fcfp,DecisionTree,smote,roc_auc,"{'ccp_alpha': 0.0, 'criterion': 'gini', 'max_depth': 15, 'min_samples_leaf': 50}",0.0509759779097495,1678,0.7234803337306317,0.820978102683931,0.4618464124568698,0.7155061578021384,0.0509759779097495,0.8887725178047758,0.8886937475639349,0.888693747563935,0.9492504215246352,0.9253112907944696,9548.0,0.8275862068965517,0.8636984189897388,0.5210727969348659,0.5004748839172647,0.0607346175632405,870.0,2.3133697509765625,2.16170597076416,2026-04-22T09:43:53.190282+00:00
NR-PPAR-gamma,fcfp,DecisionTree,smoteenn,roc_auc,"{'ccp_alpha': 0.001, 'criterion': 'gini', 'max_depth': 15, 'min_samples_leaf': 50}",0.0527663939330644,1678,0.5405244338498212,0.681862887410328,0.3804159333357279,0.7222222222222222,0.0527663939330644,0.888175888912266,0.8880122598354622,0.8880301102802044,0.9428702058310352,0.9156984992267604,9506.0,0.8068965517241379,0.8505923540776301,0.5037011884550084,0.5708104685521318,0.0700394335499268,870.0,2.265833854675293,2.1783196926116943,2026-04-22T09:43:55.847437+00:00
NR-PPAR-gamma,fcfp,DecisionTree,smoten,roc_auc,"{'ccp_alpha': 0.0, 'criterion': 'gini', 'max_depth': 10, 'min_samples_leaf': 20}",0.0330589245562532,1678,0.5935637663885578,0.7256789030514135,0.4041987371717979,0.6512721613208824,0.0330589245562532,0.9060536237955592,0.9060536145209042,0.9060536145209044,0.9463001878454532,0.906826247301378,9548.0,0.832183908045977,0.8621351759490796,0.473767068805515,0.4962536935415787,0.0521108357141669,870.0,2.0657620429992676,2.2169501781463623,2026-04-22T09:44:09.768964+00:00
NR-PPAR-gamma,fcfp,DecisionTree,smoten_enn,roc_auc,"{'ccp_alpha': 0.0, 'criterion': 'gini', 'max_depth': 10, 'min_samples_leaf': 20}",0.0322932962010556,1678,0.5935637663885578,0.7256789030514135,0.4041987371717979,0.6447252672892136,0.0322932962010556,0.9140831658025604,0.9140843489229672,0.914082949378096,0.9495551504438507,0.9084726707779214,9451.0,0.832183908045977,0.8621351759490796,0.473767068805515,0.5252216124947235,0.0524302117265334,870.0,2.0221481323242188,5.2916259765625,2026-04-22T09:45:45.897593+00:00
NR-PPAR-gamma,klekota_roth,XGBoost,none,roc_auc,"{'colsample_bytree': 0.8, 'learning_rate': 0.1, 'max_depth': 5, 'min_child_weight': 5, 'n_estimators': 200, 'scale_pos_weight': 8, 'subsample': 0.8}",0.14860169318231678,1678,0.9696066746126341,0.9669170252250122,0.5742282146322047,0.7764328731898769,0.14860169318231678,0.9894158355383676,0.9899443190054454,0.913396791820906,0.9961421729813469,0.9026040916866842,4913.0,0.9390804597701149,0.9293464578303309,0.600083261780241,0.5878007598142676,0.15988268034053632,870.0,7.521588087081909,7.406666994094849,2026-04-30T02:17:38.036536+00:00
NR-PPAR-gamma,klekota_roth,LogisticRegression,random_over,roc_auc,"{'C': 1, 'l1_ratio': 0.0}",0.1362413274685431,1678,0.9475566150178784,0.9563080479724932,0.5864448552064079,0.7631276221410204,0.1362413274685431,0.9905739421868454,0.9905731046018548,0.9905731046018548,0.9988013290816108,0.9977733817894332,9548.0,0.9057471264367816,0.908460214696152,0.5566631037311393,0.591678978471929,0.144346718006213,870.0,0.5797522068023682,0.534480094909668,2026-04-21T08:48:38.740147+00:00
NR-PPAR-gamma,klekota_roth,DecisionTree,random_under,roc_auc,"{'ccp_alpha': 0.01, 'criterion': 'entropy', 'max_depth': 10, 'min_samples_leaf': 10}",0.062524699404731,1678,0.7842669845053635,0.8607917738239453,0.4928312599148368,0.7367624171065096,0.062524699404731,0.7745803357314148,0.7796994937122326,0.7599338559529643,0.8347264634335696,0.6791678637818895,417.0,0.6448275862068965,0.7428500803361758,0.4414212248714352,0.540457471506965,0.0592248105492744,870.0,0.0507631301879882,0.0271039009094238,2026-04-22T09:46:10.036171+00:00
NR-PPAR-gamma,klekota_roth,XGBoost,smote,roc_auc,"{'colsample_bytree': 0.8, 'learning_rate': 0.05, 'max_depth': 5, 'min_child_weight': 1, 'n_estimators': 200, 'scale_pos_weight': 1, 'subsample': 0.8}",0.07456770502370531,1678,0.8235995232419547,0.8851397918904853,0.5079120382662867,0.7727280416835837,0.07456770502370531,0.954754922496858,0.9547395438033384,0.9547395438033384,0.9902238928956227,0.9892214820684629,9548.0,0.8804597701149425,0.8926713658364448,0.527262847708416,0.4849092444069228,0.07095634391464943,870.0,12.988297939300537,12.744236946105957,2026-04-30T02:18:25.540188+00:00
NR-PPAR-gamma,klekota_roth,XGBoost,smoteenn,roc_auc,"{'colsample_bytree': 0.8, 'learning_rate': 0.1, 'max_depth': 7, 'min_child_weight': 1, 'n_estimators': 200, 'scale_pos_weight': 1, 'subsample': 0.8}",0.07585324548123706,1678,0.8516090584028605,0.9018334931576438,0.5195565158297678,0.7717299363919339,0.07585324548123706,0.9883096366508689,0.9883093137704158,0.9883095199470906,0.9982546186108171,0.9978414167964887,9495.0,0.9114942528735632,0.9110347937474096,0.5535755935998508,0.4901461587167581,0.066523903194638,870.0,13.26885199546814,13.143766164779663,2026-04-30T02:18:52.768617+00:00
NR-PPAR-gamma,klekota_roth,LogisticRegression,smoten,roc_auc,"{'C': 1, 'l1_ratio': 1.0}",0.1102587485000579,1678,0.8682955899880811,0.911668080464643,0.5310330001074922,0.7379212342671538,0.1102587485000579,0.9837662337662336,0.9837662335881622,0.9837662335881624,0.99677536067187,0.9972259289737172,9548.0,0.913793103448276,0.911446273233619,0.5462794918330308,0.4984830097087379,0.0743730614698325,870.0,0.6055128574371338,0.4358100891113281,2026-04-21T08:48:47.985417+00:00
NR-PPAR-gamma,klekota_roth,LogisticRegression,smoten_enn,roc_auc,"{'C': 0.01, 'l1_ratio': 1.0}",0.0403038969862125,1678,0.7401668653158522,0.8322276674517671,0.4644424728490822,0.7121650426309378,0.0403038969862125,0.8882421420256111,0.8880319111990653,0.8880769606618965,0.9587280702736972,0.947704276597046,9449.0,0.8218390804597702,0.8589426030203964,0.5025655591664792,0.4976519628535247,0.0647198626446162,870.0,0.5437760353088379,0.5187540054321289,2026-04-21T08:48:48.746489+00:00
NR-PPAR-gamma,maccs,XGBoost,none,roc_auc,"{'colsample_bytree': 0.8, 'learning_rate': 0.05, 'max_depth': 5, 'min_child_weight': 1, 'n_estimators': 200, 'scale_pos_weight': 4, 'subsample': 0.8}",0.17169172393997625,1678,0.9767580452920143,0.9698802237206207,0.5607772072888352,0.8641477195831642,0.17169172393997625,0.9930795847750865,0.9929278285403829,0.9343119828860855,0.9981170488828879,0.9452752354099905,4913.0,0.9459770114942528,0.9249175850900169,0.5253021279559781,0.6942011397214014,0.18483521396334904,870.0,0.32065296173095703,0.3221921920776367,2026-04-30T02:25:43.782489+00:00
NR-PPAR-gamma,maccs,XGBoost,random_over,roc_auc,"{'colsample_bytree': 0.8, 'learning_rate': 0.1, 'max_depth': 7, 'min_child_weight': 1, 'n_estimators': 100, 'scale_pos_weight': 1, 'subsample': 0.8}",0.19328137219922528,1678,0.9779499404052443,0.9706109616416329,0.564183379077489,0.8535238191906888,0.19328137219922528,0.99329702555509,0.9932967243778119,0.9932967243778119,0.9997698660651213,0.999736917347413,9548.0,0.9379310344827586,0.9285861773988968,0.5981180496150557,0.6953355846348671,0.21261288435827713,870.0,0.3954932689666748,0.3930950164794922,2026-04-30T02:26:13.305983+00:00
NR-PPAR-gamma,maccs,LogisticRegression,random_under,roc_auc,"{'C': 1, 'l1_ratio': 1.0}",0.1227831321081385,1678,0.7061978545887961,0.8088173625091007,0.4647527910685805,0.7799769928271755,0.1227831321081385,0.8321342925659473,0.8353634383046148,0.819333036244801,0.9151829615444336,0.8554845535396186,417.0,0.7011494252873564,0.7831673052362706,0.4763888888888888,0.6145261713803293,0.0987058180960092,870.0,0.025444746017456,0.0137689113616943,2026-04-21T08:48:53.457031+00:00
NR-PPAR-gamma,maccs,DecisionTree,smote,roc_auc,"{'ccp_alpha': 0.0, 'criterion': 'entropy', 'max_depth': 10, 'min_samples_leaf': 20}",0.0988227635395538,1678,0.635280095351609,0.757335471148754,0.4306339152650628,0.8009287454323996,0.0988227635395538,0.8734813573523251,0.8720496328305256,0.8720496328305256,0.9364587262137164,0.9122830611089344,9548.0,0.7264367816091954,0.799909187197446,0.4751277579493835,0.5595583579569438,0.0669808427039071,870.0,0.0802817344665527,0.1055359840393066,2026-04-22T09:48:16.723695+00:00
NR-PPAR-gamma,maccs,DecisionTree,smoteenn,roc_auc,"{'ccp_alpha': 0.0, 'criterion': 'gini', 'max_depth': 5, 'min_samples_leaf': 20}",0.0886296691430217,1678,0.801549463647199,0.8718077105418985,0.5158621442551875,0.8077209365272702,0.0886296691430217,0.7842639593908629,0.7833858062257377,0.7835100986737247,0.8458693251051769,0.7756153859995807,9456.0,0.7241379310344828,0.7985032968369158,0.4770796602019554,0.5894496623047699,0.0876918091926939,870.0,0.0784060955047607,0.0626618862152099,2026-04-22T09:48:20.475854+00:00
NR-PPAR-gamma,maccs,XGBoost,smoten,roc_auc,"{'colsample_bytree': 0.8, 'learning_rate': 0.1, 'max_depth': 7, 'min_child_weight': 1, 'n_estimators': 200, 'scale_pos_weight': 1, 'subsample': 0.8}",0.09624983960369111,1678,0.9767580452920143,0.9690223649736129,0.5406257238924884,0.8188946406820949,0.09624983960369111,0.9963343108504399,0.9963343075934513,0.9963343075934514,0.999783051050332,0.9997090910230929,9548.0,0.9482758620689655,0.9262382168960899,0.527510590279873,0.6716441536513296,0.17408416490375653,870.0,0.6890051364898682,0.6793360710144043,2026-04-30T02:26:52.878727+00:00
NR-PPAR-gamma,maccs,XGBoost,smoten_enn,roc_auc,"{'colsample_bytree': 0.8, 'learning_rate': 0.1, 'max_depth': 7, 'min_child_weight': 5, 'n_estimators': 100, 'scale_pos_weight': 1, 'subsample': 0.8}",0.04172085932827655,1678,0.965435041716329,0.961336772891578,0.49120679199514855,0.7220953444309108,0.04172085932827655,0.9927698032961191,0.9927701961718228,0.9927691557787555,0.9994491911081376,0.9993129448710946,9405.0,0.9402298850574713,0.9198732253749229,0.5030974034532754,0.6401171380329252,0.10335177961245075,870.0,0.34314799308776855,0.3324439525604248,2026-04-30T02:26:55.710296+00:00
NR-PPAR-gamma,map4,RandomForest,none,roc_auc,"{'max_depth': 15, 'max_features': 'sqrt', 'min_samples_leaf': 5, 'n_estimators': 200}",0.0476200508732897,1678,0.9785458879618594,0.9679351494176948,0.494578313253012,0.6990374204899175,0.0476200508732897,0.9995929167514755,0.9995914844386876,0.996272099552318,0.9999969860726416,0.9997987623886904,4913.0,0.9471264367816092,0.9214075370815183,0.48642266824085,0.6841230476994513,0.1284609013228859,870.0,0.8693509101867676,0.6852033138275146,2026-04-21T18:30:55.669795+00:00
NR-PPAR-gamma,map4,RandomForest,random_over,roc_auc,"{'max_depth': 10, 'max_features': 'sqrt', 'min_samples_leaf': 10, 'n_estimators': 200}",0.0529851243659757,1678,0.9785458879618594,0.9679351494176948,0.494578313253012,0.7228735282176207,0.0529851243659757,0.987746124842899,0.9877448072971228,0.9877448072971228,0.9999235226980948,0.9999190338231412,9548.0,0.9482758620689656,0.92623821689609,0.527510590279873,0.6908505698607007,0.136869368626108,870.0,1.2492449283599854,2.4246890544891357,2026-04-21T18:31:09.671836+00:00
NR-PPAR-gamma,map4,KNeighbors,random_under,roc_auc,"{'n_neighbors': 5, 'weights': 'distance'}",0.0414147415344455,1678,0.8516090584028605,0.9011130075685544,0.4934035595680214,0.6900206387873866,0.0414147415344455,1.0,1.0,1.0,1.0,1.0,417.0,0.7816091954022989,0.8354107795912485,0.4978492271799358,0.6320573026593499,0.0750856163269982,870.0,1.4714972972869873,0.4232270717620849,2026-04-24T02:48:41.189885+00:00
NR-PPAR-gamma,map4,KNeighbors,smote,roc_auc,"{'n_neighbors': 15, 'weights': 'distance'}",0.0329508187462122,1678,0.7443384982121574,0.8350842765062568,0.4505520339196507,0.6049617674922181,0.0329508187462122,0.9931922915793884,0.9931922909073118,0.993192290907312,0.996318098364465,0.9934530259744668,9548.0,0.8011494252873563,0.8473767820485899,0.5048540814748775,0.6016119670747151,0.0676916830369092,870.0,38.555697202682495,33.16853308677673,2026-04-24T02:49:19.304204+00:00
NR-PPAR-gamma,map4,KNeighbors,smoteenn,roc_auc,"{'n_neighbors': 5, 'weights': 'uniform'}",0.0260310559311568,1678,0.7914183551847438,0.8650066210042165,0.4684201951449105,0.5757714169711734,0.0260310559311568,0.955828349596055,0.955814245014052,0.9558155845553596,0.9669490440256104,0.9486008954538622,9531.0,0.8402298850574713,0.8684770980823526,0.495996899211883,0.5350886449978894,0.0591911187263511,870.0,11.658621072769163,10.338079929351808,2026-04-24T02:51:21.635059+00:00
NR-PPAR-gamma,map4,KNeighbors,smoten,roc_auc,"{'n_neighbors': 15, 'weights': 'distance'}",0.0356382897356682,1678,0.8915375446960667,0.92354930582837,0.5021485814146077,0.6508069427527406,0.0356382897356682,0.988898198575618,0.9888969314532896,0.9888969314532894,0.9901578144006892,0.9806940917949416,9548.0,0.7816091954022989,0.8359456635318704,0.5056818181818181,0.6444966230476994,0.0784299268329652,870.0,40.12309193611145,34.42943739891052,2026-04-24T02:52:36.137618+00:00
NR-PPAR-gamma,map4,DecisionTree,smoten_enn,roc_auc,"{'ccp_alpha': 0.001, 'criterion': 'gini', 'max_depth': 15, 'min_samples_leaf': 20}",0.0262451496842693,1678,0.7389749702026222,0.8315736465491301,0.4482914965169349,0.5703325889836244,0.0262451496842693,0.9729188619599578,0.972913714836819,0.972915546328488,0.9878449292232842,0.979866061825872,9490.0,0.8551724137931035,0.8746303771191327,0.4762541806020067,0.4692248839172646,0.0533827112369534,870.0,1.0287117958068848,1.2734227180480957,2026-04-22T09:49:54.255103+00:00
NR-PPAR-gamma,mhfp,LogisticRegression,none,roc_auc,"{'C': 0.001, 'l1_ratio': 0.0}",0.0553018354280952,1678,0.966030989272944,0.963024910545602,0.5241374163536406,0.6921944782785221,0.0553018354280952,0.964787299002646,0.9712160586609068,0.7989773244641538,0.998524682558101,0.9473747345066676,4913.0,0.9080459770114944,0.9114998598261844,0.5756097560975609,0.5704938792739552,0.1573325696350662,870.0,0.8039169311523438,0.8502788543701172,2026-04-21T08:49:07.628542+00:00
NR-PPAR-gamma,mhfp,RandomForest,random_over,roc_auc,"{'max_depth': 15, 'max_features': 'log2', 'min_samples_leaf': 5, 'n_estimators': 200}",0.0578706587841122,1678,0.9785458879618594,0.9679351494176948,0.494578313253012,0.7062863716335093,0.0578706587841122,1.0,1.0,1.0,1.0,1.0,9548.0,0.9471264367816092,0.9214075370815183,0.48642266824085,0.5510500211059519,0.1326482897240687,870.0,1.5673279762268066,1.338904857635498,2026-04-21T18:32:22.048232+00:00
NR-PPAR-gamma,mhfp,RandomForest,random_under,roc_auc,"{'max_depth': 10, 'max_features': 'log2', 'min_samples_leaf': 10, 'n_estimators': 200}",0.0414929108334548,1678,0.968414779499404,0.96284412227552,0.4919769906145927,0.634253620246312,0.0414929108334548,0.9928057553956836,0.9927858188323304,0.9918620913969752,1.0,1.0,417.0,0.9160919540229884,0.9128143658755304,0.548533854629465,0.5755593077247784,0.1098510498476992,870.0,0.4057738780975342,0.3378229141235351,2026-04-21T18:32:34.060336+00:00
NR-PPAR-gamma,mhfp,KNeighbors,smote,roc_auc,"{'n_neighbors': 15, 'weights': 'distance'}",0.0907859364930713,1678,0.9725864123957092,0.9666466359066876,0.5330429522081065,0.7185343077547707,0.0907859364930713,0.9996857980728948,0.999685798041876,0.999685798041876,0.9996787558428571,0.9993577737361388,9548.0,0.9448275862068966,0.9242611286409294,0.5242435289828655,0.5265275432672013,0.1034448446161719,870.0,87.97226691246033,63.09074902534485,2026-04-24T02:56:57.673716+00:00
NR-PPAR-gamma,mhfp,DecisionTree,smoteenn,roc_auc,"{'ccp_alpha': 0.001, 'criterion': 'entropy', 'max_depth': 10, 'min_samples_leaf': 10}",0.0484127952431567,1678,0.9237187127532775,0.9414377118324604,0.522956645344705,0.7215709162268237,0.0484127952431567,0.9856454316848282,0.9856454321575988,0.985645431527238,0.9963776096764532,0.9969669099851536,9544.0,0.9160919540229884,0.9128143658755304,0.548533854629465,0.5862573870831574,0.0920208394850529,870.0,2.093173027038574,2.150156021118164,2026-04-22T09:50:44.314693+00:00
NR-PPAR-gamma,mhfp,KNeighbors,smoten,roc_auc,"{'n_neighbors': 15, 'weights': 'distance'}",0.1031952226354952,1678,0.9725864123957092,0.967397539532446,0.5507310486124045,0.7196000812017864,0.1031952226354952,1.0,1.0,1.0,1.0,1.0,9548.0,0.942528735632184,0.9246701301537898,0.538725822870716,0.5251028915154073,0.0851870872540886,870.0,91.35730004310608,61.93381309509277,2026-04-24T02:57:21.385558+00:00
NR-PPAR-gamma,mhfp,RandomForest,smoten_enn,roc_auc,"{'max_depth': 5, 'max_features': 'log2', 'min_samples_leaf': 20, 'n_estimators': 200}",0.0514942565661487,1678,0.9785458879618594,0.9679351494176948,0.494578313253012,0.6884727297333875,0.0514942565661487,0.990445191096178,0.9904442554752612,0.9904439849342732,0.9969079002491568,0.9977892602627464,9524.0,0.9471264367816092,0.9214075370815183,0.48642266824085,0.5389140987758549,0.1023698307514466,870.0,1.0189177989959717,1.0322461128234863,2026-04-21T18:33:36.077346+00:00
NR-PPAR-gamma,morgan_2048,XGBoost,none,roc_auc,"{'colsample_bytree': 0.8, 'learning_rate': 0.05, 'max_depth': 7, 'min_child_weight': 1, 'n_estimators': 100, 'scale_pos_weight': 8, 'subsample': 0.8}",0.3147740262272054,1678,0.9779499404052443,0.9676371209071475,0.49442603193733053,0.8140732846122615,0.3147740262272054,0.9932831263993487,0.9930703466360298,0.9350565699899658,0.9987793594198793,0.9593088155434613,4913.0,0.9459770114942528,0.9229599154248049,0.5065110609589785,0.6923543689320387,0.15717286109127213,870.0,1.563249111175537,1.5354092121124268,2026-04-30T02:35:03.614236+00:00
NR-PPAR-gamma,morgan_2048,XGBoost,random_over,roc_auc,"{'colsample_bytree': 0.8, 'learning_rate': 0.1, 'max_depth': 7, 'min_child_weight': 1, 'n_estimators': 200, 'scale_pos_weight': 1, 'subsample': 0.8}",0.32141189255639163,1678,0.9755661501787842,0.9734038830240294,0.6577128784298116,0.8303982270943293,0.32141189255639163,0.9978005865102639,0.9978005758707262,0.9978005758707262,0.9999373877740567,0.9999333516971756,9548.0,0.9356321839080459,0.9234535442173559,0.5590311719343978,0.6330994090333474,0.1611628736292391,870.0,4.52251124382019,4.431332111358643,2026-04-30T02:35:23.364781+00:00
NR-PPAR-gamma,morgan_2048,RandomForest,random_under,roc_auc,"{'max_depth': 10, 'max_features': 'log2', 'min_samples_leaf': 10, 'n_estimators': 100}",0.0731678587512667,1678,0.9767580452920144,0.967040524793179,0.4941211938498643,0.7464389633238597,0.0731678587512667,0.7410071942446043,0.7361029214687751,0.6982310372554275,0.7865664303089903,0.6970429441546957,417.0,0.8448275862068966,0.8742331780656519,0.5327772009595073,0.5991188265090754,0.1028746959701859,870.0,0.1917109489440918,0.1534669399261474,2026-04-21T18:34:19.719328+00:00
NR-PPAR-gamma,morgan_2048,XGBoost,smote,roc_auc,"{'colsample_bytree': 0.8, 'learning_rate': 0.1, 'max_depth': 7, 'min_child_weight': 1, 'n_estimators': 200, 'scale_pos_weight': 1, 'subsample': 0.8}",0.1074098533209692,1678,0.8116805721096544,0.8776293040917609,0.4882408351091757,0.72364325348491,0.1074098533209692,0.9883745286971093,0.9883743898237903,0.9883743898237902,0.9990420153923405,0.9990247462327754,9548.0,0.9172413793103448,0.9076232170407772,0.4919048700561306,0.49150485436893204,0.06131648239644487,870.0,4.635965824127197,4.652173280715942,2026-04-30T02:35:50.871944+00:00
NR-PPAR-gamma,morgan_2048,XGBoost,smoteenn,roc_auc,"{'colsample_bytree': 0.8, 'learning_rate': 0.1, 'max_depth': 7, 'min_child_weight': 1, 'n_estimators': 200, 'scale_pos_weight': 1, 'subsample': 0.8}",0.07102455377824182,1678,0.8241954707985697,0.8853976397706593,0.5029436188789246,0.7159375422925971,0.07102455377824182,0.9907475554620965,0.9907475014565169,0.9907475430858179,0.9995600155971155,0.9995536790890039,9511.0,0.9149425287356322,0.9076674103936646,0.5033786911043229,0.4894206416209371,0.05775494029193232,870.0,4.607264995574951,4.565608739852905,2026-04-30T02:36:48.898210+00:00
NR-PPAR-gamma,morgan_2048,LogisticRegression,smoten,roc_auc,"{'C': 1, 'l1_ratio': 0.0}",0.0959348943172857,1678,0.9558998808104888,0.9589690211348024,0.5482157410641518,0.7276864257680336,0.0959348943172857,0.995496439044826,0.9954964081693106,0.9954964081693104,0.9998944323646676,0.9998977182794592,9548.0,0.9344827586206896,0.9214033809731186,0.5445235361653272,0.5630804136766568,0.114672288355877,870.0,0.2539877891540527,0.230767011642456,2026-04-21T08:49:43.869965+00:00
NR-PPAR-gamma,morgan_2048,XGBoost,smoten_enn,roc_auc,"{'colsample_bytree': 0.8, 'learning_rate': 0.1, 'max_depth': 7, 'min_child_weight': 5, 'n_estimators': 200, 'scale_pos_weight': 1, 'subsample': 0.8}",0.04163982980311106,1678,0.9690107270560191,0.9631450446888519,0.49213075060532685,0.7011689673839492,0.04163982980311106,0.9957694341618192,0.9957693632623752,0.9957688922874983,0.9996240227029072,0.9996729908743212,9455.0,0.9367816091954023,0.9162113305365122,0.4836795252225519,0.518441325453778,0.061535833849089026,870.0,5.536624908447266,5.358870029449463,2026-04-30T02:38:10.348547+00:00
NR-PPAR-gamma,morgan_4096,XGBoost,none,roc_auc,"{'colsample_bytree': 0.8, 'learning_rate': 0.1, 'max_depth': 3, 'min_child_weight': 5, 'n_estimators': 100, 'scale_pos_weight': 8, 'subsample': 0.8}",0.2262251921522259,1678,0.9785458879618594,0.9679351494176947,0.49457831325301205,0.824477263499797,0.2262251921522259,0.9847343781803379,0.9835920000046207,0.84048597718167,0.9750695463737933,0.7568139924848579,4913.0,0.9471264367816092,0.9255765490036046,0.5263905325443787,0.6516858379062896,0.16394593453548448,870.0,3.4455528259277344,3.3307621479034424,2026-04-30T02:38:23.911670+00:00
NR-PPAR-gamma,morgan_4096,XGBoost,random_over,roc_auc,"{'colsample_bytree': 0.8, 'learning_rate': 0.05, 'max_depth': 7, 'min_child_weight': 5, 'n_estimators': 200, 'scale_pos_weight': 1, 'subsample': 0.8}",0.20755289047889217,1678,0.9773539928486293,0.9730675326572379,0.6288647792885081,0.8027388685884422,0.20755289047889217,0.9922496857980729,0.9922492202291148,0.9922492202291149,0.999480454542822,0.9993577986743059,9548.0,0.9321839080459771,0.9213479436224437,0.5548096687742305,0.5981822498944702,0.1552602202043914,870.0,12.095386266708374,12.06203293800354,2026-04-30T02:38:51.613800+00:00
NR-PPAR-gamma,morgan_4096,LogisticRegression,random_under,roc_auc,"{'C': 1, 'l1_ratio': 0.0}",0.1096079582103466,1678,0.8682955899880811,0.911668080464643,0.5310330001074922,0.7855849912031398,0.1096079582103466,1.0,1.0,1.0,1.0,1.0,417.0,0.8264367816091954,0.8621593690312828,0.510359710621359,0.4881015196285352,0.1096635871046224,870.0,0.1202547550201416,0.0113708972930908,2026-04-21T08:49:57.267497+00:00
NR-PPAR-gamma,morgan_4096,XGBoost,smote,roc_auc,"{'colsample_bytree': 0.8, 'learning_rate': 0.1, 'max_depth': 3, 'min_child_weight': 10, 'n_estimators': 200, 'scale_pos_weight': 1, 'subsample': 0.8}",0.036014297923062176,1678,0.7550655542312277,0.8420192292242944,0.46962562378732053,0.6831184869400461,0.036014297923062176,0.9575827398408043,0.9575635572957656,0.9575635572957657,0.9878182364009491,0.989276919462113,9548.0,0.8827586206896552,0.892506445092652,0.5133160758160757,0.4447155972984382,0.05946402550962014,870.0,10.22223424911499,10.261343240737915,2026-04-30T02:39:54.906718+00:00
NR-PPAR-gamma,morgan_4096,XGBoost,smoteenn,roc_auc,"{'colsample_bytree': 0.8, 'learning_rate': 0.1, 'max_depth': 7, 'min_child_weight': 5, 'n_estimators': 200, 'scale_pos_weight': 1, 'subsample': 0.8}",0.040703179815430944,1678,0.8218116805721096,0.8836125662069393,0.48500926367868125,0.682450263905806,0.040703179815430944,0.9840369670237346,0.9840367008197186,0.9840368289920225,0.997661507378672,0.9979306839077619,9522.0,0.9103448275862069,0.9039447444952222,0.48900602409638555,0.4993668214436471,0.056139999985326136,870.0,12.970577955245972,13.007981061935425,2026-04-30T02:40:20.674269+00:00
NR-PPAR-gamma,morgan_4096,LogisticRegression,smoten,roc_auc,"{'C': 1, 'l1_ratio': 0.0}",0.0600776810810523,1678,0.9678188319427892,0.9640032023473312,0.5262959787541038,0.736999255650291,0.0600776810810523,0.9993715961457896,0.9993715961182174,0.9993715961182174,0.9999942082594082,0.9999942487872178,9548.0,0.9333333333333332,0.9161904761904762,0.4994047619047619,0.4355740818910933,0.0555575774671196,870.0,0.4033060073852539,0.4020712375640869,2026-04-21T08:50:01.116248+00:00
NR-PPAR-gamma,morgan_4096,XGBoost,smoten_enn,roc_auc,"{'colsample_bytree': 0.8, 'learning_rate': 0.1, 'max_depth': 5, 'min_child_weight': 1, 'n_estimators': 200, 'scale_pos_weight': 1, 'subsample': 0.8}",0.04903394929831672,1678,0.9535160905840286,0.9562794858277035,0.5124782096935203,0.7273480849912032,0.04903394929831672,0.9944104619278633,0.9944103742002511,0.9944100336106982,0.999838983747636,0.9998438531451697,9482.0,0.9459770114942528,0.9229599154248049,0.5065110609589785,0.43805403123680875,0.0723813883261176,870.0,11.342639923095703,11.234983921051025,2026-04-30T02:45:06.583029+00:00
NR-PPAR-gamma,pubchem,XGBoost,none,roc_auc,"{'colsample_bytree': 0.8, 'learning_rate': 0.1, 'max_depth': 5, 'min_child_weight': 1, 'n_estimators': 200, 'scale_pos_weight': 4, 'subsample': 0.8}",0.19871483002953158,1678,0.9737783075089392,0.9694794958185008,0.5859299638827198,0.8469769251590201,0.19871483002953158,0.9971504172603297,0.9971796225790732,0.9746185138498145,0.9997287465377509,0.9902812617308431,4913.0,0.9425287356321839,0.9262645728265474,0.5541022592152199,0.6403677712114817,0.1778117372539756,870.0,1.2041070461273193,1.1835370063781738,2026-04-30T02:46:29.541915+00:00
NR-PPAR-gamma,pubchem,XGBoost,random_over,roc_auc,"{'colsample_bytree': 0.8, 'learning_rate': 0.1, 'max_depth': 7, 'min_child_weight': 1, 'n_estimators': 200, 'scale_pos_weight': 1, 'subsample': 0.8}",0.27072258442696934,1678,0.9749702026221693,0.9725127868359236,0.643628640776699,0.8476620652321017,0.27072258442696934,0.9972769166317553,0.997276896439444,0.9972768964394441,0.9999501998062751,0.9999453725707179,9548.0,0.9390804597701149,0.9281700408237683,0.5886378032134605,0.6306590333474039,0.17105982792736057,870.0,2.471313953399658,2.488245964050293,2026-04-30T02:47:14.516011+00:00
NR-PPAR-gamma,pubchem,LogisticRegression,random_under,roc_auc,"{'C': 1, 'l1_ratio': 0.0}",0.0902189048172384,1678,0.7890345649582837,0.8638259510564965,0.4976217861975642,0.7558702124780078,0.0902189048172384,0.9640287769784172,0.9642968615635492,0.9601564440820696,0.9949019201904664,0.990019605730925,417.0,0.7413793103448276,0.8107705455265686,0.5022769399757432,0.6065982482059941,0.1203136611317097,870.0,0.0376510620117187,0.0140740871429443,2026-04-21T08:50:05.719318+00:00
NR-PPAR-gamma,pubchem,XGBoost,smote,roc_auc,"{'colsample_bytree': 0.8, 'learning_rate': 0.05, 'max_depth': 7, 'min_child_weight': 1, 'n_estimators': 200, 'scale_pos_weight': 1, 'subsample': 0.8}",0.11730934583267373,1678,0.8682955899880811,0.9115660447594093,0.527630407396132,0.7522245906076599,0.11730934583267373,0.9841851696690407,0.9841836038919919,0.9841836038919918,0.9983187279091167,0.9980764425062181,9548.0,0.9206896551724137,0.9144744860592361,0.5425205191321378,0.5872599197973829,0.1318054371625177,870.0,2.4959046840667725,2.516155958175659,2026-04-30T02:47:37.632789+00:00
NR-PPAR-gamma,pubchem,XGBoost,smoteenn,roc_auc,"{'colsample_bytree': 0.8, 'learning_rate': 0.1, 'max_depth': 7, 'min_child_weight': 1, 'n_estimators': 100, 'scale_pos_weight': 1, 'subsample': 0.8}",0.10097740872044542,1678,0.83492252681764,0.891874207128337,0.5091779787644074,0.7472086885911489,0.10097740872044542,0.9869446199199832,0.9869435118987444,0.9869439894941059,0.9986929536825743,0.9984143677923938,9498.0,0.9183908045977012,0.9131199943751473,0.5403299622708906,0.5534903967918953,0.12454129444575639,870.0,1.4456889629364014,1.4070589542388916,2026-04-30T02:48:23.103089+00:00
NR-PPAR-gamma,pubchem,LogisticRegression,smoten,roc_auc,"{'C': 1, 'l1_ratio': 1.0}",0.2439665748030818,1678,0.9183551847437426,0.9405433206128412,0.5731809885945678,0.7792580186764109,0.2439665748030818,0.9835567658148304,0.9835567641915072,0.9835567641915072,0.9971365107992268,0.9974408516276788,9548.0,0.9080459770114944,0.9106928923864896,0.5674761987620871,0.5838565850569861,0.1395517832972173,870.0,1.9555480480194092,1.9642119407653809,2026-04-21T08:50:18.114278+00:00
NR-PPAR-gamma,pubchem,LogisticRegression,smoten_enn,roc_auc,"{'C': 1, 'l1_ratio': 1.0}",0.2192696755508356,1678,0.9112038140643623,0.9364165691827786,0.5649332231261148,0.7640411422384626,0.2192696755508356,0.9933340387260609,0.9933342044089802,0.9933337700510564,0.9992295995368684,0.9990504684181276,9451.0,0.9229885057471264,0.9180146425793644,0.5662268658049249,0.5020182566483748,0.1075451290786454,870.0,1.3387579917907717,1.1397178173065186,2026-04-21T08:50:23.314889+00:00
NR-PPAR-gamma,rdkit,LogisticRegression,none,roc_auc,"{'C': 0.1, 'l1_ratio': 1.0}",0.1401980061804691,1678,0.9618593563766388,0.9641267576022184,0.5999821207741705,0.7895520368114765,0.1401980061804691,0.9588845918990434,0.9670463106444104,0.7778984787205282,0.9961881353735612,0.8675387716213522,4913.0,0.8632183908045977,0.8831698515574335,0.5221876081689166,0.4826403545799915,0.1110971588153752,870.0,0.6685450077056885,0.5658490657806396,2026-04-21T08:50:28.100407+00:00
NR-PPAR-gamma,rdkit,LogisticRegression,random_over,roc_auc,"{'C': 0.1, 'l1_ratio': 1.0}",0.1416066740416095,1678,0.964839094159714,0.9659538743676944,0.6078864715644222,0.7905078495060225,0.1416066740416095,0.988165060745706,0.988163402843408,0.988163402843408,0.9987953179569056,0.9980799472282168,9548.0,0.8931034482758621,0.9016288530862736,0.5525359613757403,0.4502427184466019,0.1141316652654341,870.0,1.4533178806304932,1.456284999847412,2026-04-21T08:50:31.393110+00:00
NR-PPAR-gamma,rdkit,XGBoost,random_under,roc_auc,"{'colsample_bytree': 0.8, 'learning_rate': 0.05, 'max_depth': 3, 'min_child_weight': 1, 'n_estimators': 200, 'scale_pos_weight': 1, 'subsample': 0.8}",0.1271296829976316,1678,0.9761620977353993,0.968678074730829,0.5394158981115502,0.7632629584517525,0.1271296829976316,0.9832134292565947,0.9831009855391627,0.9808681745787262,0.9991977640908856,0.9984704871128207,417.0,0.8528735632183908,0.8809719191037393,0.5594936708860759,0.6087484170536092,0.1195455536383583,870.0,0.3731269836425781,0.3259599208831787,2026-04-30T02:49:44.862202+00:00
NR-PPAR-gamma,rdkit,LogisticRegression,smote,roc_auc,"{'C': 0.001, 'l1_ratio': 0.0}",0.045164352644597,1678,0.7693682955899881,0.8512669506821755,0.484890237372836,0.7137552442820408,0.045164352644597,0.9175743611227484,0.9174703248675504,0.9174703248675502,0.9684046510134054,0.96468527495129,9548.0,0.8425287356321839,0.8703695139372829,0.5032487423886904,0.4393203883495146,0.0704333656178173,870.0,0.7725980281829834,0.5466549396514893,2026-04-21T08:50:33.514076+00:00
NR-PPAR-gamma,rdkit,LogisticRegression,smoteenn,roc_auc,"{'C': 0.001, 'l1_ratio': 0.0}",0.0446584284058889,1678,0.7753277711561383,0.8550880436662038,0.4859381945273983,0.7121650426309378,0.0446584284058889,0.9204341869533144,0.9203389214583448,0.9203545779045932,0.9705390767683382,0.9659838469873304,9489.0,0.8436781609195402,0.8710492301019301,0.5038993710691824,0.4374208526804559,0.0694147055549012,870.0,0.5680680274963379,0.5785009860992432,2026-04-21T08:50:34.175268+00:00
NR-PPAR-gamma,rdkit,XGBoost,smoten,roc_auc,"{'colsample_bytree': 0.8, 'learning_rate': 0.05, 'max_depth': 7, 'min_child_weight': 5, 'n_estimators': 200, 'scale_pos_weight': 1, 'subsample': 0.8}",0.04510105647345742,1678,0.8820023837902264,0.9184847249959253,0.5058745843173882,0.7434023548518066,0.04510105647345742,0.991830749895266,0.9918307409342376,0.9918307409342377,0.9995282583411156,0.9994464636310226,9548.0,0.9379310344827586,0.9248719241214715,0.562015214797136,0.5457999155761925,0.08073032932347038,870.0,6.685610055923462,6.351855039596558,2026-04-30T02:52:08.106309+00:00
NR-PPAR-gamma,rdkit,XGBoost,smoten_enn,roc_auc,"{'colsample_bytree': 0.8, 'learning_rate': 0.05, 'max_depth': 7, 'min_child_weight': 10, 'n_estimators': 200, 'scale_pos_weight': 1, 'subsample': 0.8}",0.04108014448123154,1678,0.8885578069129917,0.9220408124486208,0.5051903714391591,0.7099996616592231,0.04108014448123154,0.9939701682005713,0.9939703020841946,0.9939698917956714,0.9995933080563102,0.9994190581441477,9453.0,0.9333333333333333,0.9193068814638027,0.5295718973747017,0.5110278598564795,0.06645992170616465,870.0,6.131234169006348,5.90092396736145,2026-04-30T02:53:07.886439+00:00
NR-PPAR-gamma,topological_torsion,LogisticRegression,none,roc_auc,"{'C': 1, 'l1_ratio': 1.0}",0.106050447830649,1678,0.964839094159714,0.962983208467534,0.5371900053759671,0.8011655839761809,0.106050447830649,0.9743537553429676,0.9781815629078354,0.8373729274859135,0.9981976714397228,0.9083243927250664,4913.0,0.867816091954023,0.8858903423005619,0.5253322200029414,0.5814425918108906,0.0935504787799059,870.0,0.3462309837341308,0.3028240203857422,2026-04-21T08:50:40.181001+00:00
NR-PPAR-gamma,topological_torsion,LogisticRegression,random_over,roc_auc,"{'C': 1, 'l1_ratio': 1.0}",0.0887092924282664,1678,0.967222884386174,0.9636764659558384,0.5255573891005176,0.7957605900663148,0.0887092924282664,0.9934017595307918,0.9934014722521588,0.9934014722521588,0.9996715819823514,0.9993250939324524,9548.0,0.871264367816092,0.8872775095310669,0.5208591491119372,0.5900696496411989,0.1007965808901862,870.0,0.524359941482544,0.5123560428619385,2026-04-21T08:50:44.267080+00:00
NR-PPAR-gamma,topological_torsion,XGBoost,random_under,roc_auc,"{'colsample_bytree': 0.8, 'learning_rate': 0.1, 'max_depth': 7, 'min_child_weight': 1, 'n_estimators': 200, 'scale_pos_weight': 1, 'subsample': 0.8}",0.11080473469808236,1678,0.9761620977353993,0.9667419568646113,0.4939686369119421,0.779148057923941,0.11080473469808236,0.9904076738609112,0.9903719151894335,0.9891293013555787,0.9997670928005796,0.999549238085687,417.0,0.8241379310344827,0.8627240061386913,0.5328342651378755,0.6526751794005909,0.11189056683924585,870.0,0.42015504837036133,0.3779487609863281,2026-04-30T02:53:51.646837+00:00
NR-PPAR-gamma,topological_torsion,KNeighbors,smote,roc_auc,"{'n_neighbors': 15, 'weights': 'distance'}",0.0221069920826371,1678,0.535756853396901,0.6796840647527032,0.3677446566050403,0.5487633644606849,0.0221069920826371,0.9728739002932552,0.9728542330476032,0.9728542330476032,0.9744617586286844,0.9512926275337762,9548.0,0.7195402298850575,0.7948648809923397,0.4618956846203764,0.5333869776276909,0.0541510102935974,870.0,69.5160129070282,59.99720597267151,2026-04-24T03:41:50.818796+00:00
NR-PPAR-gamma,topological_torsion,KNeighbors,smoteenn,roc_auc,"{'n_neighbors': 15, 'weights': 'distance'}",0.0204704933637859,1678,0.531585220500596,0.6767122433519337,0.3625963421400085,0.5245381648396265,0.0204704933637859,0.968,0.9679743388264646,0.9679785284058172,0.9698398726988,0.9426098101320172,9500.0,0.7114942528735633,0.7893363654734502,0.4547443013700682,0.5266066905867455,0.0525475350823104,870.0,66.81479978561401,60.02783989906311,2026-04-24T03:43:57.187315+00:00
NR-PPAR-gamma,topological_torsion,KNeighbors,smoten,roc_auc,"{'n_neighbors': 15, 'weights': 'distance'}",0.0217088985526615,1678,0.6412395709177592,0.7638600414746222,0.4045015091492171,0.5513601299228583,0.0217088985526615,0.9564306661080856,0.9563501791789027,0.9563501791789027,0.9576226019341956,0.9218561592463392,9548.0,0.7885057471264367,0.8381931631586803,0.4802597402597402,0.5395868509919798,0.0576081267210997,870.0,69.16013693809509,60.13530111312866,2026-04-24T03:44:08.716940+00:00
NR-PPAR-gamma,topological_torsion,DecisionTree,smoten_enn,roc_auc,"{'ccp_alpha': 0.01, 'criterion': 'entropy', 'max_depth': 5, 'min_samples_leaf': 10}",0.0294343300603507,1678,0.9737783075089392,0.967318005398838,0.5350161225312374,0.5126708620922993,0.0294343300603507,0.7607913669064749,0.7606496154638321,0.7606977007588629,0.8111532236123666,0.7241031248898878,9452.0,0.7816091954022989,0.8354107795912485,0.4978492271799358,0.5351150274377374,0.0606458107534753,870.0,1.0444369316101074,1.072772741317749,2026-04-22T10:06:54.357125+00:00
SR-ARE,atom_pair,RandomForest,none,roc_auc,"{'max_depth': 10, 'max_features': 'log2', 'min_samples_leaf': 5, 'n_estimators': 200}",0.1525067620760515,1539,0.9096816114359974,0.8697394476396928,0.4834285962662726,0.6879061674562912,0.1525067620760515,0.8562600137331197,0.862550231717222,0.7777230132296891,0.8933700981877581,0.7350000427839827,4369.0,0.7687420584498094,0.7824011075279453,0.6541578134054472,0.7662177081033341,0.4666005001401368,787.0,0.5261111259460449,0.5126268863677979,2026-04-21T18:43:40.898535+00:00
SR-ARE,atom_pair,RandomForest,random_over,roc_auc,"{'max_depth': 15, 'max_features': 'log2', 'min_samples_leaf': 5, 'n_estimators': 200}",0.1567065839795732,1539,0.9057829759584144,0.8677337805566087,0.4820671359639045,0.6947192989811748,0.1567065839795732,0.8869528854195706,0.8866229535069484,0.8866229535069485,0.9516756953621436,0.9574918312492098,7174.0,0.770012706480305,0.7804979831324961,0.6441893866540109,0.7636674762640759,0.4422146756816587,787.0,1.2001960277557373,1.1894049644470217,2026-04-21T18:44:04.679956+00:00
SR-ARE,atom_pair,XGBoost,random_under,roc_auc,"{'colsample_bytree': 0.8, 'learning_rate': 0.1, 'max_depth': 7, 'min_child_weight': 5, 'n_estimators': 100, 'scale_pos_weight': 1, 'subsample': 0.8}",0.16167796899318213,1539,0.8999350227420403,0.872568062661127,0.5258286784359545,0.6748039914468995,0.16167796899318213,0.9416027280477408,0.9406970962075762,0.9323652832780622,0.9799631739719129,0.9681629451158462,2346.0,0.8144853875476493,0.8178878690929994,0.6946694302721088,0.8024287922278649,0.4581078975776027,787.0,0.9460251331329346,0.9176971912384033,2026-04-30T02:57:57.709264+00:00
SR-ARE,atom_pair,DecisionTree,smote,roc_auc,"{'ccp_alpha': 0.001, 'criterion': 'gini', 'max_depth': 10, 'min_samples_leaf': 10}",0.1077130326253796,1539,0.7082521117608837,0.765739504949427,0.5008794061498479,0.5995450924489538,0.1077130326253796,0.8190688597713968,0.8190506334377825,0.8190506334377825,0.8762302910744892,0.8491487519985816,7174.0,0.7102922490470139,0.733664094943984,0.5925983107801289,0.6560995804813424,0.3377408945964057,787.0,1.415909767150879,1.252256155014038,2026-04-22T10:08:30.761035+00:00
SR-ARE,atom_pair,DecisionTree,smoteenn,roc_auc,"{'ccp_alpha': 0.001, 'criterion': 'gini', 'max_depth': 10, 'min_samples_leaf': 10}",0.1112412071759113,1539,0.6965562053281351,0.7577903303564286,0.4965659653367385,0.6066412309756404,0.1112412071759113,0.8391020999275887,0.8390247599673434,0.839086494238281,0.892519164963964,0.8569314231454458,6905.0,0.6912325285895807,0.7190881934866412,0.5792582716766439,0.645015455950541,0.3145450431007215,787.0,0.97043776512146,1.2347609996795654,2026-04-22T10:08:34.865486+00:00
SR-ARE,atom_pair,DecisionTree,smoten,roc_auc,"{'ccp_alpha': 0.0, 'criterion': 'gini', 'max_depth': 10, 'min_samples_leaf': 20}",0.1520934393324369,1539,0.7166991552956465,0.7729765641086077,0.5201273550092398,0.6418048509496457,0.1520934393324369,0.8440200724839699,0.8438165033518521,0.8438165033518521,0.9117975817795716,0.8832543352803381,7174.0,0.6670902160101652,0.6939473371724729,0.5318454272999728,0.6447891366747627,0.2814805269399809,787.0,1.2252438068389893,1.1678857803344729,2026-04-22T10:08:39.220722+00:00
SR-ARE,atom_pair,DecisionTree,smoten_enn,roc_auc,"{'ccp_alpha': 0.001, 'criterion': 'gini', 'max_depth': 10, 'min_samples_leaf': 10}",0.1212600233937296,1539,0.7082521117608837,0.7661422307538538,0.5051216586396433,0.580740849440275,0.1212600233937296,0.8594847775175644,0.8594387766628059,0.8594799606741341,0.9122769992478402,0.8695327343684379,6832.0,0.6810673443456162,0.7045107773660638,0.5416913178952839,0.6208324133362774,0.2850828055276143,787.0,1.2300150394439695,1.000694990158081,2026-04-22T10:08:46.234850+00:00
SR-ARE,avalon,XGBoost,none,roc_auc,"{'colsample_bytree': 0.8, 'learning_rate': 0.05, 'max_depth': 7, 'min_child_weight': 5, 'n_estimators': 100, 'scale_pos_weight': 4, 'subsample': 0.8}",0.22346708258293116,1539,0.9096816114359974,0.8732068654990938,0.5034988406826395,0.7780491384009055,0.22346708258293116,0.9544518196383612,0.9558065190426667,0.9272356030345705,0.9877413250605874,0.9475241956217899,4369.0,0.7916137229987293,0.7910249239546666,0.64176436628475,0.77852726871274,0.42380879104781677,787.0,0.6427922248840332,0.5899038314819336,2026-04-30T03:00:39.612477+00:00
SR-ARE,avalon,XGBoost,random_over,roc_auc,"{'colsample_bytree': 0.8, 'learning_rate': 0.05, 'max_depth': 7, 'min_child_weight': 5, 'n_estimators': 100, 'scale_pos_weight': 1, 'subsample': 0.8}",0.23795513564791865,1539,0.9103313840155945,0.8735654751489765,0.5038638359902072,0.7769616577921261,0.23795513564791865,0.9519096738221355,0.9519085291492277,0.9519085291492279,0.9895730555674942,0.988227676718915,7174.0,0.8017789072426937,0.7988681964679969,0.6512951601908658,0.7782954294546258,0.43299467104479955,787.0,0.8801100254058838,0.8626158237457275,2026-04-30T03:00:45.909503+00:00
SR-ARE,avalon,XGBoost,random_under,roc_auc,"{'colsample_bytree': 0.8, 'learning_rate': 0.1, 'max_depth': 7, 'min_child_weight': 10, 'n_estimators': 200, 'scale_pos_weight': 1, 'subsample': 0.8}",0.2127703147435514,1539,0.9096816114359974,0.872083796148381,0.4969937806412171,0.7831170600813384,0.2127703147435514,0.9603580562659847,0.9600809052402968,0.9547947564088831,0.9891815366199854,0.9817412335984058,2346.0,0.758576874205845,0.7658255710412312,0.6126968503937008,0.7455729741664826,0.37605285124477594,787.0,0.5019478797912598,0.47883009910583496,2026-04-30T03:00:54.204301+00:00
SR-ARE,avalon,KNeighbors,smote,roc_auc,"{'n_neighbors': 15, 'weights': 'distance'}",0.1412109952767604,1539,0.8083170890188434,0.8297676686119654,0.5436846755121179,0.6625220116556957,0.1412109952767604,0.9986060775020908,0.9986060747936664,0.9986060747936664,0.9997702961838544,0.9994535850220692,7174.0,0.7153748411689962,0.7390217760066212,0.602783185521667,0.7148818723780085,0.3505584947350844,787.0,13.60554313659668,12.12534499168396,2026-04-24T03:57:11.672379+00:00
SR-ARE,avalon,XGBoost,smoteenn,roc_auc,"{'colsample_bytree': 0.8, 'learning_rate': 0.05, 'max_depth': 7, 'min_child_weight': 1, 'n_estimators': 100, 'scale_pos_weight': 1, 'subsample': 0.8}",0.12354783929975291,1539,0.8089668615984406,0.824141858618247,0.5036965048833353,0.6442392352521906,0.12354783929975291,0.9662364945978391,0.9662698467468441,0.9661137954074632,0.9931180003187404,0.9903418726551754,6664.0,0.7890724269377383,0.7710245103362343,0.5803933912328486,0.7093287701479355,0.3575788620233811,787.0,0.81060791015625,0.8083209991455078,2026-04-30T03:01:28.511175+00:00
SR-ARE,avalon,KNeighbors,smoten,roc_auc,"{'n_neighbors': 15, 'weights': 'distance'}",0.1465106167086349,1539,0.8427550357374919,0.8484515643066225,0.5477223269279344,0.6677602616242505,0.1465106167086349,0.9986060775020908,0.9986060747936664,0.9986060747936664,0.9990431792655836,0.997963146969531,7174.0,0.7153748411689962,0.7411967808702085,0.612846551178889,0.7356259659969089,0.3337053817082162,787.0,13.633428812026978,12.869210243225098,2026-04-24T03:57:28.173773+00:00
SR-ARE,avalon,RandomForest,smoten_enn,roc_auc,"{'max_depth': 15, 'max_features': 'sqrt', 'min_samples_leaf': 10, 'n_estimators': 100}",0.1148220349449021,1539,0.8823911630929174,0.857390825446558,0.4847387337061172,0.6268971950861599,0.1148220349449021,0.945053317535545,0.9450873153141394,0.9449144591386358,0.9860689667929344,0.981276709084848,6752.0,0.7928843710292249,0.7630909673041687,0.5503408871829925,0.7285051887833959,0.3294800345453986,787.0,0.4554040431976318,0.485630989074707,2026-04-21T18:46:03.812075+00:00
SR-ARE,erg,RandomForest,none,roc_auc,"{'max_depth': 5, 'max_features': 'sqrt', 'min_samples_leaf': 10, 'n_estimators': 100}",0.1079386410509485,1539,0.9116309291747888,0.869488914773779,0.4768864717878994,0.5660271057817282,0.1079386410509485,0.7576104371709773,0.7795864283816154,0.6720076232405336,0.8074941337609455,0.5279668705090497,4369.0,0.7433290978398983,0.7668707444858501,0.6521052170868348,0.7608633252373591,0.4456604362471204,787.0,0.1763360500335693,0.2248167991638183,2026-04-21T18:46:09.990130+00:00
SR-ARE,erg,BernoulliNB,random_over,roc_auc,{'alpha': 0.1},0.1129219247616608,1539,0.9018843404808315,0.8678816719780255,0.4932609676905867,0.5789170265397677,0.1129219247616608,0.6241984945637022,0.6158755491931265,0.6158755491931265,0.690998936857215,0.673234496644691,7174.0,0.6975857687420585,0.7282003884569699,0.6050129900803023,0.7074630161183484,0.3029407145532852,787.0,0.0093648433685302,0.0031948089599609,2026-04-21T14:24:26.097313+00:00
SR-ARE,erg,RandomForest,random_under,roc_auc,"{'max_depth': 10, 'max_features': 'sqrt', 'min_samples_leaf': 20, 'n_estimators': 200}",0.1111737574725025,1539,0.9109811565951916,0.8691646125148276,0.476708602516151,0.577512473271561,0.1111737574725025,0.7612958226768969,0.7660193932123757,0.7434960263907633,0.8281289859433153,0.7340073649826638,2346.0,0.7102922490470139,0.7402467417867096,0.6251942583092425,0.7509991168028263,0.4587097629189975,787.0,0.5229849815368652,0.4799790382385254,2026-04-21T18:46:37.075077+00:00
SR-ARE,erg,RandomForest,smote,roc_auc,"{'max_depth': 5, 'max_features': 'sqrt', 'min_samples_leaf': 20, 'n_estimators': 200}",0.1071939579806845,1539,0.9116309291747888,0.869488914773779,0.4768864717878994,0.5586138945956145,0.1071939579806845,0.7730694173403959,0.7729902162014232,0.772990216201423,0.8536303656398221,0.8630312777585827,7174.0,0.7496823379923762,0.7694073878224374,0.6459431870342756,0.7567178185029808,0.4399885996815907,787.0,1.1079928874969482,0.5026321411132812,2026-04-21T18:46:44.365329+00:00
SR-ARE,erg,XGBoost,smoteenn,roc_auc,"{'colsample_bytree': 0.8, 'learning_rate': 0.1, 'max_depth': 7, 'min_child_weight': 1, 'n_estimators': 200, 'scale_pos_weight': 1, 'subsample': 0.8}",0.11112728130876129,1539,0.9109811565951916,0.8691646125148276,0.476708602516151,0.5832669489748857,0.11112728130876129,0.9884012539184953,0.9884026220358422,0.9882215745069487,0.998851972817064,0.9983863098253069,6380.0,0.8233799237611181,0.7853823209090827,0.578234098909276,0.7273128725988078,0.4093740526801654,787.0,2.5266611576080322,2.514180898666382,2026-04-30T03:02:26.335836+00:00
SR-ARE,erg,KNeighbors,smoten,roc_auc,"{'n_neighbors': 15, 'weights': 'uniform'}",0.0981793205627874,1539,0.8024691358024691,0.8201573893581691,0.5,0.5543190012997359,0.0981793205627874,0.8038751045441873,0.8035199680082539,0.8035199680082539,0.8914848628255132,0.8871918396038034,7174.0,0.758576874205845,0.7683902568492118,0.6220554039025377,0.7158092294104659,0.3496588928104426,787.0,0.1494770050048828,0.0009150505065917,2026-04-24T03:58:58.668285+00:00
SR-ARE,erg,DecisionTree,smoten_enn,roc_auc,"{'ccp_alpha': 0.0, 'criterion': 'gini', 'max_depth': 15, 'min_samples_leaf': 20}",0.1059744136484366,1539,0.9012345679012346,0.8685620964807621,0.4989547635366689,0.5742709949268374,0.1059744136484366,0.8930572059073163,0.8939303316832001,0.8898118744388654,0.9683529982885728,0.9513114922348658,5891.0,0.7636594663278272,0.7579409329431154,0.576734906315059,0.6132700375358799,0.3125126960562616,787.0,0.0965259075164794,0.1997237205505371,2026-04-22T10:10:36.537350+00:00
SR-ARE,estate,BalancedRandomForest,none,roc_auc,"{'max_depth': 10, 'max_features': 'sqrt', 'min_samples_leaf': 5, 'n_estimators': 200}",0.1860973504353377,1539,0.8999350227420403,0.8688411254865558,0.5040636456467515,0.7401130979833132,0.1860973504353377,0.7658503089951935,0.7884331322031658,0.689918639048636,0.8543522110605433,0.6339036688325648,4369.0,0.7013977128335451,0.7321679422232452,0.6130801078676884,0.7675535438286597,0.4451064061783668,787.0,1.0162739753723145,0.997445821762085,2026-04-21T23:43:22.861665+00:00
SR-ARE,estate,RandomForest,random_over,roc_auc,"{'max_depth': 15, 'max_features': 'sqrt', 'min_samples_leaf': 5, 'n_estimators': 200}",0.1949832506490497,1539,0.9044834307992202,0.8713814952368858,0.5066845182153394,0.7233056265984654,0.1949832506490497,0.8631168107053248,0.863081012857993,0.863081012857993,0.938083610323778,0.9436113485089876,7174.0,0.7712833545108005,0.7855406429623567,0.660912276670305,0.7776330315742989,0.4556702943690691,787.0,0.4738078117370605,0.3825631141662597,2026-04-21T18:47:14.540293+00:00
SR-ARE,estate,RandomForest,random_under,roc_auc,"{'max_depth': 10, 'max_features': 'log2', 'min_samples_leaf': 5, 'n_estimators': 100}",0.1947582834444598,1539,0.9064327485380116,0.8745039582946731,0.5196462632217791,0.7366750869984486,0.1947582834444598,0.773231031543052,0.7765489896146814,0.7529613240509155,0.8507450239074835,0.7677896050214091,2346.0,0.7141041931385006,0.7422605013439272,0.622300431930891,0.7628284389489954,0.4351230871323612,787.0,0.1926629543304443,0.1158499717712402,2026-04-21T18:47:23.166992+00:00
SR-ARE,estate,RandomForest,smote,roc_auc,"{'max_depth': 15, 'max_features': 'sqrt', 'min_samples_leaf': 5, 'n_estimators': 200}",0.2094838884653388,1539,0.9116309291747888,0.8707409579081512,0.4841171251109139,0.7548320825122636,0.2094838884653388,0.938249233342626,0.9382099006844078,0.9382099006844078,0.9813186017189198,0.9841910092224938,7174.0,0.8310038119440915,0.8153894760739107,0.6601646077174071,0.7873482004857585,0.47178134285292,787.0,0.431114912033081,0.3444588184356689,2026-04-21T18:47:23.984493+00:00
SR-ARE,estate,RandomForest,smoteenn,roc_auc,"{'max_depth': 15, 'max_features': 'sqrt', 'min_samples_leaf': 10, 'n_estimators': 100}",0.1942125538749855,1539,0.9116309291747888,0.8707409579081512,0.4841171251109139,0.7151770366022389,0.1942125538749855,0.9257923989785188,0.9257466563940828,0.9252539706408868,0.9769175515274576,0.976868645717202,6657.0,0.8081321473951716,0.8025366805518667,0.6532260653121015,0.7721903289909472,0.4481689559736864,787.0,0.272637128829956,0.1839699745178222,2026-04-21T18:47:26.543768+00:00
SR-ARE,estate,RandomForest,smoten,roc_auc,"{'max_depth': 15, 'max_features': 'sqrt', 'min_samples_leaf': 5, 'n_estimators': 100}",0.1277373246554572,1539,0.8440545808966862,0.8440545808966862,0.5160580269171103,0.6291926963230053,0.1277373246554572,0.8755227209367159,0.8755200870056102,0.8755200870056101,0.9449230404780016,0.9444814646754024,7174.0,0.7941550190597204,0.7863801932194828,0.6221369973444613,0.7199050563038197,0.3918449171600748,787.0,0.4747381210327148,0.1719827651977539,2026-04-21T18:47:31.997898+00:00
SR-ARE,estate,DecisionTree,smoten_enn,roc_auc,"{'ccp_alpha': 0.0, 'criterion': 'gini', 'max_depth': 15, 'min_samples_leaf': 20}",0.1325664441366782,1539,0.746588693957115,0.7919198573709079,0.523533950617284,0.6240776068089389,0.1325664441366782,0.8717115444134943,0.8720981304948932,0.8712352800561594,0.946948279414795,0.9303339208945614,6462.0,0.6785260482846251,0.7034459269035603,0.5435170856402674,0.6163943475380879,0.2629579226843607,787.0,0.0243709087371826,0.0212810039520263,2026-04-22T10:10:47.241135+00:00
SR-ARE,fcfp,XGBoost,none,roc_auc,"{'colsample_bytree': 0.8, 'learning_rate': 0.05, 'max_depth': 3, 'min_child_weight': 5, 'n_estimators': 100, 'scale_pos_weight': 4, 'subsample': 0.8}",0.19594304656086226,1539,0.8947368421052632,0.8757166038920042,0.5586292115735955,0.7216023437172447,0.19594304656086226,0.7953765163653009,0.8086130795776265,0.7000500391958342,0.8274698274602019,0.5648198818949438,4369.0,0.7534942820838628,0.7676386015983842,0.6297314863318006,0.7245473614484432,0.39003955774895516,787.0,1.3835349082946777,1.3715782165527344,2026-04-30T03:03:14.897422+00:00
SR-ARE,fcfp,XGBoost,random_over,roc_auc,"{'colsample_bytree': 0.8, 'learning_rate': 0.1, 'max_depth': 5, 'min_child_weight': 1, 'n_estimators': 100, 'scale_pos_weight': 1, 'subsample': 0.8}",0.1913987454010161,1539,0.8888888888888888,0.8733624146660047,0.5611077664057796,0.7122342878705296,0.1913987454010161,0.8594926122107611,0.8594799871562615,0.8594799871562615,0.9333002449992691,0.9303141853527328,7174.0,0.7522236340533672,0.7670640095546339,0.6302627299338658,0.7303985427246633,0.4041221533010614,787.0,1.766791820526123,1.765669822692871,2026-04-30T03:03:17.552225+00:00
SR-ARE,fcfp,XGBoost,random_under,roc_auc,"{'colsample_bytree': 0.8, 'learning_rate': 0.1, 'max_depth': 7, 'min_child_weight': 10, 'n_estimators': 200, 'scale_pos_weight': 1, 'subsample': 0.8}",0.17394641200229288,1539,0.8641975308641975,0.8590209465256617,0.5467003581006713,0.7259810909395832,0.17394641200229288,0.8452685421994884,0.8394572720157111,0.8140694883078122,0.9065874765340362,0.8414656482260264,2346.0,0.7674714104193139,0.7720196167539912,0.6182902426418945,0.7133638772355928,0.3598409549757201,787.0,1.473158836364746,1.483349084854126,2026-04-30T03:03:17.947279+00:00
SR-ARE,fcfp,DecisionTree,smote,roc_auc,"{'ccp_alpha': 0.0, 'criterion': 'gini', 'max_depth': 15, 'min_samples_leaf': 50}",0.1432264212043291,1539,0.7907732293697206,0.8218120196682103,0.5560948081264109,0.6626739968974047,0.1432264212043291,0.7779481460830778,0.7779458636828881,0.777945863682888,0.8561967840843974,0.853785708107119,7174.0,0.6988564167725541,0.7218059575698508,0.5706966434889487,0.6360510046367851,0.2568021570141418,787.0,1.5482909679412842,1.4590778350830078,2026-04-22T10:10:50.548573+00:00
SR-ARE,fcfp,DecisionTree,smoteenn,roc_auc,"{'ccp_alpha': 0.0, 'criterion': 'entropy', 'max_depth': 15, 'min_samples_leaf': 50}",0.1382462371007335,1539,0.7368421052631579,0.7885710647459332,0.5484956374027968,0.6424940254077398,0.1382462371007335,0.7861073925330954,0.7860625946724177,0.7850524029141368,0.868200049569591,0.845440515652575,6723.0,0.7090216010165185,0.7233893044179295,0.5539840573361744,0.6252373592404504,0.2444203654096553,787.0,1.368062973022461,1.3078231811523438,2026-04-22T10:11:03.721214+00:00
SR-ARE,fcfp,DecisionTree,smoten,roc_auc,"{'ccp_alpha': 0.001, 'criterion': 'entropy', 'max_depth': 15, 'min_samples_leaf': 20}",0.1520873166539227,1539,0.7251461988304093,0.7779057833292697,0.515763063485912,0.6528421240199572,0.1520873166539227,0.848480624477279,0.8484573010544157,0.8484573010544157,0.8974553744669616,0.8669260759061715,7174.0,0.7407878017789072,0.746788058897267,0.577780816730134,0.6357639655553102,0.2629777737595156,787.0,1.6271390914916992,2.062660217285156,2026-04-22T10:11:07.069416+00:00
SR-ARE,fcfp,DecisionTree,smoten_enn,roc_auc,"{'ccp_alpha': 0.0, 'criterion': 'gini', 'max_depth': 15, 'min_samples_leaf': 20}",0.1540473380957066,1539,0.6978557504873294,0.7608337411111409,0.5240589217628644,0.6342553771330343,0.1540473380957066,0.884742206235012,0.8849054746918005,0.8845709409558502,0.9352591905128324,0.886616558694083,6672.0,0.7395171537484116,0.7446121389867115,0.5724016379321769,0.6453852947670567,0.2603857021424012,787.0,1.710770845413208,1.4549171924591064,2026-04-22T10:12:07.004923+00:00
SR-ARE,klekota_roth,LogisticRegression,none,roc_auc,"{'C': 1, 'l1_ratio': 0.0}",0.1427494755894936,1539,0.816114359974009,0.8305282136324714,0.5209968138821037,0.6523442413316004,0.1427494755894936,0.9089036392767224,0.9144608603837318,0.8651317299876522,0.9725284969807853,0.878530243670786,4369.0,0.747141041931385,0.7657276681109431,0.6366397301241494,0.7410024287922278,0.3746979568429978,787.0,0.5058450698852539,0.5993068218231201,2026-04-21T08:51:37.792981+00:00
SR-ARE,klekota_roth,LogisticRegression,random_over,roc_auc,"{'C': 1, 'l1_ratio': 0.0}",0.1298419958342659,1539,0.8232618583495777,0.8337391245057924,0.5176749287933117,0.6363648274705463,0.1298419958342659,0.9375522720936716,0.9375304771856496,0.9375304771856496,0.9813205835992486,0.9777806340936652,7174.0,0.7496823379923762,0.7650844140174475,0.6280870009523376,0.7329984544049459,0.3716033622440636,787.0,2.185133218765259,0.4567251205444336,2026-04-21T08:51:43.120106+00:00
SR-ARE,klekota_roth,DecisionTree,random_under,roc_auc,"{'ccp_alpha': 0.0, 'criterion': 'entropy', 'max_depth': 5, 'min_samples_leaf': 20}",0.1374230231842742,1539,0.6114359974009097,0.6950830413919513,0.4848036669144714,0.6443990817995052,0.1374230231842742,0.6027280477408354,0.6136696903223257,0.594905733088279,0.6671038258514792,0.5080270081903215,2346.0,0.5743329097839899,0.6236328478783343,0.5248381102742529,0.6168469860896446,0.2320699691919376,787.0,0.5026779174804688,0.2817049026489258,2026-04-22T10:12:31.280427+00:00
SR-ARE,klekota_roth,LogisticRegression,smote,roc_auc,"{'C': 1, 'l1_ratio': 0.0}",0.1336103096495156,1539,0.6757634827810266,0.7438456351641085,0.4966820618994532,0.6229639218481404,0.1336103096495156,0.9176191803735712,0.9176081518421508,0.9176081518421508,0.972925843711715,0.972264780253189,7174.0,0.7255400254129606,0.7398456093683757,0.5821731949032563,0.64686465003312,0.2836565845054358,787.0,0.7066280841827393,0.5627400875091553,2026-04-21T08:52:01.647422+00:00
SR-ARE,klekota_roth,KNeighbors,smoteenn,roc_auc,"{'n_neighbors': 15, 'weights': 'uniform'}",0.1197856086391579,1539,0.5705003248862898,0.6615343632747405,0.4552013997002019,0.6210247997987506,0.1197856086391579,0.8307186612879127,0.8295251460147663,0.8301997416039361,0.9512619441565746,0.9348000502344996,6693.0,0.6353240152477764,0.6754816888030857,0.5441272340124933,0.6369728416869066,0.2678369897498087,787.0,94.66423487663268,93.45559024810792,2026-04-24T04:07:00.398940+00:00
SR-ARE,klekota_roth,LogisticRegression,smoten,roc_auc,"{'C': 1, 'l1_ratio': 0.0}",0.1342818484316937,1539,0.6842105263157895,0.7495314034898445,0.4956616139820908,0.6205269171103938,0.1342818484316937,0.9269584611095624,0.9269584100179068,0.9269584100179068,0.9778442489213712,0.9789513073111262,7174.0,0.7369758576874206,0.7439816341811771,0.5748421731176258,0.6491057628615587,0.2785137255208115,787.0,0.4999487400054931,0.3061270713806152,2026-04-21T08:52:06.602920+00:00
SR-ARE,klekota_roth,LogisticRegression,smoten_enn,roc_auc,"{'C': 1, 'l1_ratio': 0.0}",0.1290287515832313,1539,0.6907082521117609,0.7538729464446894,0.4957127279936558,0.6041491970986541,0.1290287515832313,0.963752983293556,0.9637822538733408,0.9636404273527336,0.9935642101879502,0.9919988022936224,6704.0,0.761118170266836,0.7529300186727568,0.5642303433001107,0.6407816294987856,0.2615718050230938,787.0,0.4424901008605957,0.2962899208068847,2026-04-21T08:52:12.143308+00:00
SR-ARE,maccs,RUSBoost,none,roc_auc,"{'learning_rate': 0.03, 'n_estimators': 75, 'sampling_strategy': 'auto'}",0.1667394747836902,1539,0.8960363872644574,0.8676031819855863,0.5073544711022904,0.7352941176470587,0.1667394747836902,0.7150377660791943,0.7461193977145201,0.6441498342793288,0.8051695630070794,0.5215556084267978,4369.0,0.7102922490470139,0.7406361241841947,0.6275159426066161,0.7637116361227645,0.433823928929713,787.0,0.6461713314056396,0.5938360691070557,2026-04-29T19:01:49.075031+00:00
SR-ARE,maccs,RandomForest,random_over,roc_auc,"{'max_depth': 15, 'max_features': 'log2', 'min_samples_leaf': 5, 'n_estimators': 100}",0.1796053691275211,1539,0.9135802469135802,0.8741909425089318,0.4989559900225447,0.6860089723701313,0.1796053691275211,0.9240312238639532,0.9240241955566212,0.9240241955566212,0.9751213785120184,0.9724535366375728,7174.0,0.7941550190597204,0.797421317402382,0.6594202124249353,0.7579763744756017,0.4296815032771515,787.0,0.2544350624084472,0.1556429862976074,2026-04-21T18:50:45.826436+00:00
SR-ARE,maccs,RandomForest,random_under,roc_auc,"{'max_depth': 10, 'max_features': 'sqrt', 'min_samples_leaf': 5, 'n_estimators': 200}",0.1581561546376607,1539,0.9116309291747888,0.869488914773779,0.4768864717878994,0.709467108297346,0.1581561546376607,0.8572037510656436,0.8592156227725115,0.8442319687270768,0.9278961250907568,0.8613574823876573,2346.0,0.7598475222363406,0.7753869245239638,0.6462315645268317,0.7613656436299404,0.4334050399910674,787.0,0.3103890419006347,0.2492620944976806,2026-04-21T18:50:58.075943+00:00
SR-ARE,maccs,DecisionTree,smote,roc_auc,"{'ccp_alpha': 0.0, 'criterion': 'gini', 'max_depth': 10, 'min_samples_leaf': 10}",0.1637817059042021,1539,0.7771280051981806,0.8108183877067827,0.5318267887629986,0.6414379900213827,0.1637817059042021,0.8243657652634514,0.8242889479963524,0.8242889479963524,0.9061913863750312,0.893708303294616,7174.0,0.7268106734434562,0.752520866982393,0.632933086026054,0.7094998896003533,0.3155109592070378,787.0,0.0617780685424804,0.0529518127441406,2026-04-22T10:14:21.176589+00:00
SR-ARE,maccs,RandomForest,smoteenn,roc_auc,"{'max_depth': 15, 'max_features': 'log2', 'min_samples_leaf': 20, 'n_estimators': 200}",0.1365803033976602,1539,0.9018843404808315,0.8689184631656076,0.4992922104365025,0.6472081883359189,0.1365803033976602,0.8332579526609377,0.8331351961312033,0.8319053575647903,0.915270288253654,0.8963315332529317,6633.0,0.7941550190597204,0.7958347795511489,0.6538950180254528,0.7383583572532568,0.3975437580263649,787.0,0.4011647701263428,0.3685832023620605,2026-04-21T18:51:09.776932+00:00
SR-ARE,maccs,XGBoost,smoten,roc_auc,"{'colsample_bytree': 0.8, 'learning_rate': 0.1, 'max_depth': 5, 'min_child_weight': 1, 'n_estimators': 200, 'scale_pos_weight': 1, 'subsample': 0.8}",0.14534180198784163,1539,0.9051332033788174,0.8707023388545937,0.5010082257004281,0.6469330426397216,0.14534180198784163,0.944800669082799,0.9448001499714607,0.9448001499714607,0.98690225809227,0.985566298599083,7174.0,0.8170266836086404,0.8060049826693507,0.6507826944410207,0.7679454625745198,0.45722941955070934,787.0,0.4087369441986084,0.3813169002532959,2026-04-30T03:12:31.858887+00:00
SR-ARE,maccs,RandomForest,smoten_enn,roc_auc,"{'max_depth': 15, 'max_features': 'sqrt', 'min_samples_leaf': 20, 'n_estimators': 100}",0.1373113630832056,1539,0.912280701754386,0.8710746181715455,0.4843478929903677,0.6287603245146953,0.1373113630832056,0.8929740994343555,0.8929997571160059,0.8925317610027,0.9588068967242775,0.9465110465743596,6718.0,0.8170266836086404,0.8081212451582936,0.657619335347432,0.7607198056966218,0.4565579298145872,787.0,0.2717151641845703,0.2379162311553955,2026-04-21T18:51:24.556115+00:00
SR-ARE,map4,KNeighbors,none,roc_auc,"{'n_neighbors': 15, 'weights': 'distance'}",0.1935122698011045,1539,0.907732293697206,0.8742447405298102,0.5146792332154849,0.711450777745168,0.1935122698011045,0.9974822613870452,0.9974752720216106,0.9956929838358066,0.9999634585534436,0.99983109445126,4369.0,0.8221092757306226,0.7665141932989527,0.5235253416363951,0.7079874144402738,0.3443148257258643,787.0,18.835665225982662,15.439187049865724,2026-04-24T04:19:05.216152+00:00
SR-ARE,map4,XGBoost,random_over,roc_auc,"{'colsample_bytree': 0.8, 'learning_rate': 0.1, 'max_depth': 7, 'min_child_weight': 1, 'n_estimators': 200, 'scale_pos_weight': 1, 'subsample': 0.8}",0.15730893951081254,1539,0.9122807017543859,0.8710746181715455,0.48434789299036773,0.6617699467527567,0.15730893951081254,0.9993030387510454,0.9993030387375033,0.9993030387375033,0.9999970854701047,0.9999965808883682,7174.0,0.8195679796696315,0.7714394418329046,0.54123973727422,0.722952086553323,0.36552490970394275,787.0,2.964242935180664,2.9281158447265625,2026-04-30T03:12:51.779123+00:00
SR-ARE,map4,KNeighbors,random_under,roc_auc,"{'n_neighbors': 15, 'weights': 'distance'}",0.1588353378003637,1539,0.8518518518518519,0.8551064238743323,0.5605676558398621,0.6722883736530962,0.1588353378003637,0.990622335890878,0.9906457106287896,0.9895032703133644,0.999826662567618,0.9996553343184388,2346.0,0.6353240152477764,0.6761359214835466,0.549193366504801,0.6902737911238684,0.3157418337019108,787.0,9.484834909439089,7.840852975845337,2026-04-24T04:19:41.942556+00:00
SR-ARE,map4,KNeighbors,smote,roc_auc,"{'n_neighbors': 15, 'weights': 'distance'}",0.1301954267355053,1539,0.7076023391812866,0.7660686001474432,0.50885765346647,0.6620765376713765,0.1301954267355053,0.9956788402564818,0.99567880994635,0.99567880994635,0.999973458347754,0.9999735014460138,7174.0,0.6886912325285895,0.7179888949334245,0.5817144468668988,0.6923603444468979,0.3096453659721209,787.0,28.323791980743408,24.758599281311035,2026-04-24T04:20:17.247846+00:00
SR-ARE,map4,KNeighbors,smoteenn,roc_auc,"{'n_neighbors': 15, 'weights': 'distance'}",0.1305338996666156,1539,0.7322936972059779,0.7825179713016267,0.5173756576383477,0.6462517294872332,0.1305338996666156,0.9972287047841308,0.9972288690794704,0.9972230639774604,0.9997804433483716,0.9994877678619444,6856.0,0.7128335451080051,0.7329262046574132,0.5831176988993269,0.6793331861338044,0.2929182004899461,787.0,26.87455105781555,23.35052180290222,2026-04-24T04:20:23.357991+00:00
SR-ARE,map4,LogisticRegression,smoten,roc_auc,"{'C': 0.1, 'l1_ratio': 0.0}",0.1616454540112749,1539,0.6640675763482781,0.735679558806665,0.4975368244896671,0.645743365058069,0.1616454540112749,0.9060496236409256,0.906008532499636,0.906008532499636,0.9604174586092066,0.9562439235863968,7174.0,0.6607369758576874,0.6920200408562064,0.540967527006215,0.5875910797085449,0.2665375320441989,787.0,0.3119189739227295,0.3108210563659668,2026-04-21T08:52:41.314889+00:00
SR-ARE,map4,LogisticRegression,smoten_enn,roc_auc,"{'C': 0.1, 'l1_ratio': 1.0}",0.1463795747507583,1539,0.695906432748538,0.7583227527606549,0.5080649127120728,0.6344859754307995,0.1463795747507583,0.9010045130295532,0.9010223347433844,0.9010024967042656,0.9583518297759852,0.947221817429392,6869.0,0.6975857687420585,0.7187452951701959,0.5609823554780522,0.5926915433870612,0.2785865115885774,787.0,0.2407279014587402,0.2399659156799316,2026-04-21T08:52:43.100680+00:00
SR-ARE,mhfp,XGBoost,none,roc_auc,"{'colsample_bytree': 0.8, 'learning_rate': 0.1, 'max_depth': 3, 'min_child_weight': 1, 'n_estimators': 200, 'scale_pos_weight': 1, 'subsample': 0.8}",0.13288989483189906,1539,0.9083820662768031,0.86907130282007,0.48297256406285366,0.6359350760974383,0.13288989483189906,0.933852140077821,0.9279632277166883,0.8683300177059403,0.9948783152004574,0.9707803552551614,4369.0,0.818297331639136,0.7510045043883274,0.48236306016659536,0.6762199160962684,0.3160474457416962,787.0,2.9599568843841553,2.846451997756958,2026-04-30T03:15:28.230426+00:00
SR-ARE,mhfp,XGBoost,random_over,roc_auc,"{'colsample_bytree': 0.8, 'learning_rate': 0.1, 'max_depth': 7, 'min_child_weight': 1, 'n_estimators': 200, 'scale_pos_weight': 1, 'subsample': 0.8}",0.12752315775420275,1539,0.907732293697206,0.867539787504891,0.4758174386920981,0.6145575657205149,0.12752315775420275,0.9990242542514636,0.9990242540808332,0.9990242540808332,0.9999920724786848,0.999989785168844,7174.0,0.818297331639136,0.7445660790189835,0.4635003265496809,0.6698056966217707,0.31839288278371736,787.0,7.937975168228149,7.869922876358032,2026-04-30T03:15:47.562194+00:00
SR-ARE,mhfp,XGBoost,random_under,roc_auc,"{'colsample_bytree': 0.8, 'learning_rate': 0.1, 'max_depth': 3, 'min_child_weight': 10, 'n_estimators': 200, 'scale_pos_weight': 1, 'subsample': 0.8}",0.13103154449915777,1539,0.8869395711500975,0.8649523342505799,0.5167294698544699,0.6195154291224687,0.13103154449915777,0.9825234441602728,0.9824263199029263,0.9801247693197487,0.9984309691851833,0.9937391812018803,2346.0,0.8017789072426937,0.7856979397801337,0.608457711442786,0.6868624420401855,0.307242113233324,787.0,1.4462709426879883,1.4142918586730957,2026-04-30T03:16:05.942292+00:00
SR-ARE,mhfp,RandomForest,smote,roc_auc,"{'max_depth': 15, 'max_features': 'log2', 'min_samples_leaf': 20, 'n_estimators': 100}",0.1409154942377616,1539,0.907732293697206,0.867539787504891,0.4758174386920981,0.6214021424678211,0.1409154942377616,0.913437412879844,0.9128007478962776,0.9128007478962774,0.995774786580634,0.9939625608021866,7174.0,0.8221092757306226,0.7442409670162408,0.4581595719568809,0.6853168469860896,0.3324949634202213,787.0,0.384242296218872,0.365494966506958,2026-04-21T18:53:51.370903+00:00
SR-ARE,mhfp,XGBoost,smoteenn,roc_auc,"{'colsample_bytree': 0.8, 'learning_rate': 0.1, 'max_depth': 3, 'min_child_weight': 10, 'n_estimators': 200, 'scale_pos_weight': 1, 'subsample': 0.8}",0.12240426731270289,1539,0.907732293697206,0.8687370803995016,0.4827453987730061,0.6037823361703911,0.12240426731270289,0.9639830508474576,0.963924076701742,0.9639012636577202,0.9989018620298464,0.9989064816352259,7080.0,0.8221092757306226,0.7629486582711639,0.5129950495049505,0.6907485096047693,0.33114692942704527,787.0,4.4506165981292725,4.390608787536621,2026-04-30T03:16:36.082580+00:00
SR-ARE,mhfp,XGBoost,smoten,roc_auc,"{'colsample_bytree': 0.8, 'learning_rate': 0.05, 'max_depth': 7, 'min_child_weight': 10, 'n_estimators': 100, 'scale_pos_weight': 1, 'subsample': 0.8}",0.11562287239314961,1539,0.907732293697206,0.867539787504891,0.4758174386920981,0.5813199656198902,0.11562287239314961,0.9813214385280179,0.9813154904192997,0.9813154904192996,0.9995843103161378,0.9993785716390388,7174.0,0.829733163913596,0.7657050695084635,0.5120937893256348,0.6708103334069331,0.3177284124850147,787.0,4.224589824676514,4.291641712188721,2026-04-30T03:17:15.457356+00:00
SR-ARE,mhfp,XGBoost,smoten_enn,roc_auc,"{'colsample_bytree': 0.8, 'learning_rate': 0.1, 'max_depth': 7, 'min_child_weight': 10, 'n_estimators': 200, 'scale_pos_weight': 1, 'subsample': 0.8}",0.12354171350945134,1539,0.907732293697206,0.867539787504891,0.4758174386920981,0.5812413525638338,0.12354171350945134,0.9997173144876325,0.9997173155834396,0.9997172613409973,0.999891019878102,0.9998731683663683,7075.0,0.818297331639136,0.7550069865965308,0.49412727166481624,0.6878118790019871,0.3313373727740244,787.0,6.622183799743652,6.6038501262664795,2026-04-30T03:19:02.404843+00:00
SR-ARE,morgan_2048,XGBoost,none,roc_auc,"{'colsample_bytree': 0.8, 'learning_rate': 0.1, 'max_depth': 7, 'min_child_weight': 5, 'n_estimators': 200, 'scale_pos_weight': 8, 'subsample': 0.8}",0.28038701949449485,1539,0.8804418453541261,0.8774947950140591,0.610786739238001,0.7032592973040963,0.28038701949449485,0.8727397573815519,0.8838669973382035,0.8258522983077055,0.9817118081278158,0.9101951246257963,4369.0,0.7141041931385006,0.740184688750983,0.6118078802507053,0.7199492161625082,0.3757676381501006,787.0,2.3808388710021973,2.263150215148926,2026-04-30T03:19:31.361069+00:00
SR-ARE,morgan_2048,LogisticRegression,random_over,roc_auc,"{'C': 1, 'l1_ratio': 0.0}",0.2229968399046937,1539,0.8856400259909032,0.873762700732085,0.5727912786736316,0.6898845960337092,0.2229968399046937,0.966824644549763,0.9668153596576342,0.9668153596576344,0.9927804762870353,0.9907680182616072,7174.0,0.7509529860228716,0.7634803582913705,0.6191308641975308,0.6950872157209097,0.3616978341486642,787.0,0.1949131488800048,0.1638929843902588,2026-04-21T08:53:49.860884+00:00
SR-ARE,morgan_2048,LogisticRegression,random_under,roc_auc,"{'C': 1, 'l1_ratio': 0.0}",0.1892362640320695,1539,0.8596491228070176,0.863551770139245,0.5888487606985603,0.6992343088340112,0.1892362640320695,0.9599317988064792,0.960237782555889,0.955636257708996,0.9927705208626316,0.983973734965677,2346.0,0.7153748411689962,0.7425507990462615,0.6195310611554267,0.7053433429013026,0.3674630593442226,787.0,0.0930180549621582,0.0493321418762207,2026-04-21T08:53:52.650312+00:00
SR-ARE,morgan_2048,XGBoost,smote,roc_auc,"{'colsample_bytree': 0.8, 'learning_rate': 0.1, 'max_depth': 7, 'min_child_weight': 10, 'n_estimators': 100, 'scale_pos_weight': 1, 'subsample': 0.8}",0.14366192886936088,1539,0.8167641325536062,0.8342221109311249,0.5431792345585449,0.6447607018573644,0.14366192886936088,0.870643992194034,0.8706316752976057,0.8706316752976058,0.9384428747088677,0.9371442716374834,7174.0,0.772554002541296,0.7659209656873122,0.5889236138467958,0.6276937513799956,0.3169780870631054,787.0,2.071913003921509,1.9632139205932617,2026-04-30T03:21:33.689384+00:00
SR-ARE,morgan_2048,XGBoost,smoteenn,roc_auc,"{'colsample_bytree': 0.8, 'learning_rate': 0.05, 'max_depth': 5, 'min_child_weight': 10, 'n_estimators': 100, 'scale_pos_weight': 1, 'subsample': 0.8}",0.1344483805941872,1539,0.7790773229369721,0.8115965973768375,0.5293916609706083,0.6393678462118988,0.1344483805941872,0.8393979248867456,0.8391203105697413,0.8385565661591375,0.9189049625695849,0.9090095099962717,6843.0,0.7674714104193139,0.7590968664965659,0.574492789590775,0.5818613380437183,0.27279300995966105,787.0,1.9462740421295166,1.8923289775848389,2026-04-30T03:21:40.471699+00:00
SR-ARE,morgan_2048,XGBoost,smoten,roc_auc,"{'colsample_bytree': 0.8, 'learning_rate': 0.1, 'max_depth': 7, 'min_child_weight': 1, 'n_estimators': 200, 'scale_pos_weight': 1, 'subsample': 0.8}",0.18305145413662252,1539,0.884990253411306,0.8721395714004087,0.5649355316304676,0.6731714603161293,0.18305145413662252,0.9499581823250627,0.9499377308898737,0.9499377308898735,0.9911392850728117,0.9914890038895362,7174.0,0.8055908513341804,0.7808526472942907,0.587894655783151,0.6741664826672555,0.37325605628643993,787.0,3.3420822620391846,3.262557029724121,2026-04-30T03:21:46.989755+00:00
SR-ARE,morgan_2048,XGBoost,smoten_enn,roc_auc,"{'colsample_bytree': 0.8, 'learning_rate': 0.05, 'max_depth': 3, 'min_child_weight': 1, 'n_estimators': 100, 'scale_pos_weight': 1, 'subsample': 0.8}",0.12848352973574012,1539,0.8856400259909032,0.8649760634876096,0.5204860570182271,0.6024537755230388,0.12848352973574012,0.9092118882152891,0.9092665386664822,0.9089991418160015,0.9611498965267103,0.9577182371856102,6763.0,0.7687420584498094,0.7519719884545134,0.5495332863684396,0.6134411569882976,0.2711562071290206,787.0,1.795759916305542,1.6597731113433838,2026-04-30T03:22:49.231167+00:00
SR-ARE,morgan_4096,XGBoost,none,roc_auc,"{'colsample_bytree': 0.8, 'learning_rate': 0.1, 'max_depth': 7, 'min_child_weight': 1, 'n_estimators': 200, 'scale_pos_weight': 8, 'subsample': 0.8}",0.23458104577637828,1539,0.8914879792072774,0.8793633244286342,0.5895154450976727,0.7005235629533353,0.23458104577637828,0.9331654840924697,0.9369440773085074,0.8998847976896758,0.9940838506770329,0.9639489280803214,4369.0,0.7306226175349428,0.7506082387467271,0.6136797258497731,0.7058732612055643,0.3760800217338089,787.0,5.630481958389282,5.415493965148926,2026-04-30T03:22:58.251823+00:00
SR-ARE,morgan_4096,XGBoost,random_over,roc_auc,"{'colsample_bytree': 0.8, 'learning_rate': 0.1, 'max_depth': 7, 'min_child_weight': 5, 'n_estimators': 200, 'scale_pos_weight': 1, 'subsample': 0.8}",0.1668207030744771,1539,0.9070825211176088,0.8738732872980292,0.5142485073885645,0.6922089220577753,0.1668207030744771,0.9406189015890717,0.9406188969739251,0.940618896973925,0.9822163157870604,0.9783465703240898,7174.0,0.7674714104193139,0.7741928357132203,0.6260292433649345,0.719822256568779,0.3823439628038605,787.0,8.04427194595337,7.90832781791687,2026-04-30T03:23:18.266859+00:00
SR-ARE,morgan_4096,XGBoost,random_under,roc_auc,"{'colsample_bytree': 0.8, 'learning_rate': 0.1, 'max_depth': 7, 'min_child_weight': 1, 'n_estimators': 200, 'scale_pos_weight': 1, 'subsample': 0.8}",0.15529507550469301,1539,0.8979857050032488,0.8687045368534108,0.5085177402918102,0.6863732128631921,0.15529507550469301,0.9441602728047741,0.9431300816877506,0.9349926124603521,0.9890286399225542,0.9769359646069938,2346.0,0.7687420584498094,0.7740952290161891,0.6233142580631588,0.721588650916317,0.38101942523557614,787.0,3.0249228477478027,2.8436050415039062,2026-04-30T03:23:28.922215+00:00
SR-ARE,morgan_4096,XGBoost,smote,roc_auc,"{'colsample_bytree': 0.8, 'learning_rate': 0.05, 'max_depth': 7, 'min_child_weight': 1, 'n_estimators': 100, 'scale_pos_weight': 1, 'subsample': 0.8}",0.12398448098382278,1539,0.8102664067576348,0.8283434623825833,0.526979916635089,0.6321511676659259,0.12398448098382278,0.8905770839141344,0.8905119330559265,0.8905119330559266,0.9628147954594578,0.9608556951103384,7174.0,0.7814485387547649,0.7674070155299219,0.5800635346089892,0.6413998675204238,0.277862365440759,787.0,5.869412183761597,5.788415193557739,2026-04-30T03:24:05.783004+00:00
SR-ARE,morgan_4096,XGBoost,smoteenn,roc_auc,"{'colsample_bytree': 0.8, 'learning_rate': 0.05, 'max_depth': 3, 'min_child_weight': 1, 'n_estimators': 100, 'scale_pos_weight': 1, 'subsample': 0.8}",0.12163299040127927,1539,0.7849252761533463,0.813770782716567,0.5213927281917627,0.6186847511634732,0.12163299040127927,0.8384726224783862,0.8383438734797284,0.838072456671747,0.9117475364820655,0.9089532441524932,6940.0,0.7623888182973316,0.7562499453892175,0.5731670886589925,0.6088374917200265,0.25590218861696645,787.0,4.482100009918213,4.543728828430176,2026-04-30T03:25:03.628157+00:00
SR-ARE,morgan_4096,LogisticRegression,smoten,roc_auc,"{'C': 1, 'l1_ratio': 1.0}",0.1615776089463097,1539,0.8953866146848602,0.874671754033503,0.5506504152030133,0.6450908766928011,0.1615776089463097,0.9729579035405632,0.9729572961259976,0.9729572961259976,0.9960210060661858,0.9958279595917772,7174.0,0.7458703939008895,0.7429139299282446,0.5555480256618777,0.598045926253036,0.2794550843436171,787.0,0.3994319438934326,0.3634049892425537,2026-04-21T08:54:29.682042+00:00
SR-ARE,morgan_4096,DecisionTree,smoten_enn,roc_auc,"{'ccp_alpha': 0.0, 'criterion': 'entropy', 'max_depth': 15, 'min_samples_leaf': 50}",0.1198011908267588,1539,0.7985705003248863,0.8237585339934288,0.53881890311804,0.6110304599387867,0.1198011908267588,0.8688811188811189,0.86878602507292,0.8684432450666217,0.9443733469767874,0.942335020694317,6864.0,0.770012706480305,0.7592472347603214,0.571037091241986,0.6506403179509825,0.2885339577402018,787.0,2.7397027015686035,2.9257259368896484,2026-04-22T10:23:05.813491+00:00
SR-ARE,pubchem,XGBoost,none,roc_auc,"{'colsample_bytree': 0.8, 'learning_rate': 0.1, 'max_depth': 7, 'min_child_weight': 5, 'n_estimators': 100, 'scale_pos_weight': 1, 'subsample': 0.8}",0.17185581799170419,1539,0.9109811565951916,0.8704072114565689,0.4838869972412679,0.7250010481740807,0.17185581799170419,0.9146257724879835,0.9066030584432704,0.8287355397739962,0.9474837025148359,0.8558888632819837,4369.0,0.8271918678526048,0.7997953360106599,0.6170316301703163,0.7758224773680724,0.4079554999340363,787.0,0.7165851593017578,0.6713957786560059,2026-04-30T03:28:40.042394+00:00
SR-ARE,pubchem,LogisticRegression,random_over,roc_auc,"{'C': 0.1, 'l1_ratio': 0.0}",0.1607807952258198,1539,0.8648473034437947,0.861006921850917,0.5568967044649185,0.6758390633516415,0.1607807952258198,0.8076386952885419,0.8076374842925279,0.807637484292528,0.8808778393058786,0.8662019642181825,7174.0,0.7191867852604829,0.7468425368755908,0.6290150909187864,0.7509328770147936,0.3579124955657787,787.0,0.3405771255493164,0.3207390308380127,2026-04-21T08:54:51.464114+00:00
SR-ARE,pubchem,XGBoost,random_under,roc_auc,"{'colsample_bytree': 0.8, 'learning_rate': 0.1, 'max_depth': 7, 'min_child_weight': 10, 'n_estimators': 200, 'scale_pos_weight': 1, 'subsample': 0.8}",0.1842744838204725,1539,0.8960363872644574,0.8758182383913379,0.5556133056133056,0.7108192528615154,0.1842744838204725,0.9040920716112532,0.9026047200489392,0.8889210856756495,0.9621797345647922,0.9356609516018285,2346.0,0.7763659466327827,0.7854562379234803,0.6499039530886666,0.761133804371826,0.4068855626492638,787.0,0.7257919311523438,0.7078571319580078,2026-04-30T03:30:17.319571+00:00
SR-ARE,pubchem,XGBoost,smote,roc_auc,"{'colsample_bytree': 0.8, 'learning_rate': 0.05, 'max_depth': 7, 'min_child_weight': 1, 'n_estimators': 100, 'scale_pos_weight': 1, 'subsample': 0.8}",0.16965154806593727,1539,0.889538661468486,0.8750635996278445,0.5693985437596282,0.6746913127332187,0.16965154806593727,0.9105101756342348,0.9104730959067712,0.9104730959067711,0.9682289039137005,0.9647799583560113,7174.0,0.7878017789072427,0.7919523278574674,0.6516637733398709,0.7478692868182821,0.4382522648433831,787.0,1.195080041885376,1.1699609756469727,2026-04-30T03:30:31.070672+00:00
SR-ARE,pubchem,XGBoost,smoteenn,roc_auc,"{'colsample_bytree': 0.8, 'learning_rate': 0.1, 'max_depth': 7, 'min_child_weight': 1, 'n_estimators': 100, 'scale_pos_weight': 1, 'subsample': 0.8}",0.17379215955934196,1539,0.8869395711500975,0.8714717601379863,0.5553795576808129,0.6718586222799883,0.17379215955934196,0.9629858112276373,0.963031022250098,0.9626596459941712,0.9926542160886852,0.9900538034237023,6484.0,0.8221092757306226,0.8084512017041638,0.6510729396265613,0.7462629719584898,0.4343778094879603,787.0,1.0047168731689453,0.9876458644866943,2026-04-30T03:30:38.480566+00:00
SR-ARE,pubchem,LogisticRegression,smoten,roc_auc,"{'C': 1, 'l1_ratio': 0.0}",0.1888709152092731,1539,0.8486029889538661,0.8570287808175762,0.5832985682196117,0.6384349712800302,0.1888709152092731,0.8935043211597435,0.8935006709089167,0.8935006709089168,0.948748807860122,0.9511141943282015,7174.0,0.7649301143583227,0.7722486228572883,0.6238292704982624,0.6987248840803709,0.3674390310022861,787.0,0.5765938758850098,0.6294600963592529,2026-04-21T08:55:07.152763+00:00
SR-ARE,pubchem,LogisticRegression,smoten_enn,roc_auc,"{'C': 1, 'l1_ratio': 0.0}",0.1538829658126104,1539,0.8414554905782976,0.8512305539851581,0.5697531599739686,0.612356400150937,0.1538829658126104,0.9410175596578118,0.9410921249406192,0.9408524843147416,0.9803574296431667,0.9748860467091616,6663.0,0.7827191867852605,0.7756454470230131,0.6048651584773257,0.657214616913226,0.3586147397036845,787.0,0.4330298900604248,0.4006111621856689,2026-04-21T08:55:12.141040+00:00
SR-ARE,rdkit,XGBoost,none,roc_auc,"{'colsample_bytree': 0.8, 'learning_rate': 0.1, 'max_depth': 7, 'min_child_weight': 1, 'n_estimators': 200, 'scale_pos_weight': 1, 'subsample': 0.8}",0.24159667491488807,1539,0.9096816114359974,0.8685153459303875,0.47635250085062947,0.7273410968093581,0.24159667491488807,0.9949645227740902,0.9949543826011525,0.9913989844648754,0.999567741424881,0.9982157943461893,4369.0,0.820838627700127,0.788496073255923,0.5909337226148215,0.7716493707220137,0.43308598152333144,787.0,4.153869152069092,4.05164098739624,2026-04-30T03:31:25.084460+00:00
SR-ARE,rdkit,RandomForest,random_over,roc_auc,"{'max_depth': 15, 'max_features': 'sqrt', 'min_samples_leaf': 5, 'n_estimators': 100}",0.181431867333766,1539,0.9116309291747888,0.869488914773779,0.4768864717878994,0.6909642153368831,0.181431867333766,0.9691943127962084,0.9691941781194752,0.9691941781194752,0.992895658508496,0.9927197445043834,7174.0,0.8094027954256671,0.793940326711667,0.6235170302334482,0.754879664385074,0.3978880075907683,787.0,0.727849006652832,1.0529420375823977,2026-04-21T19:00:19.103825+00:00
SR-ARE,rdkit,XGBoost,random_under,roc_auc,"{'colsample_bytree': 0.8, 'learning_rate': 0.1, 'max_depth': 7, 'min_child_weight': 1, 'n_estimators': 200, 'scale_pos_weight': 1, 'subsample': 0.8}",0.22940155251244193,1539,0.9096816114359974,0.8697394476396928,0.4834285962662726,0.7071165779212611,0.22940155251244193,0.9957374254049446,0.9957332979435999,0.9951953521483288,0.9997256853369614,0.9994344547890486,2346.0,0.7623888182973316,0.7658611530780077,0.6058180863686645,0.7455177743431222,0.3777733034015763,787.0,2.376821994781494,2.3548882007598877,2026-04-30T03:31:49.795273+00:00
SR-ARE,rdkit,DecisionTree,smote,roc_auc,"{'ccp_alpha': 0.0, 'criterion': 'entropy', 'max_depth': 10, 'min_samples_leaf': 10}",0.1052610718832708,1539,0.7134502923976608,0.7671218521388543,0.4825952153518579,0.5883243889145109,0.1052610718832708,0.8519654307220519,0.8515311444841126,0.8515311444841126,0.9365737283964358,0.9273029684845518,7174.0,0.6670902160101652,0.6982652399398821,0.5519158220476,0.6262585559726209,0.259610909498821,787.0,1.2242889404296875,1.0502519607543943,2026-04-22T10:25:49.149217+00:00
SR-ARE,rdkit,LogisticRegression,smoteenn,roc_auc,"{'C': 1, 'l1_ratio': 1.0}",0.13477905726556,1539,0.7186484730344379,0.7739537556419482,0.5172805209763236,0.5744989727894009,0.13477905726556,0.9829249011857708,0.9829533216731576,0.9826727519779088,0.9974607497286996,0.9960210975154152,6325.0,0.7420584498094028,0.7506527657843779,0.5892706102542876,0.5840362110841246,0.3093371821554345,787.0,3.925723075866699,3.815142869949341,2026-04-21T08:55:33.172391+00:00
SR-ARE,rdkit,DecisionTree,smoten,roc_auc,"{'ccp_alpha': 0.001, 'criterion': 'entropy', 'max_depth': 15, 'min_samples_leaf': 50}",0.1034222749419497,1539,0.6803118908382066,0.744235002827871,0.4630177011233405,0.57624156219865,0.1034222749419497,0.8316141622525788,0.8313892748988904,0.8313892748988903,0.914761736403854,0.9130228574998732,7174.0,0.7242693773824651,0.7346277113327756,0.5652188302744703,0.6121439611393245,0.2519407221839396,787.0,1.3109493255615234,1.111616849899292,2026-04-22T10:26:33.753817+00:00
SR-ARE,rdkit,DecisionTree,smoten_enn,roc_auc,"{'ccp_alpha': 0.01, 'criterion': 'gini', 'max_depth': 5, 'min_samples_leaf': 10}",0.0976718209987405,1539,0.7764782326185835,0.8066053893062726,0.5036600915022875,0.5538604251394071,0.0976718209987405,0.7217875413782726,0.7210560124902299,0.7216117639332321,0.7675626716030692,0.6864612429328361,6646.0,0.613722998729352,0.6573335349518485,0.5257231667089571,0.6150805917421065,0.2234062871575277,787.0,0.7386670112609863,0.6517200469970703,2026-04-22T10:26:46.451898+00:00
SR-ARE,topological_torsion,XGBoost,none,roc_auc,"{'colsample_bytree': 0.8, 'learning_rate': 0.1, 'max_depth': 7, 'min_child_weight': 10, 'n_estimators': 200, 'scale_pos_weight': 8, 'subsample': 0.8}",0.1482454063276607,1539,0.8908382066276803,0.8746054195956908,0.5629850988452281,0.6013767766550668,0.1482454063276607,0.8521400778210116,0.8658658408381641,0.8014832902309522,0.9687875441081998,0.8711926826753449,4369.0,0.7115628970775095,0.7394834575175863,0.6163902040991615,0.7171119452417752,0.3613183529721913,787.0,2.3637819290161133,2.4004149436950684,2026-04-30T03:34:30.481115+00:00
SR-ARE,topological_torsion,XGBoost,random_over,roc_auc,"{'colsample_bytree': 0.8, 'learning_rate': 0.1, 'max_depth': 7, 'min_child_weight': 10, 'n_estimators': 200, 'scale_pos_weight': 1, 'subsample': 0.8}",0.12977924572815625,1539,0.898635477582846,0.8651032042828877,0.4857693625771076,0.6061826548153117,0.12977924572815625,0.8994981879007528,0.8994909211173057,0.8994909211173057,0.9629324258860307,0.9607029533893164,7174.0,0.7560355781448539,0.7708481729559297,0.6367412877913685,0.7045539854272466,0.353506884761117,787.0,3.3057608604431152,3.307246208190918,2026-04-30T03:34:57.416977+00:00
SR-ARE,topological_torsion,XGBoost,random_under,roc_auc,"{'colsample_bytree': 0.8, 'learning_rate': 0.1, 'max_depth': 5, 'min_child_weight': 1, 'n_estimators': 200, 'scale_pos_weight': 1, 'subsample': 0.8}",0.15156854866593444,1539,0.907732293697206,0.8687370803995016,0.4827453987730061,0.5887515198524171,0.15156854866593444,0.9181585677749361,0.9162698033650369,0.9039613552938608,0.9695187760414965,0.9508156272857977,2346.0,0.761118170266836,0.7708282541455357,0.6260337680719846,0.7057352616471627,0.36630737091754123,787.0,1.1077029705047607,1.0702331066131592,2026-04-30T03:36:14.764591+00:00
SR-ARE,topological_torsion,KNeighbors,smote,roc_auc,"{'n_neighbors': 15, 'weights': 'distance'}",0.0957475339128497,1539,0.5672514619883041,0.6596398403415948,0.4420634920634921,0.5526890906041675,0.0957475339128497,0.9909395037635907,0.9909388049781755,0.9909388049781755,0.9909866414270968,0.9804225602088084,7174.0,0.636594663278272,0.6783362098387294,0.5607641870267739,0.6641035548686244,0.2563542238566909,787.0,53.07429003715515,46.00928521156311,2026-04-24T05:04:20.967983+00:00
SR-ARE,topological_torsion,KNeighbors,smoteenn,roc_auc,"{'n_neighbors': 15, 'weights': 'distance'}",0.0962825908646585,1539,0.5653021442495126,0.6580780639147928,0.4399944085977056,0.5483260659930401,0.0962825908646585,0.9906460099386144,0.9906493600793764,0.990631420615941,0.991101250162196,0.9791892388764578,6842.0,0.6416772554002541,0.6826229639991831,0.5646714057056774,0.6605983660852285,0.2527883113709512,787.0,49.42485594749451,42.89011096954346,2026-04-24T05:04:25.165060+00:00
SR-ARE,topological_torsion,DecisionTree,smoten,roc_auc,"{'ccp_alpha': 0.001, 'criterion': 'gini', 'max_depth': 10, 'min_samples_leaf': 50}",0.1127626844163758,1539,0.2716049382716049,0.3343556614017319,0.2608078665766895,0.554531256551088,0.1127626844163758,0.739754669640368,0.7348162319766824,0.7348162319766824,0.8244305066875248,0.7973982799171366,7174.0,0.5082592121982211,0.5659371822894058,0.440431899730476,0.5435029807904614,0.2597290640771653,787.0,0.9760699272155762,0.9416770935058594,2026-04-22T10:28:02.616965+00:00
SR-ARE,topological_torsion,KNeighbors,smoten_enn,roc_auc,"{'n_neighbors': 15, 'weights': 'distance'}",0.0930237522238044,1539,0.5886939571150097,0.677544329897928,0.4415413481034681,0.540965263510964,0.0930237522238044,0.9898559247280212,0.989859522078119,0.9898332825832888,0.9925161753541496,0.9836644528570992,6802.0,0.6759847522236341,0.7067756329038111,0.5661362049321915,0.650386398763524,0.2412503156489743,787.0,44.963812828063965,46.20287990570069,2026-04-24T05:05:18.461550+00:00
SR-ATAD5,atom_pair,XGBoost,none,roc_auc,"{'colsample_bytree': 0.8, 'learning_rate': 0.05, 'max_depth': 7, 'min_child_weight': 1, 'n_estimators': 100, 'scale_pos_weight': 4, 'subsample': 0.8}",0.199445807385727,1740,0.9810344827586207,0.972184432353593,0.5237818784988596,0.8419333149437969,0.199445807385727,0.9947176684881603,0.9946744344116766,0.9633482578509109,0.9984919305372968,0.9729590807850071,5490.0,0.9304932735426009,0.9095204562903252,0.5739553802539135,0.7358336572094831,0.2834550487979411,892.0,2.3448469638824463,2.3041999340057373,2026-04-30T03:37:59.106908+00:00
SR-ATAD5,atom_pair,XGBoost,random_over,roc_auc,"{'colsample_bytree': 0.8, 'learning_rate': 0.1, 'max_depth': 5, 'min_child_weight': 5, 'n_estimators': 100, 'scale_pos_weight': 1, 'subsample': 0.8}",0.2536012657287556,1740,0.9810344827586207,0.972184432353593,0.5237818784988596,0.8348044962416385,0.2536012657287556,0.9793599697027078,0.9793570319116462,0.9793570319116462,0.9981458255113915,0.9979064105812036,10562.0,0.9091928251121076,0.9066670280983473,0.6295510128743482,0.7382044306257287,0.24812373242058913,892.0,3.2611188888549805,3.3171017169952393,2026-04-30T03:38:10.886400+00:00
SR-ATAD5,atom_pair,XGBoost,random_under,roc_auc,"{'colsample_bytree': 0.8, 'learning_rate': 0.05, 'max_depth': 7, 'min_child_weight': 1, 'n_estimators': 100, 'scale_pos_weight': 1, 'subsample': 0.8}",0.1517561074829469,1740,0.9793103448275862,0.9712335397792404,0.5210862717514297,0.7964450727536032,0.1517561074829469,0.9808612440191388,0.9807398136559587,0.9782019190654985,0.9995535816487718,0.9991194787554936,627.0,0.8464125560538116,0.8709420354508361,0.6056090752125994,0.7854644383987562,0.26893466293275625,892.0,0.4243619441986084,0.37939882278442383,2026-04-30T03:38:23.577752+00:00
SR-ATAD5,atom_pair,XGBoost,smote,roc_auc,"{'colsample_bytree': 0.8, 'learning_rate': 0.1, 'max_depth': 5, 'min_child_weight': 10, 'n_estimators': 100, 'scale_pos_weight': 1, 'subsample': 0.8}",0.05557583582139973,1740,0.8867816091954023,0.9229377867781091,0.5116920118237829,0.7091666091993656,0.05557583582139973,0.9741526226093543,0.9741492298590324,0.9741492298590324,0.9971752084991622,0.9973166548326562,10562.0,0.8789237668161435,0.8814982275087143,0.5519672588596409,0.6278857364943645,0.1500336523295009,892.0,3.197894811630249,3.1829209327697754,2026-04-30T03:38:40.536417+00:00
SR-ATAD5,atom_pair,XGBoost,smoteenn,roc_auc,"{'colsample_bytree': 0.8, 'learning_rate': 0.05, 'max_depth': 3, 'min_child_weight': 5, 'n_estimators': 200, 'scale_pos_weight': 1, 'subsample': 0.8}",0.07611974249178323,1740,0.882183908045977,0.9205661858662519,0.516948773819084,0.7117440176539549,0.07611974249178323,0.9456459874786568,0.9456090258724209,0.9456116196693498,0.9884349761967072,0.9879806508365714,10542.0,0.8408071748878924,0.8612077689534477,0.5478546441065182,0.6064710454722114,0.13769623763713126,892.0,4.575403928756714,4.537191390991211,2026-04-30T03:39:11.853904+00:00
SR-ATAD5,atom_pair,XGBoost,smoten,roc_auc,"{'colsample_bytree': 0.8, 'learning_rate': 0.1, 'max_depth': 7, 'min_child_weight': 1, 'n_estimators': 200, 'scale_pos_weight': 1, 'subsample': 0.8}",0.06752640787605295,1740,0.9798850574712644,0.9715490827091577,0.5219442503787552,0.7568529756568512,0.06752640787605295,0.9992425676955122,0.9992425675868768,0.9992425675868768,0.9999991573726966,0.9999991389137123,10562.0,0.9248878923766816,0.9097346190169289,0.5952018098198986,0.7557520404197436,0.2511957086353189,892.0,6.773983955383301,6.689274072647095,2026-04-30T03:39:12.398824+00:00
SR-ATAD5,atom_pair,LogisticRegression,smoten_enn,roc_auc,"{'C': 0.1, 'l1_ratio': 1.0}",0.1390921912028975,1740,0.9666666666666668,0.9666666666666668,0.5650299979311771,0.6984776911937107,0.1390921912028975,0.9848224513172968,0.984822679922882,0.984822335009192,0.99709567722303,0.9976221224882588,10476.0,0.897982062780269,0.8924044032023843,0.5628934373704249,0.5641663427905169,0.1368188142939322,892.0,0.4249188899993896,0.3954370021820068,2026-04-21T08:56:38.743842+00:00
SR-ATAD5,avalon,XGBoost,none,roc_auc,"{'colsample_bytree': 0.8, 'learning_rate': 0.05, 'max_depth': 3, 'min_child_weight': 10, 'n_estimators': 200, 'scale_pos_weight': 4, 'subsample': 0.8}",0.2109380602233396,1740,0.9804597701149426,0.9707860521277376,0.4950667440510737,0.8395800289635197,0.2109380602233396,0.9765027322404372,0.97409743354486,0.8069785981480346,0.9733154605886046,0.7195653384526095,5490.0,0.9304932735426009,0.9095204562903252,0.5739553802539135,0.775767586474932,0.257721396949025,892.0,0.7297279834747314,0.6835041046142578,2026-04-30T03:41:47.251760+00:00
SR-ATAD5,avalon,RandomForest,random_over,roc_auc,"{'max_depth': 5, 'max_features': 'log2', 'min_samples_leaf': 5, 'n_estimators': 200}",0.2259207366845749,1740,0.9810344827586208,0.972184432353593,0.5237818784988596,0.8199951727467072,0.2259207366845749,0.8739822003408445,0.8739616093113841,0.873961609311384,0.9472862757418608,0.9435190704746248,10562.0,0.8329596412556054,0.8627775101345525,0.5995577020997098,0.7635639331519627,0.2118543326219569,892.0,0.8407301902770996,0.5661332607269287,2026-04-21T19:05:47.870505+00:00
SR-ATAD5,avalon,RandomForest,random_under,roc_auc,"{'max_depth': 10, 'max_features': 'sqrt', 'min_samples_leaf': 5, 'n_estimators': 200}",0.2292358347874926,1740,0.9810344827586208,0.972184432353593,0.5237818784988596,0.8564409351079236,0.2292358347874926,0.9314194577352471,0.9318414918414918,0.9238228438228436,0.982875849911861,0.9648885622253084,627.0,0.7903587443946188,0.8354746789529897,0.5749555981948787,0.7784298484259619,0.2373516136333521,892.0,0.3868179321289062,0.2927992343902588,2026-04-21T19:06:15.559002+00:00
SR-ATAD5,avalon,XGBoost,smote,roc_auc,"{'colsample_bytree': 0.8, 'learning_rate': 0.05, 'max_depth': 7, 'min_child_weight': 1, 'n_estimators': 100, 'scale_pos_weight': 1, 'subsample': 0.8}",0.06514794793898152,1740,0.9471264367816092,0.9559957216069326,0.5440667152752461,0.7499224191435073,0.06514794793898152,0.9783185002840371,0.9783121311307363,0.9783121311307363,0.9980468974803328,0.9976657454456868,10562.0,0.9125560538116592,0.9016305882421909,0.5789091437286659,0.6663427905169064,0.19270994906075978,892.0,1.1268088817596436,1.1051158905029297,2026-04-30T03:42:32.297442+00:00
SR-ATAD5,avalon,XGBoost,smoteenn,roc_auc,"{'colsample_bytree': 0.8, 'learning_rate': 0.05, 'max_depth': 7, 'min_child_weight': 5, 'n_estimators': 100, 'scale_pos_weight': 1, 'subsample': 0.8}",0.06158842802918495,1740,0.9580459770114943,0.9604423570660258,0.5152481958241582,0.7257171919177987,0.06158842802918495,0.974537478542819,0.9745326713122399,0.97453462505301,0.9969723990140283,0.9963903366902099,10486.0,0.905829596412556,0.8962898234161829,0.5632650206336993,0.6877574815390595,0.1863405769276819,892.0,1.0857629776000977,1.0442540645599365,2026-04-30T03:42:50.719488+00:00
SR-ATAD5,avalon,XGBoost,smoten,roc_auc,"{'colsample_bytree': 0.8, 'learning_rate': 0.05, 'max_depth': 7, 'min_child_weight': 1, 'n_estimators': 100, 'scale_pos_weight': 1, 'subsample': 0.8}",0.12179016042473771,1740,0.9804597701149426,0.9707860521277376,0.4950667440510737,0.8353130818564237,0.12179016042473771,0.9843779587199394,0.9843775944729819,0.9843775944729818,0.9990247395734821,0.9988679340308949,10562.0,0.9237668161434978,0.9023155631275744,0.5441729040791174,0.7299067236688691,0.1724961998733575,892.0,1.064220905303955,1.0370709896087646,2026-04-30T03:43:09.463431+00:00
SR-ATAD5,avalon,XGBoost,smoten_enn,roc_auc,"{'colsample_bytree': 0.8, 'learning_rate': 0.1, 'max_depth': 7, 'min_child_weight': 5, 'n_estimators': 100, 'scale_pos_weight': 1, 'subsample': 0.8}",0.05367113273947996,1740,0.9804597701149426,0.9707860521277376,0.4950667440510737,0.7641628163574925,0.05367113273947996,0.9949185043144775,0.9949186367547374,0.9949179892690225,0.9997860022052916,0.999727795514829,10430.0,0.9271300448430493,0.9027614935916729,0.5357997806297687,0.7477652545666538,0.18762108621764614,892.0,0.9228179454803467,0.9124457836151123,2026-04-30T03:43:11.482567+00:00
SR-ATAD5,erg,RandomForest,none,roc_auc,"{'max_depth': 15, 'max_features': 'sqrt', 'min_samples_leaf': 10, 'n_estimators': 200}",0.1545198593577676,1740,0.9810344827586208,0.972184432353593,0.5237818784988596,0.7251655058271844,0.1545198593577676,0.9595628415300548,0.965298157841972,0.8036896893195001,0.9785481762280416,0.6873122520020574,5490.0,0.9125560538116592,0.9064961180022664,0.6156191991514187,0.6796929654100272,0.206705203964743,892.0,0.6145479679107666,0.5241811275482178,2026-04-21T19:07:04.597607+00:00
SR-ATAD5,erg,LogisticRegression,random_over,roc_auc,"{'C': 0.001, 'l1_ratio': 0.0}",0.0928968971516347,1740,0.9810344827586208,0.9731748494114916,0.5492617217856834,0.7461123370802014,0.0928968971516347,0.6688127248627154,0.6688088772498992,0.6688088772498993,0.7191656942687826,0.6957894148494636,10562.0,0.649103139013453,0.7352819695996823,0.4873967939808652,0.7247182277497085,0.1531132775485321,892.0,0.0470268726348876,0.0362617969512939,2026-04-21T08:57:04.506600+00:00
SR-ATAD5,erg,XGBoost,random_under,roc_auc,"{'colsample_bytree': 0.8, 'learning_rate': 0.1, 'max_depth': 7, 'min_child_weight': 1, 'n_estimators': 100, 'scale_pos_weight': 1, 'subsample': 0.8}",0.11903255788603274,1740,0.9793103448275862,0.9712335397792404,0.5210862717514297,0.7658695952003309,0.11903255788603274,0.9744816586921851,0.9743867659832884,0.9710813366233886,0.996789221858474,0.994136699359939,627.0,0.8150224215246636,0.8502167461929372,0.5771941063420885,0.7108142246404976,0.2610554683674434,892.0,0.12161993980407715,0.1107180118560791,2026-04-30T03:43:58.343110+00:00
SR-ATAD5,erg,XGBoost,smote,roc_auc,"{'colsample_bytree': 0.8, 'learning_rate': 0.05, 'max_depth': 5, 'min_child_weight': 1, 'n_estimators': 200, 'scale_pos_weight': 1, 'subsample': 0.8}",0.1547846635939171,1740,0.9804597701149426,0.9707860521277376,0.4950667440510737,0.7515516171298531,0.1547846635939171,0.9814429085400492,0.9814423489285043,0.9814423489285043,0.9981359111943969,0.9982800563432345,10562.0,0.9271300448430493,0.9100102532066561,0.5893273269444621,0.7143898173338515,0.2616647593690244,892.0,2.204763174057007,2.215224027633667,2026-04-30T03:44:00.300210+00:00
SR-ATAD5,erg,XGBoost,smoteenn,roc_auc,"{'colsample_bytree': 0.8, 'learning_rate': 0.1, 'max_depth': 3, 'min_child_weight': 5, 'n_estimators': 200, 'scale_pos_weight': 1, 'subsample': 0.8}",0.08267707030151644,1740,0.9804597701149426,0.9707860521277376,0.4950667440510737,0.7487931866767809,0.08267707030151644,0.9844304296413087,0.9844230087614654,0.9843910062171416,0.998222380148146,0.9983237282695768,10148.0,0.9248878923766816,0.905899001826614,0.5667485845602893,0.7374076952973183,0.2319497423916443,892.0,1.1798198223114014,1.1681418418884277,2026-04-30T03:44:03.042896+00:00
SR-ATAD5,erg,XGBoost,smoten,roc_auc,"{'colsample_bytree': 0.8, 'learning_rate': 0.1, 'max_depth': 7, 'min_child_weight': 1, 'n_estimators': 200, 'scale_pos_weight': 1, 'subsample': 0.8}",0.031569056829589805,1740,0.9385057471264368,0.9500243572709565,0.5021379349073026,0.6111992276394731,0.031569056829589805,0.9840939216057565,0.9840936198922908,0.9840936198922907,0.998291062187652,0.9979723129763248,10562.0,0.9125560538116592,0.895597852840957,0.5338228987993139,0.5832102603964244,0.1356172810130054,892.0,1.4902009963989258,1.5299878120422363,2026-04-30T03:44:14.568173+00:00
SR-ATAD5,erg,XGBoost,smoten_enn,roc_auc,"{'colsample_bytree': 0.8, 'learning_rate': 0.1, 'max_depth': 5, 'min_child_weight': 1, 'n_estimators': 200, 'scale_pos_weight': 1, 'subsample': 0.8}",0.028883353129680052,1740,0.9413793103448276,0.9515566818708953,0.5037523347239155,0.5879422108820082,0.028883353129680052,0.9985120629184823,0.9985122964785164,0.9984898552519048,0.9999736238144937,0.9999621595460507,9409.0,0.9237668161434978,0.9007643714151953,0.5327252557623567,0.444733773804897,0.10001452478026837,892.0,1.1183319091796875,1.0454411506652832,2026-04-30T03:44:23.918245+00:00
SR-ATAD5,estate,RandomForest,none,roc_auc,"{'max_depth': 15, 'max_features': 'sqrt', 'min_samples_leaf': 10, 'n_estimators': 200}",0.3102365510397591,1740,0.9810344827586208,0.972184432353593,0.5237818784988596,0.8163402523963865,0.3102365510397591,0.9160291438979964,0.9347072055054084,0.6924178743729446,0.957528070749251,0.5405608053037703,5490.0,0.8778026905829597,0.889936108959715,0.6236942428640542,0.7196268946754761,0.2788711355584115,892.0,0.4522950649261474,0.3439207077026367,2026-04-21T19:07:57.039847+00:00
SR-ATAD5,estate,RandomForest,random_over,roc_auc,"{'max_depth': 15, 'max_features': 'log2', 'min_samples_leaf': 10, 'n_estimators': 100}",0.2080609982203823,1740,0.9798850574712644,0.9715490827091576,0.5219442503787552,0.8520705468588373,0.2080609982203823,0.9137473963264532,0.9137273501031646,0.9137273501031646,0.9699806672611432,0.9688189304469106,10562.0,0.8486547085201793,0.8715958542771594,0.6005373936408419,0.7366109599689078,0.3014823869825189,892.0,0.2569060325622558,0.1890990734100341,2026-04-21T19:08:02.043804+00:00
SR-ATAD5,estate,RandomForest,random_under,roc_auc,"{'max_depth': 5, 'max_features': 'sqrt', 'min_samples_leaf': 5, 'n_estimators': 100}",0.1327803718683532,1740,0.9798850574712644,0.9715490827091576,0.5219442503787552,0.7833339080063444,0.1327803718683532,0.7719298245614035,0.7775718797711036,0.7588545855040034,0.8727478766511756,0.8101655469091716,627.0,0.6647982062780269,0.7471225614536489,0.4952297137449727,0.7057909055577147,0.3036450253894888,892.0,0.4335379600524902,0.0985877513885498,2026-04-21T19:08:03.857124+00:00
SR-ATAD5,estate,RandomForest,smote,roc_auc,"{'max_depth': 15, 'max_features': 'sqrt', 'min_samples_leaf': 10, 'n_estimators': 200}",0.3256881777204125,1740,0.9810344827586208,0.972184432353593,0.5237818784988596,0.8277187780153092,0.3256881777204125,0.9735845483809884,0.9735844231178048,0.9735844231178048,0.9964543856617678,0.9967111406647438,10562.0,0.9204035874439462,0.9089379934555504,0.60529743541803,0.7633890400310922,0.2599776023247728,892.0,0.7101051807403564,0.5727660655975342,2026-04-21T19:08:10.714554+00:00
SR-ATAD5,estate,RandomForest,smoteenn,roc_auc,"{'max_depth': 15, 'max_features': 'sqrt', 'min_samples_leaf': 5, 'n_estimators': 100}",0.3772660674286108,1740,0.9810344827586208,0.972184432353593,0.5237818784988596,0.8266154058340804,0.3772660674286108,0.9801495972382048,0.9801496689892728,0.9801464641082293,0.9982488884732438,0.9983140399978464,10428.0,0.9282511210762332,0.9120121591237392,0.6002240896358544,0.7757092887679751,0.2605334180273653,892.0,0.3863568305969238,0.2254488468170166,2026-04-21T19:08:13.138386+00:00
SR-ATAD5,estate,DecisionTree,smoten,roc_auc,"{'ccp_alpha': 0.001, 'criterion': 'gini', 'max_depth': 10, 'min_samples_leaf': 50}",0.0825498847916141,1740,0.8919540229885058,0.9265202025893372,0.5360157952069716,0.7612147438107716,0.0825498847916141,0.897083885627722,0.8969426513368408,0.896942651336841,0.922782584119932,0.8741683867256881,10562.0,0.8228699551569507,0.8518377242188165,0.5511992561172889,0.6486688690244851,0.1197168460590112,892.0,0.0290188789367675,0.0311930179595947,2026-04-22T10:31:59.283920+00:00
SR-ATAD5,estate,DecisionTree,smoten_enn,roc_auc,"{'ccp_alpha': 0.001, 'criterion': 'gini', 'max_depth': 10, 'min_samples_leaf': 20}",0.0756774905483422,1740,0.8908045977011494,0.9259809860825304,0.5390407138873397,0.7719467622922558,0.0756774905483422,0.9173058013765978,0.9172877372087066,0.9173037217545608,0.9431154628395136,0.8949753124647174,10170.0,0.8239910313901345,0.8496514569575928,0.526582492436151,0.5955693742712787,0.0975992869420127,892.0,0.0285429954528808,0.0230789184570312,2026-04-22T10:32:00.975386+00:00
SR-ATAD5,fcfp,LogisticRegression,none,roc_auc,"{'C': 0.1, 'l1_ratio': 0.0}",0.2127444578091618,1740,0.9770114942528736,0.974588723662201,0.6370160213618157,0.8271929522101924,0.2127444578091618,0.9138433515482696,0.934619197709314,0.7099388315497888,0.9824359059153108,0.6134287308616159,5490.0,0.8542600896860987,0.8713609950040488,0.5728724658180104,0.6824912553439565,0.1647985974042549,892.0,0.1765198707580566,0.1397168636322021,2026-04-21T08:57:10.790529+00:00
SR-ATAD5,fcfp,XGBoost,random_over,roc_auc,"{'colsample_bytree': 0.8, 'learning_rate': 0.1, 'max_depth': 7, 'min_child_weight': 5, 'n_estimators': 200, 'scale_pos_weight': 1, 'subsample': 0.8}",0.21442506910519793,1740,0.9798850574712644,0.9741108463435122,0.5879316061194524,0.8273998344941729,0.21442506910519793,0.9790759325885249,0.9790696493093245,0.9790696493093245,0.9963469417164734,0.9948827937174732,10562.0,0.8934977578475336,0.893891668491203,0.5913682941531042,0.6814224640497473,0.19581106364654388,892.0,4.625374794006348,4.690288782119751,2026-04-30T03:45:06.197694+00:00
SR-ATAD5,fcfp,LogisticRegression,random_under,roc_auc,"{'C': 1, 'l1_ratio': 0.0}",0.26812765687813,1740,0.9660919540229884,0.9699873475202134,0.6598398271697388,0.8193314254189366,0.26812765687813,0.971291866028708,0.9715409688659096,0.9682870630549624,0.997848034614592,0.9944017079307826,627.0,0.7544843049327354,0.8093788343585793,0.5264325350361089,0.6732802176447727,0.1472326940846448,892.0,0.0498208999633789,0.0095860958099365,2026-04-21T08:57:11.177299+00:00
SR-ATAD5,fcfp,XGBoost,smote,roc_auc,"{'colsample_bytree': 0.8, 'learning_rate': 0.1, 'max_depth': 7, 'min_child_weight': 10, 'n_estimators': 100, 'scale_pos_weight': 1, 'subsample': 0.8}",0.07780460681594788,1740,0.9183908045977012,0.9414472327328399,0.5559437543133195,0.7554134197641542,0.07780460681594788,0.93968945275516,0.9396600881485465,0.9396600881485464,0.9820859228136897,0.9805048431668887,10562.0,0.875560538116592,0.8777841805770018,0.5362326986580482,0.5648464827050136,0.09794897549142566,892.0,3.2482826709747314,3.1256020069122314,2026-04-30T03:45:07.428621+00:00
SR-ATAD5,fcfp,XGBoost,smoteenn,roc_auc,"{'colsample_bytree': 0.8, 'learning_rate': 0.1, 'max_depth': 5, 'min_child_weight': 10, 'n_estimators': 100, 'scale_pos_weight': 1, 'subsample': 0.8}",0.0644661643396966,1740,0.8632183908045977,0.9099125837467733,0.5156060655684014,0.7416729880697883,0.0644661643396966,0.9282173498570067,0.9281613919968871,0.9281735640993906,0.9764027265672652,0.9729450710957047,10490.0,0.8452914798206278,0.8596385434950458,0.5153090153090153,0.5486008550330354,0.09316887724163884,892.0,2.906809091567993,2.684964656829834,2026-04-30T03:45:10.556711+00:00
SR-ATAD5,fcfp,XGBoost,smoten,roc_auc,"{'colsample_bytree': 0.8, 'learning_rate': 0.1, 'max_depth': 7, 'min_child_weight': 1, 'n_estimators': 200, 'scale_pos_weight': 1, 'subsample': 0.8}",0.12448439282101503,1740,0.9735632183908046,0.9707770322115312,0.5825684245660881,0.7792048824219019,0.12448439282101503,0.9834311683393296,0.9834308117231308,0.9834308117231307,0.9984849919651004,0.9985674020424113,10562.0,0.9192825112107623,0.8965694197821377,0.5173595454955361,0.6648659152739993,0.13972926572327576,892.0,5.177541017532349,4.992657899856567,2026-04-30T03:45:21.593127+00:00
SR-ATAD5,fcfp,DecisionTree,smoten_enn,roc_auc,"{'ccp_alpha': 0.001, 'criterion': 'gini', 'max_depth': 15, 'min_samples_leaf': 10}",0.0570273104160608,1740,0.9275862068965516,0.9462881890873776,0.5554167612991142,0.7096320943383215,0.0570273104160608,0.9546465525577796,0.954619767101372,0.9546351426490762,0.9601028708330932,0.925479917042776,10341.0,0.8789237668161435,0.8814982275087143,0.5519672588596409,0.5909249902837154,0.0964867366160948,892.0,2.700514078140259,2.323319911956787,2026-04-22T10:33:59.782541+00:00
SR-ATAD5,klekota_roth,XGBoost,none,roc_auc,"{'colsample_bytree': 0.8, 'learning_rate': 0.1, 'max_depth': 7, 'min_child_weight': 1, 'n_estimators': 200, 'scale_pos_weight': 8, 'subsample': 0.8}",0.12120186497724728,1740,0.9804597701149426,0.9707860521277376,0.4950667440510737,0.8228570443417695,0.12120186497724728,0.9919854280510019,0.9923353120132157,0.9500826582906265,0.999063175833923,0.9712507101013904,5490.0,0.9181614349775785,0.89893459206286,0.5387829979530113,0.6676447726389428,0.15921317302580779,892.0,8.287312269210815,8.28000807762146,2026-04-30T03:47:49.655507+00:00
SR-ATAD5,klekota_roth,XGBoost,random_over,roc_auc,"{'colsample_bytree': 0.8, 'learning_rate': 0.1, 'max_depth': 7, 'min_child_weight': 5, 'n_estimators': 200, 'scale_pos_weight': 1, 'subsample': 0.8}",0.0892907916270327,1740,0.9706896551724138,0.9679085592127133,0.5451819733382537,0.7978760085511345,0.0892907916270327,0.978791895474342,0.9787853163192722,0.9787853163192721,0.9971856606633714,0.9957295892114258,10562.0,0.8934977578475336,0.893891668491203,0.5913682941531042,0.6726875242907112,0.18605623407054445,892.0,13.930565118789673,13.661643028259277,2026-04-30T03:47:59.807358+00:00
SR-ATAD5,klekota_roth,XGBoost,random_under,roc_auc,"{'colsample_bytree': 0.8, 'learning_rate': 0.1, 'max_depth': 7, 'min_child_weight': 1, 'n_estimators': 200, 'scale_pos_weight': 1, 'subsample': 0.8}",0.11741663282222307,1740,0.9333333333333333,0.9493221690590111,0.5561849141570504,0.7825236190607545,0.11741663282222307,0.988835725677831,0.9888153328450872,0.9873946321639359,0.9991128866097388,0.9982976902174467,627.0,0.8139013452914798,0.8469232436879345,0.5520300114963393,0.6644772638942867,0.1849089685148327,892.0,1.3952100276947021,1.2621779441833496,2026-04-30T03:48:12.720790+00:00
SR-ATAD5,klekota_roth,LogisticRegression,smote,roc_auc,"{'C': 0.1, 'l1_ratio': 0.0}",0.0440451715628112,1740,0.8385057471264368,0.8953463959297183,0.5009996540247939,0.7201658506309909,0.0440451715628112,0.950293505017989,0.9502552233899356,0.9502552233899356,0.9854568443765258,0.9830767673532622,10562.0,0.8475336322869955,0.8616727675023638,0.5223335223335224,0.5423532841041585,0.0912117697267888,892.0,0.7829132080078125,0.4427909851074219,2026-04-21T08:57:22.547065+00:00
SR-ATAD5,klekota_roth,LogisticRegression,smoteenn,roc_auc,"{'C': 1, 'l1_ratio': 1.0}",0.0444483280805166,1740,0.8580459770114942,0.9066378735139152,0.5024306548470118,0.723967312599131,0.0444483280805166,0.9773117254528122,0.9773099307789376,0.9773108809004004,0.9951077528881832,0.9933634763789544,10490.0,0.8710762331838565,0.8750869182146699,0.5328417955852685,0.5285075787019043,0.0996842474878922,892.0,0.7021150588989258,0.6653890609741211,2026-04-21T08:57:24.373067+00:00
SR-ATAD5,klekota_roth,XGBoost,smoten,roc_auc,"{'colsample_bytree': 0.8, 'learning_rate': 0.05, 'max_depth': 3, 'min_child_weight': 5, 'n_estimators': 100, 'scale_pos_weight': 1, 'subsample': 0.8}",0.03493136213719022,1740,0.8666666666666667,0.9113408921537316,0.4963669754072182,0.6900989586925039,0.03493136213719022,0.9035220602158682,0.9032529962197605,0.9032529962197604,0.9594824095454828,0.9498581089719172,10562.0,0.7881165919282511,0.8268125503110937,0.5002356707723776,0.5286241741158181,0.08123786641389211,892.0,7.289867877960205,7.087163209915161,2026-04-30T03:50:26.270313+00:00
SR-ATAD5,klekota_roth,DecisionTree,smoten_enn,roc_auc,"{'ccp_alpha': 0.001, 'criterion': 'entropy', 'max_depth': 10, 'min_samples_leaf': 50}",0.0367847444893978,1740,0.8770114942528736,0.91760240488337,0.5136261990846204,0.6822288118060823,0.0367847444893978,0.8806643625192012,0.8803170743396386,0.8803964234385684,0.940020340781848,0.9026147183403708,10416.0,0.7713004484304933,0.8162008595231447,0.4908846734933692,0.4920812281383598,0.0735551034758229,892.0,1.2951419353485107,1.1541321277618408,2026-04-22T10:36:05.000522+00:00
SR-ATAD5,maccs,RUSBoost,none,roc_auc,"{'learning_rate': 0.03, 'n_estimators': 50, 'sampling_strategy': 'auto'}",0.1994962623585311,1740,0.9810344827586208,0.972184432353593,0.5237818784988596,0.8614578304944486,0.1994962623585311,0.8001821493624772,0.8601068982817206,0.5534082842369148,0.8436423252446932,0.1942927258354508,5490.0,0.765695067264574,0.8198227678601517,0.5709001687140216,0.756082394092499,0.1773271823590853,892.0,0.1283159255981445,0.1234910488128662,2026-04-29T19:12:15.111291+00:00
SR-ATAD5,maccs,XGBoost,random_over,roc_auc,"{'colsample_bytree': 0.8, 'learning_rate': 0.05, 'max_depth': 7, 'min_child_weight': 10, 'n_estimators': 200, 'scale_pos_weight': 1, 'subsample': 0.8}",0.24801537336086932,1740,0.9810344827586207,0.9755902265524543,0.6114783714840551,0.8331925384456244,0.24801537336086932,0.9771823518273054,0.977173413809577,0.977173413809577,0.9971342245413877,0.9963863018391118,10562.0,0.9069506726457399,0.9035604939592662,0.6142652460468387,0.7346579867858531,0.22270013297980276,892.0,0.7139933109283447,0.9179508686065674,2026-04-30T03:56:51.210324+00:00
SR-ATAD5,maccs,XGBoost,random_under,roc_auc,"{'colsample_bytree': 0.8, 'learning_rate': 0.1, 'max_depth': 5, 'min_child_weight': 1, 'n_estimators': 100, 'scale_pos_weight': 1, 'subsample': 0.8}",0.23847375947678567,1740,0.9758620689655172,0.9742811050615043,0.643859649122807,0.8387869802082615,0.23847375947678567,0.9856459330143541,0.9856197136579693,0.9837930984964889,0.9987637645658296,0.9974469014599356,627.0,0.8183856502242153,0.8502178022178135,0.5591809839906287,0.7040322580645162,0.16627065135115518,892.0,0.04290580749511719,0.038934946060180664,2026-04-30T03:56:56.681796+00:00
SR-ATAD5,maccs,RandomForest,smote,roc_auc,"{'max_depth': 15, 'max_features': 'sqrt', 'min_samples_leaf': 10, 'n_estimators': 100}",0.0839556823878868,1740,0.9632183908045976,0.9646771399337865,0.5581723825998636,0.7230277222260534,0.0839556823878868,0.935996970270782,0.9359157555731452,0.9359157555731452,0.97977366385216,0.974757048875048,10562.0,0.8721973094170403,0.8781365437567382,0.5523271171218764,0.6315099106101827,0.1411502422803476,892.0,0.557765007019043,0.3567061424255371,2026-04-21T19:13:24.336801+00:00
SR-ATAD5,maccs,RandomForest,smoteenn,roc_auc,"{'max_depth': 15, 'max_features': 'sqrt', 'min_samples_leaf': 5, 'n_estimators': 200}",0.0831137218626082,1740,0.9683908045977012,0.96767524560729,0.5688703682847167,0.7138387007792566,0.0831137218626082,0.9539157206080432,0.9538805799029716,0.9538959941025852,0.9892024417822056,0.985668899578575,10394.0,0.8834080717488789,0.8842630836875348,0.5559384992436862,0.6198503692188108,0.1272925617964241,892.0,0.9336748123168944,0.7959401607513428,2026-04-21T19:13:31.238005+00:00
SR-ATAD5,maccs,XGBoost,smoten,roc_auc,"{'colsample_bytree': 0.8, 'learning_rate': 0.1, 'max_depth': 7, 'min_child_weight': 5, 'n_estimators': 100, 'scale_pos_weight': 1, 'subsample': 0.8}",0.16104270499727388,1740,0.9810344827586207,0.972184432353593,0.5237818784988596,0.8047807047789808,0.16104270499727388,0.9794546487407688,0.9794546441364927,0.9794546441364929,0.9976215320463175,0.9977686651935542,10562.0,0.9204035874439462,0.901703507348809,0.551419080200874,0.6881169840652934,0.17205563623740577,892.0,0.3838160037994385,0.3453049659729004,2026-04-30T03:57:19.136809+00:00
SR-ATAD5,maccs,XGBoost,smoten_enn,roc_auc,"{'colsample_bytree': 0.8, 'learning_rate': 0.05, 'max_depth': 7, 'min_child_weight': 1, 'n_estimators': 100, 'scale_pos_weight': 1, 'subsample': 0.8}",0.1015433316797978,1740,0.9810344827586207,0.972184432353593,0.5237818784988596,0.7403196331287498,0.1015433316797978,0.9792686438237834,0.9792666599281753,0.9792681073622159,0.9981241462209944,0.9973815368732797,10419.0,0.9170403587443946,0.9022027390555724,0.5670470943198216,0.6457151185386708,0.14449712311203247,892.0,0.3511381149291992,0.341994047164917,2026-04-30T03:57:30.899159+00:00
SR-ATAD5,map4,XGBoost,none,roc_auc,"{'colsample_bytree': 0.8, 'learning_rate': 0.1, 'max_depth': 5, 'min_child_weight': 1, 'n_estimators': 200, 'scale_pos_weight': 1, 'subsample': 0.8}",0.1254259324594471,1740,0.9798850574712644,0.970498640375023,0.4949201741654572,0.7389317978070478,0.1254259324594471,0.9989071038251366,0.9988994560901131,0.9924345707503142,0.9998559428990268,0.9978245290523374,5490.0,0.9316143497757847,0.8997189590728127,0.49815076136982006,0.6692576758647493,0.214806079644747,892.0,1.876060962677002,1.8325412273406982,2026-04-30T03:57:37.206773+00:00
SR-ATAD5,map4,RandomForest,random_over,roc_auc,"{'max_depth': 10, 'max_features': 'log2', 'min_samples_leaf': 20, 'n_estimators': 200}",0.0940815514335023,1740,0.9804597701149426,0.9707860521277376,0.4950667440510737,0.7542928073925937,0.0940815514335023,0.9589092974815376,0.9588582615327974,0.9588582615327974,0.998429235137157,0.9982683489601912,10562.0,0.9304932735426008,0.899124322139952,0.4976017441860465,0.6761173727166732,0.2069675230264249,892.0,1.1958270072937012,1.3167970180511477,2026-04-21T19:14:23.420166+00:00
SR-ATAD5,map4,XGBoost,random_under,roc_auc,"{'colsample_bytree': 0.8, 'learning_rate': 0.1, 'max_depth': 3, 'min_child_weight': 1, 'n_estimators': 200, 'scale_pos_weight': 1, 'subsample': 0.8}",0.09002214136837558,1740,0.9758620689655172,0.9693632969735896,0.5166155148692984,0.7418971105441003,0.09002214136837558,0.9984051036682615,0.9984060518580975,0.998207880182356,1.0,1.0,627.0,0.8553811659192825,0.87416222569316,0.5913415608630027,0.7157986785853091,0.24025393503180112,892.0,0.2329089641571045,0.22358202934265137,2026-04-30T03:58:02.438154+00:00
SR-ATAD5,map4,KNeighbors,smote,roc_auc,"{'n_neighbors': 15, 'weights': 'distance'}",0.024440671304168,1740,0.803448275862069,0.8739284507964866,0.4675737870366725,0.597760499275912,0.024440671304168,0.9922363188790002,0.9922360338091698,0.99223603380917,0.9936119348440412,0.9875151068491894,10562.0,0.7544843049327354,0.8076029674353574,0.5054167985315526,0.6111737271667315,0.0994959025145003,892.0,47.47177410125733,43.76188802719116,2026-04-24T05:55:50.378923+00:00
SR-ATAD5,map4,KNeighbors,smoteenn,roc_auc,"{'n_neighbors': 15, 'weights': 'distance'}",0.0315848473048183,1740,0.803448275862069,0.8739969285820165,0.4727814614127911,0.6621526101648162,0.0315848473048183,0.9961973571632284,0.9961973728344512,0.9961973447568436,0.9973838182642552,0.994904024801936,10519.0,0.757847533632287,0.8101002308920211,0.5106220854033954,0.5967839098328799,0.1060610144543951,892.0,47.40827393531799,47.05704593658447,2026-04-24T05:57:31.425391+00:00
SR-ATAD5,map4,DecisionTree,smoten,roc_auc,"{'ccp_alpha': 0.0, 'criterion': 'entropy', 'max_depth': 10, 'min_samples_leaf': 20}",0.0300036915103949,1740,0.5913793103448276,0.7260564472138091,0.3963636612036522,0.6477829115233432,0.0300036915103949,0.929085400492331,0.928971474923686,0.928971474923686,0.9629682511299004,0.9361556761352436,10562.0,0.781390134529148,0.8221703925969815,0.4924942010591273,0.5254080839486981,0.0902577183968488,892.0,0.8440601825714111,0.7132608890533447,2026-04-22T10:37:33.403869+00:00
SR-ATAD5,map4,DecisionTree,smoten_enn,roc_auc,"{'ccp_alpha': 0.001, 'criterion': 'gini', 'max_depth': 10, 'min_samples_leaf': 20}",0.0376848607662069,1740,0.5982758620689655,0.7313514028446353,0.4007387666233576,0.683004620371009,0.0376848607662069,0.9314138128945858,0.9312449540053306,0.9312766701097472,0.95988306580572,0.9306102536246388,10454.0,0.7645739910313901,0.811555337954875,0.4835401157981803,0.5044111931597357,0.0829551991903087,892.0,0.7044589519500732,0.7433829307556152,2026-04-22T10:37:46.356513+00:00
SR-ATAD5,mhfp,XGBoost,none,roc_auc,"{'colsample_bytree': 0.8, 'learning_rate': 0.05, 'max_depth': 5, 'min_child_weight': 1, 'n_estimators': 200, 'scale_pos_weight': 1, 'subsample': 0.8}",0.10719026625913958,1740,0.9804597701149426,0.9707860521277376,0.4950667440510737,0.8237621543341839,0.10719026625913958,0.9998178506375228,0.9998176408550583,0.9987536241952193,0.9999995469902485,0.9999772157666895,5490.0,0.9304932735426009,0.8969911928459451,0.4819976771196283,0.6963466770307034,0.19425298728864557,892.0,4.826683759689331,4.838558912277222,2026-04-30T04:00:14.310233+00:00
SR-ATAD5,mhfp,RandomForest,random_over,roc_auc,"{'max_depth': 10, 'max_features': 'sqrt', 'min_samples_leaf': 20, 'n_estimators': 100}",0.0911119045066278,1740,0.9764367816091954,0.9696727057166858,0.5172913100256443,0.8097976001655058,0.0911119045066278,0.9993372467335732,0.999337246442464,0.999337246442464,0.9998084188220564,0.9997830469661968,10562.0,0.9304932735426008,0.8969911928459451,0.4819976771196283,0.6159347065682083,0.1352895282152204,892.0,1.922013998031616,1.6792008876800537,2026-04-21T19:15:41.682395+00:00
SR-ATAD5,mhfp,RandomForest,random_under,roc_auc,"{'max_depth': 10, 'max_features': 'sqrt', 'min_samples_leaf': 5, 'n_estimators': 200}",0.1243219850203082,1740,0.9810344827586208,0.972184432353593,0.5237818784988596,0.8016429901386112,0.1243219850203082,0.9984051036682616,0.9984060518580976,0.998207880182356,0.999610814770724,0.9991571082316985,627.0,0.9271300448430492,0.9043705136177854,0.5476496976789546,0.6582199766809173,0.1718210564816749,892.0,0.4747419357299804,0.3743081092834472,2026-04-21T19:16:00.632115+00:00
SR-ATAD5,mhfp,XGBoost,smote,roc_auc,"{'colsample_bytree': 0.8, 'learning_rate': 0.1, 'max_depth': 5, 'min_child_weight': 1, 'n_estimators': 200, 'scale_pos_weight': 1, 'subsample': 0.8}",0.091279465043221,1740,0.9764367816091954,0.9696727057166858,0.5172913100256443,0.8114698986276808,0.091279465043221,0.9999053209619391,0.9999053209610903,0.9999053209610903,0.9999999820717596,0.9999999641503076,10562.0,0.9304932735426009,0.8969911928459451,0.4819976771196283,0.6414496696463272,0.14393360211363984,892.0,8.871121883392334,8.931313276290894,2026-04-30T04:01:29.123661+00:00
SR-ATAD5,mhfp,XGBoost,smoteenn,roc_auc,"{'colsample_bytree': 0.8, 'learning_rate': 0.05, 'max_depth': 5, 'min_child_weight': 1, 'n_estimators': 200, 'scale_pos_weight': 1, 'subsample': 0.8}",0.08440950418938677,1740,0.9764367816091954,0.9696727057166858,0.5172913100256443,0.8027291221295082,0.08440950418938677,1.0,1.0,1.0,1.0,0.9999999999999999,10548.0,0.9304932735426009,0.8969911928459451,0.4819976771196283,0.6579479207151184,0.15208050226645342,892.0,9.104125022888184,8.93662691116333,2026-04-30T04:01:47.622107+00:00
SR-ATAD5,mhfp,XGBoost,smoten,roc_auc,"{'colsample_bytree': 0.8, 'learning_rate': 0.1, 'max_depth': 5, 'min_child_weight': 1, 'n_estimators': 200, 'scale_pos_weight': 1, 'subsample': 0.8}",0.08739733213294171,1740,0.9764367816091954,0.9696727057166858,0.5172913100256443,0.8008671815736845,0.08739733213294171,0.9999053209619391,0.9999053209610903,0.9999053209610903,0.9999999820717594,0.9999999641503075,10562.0,0.9304932735426009,0.8969911928459451,0.4819976771196283,0.6540419743490089,0.18840187268165728,892.0,8.447204828262329,8.327783107757568,2026-04-30T04:03:00.671824+00:00
SR-ATAD5,mhfp,XGBoost,smoten_enn,roc_auc,"{'colsample_bytree': 0.8, 'learning_rate': 0.1, 'max_depth': 7, 'min_child_weight': 1, 'n_estimators': 100, 'scale_pos_weight': 1, 'subsample': 0.8}",0.07226598348148502,1740,0.9764367816091954,0.9696727057166858,0.5172913100256443,0.8097458795945107,0.07226598348148502,0.999905042256196,0.9999050422818833,0.9999050414855815,0.9999999819658976,0.9999999637257303,10531.0,0.9304932735426009,0.8969911928459451,0.4819976771196283,0.681597357170618,0.17426195471081762,892.0,5.327829122543335,5.271106004714966,2026-04-30T04:05:26.959167+00:00
SR-ATAD5,morgan_2048,RandomForest,none,roc_auc,"{'max_depth': 10, 'max_features': 'sqrt', 'min_samples_leaf': 5, 'n_estimators': 100}",0.173333317354478,1740,0.9810344827586208,0.972184432353593,0.5237818784988596,0.831890904075581,0.173333317354478,0.943351548269581,0.9515364408327542,0.7271376566142977,0.9471591305474444,0.5714017212680143,5490.0,0.9136771300448432,0.9097597011688812,0.6362519396471829,0.7054799844539448,0.251672707858516,892.0,0.3540911674499511,0.3718647956848144,2026-04-21T19:17:23.600793+00:00
SR-ATAD5,morgan_2048,RandomForest,random_over,roc_auc,"{'max_depth': 15, 'max_features': 'sqrt', 'min_samples_leaf': 10, 'n_estimators': 200}",0.2549952904710757,1740,0.9810344827586208,0.972184432353593,0.5237818784988596,0.8516740224812083,0.2549952904710757,0.9335353152811968,0.9334816502174424,0.9334816502174424,0.9868490618922662,0.985487419520796,10562.0,0.9159192825112108,0.9096661425868472,0.627171350709712,0.7187621453556161,0.2344002177871968,892.0,5.729465007781982,4.689863204956055,2026-04-21T19:17:47.517963+00:00
SR-ATAD5,morgan_2048,LogisticRegression,random_under,roc_auc,"{'C': 1, 'l1_ratio': 0.0}",0.199074107107485,1740,0.964367816091954,0.966977349560514,0.6033823529411765,0.8246500241362664,0.199074107107485,0.9968102073365231,0.9968139773895168,0.9964200068516617,0.9989755271170532,0.9974408516764424,627.0,0.773542600896861,0.822408549260131,0.5423410243124346,0.7675670423630004,0.2067730855212796,892.0,0.0678589344024658,0.0159080028533935,2026-04-21T08:58:36.628871+00:00
SR-ATAD5,morgan_2048,DecisionTree,smote,roc_auc,"{'ccp_alpha': 0.001, 'criterion': 'entropy', 'max_depth': 15, 'min_samples_leaf': 50}",0.1105362458015491,1740,0.8747126436781609,0.9166910107306616,0.5267586234429895,0.7714985173436316,0.1105362458015491,0.8729407309221738,0.8727198421037565,0.8727198421037565,0.9398334344545858,0.9241560518175485,10562.0,0.8015695067264574,0.8374049189336681,0.5281734967411087,0.5564613291877187,0.0898280875375187,892.0,1.554792881011963,1.543126106262207,2026-04-22T10:40:22.788339+00:00
SR-ATAD5,morgan_2048,DecisionTree,smoteenn,roc_auc,"{'ccp_alpha': 0.001, 'criterion': 'entropy', 'max_depth': 15, 'min_samples_leaf': 50}",0.0949162719585964,1740,0.8454022988505747,0.899635822069394,0.5137700738912419,0.7828080822012276,0.0949162719585964,0.8756900818579859,0.8756354405814231,0.8756476802273732,0.9438737226257532,0.92863037740182,10506.0,0.8026905829596412,0.835920836758918,0.5087306455044999,0.5167508744656043,0.0782264468939463,892.0,1.5679450035095217,1.498255968093872,2026-04-22T10:40:23.041287+00:00
SR-ATAD5,morgan_2048,XGBoost,smoten,roc_auc,"{'colsample_bytree': 0.8, 'learning_rate': 0.05, 'max_depth': 7, 'min_child_weight': 10, 'n_estimators': 200, 'scale_pos_weight': 1, 'subsample': 0.8}",0.0804549216607499,1740,0.9362068965517242,0.9511759938258844,0.5661247531736422,0.7204934142472933,0.0804549216607499,0.9711228933914031,0.971122818581289,0.971122818581289,0.9924160674182161,0.9938564455833,10562.0,0.9069506726457399,0.8909859512658165,0.5194433446057781,0.5586280606296152,0.08484132087105613,892.0,5.601489067077637,5.624114990234375,2026-04-30T04:08:52.939105+00:00
SR-ATAD5,morgan_2048,LogisticRegression,smoten_enn,roc_auc,"{'C': 0.01, 'l1_ratio': 1.0}",0.0564554606404788,1740,0.9798850574712644,0.9715490827091576,0.5219442503787552,0.7057530515136886,0.0564554606404788,0.8643288301235987,0.8642889639297842,0.8643087388275097,0.9431450172897584,0.9346849279703874,10437.0,0.8172645739910314,0.8454721929041534,0.5221370984970239,0.5364652157015157,0.0952408648484729,892.0,0.1831588745117187,0.1727731227874755,2026-04-21T08:58:43.256387+00:00
SR-ATAD5,morgan_4096,XGBoost,none,roc_auc,"{'colsample_bytree': 0.8, 'learning_rate': 0.05, 'max_depth': 7, 'min_child_weight': 1, 'n_estimators': 100, 'scale_pos_weight': 8, 'subsample': 0.8}",0.20922092236229195,1740,0.9804597701149426,0.9707860521277376,0.4950667440510737,0.8320891662643957,0.20922092236229195,0.9896174863387979,0.9895076730661032,0.927621793165275,0.9971011906002288,0.936993859676772,5490.0,0.9282511210762332,0.9066017613319485,0.5602120054233946,0.7260882238631947,0.21172118147577768,892.0,4.463986158370972,4.3476691246032715,2026-04-30T04:09:52.141219+00:00
SR-ATAD5,morgan_4096,XGBoost,random_over,roc_auc,"{'colsample_bytree': 0.8, 'learning_rate': 0.05, 'max_depth': 3, 'min_child_weight': 5, 'n_estimators': 200, 'scale_pos_weight': 1, 'subsample': 0.8}",0.1719910375544344,1740,0.9798850574712644,0.9715490827091577,0.5219442503787552,0.8362871526101648,0.1719910375544344,0.9139367544025753,0.9139222720337611,0.913922272033761,0.9669982685981023,0.9633493302158301,10562.0,0.8464125560538116,0.8673768318482035,0.5746393080283333,0.7027011270890011,0.18795661330280866,892.0,10.755142211914062,10.781790018081665,2026-04-30T04:09:53.392201+00:00
SR-ATAD5,morgan_4096,LogisticRegression,random_under,roc_auc,"{'C': 1, 'l1_ratio': 0.0}",0.1659002903023492,1740,0.9758620689655172,0.9722048723416769,0.5900278251503456,0.8209261430246189,0.1659002903023492,0.9984051036682616,0.9984060518580976,0.998207880182356,1.0,1.0,627.0,0.8195067264573991,0.8521027793690426,0.5708244800865452,0.720093276331131,0.1825423803713783,892.0,0.1228210926055908,0.0222280025482177,2026-04-21T08:58:53.630336+00:00
SR-ATAD5,morgan_4096,RandomForest,smote,roc_auc,"{'max_depth': 15, 'max_features': 'sqrt', 'min_samples_leaf': 5, 'n_estimators': 200}",0.0473950889073416,1740,0.8166666666666667,0.882206734237777,0.4894361500840269,0.7123560444107303,0.0473950889073416,0.9234993372467336,0.9234263877990088,0.9234263877990088,0.9796022519447748,0.979970234193037,10562.0,0.8385650224215246,0.8549371534604255,0.5056650246305419,0.5032646715895841,0.0881415593638045,892.0,7.142064094543457,7.793920040130615,2026-04-21T19:20:28.193713+00:00
SR-ATAD5,morgan_4096,XGBoost,smoteenn,roc_auc,"{'colsample_bytree': 0.8, 'learning_rate': 0.05, 'max_depth': 3, 'min_child_weight': 10, 'n_estimators': 100, 'scale_pos_weight': 1, 'subsample': 0.8}",0.05300626236285138,1740,0.825287356321839,0.8875622840408993,0.5019190279436081,0.7068650437900834,0.05300626236285138,0.9024436626414377,0.9022945530323409,0.9023100137060951,0.9603805113651734,0.9518555949874615,10517.0,0.8105381165919282,0.8417581961383498,0.5220645815829938,0.5606976292265837,0.08792314386470736,892.0,6.858567953109741,6.600713014602661,2026-04-30T04:11:43.305186+00:00
SR-ATAD5,morgan_4096,LogisticRegression,smoten,roc_auc,"{'C': 1, 'l1_ratio': 0.0}",0.0567266538531622,1740,0.9747126436781608,0.9687466691814256,0.5153326074295409,0.7426556789186952,0.0567266538531622,0.9982957773149024,0.9982957773149024,0.9982957773149024,0.9999790418868598,0.999978624141228,10562.0,0.9237668161434978,0.9007643714151952,0.5327252557623567,0.5869024485036922,0.1203659385714637,892.0,0.4508850574493408,0.461899995803833,2026-04-21T08:58:58.493816+00:00
SR-ATAD5,morgan_4096,LogisticRegression,smoten_enn,roc_auc,"{'C': 1, 'l1_ratio': 1.0}",0.0654652370152796,1740,0.9741379310344828,0.9691954651990144,0.5342584716777997,0.731768498724226,0.0654652370152796,0.996078431372549,0.9960783454714,0.9960778617122964,0.9998612203663212,0.9998498109582268,10455.0,0.9181614349775784,0.8926007306784358,0.4919758143163643,0.471317528177225,0.0831044771204317,892.0,0.4805917739868164,0.4275028705596924,2026-04-21T08:59:01.039876+00:00
SR-ATAD5,pubchem,XGBoost,none,roc_auc,"{'colsample_bytree': 0.8, 'learning_rate': 0.05, 'max_depth': 3, 'min_child_weight': 1, 'n_estimators': 100, 'scale_pos_weight': 4, 'subsample': 0.8}",0.20839277371169387,1740,0.9804597701149426,0.9707860521277376,0.4950667440510737,0.8321926074063858,0.20839277371169387,0.9686703096539162,0.9599412074182331,0.6686648486064891,0.9252986919796435,0.4857130183136069,5490.0,0.9260089686098655,0.8947467333482985,0.4807916181606519,0.7480761756704237,0.19345612991408898,892.0,0.6299540996551514,0.64223313331604,2026-04-30T04:17:41.588480+00:00
SR-ATAD5,pubchem,XGBoost,random_over,roc_auc,"{'colsample_bytree': 0.8, 'learning_rate': 0.05, 'max_depth': 3, 'min_child_weight': 10, 'n_estimators': 100, 'scale_pos_weight': 1, 'subsample': 0.8}",0.19982001824317974,1740,0.9747126436781609,0.9695181255526084,0.5352564102564102,0.817917729811737,0.19982001824317974,0.8350691156977845,0.8350686366752627,0.8350686366752627,0.9125430129863927,0.902455330709417,10562.0,0.7903587443946188,0.834168492638221,0.5606246987269485,0.7125145744267392,0.17542176680280355,892.0,1.140549898147583,1.091888189315796,2026-04-30T04:18:58.205115+00:00
SR-ATAD5,pubchem,XGBoost,random_under,roc_auc,"{'colsample_bytree': 0.8, 'learning_rate': 0.05, 'max_depth': 7, 'min_child_weight': 1, 'n_estimators': 100, 'scale_pos_weight': 1, 'subsample': 0.8}",0.2994362577760456,1740,0.9833333333333333,0.9785489869703388,0.6585719022132606,0.8050824081097855,0.2994362577760456,0.9681020733652312,0.9678996894265981,0.9636698651091642,0.9959994047755316,0.9922320092662691,627.0,0.8486547085201793,0.8728260933274663,0.6113666069613206,0.7554897007384376,0.20160739710943393,892.0,0.18377184867858887,0.16991901397705078,2026-04-30T04:19:40.896694+00:00
SR-ATAD5,pubchem,LogisticRegression,smote,roc_auc,"{'C': 1, 'l1_ratio': 0.0}",0.0875430390856436,1740,0.957471264367816,0.9621786957078922,0.56863743567753,0.7040548927660161,0.0875430390856436,0.9489679984851354,0.9489414150847136,0.9489414150847134,0.9839788581582511,0.981797328951428,10562.0,0.8845291479820628,0.8881213267487912,0.5815887386546317,0.6188593082005441,0.1984260822600188,892.0,0.7951560020446777,0.9237380027770996,2026-04-21T08:59:11.957963+00:00
SR-ATAD5,pubchem,LogisticRegression,smoteenn,roc_auc,"{'C': 1, 'l1_ratio': 0.0}",0.0788988603003481,1740,0.9580459770114944,0.9621363397829804,0.5598371307285801,0.7030032411557824,0.0788988603003481,0.9531939382313448,0.9531834841624448,0.953189457916102,0.9859266464721522,0.9832058882209098,10426.0,0.8811659192825112,0.8859759509620383,0.5781339234723015,0.6109696851923825,0.1935949565878099,892.0,0.7923920154571533,0.8359842300415039,2026-04-21T08:59:18.201633+00:00
SR-ATAD5,pubchem,XGBoost,smoten,roc_auc,"{'colsample_bytree': 0.8, 'learning_rate': 0.1, 'max_depth': 7, 'min_child_weight': 5, 'n_estimators': 200, 'scale_pos_weight': 1, 'subsample': 0.8}",0.19859949869783894,1740,0.9810344827586207,0.9748641895479327,0.5927630692416258,0.7000982690848907,0.19859949869783894,0.9865555765953418,0.9865553639992368,0.9865553639992369,0.9989354569358105,0.9989387472559624,10562.0,0.9349775784753364,0.9153578462070784,0.6014421299149513,0.7433443451224251,0.2752174626180019,892.0,2.7899367809295654,2.80814790725708,2026-04-30T04:20:08.896458+00:00
SR-ATAD5,pubchem,DecisionTree,smoten_enn,roc_auc,"{'ccp_alpha': 0.001, 'criterion': 'gini', 'max_depth': 15, 'min_samples_leaf': 10}",0.0675042664104363,1740,0.9683908045977012,0.9671595978701426,0.5554440681745335,0.6324563823184608,0.0675042664104363,0.9611725132148006,0.9611470966371728,0.9611583056334864,0.9726770043463664,0.9494979326637848,10405.0,0.9002242152466368,0.8965889634021047,0.5863808060020319,0.6276719782355228,0.1447131522932349,892.0,0.4186329841613769,0.3399672508239746,2026-04-22T10:47:52.824387+00:00
SR-ATAD5,rdkit,RandomForest,none,roc_auc,"{'max_depth': 10, 'max_features': 'log2', 'min_samples_leaf': 20, 'n_estimators': 200}",0.11749279082231,1740,0.9810344827586208,0.972184432353593,0.5237818784988596,0.7871008895938211,0.11749279082231,0.9681238615664846,0.9713872116013011,0.827459286587476,0.9879952415855704,0.7657366507159602,5490.0,0.922645739910314,0.904472422634758,0.5640551624487367,0.7272833268558103,0.2250317319709531,892.0,0.576897144317627,0.6671543121337891,2026-04-21T19:24:37.426618+00:00
SR-ATAD5,rdkit,RandomForest,random_over,roc_auc,"{'max_depth': 10, 'max_features': 'log2', 'min_samples_leaf': 5, 'n_estimators': 200}",0.1325278884704334,1740,0.9804597701149426,0.971866002732277,0.5228416569879984,0.782437418109096,0.1325278884704334,0.9743419806854764,0.974341759652063,0.9743417596520628,0.9969953165340222,0.996513162684368,10562.0,0.9248878923766816,0.9085183783841692,0.5861648720700758,0.6419549164399534,0.2171786950527031,892.0,0.9687700271606444,1.483046054840088,2026-04-21T19:24:43.149977+00:00
SR-ATAD5,rdkit,XGBoost,random_under,roc_auc,"{'colsample_bytree': 0.8, 'learning_rate': 0.1, 'max_depth': 7, 'min_child_weight': 5, 'n_estimators': 100, 'scale_pos_weight': 1, 'subsample': 0.8}",0.1086880884350549,1740,0.9798850574712644,0.9724911871741683,0.5461963203898688,0.8191676436107855,0.1086880884350549,0.9920255183413078,0.9920207203412896,0.991017938337502,0.9991415031707148,0.998107748277359,627.0,0.8374439461883408,0.8620844360754675,0.5709475709475709,0.7422464049747377,0.22167462791863826,892.0,0.35153818130493164,0.32211780548095703,2026-04-30T04:21:32.521266+00:00
SR-ATAD5,rdkit,RandomForest,smote,roc_auc,"{'max_depth': 15, 'max_features': 'sqrt', 'min_samples_leaf': 20, 'n_estimators': 100}",0.0378231406273285,1740,0.8655172413793103,0.9106801323796306,0.4957770897832817,0.6783497689814495,0.0378231406273285,0.9448967998485136,0.944877428157807,0.9448774281578068,0.983079039767742,0.9790839601148,10562.0,0.8688340807174888,0.8702645464807427,0.5040653110877736,0.6018849591916051,0.0925391373706072,892.0,2.2251200675964355,1.8940529823303225,2026-04-21T19:25:04.823299+00:00
SR-ATAD5,rdkit,RandomForest,smoteenn,roc_auc,"{'max_depth': 15, 'max_features': 'sqrt', 'min_samples_leaf': 20, 'n_estimators': 200}",0.0399862915345865,1740,0.8557471264367816,0.9052127284471178,0.4977916123816894,0.670126198193228,0.0399862915345865,0.9492718680682805,0.9492697477064868,0.9492716599953942,0.9847908769303508,0.9805274029989642,10369.0,0.8733183856502242,0.8718622172500362,0.4990831068019063,0.5743490089389818,0.0871975995120141,892.0,3.897714853286743,4.124490976333618,2026-04-21T19:25:08.740312+00:00
SR-ATAD5,rdkit,DecisionTree,smoten,roc_auc,"{'ccp_alpha': 0.0, 'criterion': 'gini', 'max_depth': 10, 'min_samples_leaf': 50}",0.0298804159328818,1740,0.8270114942528736,0.888142711048674,0.4776551830061905,0.6511016481621957,0.0298804159328818,0.9343874266237456,0.9343753971553156,0.9343753971553156,0.975863173963347,0.964405532354382,10562.0,0.8733183856502242,0.8772593196370234,0.540966286096829,0.5989506412747765,0.1233466287379143,892.0,1.742534875869751,1.6645519733428955,2026-04-22T10:49:46.152986+00:00
SR-ATAD5,rdkit,DecisionTree,smoten_enn,roc_auc,"{'ccp_alpha': 0.01, 'criterion': 'entropy', 'max_depth': 10, 'min_samples_leaf': 10}",0.0314329202049071,1740,0.5833333333333334,0.7196644157970126,0.3926262954537248,0.6615233432177091,0.0314329202049071,0.9190252326585436,0.9186404018694876,0.918708112603258,0.960379989587147,0.9329499650731355,10423.0,0.7757847533632287,0.8186464133773551,0.4894688644688644,0.6027011270890011,0.0933208178842853,892.0,1.640380859375,1.5268352031707764,2026-04-22T10:49:55.914079+00:00
SR-ATAD5,topological_torsion,XGBoost,none,roc_auc,"{'colsample_bytree': 0.8, 'learning_rate': 0.1, 'max_depth': 7, 'min_child_weight': 1, 'n_estimators': 100, 'scale_pos_weight': 8, 'subsample': 0.8}",0.16415269707246888,1740,0.9804597701149426,0.971866002732277,0.5228416569879984,0.7501465416178195,0.16415269707246888,0.9892531876138434,0.9897324290686862,0.9332042276974688,0.9984516126694143,0.9596603161450863,5490.0,0.9304932735426009,0.9170136778992224,0.6294489708404802,0.6830645161290323,0.2626481526835282,892.0,1.7642490863800049,1.8136160373687744,2026-04-30T04:25:23.646207+00:00
SR-ATAD5,topological_torsion,XGBoost,random_over,roc_auc,"{'colsample_bytree': 0.8, 'learning_rate': 0.05, 'max_depth': 7, 'min_child_weight': 5, 'n_estimators': 200, 'scale_pos_weight': 1, 'subsample': 0.8}",0.1981690204932003,1740,0.9793103448275862,0.9712335397792404,0.5210862717514297,0.7478535963037032,0.1981690204932003,0.9697973868585495,0.9697811269497019,0.9697811269497021,0.9952461836064814,0.9942721375466342,10562.0,0.8822869955156951,0.8894256316313851,0.6008744454813925,0.6178196657598134,0.22540513244063645,892.0,5.162528038024902,5.024667739868164,2026-04-30T04:25:30.349250+00:00
SR-ATAD5,topological_torsion,LogisticRegression,random_under,roc_auc,"{'C': 0.1, 'l1_ratio': 0.0}",0.1373737272405134,1740,0.9735632183908046,0.9713228131696864,0.5967270601987142,0.7477329149713813,0.1373737272405134,0.8947368421052632,0.8967582959150148,0.8866991567188698,0.9702044367116138,0.9389495071775112,627.0,0.7208520179372198,0.7871984924293979,0.5176001198897535,0.6494170229304315,0.1443707337327162,892.0,0.0471868515014648,0.0133838653564453,2026-04-21T08:59:51.255963+00:00
SR-ATAD5,topological_torsion,LogisticRegression,smote,roc_auc,"{'C': 1, 'l1_ratio': 1.0}",0.0347961522894913,1740,0.6241379310344828,0.7517618502170251,0.4075889584860398,0.6148713881801255,0.0347961522894913,0.9732058322287446,0.9732037546977312,0.9732037546977312,0.9949875508090816,0.9951675148370036,10562.0,0.8385650224215246,0.8581057268290484,0.5318609228077849,0.5304994170229304,0.0934652288784252,892.0,0.2896132469177246,0.2451510429382324,2026-04-21T08:59:51.628226+00:00
SR-ATAD5,topological_torsion,XGBoost,smoteenn,roc_auc,"{'colsample_bytree': 0.8, 'learning_rate': 0.05, 'max_depth': 5, 'min_child_weight': 1, 'n_estimators': 100, 'scale_pos_weight': 1, 'subsample': 0.8}",0.02970030397209856,1740,0.42528735632183906,0.5782051659485644,0.3173086580956207,0.6213881801255086,0.02970030397209856,0.9195205479452054,0.9191718508531709,0.9191962012087598,0.9779315126119321,0.9711140109408068,10512.0,0.7130044843049327,0.7787679819447139,0.46700028943019595,0.5065487757481539,0.08532239895648909,892.0,2.8713419437408447,2.6930477619171143,2026-04-30T04:27:37.766518+00:00
SR-ATAD5,topological_torsion,LogisticRegression,smoten,roc_auc,"{'C': 1, 'l1_ratio': 1.0}",0.0452467234490573,1740,0.6804597701149425,0.792820133050018,0.4356594356594356,0.6450503413557686,0.0452467234490573,0.9790759325885248,0.979075900889847,0.9790759008898472,0.9959388591062964,0.9967414280735064,10562.0,0.8632286995515696,0.8718927351829572,0.5391937669376694,0.5076952973183055,0.0972063085852359,892.0,0.2888877391815185,0.2472538948059082,2026-04-21T08:59:56.080964+00:00
SR-ATAD5,topological_torsion,XGBoost,smoten_enn,roc_auc,"{'colsample_bytree': 0.8, 'learning_rate': 0.05, 'max_depth': 5, 'min_child_weight': 5, 'n_estimators': 200, 'scale_pos_weight': 1, 'subsample': 0.8}",0.03861277317119391,1740,0.5637931034482758,0.7041867092173318,0.38130072731105724,0.5951658506309909,0.03861277317119391,0.9658971165820481,0.9658833562398269,0.9658894009615884,0.994259344497995,0.9938295069113473,10439.0,0.827354260089686,0.8462771897275524,0.48295694068051787,0.4295180722891566,0.07197149296978789,892.0,4.795849084854126,4.480607986450195,2026-04-30T04:28:19.446692+00:00
SR-HSE,atom_pair,BalancedRandomForest,none,roc_auc,"{'max_depth': 10, 'max_features': 'log2', 'min_samples_leaf': 10, 'n_estimators': 200}",0.0835679301007086,1634,0.9498164014687882,0.9352748361789128,0.4990278774826513,0.6974825934145482,0.0835679301007086,0.7458999797529864,0.8141756933862343,0.5418775390139249,0.8122256332151385,0.3527760925994279,4939.0,0.7028571428571428,0.7963020536596329,0.4797574183161976,0.7310808744840238,0.2051693353547628,875.0,1.9455451965332031,1.8667471408843992,2026-04-22T00:16:18.294045+00:00
SR-HSE,atom_pair,RandomForest,random_over,roc_auc,"{'max_depth': 15, 'max_features': 'sqrt', 'min_samples_leaf': 5, 'n_estimators': 200}",0.1161962846510706,1634,0.9583843329253366,0.9386176560587516,0.489375,0.6888674051567307,0.1161962846510706,0.9668023131291495,0.966791046231524,0.966791046231524,0.9962639155898598,0.9962064328221462,9338.0,0.952,0.951228402366864,0.6375739644970414,0.7759516893441369,0.2254544332692238,875.0,4.368988037109375,3.605165243148804,2026-04-21T19:28:35.940171+00:00
SR-HSE,atom_pair,KNeighbors,random_under,roc_auc,"{'n_neighbors': 15, 'weights': 'distance'}",0.1038091058498192,1634,0.938188494492044,0.9326506593450528,0.5370910059885279,0.6883054415224453,0.1038091058498192,1.0,1.0,1.0,1.0,1.0,810.0,0.8651428571428571,0.9000968787681116,0.5535405424104054,0.7724736278856444,0.1334623161548394,875.0,5.359114170074463,4.435127019882202,2026-04-24T07:13:32.405082+00:00
SR-HSE,atom_pair,KNeighbors,smote,roc_auc,"{'n_neighbors': 15, 'weights': 'distance'}",0.0774643800272578,1634,0.8298653610771114,0.874414718886934,0.5263728609976936,0.678990179923611,0.0774643800272578,0.9980723923752408,0.9980723901646348,0.9980723901646348,0.9983700130475104,0.9973772528764298,9338.0,0.8262857142857143,0.8778478513356562,0.5553861788617886,0.7260739948020181,0.1124772669800426,875.0,63.0955228805542,58.694371700286865,2026-04-24T07:13:35.140488+00:00
SR-HSE,atom_pair,KNeighbors,smoteenn,roc_auc,"{'n_neighbors': 15, 'weights': 'distance'}",0.0736725311885881,1634,0.8280293757649939,0.8737279453281591,0.5326938441105078,0.6712131747135415,0.0736725311885881,0.9989226459814696,0.9989226507834252,0.9989226171697356,0.9988308391405238,0.9978298428035,9282.0,0.824,0.8764109930299737,0.5536069223226353,0.728787647148754,0.117308323853471,875.0,62.541054010391235,57.203097105026245,2026-04-24T07:13:59.824172+00:00
SR-HSE,atom_pair,XGBoost,smoten,roc_auc,"{'colsample_bytree': 0.8, 'learning_rate': 0.05, 'max_depth': 7, 'min_child_weight': 5, 'n_estimators': 200, 'scale_pos_weight': 1, 'subsample': 0.8}",0.07315465539244681,1634,0.8843329253365974,0.9045869764715647,0.5295119554536522,0.6595929097334007,0.07315465539244681,0.9772970657528378,0.9772958617843829,0.9772958617843828,0.9981152372747323,0.9982520789636454,9338.0,0.9417142857142857,0.9430074542668015,0.5925587765350377,0.7524078887020333,0.20321180559045354,875.0,5.45458722114563,5.2639000415802,2026-04-30T04:31:08.984898+00:00
SR-HSE,atom_pair,DecisionTree,smoten_enn,roc_auc,"{'ccp_alpha': 0.0, 'criterion': 'entropy', 'max_depth': 5, 'min_samples_leaf': 50}",0.0602824589859217,1634,0.6744186046511628,0.7723482131030709,0.4611312370906512,0.6403956604977664,0.0602824589859217,0.8484782371550126,0.8465218686444856,0.8468192366580858,0.8677185814765869,0.7856840424562634,9167.0,0.7291428571428571,0.814428499352571,0.4794660495144193,0.6427342913927534,0.0554828272542049,875.0,0.8544738292694092,0.7713310718536377,2026-04-22T10:53:26.892678+00:00
SR-HSE,avalon,RandomForest,none,roc_auc,"{'max_depth': 15, 'max_features': 'log2', 'min_samples_leaf': 10, 'n_estimators': 100}",0.3175474170038855,1634,0.960220318237454,0.9418876502964084,0.5188260824261205,0.8156806903580375,0.3175474170038855,0.9682121887021664,0.9700217812333202,0.8638831473060493,0.9860787860038236,0.7952451090318826,4939.0,0.9542857142857144,0.9549728859515336,0.6756376037959668,0.7968582785506804,0.3421165342057286,875.0,0.3285057544708252,0.2033338546752929,2026-04-21T19:30:13.000176+00:00
SR-HSE,avalon,RandomForest,random_over,roc_auc,"{'max_depth': 15, 'max_features': 'sqrt', 'min_samples_leaf': 5, 'n_estimators': 100}",0.3974605249303546,1634,0.9638922888616892,0.9500235201876608,0.5974277064411734,0.8269961615026336,0.3974605249303546,0.983079888627115,0.9830798110100062,0.983079811010006,0.9989147717240728,0.9988189537482262,9338.0,0.96,0.9567098431193782,0.6594990049032143,0.8067955970035163,0.2916621053294673,875.0,0.7729299068450928,0.6649208068847656,2026-04-21T19:30:34.617474+00:00
SR-HSE,avalon,XGBoost,random_under,roc_auc,"{'colsample_bytree': 0.8, 'learning_rate': 0.1, 'max_depth': 7, 'min_child_weight': 1, 'n_estimators': 200, 'scale_pos_weight': 1, 'subsample': 0.8}",0.31785262338310005,1634,0.9522643818849449,0.9472382492112842,0.6331049571074904,0.7953071274133481,0.31785262338310005,1.0,1.0,1.0,1.0,1.0,810.0,0.8857142857142857,0.9135451281310366,0.5903097726336293,0.8124140039749275,0.24907236095815696,875.0,0.2527740001678467,0.25556302070617676,2026-04-30T04:33:37.951585+00:00
SR-HSE,avalon,KNeighbors,smote,roc_auc,"{'n_neighbors': 15, 'weights': 'distance'}",0.0955504467530242,1634,0.7484700122399021,0.8236257201525675,0.5024474812095528,0.6874482088599758,0.0955504467530242,0.9973227671878346,0.9973227561040672,0.9973227561040674,0.9990306456171296,0.9980023927193352,9338.0,0.8251428571428572,0.875992544982879,0.5285908961262584,0.7182961320898946,0.1157695797519355,875.0,17.498162984848022,16.407710075378418,2026-04-24T07:20:49.106382+00:00
SR-HSE,avalon,KNeighbors,smoteenn,roc_auc,"{'n_neighbors': 15, 'weights': 'distance'}",0.0943695948567123,1634,0.7490820073439413,0.823991244984309,0.5011065999827233,0.680361752183562,0.0943695948567123,0.9990218454515812,0.9990218587645208,0.9990216561119992,0.9994567556720948,0.9988447056399916,9201.0,0.8308571428571428,0.8795111140447861,0.5325314774171191,0.7100214034551291,0.1158688191724583,875.0,17.428532123565674,16.257203102111816,2026-04-24T07:20:54.753966+00:00
SR-HSE,avalon,DecisionTree,smoten,roc_auc,"{'ccp_alpha': 0.0, 'criterion': 'gini', 'max_depth': 15, 'min_samples_leaf': 50}",0.0850847181898006,1634,0.8873929008567931,0.906966076625462,0.5399690309629167,0.7374486851003439,0.0850847181898006,0.8899121867637609,0.889825455413545,0.889825455413545,0.9387537437107106,0.905024541556656,9338.0,0.8457142857142858,0.8880730388760226,0.5330455510358977,0.6576593792998012,0.1025557385722777,875.0,0.2630908489227295,0.2636830806732178,2026-04-22T10:54:33.204039+00:00
SR-HSE,avalon,XGBoost,smoten_enn,roc_auc,"{'colsample_bytree': 0.8, 'learning_rate': 0.1, 'max_depth': 7, 'min_child_weight': 10, 'n_estimators': 100, 'scale_pos_weight': 1, 'subsample': 0.8}",0.13509422475465308,1634,0.9577723378212974,0.9405323857544196,0.5165991382082449,0.6829572621893722,0.13509422475465308,0.987012987012987,0.9870140785974958,0.9870110464183046,0.9990806141846109,0.9990143744118264,9163.0,0.9565714285714285,0.9504167086341,0.5930033294163729,0.6944274575752942,0.1524107446552301,875.0,0.9961202144622803,0.8161122798919678,2026-04-30T04:34:30.807696+00:00
SR-HSE,erg,LogisticRegression,none,roc_auc,"{'C': 0.1, 'l1_ratio': 0.0}",0.0772226578317475,1634,0.9363525091799264,0.9282280410046434,0.4929886744716146,0.6650601491584833,0.0772226578317475,0.7375987041911318,0.8078148850898795,0.5191410722173643,0.741645447117711,0.1764735703070764,4939.0,0.744,0.8245056225888533,0.4972502667651646,0.7030270600825561,0.0980273888014329,875.0,0.0375170707702636,0.0294241905212402,2026-04-21T09:00:26.299836+00:00
SR-HSE,erg,LogisticRegression,random_over,roc_auc,"{'C': 0.01, 'l1_ratio': 0.0}",0.0788482060683078,1634,0.94859241126071,0.9346338453679548,0.4984286612193589,0.67502309765785,0.0788482060683078,0.6441422146069822,0.6372298012866356,0.6372298012866358,0.7046459559437918,0.705454985305775,9338.0,0.7497142857142857,0.8282229325958524,0.4940473833041577,0.7160984558935943,0.0974080967787283,875.0,0.0406572818756103,0.0385410785675048,2026-04-21T09:00:26.699286+00:00
SR-HSE,erg,RandomForest,random_under,roc_auc,"{'max_depth': 15, 'max_features': 'sqrt', 'min_samples_leaf': 5, 'n_estimators': 200}",0.0745452906274901,1634,0.9473684210526316,0.9357026958481516,0.5190696528310152,0.6694367981407576,0.0745452906274901,0.8839506172839506,0.8831487801882836,0.8676847790575626,0.9448936899862826,0.8934833468947846,810.0,0.8354285714285714,0.88254637293391,0.5405216173639069,0.7538220455587831,0.1800908077673041,875.0,0.4194271564483642,0.3294532299041748,2026-04-21T19:32:04.845209+00:00
SR-HSE,erg,XGBoost,smote,roc_auc,"{'colsample_bytree': 0.8, 'learning_rate': 0.1, 'max_depth': 7, 'min_child_weight': 5, 'n_estimators': 200, 'scale_pos_weight': 1, 'subsample': 0.8}",0.09103574840131226,1634,0.956548347613219,0.9388086867907796,0.5025875190258752,0.6987732048119326,0.09103574840131226,0.9820089955022488,0.9820064986473079,0.982006498647308,0.9980635619221873,0.9981578821773832,9338.0,0.9588571428571429,0.9506586075120659,0.5803580944260898,0.7241247515670387,0.20501519986116598,875.0,1.9507110118865967,1.9607570171356201,2026-04-30T04:35:04.487906+00:00
SR-HSE,erg,XGBoost,smoteenn,roc_auc,"{'colsample_bytree': 0.8, 'learning_rate': 0.1, 'max_depth': 7, 'min_child_weight': 5, 'n_estimators': 100, 'scale_pos_weight': 1, 'subsample': 0.8}",0.08149379667012359,1634,0.9589963280293757,0.9389236151340405,0.4895345204623555,0.687586318566707,0.08149379667012359,0.9833090623949815,0.9832997127688766,0.9832565364056283,0.998156217804672,0.9981461616409336,8927.0,0.9645714285714285,0.9580559884559884,0.6464646464646464,0.7410181929368599,0.21487621686780836,875.0,1.1733770370483398,1.2102961540222168,2026-04-30T04:35:06.764110+00:00
SR-HSE,erg,LogisticRegression,smoten,roc_auc,"{'C': 1, 'l1_ratio': 1.0}",0.0916372045115238,1634,0.3353733170134639,0.4597041166328723,0.284425733710774,0.665426854241873,0.0916372045115238,0.8408652816448918,0.839179703451988,0.8391797034519881,0.9060025107845062,0.8877352167108317,9338.0,0.7028571428571428,0.796495425486068,0.4535768499125723,0.628860266014371,0.1306398394225858,875.0,0.0649569034576416,0.0513510704040527,2026-04-21T09:00:29.674904+00:00
SR-HSE,erg,LogisticRegression,smoten_enn,roc_auc,"{'C': 1, 'l1_ratio': 1.0}",0.09881010866262,1634,0.4228886168910649,0.5555986661165275,0.3380412083698675,0.6832049071807522,0.09881010866262,0.8449449325578517,0.8455100330752416,0.8448170268797693,0.9264480031797868,0.8860919327618039,8081.0,0.7325714285714285,0.8166312559923299,0.4714765100671141,0.601972175508332,0.1285486568973679,875.0,0.0552320480346679,0.0455751419067382,2026-04-21T09:00:30.044008+00:00
SR-HSE,estate,XGBoost,none,roc_auc,"{'colsample_bytree': 0.8, 'learning_rate': 0.1, 'max_depth': 3, 'min_child_weight': 1, 'n_estimators': 100, 'scale_pos_weight': 4, 'subsample': 0.8}",0.2170348353405707,1634,0.9589963280293757,0.9450764886873033,0.5654445066307838,0.7886683366828906,0.2170348353405707,0.956468920834177,0.9493844277282039,0.7219049739093998,0.9054028541284913,0.57457434066652,4939.0,0.9508571428571428,0.9504688804677739,0.6348115579108795,0.765574835652041,0.25482488374498885,875.0,0.0698690414428711,0.06416726112365723,2026-04-30T04:35:29.823779+00:00
SR-HSE,estate,XGBoost,random_over,roc_auc,"{'colsample_bytree': 0.8, 'learning_rate': 0.05, 'max_depth': 5, 'min_child_weight': 5, 'n_estimators': 200, 'scale_pos_weight': 1, 'subsample': 0.8}",0.17567599797115105,1634,0.9332925336597307,0.9348737281763116,0.5960463317661093,0.7754860032955834,0.17567599797115105,0.8954808310130649,0.895426931625079,0.895426931625079,0.9577891729104087,0.9595019144130951,9338.0,0.8617142857142858,0.89861888372759,0.5615016007521257,0.7510892829842531,0.24637814176961462,875.0,0.26692771911621094,0.22759389877319336,2026-04-30T04:35:43.223317+00:00
SR-HSE,estate,BernoulliNB,random_under,roc_auc,{'alpha': 1.0},0.2542561152596369,1634,0.9516523867809058,0.9462992447345088,0.6251107219506812,0.7901637314385317,0.2542561152596369,0.6851851851851852,0.5744135619948748,0.4571259609698403,0.7678600823045268,0.6447691441303174,810.0,0.9508571428571428,0.9445259811155504,0.5485848660451835,0.7414959486317076,0.1040920334581172,875.0,0.0048539638519287,0.0004949569702148,2026-04-21T14:33:33.776343+00:00
SR-HSE,estate,XGBoost,smote,roc_auc,"{'colsample_bytree': 0.8, 'learning_rate': 0.1, 'max_depth': 5, 'min_child_weight': 1, 'n_estimators': 200, 'scale_pos_weight': 1, 'subsample': 0.8}",0.20411661978868947,1634,0.9602203182374541,0.9439797836816997,0.5446223765729843,0.7771909438131612,0.20411661978868947,0.9815806382523025,0.9815760101880855,0.9815760101880855,0.997576625510945,0.998016233635666,9338.0,0.952,0.9504015651748594,0.6255196869650281,0.7720340926463843,0.2457982366206615,875.0,0.35830092430114746,0.34119677543640137,2026-04-30T04:35:47.331772+00:00
SR-HSE,estate,XGBoost,smoteenn,roc_auc,"{'colsample_bytree': 0.8, 'learning_rate': 0.1, 'max_depth': 5, 'min_child_weight': 1, 'n_estimators': 200, 'scale_pos_weight': 1, 'subsample': 0.8}",0.18938005163778315,1634,0.9596083231334149,0.9436127023126516,0.5437221817935656,0.7498595090914286,0.18938005163778315,0.9837194055944056,0.9837111488562154,0.9836996018388966,0.9981515089942362,0.998488840209304,9152.0,0.9588571428571429,0.9550222498349706,0.643245447132373,0.7977182388014065,0.2581602484926603,875.0,0.3416769504547119,0.34244203567504883,2026-04-30T04:35:49.227497+00:00
SR-HSE,estate,KNeighbors,smoten,roc_auc,"{'n_neighbors': 15, 'weights': 'distance'}",0.115730880192626,1634,0.8494492044063647,0.8865440584605256,0.5430731875886654,0.7780196020535484,0.115730880192626,0.9948597130006426,0.9948597045119104,0.9948597045119104,0.9997671283380432,0.9997010474796448,9338.0,0.8777142857142857,0.908343680484489,0.5763210411754857,0.7685560311878916,0.1515981902738137,875.0,0.1847622394561767,0.000601053237915,2026-04-24T07:22:43.222529+00:00
SR-HSE,estate,KNeighbors,smoten_enn,roc_auc,"{'n_neighbors': 15, 'weights': 'distance'}",0.1048651922620036,1634,0.8494492044063647,0.8865440584605256,0.5430731875886654,0.7435921858480412,0.1048651922620036,0.9995373583159842,0.9995373754564044,0.9995344101637518,0.9999938336805232,0.9999894094601846,8646.0,0.8788571428571429,0.9087042580590682,0.5716805822373282,0.7488916067879529,0.143080359535285,875.0,0.164665937423706,0.0007569789886474,2026-04-24T07:22:44.410461+00:00
SR-HSE,fcfp,RandomForest,none,roc_auc,"{'max_depth': 15, 'max_features': 'log2', 'min_samples_leaf': 5, 'n_estimators': 100}",0.1317979927883814,1634,0.9357405140758874,0.9324212835647582,0.5494331476652301,0.7815580679880749,0.1317979927883814,0.866774650739016,0.8936805352938615,0.6306605660566057,0.8680469289164942,0.3912436443077917,4939.0,0.848,0.8897312160778593,0.5399633947242548,0.754987769454212,0.1582558921555908,875.0,0.3555130958557129,0.3074278831481933,2026-04-21T19:33:09.665106+00:00
SR-HSE,fcfp,RandomForest,random_over,roc_auc,"{'max_depth': 10, 'max_features': 'log2', 'min_samples_leaf': 20, 'n_estimators': 100}",0.1407939817986556,1634,0.9210526315789472,0.927706881679169,0.5835215316677039,0.7722904304260447,0.1407939817986556,0.7683658170914542,0.7673100425340932,0.7673100425340931,0.8578394537394582,0.8609506543464925,9338.0,0.7817142857142857,0.8490049608855674,0.5092079489958035,0.7567841308668399,0.1533734575691346,875.0,0.5529861450195312,0.5300929546356201,2026-04-21T19:33:17.876165+00:00
SR-HSE,fcfp,RandomForest,random_under,roc_auc,"{'max_depth': 5, 'max_features': 'log2', 'min_samples_leaf': 5, 'n_estimators': 200}",0.1303753202770444,1634,0.7974296205630355,0.8553438562483037,0.5275274278411259,0.7606987398679861,0.1303753202770444,0.7382716049382716,0.7446014120626061,0.7226905412476019,0.8135871056241426,0.7158745431907192,810.0,0.6674285714285715,0.7710443098670458,0.4578859628392404,0.6997209906742089,0.1182176748638602,875.0,0.6673369407653809,0.3272287845611572,2026-04-21T19:33:20.290267+00:00
SR-HSE,fcfp,XGBoost,smote,roc_auc,"{'colsample_bytree': 0.8, 'learning_rate': 0.05, 'max_depth': 7, 'min_child_weight': 1, 'n_estimators': 100, 'scale_pos_weight': 1, 'subsample': 0.8}",0.09242774124957509,1634,0.8004895960832313,0.8573890190848593,0.5316289637320278,0.7366914629151624,0.09242774124957509,0.9354251445705719,0.9353506413569442,0.9353506413569443,0.9806727300609401,0.9783576473256452,9338.0,0.8685714285714285,0.9007665732048116,0.5321094945155096,0.7079766090811802,0.0911183714656274,875.0,3.0182108879089355,2.9715449810028076,2026-04-30T04:36:04.567266+00:00
SR-HSE,fcfp,XGBoost,smoteenn,roc_auc,"{'colsample_bytree': 0.8, 'learning_rate': 0.05, 'max_depth': 7, 'min_child_weight': 5, 'n_estimators': 100, 'scale_pos_weight': 1, 'subsample': 0.8}",0.09136106452765468,1634,0.7998776009791921,0.8571833208998642,0.535241074154516,0.7414014801550639,0.09136106452765468,0.9295039164490861,0.9294683377352458,0.9294861270921659,0.9762982205558728,0.9717972687944142,9192.0,0.8662857142857143,0.8994160695857291,0.5304437564499485,0.6866495948631708,0.08377672545198243,875.0,3.0863707065582275,2.8640739917755127,2026-04-30T04:36:08.099448+00:00
SR-HSE,fcfp,XGBoost,smoten,roc_auc,"{'colsample_bytree': 0.8, 'learning_rate': 0.05, 'max_depth': 7, 'min_child_weight': 1, 'n_estimators': 200, 'scale_pos_weight': 1, 'subsample': 0.8}",0.11165843582777484,1634,0.9534883720930233,0.9416683287459945,0.556232132647227,0.7445970530246024,0.11165843582777484,0.9720496894409938,0.9720477888446936,0.9720477888446935,0.9955787412416242,0.9960752796688435,9338.0,0.9531428571428572,0.9519931384355002,0.6404193687417935,0.744821128267849,0.1553326086689821,875.0,4.997891664505005,4.8531858921051025,2026-04-30T04:36:21.932559+00:00
SR-HSE,fcfp,RandomForest,smoten_enn,roc_auc,"{'max_depth': 5, 'max_features': 'sqrt', 'min_samples_leaf': 20, 'n_estimators': 200}",0.1227574893878954,1634,0.9418604651162792,0.9360487846023864,0.5570261423919961,0.7363533322538551,0.1227574893878954,0.9086832895888014,0.9081925165879012,0.9083156860085668,0.9775987345513196,0.9707444240266678,9144.0,0.8468571428571429,0.8890376460017969,0.5391116352201258,0.6982303929062834,0.1447400384717009,875.0,2.1723711490631104,1.9850859642028809,2026-04-21T19:34:22.539100+00:00
SR-HSE,klekota_roth,BalancedRandomForest,none,roc_auc,"{'max_depth': 5, 'max_features': 'log2', 'min_samples_leaf': 20, 'n_estimators': 100}",0.1843340269324659,1634,0.5636474908200735,0.6853818949764979,0.4172444408874571,0.7410538246863957,0.1843340269324659,0.5092123911723021,0.629213320886622,0.3945981698584917,0.6367391700974909,0.1014254392705552,4939.0,0.4925714285714285,0.6288121804746277,0.3675769651508048,0.6510663507109005,0.0770976959863536,875.0,2.5026960372924805,1.469865083694458,2026-04-22T00:21:59.924113+00:00
SR-HSE,klekota_roth,LogisticRegression,random_over,roc_auc,"{'C': 0.1, 'l1_ratio': 0.0}",0.0927406243593011,1634,0.8225214198286414,0.8699016093999244,0.5215178625522547,0.7210517292287764,0.0927406243593011,0.9196830156350396,0.9195687271359162,0.9195687271359164,0.9706588586806862,0.9639251045522784,9338.0,0.816,0.8705235534928083,0.5268983675265054,0.7571090047393365,0.1424923953570436,875.0,0.4907128810882568,0.4270052909851074,2026-04-21T09:00:38.659000+00:00
SR-HSE,klekota_roth,XGBoost,random_under,roc_auc,"{'colsample_bytree': 0.8, 'learning_rate': 0.1, 'max_depth': 7, 'min_child_weight': 5, 'n_estimators': 200, 'scale_pos_weight': 1, 'subsample': 0.8}",0.08830548331363056,1634,0.8824969400244798,0.9040884826476782,0.5360508242977055,0.7450732933926412,0.08830548331363056,0.9111111111111111,0.9092574246840901,0.8960864948078884,0.9681207133058986,0.9427612118581615,810.0,0.8297142857142857,0.8788084067960802,0.5317343160178292,0.7574912092952149,0.17639162730932223,875.0,1.700693130493164,1.551382064819336,2026-04-30T04:38:54.685910+00:00
SR-HSE,klekota_roth,LogisticRegression,smote,roc_auc,"{'C': 0.1, 'l1_ratio': 0.0}",0.0855756614181382,1634,0.7056303549571603,0.7944419368233092,0.4809892949427833,0.6957443160712075,0.0855756614181382,0.9283572499464552,0.928310288128832,0.928310288128832,0.977095754359457,0.97765371493967,9338.0,0.8548571428571429,0.8938852879494522,0.5452052664104673,0.6909493961168017,0.0845868767342869,875.0,0.5433599948883057,0.4273390769958496,2026-04-21T09:00:42.063745+00:00
SR-HSE,klekota_roth,LogisticRegression,smoteenn,roc_auc,"{'C': 0.1, 'l1_ratio': 0.0}",0.085102913845913,1634,0.7148102815177478,0.8008181562300806,0.4861551999654487,0.6931630932764384,0.085102913845913,0.9341675734494016,0.9341439941747616,0.9341572631201862,0.9823419411727448,0.9807328472197516,9190.0,0.8594285714285714,0.8960263707932417,0.5375443119561715,0.6833435254548235,0.081074242533413,875.0,0.7661759853363037,0.3861141204833984,2026-04-21T09:00:47.559066+00:00
SR-HSE,klekota_roth,DecisionTree,smoten,roc_auc,"{'ccp_alpha': 0.0, 'criterion': 'entropy', 'max_depth': 15, 'min_samples_leaf': 10}",0.0993806074506753,1634,0.7252141982864138,0.8080066969107367,0.4951886920329419,0.7104887178656811,0.0993806074506753,0.8888412936388949,0.8884515005373242,0.8884515005373241,0.9202570409560082,0.8700849635800971,9338.0,0.7611428571428571,0.8353298674697188,0.4826161867928852,0.6752216786424095,0.0573638729095371,875.0,1.4375247955322266,1.4051988124847412,2026-04-22T10:57:53.270781+00:00
SR-HSE,klekota_roth,DecisionTree,smoten_enn,roc_auc,"{'ccp_alpha': 0.001, 'criterion': 'entropy', 'max_depth': 15, 'min_samples_leaf': 10}",0.0989158498015685,1634,0.7282741738066095,0.8101024779541278,0.496983967185563,0.7026640886188077,0.0989158498015685,0.9019543258673692,0.901560257367498,0.9016891844727192,0.9255404077962948,0.8706382449078911,9108.0,0.7668571428571429,0.839015225316906,0.4856144961615602,0.6589206543341996,0.0572064971868523,875.0,1.525597095489502,1.393216609954834,2026-04-22T10:57:57.367009+00:00
SR-HSE,maccs,DecisionTree,none,roc_auc,"{'ccp_alpha': 0.01, 'criterion': 'entropy', 'max_depth': 5, 'min_samples_leaf': 10}",0.1530372711682188,1634,0.704406364749082,0.7933905821098423,0.506344719655777,0.8325919858270867,0.1530372711682188,0.6738206114598096,0.762638331389389,0.4959426658807065,0.7500384728270786,0.1328790009996749,4939.0,0.6422857142857142,0.7516326082502631,0.458236486820632,0.7724545176578506,0.0961813729754266,875.0,0.0271921157836914,0.0194239616394042,2026-04-22T10:58:01.284392+00:00
SR-HSE,maccs,DecisionTree,random_over,roc_auc,"{'ccp_alpha': 0.0, 'criterion': 'entropy', 'max_depth': 10, 'min_samples_leaf': 20}",0.3094269808974536,1634,0.8555691554467564,0.8933880347385484,0.5979280402714234,0.829682157178371,0.3094269808974536,0.8181623473977298,0.8176643771108818,0.8176643771108819,0.9202762615265508,0.9153048419369676,9338.0,0.7474285714285714,0.8268732812749422,0.5055372160754421,0.7452224430515211,0.1602750210274036,875.0,0.0616970062255859,0.0603687763214111,2026-04-22T10:58:03.580897+00:00
SR-HSE,maccs,DecisionTree,random_under,roc_auc,"{'ccp_alpha': 0.01, 'criterion': 'entropy', 'max_depth': 10, 'min_samples_leaf': 10}",0.2224378008934932,1634,0.7086903304773562,0.7964626665943851,0.5077378767357376,0.8266008819971616,0.2224378008934932,0.6888888888888889,0.6974340698503207,0.6752494654312189,0.7574862825788752,0.6041487083085599,810.0,0.6422857142857142,0.7517795462277338,0.4560370699192223,0.7364699587219079,0.0899431955410075,875.0,0.0089101791381835,0.0053660869598388,2026-04-22T10:58:07.410749+00:00
SR-HSE,maccs,RandomForest,smote,roc_auc,"{'max_depth': 15, 'max_features': 'sqrt', 'min_samples_leaf': 5, 'n_estimators': 200}",0.1031589383335807,1634,0.8843329253365974,0.905724098942016,0.5451987010978816,0.7187086266180267,0.1031589383335807,0.9411008781323624,0.9410367312956168,0.9410367312956168,0.982194801996242,0.9788404107003228,9338.0,0.9017142857142856,0.9212687843577004,0.5756642757251771,0.771441675584773,0.196925936201367,875.0,1.063627004623413,0.9987137317657472,2026-04-21T19:37:18.300730+00:00
SR-HSE,maccs,RandomForest,smoteenn,roc_auc,"{'max_depth': 15, 'max_features': 'sqrt', 'min_samples_leaf': 5, 'n_estimators': 100}",0.0902730316654913,1634,0.8916768665850673,0.910077761511028,0.5516187694468604,0.7094790882854395,0.0902730316654913,0.9500110595001106,0.9500080072447632,0.9500109029741954,0.9866589687091052,0.982770073074954,9042.0,0.9074285714285716,0.9251737733391228,0.5896656534954408,0.773238036997401,0.2116880104712529,875.0,0.4256269931793213,0.3544149398803711,2026-04-21T19:37:28.982800+00:00
SR-HSE,maccs,XGBoost,smoten,roc_auc,"{'colsample_bytree': 0.8, 'learning_rate': 0.05, 'max_depth': 7, 'min_child_weight': 1, 'n_estimators': 200, 'scale_pos_weight': 1, 'subsample': 0.8}",0.1468463343909186,1634,0.956548347613219,0.9426939853455827,0.5505893928653054,0.7290811418339064,0.1468463343909186,0.9764403512529449,0.9764403415262847,0.9764403415262846,0.9978423648072546,0.9978732127330502,9338.0,0.9497142857142857,0.9524680272108843,0.6726190476190477,0.7948325944045253,0.3327638290689736,875.0,0.6136829853057861,0.6053929328918457,2026-04-30T04:47:20.509738+00:00
SR-HSE,maccs,RandomForest,smoten_enn,roc_auc,"{'max_depth': 15, 'max_features': 'sqrt', 'min_samples_leaf': 10, 'n_estimators': 100}",0.061876638381229,1634,0.9516523867809058,0.9362369696098736,0.4999515779768891,0.64328167712808,0.061876638381229,0.9578602620087336,0.957841877204264,0.9578527855215826,0.9927570569138562,0.9908904293529596,9160.0,0.9245714285714286,0.9333178251823628,0.5777768029478856,0.7729322733526984,0.2137447861309544,875.0,0.9095690250396729,0.2005221843719482,2026-04-21T19:37:58.189278+00:00
SR-HSE,map4,XGBoost,none,roc_auc,"{'colsample_bytree': 0.8, 'learning_rate': 0.1, 'max_depth': 7, 'min_child_weight': 10, 'n_estimators': 100, 'scale_pos_weight': 4, 'subsample': 0.8}",0.07570931496276968,1634,0.9583843329253366,0.9386176560587516,0.489375,0.6593547895493813,0.07570931496276968,0.9971654181008301,0.9971554481496053,0.9861909942899504,0.999777888833361,0.9957805410861141,4939.0,0.9668571428571429,0.9559020797129378,0.5996434262633912,0.7035621464607859,0.19700565259826264,875.0,1.0240929126739502,1.0191068649291992,2026-04-30T04:47:38.593785+00:00
SR-HSE,map4,RandomForest,random_over,roc_auc,"{'max_depth': 10, 'max_features': 'log2', 'min_samples_leaf': 20, 'n_estimators': 200}",0.0834950774451069,1634,0.9589963280293756,0.9389236151340404,0.4895345204623555,0.7035498957033594,0.0834950774451069,0.9300706789462412,0.9297739445313672,0.9297739445313672,0.997642108480992,0.9972466020252851,9338.0,0.9668571428571427,0.9543343606830488,0.577259475218659,0.737578351933955,0.2199917228669116,875.0,1.0109708309173584,1.1147260665893557,2026-04-21T19:38:13.594703+00:00
SR-HSE,map4,KNeighbors,random_under,roc_auc,"{'n_neighbors': 15, 'weights': 'distance'}",0.1081993137620045,1634,0.916156670746634,0.9219881291591832,0.5416756239929407,0.6761517873301012,0.1081993137620045,1.0,1.0,1.0,1.0,1.0,810.0,0.9017142857142856,0.9168499351909432,0.506673834373525,0.6316694695000765,0.0619169692854895,875.0,4.145581007003784,2.852597951889038,2026-04-24T07:44:35.983747+00:00
SR-HSE,map4,KNeighbors,smote,roc_auc,"{'n_neighbors': 15, 'weights': 'distance'}",0.063791230257971,1634,0.7435740514075887,0.8200123891650308,0.4857339441616397,0.6311613597614988,0.063791230257971,0.997215677875348,0.9972156767258336,0.9972156767258336,0.998416711235607,0.9975783932553876,9338.0,0.8834285714285715,0.9107370396434435,0.5638341543513957,0.6565892065433421,0.1070251074760384,875.0,38.3270161151886,31.96215295791626,2026-04-24T07:45:11.757472+00:00
SR-HSE,map4,DecisionTree,smoteenn,roc_auc,"{'ccp_alpha': 0.001, 'criterion': 'entropy', 'max_depth': 15, 'min_samples_leaf': 10}",0.0701548997493897,1634,0.6952264381884945,0.7871630737851059,0.4708673091178651,0.612426063682862,0.0701548997493897,0.921832884097035,0.9216985554380384,0.9217188496958724,0.955929492917458,0.9262887110551048,9275.0,0.7897142857142857,0.8529017511520738,0.4806451612903226,0.5417176272741171,0.0514972865002022,875.0,0.7635030746459961,0.7552511692047119,2026-04-22T10:59:01.939254+00:00
SR-HSE,map4,KNeighbors,smoten,roc_auc,"{'n_neighbors': 15, 'weights': 'distance'}",0.0522955065817949,1634,0.8506731946144431,0.88444120542591,0.5007138098410583,0.6041728181047539,0.0522955065817949,0.9920753908759906,0.9920750636931324,0.9920750636931324,0.9934154866696628,0.9880826085481926,9338.0,0.8182857142857143,0.8711295075312273,0.5101042646017979,0.6221143556031188,0.0689933570005496,875.0,39.09846782684326,33.49905800819397,2026-04-24T07:48:38.264942+00:00
SR-HSE,map4,LogisticRegression,smoten_enn,roc_auc,"{'C': 1, 'l1_ratio': 1.0}",0.0579738572642758,1634,0.6952264381884945,0.7871719910230408,0.4587950166139472,0.6015249216584594,0.0579738572642758,0.995115597525236,0.9951157232200268,0.995114975036749,0.99983269651643,0.9998219482622256,9213.0,0.8582857142857143,0.8939678292721771,0.512263099219621,0.6709218773887785,0.1112267072774363,875.0,0.5828139781951904,0.4941730499267578,2026-04-21T09:01:12.242887+00:00
SR-HSE,mhfp,LogisticRegression,none,roc_auc,"{'C': 0.001, 'l1_ratio': 0.0}",0.0835429211777186,1634,0.912484700122399,0.9202686809056608,0.5436244494575142,0.6675318366686034,0.0835429211777186,0.9356144968617128,0.9462499603769284,0.795329302301337,0.9897943885200255,0.8436526019215508,4939.0,0.8765714285714286,0.9069816968903712,0.5635990837889759,0.7290169698822809,0.1976841384795215,875.0,0.7912659645080566,0.7439479827880859,2026-04-21T09:01:18.085392+00:00
SR-HSE,mhfp,XGBoost,random_over,roc_auc,"{'colsample_bytree': 0.8, 'learning_rate': 0.05, 'max_depth': 5, 'min_child_weight': 5, 'n_estimators': 200, 'scale_pos_weight': 1, 'subsample': 0.8}",0.09300706246351494,1634,0.9589963280293757,0.9389236151340405,0.4895345204623555,0.6661983636380955,0.09300706246351494,0.9992503748125937,0.9992503743913506,0.9992503743913507,0.999983004244902,0.999980586671819,9338.0,0.9668571428571429,0.9525742624682636,0.5521610984627874,0.7216786424094175,0.24234432325683367,875.0,7.7336766719818115,7.874241828918457,2026-04-30T04:50:54.699713+00:00
SR-HSE,mhfp,BernoulliNB,random_under,roc_auc,{'alpha': 50.0},0.1005936446767461,1634,0.8188494492044064,0.8677749266448734,0.5216040956981718,0.6618360018668623,0.1005936446767461,0.7962962962962963,0.7766674440995832,0.7335797197653349,0.8606035665294925,0.7890583745473742,810.0,0.8868571428571429,0.912392623950635,0.5605223505775992,0.6982877235896653,0.0913932541274805,875.0,0.0494589805603027,0.0184688568115234,2026-04-21T14:34:24.175285+00:00
SR-HSE,mhfp,XGBoost,smote,roc_auc,"{'colsample_bytree': 0.8, 'learning_rate': 0.05, 'max_depth': 5, 'min_child_weight': 1, 'n_estimators': 200, 'scale_pos_weight': 1, 'subsample': 0.8}",0.09238756029841803,1634,0.9571603427172583,0.9421580262756982,0.5403102644481955,0.6983064892512548,0.09238756029841803,0.9994645534375669,0.9994645533823018,0.9994645533823019,0.9999994265939575,0.9999993122562528,9338.0,0.9668571428571429,0.9525742624682636,0.5521610984627874,0.7399097997248127,0.16619759593191194,875.0,8.179825067520142,8.166498899459839,2026-04-30T04:51:14.799601+00:00
SR-HSE,mhfp,XGBoost,smoteenn,roc_auc,"{'colsample_bytree': 0.8, 'learning_rate': 0.1, 'max_depth': 3, 'min_child_weight': 10, 'n_estimators': 200, 'scale_pos_weight': 1, 'subsample': 0.8}",0.11217524094084438,1634,0.9571603427172583,0.9421580262756982,0.5403102644481955,0.7271476059396698,0.11217524094084438,0.9945237839579083,0.9945235392127781,0.9945234192396754,0.9999988239545787,0.9999987924864946,9313.0,0.9668571428571429,0.9543343606830488,0.577259475218659,0.7340620700198747,0.18520333372411124,875.0,5.962574005126953,5.980923891067505,2026-04-30T04:51:32.142587+00:00
SR-HSE,mhfp,XGBoost,smoten,roc_auc,"{'colsample_bytree': 0.8, 'learning_rate': 0.1, 'max_depth': 7, 'min_child_weight': 1, 'n_estimators': 200, 'scale_pos_weight': 1, 'subsample': 0.8}",0.09673035524376306,1634,0.9571603427172583,0.9421580262756982,0.5403102644481955,0.6657506976921392,0.09673035524376306,0.9994645534375669,0.9994645533823018,0.9994645533823019,0.9999994265939576,0.9999993122562528,9338.0,0.9668571428571429,0.9525742624682636,0.5521610984627874,0.7149900626815472,0.2342789276038352,875.0,9.191106081008911,8.945725917816162,2026-04-30T04:52:11.279732+00:00
SR-HSE,mhfp,KNeighbors,smoten_enn,roc_auc,"{'n_neighbors': 15, 'weights': 'distance'}",0.1147524242882515,1634,0.9443084455324358,0.9368730113706356,0.5522815892085573,0.6846002914591053,0.1147524242882515,0.9998924962373684,0.999892496280854,0.9998924947153732,0.9998919167655542,0.9997821935622077,9302.0,0.9417142857142856,0.9445494511179016,0.6152652406693738,0.7698173062222902,0.2204280304860358,875.0,140.2839081287384,94.00995802879332,2026-04-24T08:06:13.722871+00:00
SR-HSE,morgan_2048,XGBoost,none,roc_auc,"{'colsample_bytree': 0.8, 'learning_rate': 0.1, 'max_depth': 3, 'min_child_weight': 1, 'n_estimators': 100, 'scale_pos_weight': 8, 'subsample': 0.8}",0.19132241514588172,1634,0.956548347613219,0.9443585013054108,0.5711999408623015,0.7779434035946622,0.19132241514588172,0.9593035027333469,0.9573790396705589,0.7846093863398638,0.9514219080935722,0.6355053770542214,4939.0,0.9394285714285714,0.942374919789192,0.6001776030485649,0.7385338633236508,0.17477147465086823,875.0,1.3305070400238037,1.1867420673370361,2026-04-30T04:55:16.162510+00:00
SR-HSE,morgan_2048,XGBoost,random_over,roc_auc,"{'colsample_bytree': 0.8, 'learning_rate': 0.1, 'max_depth': 3, 'min_child_weight': 5, 'n_estimators': 100, 'scale_pos_weight': 1, 'subsample': 0.8}",0.16957187448140482,1634,0.8837209302325582,0.9061506725394748,0.5556859489939033,0.7768432883444933,0.16957187448140482,0.8421503533947312,0.8420821938277439,0.8420821938277439,0.9349195839310709,0.9327154250616991,9338.0,0.7977142857142857,0.8593451823344564,0.5230638470847999,0.7193089741629721,0.15990736057593083,875.0,2.1315462589263916,2.354058027267456,2026-04-30T04:55:41.163014+00:00
SR-HSE,morgan_2048,XGBoost,random_under,roc_auc,"{'colsample_bytree': 0.8, 'learning_rate': 0.05, 'max_depth': 7, 'min_child_weight': 1, 'n_estimators': 100, 'scale_pos_weight': 1, 'subsample': 0.8}",0.09472104610205907,1634,0.9522643818849449,0.9401332847656257,0.5445540308747856,0.7049595671927535,0.09472104610205907,0.8814814814814815,0.8744090192750636,0.8527094193235544,0.9690500685871056,0.9475961180091559,810.0,0.8788571428571429,0.907624603663907,0.5532617909987669,0.7143403149365539,0.20418108751068825,875.0,0.35143399238586426,0.32235097885131836,2026-04-30T04:56:10.489141+00:00
SR-HSE,morgan_2048,RandomForest,smote,roc_auc,"{'max_depth': 10, 'max_features': 'sqrt', 'min_samples_leaf': 5, 'n_estimators': 200}",0.0968581202667893,1634,0.7001223990208079,0.7905909148620279,0.467489072571956,0.6345950528150568,0.0968581202667893,0.8813450417648319,0.8812639728374213,0.8812639728374214,0.9503201004827576,0.948553382233007,9338.0,0.8308571428571428,0.8788040421231783,0.5178704393149665,0.6820440299648373,0.1355677681452221,875.0,4.233860969543457,2.5208330154418945,2026-04-21T19:41:30.985547+00:00
SR-HSE,morgan_2048,DecisionTree,smoteenn,roc_auc,"{'ccp_alpha': 0.0, 'criterion': 'gini', 'max_depth': 15, 'min_samples_leaf': 10}",0.0971278071391876,1634,0.5722154222766218,0.6926262037746308,0.4210229372377683,0.7032641514825364,0.0971278071391876,0.919635099913119,0.9195531753273508,0.919582274223935,0.9584454774784262,0.9280856782229868,9208.0,0.8011428571428572,0.8610615001699505,0.5131053803054724,0.6522129643785354,0.0661227060198629,875.0,1.715317964553833,1.4597828388214111,2026-04-22T11:01:47.641914+00:00
SR-HSE,morgan_2048,XGBoost,smoten,roc_auc,"{'colsample_bytree': 0.8, 'learning_rate': 0.1, 'max_depth': 7, 'min_child_weight': 5, 'n_estimators': 100, 'scale_pos_weight': 1, 'subsample': 0.8}",0.09035754595351145,1634,0.9547123623011016,0.9378430010153904,0.5015664160401002,0.6928773490556153,0.09035754595351145,0.9688370100663953,0.968834050313796,0.9688340503137959,0.9918613498684676,0.9935950328602435,9338.0,0.9565714285714285,0.9492225235470796,0.5758062869973464,0.7103653875554197,0.10437761833258627,875.0,2.7123348712921143,2.7598061561584473,2026-04-30T04:57:52.738624+00:00
SR-HSE,morgan_2048,XGBoost,smoten_enn,roc_auc,"{'colsample_bytree': 0.8, 'learning_rate': 0.05, 'max_depth': 7, 'min_child_weight': 5, 'n_estimators': 200, 'scale_pos_weight': 1, 'subsample': 0.8}",0.1194535068339043,1634,0.9577723378212974,0.9394535985671787,0.5032931401357787,0.6645077103315584,0.1194535068339043,0.9876570180229383,0.9876573435937384,0.9876527605586314,0.9986143798363858,0.9987502583234257,9155.0,0.9577142857142857,0.9455296326506145,0.5148286352260636,0.658844213423024,0.08747640759092583,875.0,4.89742112159729,4.881406307220459,2026-04-30T04:58:35.171343+00:00
SR-HSE,morgan_4096,XGBoost,none,roc_auc,"{'colsample_bytree': 0.8, 'learning_rate': 0.1, 'max_depth': 5, 'min_child_weight': 1, 'n_estimators': 200, 'scale_pos_weight': 4, 'subsample': 0.8}",0.16669351009382222,1634,0.9583843329253366,0.9386176560587516,0.489375,0.7604320452618845,0.16669351009382222,0.9892690828102855,0.9891441872423206,0.946881448513254,0.9983186977939602,0.969976806239823,4939.0,0.9577142857142857,0.9511527913372969,0.5955197961044965,0.7018422259593333,0.21344836511473855,875.0,5.990548849105835,5.867576837539673,2026-04-30T04:58:47.945197+00:00
SR-HSE,morgan_4096,XGBoost,random_over,roc_auc,"{'colsample_bytree': 0.8, 'learning_rate': 0.1, 'max_depth': 7, 'min_child_weight': 5, 'n_estimators': 200, 'scale_pos_weight': 1, 'subsample': 0.8}",0.17209434086864953,1634,0.9516523867809058,0.9405567862265307,0.5535009529343807,0.7642276809951518,0.17209434086864953,0.9880059970014993,0.9880042713426628,0.9880042713426629,0.9980282630462145,0.997280874540199,9338.0,0.9325714285714286,0.9388368666599389,0.5992501222626746,0.6855985323345054,0.20991490125016296,875.0,10.812666177749634,10.584501028060913,2026-04-30T04:58:52.628967+00:00
SR-HSE,morgan_4096,XGBoost,random_under,roc_auc,"{'colsample_bytree': 0.8, 'learning_rate': 0.1, 'max_depth': 7, 'min_child_weight': 10, 'n_estimators': 200, 'scale_pos_weight': 1, 'subsample': 0.8}",0.06733726932091073,1634,0.8947368421052632,0.9077990604408724,0.49960473745308487,0.6947203992799246,0.06733726932091073,0.8234567901234567,0.8130846248281002,0.7808951463252695,0.8936111111111111,0.8329511613893986,810.0,0.8388571428571429,0.8836540361073512,0.5230612221230009,0.6534551291851398,0.08504352804826237,875.0,1.6737220287322998,1.5882627964019775,2026-04-30T04:59:11.993073+00:00
SR-HSE,morgan_4096,XGBoost,smote,roc_auc,"{'colsample_bytree': 0.8, 'learning_rate': 0.1, 'max_depth': 7, 'min_child_weight': 1, 'n_estimators': 200, 'scale_pos_weight': 1, 'subsample': 0.8}",0.08568297596923731,1634,0.8084455324357405,0.8613169015246447,0.5149978900252723,0.6600786749087999,0.08568297596923731,0.974512743628186,0.9745127143990586,0.9745127143990587,0.9968735150217017,0.9969457810790094,9338.0,0.9302857142857143,0.9367635401060386,0.5856653806444602,0.6693166182540896,0.10933560005508122,875.0,11.556323051452637,11.221901893615723,2026-04-30T04:59:55.525630+00:00
SR-HSE,morgan_4096,DecisionTree,smoteenn,roc_auc,"{'ccp_alpha': 0.0, 'criterion': 'gini', 'max_depth': 10, 'min_samples_leaf': 50}",0.0760353331851787,1634,0.7962056303549572,0.8542782307430702,0.5205276537998916,0.6507681757136462,0.0760353331851787,0.8824735592488668,0.8824717727621503,0.8824631976259105,0.9513728560996856,0.9363897854853857,9266.0,0.8594285714285714,0.8963430302875984,0.5432670884947866,0.6852927686898027,0.1030075681894327,875.0,3.520627021789551,3.5540268421173096,2026-04-22T11:04:23.443721+00:00
SR-HSE,morgan_4096,LogisticRegression,smoten,roc_auc,"{'C': 1, 'l1_ratio': 1.0}",0.09211640400701,1634,0.945532435740514,0.936918044107982,0.5453547880837973,0.6509110478240578,0.09211640400701,0.9888627115013922,0.9888624172180496,0.9888624172180492,0.9993730837056763,0.999408243352666,9338.0,0.9371428571428572,0.9393949022395028,0.5732123695249244,0.6637364317382664,0.1457021370300226,875.0,0.5068259239196777,0.4272351264953613,2026-04-21T09:02:13.326366+00:00
SR-HSE,morgan_4096,XGBoost,smoten_enn,roc_auc,"{'colsample_bytree': 0.8, 'learning_rate': 0.1, 'max_depth': 7, 'min_child_weight': 10, 'n_estimators': 200, 'scale_pos_weight': 1, 'subsample': 0.8}",0.06539434911422036,1634,0.9436964504283966,0.9320717515665979,0.496145544249152,0.640786177599558,0.06539434911422036,0.9811936080008696,0.981193576879917,0.9811892510674778,0.9962949461882116,0.996842202107066,9199.0,0.952,0.9451974148061104,0.5501615746180963,0.6460785812566886,0.0842381781229319,875.0,14.373385906219482,14.579241037368774,2026-04-30T05:04:29.949152+00:00
SR-HSE,pubchem,XGBoost,none,roc_auc,"{'colsample_bytree': 0.8, 'learning_rate': 0.1, 'max_depth': 3, 'min_child_weight': 5, 'n_estimators': 200, 'scale_pos_weight': 8, 'subsample': 0.8}",0.28453141885042216,1634,0.9369645042839657,0.9413487394408456,0.6554203596443275,0.8263770490241835,0.28453141885042216,0.9586960923263819,0.9610201240675728,0.8228658588040708,0.9622256332151384,0.7123035612857186,4939.0,0.9188571428571428,0.9339969599667196,0.6337854645987704,0.7977182388014066,0.27013953440237143,875.0,0.945681095123291,0.942065954208374,2026-04-30T05:06:12.033817+00:00
SR-HSE,pubchem,XGBoost,random_over,roc_auc,"{'colsample_bytree': 0.8, 'learning_rate': 0.05, 'max_depth': 5, 'min_child_weight': 10, 'n_estimators': 200, 'scale_pos_weight': 1, 'subsample': 0.8}",0.28811521058692885,1634,0.9173806609547124,0.9309636351140942,0.6518614263596721,0.8415691167646134,0.28811521058692885,0.9339258941957592,0.9339201583196827,0.9339201583196827,0.9805637599766344,0.9790750084396025,9338.0,0.8697142857142857,0.9046168424816734,0.5893304130162703,0.8094710288946645,0.305577055652284,875.0,1.8999550342559814,1.9488236904144287,2026-04-30T05:06:41.559239+00:00
SR-HSE,pubchem,XGBoost,random_under,roc_auc,"{'colsample_bytree': 0.8, 'learning_rate': 0.05, 'max_depth': 3, 'min_child_weight': 1, 'n_estimators': 100, 'scale_pos_weight': 1, 'subsample': 0.8}",0.3162282238361474,1634,0.9645042839657283,0.9535392147343736,0.6372391407529895,0.8258198477935783,0.3162282238361474,0.817283950617284,0.79767682650618,0.7575713453698311,0.9015500685871056,0.8564468748431977,810.0,0.896,0.9182795904799893,0.5765190799095865,0.7747095245375324,0.2277117283711286,875.0,0.11558794975280762,0.10586404800415039,2026-04-30T05:07:41.926071+00:00
SR-HSE,pubchem,XGBoost,smote,roc_auc,"{'colsample_bytree': 0.8, 'learning_rate': 0.1, 'max_depth': 5, 'min_child_weight': 10, 'n_estimators': 200, 'scale_pos_weight': 1, 'subsample': 0.8}",0.15416461570788986,1634,0.8231334149326806,0.8722841024194294,0.5585563099508194,0.7665136347617371,0.15416461570788986,0.9557721139430285,0.9557586337534526,0.9557586337534526,0.9893195326272856,0.9888485058900185,9338.0,0.9108571428571428,0.9281655812855371,0.608352843960887,0.7389160678795291,0.19287708172397802,875.0,2.046123743057251,2.1035070419311523,2026-04-30T05:07:48.908824+00:00
SR-HSE,pubchem,XGBoost,smoteenn,roc_auc,"{'colsample_bytree': 0.8, 'learning_rate': 0.1, 'max_depth': 7, 'min_child_weight': 5, 'n_estimators': 200, 'scale_pos_weight': 1, 'subsample': 0.8}",0.14588111491733452,1634,0.8482252141982864,0.8872538158317764,0.5655895166546602,0.7700330510815419,0.14588111491733452,0.9808889374249208,0.9808907974392961,0.980886836702803,0.9976631002680477,0.9971939298657673,9157.0,0.9325714285714286,0.9394834075165871,0.6089281791393011,0.7328772358966519,0.1952904201433613,875.0,2.4318740367889404,2.413212776184082,2026-04-30T05:07:50.581258+00:00
SR-HSE,pubchem,LogisticRegression,smoten,roc_auc,"{'C': 1, 'l1_ratio': 0.0}",0.1944149653139436,1634,0.9143206854345164,0.9239618755048078,0.579633658708691,0.7301431578546324,0.1944149653139436,0.9659455986292568,0.965945442412544,0.965945442412544,0.9895336883160172,0.9915647206759268,9338.0,0.9142857142857144,0.9293425734370616,0.5984986142466457,0.7182770218621006,0.2284866705133203,875.0,0.5721442699432373,0.5449001789093018,2026-04-21T09:02:37.483328+00:00
SR-HSE,pubchem,RandomForest,smoten_enn,roc_auc,"{'max_depth': 15, 'max_features': 'sqrt', 'min_samples_leaf': 10, 'n_estimators': 100}",0.1390267333500124,1634,0.890452876376989,0.9093515502215992,0.5505159708935555,0.7252712188895979,0.1390267333500124,0.951667577911427,0.9516284405558848,0.95164863710567,0.99625180228729,0.9956858177629292,9145.0,0.896,0.9174003484875968,0.5623292603158375,0.7212964378535393,0.197734651230436,875.0,0.891381025314331,0.8570480346679688,2026-04-21T19:47:14.908442+00:00
SR-HSE,rdkit,BalancedRandomForest,none,roc_auc,"{'max_depth': 5, 'max_features': 'log2', 'min_samples_leaf': 5, 'n_estimators': 100}",0.1512654520201749,1634,0.9534883720930232,0.9372001428136152,0.5009082871151836,0.7994456562116031,0.1512654520201749,0.8807450900992103,0.9050590463980231,0.6720370556388126,0.9072832631303396,0.5791900007388752,4939.0,0.8217142857142857,0.8738751576592657,0.5262785274029652,0.7377694542118942,0.1625981338394322,875.0,1.1243770122528076,0.9219980239868164,2026-04-22T00:29:27.704522+00:00
SR-HSE,rdkit,LogisticRegression,random_over,roc_auc,"{'C': 0.001, 'l1_ratio': 0.0}",0.2053431449454401,1634,0.8782129742962056,0.9048690490137812,0.5797949670921279,0.7762765623065273,0.2053431449454401,0.8831655600771043,0.8831655480182597,0.8831655480182597,0.9594563853831736,0.9569909510013336,9338.0,0.8354285714285714,0.883186897179254,0.554140127388535,0.7729704938082862,0.21497490982831,875.0,0.7762930393218994,0.821713924407959,2026-04-21T09:02:46.645399+00:00
SR-HSE,rdkit,LogisticRegression,random_under,roc_auc,"{'C': 0.1, 'l1_ratio': 0.0}",0.237011736915024,1634,0.8733170134638923,0.9029884105918806,0.5917499791794155,0.8052034022611891,0.237011736915024,0.9814814814814816,0.9815554637155408,0.9793359966937596,0.9988134430727024,0.9978603518788032,810.0,0.7737142857142857,0.8438525008172605,0.504433638443936,0.7050145237731233,0.1585844624608361,875.0,0.1414909362792968,0.1212751865386962,2026-04-21T09:02:48.446362+00:00
SR-HSE,rdkit,LogisticRegression,smote,roc_auc,"{'C': 0.1, 'l1_ratio': 1.0}",0.1169912234603725,1634,0.6768665850673194,0.7740078978010073,0.4678903156570329,0.709955328653478,0.1169912234603725,0.9332833583208396,0.933202445088946,0.933202445088946,0.9785469074354296,0.9761478648663062,9338.0,0.8434285714285714,0.8864148616741859,0.5261277073475407,0.64798960403608,0.1632846248010437,875.0,0.9100668430328368,0.7828800678253174,2026-04-21T09:02:50.486542+00:00
SR-HSE,rdkit,LogisticRegression,smoteenn,roc_auc,"{'C': 0.1, 'l1_ratio': 0.0}",0.147386297165462,1634,0.715422276621787,0.8012637540173291,0.4909933537924783,0.7051738753583707,0.147386297165462,0.9745478901540524,0.974559340538877,0.9745359472795576,0.9967641000470352,0.996011638593628,8958.0,0.8925714285714286,0.9149113901971044,0.5516636141636142,0.6027748050756765,0.2388585144877369,875.0,1.5226528644561768,1.289341926574707,2026-04-21T09:02:50.897710+00:00
SR-HSE,rdkit,LogisticRegression,smoten,roc_auc,"{'C': 0.01, 'l1_ratio': 0.0}",0.0807603143187379,1634,0.8274173806609547,0.8738978227709061,0.5418946648426812,0.6837906828334397,0.0807603143187379,0.9477404155065324,0.9477205561123532,0.9477205561123532,0.98643032306935,0.9875791663075486,9338.0,0.9005714285714286,0.9205839932336756,0.5744092045016185,0.6354150741476838,0.1790177573561235,875.0,1.013345718383789,0.9105112552642822,2026-04-21T09:02:55.742271+00:00
SR-HSE,rdkit,LogisticRegression,smoten_enn,roc_auc,"{'C': 0.001, 'l1_ratio': 0.0}",0.0802569009025625,1634,0.8543451652386781,0.8889569823430867,0.5381615387173239,0.6331853813256627,0.0802569009025625,0.9143637356635718,0.9141457331618608,0.9142167197415992,0.9719535811993374,0.9655823030917998,9155.0,0.8651428571428571,0.9000968787681116,0.5535405424104054,0.6227258828925241,0.1152636435995631,875.0,0.5475282669067383,0.5423648357391357,2026-04-21T09:02:56.983332+00:00
SR-HSE,topological_torsion,XGBoost,none,roc_auc,"{'colsample_bytree': 0.8, 'learning_rate': 0.05, 'max_depth': 7, 'min_child_weight': 5, 'n_estimators': 200, 'scale_pos_weight': 8, 'subsample': 0.8}",0.13708572627632354,1634,0.9583843329253366,0.9419039963221258,0.5298955812418555,0.6432769147243996,0.13708572627632354,0.9738813525005062,0.9746668279436032,0.8812801664791825,0.9883248851764594,0.8697911984290727,4939.0,0.9394285714285714,0.9437935181522311,0.6211842739399286,0.7220226265097079,0.2304015969996989,875.0,2.626321315765381,2.50897479057312,2026-04-30T05:12:41.454659+00:00
SR-HSE,topological_torsion,XGBoost,random_over,roc_auc,"{'colsample_bytree': 0.8, 'learning_rate': 0.1, 'max_depth': 7, 'min_child_weight': 5, 'n_estimators': 200, 'scale_pos_weight': 1, 'subsample': 0.8}",0.11614852419850727,1634,0.9498164014687882,0.9401848262515287,0.5599910676754939,0.6446056253512273,0.11614852419850727,0.9806168344399229,0.9806136861013953,0.9806136861013953,0.9972767341507474,0.9966886012597169,9338.0,0.9245714285714286,0.9361871595651425,0.6214008496354959,0.7217168628650054,0.212029975565764,875.0,4.308727741241455,4.253906965255737,2026-04-30T05:12:47.303843+00:00
SR-HSE,topological_torsion,XGBoost,random_under,roc_auc,"{'colsample_bytree': 0.8, 'learning_rate': 0.1, 'max_depth': 7, 'min_child_weight': 1, 'n_estimators': 200, 'scale_pos_weight': 1, 'subsample': 0.8}",0.09680474000430324,1634,0.9461444308445532,0.9365583961055473,0.5371402819803,0.6502919353456076,0.09680474000430324,0.9679012345679012,0.9675757575757576,0.9631818181818181,0.9974897119341565,0.9953439869592091,810.0,0.8445714285714285,0.8876493631690945,0.5374257548900706,0.7133656933190644,0.15691119777991835,875.0,0.5904672145843506,0.5640780925750732,2026-04-30T05:14:05.382982+00:00
SR-HSE,topological_torsion,LogisticRegression,smote,roc_auc,"{'C': 1, 'l1_ratio': 0.0}",0.064375485935345,1634,0.5238678090575275,0.6530641435931634,0.3861295681063122,0.5691120022097553,0.064375485935345,0.9616620261297922,0.9616597467734244,0.9616597467734244,0.990138861053211,0.9905005560070068,9338.0,0.8502857142857143,0.8902402790769774,0.5252620636242022,0.6501681700045865,0.1109449908751787,875.0,0.2709839344024658,0.216710090637207,2026-04-21T09:03:06.280717+00:00
SR-HSE,topological_torsion,KNeighbors,smoteenn,roc_auc,"{'n_neighbors': 15, 'weights': 'distance'}",0.0516411662964138,1634,0.4736842105263157,0.6070841469506381,0.3618636755823986,0.5688453076036537,0.0516411662964138,0.98341822911022,0.9834175353534528,0.9834180974483516,0.9843254891077624,0.9691573307199448,9227.0,0.728,0.8136765899864682,0.4819857916102841,0.721602201498242,0.0821379460122904,875.0,101.13998484611513,83.92255425453186,2026-04-24T09:10:43.524123+00:00
SR-HSE,topological_torsion,LogisticRegression,smoten,roc_auc,"{'C': 1, 'l1_ratio': 0.0}",0.0703070965728806,1634,0.6682986536107711,0.7679874916422356,0.4551564099535397,0.5960195830039338,0.0703070965728806,0.9751552795031057,0.9751546230248792,0.9751546230248792,0.9941561896590486,0.9952814834429056,9338.0,0.8891428571428571,0.9137555657456116,0.5627006167273776,0.665379911328543,0.0975639874033797,875.0,0.2532949447631836,0.3086340427398681,2026-04-21T09:03:07.912554+00:00
SR-HSE,topological_torsion,RandomForest,smoten_enn,roc_auc,"{'max_depth': 15, 'max_features': 'log2', 'min_samples_leaf': 20, 'n_estimators': 100}",0.049485555267698,1634,0.2943696450428396,0.4135229782449732,0.253800011486081,0.5409661964586765,0.049485555267698,0.9074904319300164,0.9070693108443132,0.9071821946908974,0.9876124270304528,0.9884189599176008,9145.0,0.7622857142857142,0.835966263484799,0.4794050343249428,0.5866839932731998,0.0604682719165129,875.0,0.7385673522949219,0.4126849174499511,2026-04-21T19:50:43.840159+00:00
SR-MMP,atom_pair,BernoulliNB,none,roc_auc,{'alpha': 10.0},0.4498109987980971,1553,0.9356084996780424,0.92666751110169,0.6988442444927087,0.8620691757190055,0.4498109987980971,0.7470128676470589,0.7558513735433282,0.6057594451944108,0.7224428271478833,0.3145039518810635,4352.0,0.8023106546854942,0.8225782331827648,0.6423196183661299,0.8067959980478282,0.2935241651218388,779.0,0.0371930599212646,0.0088350772857666,2026-04-21T14:35:47.996052+00:00
SR-MMP,atom_pair,BernoulliNB,random_over,roc_auc,{'alpha': 0.1},0.4855816226216911,1553,0.9401159047005796,0.930716720179989,0.712226904569772,0.8584665276812602,0.4855816226216911,0.6463483146067416,0.6392317846678902,0.6392317846678901,0.740088254323949,0.6931048530764554,7120.0,0.7804878048780488,0.808614578221763,0.6348207260874452,0.8149097120546608,0.3154546875061557,779.0,0.2445149421691894,0.2687697410583496,2026-04-21T14:35:49.381619+00:00
SR-MMP,atom_pair,BernoulliNB,random_under,roc_auc,{'alpha': 50.0},0.4306322594200617,1553,0.9323889246619448,0.9146867801013632,0.6251146622893835,0.859639979030272,0.4306322594200617,0.6691919191919192,0.6172642066723107,0.5333320672528619,0.6978943475155597,0.4816608726930377,2376.0,0.8369704749679076,0.8241624206319872,0.564909734591112,0.7930850414836506,0.2715182533433039,779.0,0.0854849815368652,0.052117109298706,2026-04-21T14:35:49.549305+00:00
SR-MMP,atom_pair,RandomForest,smote,roc_auc,"{'max_depth': 15, 'max_features': 'sqrt', 'min_samples_leaf': 20, 'n_estimators': 100}",0.3745440831219495,1553,0.9368963296844816,0.9165298044393532,0.6232075658546247,0.7619752996110848,0.3745440831219495,0.8782303370786517,0.8781963123733494,0.8781963123733494,0.952083149223583,0.9505901287000398,7120.0,0.858793324775353,0.8639022648899879,0.6972940511516179,0.8399066617862372,0.4746963213803401,779.0,0.9200358390808104,0.6671178340911865,2026-04-21T19:51:57.238598+00:00
SR-MMP,atom_pair,KNeighbors,smoteenn,roc_auc,"{'n_neighbors': 15, 'weights': 'distance'}",0.2135088895689326,1553,0.8145524790727624,0.8498043607426584,0.598682085406034,0.7487168233300415,0.2135088895689326,0.9984083345391404,0.9984083414770226,0.9984068914596652,0.99999488665131,0.9999941261713468,6911.0,0.7946084724005135,0.8239891018473984,0.6778329197684037,0.8414241703269887,0.4298149582102928,779.0,69.59492611885071,65.32885670661926,2026-04-24T09:21:11.674383+00:00
SR-MMP,atom_pair,DecisionTree,smoten,roc_auc,"{'ccp_alpha': 0.001, 'criterion': 'gini', 'max_depth': 15, 'min_samples_leaf': 10}",0.3465604313728082,1553,0.9124275595621378,0.9117064347644904,0.6728338455437692,0.8050181046779562,0.3465604313728082,0.8969101123595505,0.8968724859846605,0.8968724859846605,0.9397298320919076,0.9329123873483054,7120.0,0.8189987163029525,0.8311015092990818,0.639092333928061,0.7924292337725719,0.3493813357370517,779.0,0.8755941390991211,0.8436751365661621,2026-04-22T11:12:28.314881+00:00
SR-MMP,atom_pair,DecisionTree,smoten_enn,roc_auc,"{'ccp_alpha': 0.0, 'criterion': 'gini', 'max_depth': 10, 'min_samples_leaf': 50}",0.2995415678435371,1553,0.9278815196394076,0.9133886671833724,0.6309911744738629,0.7707197981054095,0.2995415678435371,0.8647862750799651,0.8648207096447147,0.8647016644351517,0.9364049769388626,0.9200385885525898,6878.0,0.8061617458279846,0.8232157280452977,0.63433483065732,0.7487646412884332,0.2907526969916267,779.0,0.683323860168457,0.6833117008209229,2026-04-22T11:12:30.971332+00:00
SR-MMP,avalon,BalancedRandomForest,none,roc_auc,"{'max_depth': 15, 'max_features': 'sqrt', 'min_samples_leaf': 5, 'n_estimators': 200}",0.6634088627672461,1553,0.9420476497102382,0.9240288017830705,0.6587513184108754,0.9008631725247797,0.6634088627672461,0.9142922794117648,0.9183377478710438,0.8702782770758304,0.9709792801611622,0.8887401780711158,4352.0,0.8716302952503209,0.8776140793018253,0.7312606943754485,0.8969771839921913,0.5199717117760282,779.0,1.4150211811065674,1.3876757621765137,2026-04-22T00:34:23.558502+00:00
SR-MMP,avalon,RandomForest,random_over,roc_auc,"{'max_depth': 15, 'max_features': 'sqrt', 'min_samples_leaf': 10, 'n_estimators': 200}",0.6481583788514533,1553,0.9381841596909208,0.9167033724856384,0.6202237574127285,0.898534557380247,0.6481583788514533,0.9384831460674158,0.9384831412134784,0.9384831412134784,0.9842108398560788,0.9830729722771858,7120.0,0.8741976893453145,0.8736275326742187,0.7062865497076023,0.8949030014641288,0.5133829021278737,779.0,0.5680890083312988,0.5337910652160645,2026-04-21T19:52:59.787289+00:00
SR-MMP,avalon,RandomForest,random_under,roc_auc,"{'max_depth': 15, 'max_features': 'sqrt', 'min_samples_leaf': 10, 'n_estimators': 200}",0.6586629855357454,1553,0.9420476497102382,0.9240288017830705,0.6587513184108754,0.8899211196859418,0.6586629855357454,0.8855218855218855,0.8863860109454267,0.8732247160330309,0.950913809815325,0.9087873652150272,2376.0,0.8485237483953787,0.8605228507554266,0.7074038706391648,0.8886957052220595,0.501095811759492,779.0,0.3643949031829834,0.3897957801818847,2026-04-21T19:53:02.149177+00:00
SR-MMP,avalon,XGBoost,smote,roc_auc,"{'colsample_bytree': 0.8, 'learning_rate': 0.05, 'max_depth': 3, 'min_child_weight': 10, 'n_estimators': 100, 'scale_pos_weight': 1, 'subsample': 0.8}",0.2837039380457822,1553,0.8853831294269157,0.8849157726568491,0.575291912487709,0.7068413737610182,0.2837039380457822,0.8580056179775281,0.8579347708808593,0.8579347708808593,0.9270335184951395,0.917595301146086,7120.0,0.8395378690629012,0.8528653507207737,0.6932075602478914,0.8404709614446071,0.476257004070377,779.0,0.534135103225708,0.5154018402099609,2026-04-30T05:20:36.276713+00:00
SR-MMP,avalon,LogisticRegression,smoteenn,roc_auc,"{'C': 0.01, 'l1_ratio': 1.0}",0.300417582618398,1553,0.922730199613651,0.9114516149992302,0.6347085665898292,0.6983711885690599,0.300417582618398,0.7660931474339958,0.7661283477561036,0.765428046611013,0.8597270725781962,0.8421809727315819,6742.0,0.8048780487804879,0.8267968156946406,0.6575031817655906,0.7951058443142998,0.4237065538285656,779.0,0.0874147415161132,0.068472146987915,2026-04-21T09:03:33.800403+00:00
SR-MMP,avalon,XGBoost,smoten,roc_auc,"{'colsample_bytree': 0.8, 'learning_rate': 0.05, 'max_depth': 7, 'min_child_weight': 5, 'n_estimators': 200, 'scale_pos_weight': 1, 'subsample': 0.8}",0.30310334568340347,1553,0.9343206696716033,0.9146529337830709,0.6185194104614199,0.7600764419735928,0.30310334568340347,0.9745786516853933,0.9745782299483058,0.9745782299483057,0.9966824343517233,0.99632371381451,7120.0,0.8921694480102695,0.8847319249109225,0.7168155380141255,0.8867435334309419,0.5121851942295004,779.0,1.485320806503296,1.4889123439788818,2026-04-30T05:20:48.864644+00:00
SR-MMP,avalon,KNeighbors,smoten_enn,roc_auc,"{'n_neighbors': 15, 'weights': 'uniform'}",0.2248478795599338,1553,0.8937540244687702,0.8943885007179053,0.6141614906832298,0.7388415444448507,0.2248478795599338,0.8966930055604331,0.8963112283712121,0.8964988370930631,0.9864809050537774,0.9820192011561142,6834.0,0.7997432605905006,0.8264016953688414,0.6729850167915268,0.8250442288921426,0.3979155664241123,779.0,17.532230854034424,19.28887701034546,2026-04-24T09:33:35.875370+00:00
SR-MMP,erg,BalancedRandomForest,none,roc_auc,"{'max_depth': 10, 'max_features': 'sqrt', 'min_samples_leaf': 10, 'n_estimators': 200}",0.5628236306700612,1553,0.9465550547327752,0.932007802328045,0.6997775681561449,0.8267711495556125,0.5628236306700612,0.8288143382352942,0.8415277987682996,0.7591136096456788,0.9087319827488368,0.7339383598690801,4352.0,0.8459563543003851,0.8626767022423484,0.7263594211043979,0.8966187774524159,0.5455993391523141,779.0,1.4789199829101562,1.137883186340332,2026-04-22T00:35:11.258027+00:00
SR-MMP,erg,RandomForest,random_over,roc_auc,"{'max_depth': 5, 'max_features': 'sqrt', 'min_samples_leaf': 5, 'n_estimators': 200}",0.5646839016804931,1553,0.9471989697359948,0.9331026487769072,0.7053267308404294,0.8302153054631018,0.5646839016804931,0.7922752808988764,0.7922497047091412,0.7922497047091412,0.8821539657240247,0.8776206786179126,7120.0,0.8267008985879333,0.8498883774279142,0.7177422601554008,0.886751159102001,0.5177366907947497,779.0,0.774658203125,0.5399267673492432,2026-04-21T19:54:06.335968+00:00
SR-MMP,erg,RandomForest,random_under,roc_auc,"{'max_depth': 5, 'max_features': 'sqrt', 'min_samples_leaf': 5, 'n_estimators': 200}",0.5727099393397207,1553,0.9459111397295557,0.9309021810066378,0.6941537249606122,0.8302488326445022,0.5727099393397207,0.7912457912457912,0.794313279989463,0.7726217524449274,0.8748784403377207,0.7881354368288725,2376.0,0.8215661103979461,0.8456786050317274,0.7108782778885872,0.8858818326012688,0.5282573401077276,779.0,0.6119606494903564,0.4018008708953857,2026-04-21T19:54:16.173500+00:00
SR-MMP,erg,RandomForest,smote,roc_auc,"{'max_depth': 15, 'max_features': 'sqrt', 'min_samples_leaf': 20, 'n_estimators': 200}",0.5194257267384994,1553,0.9414037347070188,0.9228409205161155,0.6525581864178015,0.8086207527157017,0.5194257267384994,0.8877808988764045,0.8877495427754396,0.8877495427754396,0.955413734061356,0.954060807191912,7120.0,0.865211810012837,0.8725935774274658,0.7231764232072209,0.891906112737921,0.5070711578522334,779.0,0.7662601470947266,0.7831380367279053,2026-04-21T19:54:28.814176+00:00
SR-MMP,erg,RandomForest,smoteenn,roc_auc,"{'max_depth': 5, 'max_features': 'sqrt', 'min_samples_leaf': 5, 'n_estimators': 100}",0.5796801822007617,1553,0.9446233097231166,0.9286576850002956,0.6826756761893901,0.8199194128476159,0.5796801822007617,0.838909541511772,0.8391145393384579,0.8376349898067244,0.9208715333819604,0.9001848823801796,6456.0,0.8433889602053916,0.8591162209220928,0.7148677515360984,0.8772343216203027,0.4824437215580046,779.0,0.3912250995635986,0.2598981857299804,2026-04-21T19:54:31.827126+00:00
SR-MMP,erg,XGBoost,smoten,roc_auc,"{'colsample_bytree': 0.8, 'learning_rate': 0.1, 'max_depth': 7, 'min_child_weight': 5, 'n_estimators': 200, 'scale_pos_weight': 1, 'subsample': 0.8}",0.27969213201066545,1553,0.683193818415969,0.7579975839714322,0.49439388886242,0.6455079672774708,0.27969213201066545,0.9393258426966292,0.9392852946861368,0.9392852946861368,0.9849575890039135,0.9829320309258135,7120.0,0.7984595635430038,0.8141604015003951,0.6093516930339821,0.8040888848218644,0.3633749835203939,779.0,0.9584548473358154,0.966317892074585,2026-04-30T05:21:45.511170+00:00
SR-MMP,erg,BernoulliNB,smoten_enn,roc_auc,{'alpha': 50.0},0.2443282143585942,1553,0.9278815196394076,0.8999249486092444,0.5367636092468308,0.6683856966948295,0.2443282143585942,0.5925190334326382,0.4638170493834287,0.404015006795046,0.7928908364946718,0.6573914036415842,6042.0,0.8639281129653402,0.8149526605973865,0.4727075351213282,0.8085117740361153,0.3611277332104955,779.0,0.0081911087036132,0.0043897628784179,2026-04-21T14:36:17.859266+00:00
SR-MMP,estate,BalancedRandomForest,none,roc_auc,"{'max_depth': 15, 'max_features': 'sqrt', 'min_samples_leaf': 5, 'n_estimators': 100}",0.5527675149413974,1553,0.93947198969736,0.9292814696315772,0.7042408181788713,0.8670129110127647,0.5527675149413974,0.8377757352941176,0.8503205870289736,0.7738356760111733,0.9228201963454772,0.7613003301685172,4352.0,0.82798459563543,0.8493674883109764,0.7099035105271349,0.8914104441190824,0.5218034541348012,779.0,0.5385761260986328,0.4945330619812011,2026-04-22T00:36:27.694106+00:00
SR-MMP,estate,XGBoost,random_over,roc_auc,"{'colsample_bytree': 0.8, 'learning_rate': 0.05, 'max_depth': 7, 'min_child_weight': 5, 'n_estimators': 200, 'scale_pos_weight': 1, 'subsample': 0.8}",0.5300802985020191,1553,0.9414037347070187,0.9303675178146509,0.7053984811625381,0.8635077965936384,0.5300802985020191,0.9231741573033708,0.9231669414729902,0.9231669414729902,0.9753559762024997,0.9725588448836564,7120.0,0.883183568677792,0.8931768214798197,0.7781564411898167,0.9129300878477307,0.5642812697425506,779.0,0.25603318214416504,0.24288725852966309,2026-04-30T05:22:18.705024+00:00
SR-MMP,estate,XGBoost,random_under,roc_auc,"{'colsample_bytree': 0.8, 'learning_rate': 0.05, 'max_depth': 7, 'min_child_weight': 1, 'n_estimators': 100, 'scale_pos_weight': 1, 'subsample': 0.8}",0.5563685198275721,1553,0.9459111397295557,0.9380161304994612,0.7442959966128805,0.8709935018226596,0.5563685198275721,0.9031986531986532,0.9011263249967872,0.8867290974890871,0.9661358694265891,0.9426740684042115,2376.0,0.8806161745827985,0.8859795470509345,0.7490969540598105,0.9049841386041971,0.537938474261662,779.0,0.07679915428161621,0.06893301010131836,2026-04-30T05:22:19.966183+00:00
SR-MMP,estate,XGBoost,smote,roc_auc,"{'colsample_bytree': 0.8, 'learning_rate': 0.1, 'max_depth': 7, 'min_child_weight': 1, 'n_estimators': 100, 'scale_pos_weight': 1, 'subsample': 0.8}",0.44665752509794704,1553,0.927237604636188,0.9135332913522588,0.6341761359490858,0.8575277666020507,0.44665752509794704,0.9629213483146067,0.9629156833703925,0.9629156833703925,0.9943141648781719,0.9948099863251196,7120.0,0.8960205391527599,0.8938039635820313,0.7492339791356184,0.9025134211810639,0.5394462461839147,779.0,0.25087714195251465,0.23004388809204102,2026-04-30T05:22:23.377393+00:00
SR-MMP,estate,XGBoost,smoteenn,roc_auc,"{'colsample_bytree': 0.8, 'learning_rate': 0.05, 'max_depth': 7, 'min_child_weight': 5, 'n_estimators': 200, 'scale_pos_weight': 1, 'subsample': 0.8}",0.4918405503275804,1553,0.9343206696716033,0.9131228576817759,0.6078282828282828,0.8582745083696036,0.4918405503275804,0.9623631728894887,0.9623264733410142,0.9621221338797543,0.9939629329131445,0.9936661164954338,6669.0,0.8870346598202824,0.8777887170617547,0.6968764370865612,0.8983955588091752,0.5121322143575818,779.0,0.36850404739379883,0.3431260585784912,2026-04-30T05:22:25.079902+00:00
SR-MMP,estate,XGBoost,smoten,roc_auc,"{'colsample_bytree': 0.8, 'learning_rate': 0.1, 'max_depth': 3, 'min_child_weight': 10, 'n_estimators': 200, 'scale_pos_weight': 1, 'subsample': 0.8}",0.3130683706291198,1553,0.8989053444945267,0.8999020815063328,0.6357667733777108,0.776580958999305,0.3130683706291198,0.8757022471910112,0.8756861581729694,0.8756861581729692,0.9433501136220173,0.9395829921026246,7120.0,0.8472400513478819,0.8570082101895957,0.6931822319014221,0.8326927769643729,0.41400149222338345,779.0,0.15540599822998047,0.15369105339050293,2026-04-30T05:22:25.876490+00:00
SR-MMP,estate,DecisionTree,smoten_enn,roc_auc,"{'ccp_alpha': 0.0, 'criterion': 'entropy', 'max_depth': 15, 'min_samples_leaf': 50}",0.2503321154738425,1553,0.8892466194462331,0.8929500477692018,0.6203365739951106,0.7169056240322835,0.2503321154738425,0.8562295337595509,0.8566005407503702,0.8553748307386448,0.9396546410835036,0.9202823926397428,6413.0,0.8215661103979461,0.833497232571435,0.6442115916028403,0.7307833089311859,0.3347525146664724,779.0,0.0176198482513427,0.0146718025207519,2026-04-22T11:13:56.850894+00:00
SR-MMP,fcfp,BernoulliNB,none,roc_auc,{'alpha': 10.0},0.5403928972586344,1553,0.9291693496458469,0.8974588404951108,0.5154913439067003,0.8505022981358887,0.5403928972586344,0.8269761029411765,0.7616023818377383,0.512696659672241,0.8491713128475769,0.5779234916119197,4352.0,0.8754813863928113,0.8232749033689909,0.4865144029845675,0.8715836993655441,0.4650013206678939,779.0,0.0488190650939941,0.0113589763641357,2026-04-21T14:36:28.858880+00:00
SR-MMP,fcfp,RandomForest,random_over,roc_auc,"{'max_depth': 15, 'max_features': 'sqrt', 'min_samples_leaf': 10, 'n_estimators': 100}",0.4514982367217651,1553,0.9381841596909208,0.9167033724856384,0.6202237574127285,0.8255611230996183,0.4514982367217651,0.8334269662921349,0.8331023655637531,0.8331023655637531,0.9135683625804822,0.9101303615651256,7120.0,0.8421052631578947,0.8559969175468319,0.7021402925221878,0.867252318204002,0.4741512959389284,779.0,1.5502231121063232,1.443471908569336,2026-04-21T19:55:22.612241+00:00
SR-MMP,fcfp,BernoulliNB,random_under,roc_auc,{'alpha': 50.0},0.603704295130731,1553,0.9265936896329684,0.8912889835440118,0.4809491978609626,0.8657663094497885,0.603704295130731,0.6666666666666666,0.5333333333333333,0.4,0.788914635623916,0.6340789659198152,2376.0,0.8767650834403081,0.8191936415728187,0.4671682626538987,0.8328757930697901,0.3955998421885751,779.0,0.1200208663940429,0.0882830619812011,2026-04-21T14:36:30.641754+00:00
SR-MMP,fcfp,XGBoost,smote,roc_auc,"{'colsample_bytree': 0.8, 'learning_rate': 0.1, 'max_depth': 5, 'min_child_weight': 10, 'n_estimators': 200, 'scale_pos_weight': 1, 'subsample': 0.8}",0.2299297425425983,1553,0.8403090792015454,0.859718157887188,0.5606829339514171,0.6919370176657766,0.2299297425425983,0.8926966292134831,0.8926597356558924,0.8926597356558923,0.9561506201868452,0.9549304766953578,7120.0,0.8254172015404364,0.8387865578726369,0.6604271904407806,0.7920250732064422,0.3834280836770009,779.0,3.303055763244629,3.352944850921631,2026-04-30T05:22:34.095628+00:00
SR-MMP,fcfp,XGBoost,smoteenn,roc_auc,"{'colsample_bytree': 0.8, 'learning_rate': 0.05, 'max_depth': 7, 'min_child_weight': 10, 'n_estimators': 100, 'scale_pos_weight': 1, 'subsample': 0.8}",0.2200684589606682,1553,0.8428847392144238,0.858676312113511,0.5416485228515304,0.6749265449934774,0.2200684589606682,0.8712143487209644,0.8712796297158241,0.8711006697471575,0.9451662346034144,0.9374754978873748,6802.0,0.8138639281129654,0.8283647020226578,0.6392101623562254,0.7804493045387995,0.36735927554781833,779.0,2.150873899459839,2.0816478729248047,2026-04-30T05:22:34.785651+00:00
SR-MMP,fcfp,XGBoost,smoten,roc_auc,"{'colsample_bytree': 0.8, 'learning_rate': 0.1, 'max_depth': 7, 'min_child_weight': 10, 'n_estimators': 200, 'scale_pos_weight': 1, 'subsample': 0.8}",0.25157961939291784,1553,0.8737926593689633,0.8792718781816898,0.5767733395624075,0.708685368738037,0.25157961939291784,0.9262640449438202,0.926262263115301,0.926262263115301,0.9767720300467113,0.9770758942165484,7120.0,0.8536585365853658,0.8561543158877833,0.6730265095729013,0.778237859931674,0.37743277850271123,779.0,3.9285929203033447,3.8525121212005615,2026-04-30T05:23:16.607937+00:00
SR-MMP,fcfp,XGBoost,smoten_enn,roc_auc,"{'colsample_bytree': 0.8, 'learning_rate': 0.1, 'max_depth': 7, 'min_child_weight': 10, 'n_estimators': 200, 'scale_pos_weight': 1, 'subsample': 0.8}",0.20146412795484048,1553,0.8866709594333548,0.8837582157340544,0.5621427656029732,0.6826408446411372,0.20146412795484048,0.9516509433962265,0.9516760477686911,0.9515933510123369,0.9888276479772492,0.9855691071647041,6784.0,0.8600770218228498,0.8556555552521351,0.6560093339437127,0.7505337969741337,0.3425778938321967,779.0,3.809026002883911,3.920300006866455,2026-04-30T05:24:21.889913+00:00
SR-MMP,klekota_roth,LogisticRegression,none,roc_auc,"{'C': 1, 'l1_ratio': 0.0}",0.2420379687851857,1553,0.8660656793303284,0.8795273480311897,0.6092741506275341,0.7618381429599015,0.2420379687851857,0.9280790441176472,0.9316608376832448,0.8918439517813389,0.9836183109181704,0.922734767267964,4352.0,0.8485237483953787,0.862031920222925,0.7151930894308943,0.838015495363592,0.4824104440185513,779.0,0.4466500282287597,0.3062672615051269,2026-04-21T09:03:58.383197+00:00
SR-MMP,klekota_roth,LogisticRegression,random_over,roc_auc,"{'C': 0.1, 'l1_ratio': 0.0}",0.2472710197462643,1553,0.8718609143593046,0.8836910674677487,0.6180139002018409,0.7690678224400473,0.2472710197462643,0.8917134831460675,0.8917087643735896,0.8917087643735896,0.9626509042418888,0.957803111991426,7120.0,0.8459563543003851,0.8617492726099467,0.7212880143112701,0.8567136408003904,0.4964499775492172,779.0,0.4528679847717285,0.3587799072265625,2026-04-21T09:04:05.048119+00:00
SR-MMP,klekota_roth,LogisticRegression,random_under,roc_auc,"{'C': 1, 'l1_ratio': 0.0}",0.2315169120834324,1553,0.8332260141661301,0.860133715938647,0.5960396059491277,0.7588389841873621,0.2315169120834324,0.936026936026936,0.9367206819872342,0.9296764922365146,0.9861780685644322,0.9733973828595376,2376.0,0.8228498074454429,0.8427497405648712,0.6890489413398125,0.8336993655441678,0.5142183250827165,779.0,0.2345070838928222,0.1085450649261474,2026-04-21T09:04:06.752995+00:00
SR-MMP,klekota_roth,XGBoost,smote,roc_auc,"{'colsample_bytree': 0.8, 'learning_rate': 0.05, 'max_depth': 7, 'min_child_weight': 5, 'n_estimators': 100, 'scale_pos_weight': 1, 'subsample': 0.8}",0.13851050914328616,1553,0.7694784288473921,0.8154861082578586,0.522408342782531,0.6578734013630323,0.13851050914328616,0.8676966292134831,0.8676915764047295,0.8676915764047295,0.9437156766822372,0.939309118265152,7120.0,0.7971758664955071,0.8166625430719068,0.6260178905661294,0.7464388116154222,0.3108028730954603,779.0,6.291504144668579,6.291393995285034,2026-04-30T05:25:44.471137+00:00
SR-MMP,klekota_roth,DecisionTree,smoteenn,roc_auc,"{'ccp_alpha': 0.0, 'criterion': 'gini', 'max_depth': 15, 'min_samples_leaf': 10}",0.1371115800976261,1553,0.7520927237604637,0.8044591125817735,0.5165526180247794,0.6424722333979493,0.1371115800976261,0.8770140428677013,0.8770688957603913,0.8767984405256011,0.9537136496695824,0.9455160629689372,6765.0,0.7881899871630296,0.8035485714933184,0.5836585958377196,0.7023853099072718,0.2782421818197068,779.0,0.8401241302490234,0.6962170600891113,2026-04-22T11:15:42.776635+00:00
SR-MMP,klekota_roth,DecisionTree,smoten,roc_auc,"{'ccp_alpha': 0.0, 'criterion': 'gini', 'max_depth': 10, 'min_samples_leaf': 20}",0.1927392301229287,1553,0.8300064391500322,0.8542903510249661,0.5617795943496255,0.6763011594308913,0.1927392301229287,0.8339887640449438,0.8334472072626632,0.8334472072626631,0.9107369255775786,0.9056883812982778,7120.0,0.8228498074454429,0.8265815045271326,0.607530885831946,0.7322626891166423,0.2845076875633883,779.0,0.8140261173248291,0.9325249195098876,2026-04-22T11:15:57.227605+00:00
SR-MMP,klekota_roth,DecisionTree,smoten_enn,roc_auc,"{'ccp_alpha': 0.0, 'criterion': 'entropy', 'max_depth': 10, 'min_samples_leaf': 10}",0.1716153045982383,1553,0.7997424339987121,0.8365363382157965,0.5547333145878373,0.673762237421211,0.1716153045982383,0.8719248546294915,0.8720435873618011,0.8717633781135505,0.949197470035668,0.9309142218172708,6707.0,0.7958921694480102,0.8095399998479005,0.5930190148550475,0.6427906905807711,0.2433837539857259,779.0,0.7265040874481201,0.6443290710449219,2026-04-22T11:16:17.362704+00:00
SR-MMP,maccs,RandomForest,none,roc_auc,"{'max_depth': 15, 'max_features': 'sqrt', 'min_samples_leaf': 20, 'n_estimators': 100}",0.6059397331508054,1553,0.943979394719897,0.9275183294907364,0.6768181981270855,0.8574607122392499,0.6059397331508054,0.8485753676470589,0.8585041737962897,0.7815211614123367,0.9146069189081828,0.7027175203618485,4352.0,0.8523748395378691,0.861814656905912,0.70349543419045,0.8676412274280136,0.5215966004220686,779.0,0.1743900775909423,0.2110219001770019,2026-04-21T19:58:10.086318+00:00
SR-MMP,maccs,RandomForest,random_over,roc_auc,"{'max_depth': 15, 'max_features': 'sqrt', 'min_samples_leaf': 10, 'n_estimators': 200}",0.5633356005887147,1553,0.9426915647134578,0.9270927037011566,0.6780747417577939,0.8547389146946589,0.5633356005887147,0.9186797752808988,0.9186729972820178,0.9186729972820176,0.9712128361318016,0.965155709528459,7120.0,0.8664955070603337,0.8731615913202884,0.7226619197590032,0.8722242557345047,0.5210743855686911,779.0,0.5238711833953857,0.3221080303192138,2026-04-21T19:58:23.484978+00:00
SR-MMP,maccs,RandomForest,random_under,roc_auc,"{'max_depth': 15, 'max_features': 'sqrt', 'min_samples_leaf': 10, 'n_estimators': 200}",0.5948577844433216,1553,0.9446233097231166,0.9292569948401294,0.6868716707930078,0.8487527888519074,0.5948577844433216,0.851010101010101,0.8525165711717786,0.8359453993933266,0.9266022759157228,0.8543539630327616,2376.0,0.8510911424903723,0.861261835868338,0.704151388161341,0.8713091752074184,0.5207405479659539,779.0,0.2970151901245117,0.2229959964752197,2026-04-21T19:58:38.023685+00:00
SR-MMP,maccs,XGBoost,smote,roc_auc,"{'colsample_bytree': 0.8, 'learning_rate': 0.05, 'max_depth': 5, 'min_child_weight': 5, 'n_estimators': 200, 'scale_pos_weight': 1, 'subsample': 0.8}",0.36891012689708047,1553,0.9253058596265293,0.9138591759184342,0.6430224631822578,0.7712775684868878,0.36891012689708047,0.9189606741573034,0.9189332315440468,0.9189332315440468,0.9688749447670749,0.9631833805379213,7120.0,0.8690629011553274,0.8742663926356695,0.7215439176876279,0.853053318692045,0.5354840357172619,779.0,0.4300048351287842,0.39516210556030273,2026-04-30T05:31:34.749388+00:00
SR-MMP,maccs,XGBoost,smoteenn,roc_auc,"{'colsample_bytree': 0.8, 'learning_rate': 0.05, 'max_depth': 5, 'min_child_weight': 1, 'n_estimators': 100, 'scale_pos_weight': 1, 'subsample': 0.8}",0.35574916232632964,1553,0.9285254346426272,0.9125783739568424,0.6231282998655459,0.7713537666264341,0.35574916232632964,0.9088050314465409,0.90886384763745,0.9085347747718572,0.9656536259198132,0.9512841941191246,6678.0,0.8793324775353016,0.8803865871219977,0.7256960052743564,0.8257686676427525,0.5380770995259573,779.0,0.23350310325622559,0.2301959991455078,2026-04-30T05:31:48.739495+00:00
SR-MMP,maccs,RandomForest,smoten,roc_auc,"{'max_depth': 15, 'max_features': 'sqrt', 'min_samples_leaf': 20, 'n_estimators': 100}",0.4931043809026226,1553,0.93947198969736,0.9226762501740948,0.6577434541225898,0.8165118320471086,0.4931043809026226,0.8985955056179775,0.898577067412836,0.898577067412836,0.9596895909607372,0.9558916748753088,7120.0,0.8754813863928113,0.8763021874577313,0.7156987790883609,0.8543420571010248,0.4829147263967249,779.0,0.2146070003509521,0.1688330173492431,2026-04-21T19:58:54.319133+00:00
SR-MMP,maccs,RandomForest,smoten_enn,roc_auc,"{'max_depth': 15, 'max_features': 'sqrt', 'min_samples_leaf': 5, 'n_estimators': 100}",0.4655927319092913,1553,0.9375402446877013,0.9170039050787552,0.624416270865278,0.8174536410519,0.4655927319092913,0.9604836331465644,0.9605041057730436,0.960434908295544,0.9906629893499048,0.9870746868935816,6782.0,0.883183568677792,0.8775700614878589,0.7041422340936123,0.8683351634943876,0.4766399512730038,779.0,0.2530388832092285,0.1756608486175537,2026-04-21T19:59:01.584304+00:00
SR-MMP,map4,RandomForest,none,roc_auc,"{'max_depth': 10, 'max_features': 'log2', 'min_samples_leaf': 10, 'n_estimators': 100}",0.5383984004307991,1553,0.9317450096587252,0.9033055553425178,0.5478123763899266,0.8582867000719311,0.5383984004307991,0.9416360294117648,0.9421092270756763,0.9035853702019372,0.968288041936216,0.884753588852076,4352.0,0.8844672657252889,0.8709090145479579,0.6719416785206259,0.8179294777940458,0.4321978325700336,779.0,0.2223589420318603,0.2473652362823486,2026-04-21T19:59:10.383385+00:00
SR-MMP,map4,RandomForest,random_over,roc_auc,"{'max_depth': 15, 'max_features': 'log2', 'min_samples_leaf': 10, 'n_estimators': 100}",0.552400227816268,1553,0.9349645846748228,0.9102065256960292,0.5854102074098744,0.8572565012252661,0.552400227816268,0.9459269662921348,0.9458993035887264,0.9458993035887262,0.9867893495139504,0.9876605040709447,7120.0,0.8754813863928113,0.8594139710588902,0.6400750687097804,0.8334400927281601,0.4304979120760959,779.0,0.338965892791748,0.4859650135040283,2026-04-21T19:59:19.518719+00:00
SR-MMP,map4,RandomForest,random_under,roc_auc,"{'max_depth': 5, 'max_features': 'log2', 'min_samples_leaf': 20, 'n_estimators': 100}",0.5285708614430684,1553,0.9401159047005796,0.9278232382633969,0.6917684117522777,0.8553332601831194,0.5285708614430684,0.8476430976430976,0.8475463044253249,0.8283812473063354,0.890170645852464,0.8156664253092032,2376.0,0.7817715019255456,0.809570752755048,0.6359733034261336,0.8159163006344559,0.3712978145751622,779.0,0.2395739555358886,0.1888892650604248,2026-04-21T19:59:27.456788+00:00
SR-MMP,map4,KNeighbors,smote,roc_auc,"{'n_neighbors': 15, 'weights': 'distance'}",0.1133058133603808,1553,0.7037990985189955,0.7725328551892828,0.5030883948693692,0.6487875352035405,0.1133058133603808,0.9981741573033708,0.998174157267354,0.998174157267354,0.999600705403358,0.9991416488222437,7120.0,0.686777920410783,0.7379009231617666,0.5592747171211279,0.7227382259638848,0.2762860994451895,779.0,30.106539964675903,26.8871009349823,2026-04-24T10:07:04.427910+00:00
SR-MMP,map4,KNeighbors,smoteenn,roc_auc,"{'n_neighbors': 15, 'weights': 'distance'}",0.1202905347430237,1553,0.707662588538313,0.775090301154024,0.5027070108618987,0.6317618229033319,0.1202905347430237,0.9991277802006104,0.9991277802006104,0.9991267083289606,0.9999985612290152,0.999998367097502,6879.0,0.6957637997432606,0.7444411880021227,0.5624435643845941,0.7086688628599316,0.2879605357420415,779.0,29.21699023246765,25.61146593093872,2026-04-24T10:07:04.877141+00:00
SR-MMP,map4,KNeighbors,smoten,roc_auc,"{'n_neighbors': 15, 'weights': 'distance'}",0.1897533631169599,1553,0.7566001287830006,0.8119471306853528,0.5738472036703641,0.7768796557063262,0.1897533631169599,0.9964887640449438,0.9964887274045418,0.9964887274045418,0.9982766538315868,0.9964974339294056,7120.0,0.5905006418485238,0.6587187103393016,0.5191925563180939,0.7445781478770133,0.2409520205195327,779.0,31.99159026145935,28.91848301887512,2026-04-24T10:07:16.135149+00:00
SR-MMP,map4,KNeighbors,smoten_enn,roc_auc,"{'n_neighbors': 15, 'weights': 'distance'}",0.1884337850778973,1553,0.759175788795879,0.8130951157406411,0.5667395702171591,0.7713141435938701,0.1884337850778973,0.9981134813524888,0.9981135600941684,0.9981115565558804,0.9988452872066624,0.997505671793067,6891.0,0.5994865211810013,0.6667677102796981,0.5247027534418023,0.7410169594924354,0.2380931209462078,779.0,30.48210573196411,28.09624171257019,2026-04-24T10:08:13.433590+00:00
SR-MMP,mhfp,RandomForest,none,roc_auc,"{'max_depth': 5, 'max_features': 'sqrt', 'min_samples_leaf': 20, 'n_estimators': 200}",0.4260404025205044,1553,0.9356084996780424,0.9115366897492968,0.5925852081934184,0.7857491191495068,0.4260404025205044,0.9055606617647058,0.9081330607403468,0.8502436268820205,0.9531187932697766,0.7930907109854091,4352.0,0.8485237483953787,0.8528867291300412,0.6699531797552709,0.8119967057101025,0.4313064972148708,779.0,0.4277071952819824,0.4500610828399658,2026-04-21T20:00:24.402748+00:00
SR-MMP,mhfp,RandomForest,random_over,roc_auc,"{'max_depth': 5, 'max_features': 'sqrt', 'min_samples_leaf': 20, 'n_estimators': 200}",0.4007830014393588,1553,0.936252414681262,0.9145039232217916,0.6111697002344407,0.7919303122294965,0.4007830014393588,0.8995786516853933,0.8995767479890248,0.8995767479890248,0.9608708654210326,0.9528753950788754,7120.0,0.8382541720154044,0.8488345382068779,0.6763157894736842,0.8065672279160567,0.4216373341225874,779.0,1.1243855953216553,1.3980481624603271,2026-04-21T20:00:42.238967+00:00
SR-MMP,mhfp,RandomForest,random_under,roc_auc,"{'max_depth': 5, 'max_features': 'sqrt', 'min_samples_leaf': 5, 'n_estimators': 200}",0.415011318728296,1553,0.9368963296844816,0.9141501054284324,0.6066118693134822,0.7873767114102141,0.415011318728296,0.9196127946127948,0.9197253654253026,0.9098191339245952,0.9719057685440262,0.935630116017908,2376.0,0.8395378690629012,0.8502672954779092,0.6800463953262952,0.8150164714494875,0.4330301965089853,779.0,0.6512918472290039,0.5185480117797852,2026-04-21T20:01:07.758586+00:00
SR-MMP,mhfp,LogisticRegression,smote,roc_auc,"{'C': 0.001, 'l1_ratio': 0.0}",0.3646569545116198,1553,0.9265936896329684,0.8991518263141984,0.535547137340497,0.7810065469441498,0.3646569545116198,0.927247191011236,0.9271246203452276,0.9271246203452278,0.9794483808862516,0.9826595640447604,7120.0,0.8844672657252889,0.8709090145479579,0.6719416785206259,0.8258449243533431,0.4624636300172731,779.0,1.0217599868774414,0.840947151184082,2026-04-21T09:05:15.816628+00:00
SR-MMP,mhfp,LogisticRegression,smoteenn,roc_auc,"{'C': 0.001, 'l1_ratio': 0.0}",0.3584381058067525,1553,0.9265936896329684,0.8991518263141984,0.535547137340497,0.7784340977530693,0.3584381058067525,0.932811387900356,0.932680306758202,0.9326334920645756,0.9836614134928742,0.98557206657014,7025.0,0.883183568677792,0.8681100140861753,0.6623384665215466,0.8236639824304539,0.453763292168177,779.0,0.87030029296875,0.8251173496246338,2026-04-21T09:05:21.035984+00:00
SR-MMP,mhfp,RandomForest,smoten,roc_auc,"{'max_depth': 15, 'max_features': 'log2', 'min_samples_leaf': 10, 'n_estimators': 200}",0.3534972767631886,1553,0.922730199613651,0.8905345909537936,0.4880894827055773,0.7850663838191727,0.3534972767631886,0.9412921348314608,0.9411025081066772,0.9411025081066772,0.9981444498800658,0.9975403609369624,7120.0,0.883183568677792,0.836287070001855,0.5269809495212358,0.8175481942410932,0.443785945481494,779.0,0.6868269443511963,0.5583882331848145,2026-04-21T20:01:29.148191+00:00
SR-MMP,mhfp,RandomForest,smoten_enn,roc_auc,"{'max_depth': 15, 'max_features': 'sqrt', 'min_samples_leaf': 20, 'n_estimators': 200}",0.3568893456004076,1553,0.922730199613651,0.8905345909537936,0.4880894827055773,0.7950270046206552,0.3568893456004076,0.9433371298405469,0.9431382306663934,0.9430866243941806,0.9970191390741364,0.9964389752588813,7024.0,0.8857509627727856,0.8418396132173214,0.5455641857568905,0.8023731088335774,0.4153029932959106,779.0,1.845750093460083,1.4079370498657229,2026-04-21T20:02:15.268160+00:00
SR-MMP,morgan_2048,BernoulliNB,none,roc_auc,{'alpha': 10.0},0.5833707608503265,1553,0.9317450096587252,0.9033055553425178,0.5478123763899266,0.8784548236470258,0.5833707608503265,0.8288143382352942,0.7866785041144168,0.583132275760859,0.8072171859039837,0.469896461775475,4352.0,0.8806161745827985,0.8500006709218018,0.5895470383275261,0.8409285017081504,0.4233696464304521,779.0,0.0388951301574707,0.0138161182403564,2026-04-21T14:38:48.192876+00:00
SR-MMP,morgan_2048,RandomForest,random_over,roc_auc,"{'max_depth': 15, 'max_features': 'sqrt', 'min_samples_leaf': 5, 'n_estimators': 200}",0.5567888566562671,1553,0.9356084996780424,0.9115366897492968,0.5925852081934184,0.8402094534459845,0.5567888566562671,0.8717696629213483,0.8716151560933376,0.8716151560933376,0.949283747317258,0.9490528735967778,7120.0,0.8485237483953787,0.8584323453048539,0.6968671679197995,0.8534498535871156,0.4397905516785334,779.0,1.4016120433807373,1.4188449382781982,2026-04-21T20:02:23.502914+00:00
SR-MMP,morgan_2048,BernoulliNB,random_under,roc_auc,{'alpha': 10.0},0.5929063731243287,1553,0.9317450096587252,0.9033055553425178,0.5478123763899266,0.8759555246699096,0.5929063731243287,0.7344276094276094,0.6755370283142021,0.5971482211850956,0.8828300364758698,0.7861649103781946,2376.0,0.8921694480102695,0.8676248013860337,0.6425043706293706,0.8704093460224499,0.5144470952562853,779.0,0.1306769847869873,0.0972590446472168,2026-04-21T14:38:52.818978+00:00
SR-MMP,morgan_2048,XGBoost,smote,roc_auc,"{'colsample_bytree': 0.8, 'learning_rate': 0.1, 'max_depth': 5, 'min_child_weight': 10, 'n_estimators': 200, 'scale_pos_weight': 1, 'subsample': 0.8}",0.20102543277431237,1553,0.8634900193174501,0.8734715572486522,0.5728911536385902,0.6896236421491533,0.20102543277431237,0.8978932584269663,0.8978765764251945,0.8978765764251945,0.960660664688802,0.9590146736685721,7120.0,0.8395378690629012,0.8472853473519084,0.6653745571260185,0.7962268179599805,0.3781989994461353,779.0,3.571729898452759,3.4497227668762207,2026-04-30T05:41:45.694049+00:00
SR-MMP,morgan_2048,XGBoost,smoteenn,roc_auc,"{'colsample_bytree': 0.8, 'learning_rate': 0.1, 'max_depth': 7, 'min_child_weight': 10, 'n_estimators': 200, 'scale_pos_weight': 1, 'subsample': 0.8}",0.1686768037752061,1553,0.8634900193174501,0.8727153159409434,0.5671273652877262,0.6891969325676944,0.1686768037752061,0.9246605343845817,0.9246850944455004,0.9246018972391381,0.977217256363568,0.97311281842111,6849.0,0.8626444159178434,0.8617047914137044,0.6778515967705157,0.798316251830161,0.377537104876765,779.0,3.8715319633483887,3.947746992111206,2026-04-30T05:41:59.437145+00:00
SR-MMP,morgan_2048,XGBoost,smoten,roc_auc,"{'colsample_bytree': 0.8, 'learning_rate': 0.1, 'max_depth': 7, 'min_child_weight': 1, 'n_estimators': 100, 'scale_pos_weight': 1, 'subsample': 0.8}",0.32831075731469217,1553,0.9343206696716033,0.9088602210548477,0.5781240012783637,0.7787998488228912,0.32831075731469217,0.9429775280898877,0.9429773661142202,0.9429773661142201,0.9863483540588309,0.985882174729412,7120.0,0.8664955070603337,0.8646341282323168,0.6825292328913132,0.8308931185944363,0.435900148687549,779.0,2.30046010017395,2.3631460666656494,2026-04-30T05:42:20.375913+00:00
SR-MMP,morgan_2048,XGBoost,smoten_enn,roc_auc,"{'colsample_bytree': 0.8, 'learning_rate': 0.1, 'max_depth': 7, 'min_child_weight': 5, 'n_estimators': 100, 'scale_pos_weight': 1, 'subsample': 0.8}",0.281699832637445,1553,0.9343206696716033,0.9088602210548477,0.5781240012783637,0.7281097984711605,0.281699832637445,0.9468910021945867,0.946906177120993,0.9468328745103866,0.9873562483918003,0.9851240996539175,6835.0,0.8613607188703466,0.8534886681474482,0.6434480420410239,0.7920937042459736,0.3557969482129533,779.0,2.1851272583007812,2.173095941543579,2026-04-30T05:43:08.204084+00:00
SR-MMP,morgan_4096,BernoulliNB,none,roc_auc,{'alpha': 10.0},0.5380517792060465,1553,0.936252414681262,0.912851093472162,0.5996515924412746,0.8478170756982797,0.5380517792060465,0.8184742647058824,0.7812137489347565,0.5797740855471072,0.7482186684258313,0.3696925991452401,4352.0,0.8639281129653402,0.8344341429669528,0.555192846369317,0.7878080771107858,0.3195825131187346,779.0,0.0882720947265625,0.0175879001617431,2026-04-21T14:39:32.565996+00:00
SR-MMP,morgan_4096,XGBoost,random_over,roc_auc,"{'colsample_bytree': 0.8, 'learning_rate': 0.05, 'max_depth': 5, 'min_child_weight': 5, 'n_estimators': 200, 'scale_pos_weight': 1, 'subsample': 0.8}",0.5011477917754262,1553,0.9407598197037991,0.9223405529338052,0.6511680143755615,0.8342751423381247,0.5011477917754262,0.8926966292134831,0.892685655268371,0.8926856552683711,0.9604963861886125,0.9583905875564009,7120.0,0.8498074454428755,0.8618994228019748,0.7108783438702453,0.8631954612005857,0.4891950846437009,779.0,9.313127040863037,9.11014699935913,2026-04-30T05:43:47.998284+00:00
SR-MMP,morgan_4096,BernoulliNB,random_under,roc_auc,{'alpha': 10.0},0.55709942026058,1553,0.9323889246619448,0.9047204756405006,0.5555709998937066,0.8531570413176791,0.55709942026058,0.7154882154882155,0.6460037072783492,0.5580935946550041,0.8488423534588306,0.7162689809667735,2376.0,0.8818998716302953,0.8446868810428882,0.5646352723915051,0.8371766715470962,0.4084771352466622,779.0,0.2078847885131836,0.1429200172424316,2026-04-21T14:39:41.136991+00:00
SR-MMP,morgan_4096,XGBoost,smote,roc_auc,"{'colsample_bytree': 0.8, 'learning_rate': 0.1, 'max_depth': 7, 'min_child_weight': 10, 'n_estimators': 200, 'scale_pos_weight': 1, 'subsample': 0.8}",0.16091538858162355,1553,0.8564069542820347,0.8700065383656178,0.5746057365500858,0.683372346780781,0.16091538858162355,0.9199438202247191,0.9199422030996711,0.9199422030996712,0.9730842854437571,0.9714688137550501,7120.0,0.8536585365853658,0.8549369248075291,0.6673334532050705,0.7839647388970228,0.3674006833135901,779.0,10.38972282409668,10.306919813156128,2026-04-30T05:44:59.330816+00:00
SR-MMP,morgan_4096,XGBoost,smoteenn,roc_auc,"{'colsample_bytree': 0.8, 'learning_rate': 0.1, 'max_depth': 7, 'min_child_weight': 10, 'n_estimators': 200, 'scale_pos_weight': 1, 'subsample': 0.8}",0.13970226837674038,1553,0.8557630392788153,0.8692521979102544,0.5713666114659728,0.6556971824975921,0.13970226837674038,0.931867184131091,0.9318760010518706,0.9318528210827242,0.9790621599362291,0.9761559133863945,6957.0,0.8575096277278562,0.8571887341944336,0.6688242300754126,0.7780319668130794,0.3533802373680157,779.0,10.181562662124634,10.066931009292603,2026-04-30T05:45:46.778764+00:00
SR-MMP,morgan_4096,XGBoost,smoten,roc_auc,"{'colsample_bytree': 0.8, 'learning_rate': 0.1, 'max_depth': 7, 'min_child_weight': 10, 'n_estimators': 200, 'scale_pos_weight': 1, 'subsample': 0.8}",0.26295877413024954,1553,0.9233741146168706,0.9055663286603521,0.5909621100951952,0.7232879802006754,0.26295877413024954,0.9297752808988764,0.9297736795064842,0.9297736795064842,0.9803436276985229,0.9807650320428631,7120.0,0.8690629011553274,0.8638691720010492,0.6733242336534666,0.8167703757930698,0.3892207242336832,779.0,10.374658107757568,10.351277112960815,2026-04-30T05:45:49.308170+00:00
SR-MMP,morgan_4096,XGBoost,smoten_enn,roc_auc,"{'colsample_bytree': 0.8, 'learning_rate': 0.1, 'max_depth': 7, 'min_child_weight': 10, 'n_estimators': 200, 'scale_pos_weight': 1, 'subsample': 0.8}",0.2355780587235186,1553,0.922730199613651,0.9004525837213425,0.5572218737526372,0.7000536434902405,0.2355780587235186,0.9468332364904125,0.9468362553842427,0.9467768838055839,0.9884771883746399,0.986819353776854,6884.0,0.8767650834403081,0.8674826829820816,0.672883787661406,0.8004361883845778,0.3647988007291348,779.0,10.523130178451538,10.412327766418457,2026-04-30T05:48:43.358835+00:00
SR-MMP,pubchem,BalancedRandomForest,none,roc_auc,"{'max_depth': 10, 'max_features': 'log2', 'min_samples_leaf': 5, 'n_estimators': 200}",0.6397422563148176,1553,0.9491307147456536,0.936324751774678,0.7215411956159086,0.8792594760006339,0.6397422563148176,0.8267463235294118,0.8413308535477793,0.7636962783730845,0.9039334709454092,0.7240639997678383,4352.0,0.82798459563543,0.8466556508372889,0.694434686899911,0.8589327110785749,0.4714915364250596,779.0,2.1409380435943604,2.1553092002868652,2026-04-22T00:49:54.482224+00:00
SR-MMP,pubchem,XGBoost,random_over,roc_auc,"{'colsample_bytree': 0.8, 'learning_rate': 0.1, 'max_depth': 5, 'min_child_weight': 1, 'n_estimators': 100, 'scale_pos_weight': 1, 'subsample': 0.8}",0.6292163624453699,1553,0.9517063747585319,0.9437614962895443,0.7653383781300808,0.8739652292649622,0.6292163624453699,0.9279494382022472,0.9279426708878318,0.9279426708878318,0.9795635020830703,0.9766598948167161,7120.0,0.8754813863928113,0.8823007334329922,0.7442677433438136,0.8818631039531478,0.5371179842813063,779.0,1.0542981624603271,1.011545181274414,2026-04-30T05:51:10.534282+00:00
SR-MMP,pubchem,XGBoost,random_under,roc_auc,"{'colsample_bytree': 0.8, 'learning_rate': 0.05, 'max_depth': 7, 'min_child_weight': 1, 'n_estimators': 100, 'scale_pos_weight': 1, 'subsample': 0.8}",0.5666375069939513,1553,0.943979394719897,0.9319866900506197,0.7081791733352341,0.8724077392926375,0.5666375069939513,0.9364478114478114,0.9358470406423852,0.9271959410442481,0.9851063507550251,0.9722516314347942,2376.0,0.8857509627727856,0.8860050952703283,0.7368293192127389,0.8822825158613957,0.5398415927317077,779.0,0.5553240776062012,0.5311131477355957,2026-04-30T05:51:57.813745+00:00
SR-MMP,pubchem,RandomForest,smote,roc_auc,"{'max_depth': 5, 'max_features': 'sqrt', 'min_samples_leaf': 5, 'n_estimators': 200}",0.5497391413742339,1553,0.9433354797166774,0.9263672369893162,0.6708794913784799,0.8539434061177962,0.5497391413742339,0.7992977528089887,0.7992025912577122,0.7992025912577122,0.8824429917308421,0.877999713849891,7120.0,0.7753530166880617,0.8012020053950999,0.6091342032301441,0.8080847364568082,0.4139686967652793,779.0,0.5049970149993896,0.6389269828796387,2026-04-21T20:06:37.839381+00:00
SR-MMP,pubchem,RandomForest,smoteenn,roc_auc,"{'max_depth': 15, 'max_features': 'log2', 'min_samples_leaf': 10, 'n_estimators': 100}",0.552090683732138,1553,0.93947198969736,0.9191992220193604,0.6334394648560695,0.8454854126281652,0.552090683732138,0.8662247664959325,0.8663555619012043,0.8658212959237386,0.9355644625504668,0.9232497729006244,6638.0,0.8408215661103979,0.8487695896511134,0.6693276735588115,0.8152376159102002,0.4061137608342561,779.0,0.2260260581970214,0.1589670181274414,2026-04-21T20:06:44.311807+00:00
SR-MMP,pubchem,RandomForest,smoten,roc_auc,"{'max_depth': 10, 'max_features': 'log2', 'min_samples_leaf': 10, 'n_estimators': 100}",0.506731731141662,1553,0.93947198969736,0.9191992220193604,0.6334394648560695,0.85503761140168,0.506731731141662,0.8551966292134832,0.8551948439428706,0.8551948439428707,0.929989900265118,0.92802617445095,7120.0,0.8408215661103979,0.845406393323094,0.6531711380479117,0.8079779770619815,0.3999964184543887,779.0,0.4123141765594482,0.3029701709747314,2026-04-21T20:06:58.557032+00:00
SR-MMP,pubchem,RandomForest,smoten_enn,roc_auc,"{'max_depth': 15, 'max_features': 'sqrt', 'min_samples_leaf': 10, 'n_estimators': 200}",0.4861545462453615,1553,0.9356084996780424,0.9115366897492968,0.5925852081934184,0.8480883410750643,0.4861545462453615,0.9350126695483678,0.9350551387988884,0.93486541203841,0.9819669879148366,0.9765157181994024,6709.0,0.8793324775353016,0.8717551027947128,0.6864251455978074,0.820514580283065,0.4116978155821754,779.0,0.7611122131347656,0.7776308059692383,2026-04-21T20:07:01.411752+00:00
SR-MMP,rdkit,RandomForest,none,roc_auc,"{'max_depth': 10, 'max_features': 'log2', 'min_samples_leaf': 20, 'n_estimators': 200}",0.6367243373704355,1553,0.9414037347070188,0.9228409205161155,0.6525581864178015,0.8956542677053997,0.6367243373704355,0.8857996323529411,0.8913023345011429,0.8275722945587884,0.9327688755532856,0.7965920540050513,4352.0,0.8472400513478819,0.8513497794564828,0.665779748706578,0.8544564421669106,0.404014873404723,779.0,0.4894070625305176,0.4120309352874756,2026-04-21T20:07:44.759885+00:00
SR-MMP,rdkit,RandomForest,random_over,roc_auc,"{'max_depth': 5, 'max_features': 'sqrt', 'min_samples_leaf': 10, 'n_estimators': 200}",0.6474082639318295,1553,0.9420476497102382,0.9240288017830705,0.6587513184108754,0.8978304865708399,0.6474082639318295,0.8514044943820225,0.8513774755163166,0.8513774755163166,0.9152291377351344,0.9186676593499572,7120.0,0.8292682926829268,0.8434487331669033,0.6735728441037565,0.8454428989751098,0.3855070175404543,779.0,0.9819958209991456,0.9216799736022948,2026-04-21T20:07:51.578363+00:00
SR-MMP,rdkit,RandomForest,random_under,roc_auc,"{'max_depth': 10, 'max_features': 'sqrt', 'min_samples_leaf': 5, 'n_estimators': 200}",0.6391629628044397,1553,0.9375402446877013,0.9154340829345504,0.6134684713580089,0.8975805566731283,0.6391629628044397,0.9351851851851852,0.9353056278211372,0.927356413848309,0.9778502353076216,0.9580242634961552,2376.0,0.8575096277278562,0.8571887341944336,0.6688242300754126,0.8603434602244997,0.4316475163540034,779.0,0.5743179321289062,0.6184680461883545,2026-04-21T20:08:02.658979+00:00
SR-MMP,rdkit,DecisionTree,smote,roc_auc,"{'ccp_alpha': 0.01, 'criterion': 'entropy', 'max_depth': 5, 'min_samples_leaf': 10}",0.2110379248337685,1553,0.9175788795878944,0.911759998645124,0.6547594236727662,0.705634395230606,0.2110379248337685,0.751123595505618,0.7485522959183674,0.7485522959183674,0.8200127824769601,0.7964884409828006,7120.0,0.6970474967907574,0.7425567494038271,0.5401784821017668,0.5983711566617863,0.1889196983732197,779.0,0.656872034072876,0.6532769203186035,2026-04-22T11:25:19.155905+00:00
SR-MMP,rdkit,DecisionTree,smoteenn,roc_auc,"{'ccp_alpha': 0.0, 'criterion': 'entropy', 'max_depth': 5, 'min_samples_leaf': 50}",0.2145268483470446,1553,0.9214423696072118,0.899643643842974,0.5557946957761273,0.714637967399388,0.2145268483470446,0.8014512891770882,0.8018973587404074,0.8006169001278438,0.8830570406720774,0.8450032683356076,6477.0,0.7702182284980744,0.7904345385437637,0.5665293687924522,0.6332891044411907,0.2300970065451372,779.0,0.5882019996643066,0.5672168731689453,2026-04-22T11:25:31.711431+00:00
SR-MMP,rdkit,XGBoost,smoten,roc_auc,"{'colsample_bytree': 0.8, 'learning_rate': 0.05, 'max_depth': 7, 'min_child_weight': 5, 'n_estimators': 100, 'scale_pos_weight': 1, 'subsample': 0.8}",0.16117258501879766,1553,0.8847392144236961,0.8830536484760758,0.5640000941050998,0.7152170732599392,0.16117258501879766,0.9571629213483146,0.957162819102329,0.9571628191023291,0.9916124857972479,0.9909031960423427,7120.0,0.858793324775353,0.8443131713684142,0.6082062255386078,0.8017173011224988,0.35984951281115285,779.0,3.7809107303619385,3.713141918182373,2026-04-30T05:55:16.761909+00:00
SR-MMP,rdkit,DecisionTree,smoten_enn,roc_auc,"{'ccp_alpha': 0.0, 'criterion': 'gini', 'max_depth': 15, 'min_samples_leaf': 50}",0.158171313302052,1553,0.9117836445589182,0.8965877553157203,0.5665131119183885,0.6840855613669337,0.158171313302052,0.8616594923556479,0.8617193662605824,0.861648149783595,0.9499005757675426,0.9455640125090125,6737.0,0.7843388960205392,0.8055328266716292,0.6048741606685667,0.6870805880917521,0.2253788978485303,779.0,0.8048608303070068,0.7476921081542969,2026-04-22T11:26:08.544832+00:00
SR-MMP,topological_torsion,BernoulliNB,none,roc_auc,{'alpha': 10.0},0.5739154011627673,1553,0.933032839665164,0.906117607680996,0.5632072001903896,0.8528918717920583,0.5739154011627673,0.8161764705882353,0.7726141237745099,0.5572916666666667,0.7912011618998979,0.4258626197984459,4352.0,0.865211810012837,0.8306459187826793,0.5365853658536586,0.8476695949243533,0.3662295736409259,779.0,0.0387699604034423,0.0086209774017333,2026-04-21T14:41:16.143759+00:00
SR-MMP,topological_torsion,RandomForest,random_over,roc_auc,"{'max_depth': 15, 'max_features': 'sqrt', 'min_samples_leaf': 5, 'n_estimators': 200}",0.5675672759046894,1553,0.9414037347070188,0.9235233439286956,0.6573265149255721,0.8409866744693563,0.5675672759046894,0.8830056179775281,0.882938095585568,0.8829380955855679,0.9492817747127889,0.9524955779868094,7120.0,0.8536585365853658,0.8659964133616064,0.7211497400085407,0.8716294533918985,0.4881057227595075,779.0,1.4150588512420654,2.401801109313965,2026-04-21T20:09:18.054528+00:00
SR-MMP,topological_torsion,BernoulliNB,random_under,roc_auc,{'alpha': 50.0},0.6145037075054518,1553,0.9265936896329684,0.8912889835440118,0.4809491978609626,0.857841702936981,0.6145037075054518,0.6654040404040404,0.5327268132423553,0.3995451099317665,0.7131291609274565,0.5157571462449558,2376.0,0.8754813863928113,0.8185541230750036,0.4668035592060233,0.8141318936066374,0.3175109841933886,779.0,0.0971548557281494,0.0738680362701416,2026-04-21T14:41:20.579334+00:00
SR-MMP,topological_torsion,DecisionTree,smote,roc_auc,"{'ccp_alpha': 0.01, 'criterion': 'gini', 'max_depth': 5, 'min_samples_leaf': 10}",0.2315950076706311,1553,0.9323889246619448,0.9232369709419396,0.6854656242947498,0.6395614644672835,0.2315950076706311,0.664185393258427,0.664071675254447,0.6640716752544471,0.697688147014266,0.6368999675055018,7120.0,0.7432605905006419,0.7822933299936338,0.6138211382113821,0.690085102489019,0.2486985081556388,779.0,0.5811572074890137,0.5293121337890625,2026-04-22T11:26:38.037596+00:00
SR-MMP,topological_torsion,DecisionTree,smoteenn,roc_auc,"{'ccp_alpha': 0.0, 'criterion': 'entropy', 'max_depth': 5, 'min_samples_leaf': 10}",0.2066263935342136,1553,0.9285254346426272,0.918850512138622,0.6674922313973068,0.6025261207222365,0.2066263935342136,0.7060628195763331,0.7058268563566596,0.7051779575025581,0.7630391377216835,0.6842992108050188,6845.0,0.7573812580231065,0.7916713381791922,0.616642842078129,0.677609504636408,0.2451690105775388,779.0,0.5324528217315674,0.5480570793151855,2026-04-22T11:27:00.627371+00:00
SR-MMP,topological_torsion,DecisionTree,smoten,roc_auc,"{'ccp_alpha': 0.001, 'criterion': 'entropy', 'max_depth': 10, 'min_samples_leaf': 50}",0.2321725611145934,1553,0.9156471345782357,0.9048076932424431,0.6117003509990782,0.6571449471489703,0.2321725611145934,0.8008426966292135,0.800749482679176,0.800749482679176,0.877248453478096,0.8609834977508315,7120.0,0.7753530166880617,0.7981498241237489,0.5922771169737735,0.7427479868228404,0.2829627443059367,779.0,0.8045101165771484,0.7991480827331543,2026-04-22T11:27:07.163905+00:00
SR-MMP,topological_torsion,DecisionTree,smoten_enn,roc_auc,"{'ccp_alpha': 0.0, 'criterion': 'gini', 'max_depth': 15, 'min_samples_leaf': 20}",0.1759740516307739,1553,0.918222794591114,0.90413609434377,0.598154490610477,0.5781091888860441,0.1759740516307739,0.8738579428234601,0.8739116608406341,0.8738421189114244,0.937911160723615,0.9101226279808936,6786.0,0.810012836970475,0.8235254726100898,0.6252275445987413,0.7034681551976575,0.276116810971217,779.0,0.9777679443359376,0.975226879119873,2026-04-22T11:27:23.521311+00:00
SR-p53,atom_pair,RandomForest,none,roc_auc,"{'max_depth': 15, 'max_features': 'sqrt', 'min_samples_leaf': 5, 'n_estimators': 200}",0.2882928462231097,1715,0.9685131195335276,0.9545962920988658,0.5419881305637982,0.7829979048949273,0.2882928462231097,0.9790142472083172,0.9795196220338884,0.9213885587643248,0.9926822150628009,0.9075037856741136,5194.0,0.9060022650056624,0.8961268871695083,0.6010505974252198,0.7874864669794298,0.2240644709129419,883.0,0.8179488182067871,0.671788215637207,2026-04-21T20:10:43.965570+00:00
SR-p53,atom_pair,RandomForest,random_over,roc_auc,"{'max_depth': 15, 'max_features': 'sqrt', 'min_samples_leaf': 10, 'n_estimators': 100}",0.3111085454483899,1715,0.9690962099125364,0.9559138770383206,0.5577079349322901,0.7872833470890737,0.3111085454483899,0.962190082644628,0.9621805105631074,0.9621805105631074,0.9942827718393552,0.994445779765366,9680.0,0.8969422423556059,0.8958746010169567,0.6300319076932994,0.8032028148682787,0.2294562322428396,883.0,1.098822832107544,1.546321153640747,2026-04-21T20:11:02.968221+00:00
SR-p53,atom_pair,RandomForest,random_under,roc_auc,"{'max_depth': 10, 'max_features': 'log2', 'min_samples_leaf': 10, 'n_estimators': 100}",0.2701767731395624,1715,0.9667638483965014,0.9622201991403,0.6712449007731656,0.7524231265739741,0.2701767731395624,0.7655367231638418,0.7702944016591905,0.748421438187068,0.8428293274601807,0.7465285465412738,1062.0,0.7066817667044167,0.7741446104206223,0.5375495669651975,0.7680710934680621,0.187734026533624,883.0,0.1778039932250976,0.1135871410369873,2026-04-21T20:11:03.328437+00:00
SR-p53,atom_pair,RandomForest,smote,roc_auc,"{'max_depth': 15, 'max_features': 'sqrt', 'min_samples_leaf': 20, 'n_estimators': 100}",0.070090205620785,1715,0.8186588921282799,0.872467915390507,0.496274700356333,0.6508687279114553,0.070090205620785,0.9104338842975208,0.9104336692291296,0.9104336692291296,0.9747549048903764,0.9720532020151812,9680.0,0.8312570781426953,0.8520812340872936,0.5585785078492751,0.6764976542764345,0.1601645306717472,883.0,1.1713871955871582,1.3514750003814695,2026-04-21T20:11:18.423984+00:00
SR-p53,atom_pair,RandomForest,smoteenn,roc_auc,"{'max_depth': 15, 'max_features': 'sqrt', 'min_samples_leaf': 20, 'n_estimators': 200}",0.0678569175231347,1715,0.8262390670553936,0.8768041744196617,0.494942207956486,0.6373404863183291,0.0678569175231347,0.9162162162162162,0.9162169006633346,0.91621461917294,0.9755302309900064,0.9723460606839036,9620.0,0.8357870894677236,0.8549894757987319,0.5622510556096894,0.6844911584265608,0.1573301449031932,883.0,2.223191022872925,2.9221560955047607,2026-04-21T20:11:44.191190+00:00
SR-p53,atom_pair,XGBoost,smoten,roc_auc,"{'colsample_bytree': 0.8, 'learning_rate': 0.05, 'max_depth': 7, 'min_child_weight': 1, 'n_estimators': 100, 'scale_pos_weight': 1, 'subsample': 0.8}",0.17113493141965996,1715,0.967930029154519,0.9551922088365237,0.5553245553245554,0.7151926861786553,0.17113493141965996,0.9832644628099173,0.983264456380204,0.983264456380204,0.9988451523120006,0.9988605062270199,9680.0,0.89920724801812,0.8852688884968966,0.5493993864854791,0.7241880187657885,0.1888020445033372,883.0,4.145972013473511,3.8100948333740234,2026-04-30T06:01:52.262553+00:00
SR-p53,atom_pair,RandomForest,smoten_enn,roc_auc,"{'max_depth': 15, 'max_features': 'sqrt', 'min_samples_leaf': 20, 'n_estimators': 200}",0.1253396708514318,1715,0.965597667638484,0.9519334603882708,0.5229845229845229,0.6778987577508306,0.1253396708514318,0.9640825784706132,0.9640832132500692,0.9640825461936916,0.9934611255935532,0.9927489779990696,9494.0,0.8890147225368064,0.8821551221557277,0.561897529364115,0.6861512089498376,0.1641350111591409,883.0,4.071737051010132,2.8196189403533936,2026-04-21T20:12:09.744486+00:00
SR-p53,avalon,XGBoost,none,roc_auc,"{'colsample_bytree': 0.8, 'learning_rate': 0.05, 'max_depth': 7, 'min_child_weight': 5, 'n_estimators': 100, 'scale_pos_weight': 8, 'subsample': 0.8}",0.46568423470009485,1715,0.970262390670554,0.9584509572847766,0.5876645876645876,0.9131642435400927,0.46568423470009485,0.9853677319984597,0.9859096617035321,0.9466984253010453,0.9983115048793014,0.9780168502257071,5194.0,0.8878822197055493,0.8875013395381435,0.6029838544860004,0.7719144713099964,0.24156695231088698,883.0,0.6569769382476807,0.7569079399108887,2026-04-30T06:04:31.712296+00:00
SR-p53,avalon,XGBoost,random_over,roc_auc,"{'colsample_bytree': 0.8, 'learning_rate': 0.05, 'max_depth': 7, 'min_child_weight': 1, 'n_estimators': 100, 'scale_pos_weight': 1, 'subsample': 0.8}",0.4815451110574969,1715,0.9714285714285714,0.9608673644334863,0.6157960909818265,0.9014083761877553,0.4815451110574969,0.9890495867768595,0.9890489809216957,0.9890489809216957,0.9992908612799671,0.9992558742814498,9680.0,0.8935447338618346,0.8904779708148903,0.6041189713064713,0.7624774449657163,0.2638030267264195,883.0,1.2049977779388428,1.1530539989471436,2026-04-30T06:04:54.096147+00:00
SR-p53,avalon,RandomForest,random_under,roc_auc,"{'max_depth': 10, 'max_features': 'log2', 'min_samples_leaf': 5, 'n_estimators': 200}",0.4506167641613036,1715,0.972594752186589,0.9638417210168656,0.6524283231784881,0.8909381414936619,0.4506167641613036,0.9133709981167608,0.9134916340410182,0.9028153547442468,0.9646334067477416,0.9386296450251111,1062.0,0.7678369195922989,0.8183956274524501,0.5895025682310387,0.7897600144352219,0.2132772901222291,883.0,0.4210309982299804,0.3414111137390136,2026-04-21T20:13:17.343080+00:00
SR-p53,avalon,KNeighbors,smote,roc_auc,"{'n_neighbors': 15, 'weights': 'distance'}",0.0749103914452729,1715,0.8005830903790088,0.8621706201525094,0.5074884792626728,0.6768353332063571,0.0749103914452729,0.9971074380165288,0.9971074301138724,0.9971074301138724,0.997430289939212,0.9953528349132672,9680.0,0.7780294450736127,0.8223823558590491,0.5635415405721664,0.6969776254059907,0.1559949794951743,883.0,20.31844401359558,16.84098982810974,2026-04-24T11:05:16.595041+00:00
SR-p53,avalon,LogisticRegression,smoteenn,roc_auc,"{'C': 0.001, 'l1_ratio': 0.0}",0.2122232776438977,1715,0.9481049562682216,0.94788315476815,0.5927789531536387,0.6644551668677121,0.2122232776438977,0.8430446194225721,0.843047588108217,0.8430443703020984,0.9089453548779736,0.9006600345369622,9525.0,0.7938844847112118,0.8328229634165824,0.5731172170512984,0.689308913749549,0.1812600932177535,883.0,0.1395680904388427,0.1368799209594726,2026-04-21T09:08:57.264226+00:00
SR-p53,avalon,XGBoost,smoten,roc_auc,"{'colsample_bytree': 0.8, 'learning_rate': 0.1, 'max_depth': 7, 'min_child_weight': 1, 'n_estimators': 100, 'scale_pos_weight': 1, 'subsample': 0.8}",0.30356215459183233,1715,0.9696793002915451,0.9571982353150111,0.572925446325952,0.7986424142382493,0.30356215459183233,0.9922520661157025,0.9922520660330159,0.9922520660330159,0.9996849813878833,0.99968175153512,9680.0,0.9082672706681767,0.8955817973960518,0.5899028124193687,0.7597347527968242,0.26962133601398625,883.0,1.0218331813812256,1.0649030208587646,2026-04-30T06:05:46.094594+00:00
SR-p53,avalon,RandomForest,smoten_enn,roc_auc,"{'max_depth': 15, 'max_features': 'sqrt', 'min_samples_leaf': 20, 'n_estimators': 200}",0.1870065393934173,1715,0.9696793002915453,0.9571982353150112,0.572925446325952,0.7355406005967875,0.1870065393934173,0.9683124539425204,0.9683148097451456,0.9683115043166558,0.9946861047399594,0.993938776241024,9499.0,0.8901472253680635,0.8874015952709045,0.5944036406169348,0.723177553229881,0.2281958570445977,883.0,1.3203182220458984,0.7584619522094727,2026-04-21T20:13:42.333185+00:00
SR-p53,erg,EasyEnsemble,none,roc_auc,"{'n_estimators': 30, 'replacement': True}",0.4365895621146356,1715,0.9760932944606414,0.9704813795795372,0.7276523059404062,0.7660466002158594,0.4365895621146356,0.7035040431266847,0.7768156003683351,0.5374592351674299,0.8056173250221786,0.2905275414911535,5194.0,0.6534541336353341,0.7343352764486756,0.5019575315195753,0.7259563334536268,0.1560710483473159,883.0,8.674581050872803,4.643110036849976,2026-04-22T01:01:44.452142+00:00
SR-p53,erg,LogisticRegression,random_over,roc_auc,"{'C': 0.01, 'l1_ratio': 0.0}",0.3956841618471884,1715,0.9737609329446064,0.9659832487399684,0.6764001693998465,0.7468890864072123,0.3956841618471884,0.6823347107438017,0.6789974349882724,0.6789974349882724,0.7598045727750837,0.7453689733009544,9680.0,0.7021517553793885,0.7701450853431167,0.5199430287770825,0.7076506676290149,0.1341008815199611,883.0,0.0521152019500732,0.0521399974822998,2026-04-21T09:09:02.611123+00:00
SR-p53,erg,XGBoost,random_under,roc_auc,"{'colsample_bytree': 0.8, 'learning_rate': 0.05, 'max_depth': 3, 'min_child_weight': 10, 'n_estimators': 100, 'scale_pos_weight': 1, 'subsample': 0.8}",0.4268435742304135,1715,0.9720116618075801,0.9620337632713569,0.6292292725110799,0.7374822762575919,0.4268435742304135,0.7947269303201506,0.7808932925062733,0.7420273576958563,0.8591241341887709,0.7934144368869965,1062.0,0.8154020385050963,0.8414164636098254,0.5424506858677857,0.7358534824972933,0.17834115570740378,883.0,0.08568501472473145,0.06899666786193848,2026-04-30T06:06:35.326242+00:00
SR-p53,erg,RandomForest,smote,roc_auc,"{'max_depth': 15, 'max_features': 'log2', 'min_samples_leaf': 20, 'n_estimators': 100}",0.3237599556559657,1715,0.972594752186589,0.9638417210168656,0.6524283231784881,0.7313345184432734,0.3237599556559657,0.9119834710743802,0.9119606058468502,0.91196060584685,0.9680076924390412,0.9713075748012978,9680.0,0.8335220838052095,0.8565275590585212,0.583748352483541,0.7712558643089137,0.2275611803909716,883.0,0.528662919998169,0.3185501098632812,2026-04-21T20:14:23.000043+00:00
SR-p53,erg,LogisticRegression,smoteenn,roc_auc,"{'C': 0.001, 'l1_ratio': 0.0}",0.4211889123662224,1715,0.9743440233236152,0.9675628717393696,0.6961472795799375,0.7238746746238334,0.4211889123662224,0.6831129743093626,0.6832292484371032,0.6830539070524704,0.7277531929195608,0.6885703936696372,9303.0,0.6432616081540203,0.7264795323389239,0.4953873785615152,0.7095813785636954,0.1306850495988502,883.0,0.0553419589996337,0.0438039302825927,2026-04-21T09:09:04.456409+00:00
SR-p53,erg,DecisionTree,smoten,roc_auc,"{'ccp_alpha': 0.001, 'criterion': 'entropy', 'max_depth': 5, 'min_samples_leaf': 20}",0.2781279871555399,1715,0.9690962099125364,0.9559138770383206,0.5577079349322901,0.664031913317673,0.2781279871555399,0.746900826446281,0.7398828397914763,0.7398828397914763,0.8413319402704733,0.7949288351000589,9680.0,0.8301245753114382,0.8513544649143482,0.5576743254074272,0.6759473114399135,0.128935620791309,883.0,0.1000781059265136,0.0992510318756103,2026-04-22T11:30:12.589655+00:00
SR-p53,erg,DecisionTree,smoten_enn,roc_auc,"{'ccp_alpha': 0.001, 'criterion': 'gini', 'max_depth': 10, 'min_samples_leaf': 10}",0.1341981514911975,1715,0.9405247813411078,0.9428330252204252,0.5732831801416779,0.6838825048145091,0.1341981514911975,0.9144200986577952,0.9146774077797198,0.914221913874548,0.9668684731101196,0.9363165332432593,8717.0,0.8278595696489242,0.8493725244465397,0.5517766497461929,0.6770750631540959,0.1533202884441508,883.0,0.111746072769165,0.1136150360107421,2026-04-22T11:30:19.665227+00:00
SR-p53,estate,RandomForest,none,roc_auc,"{'max_depth': 15, 'max_features': 'sqrt', 'min_samples_leaf': 5, 'n_estimators': 200}",0.2391436245314758,1715,0.967930029154519,0.956905705359544,0.5813750160881587,0.8196410809895668,0.2391436245314758,0.9466692337312284,0.951114115164034,0.8257069572548124,0.9640863566325816,0.7296734389341012,5194.0,0.855039637599094,0.8679916098286486,0.5834291611381395,0.7498285817394442,0.1902271605096114,883.0,0.4334416389465332,0.5237829685211182,2026-04-21T20:14:56.909191+00:00
SR-p53,estate,RandomForest,random_over,roc_auc,"{'max_depth': 15, 'max_features': 'sqrt', 'min_samples_leaf': 5, 'n_estimators': 200}",0.2445574768354077,1715,0.9638483965014576,0.9563496366563684,0.6032462686567165,0.8216515353522527,0.2445574768354077,0.9330578512396694,0.9330200374801788,0.9330200374801788,0.9841052950618128,0.9849011961519616,9680.0,0.8527746319365799,0.8687266253684761,0.5979052823315119,0.7532208588957056,0.2159141417377945,883.0,0.5121641159057617,0.4515309333801269,2026-04-21T20:15:00.710613+00:00
SR-p53,estate,RandomForest,random_under,roc_auc,"{'max_depth': 15, 'max_features': 'sqrt', 'min_samples_leaf': 5, 'n_estimators': 100}",0.2750315989570842,1715,0.9690962099125364,0.9624118231607708,0.6566488748871487,0.7967853892874526,0.2750315989570842,0.815442561205273,0.8190864241763576,0.8016549715849536,0.9080863576877654,0.8473863820111379,1062.0,0.7180067950169875,0.7816479797429928,0.5327476394795061,0.7341483219054493,0.2063715214573156,883.0,0.2792980670928955,0.1543879508972168,2026-04-21T20:15:07.784517+00:00
SR-p53,estate,RandomForest,smote,roc_auc,"{'max_depth': 15, 'max_features': 'sqrt', 'min_samples_leaf': 5, 'n_estimators': 100}",0.2922349996426012,1715,0.9696793002915453,0.9571982353150112,0.572925446325952,0.8102131081624447,0.2922349996426012,0.9772727272727272,0.977270397608798,0.977270397608798,0.9972553958062972,0.9975592069674832,9680.0,0.9048697621744054,0.8953674197970259,0.5996070133010882,0.7854655359076145,0.2345708259675861,883.0,0.3104300498962402,0.2258961200714111,2026-04-21T20:15:10.856199+00:00
SR-p53,estate,RandomForest,smoteenn,roc_auc,"{'max_depth': 15, 'max_features': 'sqrt', 'min_samples_leaf': 10, 'n_estimators': 200}",0.3189869834277562,1715,0.9696793002915453,0.9571982353150112,0.572925446325952,0.7948701669735254,0.3189869834277562,0.972108629548076,0.972102195207882,0.9720919717562404,0.995154613371996,0.9957421895087056,9537.0,0.8924122310305775,0.8871523348590002,0.5849106086922099,0.7761728617827499,0.2375289688289687,883.0,0.6646299362182617,0.5754978656768799,2026-04-21T20:15:12.319669+00:00
SR-p53,estate,XGBoost,smoten,roc_auc,"{'colsample_bytree': 0.8, 'learning_rate': 0.1, 'max_depth': 7, 'min_child_weight': 5, 'n_estimators': 200, 'scale_pos_weight': 1, 'subsample': 0.8}",0.09306119215931731,1715,0.9212827988338192,0.9315454577531128,0.5494404128742987,0.6846655238820816,0.09306119215931731,0.9676652892561983,0.9676651646822754,0.9676651646822755,0.9931769943992896,0.9937479941697601,9680.0,0.8765571913929785,0.87527836825108,0.5568514059183476,0.6046824251172861,0.18308357402543654,883.0,0.2999279499053955,0.3069009780883789,2026-04-30T06:07:27.207077+00:00
SR-p53,estate,DecisionTree,smoten_enn,roc_auc,"{'ccp_alpha': 0.001, 'criterion': 'entropy', 'max_depth': 15, 'min_samples_leaf': 10}",0.0851098973219856,1715,0.8116618075801749,0.868707459104417,0.5048425663143311,0.6501968129007681,0.0851098973219856,0.9274313683762504,0.927359818811382,0.9274029320107255,0.9725487654074754,0.9589630064355518,9398.0,0.8097395243488109,0.8352254752338427,0.5179253867151956,0.53962468422952,0.1123778900577467,883.0,0.0276269912719726,0.0238800048828125,2026-04-22T11:30:26.944504+00:00
SR-p53,fcfp,BalancedRandomForest,none,roc_auc,"{'max_depth': 15, 'max_features': 'sqrt', 'min_samples_leaf': 5, 'n_estimators': 200}",0.2994708138655768,1715,0.9714285714285714,0.9616069011385028,0.6270431961512686,0.7944627854316128,0.2994708138655768,0.8455910666153253,0.875672935025501,0.6469487626728774,0.8711126091422701,0.4632507077200668,5194.0,0.7463193657984145,0.8006592938454057,0.540454638389621,0.7267141826055576,0.1566160010726901,883.0,3.4764726161956787,2.887482166290283,2026-04-22T01:03:56.192091+00:00
SR-p53,fcfp,RandomForest,random_over,roc_auc,"{'max_depth': 15, 'max_features': 'sqrt', 'min_samples_leaf': 5, 'n_estimators': 200}",0.3306426761762461,1715,0.970262390670554,0.9584509572847766,0.5876645876645876,0.7919497174782553,0.3306426761762461,0.8700413223140496,0.8693620726817974,0.8693620726817974,0.9603766605764632,0.9595081863027682,9680.0,0.8312570781426953,0.8515423692266987,0.5544225174668865,0.7325965355467341,0.1792028388585251,883.0,3.50772476196289,4.262269973754883,2026-04-21T20:15:33.022645+00:00
SR-p53,fcfp,XGBoost,random_under,roc_auc,"{'colsample_bytree': 0.8, 'learning_rate': 0.05, 'max_depth': 7, 'min_child_weight': 10, 'n_estimators': 100, 'scale_pos_weight': 1, 'subsample': 0.8}",0.23781970160014818,1715,0.970262390670554,0.9584509572847766,0.5876645876645876,0.7676338010285061,0.23781970160014818,0.7871939736346516,0.771219330497681,0.729638274097037,0.8463404513390149,0.7544827940088639,1062.0,0.8131370328425821,0.840928522406645,0.5485307378382649,0.7129375676651027,0.17579967364349525,883.0,0.46524882316589355,0.4352450370788574,2026-04-30T06:07:43.443934+00:00
SR-p53,fcfp,LogisticRegression,smote,roc_auc,"{'C': 0.01, 'l1_ratio': 1.0}",0.1524576732499142,1715,0.8559766763848397,0.8954206683532576,0.5303927426802107,0.62686496095486,0.1524576732499142,0.7664256198347107,0.7663926488839292,0.7663926488839292,0.8282508238849805,0.8163099399505335,9680.0,0.6998867497168743,0.767156580440363,0.4955319126001142,0.625784915193071,0.1179080287483536,883.0,0.2783637046813965,0.2267050743103027,2026-04-21T09:09:10.804967+00:00
SR-p53,fcfp,LogisticRegression,smoteenn,roc_auc,"{'C': 0.01, 'l1_ratio': 1.0}",0.1524291198232961,1715,0.8559766763848397,0.8954206683532576,0.5303927426802107,0.6230345163270057,0.1524291198232961,0.7679824102188253,0.7679867595292162,0.7679818379411423,0.8335682620769749,0.8174375044327906,9551.0,0.6964892412231031,0.764912348758377,0.4959014996591683,0.6237098520389751,0.1194090563401217,883.0,0.3073821067810058,0.2369458675384521,2026-04-21T09:09:11.268340+00:00
SR-p53,fcfp,KNeighbors,smoten,roc_auc,"{'n_neighbors': 15, 'weights': 'distance'}",0.0476565636332181,1715,0.5673469387755102,0.6960268895429624,0.3983150381286691,0.6305261041626987,0.0476565636332181,0.946590909090909,0.9464705531834322,0.9464705531834322,0.9481946033399358,0.9060888809299136,9680.0,0.6964892412231031,0.7639125551464455,0.4809619062659016,0.5667629014796103,0.0867986567159078,883.0,69.38498902320862,58.49049711227417,2026-04-24T11:09:31.251426+00:00
SR-p53,fcfp,LogisticRegression,smoten_enn,roc_auc,"{'C': 0.001, 'l1_ratio': 0.0}",0.097098925860056,1715,0.8583090379008746,0.8964971269751365,0.5259569414727532,0.6088184877150657,0.097098925860056,0.8846438776590115,0.8845679490423694,0.8846136248508182,0.9607336033165438,0.9580442461072268,9449.0,0.7836919592298981,0.8197884566506796,0.5098564615550046,0.5367286178274991,0.1202563819817152,883.0,0.1634910106658935,0.2127950191497802,2026-04-21T09:09:12.260489+00:00
SR-p53,klekota_roth,LogisticRegression,none,roc_auc,"{'C': 0.01, 'l1_ratio': 0.0}",0.2270004502264874,1715,0.8932944606413994,0.9169082423401664,0.5498629559350622,0.7495714557805854,0.2270004502264874,0.800346553715826,0.8460016926736104,0.6186887588616006,0.8938060302563384,0.4512712984914302,5194.0,0.7451868629671574,0.8010449813716685,0.5541454875955162,0.7309545290508841,0.1989070816595783,883.0,0.5340299606323242,0.5460569858551025,2026-04-21T09:09:14.882731+00:00
SR-p53,klekota_roth,LogisticRegression,random_over,roc_auc,"{'C': 0.01, 'l1_ratio': 0.0}",0.226856407804386,1715,0.9119533527696791,0.9278855683006496,0.5686253279473619,0.7470636784966034,0.226856407804386,0.8362603305785123,0.8362554218619802,0.8362554218619802,0.9199060216173758,0.9114794692228736,9680.0,0.7644394110985278,0.8142751007983171,0.566093366093366,0.7301786358715265,0.2051700008284772,883.0,0.5770449638366699,0.6668300628662109,2026-04-21T09:09:16.750666+00:00
SR-p53,klekota_roth,LogisticRegression,random_under,roc_auc,"{'C': 0.1, 'l1_ratio': 0.0}",0.1826805652462326,1715,0.8635568513119534,0.899935632039563,0.5359204573839194,0.740249296340973,0.1826805652462326,0.8738229755178908,0.8758495021045067,0.863038959039113,0.9432215359571005,0.8956457483407331,1062.0,0.7157417893544734,0.780159726329082,0.5333894754571197,0.7356820642367378,0.2384856252423715,883.0,0.1705422401428222,0.0467069149017334,2026-04-21T09:09:17.183514+00:00
SR-p53,klekota_roth,KNeighbors,smote,roc_auc,"{'n_neighbors': 15, 'weights': 'distance'}",0.0555478835499435,1715,0.6204081632653061,0.7377554815772942,0.4272215036971407,0.6535934226398323,0.0555478835499435,0.9926652892561983,0.9926649785629816,0.9926649785629816,0.9937025945973637,0.9871736206466768,9680.0,0.6727066817667045,0.7479837544847869,0.4839838797410891,0.6366564417177913,0.1280383063202561,883.0,295.75920391082764,207.5131859779358,2026-04-24T11:17:50.817199+00:00
SR-p53,klekota_roth,KNeighbors,smoteenn,roc_auc,"{'n_neighbors': 15, 'weights': 'uniform'}",0.0516408604965876,1715,0.6122448979591837,0.7313770777327627,0.4242424242424242,0.6337163777961188,0.0516408604965876,0.8755985952963712,0.8744899259348997,0.8747924846902482,0.9787585668764972,0.9674204312426796,9397.0,0.652321630804077,0.7329044721768275,0.4677265756770714,0.6180530494406351,0.1301707313928695,883.0,226.26825714111328,191.70782113075256,2026-04-24T11:17:53.346689+00:00
SR-p53,klekota_roth,XGBoost,smoten,roc_auc,"{'colsample_bytree': 0.8, 'learning_rate': 0.1, 'max_depth': 7, 'min_child_weight': 10, 'n_estimators': 200, 'scale_pos_weight': 1, 'subsample': 0.8}",0.06996888807016963,1715,0.8892128279883382,0.9138455602254645,0.5346435956904727,0.690950839100163,0.06996888807016963,0.9577479338842976,0.9577471758781274,0.9577471758781275,0.989712664776996,0.9910559029810412,9680.0,0.8742921857304643,0.8747123890231793,0.5608205293651114,0.6234031035727174,0.1570025916032884,883.0,14.954576253890991,14.847354173660278,2026-04-30T06:12:30.665735+00:00
SR-p53,klekota_roth,KNeighbors,smoten_enn,roc_auc,"{'n_neighbors': 15, 'weights': 'uniform'}",0.0536644435508985,1715,0.7807580174927113,0.8496005476989984,0.4940621900852383,0.6445675406852475,0.0536644435508985,0.9375198896785828,0.937390827175012,0.937447812887758,0.9872457556118892,0.9745545803177952,9427.0,0.7587768969422424,0.8068275817191218,0.5241987507873986,0.6229429808733309,0.1108055748861785,883.0,209.70009803771973,186.6253309249878,2026-04-24T11:26:17.075135+00:00
SR-p53,maccs,XGBoost,none,roc_auc,"{'colsample_bytree': 0.8, 'learning_rate': 0.1, 'max_depth': 7, 'min_child_weight': 1, 'n_estimators': 200, 'scale_pos_weight': 8, 'subsample': 0.8}",0.3381894238204303,1715,0.9690962099125364,0.9612408441341196,0.6387680079483358,0.8535542716864537,0.3381894238204303,0.9874855602618405,0.9879694166735834,0.9545758803185245,0.9996524373161507,0.9951916165348456,5194.0,0.9161947904869762,0.9050928387152747,0.6286542395999091,0.7913298448213641,0.31199962195627234,883.0,0.4577748775482178,0.43700695037841797,2026-04-30T06:18:25.568405+00:00
SR-p53,maccs,RandomForest,random_over,roc_auc,"{'max_depth': 15, 'max_features': 'sqrt', 'min_samples_leaf': 5, 'n_estimators': 200}",0.3083939232087793,1715,0.9685131195335276,0.9595263562755146,0.6169594997022037,0.8610511501915223,0.3083939232087793,0.9763429752066116,0.976337217241931,0.9763372172419312,0.9977388412676728,0.9975967947476296,9680.0,0.9014722536806342,0.9030676183891768,0.664720130932897,0.7940544929628295,0.2926275055955347,883.0,0.7550530433654785,0.6019761562347412,2026-04-21T20:19:22.847031+00:00
SR-p53,maccs,XGBoost,random_under,roc_auc,"{'colsample_bytree': 0.8, 'learning_rate': 0.1, 'max_depth': 3, 'min_child_weight': 1, 'n_estimators': 200, 'scale_pos_weight': 1, 'subsample': 0.8}",0.32176683424028574,1715,0.9667638483965014,0.9595749796257347,0.6307355824258015,0.8259740122320277,0.32176683424028574,0.9077212806026366,0.905513692540233,0.8915585822886103,0.9678772064221647,0.9436272876632146,1062.0,0.8391845979614949,0.8658548599004183,0.634195724221631,0.8081288343558282,0.3273060276311222,883.0,0.0724630355834961,0.06071591377258301,2026-04-30T06:18:56.333670+00:00
SR-p53,maccs,RandomForest,smote,roc_auc,"{'max_depth': 15, 'max_features': 'sqrt', 'min_samples_leaf': 10, 'n_estimators': 200}",0.1391199294604389,1715,0.9189504373177844,0.9314554849850676,0.5674449156156042,0.7511216219076038,0.1391199294604389,0.9286157024793388,0.9285613517925684,0.9285613517925682,0.9762570862645994,0.9720084242592476,9680.0,0.8505096262740657,0.8691919291246265,0.6107534063585359,0.7385149765427643,0.2230695777454368,883.0,0.9031522274017334,0.8389360904693604,2026-04-21T20:19:42.276875+00:00
SR-p53,maccs,RandomForest,smoteenn,roc_auc,"{'max_depth': 15, 'max_features': 'sqrt', 'min_samples_leaf': 5, 'n_estimators': 200}",0.1409707516383484,1715,0.9294460641399416,0.9359116331571918,0.5525273369861714,0.7575497851988233,0.1409707516383484,0.9547914676854504,0.9547875635246592,0.9547910965152344,0.9900590666548852,0.9875720770179164,9423.0,0.8652321630804077,0.8769975655676876,0.6106716365374426,0.7382984482136412,0.2260919331806953,883.0,0.8255620002746582,1.0464084148406982,2026-04-21T20:19:50.750248+00:00
SR-p53,maccs,XGBoost,smoten,roc_auc,"{'colsample_bytree': 0.8, 'learning_rate': 0.1, 'max_depth': 5, 'min_child_weight': 1, 'n_estimators': 200, 'scale_pos_weight': 1, 'subsample': 0.8}",0.23396151254007172,1715,0.9685131195335277,0.9564474166289894,0.5701036096256684,0.8213076418428459,0.23396151254007172,0.9760330578512396,0.9760328573201983,0.9760328573201982,0.9972947544566628,0.9972071684424338,9680.0,0.9071347678369196,0.9005589787608663,0.6276637321046569,0.7603031396607722,0.24873727116278127,883.0,0.5561010837554932,0.5275969505310059,2026-04-30T06:19:19.109045+00:00
SR-p53,maccs,XGBoost,smoten_enn,roc_auc,"{'colsample_bytree': 0.8, 'learning_rate': 0.05, 'max_depth': 7, 'min_child_weight': 10, 'n_estimators': 200, 'scale_pos_weight': 1, 'subsample': 0.8}",0.23854659798902295,1715,0.9690962099125364,0.9576728635709136,0.5844325065721796,0.773003830444628,0.23854659798902295,0.9797819413570446,0.9797850164691835,0.9797788925279153,0.9980065593679759,0.9976330456802978,9447.0,0.9071347678369196,0.8958808276929551,0.595641781709333,0.7364399133886683,0.2124123983160393,883.0,0.6390430927276611,0.6101377010345459,2026-04-30T06:19:30.416971+00:00
SR-p53,map4,XGBoost,none,roc_auc,"{'colsample_bytree': 0.8, 'learning_rate': 0.1, 'max_depth': 3, 'min_child_weight': 5, 'n_estimators': 100, 'scale_pos_weight': 1, 'subsample': 0.8}",0.23953198057351346,1715,0.9667638483965014,0.9504265998466644,0.4915505484731693,0.784886673861977,0.23953198057351346,0.9458991143627262,0.9288608625965192,0.6568551778164349,0.9596850632674978,0.8242283046616151,5194.0,0.9229898074745186,0.8860267292010987,0.4799764428739694,0.6903374233128834,0.23287793149497255,883.0,0.8437850475311279,0.8547689914703369,2026-04-30T06:19:36.817005+00:00
SR-p53,map4,XGBoost,random_over,roc_auc,"{'colsample_bytree': 0.8, 'learning_rate': 0.1, 'max_depth': 7, 'min_child_weight': 10, 'n_estimators': 200, 'scale_pos_weight': 1, 'subsample': 0.8}",0.31617209975690275,1715,0.9685131195335277,0.9545962920988658,0.5419881305637982,0.7913889065244535,0.31617209975690275,0.9975206611570248,0.997520645916135,0.997520645916135,0.9999674928283587,0.9999627324814857,9680.0,0.9207248018120046,0.895893032053419,0.5523868837263194,0.6748917358354385,0.1863131815016855,883.0,3.7790417671203613,3.6384592056274414,2026-04-30T06:19:49.190417+00:00
SR-p53,map4,XGBoost,random_under,roc_auc,"{'colsample_bytree': 0.8, 'learning_rate': 0.05, 'max_depth': 3, 'min_child_weight': 10, 'n_estimators': 200, 'scale_pos_weight': 1, 'subsample': 0.8}",0.24037969860843322,1715,0.9620991253644315,0.9539012925556624,0.578908997503107,0.7939601718409414,0.24037969860843322,0.9199623352165726,0.9176732826971254,0.9052067505142904,0.9781432538542565,0.9664883071295137,1062.0,0.8527746319365799,0.8659289787322213,0.5769202417809229,0.7107632623601587,0.19898449498761625,883.0,0.35973310470581055,0.3392467498779297,2026-04-30T06:19:58.619602+00:00
SR-p53,map4,KNeighbors,smote,roc_auc,"{'n_neighbors': 15, 'weights': 'distance'}",0.0627792226057379,1715,0.7352769679300292,0.8201013947653426,0.4771622347569164,0.6969028421475885,0.0627792226057379,0.987913223140496,0.9879132126922068,0.9879132126922068,0.9939663658561576,0.9935084789451034,9680.0,0.6115515288788222,0.7013416077119181,0.478507093132773,0.6965355467340311,0.1507370981365715,883.0,59.41471099853515,43.5539870262146,2026-04-24T11:44:23.778430+00:00
SR-p53,map4,KNeighbors,smoteenn,roc_auc,"{'n_neighbors': 15, 'weights': 'distance'}",0.0586579686869932,1715,0.751603498542274,0.8309498839752119,0.4876159297099864,0.6942416354517174,0.0586579686869932,0.9846938775510204,0.984694057268797,0.9846938176450948,0.9953403973326116,0.9944175189500668,9604.0,0.638731596828992,0.722902067988649,0.495915273922715,0.7094640923854203,0.1656583364365301,883.0,61.84208607673645,49.37679600715637,2026-04-24T11:45:03.334246+00:00
SR-p53,map4,KNeighbors,smoten,roc_auc,"{'n_neighbors': 15, 'weights': 'distance'}",0.0655976942091138,1715,0.8332361516034985,0.8818854415515186,0.5179250994637605,0.699913233022242,0.0655976942091138,0.968801652892562,0.9687728473318932,0.9687728473318932,0.9833744493204016,0.9680701664436884,9680.0,0.6421291053227633,0.7256198267638339,0.492905017373984,0.6931342475640563,0.1441348001142753,883.0,59.20410132408142,53.00221085548401,2026-04-24T11:48:18.939480+00:00
SR-p53,map4,KNeighbors,smoten_enn,roc_auc,"{'n_neighbors': 15, 'weights': 'distance'}",0.0661691322803966,1715,0.8443148688046648,0.8887068683294684,0.5279373696532712,0.6754597591687301,0.0661691322803966,0.9252964012170812,0.9249739935518296,0.9250422304014354,0.9508418617680068,0.9084943155940812,9531.0,0.6047565118912798,0.695851022065888,0.4741976048006361,0.6738090941898232,0.1284704286626032,883.0,59.03045296669006,50.09741306304931,2026-04-24T11:49:45.744691+00:00
SR-p53,mhfp,XGBoost,none,roc_auc,"{'colsample_bytree': 0.8, 'learning_rate': 0.05, 'max_depth': 7, 'min_child_weight': 5, 'n_estimators': 100, 'scale_pos_weight': 8, 'subsample': 0.8}",0.13453459054104497,1715,0.9667638483965014,0.9504265998466644,0.4915505484731693,0.7445135758576176,0.13453459054104497,0.9996149403157489,0.999615442866219,0.9984882221620693,0.999998832702993,0.9999761501799854,5194.0,0.9229898074745186,0.8860267292010987,0.4799764428739694,0.6274720317574882,0.12803387839678665,883.0,3.613394260406494,3.536181926727295,2026-04-30T06:22:17.462210+00:00
SR-p53,mhfp,BernoulliNB,random_over,roc_auc,{'alpha': 10.0},0.210981229236797,1715,0.9568513119533528,0.9539216067379332,0.6188888888888888,0.7418047531373669,0.210981229236797,0.7889462809917356,0.7888421131868775,0.7888421131868775,0.8821093803360425,0.8858218170904942,9680.0,0.7293318233295584,0.7884736463666717,0.5239290846377871,0.6647329483940816,0.1458790751397986,883.0,0.4012291431427002,0.3540811538696289,2026-04-21T14:43:27.600007+00:00
SR-p53,mhfp,BernoulliNB,random_under,roc_auc,{'alpha': 1.0},0.2232421408086354,1715,0.9556851311953352,0.9531582688020264,0.6160327111613877,0.7386197701733223,0.2232421408086354,0.8258003766478342,0.8277891608385936,0.8087613337161935,0.8975190717865237,0.8221657186385114,1062.0,0.7146092865232163,0.7781775454002144,0.5143692710606722,0.6657795019848429,0.1508519152352597,883.0,0.0617430210113525,0.0188050270080566,2026-04-21T14:43:29.537856+00:00
SR-p53,mhfp,RandomForest,smote,roc_auc,"{'max_depth': 5, 'max_features': 'sqrt', 'min_samples_leaf': 5, 'n_estimators': 200}",0.1425534938695048,1715,0.9626822157434404,0.949378351028476,0.5056390300147732,0.754756311768565,0.1425534938695048,0.971900826446281,0.9718799106773632,0.9718799106773632,0.997249419438563,0.9977049178066328,9680.0,0.9229898074745186,0.8860267292010987,0.4799764428739694,0.6055124503789245,0.1509304619120445,883.0,2.8276000022888184,1.706482172012329,2026-04-21T20:22:28.068138+00:00
SR-p53,mhfp,RandomForest,smoteenn,roc_auc,"{'max_depth': 10, 'max_features': 'sqrt', 'min_samples_leaf': 5, 'n_estimators': 100}",0.1496299827928382,1715,0.9626822157434404,0.949378351028476,0.5056390300147732,0.7592745434152329,0.1496299827928382,0.9903746636307182,0.9903735991321077,0.9903733931001186,1.0,1.0,9662.0,0.9229898074745186,0.8860267292010987,0.4799764428739694,0.6313154095994227,0.1636204076682045,883.0,1.6894400119781494,1.6997451782226562,2026-04-21T20:22:43.901570+00:00
SR-p53,mhfp,KNeighbors,smoten,roc_auc,"{'n_neighbors': 15, 'weights': 'distance'}",0.1506330649255706,1715,0.9603498542274052,0.954061178748312,0.5944836986758651,0.7390536050621125,0.1506330649255706,0.999690082644628,0.9996900826148608,0.9996900826148608,0.999894559797828,0.9997891668446603,9680.0,0.8980747451868629,0.889905814106228,0.5847962382445141,0.6666275712739083,0.1865519964453423,883.0,143.00783491134644,79.515949010849,2026-04-24T11:56:17.885883+00:00
SR-p53,mhfp,RandomForest,smoten_enn,roc_auc,"{'max_depth': 15, 'max_features': 'log2', 'min_samples_leaf': 10, 'n_estimators': 100}",0.1349189514385467,1715,0.9626822157434404,0.949378351028476,0.5056390300147732,0.73578397138806,0.1349189514385467,0.9733347167462127,0.9733126369608252,0.9733090285912288,0.9997331446642712,0.999737675301422,9638.0,0.9229898074745186,0.8860267292010987,0.4799764428739694,0.6410772284373872,0.1393021740678648,883.0,0.6504700183868408,0.7601828575134277,2026-04-21T20:23:21.356770+00:00
SR-p53,morgan_2048,BalancedRandomForest,none,roc_auc,"{'max_depth': 15, 'max_features': 'log2', 'min_samples_leaf': 5, 'n_estimators': 200}",0.3745307968294284,1715,0.972594752186589,0.9638417210168656,0.6524283231784881,0.8428935728948427,0.3745307968294284,0.8685021178282634,0.8917635725517816,0.6766071067998161,0.8999705257505721,0.4937341943374771,5194.0,0.782559456398641,0.823637411955955,0.549662119087084,0.6879375676651028,0.1480539414234709,883.0,2.7244670391082764,2.6297881603240967,2026-04-22T01:09:11.263880+00:00
SR-p53,morgan_2048,BernoulliNB,random_over,roc_auc,{'alpha': 50.0},0.3317982882268613,1715,0.9708454810495628,0.9604518367409968,0.6137804921990415,0.8280267919497174,0.3317982882268613,0.7606404958677686,0.7540463103618344,0.7540463103618344,0.892532677925005,0.8863876187392488,9680.0,0.8244620611551529,0.8477215757990675,0.5532324666634024,0.6892367376398412,0.1586068635944959,883.0,0.4245119094848633,0.318209171295166,2026-04-21T14:43:43.347528+00:00
SR-p53,morgan_2048,BernoulliNB,random_under,roc_auc,{'alpha': 1.0},0.255255578638736,1715,0.9673469387755104,0.958716382213743,0.6132783558290114,0.7938913931390599,0.255255578638736,0.8427495291902072,0.8373887347253611,0.8120857848512878,0.9228031536276292,0.85899114619387,1062.0,0.8074745186862967,0.8401834938330593,0.5686990001149294,0.7005503428365211,0.1676000081963594,883.0,0.0532419681549072,0.0209121704101562,2026-04-21T14:43:44.068254+00:00
SR-p53,morgan_2048,LogisticRegression,smote,roc_auc,"{'C': 0.01, 'l1_ratio': 1.0}",0.1480807087224815,1715,0.9236151603498542,0.9328959501320908,0.5519076311228387,0.7625283050811588,0.1480807087224815,0.787293388429752,0.7872254272015521,0.7872254272015521,0.8619827667167543,0.8567145737220349,9680.0,0.7349943374858438,0.7908127072022646,0.5090808005930318,0.6199386503067484,0.1194149477099364,883.0,0.2279951572418213,0.1965219974517822,2026-04-21T09:10:38.990192+00:00
SR-p53,morgan_2048,LogisticRegression,smoteenn,roc_auc,"{'C': 0.01, 'l1_ratio': 1.0}",0.1458871768139012,1715,0.924198250728863,0.933234105984414,0.5525392569281655,0.755936131039299,0.1458871768139012,0.7911055433761353,0.7910371645096079,0.7910670617629381,0.8684586445513665,0.8612730833932005,9579.0,0.7383918459796149,0.7933702685367893,0.5139901212564542,0.620064958498737,0.1192688790017708,883.0,0.2150900363922119,0.1878900527954101,2026-04-21T09:10:39.400657+00:00
SR-p53,morgan_2048,XGBoost,smoten,roc_auc,"{'colsample_bytree': 0.8, 'learning_rate': 0.1, 'max_depth': 5, 'min_child_weight': 1, 'n_estimators': 100, 'scale_pos_weight': 1, 'subsample': 0.8}",0.17719709660518052,1715,0.9673469387755103,0.9557060571499165,0.5674341512629265,0.7396355786934163,0.17719709660518052,0.9575413223140495,0.9575400494544313,0.9575400494544315,0.9905714901646062,0.9920117715670925,9680.0,0.8924122310305775,0.8822115265541444,0.550910385515207,0.5714814146517503,0.13264018933695274,883.0,2.7021989822387695,2.6654038429260254,2026-04-30T06:31:23.828724+00:00
SR-p53,morgan_2048,XGBoost,smoten_enn,roc_auc,"{'colsample_bytree': 0.8, 'learning_rate': 0.05, 'max_depth': 3, 'min_child_weight': 5, 'n_estimators': 100, 'scale_pos_weight': 1, 'subsample': 0.8}",0.09638632001138482,1715,0.9352769679300291,0.9384621950894295,0.5461892195355689,0.703309842761306,0.09638632001138482,0.9363272190596669,0.9363126981838292,0.9363231317020237,0.9815686558774455,0.9793043595151366,9486.0,0.8527746319365799,0.8612977122504918,0.5429606625258799,0.5528238902923133,0.10579588954619322,883.0,2.5174331665039062,2.5368549823760986,2026-04-30T06:32:01.236479+00:00
SR-p53,morgan_4096,BalancedRandomForest,none,roc_auc,"{'max_depth': 15, 'max_features': 'sqrt', 'min_samples_leaf': 10, 'n_estimators': 200}",0.3932224528014511,1715,0.972594752186589,0.9638417210168656,0.6524283231784881,0.8179956828137895,0.3932224528014511,0.8375048132460532,0.8705451858424135,0.6425157835850714,0.8708715623103143,0.4666197660884124,5194.0,0.7349943374858438,0.7915330887990802,0.5172834314550042,0.6981324431613136,0.1465610355269782,883.0,5.153855085372925,4.4847941398620605,2026-04-22T01:10:39.021777+00:00
SR-p53,morgan_4096,RandomForest,random_over,roc_auc,"{'max_depth': 15, 'max_features': 'sqrt', 'min_samples_leaf': 20, 'n_estimators': 100}",0.3638500511809533,1715,0.970262390670554,0.9584509572847766,0.5876645876645876,0.7912196051044378,0.3638500511809533,0.8667355371900827,0.8660863139723862,0.8660863139723862,0.9471504892083876,0.947933944852975,9680.0,0.8131370328425821,0.840928522406645,0.5485307378382649,0.7029682425117285,0.1401152344724907,883.0,2.6584839820861816,2.878168821334839,2026-04-21T20:26:00.410460+00:00
SR-p53,morgan_4096,RandomForest,random_under,roc_auc,"{'max_depth': 15, 'max_features': 'log2', 'min_samples_leaf': 5, 'n_estimators': 200}",0.356050285946152,1715,0.97201166180758,0.9620337632713568,0.6292292725110799,0.8182549256131886,0.356050285946152,0.8681732580037664,0.8661575205129785,0.8473793344145846,0.9422460021066744,0.8930874726930048,1062.0,0.8108720271800679,0.8416377774702218,0.5647460248588372,0.6787170696499459,0.1542255054867246,883.0,0.5270929336547852,0.4390408992767334,2026-04-21T20:26:24.604800+00:00
SR-p53,morgan_4096,LogisticRegression,smote,roc_auc,"{'C': 0.01, 'l1_ratio': 1.0}",0.130239304270436,1715,0.8979591836734694,0.918409593556118,0.5332201085899942,0.7202876007872516,0.130239304270436,0.7951446280991735,0.7951384867837897,0.7951384867837896,0.8817506061744416,0.8797493283276041,9680.0,0.766704416761042,0.8107776399110768,0.516824981937184,0.5985925658607001,0.1165107037187039,883.0,0.43865966796875,0.264462947845459,2026-04-21T09:10:58.833285+00:00
SR-p53,morgan_4096,LogisticRegression,smoteenn,roc_auc,"{'C': 0.01, 'l1_ratio': 1.0}",0.1299642774726608,1715,0.8979591836734694,0.918409593556118,0.5332201085899942,0.719123653524644,0.1299642774726608,0.7990440565253533,0.7990351260769798,0.799040229190336,0.887118088186517,0.881692376170946,9624.0,0.766704416761042,0.8107776399110768,0.516824981937184,0.5966708769397329,0.1135396614919047,883.0,0.3522722721099853,0.2752630710601806,2026-04-21T09:11:01.062796+00:00
SR-p53,morgan_4096,XGBoost,smoten,roc_auc,"{'colsample_bytree': 0.8, 'learning_rate': 0.05, 'max_depth': 7, 'min_child_weight': 10, 'n_estimators': 100, 'scale_pos_weight': 1, 'subsample': 0.8}",0.24396068421452596,1715,0.967930029154519,0.9532437823303788,0.5257404884131349,0.7979493365500603,0.24396068421452596,0.9553719008264463,0.955365710299534,0.955365710299534,0.9846781512533297,0.9877787971545144,9680.0,0.8980747451868629,0.8833751666439705,0.5402318800333241,0.6251263081919884,0.13708844383234545,883.0,9.004022121429443,8.64451789855957,2026-04-30T06:34:53.943049+00:00
SR-p53,morgan_4096,XGBoost,smoten_enn,roc_auc,"{'colsample_bytree': 0.8, 'learning_rate': 0.1, 'max_depth': 7, 'min_child_weight': 5, 'n_estimators': 200, 'scale_pos_weight': 1, 'subsample': 0.8}",0.22888360880592418,1715,0.9673469387755103,0.9529146732877126,0.5250247279920871,0.7701151249656106,0.22888360880592418,0.9835996635828427,0.9835980640638917,0.9835916659880874,0.9980732542383676,0.9982380902625266,9512.0,0.9161947904869762,0.8882547499963057,0.5155545670225385,0.575018044027427,0.13094581363761587,883.0,13.418367147445679,13.337295055389404,2026-04-30T06:38:17.453062+00:00
SR-p53,pubchem,BernoulliNB,none,roc_auc,{'alpha': 50.0},0.3966542605585282,1715,0.9667638483965014,0.9504265998466644,0.4915505484731693,0.8323598501682432,0.3966542605585282,0.92549095109742,0.8993722353148992,0.5075041450125949,0.6761830555166457,0.1371379480522436,5194.0,0.913929784824462,0.8834080146629459,0.4903086644792806,0.675333814507398,0.1190450877069901,883.0,0.0353820323944091,0.0059039592742919,2026-04-21T14:44:14.713234+00:00
SR-p53,pubchem,LogisticRegression,random_over,roc_auc,"{'C': 0.01, 'l1_ratio': 0.0}",0.261596585507053,1715,0.8979591836734694,0.9209601619970568,0.5768053368002042,0.7975207923306458,0.261596585507053,0.812396694214876,0.8123825662030763,0.8123825662030761,0.8864569744211461,0.8692121944226268,9680.0,0.7089467723669309,0.7758886674830113,0.541120612780138,0.7270479971129555,0.1486548569307142,883.0,0.2733149528503418,0.2553308010101318,2026-04-21T09:11:09.749965+00:00
SR-p53,pubchem,XGBoost,random_under,roc_auc,"{'colsample_bytree': 0.8, 'learning_rate': 0.1, 'max_depth': 5, 'min_child_weight': 1, 'n_estimators': 200, 'scale_pos_weight': 1, 'subsample': 0.8}",0.3130412680613819,1715,0.970262390670554,0.9632817160623511,0.6612260390966027,0.7954468499354539,0.3130412680613819,0.9783427495291902,0.97831956377231,0.9755836444604381,0.9983661304222925,0.9968371116185686,1062.0,0.8346545866364666,0.8602487766145108,0.6086848303829436,0.7864308913749549,0.2703875785122063,883.0,0.34876012802124023,0.3116788864135742,2026-04-30T06:41:56.495456+00:00
SR-p53,pubchem,DecisionTree,smote,roc_auc,"{'ccp_alpha': 0.001, 'criterion': 'entropy', 'max_depth': 10, 'min_samples_leaf': 10}",0.0813163560481029,1715,0.7288629737609329,0.8157829632206179,0.4704755112976512,0.6786394514633991,0.0813163560481029,0.8491735537190083,0.848460518071851,0.848460518071851,0.925363085684038,0.9059426580240448,9680.0,0.7180067950169875,0.7798231127179797,0.506587672939038,0.6341392998917358,0.1476007005485804,883.0,0.3991451263427734,0.4048421382904053,2026-04-22T11:44:23.799543+00:00
SR-p53,pubchem,RandomForest,smoteenn,roc_auc,"{'max_depth': 15, 'max_features': 'sqrt', 'min_samples_leaf': 10, 'n_estimators': 100}",0.1566820692309974,1715,0.9580174927113704,0.9519788385871264,0.5801370980904195,0.6891625928512475,0.1566820692309974,0.9330244313395114,0.9330264278219532,0.9330242411983264,0.9816707669478288,0.978353649594216,9496.0,0.8493771234428086,0.8654281234292182,0.586588658549035,0.6807109346806206,0.21083473799377,883.0,0.6102259159088135,0.6685607433319092,2026-04-21T20:29:22.495550+00:00
SR-p53,pubchem,XGBoost,smoten,roc_auc,"{'colsample_bytree': 0.8, 'learning_rate': 0.1, 'max_depth': 7, 'min_child_weight': 1, 'n_estimators': 200, 'scale_pos_weight': 1, 'subsample': 0.8}",0.19968977627923565,1715,0.967930029154519,0.9569057053595439,0.5813750160881587,0.7034632721731953,0.19968977627923565,0.9929752066115702,0.9929752018135385,0.9929752018135385,0.9994219785192269,0.999384335041111,9680.0,0.9003397508493771,0.88713742982357,0.558399636280973,0.7104474918801877,0.21312208761230605,883.0,2.6585161685943604,2.6453349590301514,2026-04-30T06:42:13.924053+00:00
SR-p53,pubchem,DecisionTree,smoten_enn,roc_auc,"{'ccp_alpha': 0.001, 'criterion': 'gini', 'max_depth': 10, 'min_samples_leaf': 20}",0.058242823540862,1715,0.9440233236151604,0.9430392867520972,0.5491785323110624,0.6144424692612109,0.058242823540862,0.8996192088005077,0.8994445838154261,0.8995200431780044,0.938800121441391,0.8950742550429133,9454.0,0.7893544733861835,0.8259538951326997,0.5351052989130435,0.6635420425839047,0.1341230577919113,883.0,0.3798651695251465,0.3557620048522949,2026-04-22T11:44:46.067408+00:00
SR-p53,rdkit,RandomForest,none,roc_auc,"{'max_depth': 15, 'max_features': 'log2', 'min_samples_leaf': 5, 'n_estimators': 100}",0.4003566153781961,1715,0.9690962099125364,0.9559138770383206,0.5577079349322901,0.8209849110109412,0.4003566153781961,0.9834424335772044,0.9838315135945112,0.937899593656662,0.9949642807115844,0.9208521105541017,5194.0,0.89920724801812,0.8840608846438602,0.5412022955356153,0.7501623962468422,0.192083699277051,883.0,0.4028060436248779,0.3625698089599609,2026-04-21T20:30:19.513340+00:00
SR-p53,rdkit,RandomForest,random_over,roc_auc,"{'max_depth': 15, 'max_features': 'log2', 'min_samples_leaf': 5, 'n_estimators': 200}",0.4248848032133298,1715,0.970262390670554,0.9584509572847766,0.5876645876645876,0.8238365818043298,0.4248848032133298,0.9840909090909092,0.9840909084117764,0.9840909084117764,0.9986446451745098,0.998593269254638,9680.0,0.8935447338618346,0.8817993565076139,0.5443456302151954,0.7815499819559726,0.21692757429404,883.0,1.3212318420410156,1.1999139785766602,2026-04-21T20:30:48.765623+00:00
SR-p53,rdkit,RandomForest,random_under,roc_auc,"{'max_depth': 10, 'max_features': 'sqrt', 'min_samples_leaf': 5, 'n_estimators': 200}",0.4265944977043036,1715,0.9731778425655976,0.9642891370876556,0.6549235399097176,0.8108003724631241,0.4265944977043036,0.9510357815442562,0.9509298327863728,0.9446788560712612,0.9842677710747232,0.9748814953695536,1062.0,0.8040770101925255,0.8386607865892266,0.5723300549568995,0.7757398051245038,0.2034287783488729,883.0,0.8147802352905273,0.3817138671875,2026-04-21T20:30:49.599399+00:00
SR-p53,rdkit,KNeighbors,smote,roc_auc,"{'n_neighbors': 15, 'weights': 'distance'}",0.0828336562879112,1715,0.9037900874635568,0.9235537128933954,0.568030518363378,0.7086110934755464,0.0828336562879112,0.9788223140495868,0.9788140657649448,0.9788140657649448,0.9862521130728776,0.9718251474061554,9680.0,0.711211778029445,0.7765239135988107,0.52373549250909,0.7129285456513893,0.161152820912532,883.0,66.28422236442566,63.5526008605957,2026-04-24T12:45:22.074189+00:00
SR-p53,rdkit,RandomForest,smoteenn,roc_auc,"{'max_depth': 15, 'max_features': 'sqrt', 'min_samples_leaf': 20, 'n_estimators': 200}",0.0850392589008939,1715,0.8419825072886298,0.8860497261886033,0.5005217619325503,0.6943104141535987,0.0850392589008939,0.9298151332760104,0.9298334558556988,0.9297415986561944,0.9809061102224592,0.9749571527728184,9304.0,0.8459796149490374,0.8541208909820315,0.5162579356127743,0.6847798628653915,0.1416532175707415,883.0,2.435987949371338,2.3728649616241455,2026-04-21T20:31:02.909424+00:00
SR-p53,rdkit,RandomForest,smoten,roc_auc,"{'max_depth': 15, 'max_features': 'sqrt', 'min_samples_leaf': 5, 'n_estimators': 200}",0.17707178369433,1715,0.967930029154519,0.9532437823303788,0.5257404884131349,0.7621262142086216,0.17707178369433,0.9556818181818182,0.9556812387891612,0.9556812387891612,0.9946139906768664,0.994461267900238,9680.0,0.9003397508493771,0.8807707348609689,0.5153193612774452,0.7039426199927823,0.1482346482167041,883.0,3.938661813735962,4.637488842010498,2026-04-21T20:31:09.102109+00:00
SR-p53,rdkit,RandomForest,smoten_enn,roc_auc,"{'max_depth': 15, 'max_features': 'sqrt', 'min_samples_leaf': 20, 'n_estimators': 200}",0.1480755702772484,1715,0.967930029154519,0.9532437823303788,0.5257404884131349,0.7455558377245889,0.1480755702772484,0.9617128994831768,0.9617146884251696,0.9617126541425608,0.9923061786698152,0.9907356620417388,9481.0,0.8776896942242356,0.8690288988557752,0.5096058910646701,0.7004962107542403,0.1389482860122139,883.0,3.47419810295105,3.1447300910949707,2026-04-21T20:31:51.523864+00:00
SR-p53,topological_torsion,RandomForest,none,roc_auc,"{'max_depth': 15, 'max_features': 'log2', 'min_samples_leaf': 5, 'n_estimators': 100}",0.3638295345705737,1715,0.9714285714285714,0.9616069011385028,0.6270431961512686,0.7440850316382029,0.3638295345705737,0.8925683480939546,0.908923679582024,0.711692450938261,0.9015236144184526,0.5621659265372893,5194.0,0.8131370328425821,0.8464559123653046,0.5950498214211265,0.7229790689281848,0.1694160615603157,883.0,0.2734138965606689,0.2526640892028808,2026-04-21T20:32:01.539542+00:00
SR-p53,topological_torsion,RandomForest,random_over,roc_auc,"{'max_depth': 10, 'max_features': 'sqrt', 'min_samples_leaf': 10, 'n_estimators': 100}",0.3530729459352184,1715,0.97201166180758,0.9620337632713568,0.6292292725110799,0.7381383192601527,0.3530729459352184,0.8402892561983472,0.8397335546571711,0.8397335546571711,0.9188078213578308,0.9267158892037028,9680.0,0.796149490373726,0.8330278314476639,0.5629482159355889,0.7195597257307832,0.1595147025632434,883.0,1.296593189239502,1.3858249187469482,2026-04-21T20:32:12.589386+00:00
SR-p53,topological_torsion,XGBoost,random_under,roc_auc,"{'colsample_bytree': 0.8, 'learning_rate': 0.1, 'max_depth': 5, 'min_child_weight': 1, 'n_estimators': 100, 'scale_pos_weight': 1, 'subsample': 0.8}",0.2209810616595501,1715,0.9650145772594753,0.9564664097174775,0.596318614066472,0.7352496137811356,0.2209810616595501,0.9030131826741996,0.899372375798913,0.88346070130692,0.9771417855660889,0.9586933168964987,1062.0,0.8380520951302378,0.8608745662343865,0.5985917060067076,0.7609076145795742,0.21417517827829585,883.0,0.41805171966552734,0.38532209396362305,2026-04-30T06:49:17.136052+00:00
SR-p53,topological_torsion,KNeighbors,smote,roc_auc,"{'n_neighbors': 15, 'weights': 'distance'}",0.0333645987831087,1715,0.5393586005830904,0.673706916375979,0.3782513482655192,0.5337491799462468,0.0333645987831087,0.9857438016528924,0.9857410692430432,0.9857410692430432,0.9847712758691346,0.9701421157605772,9680.0,0.6874292185730464,0.759067051479816,0.5017907958002159,0.6368459040057741,0.1111104536396095,883.0,70.01763892173767,66.77409505844116,2026-04-24T12:54:53.415365+00:00
SR-p53,topological_torsion,KNeighbors,smoteenn,roc_auc,"{'n_neighbors': 15, 'weights': 'distance'}",0.0349517553521488,1715,0.5661807580174927,0.6957331608283782,0.3924972004479283,0.5554991217488836,0.0349517553521488,0.9917527925670738,0.991752958667698,0.9917527407954508,0.9921789520403056,0.9842660624880492,9579.0,0.6885617214043035,0.7597741659888954,0.5002829654782116,0.6386773727896067,0.1118503403229261,883.0,67.63183212280273,61.7039749622345,2026-04-24T12:55:53.382303+00:00
SR-p53,topological_torsion,DecisionTree,smoten,roc_auc,"{'ccp_alpha': 0.0, 'criterion': 'gini', 'max_depth': 15, 'min_samples_leaf': 20}",0.0881034648058376,1715,0.9446064139941692,0.9443696595839804,0.5653258488718614,0.6075540177343237,0.0881034648058376,0.9265495867768596,0.9265415896578542,0.926541589657854,0.9667161993716276,0.9523526612352436,9680.0,0.8391845979614949,0.8560305495307083,0.5564132680496986,0.6138578130638759,0.1207752856695573,883.0,1.7503929138183594,1.0904088020324707,2026-04-22T11:48:17.231716+00:00
SR-p53,topological_torsion,DecisionTree,smoten_enn,roc_auc,"{'ccp_alpha': 0.0, 'criterion': 'gini', 'max_depth': 15, 'min_samples_leaf': 20}",0.086600035510834,1715,0.9364431486880468,0.9391338823145424,0.5475098335854766,0.6047499629653144,0.086600035510834,0.9393715731758752,0.939367514677692,0.9393710817882028,0.9740101419409032,0.957053376771624,9484.0,0.8391845979614949,0.8554362402201031,0.5519368210405946,0.5610880548538434,0.1043078402692472,883.0,1.4718360900878906,0.707115888595581,2026-04-22T11:48:34.945555+00:00
